<?xml version="1.0" encoding="UTF-8"?>
<gpx xmlns:xsi="http://www.w3.org/2001/XMLSchema-instance" xsi:schemaLocation="http://www.topografix.com/GPX/1/1 http://www.topografix.com/GPX/1/1/gpx.xsd" creator="StravaGPX" version="1.1" xmlns="http://www.topografix.com/GPX/1/1">
 <metadata>
  <time>2024-12-11T12:55:03Z</time>
 </metadata>
 <trk>
  <name>Jungle hike</name>
  <type>hiking</type>
  <trkseg>
   <trkpt lat="-12.0027390" lon="-71.2413280">
    <ele>324.7</ele>
    <time>2024-12-11T12:55:03Z</time>
   </trkpt>
   <trkpt lat="-12.0027260" lon="-71.2413010">
    <ele>324.7</ele>
    <time>2024-12-11T12:55:08Z</time>
   </trkpt>
   <trkpt lat="-12.0027130" lon="-71.2412750">
    <ele>324.7</ele>
    <time>2024-12-11T12:55:09Z</time>
   </trkpt>
   <trkpt lat="-12.0027000" lon="-71.2412480">
    <ele>324.7</ele>
    <time>2024-12-11T12:55:10Z</time>
   </trkpt>
   <trkpt lat="-12.0026870" lon="-71.2412220">
    <ele>324.7</ele>
    <time>2024-12-11T12:55:11Z</time>
   </trkpt>
   <trkpt lat="-12.0027060" lon="-71.2412130">
    <ele>324.8</ele>
    <time>2024-12-11T12:55:12Z</time>
   </trkpt>
   <trkpt lat="-12.0027110" lon="-71.2412130">
    <ele>324.8</ele>
    <time>2024-12-11T12:55:13Z</time>
   </trkpt>
   <trkpt lat="-12.0027150" lon="-71.2412130">
    <ele>324.8</ele>
    <time>2024-12-11T12:55:14Z</time>
   </trkpt>
   <trkpt lat="-12.0027190" lon="-71.2412130">
    <ele>324.8</ele>
    <time>2024-12-11T12:55:15Z</time>
   </trkpt>
   <trkpt lat="-12.0027240" lon="-71.2412130">
    <ele>324.8</ele>
    <time>2024-12-11T12:55:16Z</time>
   </trkpt>
   <trkpt lat="-12.0027280" lon="-71.2412130">
    <ele>324.8</ele>
    <time>2024-12-11T12:55:17Z</time>
   </trkpt>
   <trkpt lat="-12.0027400" lon="-71.2412160">
    <ele>324.8</ele>
    <time>2024-12-11T12:55:18Z</time>
   </trkpt>
   <trkpt lat="-12.0027470" lon="-71.2412220">
    <ele>324.8</ele>
    <time>2024-12-11T12:55:19Z</time>
   </trkpt>
   <trkpt lat="-12.0027440" lon="-71.2412200">
    <ele>324.8</ele>
    <time>2024-12-11T12:55:20Z</time>
   </trkpt>
   <trkpt lat="-12.0027490" lon="-71.2412320">
    <ele>324.8</ele>
    <time>2024-12-11T12:55:21Z</time>
   </trkpt>
   <trkpt lat="-12.0027520" lon="-71.2412340">
    <ele>324.8</ele>
    <time>2024-12-11T12:55:22Z</time>
   </trkpt>
   <trkpt lat="-12.0027520" lon="-71.2412340">
    <ele>324.8</ele>
    <time>2024-12-11T12:55:23Z</time>
   </trkpt>
   <trkpt lat="-12.0027520" lon="-71.2412340">
    <ele>324.8</ele>
    <time>2024-12-11T12:55:24Z</time>
   </trkpt>
   <trkpt lat="-12.0027520" lon="-71.2412340">
    <ele>324.8</ele>
    <time>2024-12-11T12:55:25Z</time>
   </trkpt>
   <trkpt lat="-12.0027350" lon="-71.2412430">
    <ele>324.8</ele>
    <time>2024-12-11T12:55:26Z</time>
   </trkpt>
   <trkpt lat="-12.0027400" lon="-71.2412420">
    <ele>324.8</ele>
    <time>2024-12-11T12:55:27Z</time>
   </trkpt>
   <trkpt lat="-12.0027430" lon="-71.2412390">
    <ele>324.8</ele>
    <time>2024-12-11T12:55:28Z</time>
   </trkpt>
   <trkpt lat="-12.0027430" lon="-71.2412390">
    <ele>324.8</ele>
    <time>2024-12-11T12:55:29Z</time>
   </trkpt>
   <trkpt lat="-12.0027430" lon="-71.2412390">
    <ele>324.8</ele>
    <time>2024-12-11T12:55:30Z</time>
   </trkpt>
   <trkpt lat="-12.0027430" lon="-71.2412390">
    <ele>324.8</ele>
    <time>2024-12-11T12:55:31Z</time>
   </trkpt>
   <trkpt lat="-12.0027430" lon="-71.2412390">
    <ele>324.8</ele>
    <time>2024-12-11T12:55:32Z</time>
   </trkpt>
   <trkpt lat="-12.0027430" lon="-71.2412390">
    <ele>324.8</ele>
    <time>2024-12-11T12:55:33Z</time>
   </trkpt>
   <trkpt lat="-12.0027190" lon="-71.2412430">
    <ele>324.8</ele>
    <time>2024-12-11T12:55:34Z</time>
   </trkpt>
   <trkpt lat="-12.0027190" lon="-71.2412430">
    <ele>324.8</ele>
    <time>2024-12-11T12:55:35Z</time>
   </trkpt>
   <trkpt lat="-12.0027300" lon="-71.2412430">
    <ele>324.9</ele>
    <time>2024-12-11T12:55:36Z</time>
   </trkpt>
   <trkpt lat="-12.0027390" lon="-71.2412420">
    <ele>324.9</ele>
    <time>2024-12-11T12:55:37Z</time>
   </trkpt>
   <trkpt lat="-12.0027490" lon="-71.2412410">
    <ele>324.9</ele>
    <time>2024-12-11T12:55:38Z</time>
   </trkpt>
   <trkpt lat="-12.0027580" lon="-71.2412400">
    <ele>324.9</ele>
    <time>2024-12-11T12:55:39Z</time>
   </trkpt>
   <trkpt lat="-12.0027670" lon="-71.2412390">
    <ele>324.9</ele>
    <time>2024-12-11T12:55:40Z</time>
   </trkpt>
   <trkpt lat="-12.0027780" lon="-71.2412310">
    <ele>324.9</ele>
    <time>2024-12-11T12:55:41Z</time>
   </trkpt>
   <trkpt lat="-12.0027860" lon="-71.2412290">
    <ele>324.9</ele>
    <time>2024-12-11T12:55:42Z</time>
   </trkpt>
   <trkpt lat="-12.0027910" lon="-71.2412340">
    <ele>324.9</ele>
    <time>2024-12-11T12:55:43Z</time>
   </trkpt>
   <trkpt lat="-12.0027950" lon="-71.2412340">
    <ele>324.9</ele>
    <time>2024-12-11T12:55:44Z</time>
   </trkpt>
   <trkpt lat="-12.0028040" lon="-71.2412360">
    <ele>324.9</ele>
    <time>2024-12-11T12:55:45Z</time>
   </trkpt>
   <trkpt lat="-12.0028250" lon="-71.2412380">
    <ele>324.9</ele>
    <time>2024-12-11T12:55:46Z</time>
   </trkpt>
   <trkpt lat="-12.0028260" lon="-71.2412490">
    <ele>324.9</ele>
    <time>2024-12-11T12:55:47Z</time>
   </trkpt>
   <trkpt lat="-12.0028270" lon="-71.2412550">
    <ele>324.9</ele>
    <time>2024-12-11T12:55:48Z</time>
   </trkpt>
   <trkpt lat="-12.0028290" lon="-71.2412600">
    <ele>324.9</ele>
    <time>2024-12-11T12:55:49Z</time>
   </trkpt>
   <trkpt lat="-12.0028300" lon="-71.2412650">
    <ele>325.0</ele>
    <time>2024-12-11T12:55:50Z</time>
   </trkpt>
   <trkpt lat="-12.0028320" lon="-71.2412710">
    <ele>325.0</ele>
    <time>2024-12-11T12:55:51Z</time>
   </trkpt>
   <trkpt lat="-12.0028330" lon="-71.2412760">
    <ele>325.0</ele>
    <time>2024-12-11T12:55:52Z</time>
   </trkpt>
   <trkpt lat="-12.0028490" lon="-71.2413100">
    <ele>325.0</ele>
    <time>2024-12-11T12:55:53Z</time>
   </trkpt>
   <trkpt lat="-12.0028600" lon="-71.2413270">
    <ele>325.0</ele>
    <time>2024-12-11T12:55:54Z</time>
   </trkpt>
   <trkpt lat="-12.0028490" lon="-71.2413160">
    <ele>325.0</ele>
    <time>2024-12-11T12:55:55Z</time>
   </trkpt>
   <trkpt lat="-12.0028460" lon="-71.2413070">
    <ele>325.0</ele>
    <time>2024-12-11T12:55:56Z</time>
   </trkpt>
   <trkpt lat="-12.0028480" lon="-71.2413110">
    <ele>325.0</ele>
    <time>2024-12-11T12:55:57Z</time>
   </trkpt>
   <trkpt lat="-12.0028530" lon="-71.2413170">
    <ele>325.0</ele>
    <time>2024-12-11T12:55:58Z</time>
   </trkpt>
   <trkpt lat="-12.0028480" lon="-71.2413330">
    <ele>325.0</ele>
    <time>2024-12-11T12:55:59Z</time>
   </trkpt>
   <trkpt lat="-12.0028580" lon="-71.2413490">
    <ele>325.1</ele>
    <time>2024-12-11T12:56:00Z</time>
   </trkpt>
   <trkpt lat="-12.0028610" lon="-71.2413540">
    <ele>325.1</ele>
    <time>2024-12-11T12:56:01Z</time>
   </trkpt>
   <trkpt lat="-12.0028800" lon="-71.2413320">
    <ele>325.1</ele>
    <time>2024-12-11T12:56:02Z</time>
   </trkpt>
   <trkpt lat="-12.0028920" lon="-71.2413300">
    <ele>325.1</ele>
    <time>2024-12-11T12:56:03Z</time>
   </trkpt>
   <trkpt lat="-12.0029040" lon="-71.2413300">
    <ele>325.1</ele>
    <time>2024-12-11T12:56:04Z</time>
   </trkpt>
   <trkpt lat="-12.0029190" lon="-71.2413420">
    <ele>325.1</ele>
    <time>2024-12-11T12:56:05Z</time>
   </trkpt>
   <trkpt lat="-12.0029340" lon="-71.2413520">
    <ele>325.1</ele>
    <time>2024-12-11T12:56:06Z</time>
   </trkpt>
   <trkpt lat="-12.0029360" lon="-71.2413520">
    <ele>325.1</ele>
    <time>2024-12-11T12:56:07Z</time>
   </trkpt>
   <trkpt lat="-12.0029370" lon="-71.2413520">
    <ele>325.1</ele>
    <time>2024-12-11T12:56:08Z</time>
   </trkpt>
   <trkpt lat="-12.0029490" lon="-71.2413490">
    <ele>325.1</ele>
    <time>2024-12-11T12:56:09Z</time>
   </trkpt>
   <trkpt lat="-12.0029520" lon="-71.2413500">
    <ele>325.1</ele>
    <time>2024-12-11T12:56:10Z</time>
   </trkpt>
   <trkpt lat="-12.0029620" lon="-71.2413390">
    <ele>325.2</ele>
    <time>2024-12-11T12:56:11Z</time>
   </trkpt>
   <trkpt lat="-12.0029680" lon="-71.2413550">
    <ele>325.2</ele>
    <time>2024-12-11T12:56:12Z</time>
   </trkpt>
   <trkpt lat="-12.0029770" lon="-71.2413590">
    <ele>325.2</ele>
    <time>2024-12-11T12:56:13Z</time>
   </trkpt>
   <trkpt lat="-12.0029820" lon="-71.2413610">
    <ele>325.2</ele>
    <time>2024-12-11T12:56:14Z</time>
   </trkpt>
   <trkpt lat="-12.0029910" lon="-71.2413550">
    <ele>325.2</ele>
    <time>2024-12-11T12:56:15Z</time>
   </trkpt>
   <trkpt lat="-12.0029970" lon="-71.2413540">
    <ele>325.2</ele>
    <time>2024-12-11T12:56:16Z</time>
   </trkpt>
   <trkpt lat="-12.0030050" lon="-71.2413550">
    <ele>325.2</ele>
    <time>2024-12-11T12:56:17Z</time>
   </trkpt>
   <trkpt lat="-12.0030080" lon="-71.2413520">
    <ele>325.2</ele>
    <time>2024-12-11T12:56:18Z</time>
   </trkpt>
   <trkpt lat="-12.0030150" lon="-71.2413490">
    <ele>325.2</ele>
    <time>2024-12-11T12:56:19Z</time>
   </trkpt>
   <trkpt lat="-12.0030130" lon="-71.2413480">
    <ele>325.2</ele>
    <time>2024-12-11T12:56:20Z</time>
   </trkpt>
   <trkpt lat="-12.0030130" lon="-71.2413480">
    <ele>325.2</ele>
    <time>2024-12-11T12:56:21Z</time>
   </trkpt>
   <trkpt lat="-12.0030130" lon="-71.2413480">
    <ele>325.2</ele>
    <time>2024-12-11T12:56:22Z</time>
   </trkpt>
   <trkpt lat="-12.0030130" lon="-71.2413480">
    <ele>325.2</ele>
    <time>2024-12-11T12:56:23Z</time>
   </trkpt>
   <trkpt lat="-12.0030030" lon="-71.2413390">
    <ele>325.2</ele>
    <time>2024-12-11T12:56:24Z</time>
   </trkpt>
   <trkpt lat="-12.0030060" lon="-71.2413490">
    <ele>325.2</ele>
    <time>2024-12-11T12:56:25Z</time>
   </trkpt>
   <trkpt lat="-12.0030060" lon="-71.2413490">
    <ele>325.2</ele>
    <time>2024-12-11T12:56:26Z</time>
   </trkpt>
   <trkpt lat="-12.0030220" lon="-71.2413290">
    <ele>325.2</ele>
    <time>2024-12-11T12:56:27Z</time>
   </trkpt>
   <trkpt lat="-12.0030240" lon="-71.2413120">
    <ele>325.3</ele>
    <time>2024-12-11T12:56:28Z</time>
   </trkpt>
   <trkpt lat="-12.0030270" lon="-71.2412940">
    <ele>325.3</ele>
    <time>2024-12-11T12:56:29Z</time>
   </trkpt>
   <trkpt lat="-12.0030310" lon="-71.2412760">
    <ele>325.3</ele>
    <time>2024-12-11T12:56:30Z</time>
   </trkpt>
   <trkpt lat="-12.0030340" lon="-71.2412430">
    <ele>325.3</ele>
    <time>2024-12-11T12:56:31Z</time>
   </trkpt>
   <trkpt lat="-12.0030360" lon="-71.2412290">
    <ele>325.3</ele>
    <time>2024-12-11T12:56:32Z</time>
   </trkpt>
   <trkpt lat="-12.0030430" lon="-71.2412030">
    <ele>325.3</ele>
    <time>2024-12-11T12:56:33Z</time>
   </trkpt>
   <trkpt lat="-12.0030470" lon="-71.2411920">
    <ele>325.3</ele>
    <time>2024-12-11T12:56:34Z</time>
   </trkpt>
   <trkpt lat="-12.0030760" lon="-71.2411580">
    <ele>325.4</ele>
    <time>2024-12-11T12:56:35Z</time>
   </trkpt>
   <trkpt lat="-12.0030870" lon="-71.2411260">
    <ele>325.4</ele>
    <time>2024-12-11T12:56:36Z</time>
   </trkpt>
   <trkpt lat="-12.0030790" lon="-71.2411120">
    <ele>325.4</ele>
    <time>2024-12-11T12:56:37Z</time>
   </trkpt>
   <trkpt lat="-12.0030570" lon="-71.2411090">
    <ele>325.4</ele>
    <time>2024-12-11T12:56:38Z</time>
   </trkpt>
   <trkpt lat="-12.0030430" lon="-71.2411220">
    <ele>325.4</ele>
    <time>2024-12-11T12:56:39Z</time>
   </trkpt>
   <trkpt lat="-12.0030330" lon="-71.2411300">
    <ele>325.5</ele>
    <time>2024-12-11T12:56:40Z</time>
   </trkpt>
   <trkpt lat="-12.0030220" lon="-71.2411370">
    <ele>325.5</ele>
    <time>2024-12-11T12:56:41Z</time>
   </trkpt>
   <trkpt lat="-12.0030180" lon="-71.2411320">
    <ele>325.5</ele>
    <time>2024-12-11T12:56:42Z</time>
   </trkpt>
   <trkpt lat="-12.0030240" lon="-71.2411250">
    <ele>325.5</ele>
    <time>2024-12-11T12:56:43Z</time>
   </trkpt>
   <trkpt lat="-12.0030240" lon="-71.2411300">
    <ele>325.5</ele>
    <time>2024-12-11T12:56:44Z</time>
   </trkpt>
   <trkpt lat="-12.0030180" lon="-71.2411170">
    <ele>325.5</ele>
    <time>2024-12-11T12:56:45Z</time>
   </trkpt>
   <trkpt lat="-12.0030240" lon="-71.2411230">
    <ele>325.5</ele>
    <time>2024-12-11T12:56:46Z</time>
   </trkpt>
   <trkpt lat="-12.0030170" lon="-71.2411360">
    <ele>325.5</ele>
    <time>2024-12-11T12:56:47Z</time>
   </trkpt>
   <trkpt lat="-12.0030140" lon="-71.2411450">
    <ele>325.5</ele>
    <time>2024-12-11T12:56:48Z</time>
   </trkpt>
   <trkpt lat="-12.0030030" lon="-71.2411630">
    <ele>325.5</ele>
    <time>2024-12-11T12:56:49Z</time>
   </trkpt>
   <trkpt lat="-12.0030010" lon="-71.2411660">
    <ele>325.5</ele>
    <time>2024-12-11T12:56:50Z</time>
   </trkpt>
   <trkpt lat="-12.0030020" lon="-71.2411740">
    <ele>325.5</ele>
    <time>2024-12-11T12:56:51Z</time>
   </trkpt>
   <trkpt lat="-12.0030070" lon="-71.2411770">
    <ele>325.5</ele>
    <time>2024-12-11T12:56:52Z</time>
   </trkpt>
   <trkpt lat="-12.0030090" lon="-71.2411830">
    <ele>325.5</ele>
    <time>2024-12-11T12:56:53Z</time>
   </trkpt>
   <trkpt lat="-12.0030090" lon="-71.2411860">
    <ele>325.6</ele>
    <time>2024-12-11T12:56:54Z</time>
   </trkpt>
   <trkpt lat="-12.0029930" lon="-71.2411900">
    <ele>325.6</ele>
    <time>2024-12-11T12:56:55Z</time>
   </trkpt>
   <trkpt lat="-12.0029880" lon="-71.2411900">
    <ele>325.6</ele>
    <time>2024-12-11T12:56:56Z</time>
   </trkpt>
   <trkpt lat="-12.0030010" lon="-71.2411980">
    <ele>325.6</ele>
    <time>2024-12-11T12:56:57Z</time>
   </trkpt>
   <trkpt lat="-12.0030150" lon="-71.2412070">
    <ele>325.6</ele>
    <time>2024-12-11T12:56:58Z</time>
   </trkpt>
   <trkpt lat="-12.0030280" lon="-71.2412150">
    <ele>325.6</ele>
    <time>2024-12-11T12:56:59Z</time>
   </trkpt>
   <trkpt lat="-12.0030410" lon="-71.2412230">
    <ele>325.6</ele>
    <time>2024-12-11T12:57:00Z</time>
   </trkpt>
   <trkpt lat="-12.0030570" lon="-71.2412190">
    <ele>325.6</ele>
    <time>2024-12-11T12:57:01Z</time>
   </trkpt>
   <trkpt lat="-12.0030720" lon="-71.2412240">
    <ele>325.6</ele>
    <time>2024-12-11T12:57:02Z</time>
   </trkpt>
   <trkpt lat="-12.0030730" lon="-71.2412230">
    <ele>325.6</ele>
    <time>2024-12-11T12:57:03Z</time>
   </trkpt>
   <trkpt lat="-12.0030680" lon="-71.2412280">
    <ele>325.6</ele>
    <time>2024-12-11T12:57:04Z</time>
   </trkpt>
   <trkpt lat="-12.0030850" lon="-71.2412280">
    <ele>325.7</ele>
    <time>2024-12-11T12:57:05Z</time>
   </trkpt>
   <trkpt lat="-12.0030920" lon="-71.2412330">
    <ele>325.7</ele>
    <time>2024-12-11T12:57:06Z</time>
   </trkpt>
   <trkpt lat="-12.0030920" lon="-71.2412330">
    <ele>325.7</ele>
    <time>2024-12-11T12:57:07Z</time>
   </trkpt>
   <trkpt lat="-12.0030790" lon="-71.2412540">
    <ele>325.7</ele>
    <time>2024-12-11T12:57:08Z</time>
   </trkpt>
   <trkpt lat="-12.0030750" lon="-71.2412580">
    <ele>325.7</ele>
    <time>2024-12-11T12:57:09Z</time>
   </trkpt>
   <trkpt lat="-12.0030730" lon="-71.2412600">
    <ele>325.7</ele>
    <time>2024-12-11T12:57:10Z</time>
   </trkpt>
   <trkpt lat="-12.0030680" lon="-71.2412580">
    <ele>325.7</ele>
    <time>2024-12-11T12:57:11Z</time>
   </trkpt>
   <trkpt lat="-12.0030610" lon="-71.2412590">
    <ele>325.7</ele>
    <time>2024-12-11T12:57:12Z</time>
   </trkpt>
   <trkpt lat="-12.0030560" lon="-71.2412660">
    <ele>325.7</ele>
    <time>2024-12-11T12:57:13Z</time>
   </trkpt>
   <trkpt lat="-12.0030510" lon="-71.2412740">
    <ele>325.7</ele>
    <time>2024-12-11T12:57:14Z</time>
   </trkpt>
   <trkpt lat="-12.0030510" lon="-71.2412740">
    <ele>325.7</ele>
    <time>2024-12-11T12:57:15Z</time>
   </trkpt>
   <trkpt lat="-12.0030370" lon="-71.2412790">
    <ele>325.7</ele>
    <time>2024-12-11T12:57:16Z</time>
   </trkpt>
   <trkpt lat="-12.0030360" lon="-71.2412660">
    <ele>325.7</ele>
    <time>2024-12-11T12:57:17Z</time>
   </trkpt>
   <trkpt lat="-12.0030270" lon="-71.2412520">
    <ele>325.7</ele>
    <time>2024-12-11T12:57:18Z</time>
   </trkpt>
   <trkpt lat="-12.0030190" lon="-71.2412530">
    <ele>325.8</ele>
    <time>2024-12-11T12:57:19Z</time>
   </trkpt>
   <trkpt lat="-12.0030200" lon="-71.2412550">
    <ele>325.8</ele>
    <time>2024-12-11T12:57:20Z</time>
   </trkpt>
   <trkpt lat="-12.0030200" lon="-71.2412550">
    <ele>325.8</ele>
    <time>2024-12-11T12:57:21Z</time>
   </trkpt>
   <trkpt lat="-12.0030200" lon="-71.2412550">
    <ele>325.8</ele>
    <time>2024-12-11T12:57:22Z</time>
   </trkpt>
   <trkpt lat="-12.0030200" lon="-71.2412550">
    <ele>325.8</ele>
    <time>2024-12-11T12:57:23Z</time>
   </trkpt>
   <trkpt lat="-12.0030200" lon="-71.2412550">
    <ele>325.8</ele>
    <time>2024-12-11T12:57:24Z</time>
   </trkpt>
   <trkpt lat="-12.0030200" lon="-71.2412550">
    <ele>325.8</ele>
    <time>2024-12-11T12:57:25Z</time>
   </trkpt>
   <trkpt lat="-12.0030200" lon="-71.2412550">
    <ele>325.8</ele>
    <time>2024-12-11T12:57:26Z</time>
   </trkpt>
   <trkpt lat="-12.0030200" lon="-71.2412550">
    <ele>325.8</ele>
    <time>2024-12-11T12:57:27Z</time>
   </trkpt>
   <trkpt lat="-12.0030200" lon="-71.2412550">
    <ele>325.8</ele>
    <time>2024-12-11T12:57:28Z</time>
   </trkpt>
   <trkpt lat="-12.0030130" lon="-71.2412840">
    <ele>325.8</ele>
    <time>2024-12-11T12:57:29Z</time>
   </trkpt>
   <trkpt lat="-12.0030060" lon="-71.2412750">
    <ele>325.8</ele>
    <time>2024-12-11T12:57:30Z</time>
   </trkpt>
   <trkpt lat="-12.0030030" lon="-71.2412710">
    <ele>325.8</ele>
    <time>2024-12-11T12:57:31Z</time>
   </trkpt>
   <trkpt lat="-12.0030000" lon="-71.2412660">
    <ele>325.8</ele>
    <time>2024-12-11T12:57:32Z</time>
   </trkpt>
   <trkpt lat="-12.0029960" lon="-71.2412610">
    <ele>325.8</ele>
    <time>2024-12-11T12:57:33Z</time>
   </trkpt>
   <trkpt lat="-12.0029930" lon="-71.2412570">
    <ele>325.8</ele>
    <time>2024-12-11T12:57:34Z</time>
   </trkpt>
   <trkpt lat="-12.0029900" lon="-71.2412520">
    <ele>325.8</ele>
    <time>2024-12-11T12:57:35Z</time>
   </trkpt>
   <trkpt lat="-12.0029920" lon="-71.2412550">
    <ele>325.8</ele>
    <time>2024-12-11T12:57:36Z</time>
   </trkpt>
   <trkpt lat="-12.0029620" lon="-71.2412570">
    <ele>325.8</ele>
    <time>2024-12-11T12:57:37Z</time>
   </trkpt>
   <trkpt lat="-12.0029590" lon="-71.2412540">
    <ele>325.8</ele>
    <time>2024-12-11T12:57:38Z</time>
   </trkpt>
   <trkpt lat="-12.0029530" lon="-71.2412480">
    <ele>325.8</ele>
    <time>2024-12-11T12:57:39Z</time>
   </trkpt>
   <trkpt lat="-12.0029470" lon="-71.2412420">
    <ele>325.8</ele>
    <time>2024-12-11T12:57:40Z</time>
   </trkpt>
   <trkpt lat="-12.0029410" lon="-71.2412360">
    <ele>325.9</ele>
    <time>2024-12-11T12:57:41Z</time>
   </trkpt>
   <trkpt lat="-12.0029350" lon="-71.2412300">
    <ele>325.9</ele>
    <time>2024-12-11T12:57:42Z</time>
   </trkpt>
   <trkpt lat="-12.0029290" lon="-71.2412120">
    <ele>325.9</ele>
    <time>2024-12-11T12:57:43Z</time>
   </trkpt>
   <trkpt lat="-12.0029310" lon="-71.2412080">
    <ele>325.9</ele>
    <time>2024-12-11T12:57:44Z</time>
   </trkpt>
   <trkpt lat="-12.0029320" lon="-71.2412050">
    <ele>325.9</ele>
    <time>2024-12-11T12:57:45Z</time>
   </trkpt>
   <trkpt lat="-12.0029330" lon="-71.2412020">
    <ele>325.9</ele>
    <time>2024-12-11T12:57:46Z</time>
   </trkpt>
   <trkpt lat="-12.0029340" lon="-71.2411980">
    <ele>325.9</ele>
    <time>2024-12-11T12:57:47Z</time>
   </trkpt>
   <trkpt lat="-12.0029360" lon="-71.2411950">
    <ele>325.9</ele>
    <time>2024-12-11T12:57:48Z</time>
   </trkpt>
   <trkpt lat="-12.0029370" lon="-71.2411910">
    <ele>325.9</ele>
    <time>2024-12-11T12:57:49Z</time>
   </trkpt>
   <trkpt lat="-12.0029380" lon="-71.2411880">
    <ele>325.9</ele>
    <time>2024-12-11T12:57:50Z</time>
   </trkpt>
   <trkpt lat="-12.0029380" lon="-71.2411910">
    <ele>325.9</ele>
    <time>2024-12-11T12:57:51Z</time>
   </trkpt>
   <trkpt lat="-12.0029380" lon="-71.2411910">
    <ele>325.9</ele>
    <time>2024-12-11T12:57:52Z</time>
   </trkpt>
   <trkpt lat="-12.0029460" lon="-71.2412100">
    <ele>325.9</ele>
    <time>2024-12-11T12:57:53Z</time>
   </trkpt>
   <trkpt lat="-12.0029530" lon="-71.2412150">
    <ele>325.9</ele>
    <time>2024-12-11T12:57:54Z</time>
   </trkpt>
   <trkpt lat="-12.0029740" lon="-71.2412150">
    <ele>325.9</ele>
    <time>2024-12-11T12:57:55Z</time>
   </trkpt>
   <trkpt lat="-12.0029770" lon="-71.2412210">
    <ele>325.9</ele>
    <time>2024-12-11T12:57:56Z</time>
   </trkpt>
   <trkpt lat="-12.0029810" lon="-71.2412270">
    <ele>325.9</ele>
    <time>2024-12-11T12:57:57Z</time>
   </trkpt>
   <trkpt lat="-12.0029840" lon="-71.2412330">
    <ele>325.9</ele>
    <time>2024-12-11T12:57:58Z</time>
   </trkpt>
   <trkpt lat="-12.0029890" lon="-71.2412320">
    <ele>325.9</ele>
    <time>2024-12-11T12:57:59Z</time>
   </trkpt>
   <trkpt lat="-12.0029900" lon="-71.2412330">
    <ele>325.9</ele>
    <time>2024-12-11T12:58:00Z</time>
   </trkpt>
   <trkpt lat="-12.0029900" lon="-71.2412430">
    <ele>326.0</ele>
    <time>2024-12-11T12:58:01Z</time>
   </trkpt>
   <trkpt lat="-12.0029900" lon="-71.2412450">
    <ele>326.0</ele>
    <time>2024-12-11T12:58:02Z</time>
   </trkpt>
   <trkpt lat="-12.0029900" lon="-71.2412450">
    <ele>326.0</ele>
    <time>2024-12-11T12:58:03Z</time>
   </trkpt>
   <trkpt lat="-12.0029750" lon="-71.2412580">
    <ele>326.0</ele>
    <time>2024-12-11T12:58:04Z</time>
   </trkpt>
   <trkpt lat="-12.0029650" lon="-71.2412550">
    <ele>326.0</ele>
    <time>2024-12-11T12:58:05Z</time>
   </trkpt>
   <trkpt lat="-12.0029650" lon="-71.2412530">
    <ele>326.0</ele>
    <time>2024-12-11T12:58:06Z</time>
   </trkpt>
   <trkpt lat="-12.0029730" lon="-71.2412520">
    <ele>326.0</ele>
    <time>2024-12-11T12:58:07Z</time>
   </trkpt>
   <trkpt lat="-12.0029810" lon="-71.2412510">
    <ele>326.0</ele>
    <time>2024-12-11T12:58:08Z</time>
   </trkpt>
   <trkpt lat="-12.0029890" lon="-71.2412500">
    <ele>326.0</ele>
    <time>2024-12-11T12:58:09Z</time>
   </trkpt>
   <trkpt lat="-12.0029980" lon="-71.2412490">
    <ele>326.0</ele>
    <time>2024-12-11T12:58:10Z</time>
   </trkpt>
   <trkpt lat="-12.0030060" lon="-71.2412480">
    <ele>326.0</ele>
    <time>2024-12-11T12:58:11Z</time>
   </trkpt>
   <trkpt lat="-12.0030140" lon="-71.2412470">
    <ele>326.0</ele>
    <time>2024-12-11T12:58:12Z</time>
   </trkpt>
   <trkpt lat="-12.0030220" lon="-71.2412460">
    <ele>326.0</ele>
    <time>2024-12-11T12:58:13Z</time>
   </trkpt>
   <trkpt lat="-12.0030300" lon="-71.2412450">
    <ele>326.0</ele>
    <time>2024-12-11T12:58:14Z</time>
   </trkpt>
   <trkpt lat="-12.0029810" lon="-71.2412540">
    <ele>326.1</ele>
    <time>2024-12-11T12:58:15Z</time>
   </trkpt>
   <trkpt lat="-12.0029350" lon="-71.2412590">
    <ele>326.1</ele>
    <time>2024-12-11T12:58:16Z</time>
   </trkpt>
   <trkpt lat="-12.0029350" lon="-71.2412590">
    <ele>326.1</ele>
    <time>2024-12-11T12:58:17Z</time>
   </trkpt>
   <trkpt lat="-12.0029230" lon="-71.2412670">
    <ele>326.1</ele>
    <time>2024-12-11T12:58:18Z</time>
   </trkpt>
   <trkpt lat="-12.0029200" lon="-71.2412830">
    <ele>326.1</ele>
    <time>2024-12-11T12:58:19Z</time>
   </trkpt>
   <trkpt lat="-12.0029250" lon="-71.2412940">
    <ele>326.1</ele>
    <time>2024-12-11T12:58:20Z</time>
   </trkpt>
   <trkpt lat="-12.0029270" lon="-71.2413140">
    <ele>326.1</ele>
    <time>2024-12-11T12:58:21Z</time>
   </trkpt>
   <trkpt lat="-12.0029220" lon="-71.2413100">
    <ele>326.2</ele>
    <time>2024-12-11T12:58:22Z</time>
   </trkpt>
   <trkpt lat="-12.0029280" lon="-71.2413080">
    <ele>326.2</ele>
    <time>2024-12-11T12:58:23Z</time>
   </trkpt>
   <trkpt lat="-12.0029330" lon="-71.2413060">
    <ele>326.2</ele>
    <time>2024-12-11T12:58:24Z</time>
   </trkpt>
   <trkpt lat="-12.0029390" lon="-71.2413040">
    <ele>326.2</ele>
    <time>2024-12-11T12:58:25Z</time>
   </trkpt>
   <trkpt lat="-12.0029450" lon="-71.2413010">
    <ele>326.2</ele>
    <time>2024-12-11T12:58:26Z</time>
   </trkpt>
   <trkpt lat="-12.0029510" lon="-71.2412990">
    <ele>326.2</ele>
    <time>2024-12-11T12:58:27Z</time>
   </trkpt>
   <trkpt lat="-12.0029560" lon="-71.2412970">
    <ele>326.2</ele>
    <time>2024-12-11T12:58:28Z</time>
   </trkpt>
   <trkpt lat="-12.0029620" lon="-71.2412950">
    <ele>326.2</ele>
    <time>2024-12-11T12:58:29Z</time>
   </trkpt>
   <trkpt lat="-12.0029680" lon="-71.2412930">
    <ele>326.2</ele>
    <time>2024-12-11T12:58:30Z</time>
   </trkpt>
   <trkpt lat="-12.0029860" lon="-71.2412730">
    <ele>326.2</ele>
    <time>2024-12-11T12:58:31Z</time>
   </trkpt>
   <trkpt lat="-12.0029850" lon="-71.2412740">
    <ele>326.2</ele>
    <time>2024-12-11T12:58:32Z</time>
   </trkpt>
   <trkpt lat="-12.0029850" lon="-71.2412740">
    <ele>326.2</ele>
    <time>2024-12-11T12:58:33Z</time>
   </trkpt>
   <trkpt lat="-12.0029850" lon="-71.2412740">
    <ele>326.2</ele>
    <time>2024-12-11T12:58:34Z</time>
   </trkpt>
   <trkpt lat="-12.0029850" lon="-71.2412740">
    <ele>326.2</ele>
    <time>2024-12-11T12:58:35Z</time>
   </trkpt>
   <trkpt lat="-12.0029850" lon="-71.2412740">
    <ele>326.2</ele>
    <time>2024-12-11T12:58:36Z</time>
   </trkpt>
   <trkpt lat="-12.0029850" lon="-71.2412740">
    <ele>326.2</ele>
    <time>2024-12-11T12:58:37Z</time>
   </trkpt>
   <trkpt lat="-12.0029850" lon="-71.2412740">
    <ele>326.2</ele>
    <time>2024-12-11T12:58:38Z</time>
   </trkpt>
   <trkpt lat="-12.0029850" lon="-71.2412740">
    <ele>326.2</ele>
    <time>2024-12-11T12:58:39Z</time>
   </trkpt>
   <trkpt lat="-12.0029830" lon="-71.2412950">
    <ele>326.2</ele>
    <time>2024-12-11T12:58:40Z</time>
   </trkpt>
   <trkpt lat="-12.0029840" lon="-71.2412970">
    <ele>326.2</ele>
    <time>2024-12-11T12:58:41Z</time>
   </trkpt>
   <trkpt lat="-12.0029840" lon="-71.2412970">
    <ele>326.2</ele>
    <time>2024-12-11T12:58:42Z</time>
   </trkpt>
   <trkpt lat="-12.0029840" lon="-71.2412970">
    <ele>326.2</ele>
    <time>2024-12-11T12:58:43Z</time>
   </trkpt>
   <trkpt lat="-12.0029840" lon="-71.2412970">
    <ele>326.2</ele>
    <time>2024-12-11T12:58:44Z</time>
   </trkpt>
   <trkpt lat="-12.0029840" lon="-71.2412970">
    <ele>326.2</ele>
    <time>2024-12-11T12:58:45Z</time>
   </trkpt>
   <trkpt lat="-12.0029840" lon="-71.2412970">
    <ele>326.2</ele>
    <time>2024-12-11T12:58:46Z</time>
   </trkpt>
   <trkpt lat="-12.0029840" lon="-71.2412970">
    <ele>326.2</ele>
    <time>2024-12-11T12:58:47Z</time>
   </trkpt>
   <trkpt lat="-12.0029840" lon="-71.2412970">
    <ele>326.2</ele>
    <time>2024-12-11T12:58:48Z</time>
   </trkpt>
   <trkpt lat="-12.0029820" lon="-71.2413190">
    <ele>326.2</ele>
    <time>2024-12-11T12:58:49Z</time>
   </trkpt>
   <trkpt lat="-12.0029820" lon="-71.2413230">
    <ele>326.2</ele>
    <time>2024-12-11T12:58:50Z</time>
   </trkpt>
   <trkpt lat="-12.0029820" lon="-71.2413220">
    <ele>326.2</ele>
    <time>2024-12-11T12:58:51Z</time>
   </trkpt>
   <trkpt lat="-12.0029820" lon="-71.2413220">
    <ele>326.2</ele>
    <time>2024-12-11T12:58:52Z</time>
   </trkpt>
   <trkpt lat="-12.0029820" lon="-71.2413220">
    <ele>326.2</ele>
    <time>2024-12-11T12:58:53Z</time>
   </trkpt>
   <trkpt lat="-12.0029820" lon="-71.2413220">
    <ele>326.2</ele>
    <time>2024-12-11T12:58:54Z</time>
   </trkpt>
   <trkpt lat="-12.0029820" lon="-71.2413220">
    <ele>326.2</ele>
    <time>2024-12-11T12:58:55Z</time>
   </trkpt>
   <trkpt lat="-12.0029820" lon="-71.2413220">
    <ele>326.2</ele>
    <time>2024-12-11T12:58:56Z</time>
   </trkpt>
   <trkpt lat="-12.0029820" lon="-71.2413220">
    <ele>326.2</ele>
    <time>2024-12-11T12:58:57Z</time>
   </trkpt>
   <trkpt lat="-12.0029820" lon="-71.2413220">
    <ele>326.2</ele>
    <time>2024-12-11T12:58:58Z</time>
   </trkpt>
   <trkpt lat="-12.0029820" lon="-71.2413220">
    <ele>326.2</ele>
    <time>2024-12-11T12:58:59Z</time>
   </trkpt>
   <trkpt lat="-12.0029820" lon="-71.2413220">
    <ele>326.2</ele>
    <time>2024-12-11T12:59:00Z</time>
   </trkpt>
   <trkpt lat="-12.0029820" lon="-71.2413220">
    <ele>326.2</ele>
    <time>2024-12-11T12:59:01Z</time>
   </trkpt>
   <trkpt lat="-12.0029820" lon="-71.2413220">
    <ele>326.2</ele>
    <time>2024-12-11T12:59:02Z</time>
   </trkpt>
   <trkpt lat="-12.0029820" lon="-71.2413220">
    <ele>326.2</ele>
    <time>2024-12-11T12:59:03Z</time>
   </trkpt>
   <trkpt lat="-12.0029820" lon="-71.2413220">
    <ele>326.2</ele>
    <time>2024-12-11T12:59:04Z</time>
   </trkpt>
   <trkpt lat="-12.0029820" lon="-71.2413220">
    <ele>326.2</ele>
    <time>2024-12-11T12:59:05Z</time>
   </trkpt>
   <trkpt lat="-12.0029820" lon="-71.2413220">
    <ele>326.2</ele>
    <time>2024-12-11T12:59:06Z</time>
   </trkpt>
   <trkpt lat="-12.0029820" lon="-71.2413220">
    <ele>326.2</ele>
    <time>2024-12-11T12:59:07Z</time>
   </trkpt>
   <trkpt lat="-12.0029820" lon="-71.2413220">
    <ele>326.2</ele>
    <time>2024-12-11T12:59:08Z</time>
   </trkpt>
   <trkpt lat="-12.0029820" lon="-71.2413220">
    <ele>326.2</ele>
    <time>2024-12-11T12:59:09Z</time>
   </trkpt>
   <trkpt lat="-12.0029820" lon="-71.2413220">
    <ele>326.2</ele>
    <time>2024-12-11T12:59:10Z</time>
   </trkpt>
   <trkpt lat="-12.0029820" lon="-71.2413220">
    <ele>326.2</ele>
    <time>2024-12-11T12:59:11Z</time>
   </trkpt>
   <trkpt lat="-12.0029820" lon="-71.2413220">
    <ele>326.2</ele>
    <time>2024-12-11T12:59:12Z</time>
   </trkpt>
   <trkpt lat="-12.0029820" lon="-71.2413220">
    <ele>326.2</ele>
    <time>2024-12-11T12:59:13Z</time>
   </trkpt>
   <trkpt lat="-12.0029820" lon="-71.2413220">
    <ele>326.2</ele>
    <time>2024-12-11T12:59:14Z</time>
   </trkpt>
   <trkpt lat="-12.0029820" lon="-71.2413220">
    <ele>326.2</ele>
    <time>2024-12-11T12:59:15Z</time>
   </trkpt>
   <trkpt lat="-12.0029820" lon="-71.2413220">
    <ele>326.2</ele>
    <time>2024-12-11T12:59:16Z</time>
   </trkpt>
   <trkpt lat="-12.0029820" lon="-71.2413220">
    <ele>326.2</ele>
    <time>2024-12-11T12:59:17Z</time>
   </trkpt>
   <trkpt lat="-12.0029820" lon="-71.2413220">
    <ele>326.2</ele>
    <time>2024-12-11T12:59:18Z</time>
   </trkpt>
   <trkpt lat="-12.0029820" lon="-71.2413220">
    <ele>326.2</ele>
    <time>2024-12-11T12:59:19Z</time>
   </trkpt>
   <trkpt lat="-12.0029820" lon="-71.2413220">
    <ele>326.2</ele>
    <time>2024-12-11T12:59:20Z</time>
   </trkpt>
   <trkpt lat="-12.0029820" lon="-71.2413220">
    <ele>326.2</ele>
    <time>2024-12-11T12:59:21Z</time>
   </trkpt>
   <trkpt lat="-12.0029820" lon="-71.2413220">
    <ele>326.2</ele>
    <time>2024-12-11T12:59:22Z</time>
   </trkpt>
   <trkpt lat="-12.0029820" lon="-71.2413220">
    <ele>326.2</ele>
    <time>2024-12-11T12:59:23Z</time>
   </trkpt>
   <trkpt lat="-12.0029820" lon="-71.2413220">
    <ele>326.2</ele>
    <time>2024-12-11T12:59:24Z</time>
   </trkpt>
   <trkpt lat="-12.0029820" lon="-71.2413220">
    <ele>326.2</ele>
    <time>2024-12-11T12:59:25Z</time>
   </trkpt>
   <trkpt lat="-12.0029820" lon="-71.2413220">
    <ele>326.2</ele>
    <time>2024-12-11T12:59:26Z</time>
   </trkpt>
   <trkpt lat="-12.0029820" lon="-71.2413220">
    <ele>326.2</ele>
    <time>2024-12-11T12:59:27Z</time>
   </trkpt>
   <trkpt lat="-12.0029820" lon="-71.2413220">
    <ele>326.2</ele>
    <time>2024-12-11T12:59:28Z</time>
   </trkpt>
   <trkpt lat="-12.0029820" lon="-71.2413220">
    <ele>326.2</ele>
    <time>2024-12-11T12:59:29Z</time>
   </trkpt>
   <trkpt lat="-12.0029930" lon="-71.2412430">
    <ele>326.3</ele>
    <time>2024-12-11T12:59:31Z</time>
   </trkpt>
   <trkpt lat="-12.0030140" lon="-71.2412260">
    <ele>326.3</ele>
    <time>2024-12-11T12:59:32Z</time>
   </trkpt>
   <trkpt lat="-12.0030140" lon="-71.2412270">
    <ele>326.3</ele>
    <time>2024-12-11T12:59:33Z</time>
   </trkpt>
   <trkpt lat="-12.0030180" lon="-71.2412200">
    <ele>326.3</ele>
    <time>2024-12-11T12:59:34Z</time>
   </trkpt>
   <trkpt lat="-12.0030180" lon="-71.2412070">
    <ele>326.3</ele>
    <time>2024-12-11T12:59:35Z</time>
   </trkpt>
   <trkpt lat="-12.0030120" lon="-71.2411970">
    <ele>326.4</ele>
    <time>2024-12-11T12:59:36Z</time>
   </trkpt>
   <trkpt lat="-12.0030150" lon="-71.2411890">
    <ele>326.4</ele>
    <time>2024-12-11T12:59:37Z</time>
   </trkpt>
   <trkpt lat="-12.0030150" lon="-71.2411970">
    <ele>326.4</ele>
    <time>2024-12-11T12:59:38Z</time>
   </trkpt>
   <trkpt lat="-12.0030160" lon="-71.2412070">
    <ele>326.4</ele>
    <time>2024-12-11T12:59:39Z</time>
   </trkpt>
   <trkpt lat="-12.0030210" lon="-71.2412130">
    <ele>326.4</ele>
    <time>2024-12-11T12:59:40Z</time>
   </trkpt>
   <trkpt lat="-12.0030270" lon="-71.2412210">
    <ele>326.4</ele>
    <time>2024-12-11T12:59:41Z</time>
   </trkpt>
   <trkpt lat="-12.0030300" lon="-71.2412380">
    <ele>326.4</ele>
    <time>2024-12-11T12:59:42Z</time>
   </trkpt>
   <trkpt lat="-12.0030340" lon="-71.2412480">
    <ele>326.4</ele>
    <time>2024-12-11T12:59:43Z</time>
   </trkpt>
   <trkpt lat="-12.0030370" lon="-71.2412570">
    <ele>326.4</ele>
    <time>2024-12-11T12:59:44Z</time>
   </trkpt>
   <trkpt lat="-12.0030400" lon="-71.2412660">
    <ele>326.4</ele>
    <time>2024-12-11T12:59:45Z</time>
   </trkpt>
   <trkpt lat="-12.0030440" lon="-71.2412760">
    <ele>326.4</ele>
    <time>2024-12-11T12:59:46Z</time>
   </trkpt>
   <trkpt lat="-12.0030470" lon="-71.2412850">
    <ele>326.4</ele>
    <time>2024-12-11T12:59:47Z</time>
   </trkpt>
   <trkpt lat="-12.0030470" lon="-71.2412960">
    <ele>326.4</ele>
    <time>2024-12-11T12:59:48Z</time>
   </trkpt>
   <trkpt lat="-12.0030580" lon="-71.2413000">
    <ele>326.5</ele>
    <time>2024-12-11T12:59:49Z</time>
   </trkpt>
   <trkpt lat="-12.0030700" lon="-71.2413030">
    <ele>326.5</ele>
    <time>2024-12-11T12:59:50Z</time>
   </trkpt>
   <trkpt lat="-12.0030810" lon="-71.2413070">
    <ele>326.5</ele>
    <time>2024-12-11T12:59:51Z</time>
   </trkpt>
   <trkpt lat="-12.0030930" lon="-71.2413110">
    <ele>326.5</ele>
    <time>2024-12-11T12:59:52Z</time>
   </trkpt>
   <trkpt lat="-12.0031020" lon="-71.2413270">
    <ele>326.5</ele>
    <time>2024-12-11T12:59:53Z</time>
   </trkpt>
   <trkpt lat="-12.0031060" lon="-71.2413390">
    <ele>326.5</ele>
    <time>2024-12-11T12:59:54Z</time>
   </trkpt>
   <trkpt lat="-12.0031120" lon="-71.2413480">
    <ele>326.5</ele>
    <time>2024-12-11T12:59:55Z</time>
   </trkpt>
   <trkpt lat="-12.0031100" lon="-71.2413560">
    <ele>326.5</ele>
    <time>2024-12-11T12:59:56Z</time>
   </trkpt>
   <trkpt lat="-12.0031250" lon="-71.2413730">
    <ele>326.5</ele>
    <time>2024-12-11T12:59:57Z</time>
   </trkpt>
   <trkpt lat="-12.0031300" lon="-71.2413830">
    <ele>326.5</ele>
    <time>2024-12-11T12:59:58Z</time>
   </trkpt>
   <trkpt lat="-12.0031410" lon="-71.2413860">
    <ele>326.5</ele>
    <time>2024-12-11T12:59:59Z</time>
   </trkpt>
   <trkpt lat="-12.0031410" lon="-71.2413860">
    <ele>326.5</ele>
    <time>2024-12-11T13:00:00Z</time>
   </trkpt>
   <trkpt lat="-12.0031410" lon="-71.2413850">
    <ele>326.6</ele>
    <time>2024-12-11T13:00:01Z</time>
   </trkpt>
   <trkpt lat="-12.0031410" lon="-71.2413850">
    <ele>326.6</ele>
    <time>2024-12-11T13:00:02Z</time>
   </trkpt>
   <trkpt lat="-12.0031410" lon="-71.2413850">
    <ele>326.6</ele>
    <time>2024-12-11T13:00:03Z</time>
   </trkpt>
   <trkpt lat="-12.0031410" lon="-71.2413850">
    <ele>326.6</ele>
    <time>2024-12-11T13:00:04Z</time>
   </trkpt>
   <trkpt lat="-12.0031420" lon="-71.2413850">
    <ele>326.6</ele>
    <time>2024-12-11T13:00:05Z</time>
   </trkpt>
   <trkpt lat="-12.0031420" lon="-71.2413840">
    <ele>326.6</ele>
    <time>2024-12-11T13:00:06Z</time>
   </trkpt>
   <trkpt lat="-12.0031420" lon="-71.2413840">
    <ele>326.6</ele>
    <time>2024-12-11T13:00:07Z</time>
   </trkpt>
   <trkpt lat="-12.0031420" lon="-71.2413840">
    <ele>326.6</ele>
    <time>2024-12-11T13:00:08Z</time>
   </trkpt>
   <trkpt lat="-12.0031420" lon="-71.2413840">
    <ele>326.6</ele>
    <time>2024-12-11T13:00:09Z</time>
   </trkpt>
   <trkpt lat="-12.0031420" lon="-71.2413830">
    <ele>326.6</ele>
    <time>2024-12-11T13:00:10Z</time>
   </trkpt>
   <trkpt lat="-12.0031420" lon="-71.2413830">
    <ele>326.6</ele>
    <time>2024-12-11T13:00:11Z</time>
   </trkpt>
   <trkpt lat="-12.0031420" lon="-71.2413830">
    <ele>326.6</ele>
    <time>2024-12-11T13:00:12Z</time>
   </trkpt>
   <trkpt lat="-12.0031420" lon="-71.2413830">
    <ele>326.6</ele>
    <time>2024-12-11T13:00:13Z</time>
   </trkpt>
   <trkpt lat="-12.0031420" lon="-71.2413830">
    <ele>326.6</ele>
    <time>2024-12-11T13:00:14Z</time>
   </trkpt>
   <trkpt lat="-12.0031420" lon="-71.2413820">
    <ele>326.6</ele>
    <time>2024-12-11T13:00:15Z</time>
   </trkpt>
   <trkpt lat="-12.0031420" lon="-71.2413820">
    <ele>326.6</ele>
    <time>2024-12-11T13:00:16Z</time>
   </trkpt>
   <trkpt lat="-12.0031420" lon="-71.2413820">
    <ele>326.6</ele>
    <time>2024-12-11T13:00:17Z</time>
   </trkpt>
   <trkpt lat="-12.0031430" lon="-71.2413820">
    <ele>326.6</ele>
    <time>2024-12-11T13:00:18Z</time>
   </trkpt>
   <trkpt lat="-12.0031430" lon="-71.2413820">
    <ele>326.6</ele>
    <time>2024-12-11T13:00:19Z</time>
   </trkpt>
   <trkpt lat="-12.0031430" lon="-71.2413810">
    <ele>326.6</ele>
    <time>2024-12-11T13:00:20Z</time>
   </trkpt>
   <trkpt lat="-12.0031430" lon="-71.2413810">
    <ele>326.6</ele>
    <time>2024-12-11T13:00:21Z</time>
   </trkpt>
   <trkpt lat="-12.0031430" lon="-71.2413810">
    <ele>326.6</ele>
    <time>2024-12-11T13:00:22Z</time>
   </trkpt>
   <trkpt lat="-12.0031430" lon="-71.2413810">
    <ele>326.6</ele>
    <time>2024-12-11T13:00:23Z</time>
   </trkpt>
   <trkpt lat="-12.0031430" lon="-71.2413800">
    <ele>326.6</ele>
    <time>2024-12-11T13:00:24Z</time>
   </trkpt>
   <trkpt lat="-12.0031430" lon="-71.2413800">
    <ele>326.6</ele>
    <time>2024-12-11T13:00:25Z</time>
   </trkpt>
   <trkpt lat="-12.0031430" lon="-71.2413800">
    <ele>326.6</ele>
    <time>2024-12-11T13:00:26Z</time>
   </trkpt>
   <trkpt lat="-12.0031430" lon="-71.2413800">
    <ele>326.6</ele>
    <time>2024-12-11T13:00:27Z</time>
   </trkpt>
   <trkpt lat="-12.0031430" lon="-71.2413800">
    <ele>326.6</ele>
    <time>2024-12-11T13:00:28Z</time>
   </trkpt>
   <trkpt lat="-12.0031430" lon="-71.2413790">
    <ele>326.6</ele>
    <time>2024-12-11T13:00:29Z</time>
   </trkpt>
   <trkpt lat="-12.0031430" lon="-71.2413790">
    <ele>326.6</ele>
    <time>2024-12-11T13:00:30Z</time>
   </trkpt>
   <trkpt lat="-12.0031440" lon="-71.2413790">
    <ele>326.6</ele>
    <time>2024-12-11T13:00:31Z</time>
   </trkpt>
   <trkpt lat="-12.0031440" lon="-71.2413790">
    <ele>326.6</ele>
    <time>2024-12-11T13:00:32Z</time>
   </trkpt>
   <trkpt lat="-12.0031440" lon="-71.2413790">
    <ele>326.6</ele>
    <time>2024-12-11T13:00:33Z</time>
   </trkpt>
   <trkpt lat="-12.0031440" lon="-71.2413780">
    <ele>326.6</ele>
    <time>2024-12-11T13:00:34Z</time>
   </trkpt>
   <trkpt lat="-12.0031440" lon="-71.2413780">
    <ele>326.6</ele>
    <time>2024-12-11T13:00:35Z</time>
   </trkpt>
   <trkpt lat="-12.0031440" lon="-71.2413780">
    <ele>326.6</ele>
    <time>2024-12-11T13:00:36Z</time>
   </trkpt>
   <trkpt lat="-12.0031440" lon="-71.2413780">
    <ele>326.6</ele>
    <time>2024-12-11T13:00:37Z</time>
   </trkpt>
   <trkpt lat="-12.0031440" lon="-71.2413780">
    <ele>326.6</ele>
    <time>2024-12-11T13:00:38Z</time>
   </trkpt>
   <trkpt lat="-12.0031440" lon="-71.2413770">
    <ele>326.6</ele>
    <time>2024-12-11T13:00:39Z</time>
   </trkpt>
   <trkpt lat="-12.0031440" lon="-71.2413770">
    <ele>326.6</ele>
    <time>2024-12-11T13:00:40Z</time>
   </trkpt>
   <trkpt lat="-12.0031440" lon="-71.2413770">
    <ele>326.6</ele>
    <time>2024-12-11T13:00:41Z</time>
   </trkpt>
   <trkpt lat="-12.0031440" lon="-71.2413770">
    <ele>326.6</ele>
    <time>2024-12-11T13:00:42Z</time>
   </trkpt>
   <trkpt lat="-12.0031440" lon="-71.2413760">
    <ele>326.6</ele>
    <time>2024-12-11T13:00:43Z</time>
   </trkpt>
   <trkpt lat="-12.0031440" lon="-71.2413760">
    <ele>326.6</ele>
    <time>2024-12-11T13:00:44Z</time>
   </trkpt>
   <trkpt lat="-12.0031450" lon="-71.2413760">
    <ele>326.6</ele>
    <time>2024-12-11T13:00:45Z</time>
   </trkpt>
   <trkpt lat="-12.0031450" lon="-71.2413760">
    <ele>326.6</ele>
    <time>2024-12-11T13:00:57Z</time>
   </trkpt>
   <trkpt lat="-12.0031450" lon="-71.2413760">
    <ele>326.6</ele>
    <time>2024-12-11T13:00:58Z</time>
   </trkpt>
   <trkpt lat="-12.0031450" lon="-71.2413750">
    <ele>326.6</ele>
    <time>2024-12-11T13:00:59Z</time>
   </trkpt>
   <trkpt lat="-12.0031450" lon="-71.2413750">
    <ele>326.6</ele>
    <time>2024-12-11T13:01:00Z</time>
   </trkpt>
   <trkpt lat="-12.0031450" lon="-71.2413750">
    <ele>326.6</ele>
    <time>2024-12-11T13:01:01Z</time>
   </trkpt>
   <trkpt lat="-12.0031450" lon="-71.2413750">
    <ele>326.6</ele>
    <time>2024-12-11T13:01:02Z</time>
   </trkpt>
   <trkpt lat="-12.0031450" lon="-71.2413750">
    <ele>326.6</ele>
    <time>2024-12-11T13:01:03Z</time>
   </trkpt>
   <trkpt lat="-12.0031450" lon="-71.2413740">
    <ele>326.6</ele>
    <time>2024-12-11T13:01:04Z</time>
   </trkpt>
   <trkpt lat="-12.0031450" lon="-71.2413740">
    <ele>326.6</ele>
    <time>2024-12-11T13:01:05Z</time>
   </trkpt>
   <trkpt lat="-12.0031450" lon="-71.2413740">
    <ele>326.6</ele>
    <time>2024-12-11T13:01:06Z</time>
   </trkpt>
   <trkpt lat="-12.0031450" lon="-71.2413740">
    <ele>326.6</ele>
    <time>2024-12-11T13:01:07Z</time>
   </trkpt>
   <trkpt lat="-12.0031450" lon="-71.2413730">
    <ele>326.6</ele>
    <time>2024-12-11T13:01:08Z</time>
   </trkpt>
   <trkpt lat="-12.0031460" lon="-71.2413730">
    <ele>326.6</ele>
    <time>2024-12-11T13:01:09Z</time>
   </trkpt>
   <trkpt lat="-12.0031460" lon="-71.2413730">
    <ele>326.6</ele>
    <time>2024-12-11T13:01:10Z</time>
   </trkpt>
   <trkpt lat="-12.0031460" lon="-71.2413730">
    <ele>326.6</ele>
    <time>2024-12-11T13:01:11Z</time>
   </trkpt>
   <trkpt lat="-12.0031460" lon="-71.2413730">
    <ele>326.6</ele>
    <time>2024-12-11T13:01:12Z</time>
   </trkpt>
   <trkpt lat="-12.0031460" lon="-71.2413720">
    <ele>326.6</ele>
    <time>2024-12-11T13:01:13Z</time>
   </trkpt>
   <trkpt lat="-12.0031460" lon="-71.2413720">
    <ele>326.6</ele>
    <time>2024-12-11T13:01:14Z</time>
   </trkpt>
   <trkpt lat="-12.0031460" lon="-71.2413720">
    <ele>326.6</ele>
    <time>2024-12-11T13:01:15Z</time>
   </trkpt>
   <trkpt lat="-12.0031460" lon="-71.2413720">
    <ele>326.6</ele>
    <time>2024-12-11T13:01:16Z</time>
   </trkpt>
   <trkpt lat="-12.0031460" lon="-71.2413720">
    <ele>326.6</ele>
    <time>2024-12-11T13:01:17Z</time>
   </trkpt>
   <trkpt lat="-12.0031460" lon="-71.2413710">
    <ele>326.6</ele>
    <time>2024-12-11T13:01:18Z</time>
   </trkpt>
   <trkpt lat="-12.0031460" lon="-71.2413710">
    <ele>326.6</ele>
    <time>2024-12-11T13:01:19Z</time>
   </trkpt>
   <trkpt lat="-12.0031460" lon="-71.2413710">
    <ele>326.6</ele>
    <time>2024-12-11T13:01:20Z</time>
   </trkpt>
   <trkpt lat="-12.0031460" lon="-71.2413710">
    <ele>326.6</ele>
    <time>2024-12-11T13:01:21Z</time>
   </trkpt>
   <trkpt lat="-12.0031470" lon="-71.2413710">
    <ele>326.6</ele>
    <time>2024-12-11T13:01:22Z</time>
   </trkpt>
   <trkpt lat="-12.0031470" lon="-71.2413700">
    <ele>326.6</ele>
    <time>2024-12-11T13:01:23Z</time>
   </trkpt>
   <trkpt lat="-12.0031470" lon="-71.2413700">
    <ele>326.6</ele>
    <time>2024-12-11T13:01:24Z</time>
   </trkpt>
   <trkpt lat="-12.0031470" lon="-71.2413700">
    <ele>326.6</ele>
    <time>2024-12-11T13:01:25Z</time>
   </trkpt>
   <trkpt lat="-12.0031470" lon="-71.2413700">
    <ele>326.6</ele>
    <time>2024-12-11T13:01:26Z</time>
   </trkpt>
   <trkpt lat="-12.0031470" lon="-71.2413690">
    <ele>326.6</ele>
    <time>2024-12-11T13:01:27Z</time>
   </trkpt>
   <trkpt lat="-12.0031470" lon="-71.2413690">
    <ele>326.6</ele>
    <time>2024-12-11T13:01:28Z</time>
   </trkpt>
   <trkpt lat="-12.0031470" lon="-71.2413690">
    <ele>326.6</ele>
    <time>2024-12-11T13:01:29Z</time>
   </trkpt>
   <trkpt lat="-12.0031470" lon="-71.2413690">
    <ele>326.6</ele>
    <time>2024-12-11T13:01:31Z</time>
   </trkpt>
   <trkpt lat="-12.0031470" lon="-71.2413690">
    <ele>326.6</ele>
    <time>2024-12-11T13:01:32Z</time>
   </trkpt>
   <trkpt lat="-12.0031470" lon="-71.2413680">
    <ele>326.6</ele>
    <time>2024-12-11T13:01:33Z</time>
   </trkpt>
   <trkpt lat="-12.0031470" lon="-71.2413680">
    <ele>326.6</ele>
    <time>2024-12-11T13:01:34Z</time>
   </trkpt>
   <trkpt lat="-12.0031470" lon="-71.2413680">
    <ele>326.6</ele>
    <time>2024-12-11T13:01:35Z</time>
   </trkpt>
   <trkpt lat="-12.0031480" lon="-71.2413680">
    <ele>326.6</ele>
    <time>2024-12-11T13:01:36Z</time>
   </trkpt>
   <trkpt lat="-12.0031480" lon="-71.2413680">
    <ele>326.6</ele>
    <time>2024-12-11T13:01:37Z</time>
   </trkpt>
   <trkpt lat="-12.0031480" lon="-71.2413670">
    <ele>326.6</ele>
    <time>2024-12-11T13:01:38Z</time>
   </trkpt>
   <trkpt lat="-12.0031480" lon="-71.2413670">
    <ele>326.6</ele>
    <time>2024-12-11T13:01:39Z</time>
   </trkpt>
   <trkpt lat="-12.0031480" lon="-71.2413670">
    <ele>326.6</ele>
    <time>2024-12-11T13:01:40Z</time>
   </trkpt>
   <trkpt lat="-12.0031480" lon="-71.2413670">
    <ele>326.6</ele>
    <time>2024-12-11T13:01:41Z</time>
   </trkpt>
   <trkpt lat="-12.0031480" lon="-71.2413660">
    <ele>326.6</ele>
    <time>2024-12-11T13:01:42Z</time>
   </trkpt>
   <trkpt lat="-12.0031480" lon="-71.2413660">
    <ele>326.6</ele>
    <time>2024-12-11T13:01:43Z</time>
   </trkpt>
   <trkpt lat="-12.0031480" lon="-71.2413660">
    <ele>326.6</ele>
    <time>2024-12-11T13:01:44Z</time>
   </trkpt>
   <trkpt lat="-12.0031480" lon="-71.2413660">
    <ele>326.6</ele>
    <time>2024-12-11T13:01:45Z</time>
   </trkpt>
   <trkpt lat="-12.0031480" lon="-71.2413660">
    <ele>326.6</ele>
    <time>2024-12-11T13:01:46Z</time>
   </trkpt>
   <trkpt lat="-12.0031480" lon="-71.2413650">
    <ele>326.6</ele>
    <time>2024-12-11T13:01:47Z</time>
   </trkpt>
   <trkpt lat="-12.0031480" lon="-71.2413650">
    <ele>326.6</ele>
    <time>2024-12-11T13:01:48Z</time>
   </trkpt>
   <trkpt lat="-12.0031490" lon="-71.2413650">
    <ele>326.6</ele>
    <time>2024-12-11T13:01:49Z</time>
   </trkpt>
   <trkpt lat="-12.0031490" lon="-71.2413650">
    <ele>326.6</ele>
    <time>2024-12-11T13:01:50Z</time>
   </trkpt>
   <trkpt lat="-12.0031490" lon="-71.2413650">
    <ele>326.6</ele>
    <time>2024-12-11T13:01:51Z</time>
   </trkpt>
   <trkpt lat="-12.0031490" lon="-71.2413640">
    <ele>326.6</ele>
    <time>2024-12-11T13:01:52Z</time>
   </trkpt>
   <trkpt lat="-12.0031490" lon="-71.2413640">
    <ele>326.6</ele>
    <time>2024-12-11T13:01:53Z</time>
   </trkpt>
   <trkpt lat="-12.0031490" lon="-71.2413640">
    <ele>326.6</ele>
    <time>2024-12-11T13:01:54Z</time>
   </trkpt>
   <trkpt lat="-12.0031490" lon="-71.2413640">
    <ele>326.6</ele>
    <time>2024-12-11T13:01:55Z</time>
   </trkpt>
   <trkpt lat="-12.0031490" lon="-71.2413640">
    <ele>326.6</ele>
    <time>2024-12-11T13:01:56Z</time>
   </trkpt>
   <trkpt lat="-12.0031490" lon="-71.2413630">
    <ele>326.6</ele>
    <time>2024-12-11T13:01:57Z</time>
   </trkpt>
   <trkpt lat="-12.0031490" lon="-71.2413630">
    <ele>326.6</ele>
    <time>2024-12-11T13:01:58Z</time>
   </trkpt>
   <trkpt lat="-12.0031490" lon="-71.2413630">
    <ele>326.6</ele>
    <time>2024-12-11T13:01:59Z</time>
   </trkpt>
   <trkpt lat="-12.0031490" lon="-71.2413630">
    <ele>326.6</ele>
    <time>2024-12-11T13:02:00Z</time>
   </trkpt>
   <trkpt lat="-12.0031490" lon="-71.2413620">
    <ele>326.6</ele>
    <time>2024-12-11T13:02:01Z</time>
   </trkpt>
   <trkpt lat="-12.0031490" lon="-71.2413620">
    <ele>326.6</ele>
    <time>2024-12-11T13:02:02Z</time>
   </trkpt>
   <trkpt lat="-12.0031500" lon="-71.2413620">
    <ele>326.6</ele>
    <time>2024-12-11T13:02:03Z</time>
   </trkpt>
   <trkpt lat="-12.0031500" lon="-71.2413620">
    <ele>326.6</ele>
    <time>2024-12-11T13:02:04Z</time>
   </trkpt>
   <trkpt lat="-12.0031500" lon="-71.2413620">
    <ele>326.6</ele>
    <time>2024-12-11T13:02:05Z</time>
   </trkpt>
   <trkpt lat="-12.0031500" lon="-71.2413610">
    <ele>326.6</ele>
    <time>2024-12-11T13:02:06Z</time>
   </trkpt>
   <trkpt lat="-12.0031500" lon="-71.2413610">
    <ele>326.6</ele>
    <time>2024-12-11T13:02:07Z</time>
   </trkpt>
   <trkpt lat="-12.0031500" lon="-71.2413610">
    <ele>326.6</ele>
    <time>2024-12-11T13:02:08Z</time>
   </trkpt>
   <trkpt lat="-12.0031500" lon="-71.2413610">
    <ele>326.6</ele>
    <time>2024-12-11T13:02:09Z</time>
   </trkpt>
   <trkpt lat="-12.0031500" lon="-71.2413610">
    <ele>326.6</ele>
    <time>2024-12-11T13:02:10Z</time>
   </trkpt>
   <trkpt lat="-12.0031500" lon="-71.2413600">
    <ele>326.6</ele>
    <time>2024-12-11T13:02:11Z</time>
   </trkpt>
   <trkpt lat="-12.0031500" lon="-71.2413600">
    <ele>326.6</ele>
    <time>2024-12-11T13:02:12Z</time>
   </trkpt>
   <trkpt lat="-12.0031500" lon="-71.2413600">
    <ele>326.6</ele>
    <time>2024-12-11T13:02:13Z</time>
   </trkpt>
   <trkpt lat="-12.0031500" lon="-71.2413600">
    <ele>326.6</ele>
    <time>2024-12-11T13:02:14Z</time>
   </trkpt>
   <trkpt lat="-12.0031500" lon="-71.2413590">
    <ele>326.6</ele>
    <time>2024-12-11T13:02:15Z</time>
   </trkpt>
   <trkpt lat="-12.0031510" lon="-71.2413590">
    <ele>326.6</ele>
    <time>2024-12-11T13:02:16Z</time>
   </trkpt>
   <trkpt lat="-12.0031510" lon="-71.2413590">
    <ele>326.6</ele>
    <time>2024-12-11T13:02:17Z</time>
   </trkpt>
   <trkpt lat="-12.0031510" lon="-71.2413590">
    <ele>326.6</ele>
    <time>2024-12-11T13:02:18Z</time>
   </trkpt>
   <trkpt lat="-12.0031510" lon="-71.2413590">
    <ele>326.6</ele>
    <time>2024-12-11T13:02:19Z</time>
   </trkpt>
   <trkpt lat="-12.0031510" lon="-71.2413580">
    <ele>326.6</ele>
    <time>2024-12-11T13:02:20Z</time>
   </trkpt>
   <trkpt lat="-12.0031510" lon="-71.2413580">
    <ele>326.6</ele>
    <time>2024-12-11T13:02:21Z</time>
   </trkpt>
   <trkpt lat="-12.0031510" lon="-71.2413580">
    <ele>326.6</ele>
    <time>2024-12-11T13:02:22Z</time>
   </trkpt>
   <trkpt lat="-12.0031580" lon="-71.2413740">
    <ele>326.6</ele>
    <time>2024-12-11T13:02:23Z</time>
   </trkpt>
   <trkpt lat="-12.0031600" lon="-71.2413880">
    <ele>326.6</ele>
    <time>2024-12-11T13:02:24Z</time>
   </trkpt>
   <trkpt lat="-12.0031630" lon="-71.2414020">
    <ele>326.6</ele>
    <time>2024-12-11T13:02:25Z</time>
   </trkpt>
   <trkpt lat="-12.0031660" lon="-71.2414220">
    <ele>326.6</ele>
    <time>2024-12-11T13:02:26Z</time>
   </trkpt>
   <trkpt lat="-12.0031690" lon="-71.2414330">
    <ele>326.6</ele>
    <time>2024-12-11T13:02:27Z</time>
   </trkpt>
   <trkpt lat="-12.0031700" lon="-71.2414490">
    <ele>326.6</ele>
    <time>2024-12-11T13:02:28Z</time>
   </trkpt>
   <trkpt lat="-12.0031700" lon="-71.2414560">
    <ele>326.7</ele>
    <time>2024-12-11T13:02:29Z</time>
   </trkpt>
   <trkpt lat="-12.0031700" lon="-71.2414660">
    <ele>326.7</ele>
    <time>2024-12-11T13:02:30Z</time>
   </trkpt>
   <trkpt lat="-12.0031830" lon="-71.2414800">
    <ele>326.7</ele>
    <time>2024-12-11T13:02:31Z</time>
   </trkpt>
   <trkpt lat="-12.0031810" lon="-71.2414820">
    <ele>326.7</ele>
    <time>2024-12-11T13:02:32Z</time>
   </trkpt>
   <trkpt lat="-12.0031850" lon="-71.2414940">
    <ele>326.7</ele>
    <time>2024-12-11T13:02:33Z</time>
   </trkpt>
   <trkpt lat="-12.0031850" lon="-71.2415020">
    <ele>326.7</ele>
    <time>2024-12-11T13:02:34Z</time>
   </trkpt>
   <trkpt lat="-12.0031860" lon="-71.2415120">
    <ele>326.7</ele>
    <time>2024-12-11T13:02:35Z</time>
   </trkpt>
   <trkpt lat="-12.0031780" lon="-71.2415190">
    <ele>326.7</ele>
    <time>2024-12-11T13:02:36Z</time>
   </trkpt>
   <trkpt lat="-12.0031850" lon="-71.2415310">
    <ele>326.7</ele>
    <time>2024-12-11T13:02:37Z</time>
   </trkpt>
   <trkpt lat="-12.0031840" lon="-71.2415290">
    <ele>326.7</ele>
    <time>2024-12-11T13:02:38Z</time>
   </trkpt>
   <trkpt lat="-12.0031760" lon="-71.2415400">
    <ele>326.7</ele>
    <time>2024-12-11T13:02:39Z</time>
   </trkpt>
   <trkpt lat="-12.0031690" lon="-71.2415490">
    <ele>326.7</ele>
    <time>2024-12-11T13:02:40Z</time>
   </trkpt>
   <trkpt lat="-12.0031690" lon="-71.2415590">
    <ele>326.7</ele>
    <time>2024-12-11T13:02:41Z</time>
   </trkpt>
   <trkpt lat="-12.0031720" lon="-71.2415640">
    <ele>326.7</ele>
    <time>2024-12-11T13:02:42Z</time>
   </trkpt>
   <trkpt lat="-12.0031690" lon="-71.2415640">
    <ele>326.8</ele>
    <time>2024-12-11T13:02:43Z</time>
   </trkpt>
   <trkpt lat="-12.0031660" lon="-71.2415740">
    <ele>326.8</ele>
    <time>2024-12-11T13:02:44Z</time>
   </trkpt>
   <trkpt lat="-12.0031870" lon="-71.2415760">
    <ele>326.8</ele>
    <time>2024-12-11T13:02:45Z</time>
   </trkpt>
   <trkpt lat="-12.0031930" lon="-71.2415860">
    <ele>326.8</ele>
    <time>2024-12-11T13:02:46Z</time>
   </trkpt>
   <trkpt lat="-12.0031960" lon="-71.2415890">
    <ele>326.8</ele>
    <time>2024-12-11T13:02:47Z</time>
   </trkpt>
   <trkpt lat="-12.0032100" lon="-71.2415910">
    <ele>326.8</ele>
    <time>2024-12-11T13:02:48Z</time>
   </trkpt>
   <trkpt lat="-12.0032110" lon="-71.2415870">
    <ele>326.8</ele>
    <time>2024-12-11T13:02:49Z</time>
   </trkpt>
   <trkpt lat="-12.0032220" lon="-71.2415940">
    <ele>326.8</ele>
    <time>2024-12-11T13:02:50Z</time>
   </trkpt>
   <trkpt lat="-12.0032220" lon="-71.2415930">
    <ele>326.8</ele>
    <time>2024-12-11T13:02:51Z</time>
   </trkpt>
   <trkpt lat="-12.0032240" lon="-71.2415930">
    <ele>326.8</ele>
    <time>2024-12-11T13:02:52Z</time>
   </trkpt>
   <trkpt lat="-12.0032300" lon="-71.2415960">
    <ele>326.8</ele>
    <time>2024-12-11T13:02:53Z</time>
   </trkpt>
   <trkpt lat="-12.0032430" lon="-71.2415930">
    <ele>326.8</ele>
    <time>2024-12-11T13:02:54Z</time>
   </trkpt>
   <trkpt lat="-12.0032500" lon="-71.2416060">
    <ele>326.8</ele>
    <time>2024-12-11T13:02:55Z</time>
   </trkpt>
   <trkpt lat="-12.0032480" lon="-71.2416420">
    <ele>326.9</ele>
    <time>2024-12-11T13:02:56Z</time>
   </trkpt>
   <trkpt lat="-12.0032460" lon="-71.2416550">
    <ele>326.9</ele>
    <time>2024-12-11T13:02:57Z</time>
   </trkpt>
   <trkpt lat="-12.0032400" lon="-71.2416710">
    <ele>326.9</ele>
    <time>2024-12-11T13:02:58Z</time>
   </trkpt>
   <trkpt lat="-12.0032420" lon="-71.2416770">
    <ele>326.9</ele>
    <time>2024-12-11T13:02:59Z</time>
   </trkpt>
   <trkpt lat="-12.0032420" lon="-71.2416880">
    <ele>326.9</ele>
    <time>2024-12-11T13:03:00Z</time>
   </trkpt>
   <trkpt lat="-12.0032490" lon="-71.2417150">
    <ele>326.9</ele>
    <time>2024-12-11T13:03:01Z</time>
   </trkpt>
   <trkpt lat="-12.0032510" lon="-71.2417270">
    <ele>326.9</ele>
    <time>2024-12-11T13:03:02Z</time>
   </trkpt>
   <trkpt lat="-12.0032540" lon="-71.2417380">
    <ele>326.9</ele>
    <time>2024-12-11T13:03:03Z</time>
   </trkpt>
   <trkpt lat="-12.0032570" lon="-71.2417560">
    <ele>326.9</ele>
    <time>2024-12-11T13:03:04Z</time>
   </trkpt>
   <trkpt lat="-12.0032600" lon="-71.2417740">
    <ele>327.0</ele>
    <time>2024-12-11T13:03:05Z</time>
   </trkpt>
   <trkpt lat="-12.0032690" lon="-71.2417900">
    <ele>327.0</ele>
    <time>2024-12-11T13:03:06Z</time>
   </trkpt>
   <trkpt lat="-12.0032670" lon="-71.2418050">
    <ele>327.0</ele>
    <time>2024-12-11T13:03:07Z</time>
   </trkpt>
   <trkpt lat="-12.0032850" lon="-71.2418250">
    <ele>327.0</ele>
    <time>2024-12-11T13:03:08Z</time>
   </trkpt>
   <trkpt lat="-12.0033000" lon="-71.2418290">
    <ele>327.0</ele>
    <time>2024-12-11T13:03:09Z</time>
   </trkpt>
   <trkpt lat="-12.0032950" lon="-71.2418380">
    <ele>327.0</ele>
    <time>2024-12-11T13:03:10Z</time>
   </trkpt>
   <trkpt lat="-12.0032960" lon="-71.2418390">
    <ele>327.0</ele>
    <time>2024-12-11T13:03:11Z</time>
   </trkpt>
   <trkpt lat="-12.0032980" lon="-71.2418500">
    <ele>327.0</ele>
    <time>2024-12-11T13:03:12Z</time>
   </trkpt>
   <trkpt lat="-12.0032980" lon="-71.2418620">
    <ele>327.0</ele>
    <time>2024-12-11T13:03:13Z</time>
   </trkpt>
   <trkpt lat="-12.0032970" lon="-71.2418630">
    <ele>327.0</ele>
    <time>2024-12-11T13:03:14Z</time>
   </trkpt>
   <trkpt lat="-12.0033010" lon="-71.2418730">
    <ele>327.1</ele>
    <time>2024-12-11T13:03:15Z</time>
   </trkpt>
   <trkpt lat="-12.0033000" lon="-71.2418800">
    <ele>327.1</ele>
    <time>2024-12-11T13:03:16Z</time>
   </trkpt>
   <trkpt lat="-12.0033020" lon="-71.2418940">
    <ele>327.1</ele>
    <time>2024-12-11T13:03:17Z</time>
   </trkpt>
   <trkpt lat="-12.0033130" lon="-71.2419010">
    <ele>327.1</ele>
    <time>2024-12-11T13:03:18Z</time>
   </trkpt>
   <trkpt lat="-12.0033190" lon="-71.2419030">
    <ele>327.1</ele>
    <time>2024-12-11T13:03:19Z</time>
   </trkpt>
   <trkpt lat="-12.0033230" lon="-71.2419130">
    <ele>327.1</ele>
    <time>2024-12-11T13:03:20Z</time>
   </trkpt>
   <trkpt lat="-12.0033180" lon="-71.2419370">
    <ele>327.1</ele>
    <time>2024-12-11T13:03:21Z</time>
   </trkpt>
   <trkpt lat="-12.0033140" lon="-71.2419430">
    <ele>327.1</ele>
    <time>2024-12-11T13:03:22Z</time>
   </trkpt>
   <trkpt lat="-12.0033100" lon="-71.2419500">
    <ele>327.1</ele>
    <time>2024-12-11T13:03:23Z</time>
   </trkpt>
   <trkpt lat="-12.0033140" lon="-71.2419610">
    <ele>327.1</ele>
    <time>2024-12-11T13:03:24Z</time>
   </trkpt>
   <trkpt lat="-12.0033130" lon="-71.2419660">
    <ele>327.1</ele>
    <time>2024-12-11T13:03:25Z</time>
   </trkpt>
   <trkpt lat="-12.0033180" lon="-71.2419710">
    <ele>327.1</ele>
    <time>2024-12-11T13:03:26Z</time>
   </trkpt>
   <trkpt lat="-12.0033230" lon="-71.2419750">
    <ele>327.1</ele>
    <time>2024-12-11T13:03:27Z</time>
   </trkpt>
   <trkpt lat="-12.0033060" lon="-71.2419860">
    <ele>327.2</ele>
    <time>2024-12-11T13:03:28Z</time>
   </trkpt>
   <trkpt lat="-12.0033290" lon="-71.2419920">
    <ele>327.2</ele>
    <time>2024-12-11T13:03:29Z</time>
   </trkpt>
   <trkpt lat="-12.0033340" lon="-71.2419970">
    <ele>327.2</ele>
    <time>2024-12-11T13:03:30Z</time>
   </trkpt>
   <trkpt lat="-12.0033440" lon="-71.2420190">
    <ele>327.2</ele>
    <time>2024-12-11T13:03:31Z</time>
   </trkpt>
   <trkpt lat="-12.0033450" lon="-71.2420260">
    <ele>327.2</ele>
    <time>2024-12-11T13:03:32Z</time>
   </trkpt>
   <trkpt lat="-12.0033450" lon="-71.2420340">
    <ele>327.2</ele>
    <time>2024-12-11T13:03:33Z</time>
   </trkpt>
   <trkpt lat="-12.0033540" lon="-71.2420410">
    <ele>327.2</ele>
    <time>2024-12-11T13:03:34Z</time>
   </trkpt>
   <trkpt lat="-12.0033680" lon="-71.2420450">
    <ele>327.2</ele>
    <time>2024-12-11T13:03:35Z</time>
   </trkpt>
   <trkpt lat="-12.0033810" lon="-71.2420530">
    <ele>327.2</ele>
    <time>2024-12-11T13:03:37Z</time>
   </trkpt>
   <trkpt lat="-12.0033890" lon="-71.2420600">
    <ele>327.2</ele>
    <time>2024-12-11T13:03:38Z</time>
   </trkpt>
   <trkpt lat="-12.0033910" lon="-71.2420650">
    <ele>327.3</ele>
    <time>2024-12-11T13:03:39Z</time>
   </trkpt>
   <trkpt lat="-12.0033920" lon="-71.2420700">
    <ele>327.3</ele>
    <time>2024-12-11T13:03:40Z</time>
   </trkpt>
   <trkpt lat="-12.0033970" lon="-71.2420790">
    <ele>327.3</ele>
    <time>2024-12-11T13:03:41Z</time>
   </trkpt>
   <trkpt lat="-12.0033970" lon="-71.2420800">
    <ele>327.3</ele>
    <time>2024-12-11T13:03:42Z</time>
   </trkpt>
   <trkpt lat="-12.0033980" lon="-71.2420890">
    <ele>327.3</ele>
    <time>2024-12-11T13:03:43Z</time>
   </trkpt>
   <trkpt lat="-12.0034190" lon="-71.2420950">
    <ele>327.3</ele>
    <time>2024-12-11T13:03:44Z</time>
   </trkpt>
   <trkpt lat="-12.0034270" lon="-71.2420970">
    <ele>327.3</ele>
    <time>2024-12-11T13:03:45Z</time>
   </trkpt>
   <trkpt lat="-12.0034440" lon="-71.2421010">
    <ele>327.3</ele>
    <time>2024-12-11T13:03:46Z</time>
   </trkpt>
   <trkpt lat="-12.0034520" lon="-71.2421000">
    <ele>327.3</ele>
    <time>2024-12-11T13:03:47Z</time>
   </trkpt>
   <trkpt lat="-12.0034590" lon="-71.2421000">
    <ele>327.3</ele>
    <time>2024-12-11T13:03:48Z</time>
   </trkpt>
   <trkpt lat="-12.0034670" lon="-71.2420990">
    <ele>327.3</ele>
    <time>2024-12-11T13:03:49Z</time>
   </trkpt>
   <trkpt lat="-12.0034700" lon="-71.2421110">
    <ele>327.3</ele>
    <time>2024-12-11T13:03:50Z</time>
   </trkpt>
   <trkpt lat="-12.0034720" lon="-71.2421120">
    <ele>327.3</ele>
    <time>2024-12-11T13:03:51Z</time>
   </trkpt>
   <trkpt lat="-12.0034730" lon="-71.2421140">
    <ele>327.3</ele>
    <time>2024-12-11T13:03:52Z</time>
   </trkpt>
   <trkpt lat="-12.0034830" lon="-71.2421270">
    <ele>327.3</ele>
    <time>2024-12-11T13:03:53Z</time>
   </trkpt>
   <trkpt lat="-12.0034890" lon="-71.2421530">
    <ele>327.4</ele>
    <time>2024-12-11T13:03:54Z</time>
   </trkpt>
   <trkpt lat="-12.0034920" lon="-71.2421650">
    <ele>327.4</ele>
    <time>2024-12-11T13:03:55Z</time>
   </trkpt>
   <trkpt lat="-12.0035020" lon="-71.2421660">
    <ele>327.4</ele>
    <time>2024-12-11T13:03:56Z</time>
   </trkpt>
   <trkpt lat="-12.0035080" lon="-71.2421670">
    <ele>327.4</ele>
    <time>2024-12-11T13:03:57Z</time>
   </trkpt>
   <trkpt lat="-12.0035140" lon="-71.2421670">
    <ele>327.4</ele>
    <time>2024-12-11T13:03:58Z</time>
   </trkpt>
   <trkpt lat="-12.0035190" lon="-71.2421680">
    <ele>327.4</ele>
    <time>2024-12-11T13:03:59Z</time>
   </trkpt>
   <trkpt lat="-12.0035250" lon="-71.2421680">
    <ele>327.4</ele>
    <time>2024-12-11T13:04:00Z</time>
   </trkpt>
   <trkpt lat="-12.0035310" lon="-71.2421690">
    <ele>327.4</ele>
    <time>2024-12-11T13:04:01Z</time>
   </trkpt>
   <trkpt lat="-12.0035310" lon="-71.2421700">
    <ele>327.4</ele>
    <time>2024-12-11T13:04:02Z</time>
   </trkpt>
   <trkpt lat="-12.0035250" lon="-71.2421740">
    <ele>327.4</ele>
    <time>2024-12-11T13:04:03Z</time>
   </trkpt>
   <trkpt lat="-12.0035250" lon="-71.2421770">
    <ele>327.4</ele>
    <time>2024-12-11T13:04:04Z</time>
   </trkpt>
   <trkpt lat="-12.0035250" lon="-71.2421790">
    <ele>327.4</ele>
    <time>2024-12-11T13:04:05Z</time>
   </trkpt>
   <trkpt lat="-12.0035240" lon="-71.2421850">
    <ele>327.4</ele>
    <time>2024-12-11T13:04:06Z</time>
   </trkpt>
   <trkpt lat="-12.0035270" lon="-71.2421910">
    <ele>327.4</ele>
    <time>2024-12-11T13:04:07Z</time>
   </trkpt>
   <trkpt lat="-12.0035290" lon="-71.2421990">
    <ele>327.4</ele>
    <time>2024-12-11T13:04:08Z</time>
   </trkpt>
   <trkpt lat="-12.0035350" lon="-71.2421990">
    <ele>327.4</ele>
    <time>2024-12-11T13:04:09Z</time>
   </trkpt>
   <trkpt lat="-12.0035320" lon="-71.2422020">
    <ele>327.4</ele>
    <time>2024-12-11T13:04:10Z</time>
   </trkpt>
   <trkpt lat="-12.0035320" lon="-71.2422020">
    <ele>327.4</ele>
    <time>2024-12-11T13:04:11Z</time>
   </trkpt>
   <trkpt lat="-12.0035320" lon="-71.2422020">
    <ele>327.4</ele>
    <time>2024-12-11T13:04:12Z</time>
   </trkpt>
   <trkpt lat="-12.0035340" lon="-71.2422010">
    <ele>327.4</ele>
    <time>2024-12-11T13:04:13Z</time>
   </trkpt>
   <trkpt lat="-12.0035350" lon="-71.2422120">
    <ele>327.5</ele>
    <time>2024-12-11T13:04:14Z</time>
   </trkpt>
   <trkpt lat="-12.0035320" lon="-71.2422170">
    <ele>327.5</ele>
    <time>2024-12-11T13:04:15Z</time>
   </trkpt>
   <trkpt lat="-12.0035370" lon="-71.2422150">
    <ele>327.5</ele>
    <time>2024-12-11T13:04:16Z</time>
   </trkpt>
   <trkpt lat="-12.0035410" lon="-71.2422150">
    <ele>327.5</ele>
    <time>2024-12-11T13:04:17Z</time>
   </trkpt>
   <trkpt lat="-12.0035400" lon="-71.2422210">
    <ele>327.5</ele>
    <time>2024-12-11T13:04:18Z</time>
   </trkpt>
   <trkpt lat="-12.0035420" lon="-71.2422280">
    <ele>327.5</ele>
    <time>2024-12-11T13:04:19Z</time>
   </trkpt>
   <trkpt lat="-12.0035550" lon="-71.2422190">
    <ele>327.5</ele>
    <time>2024-12-11T13:04:20Z</time>
   </trkpt>
   <trkpt lat="-12.0035540" lon="-71.2422190">
    <ele>327.5</ele>
    <time>2024-12-11T13:04:21Z</time>
   </trkpt>
   <trkpt lat="-12.0035590" lon="-71.2422200">
    <ele>327.5</ele>
    <time>2024-12-11T13:04:22Z</time>
   </trkpt>
   <trkpt lat="-12.0035670" lon="-71.2422250">
    <ele>327.5</ele>
    <time>2024-12-11T13:04:23Z</time>
   </trkpt>
   <trkpt lat="-12.0035670" lon="-71.2422310">
    <ele>327.5</ele>
    <time>2024-12-11T13:04:24Z</time>
   </trkpt>
   <trkpt lat="-12.0035670" lon="-71.2422310">
    <ele>327.5</ele>
    <time>2024-12-11T13:04:25Z</time>
   </trkpt>
   <trkpt lat="-12.0035670" lon="-71.2422310">
    <ele>327.5</ele>
    <time>2024-12-11T13:04:26Z</time>
   </trkpt>
   <trkpt lat="-12.0035670" lon="-71.2422310">
    <ele>327.5</ele>
    <time>2024-12-11T13:04:27Z</time>
   </trkpt>
   <trkpt lat="-12.0035670" lon="-71.2422310">
    <ele>327.5</ele>
    <time>2024-12-11T13:04:28Z</time>
   </trkpt>
   <trkpt lat="-12.0035660" lon="-71.2422110">
    <ele>327.5</ele>
    <time>2024-12-11T13:04:29Z</time>
   </trkpt>
   <trkpt lat="-12.0035630" lon="-71.2422130">
    <ele>327.5</ele>
    <time>2024-12-11T13:04:30Z</time>
   </trkpt>
   <trkpt lat="-12.0035710" lon="-71.2422120">
    <ele>327.5</ele>
    <time>2024-12-11T13:04:31Z</time>
   </trkpt>
   <trkpt lat="-12.0035830" lon="-71.2422070">
    <ele>327.5</ele>
    <time>2024-12-11T13:04:32Z</time>
   </trkpt>
   <trkpt lat="-12.0035980" lon="-71.2422060">
    <ele>327.5</ele>
    <time>2024-12-11T13:04:33Z</time>
   </trkpt>
   <trkpt lat="-12.0035980" lon="-71.2422110">
    <ele>327.5</ele>
    <time>2024-12-11T13:04:34Z</time>
   </trkpt>
   <trkpt lat="-12.0035990" lon="-71.2422160">
    <ele>327.6</ele>
    <time>2024-12-11T13:04:35Z</time>
   </trkpt>
   <trkpt lat="-12.0035960" lon="-71.2422340">
    <ele>327.6</ele>
    <time>2024-12-11T13:04:36Z</time>
   </trkpt>
   <trkpt lat="-12.0035910" lon="-71.2422210">
    <ele>327.6</ele>
    <time>2024-12-11T13:04:37Z</time>
   </trkpt>
   <trkpt lat="-12.0035930" lon="-71.2422170">
    <ele>327.6</ele>
    <time>2024-12-11T13:04:38Z</time>
   </trkpt>
   <trkpt lat="-12.0035930" lon="-71.2422280">
    <ele>327.6</ele>
    <time>2024-12-11T13:04:39Z</time>
   </trkpt>
   <trkpt lat="-12.0035960" lon="-71.2422310">
    <ele>327.6</ele>
    <time>2024-12-11T13:04:40Z</time>
   </trkpt>
   <trkpt lat="-12.0036080" lon="-71.2422220">
    <ele>327.6</ele>
    <time>2024-12-11T13:04:41Z</time>
   </trkpt>
   <trkpt lat="-12.0036220" lon="-71.2422250">
    <ele>327.6</ele>
    <time>2024-12-11T13:04:42Z</time>
   </trkpt>
   <trkpt lat="-12.0036270" lon="-71.2422290">
    <ele>327.6</ele>
    <time>2024-12-11T13:04:43Z</time>
   </trkpt>
   <trkpt lat="-12.0036320" lon="-71.2422390">
    <ele>327.6</ele>
    <time>2024-12-11T13:04:44Z</time>
   </trkpt>
   <trkpt lat="-12.0036400" lon="-71.2422360">
    <ele>327.6</ele>
    <time>2024-12-11T13:04:45Z</time>
   </trkpt>
   <trkpt lat="-12.0036420" lon="-71.2422410">
    <ele>327.6</ele>
    <time>2024-12-11T13:04:46Z</time>
   </trkpt>
   <trkpt lat="-12.0036370" lon="-71.2422550">
    <ele>327.6</ele>
    <time>2024-12-11T13:04:47Z</time>
   </trkpt>
   <trkpt lat="-12.0036360" lon="-71.2422560">
    <ele>327.6</ele>
    <time>2024-12-11T13:04:48Z</time>
   </trkpt>
   <trkpt lat="-12.0036360" lon="-71.2422570">
    <ele>327.6</ele>
    <time>2024-12-11T13:04:49Z</time>
   </trkpt>
   <trkpt lat="-12.0036360" lon="-71.2422570">
    <ele>327.6</ele>
    <time>2024-12-11T13:04:50Z</time>
   </trkpt>
   <trkpt lat="-12.0036360" lon="-71.2422580">
    <ele>327.6</ele>
    <time>2024-12-11T13:04:51Z</time>
   </trkpt>
   <trkpt lat="-12.0036360" lon="-71.2422590">
    <ele>327.6</ele>
    <time>2024-12-11T13:04:52Z</time>
   </trkpt>
   <trkpt lat="-12.0036360" lon="-71.2422600">
    <ele>327.6</ele>
    <time>2024-12-11T13:04:53Z</time>
   </trkpt>
   <trkpt lat="-12.0036360" lon="-71.2422610">
    <ele>327.7</ele>
    <time>2024-12-11T13:04:54Z</time>
   </trkpt>
   <trkpt lat="-12.0036360" lon="-71.2422620">
    <ele>327.7</ele>
    <time>2024-12-11T13:04:55Z</time>
   </trkpt>
   <trkpt lat="-12.0036360" lon="-71.2422620">
    <ele>327.7</ele>
    <time>2024-12-11T13:04:56Z</time>
   </trkpt>
   <trkpt lat="-12.0036360" lon="-71.2422630">
    <ele>327.7</ele>
    <time>2024-12-11T13:04:57Z</time>
   </trkpt>
   <trkpt lat="-12.0036360" lon="-71.2422640">
    <ele>327.7</ele>
    <time>2024-12-11T13:04:58Z</time>
   </trkpt>
   <trkpt lat="-12.0036360" lon="-71.2422650">
    <ele>327.7</ele>
    <time>2024-12-11T13:04:59Z</time>
   </trkpt>
   <trkpt lat="-12.0036350" lon="-71.2422660">
    <ele>327.7</ele>
    <time>2024-12-11T13:05:00Z</time>
   </trkpt>
   <trkpt lat="-12.0036350" lon="-71.2422670">
    <ele>327.7</ele>
    <time>2024-12-11T13:05:01Z</time>
   </trkpt>
   <trkpt lat="-12.0036350" lon="-71.2422670">
    <ele>327.7</ele>
    <time>2024-12-11T13:05:02Z</time>
   </trkpt>
   <trkpt lat="-12.0036350" lon="-71.2422680">
    <ele>327.7</ele>
    <time>2024-12-11T13:05:03Z</time>
   </trkpt>
   <trkpt lat="-12.0036350" lon="-71.2422690">
    <ele>327.7</ele>
    <time>2024-12-11T13:05:04Z</time>
   </trkpt>
   <trkpt lat="-12.0036350" lon="-71.2422700">
    <ele>327.7</ele>
    <time>2024-12-11T13:05:05Z</time>
   </trkpt>
   <trkpt lat="-12.0036350" lon="-71.2422710">
    <ele>327.7</ele>
    <time>2024-12-11T13:05:06Z</time>
   </trkpt>
   <trkpt lat="-12.0036350" lon="-71.2422710">
    <ele>327.7</ele>
    <time>2024-12-11T13:05:07Z</time>
   </trkpt>
   <trkpt lat="-12.0036350" lon="-71.2422720">
    <ele>327.7</ele>
    <time>2024-12-11T13:05:08Z</time>
   </trkpt>
   <trkpt lat="-12.0036350" lon="-71.2422730">
    <ele>327.7</ele>
    <time>2024-12-11T13:05:09Z</time>
   </trkpt>
   <trkpt lat="-12.0036350" lon="-71.2422740">
    <ele>327.7</ele>
    <time>2024-12-11T13:05:10Z</time>
   </trkpt>
   <trkpt lat="-12.0036350" lon="-71.2422750">
    <ele>327.7</ele>
    <time>2024-12-11T13:05:11Z</time>
   </trkpt>
   <trkpt lat="-12.0036350" lon="-71.2422760">
    <ele>327.7</ele>
    <time>2024-12-11T13:05:12Z</time>
   </trkpt>
   <trkpt lat="-12.0036350" lon="-71.2422760">
    <ele>327.7</ele>
    <time>2024-12-11T13:05:13Z</time>
   </trkpt>
   <trkpt lat="-12.0036350" lon="-71.2422770">
    <ele>327.7</ele>
    <time>2024-12-11T13:05:14Z</time>
   </trkpt>
   <trkpt lat="-12.0036350" lon="-71.2422780">
    <ele>327.7</ele>
    <time>2024-12-11T13:05:15Z</time>
   </trkpt>
   <trkpt lat="-12.0036350" lon="-71.2422790">
    <ele>327.7</ele>
    <time>2024-12-11T13:05:16Z</time>
   </trkpt>
   <trkpt lat="-12.0036350" lon="-71.2422800">
    <ele>327.7</ele>
    <time>2024-12-11T13:05:17Z</time>
   </trkpt>
   <trkpt lat="-12.0036350" lon="-71.2422800">
    <ele>327.7</ele>
    <time>2024-12-11T13:05:18Z</time>
   </trkpt>
   <trkpt lat="-12.0036350" lon="-71.2422810">
    <ele>327.7</ele>
    <time>2024-12-11T13:05:19Z</time>
   </trkpt>
   <trkpt lat="-12.0036350" lon="-71.2422820">
    <ele>327.7</ele>
    <time>2024-12-11T13:05:20Z</time>
   </trkpt>
   <trkpt lat="-12.0036350" lon="-71.2422830">
    <ele>327.7</ele>
    <time>2024-12-11T13:05:21Z</time>
   </trkpt>
   <trkpt lat="-12.0036350" lon="-71.2422840">
    <ele>327.7</ele>
    <time>2024-12-11T13:05:22Z</time>
   </trkpt>
   <trkpt lat="-12.0036350" lon="-71.2422850">
    <ele>327.7</ele>
    <time>2024-12-11T13:05:23Z</time>
   </trkpt>
   <trkpt lat="-12.0036340" lon="-71.2422850">
    <ele>327.7</ele>
    <time>2024-12-11T13:05:24Z</time>
   </trkpt>
   <trkpt lat="-12.0036340" lon="-71.2422860">
    <ele>327.7</ele>
    <time>2024-12-11T13:05:25Z</time>
   </trkpt>
   <trkpt lat="-12.0036340" lon="-71.2422870">
    <ele>327.7</ele>
    <time>2024-12-11T13:05:26Z</time>
   </trkpt>
   <trkpt lat="-12.0036340" lon="-71.2422880">
    <ele>327.7</ele>
    <time>2024-12-11T13:05:27Z</time>
   </trkpt>
   <trkpt lat="-12.0036340" lon="-71.2422890">
    <ele>327.7</ele>
    <time>2024-12-11T13:05:28Z</time>
   </trkpt>
   <trkpt lat="-12.0036340" lon="-71.2422900">
    <ele>327.7</ele>
    <time>2024-12-11T13:05:29Z</time>
   </trkpt>
   <trkpt lat="-12.0036340" lon="-71.2422900">
    <ele>327.7</ele>
    <time>2024-12-11T13:05:30Z</time>
   </trkpt>
   <trkpt lat="-12.0036340" lon="-71.2422910">
    <ele>327.7</ele>
    <time>2024-12-11T13:05:31Z</time>
   </trkpt>
   <trkpt lat="-12.0036340" lon="-71.2422920">
    <ele>327.7</ele>
    <time>2024-12-11T13:05:32Z</time>
   </trkpt>
   <trkpt lat="-12.0036340" lon="-71.2422930">
    <ele>327.7</ele>
    <time>2024-12-11T13:05:33Z</time>
   </trkpt>
   <trkpt lat="-12.0036340" lon="-71.2422940">
    <ele>327.7</ele>
    <time>2024-12-11T13:05:34Z</time>
   </trkpt>
   <trkpt lat="-12.0036340" lon="-71.2422940">
    <ele>327.7</ele>
    <time>2024-12-11T13:05:35Z</time>
   </trkpt>
   <trkpt lat="-12.0036340" lon="-71.2422950">
    <ele>327.7</ele>
    <time>2024-12-11T13:05:36Z</time>
   </trkpt>
   <trkpt lat="-12.0036340" lon="-71.2422960">
    <ele>327.7</ele>
    <time>2024-12-11T13:05:37Z</time>
   </trkpt>
   <trkpt lat="-12.0036340" lon="-71.2422970">
    <ele>327.7</ele>
    <time>2024-12-11T13:05:38Z</time>
   </trkpt>
   <trkpt lat="-12.0036340" lon="-71.2422980">
    <ele>327.7</ele>
    <time>2024-12-11T13:05:39Z</time>
   </trkpt>
   <trkpt lat="-12.0036340" lon="-71.2422990">
    <ele>327.7</ele>
    <time>2024-12-11T13:05:40Z</time>
   </trkpt>
   <trkpt lat="-12.0036340" lon="-71.2422990">
    <ele>327.7</ele>
    <time>2024-12-11T13:05:41Z</time>
   </trkpt>
   <trkpt lat="-12.0036340" lon="-71.2423000">
    <ele>327.7</ele>
    <time>2024-12-11T13:05:43Z</time>
   </trkpt>
   <trkpt lat="-12.0036340" lon="-71.2423010">
    <ele>327.7</ele>
    <time>2024-12-11T13:05:44Z</time>
   </trkpt>
   <trkpt lat="-12.0036340" lon="-71.2423020">
    <ele>327.7</ele>
    <time>2024-12-11T13:05:45Z</time>
   </trkpt>
   <trkpt lat="-12.0036340" lon="-71.2423030">
    <ele>327.7</ele>
    <time>2024-12-11T13:05:46Z</time>
   </trkpt>
   <trkpt lat="-12.0036340" lon="-71.2423030">
    <ele>327.7</ele>
    <time>2024-12-11T13:05:47Z</time>
   </trkpt>
   <trkpt lat="-12.0036340" lon="-71.2423040">
    <ele>327.7</ele>
    <time>2024-12-11T13:05:48Z</time>
   </trkpt>
   <trkpt lat="-12.0036330" lon="-71.2423050">
    <ele>327.7</ele>
    <time>2024-12-11T13:05:49Z</time>
   </trkpt>
   <trkpt lat="-12.0036330" lon="-71.2423060">
    <ele>327.7</ele>
    <time>2024-12-11T13:05:50Z</time>
   </trkpt>
   <trkpt lat="-12.0036330" lon="-71.2423070">
    <ele>327.7</ele>
    <time>2024-12-11T13:05:51Z</time>
   </trkpt>
   <trkpt lat="-12.0036330" lon="-71.2423080">
    <ele>327.7</ele>
    <time>2024-12-11T13:05:52Z</time>
   </trkpt>
   <trkpt lat="-12.0036330" lon="-71.2423080">
    <ele>327.7</ele>
    <time>2024-12-11T13:05:53Z</time>
   </trkpt>
   <trkpt lat="-12.0036330" lon="-71.2423090">
    <ele>327.7</ele>
    <time>2024-12-11T13:05:54Z</time>
   </trkpt>
   <trkpt lat="-12.0036330" lon="-71.2423100">
    <ele>327.7</ele>
    <time>2024-12-11T13:05:55Z</time>
   </trkpt>
   <trkpt lat="-12.0036330" lon="-71.2423110">
    <ele>327.7</ele>
    <time>2024-12-11T13:05:56Z</time>
   </trkpt>
   <trkpt lat="-12.0036330" lon="-71.2423120">
    <ele>327.7</ele>
    <time>2024-12-11T13:05:57Z</time>
   </trkpt>
   <trkpt lat="-12.0036330" lon="-71.2423130">
    <ele>327.7</ele>
    <time>2024-12-11T13:05:58Z</time>
   </trkpt>
   <trkpt lat="-12.0036330" lon="-71.2423130">
    <ele>327.7</ele>
    <time>2024-12-11T13:05:59Z</time>
   </trkpt>
   <trkpt lat="-12.0036330" lon="-71.2423140">
    <ele>327.7</ele>
    <time>2024-12-11T13:06:00Z</time>
   </trkpt>
   <trkpt lat="-12.0036330" lon="-71.2423150">
    <ele>327.7</ele>
    <time>2024-12-11T13:06:01Z</time>
   </trkpt>
   <trkpt lat="-12.0036360" lon="-71.2423160">
    <ele>327.7</ele>
    <time>2024-12-11T13:06:02Z</time>
   </trkpt>
   <trkpt lat="-12.0036360" lon="-71.2423150">
    <ele>327.7</ele>
    <time>2024-12-11T13:06:03Z</time>
   </trkpt>
   <trkpt lat="-12.0036400" lon="-71.2423080">
    <ele>327.7</ele>
    <time>2024-12-11T13:06:04Z</time>
   </trkpt>
   <trkpt lat="-12.0036390" lon="-71.2423110">
    <ele>327.7</ele>
    <time>2024-12-11T13:06:05Z</time>
   </trkpt>
   <trkpt lat="-12.0036380" lon="-71.2423100">
    <ele>327.7</ele>
    <time>2024-12-11T13:06:06Z</time>
   </trkpt>
   <trkpt lat="-12.0036380" lon="-71.2423100">
    <ele>327.7</ele>
    <time>2024-12-11T13:06:07Z</time>
   </trkpt>
   <trkpt lat="-12.0036380" lon="-71.2423100">
    <ele>327.7</ele>
    <time>2024-12-11T13:06:08Z</time>
   </trkpt>
   <trkpt lat="-12.0036380" lon="-71.2423100">
    <ele>327.7</ele>
    <time>2024-12-11T13:06:09Z</time>
   </trkpt>
   <trkpt lat="-12.0036380" lon="-71.2423100">
    <ele>327.7</ele>
    <time>2024-12-11T13:06:10Z</time>
   </trkpt>
   <trkpt lat="-12.0036370" lon="-71.2423070">
    <ele>327.7</ele>
    <time>2024-12-11T13:06:11Z</time>
   </trkpt>
   <trkpt lat="-12.0036370" lon="-71.2423070">
    <ele>327.7</ele>
    <time>2024-12-11T13:06:12Z</time>
   </trkpt>
   <trkpt lat="-12.0036370" lon="-71.2423080">
    <ele>327.7</ele>
    <time>2024-12-11T13:06:13Z</time>
   </trkpt>
   <trkpt lat="-12.0036370" lon="-71.2423080">
    <ele>327.7</ele>
    <time>2024-12-11T13:06:14Z</time>
   </trkpt>
   <trkpt lat="-12.0036260" lon="-71.2422830">
    <ele>327.7</ele>
    <time>2024-12-11T13:06:15Z</time>
   </trkpt>
   <trkpt lat="-12.0036260" lon="-71.2422790">
    <ele>327.7</ele>
    <time>2024-12-11T13:06:16Z</time>
   </trkpt>
   <trkpt lat="-12.0036260" lon="-71.2422790">
    <ele>327.7</ele>
    <time>2024-12-11T13:06:17Z</time>
   </trkpt>
   <trkpt lat="-12.0036260" lon="-71.2422800">
    <ele>327.7</ele>
    <time>2024-12-11T13:06:18Z</time>
   </trkpt>
   <trkpt lat="-12.0036310" lon="-71.2422720">
    <ele>327.7</ele>
    <time>2024-12-11T13:06:19Z</time>
   </trkpt>
   <trkpt lat="-12.0036310" lon="-71.2422720">
    <ele>327.7</ele>
    <time>2024-12-11T13:06:20Z</time>
   </trkpt>
   <trkpt lat="-12.0036310" lon="-71.2422720">
    <ele>327.7</ele>
    <time>2024-12-11T13:06:21Z</time>
   </trkpt>
   <trkpt lat="-12.0036310" lon="-71.2422720">
    <ele>327.7</ele>
    <time>2024-12-11T13:06:22Z</time>
   </trkpt>
   <trkpt lat="-12.0036310" lon="-71.2422720">
    <ele>327.7</ele>
    <time>2024-12-11T13:06:23Z</time>
   </trkpt>
   <trkpt lat="-12.0036300" lon="-71.2422710">
    <ele>327.7</ele>
    <time>2024-12-11T13:06:24Z</time>
   </trkpt>
   <trkpt lat="-12.0036310" lon="-71.2422650">
    <ele>327.7</ele>
    <time>2024-12-11T13:06:25Z</time>
   </trkpt>
   <trkpt lat="-12.0036310" lon="-71.2422650">
    <ele>327.7</ele>
    <time>2024-12-11T13:06:26Z</time>
   </trkpt>
   <trkpt lat="-12.0036310" lon="-71.2422650">
    <ele>327.7</ele>
    <time>2024-12-11T13:06:27Z</time>
   </trkpt>
   <trkpt lat="-12.0036320" lon="-71.2422630">
    <ele>327.7</ele>
    <time>2024-12-11T13:06:28Z</time>
   </trkpt>
   <trkpt lat="-12.0036340" lon="-71.2422620">
    <ele>327.7</ele>
    <time>2024-12-11T13:06:29Z</time>
   </trkpt>
   <trkpt lat="-12.0036340" lon="-71.2422620">
    <ele>327.7</ele>
    <time>2024-12-11T13:06:30Z</time>
   </trkpt>
   <trkpt lat="-12.0036340" lon="-71.2422620">
    <ele>327.7</ele>
    <time>2024-12-11T13:06:31Z</time>
   </trkpt>
   <trkpt lat="-12.0036340" lon="-71.2422620">
    <ele>327.7</ele>
    <time>2024-12-11T13:06:32Z</time>
   </trkpt>
   <trkpt lat="-12.0036340" lon="-71.2422620">
    <ele>327.7</ele>
    <time>2024-12-11T13:06:33Z</time>
   </trkpt>
   <trkpt lat="-12.0036340" lon="-71.2422620">
    <ele>327.7</ele>
    <time>2024-12-11T13:06:34Z</time>
   </trkpt>
   <trkpt lat="-12.0036340" lon="-71.2422620">
    <ele>327.7</ele>
    <time>2024-12-11T13:06:35Z</time>
   </trkpt>
   <trkpt lat="-12.0036330" lon="-71.2422620">
    <ele>327.7</ele>
    <time>2024-12-11T13:06:36Z</time>
   </trkpt>
   <trkpt lat="-12.0036330" lon="-71.2422620">
    <ele>327.7</ele>
    <time>2024-12-11T13:06:37Z</time>
   </trkpt>
   <trkpt lat="-12.0036330" lon="-71.2422620">
    <ele>327.7</ele>
    <time>2024-12-11T13:06:38Z</time>
   </trkpt>
   <trkpt lat="-12.0036330" lon="-71.2422620">
    <ele>327.7</ele>
    <time>2024-12-11T13:06:39Z</time>
   </trkpt>
   <trkpt lat="-12.0036330" lon="-71.2422620">
    <ele>327.7</ele>
    <time>2024-12-11T13:06:40Z</time>
   </trkpt>
   <trkpt lat="-12.0036330" lon="-71.2422620">
    <ele>327.7</ele>
    <time>2024-12-11T13:06:41Z</time>
   </trkpt>
   <trkpt lat="-12.0036330" lon="-71.2422620">
    <ele>327.7</ele>
    <time>2024-12-11T13:06:42Z</time>
   </trkpt>
   <trkpt lat="-12.0036330" lon="-71.2422620">
    <ele>327.7</ele>
    <time>2024-12-11T13:06:43Z</time>
   </trkpt>
   <trkpt lat="-12.0036330" lon="-71.2422620">
    <ele>327.7</ele>
    <time>2024-12-11T13:06:44Z</time>
   </trkpt>
   <trkpt lat="-12.0036320" lon="-71.2422660">
    <ele>327.8</ele>
    <time>2024-12-11T13:06:45Z</time>
   </trkpt>
   <trkpt lat="-12.0036360" lon="-71.2422670">
    <ele>327.8</ele>
    <time>2024-12-11T13:06:46Z</time>
   </trkpt>
   <trkpt lat="-12.0036370" lon="-71.2422670">
    <ele>327.8</ele>
    <time>2024-12-11T13:06:47Z</time>
   </trkpt>
   <trkpt lat="-12.0036390" lon="-71.2422680">
    <ele>327.8</ele>
    <time>2024-12-11T13:06:48Z</time>
   </trkpt>
   <trkpt lat="-12.0036390" lon="-71.2422670">
    <ele>327.8</ele>
    <time>2024-12-11T13:06:49Z</time>
   </trkpt>
   <trkpt lat="-12.0036390" lon="-71.2422670">
    <ele>327.8</ele>
    <time>2024-12-11T13:06:50Z</time>
   </trkpt>
   <trkpt lat="-12.0036390" lon="-71.2422670">
    <ele>327.8</ele>
    <time>2024-12-11T13:06:51Z</time>
   </trkpt>
   <trkpt lat="-12.0036370" lon="-71.2422740">
    <ele>327.8</ele>
    <time>2024-12-11T13:06:52Z</time>
   </trkpt>
   <trkpt lat="-12.0036370" lon="-71.2422730">
    <ele>327.8</ele>
    <time>2024-12-11T13:06:53Z</time>
   </trkpt>
   <trkpt lat="-12.0036370" lon="-71.2422710">
    <ele>327.8</ele>
    <time>2024-12-11T13:06:54Z</time>
   </trkpt>
   <trkpt lat="-12.0036420" lon="-71.2422600">
    <ele>327.8</ele>
    <time>2024-12-11T13:06:55Z</time>
   </trkpt>
   <trkpt lat="-12.0036430" lon="-71.2422610">
    <ele>327.8</ele>
    <time>2024-12-11T13:06:56Z</time>
   </trkpt>
   <trkpt lat="-12.0036350" lon="-71.2422640">
    <ele>327.8</ele>
    <time>2024-12-11T13:06:57Z</time>
   </trkpt>
   <trkpt lat="-12.0036340" lon="-71.2422590">
    <ele>327.8</ele>
    <time>2024-12-11T13:06:58Z</time>
   </trkpt>
   <trkpt lat="-12.0036320" lon="-71.2422610">
    <ele>327.8</ele>
    <time>2024-12-11T13:06:59Z</time>
   </trkpt>
   <trkpt lat="-12.0036370" lon="-71.2422540">
    <ele>327.8</ele>
    <time>2024-12-11T13:07:00Z</time>
   </trkpt>
   <trkpt lat="-12.0036420" lon="-71.2422600">
    <ele>327.8</ele>
    <time>2024-12-11T13:07:01Z</time>
   </trkpt>
   <trkpt lat="-12.0036580" lon="-71.2422650">
    <ele>327.8</ele>
    <time>2024-12-11T13:07:02Z</time>
   </trkpt>
   <trkpt lat="-12.0036620" lon="-71.2422650">
    <ele>327.8</ele>
    <time>2024-12-11T13:07:03Z</time>
   </trkpt>
   <trkpt lat="-12.0036560" lon="-71.2422710">
    <ele>327.8</ele>
    <time>2024-12-11T13:07:04Z</time>
   </trkpt>
   <trkpt lat="-12.0036550" lon="-71.2422710">
    <ele>327.8</ele>
    <time>2024-12-11T13:07:05Z</time>
   </trkpt>
   <trkpt lat="-12.0036600" lon="-71.2422760">
    <ele>327.8</ele>
    <time>2024-12-11T13:07:06Z</time>
   </trkpt>
   <trkpt lat="-12.0036600" lon="-71.2422730">
    <ele>327.8</ele>
    <time>2024-12-11T13:07:07Z</time>
   </trkpt>
   <trkpt lat="-12.0036600" lon="-71.2422710">
    <ele>327.8</ele>
    <time>2024-12-11T13:07:08Z</time>
   </trkpt>
   <trkpt lat="-12.0036590" lon="-71.2422680">
    <ele>327.8</ele>
    <time>2024-12-11T13:07:09Z</time>
   </trkpt>
   <trkpt lat="-12.0036590" lon="-71.2422680">
    <ele>327.8</ele>
    <time>2024-12-11T13:07:10Z</time>
   </trkpt>
   <trkpt lat="-12.0036630" lon="-71.2422580">
    <ele>327.8</ele>
    <time>2024-12-11T13:07:11Z</time>
   </trkpt>
   <trkpt lat="-12.0036680" lon="-71.2422580">
    <ele>327.8</ele>
    <time>2024-12-11T13:07:12Z</time>
   </trkpt>
   <trkpt lat="-12.0036680" lon="-71.2422380">
    <ele>327.9</ele>
    <time>2024-12-11T13:07:13Z</time>
   </trkpt>
   <trkpt lat="-12.0036920" lon="-71.2422190">
    <ele>327.9</ele>
    <time>2024-12-11T13:07:14Z</time>
   </trkpt>
   <trkpt lat="-12.0036920" lon="-71.2422090">
    <ele>327.9</ele>
    <time>2024-12-11T13:07:15Z</time>
   </trkpt>
   <trkpt lat="-12.0036940" lon="-71.2422300">
    <ele>327.9</ele>
    <time>2024-12-11T13:07:16Z</time>
   </trkpt>
   <trkpt lat="-12.0036930" lon="-71.2422440">
    <ele>327.9</ele>
    <time>2024-12-11T13:07:17Z</time>
   </trkpt>
   <trkpt lat="-12.0037050" lon="-71.2422740">
    <ele>327.9</ele>
    <time>2024-12-11T13:07:18Z</time>
   </trkpt>
   <trkpt lat="-12.0037130" lon="-71.2422840">
    <ele>327.9</ele>
    <time>2024-12-11T13:07:19Z</time>
   </trkpt>
   <trkpt lat="-12.0037300" lon="-71.2423160">
    <ele>328.0</ele>
    <time>2024-12-11T13:07:20Z</time>
   </trkpt>
   <trkpt lat="-12.0037350" lon="-71.2423230">
    <ele>328.0</ele>
    <time>2024-12-11T13:07:21Z</time>
   </trkpt>
   <trkpt lat="-12.0037360" lon="-71.2423280">
    <ele>328.0</ele>
    <time>2024-12-11T13:07:22Z</time>
   </trkpt>
   <trkpt lat="-12.0037430" lon="-71.2423400">
    <ele>328.0</ele>
    <time>2024-12-11T13:07:23Z</time>
   </trkpt>
   <trkpt lat="-12.0037480" lon="-71.2423480">
    <ele>328.0</ele>
    <time>2024-12-11T13:07:24Z</time>
   </trkpt>
   <trkpt lat="-12.0037520" lon="-71.2423340">
    <ele>328.0</ele>
    <time>2024-12-11T13:07:25Z</time>
   </trkpt>
   <trkpt lat="-12.0037520" lon="-71.2423160">
    <ele>328.0</ele>
    <time>2024-12-11T13:07:26Z</time>
   </trkpt>
   <trkpt lat="-12.0037630" lon="-71.2423040">
    <ele>328.0</ele>
    <time>2024-12-11T13:07:27Z</time>
   </trkpt>
   <trkpt lat="-12.0037440" lon="-71.2422960">
    <ele>328.1</ele>
    <time>2024-12-11T13:07:28Z</time>
   </trkpt>
   <trkpt lat="-12.0037390" lon="-71.2423020">
    <ele>328.1</ele>
    <time>2024-12-11T13:07:29Z</time>
   </trkpt>
   <trkpt lat="-12.0037350" lon="-71.2423100">
    <ele>328.1</ele>
    <time>2024-12-11T13:07:30Z</time>
   </trkpt>
   <trkpt lat="-12.0037310" lon="-71.2423070">
    <ele>328.1</ele>
    <time>2024-12-11T13:07:31Z</time>
   </trkpt>
   <trkpt lat="-12.0037320" lon="-71.2423080">
    <ele>328.1</ele>
    <time>2024-12-11T13:07:32Z</time>
   </trkpt>
   <trkpt lat="-12.0037320" lon="-71.2423080">
    <ele>328.1</ele>
    <time>2024-12-11T13:07:33Z</time>
   </trkpt>
   <trkpt lat="-12.0037320" lon="-71.2423080">
    <ele>328.1</ele>
    <time>2024-12-11T13:07:34Z</time>
   </trkpt>
   <trkpt lat="-12.0037320" lon="-71.2423080">
    <ele>328.1</ele>
    <time>2024-12-11T13:07:35Z</time>
   </trkpt>
   <trkpt lat="-12.0037230" lon="-71.2423080">
    <ele>328.1</ele>
    <time>2024-12-11T13:07:36Z</time>
   </trkpt>
   <trkpt lat="-12.0037220" lon="-71.2423090">
    <ele>328.1</ele>
    <time>2024-12-11T13:07:37Z</time>
   </trkpt>
   <trkpt lat="-12.0037210" lon="-71.2423110">
    <ele>328.1</ele>
    <time>2024-12-11T13:07:38Z</time>
   </trkpt>
   <trkpt lat="-12.0037200" lon="-71.2423120">
    <ele>328.1</ele>
    <time>2024-12-11T13:07:39Z</time>
   </trkpt>
   <trkpt lat="-12.0037190" lon="-71.2423130">
    <ele>328.1</ele>
    <time>2024-12-11T13:07:40Z</time>
   </trkpt>
   <trkpt lat="-12.0037180" lon="-71.2423150">
    <ele>328.1</ele>
    <time>2024-12-11T13:07:41Z</time>
   </trkpt>
   <trkpt lat="-12.0037170" lon="-71.2423160">
    <ele>328.1</ele>
    <time>2024-12-11T13:07:42Z</time>
   </trkpt>
   <trkpt lat="-12.0037150" lon="-71.2423170">
    <ele>328.1</ele>
    <time>2024-12-11T13:07:43Z</time>
   </trkpt>
   <trkpt lat="-12.0037140" lon="-71.2423190">
    <ele>328.1</ele>
    <time>2024-12-11T13:07:44Z</time>
   </trkpt>
   <trkpt lat="-12.0037130" lon="-71.2423200">
    <ele>328.1</ele>
    <time>2024-12-11T13:07:45Z</time>
   </trkpt>
   <trkpt lat="-12.0037120" lon="-71.2423210">
    <ele>328.1</ele>
    <time>2024-12-11T13:07:46Z</time>
   </trkpt>
   <trkpt lat="-12.0037110" lon="-71.2423230">
    <ele>328.1</ele>
    <time>2024-12-11T13:07:47Z</time>
   </trkpt>
   <trkpt lat="-12.0037100" lon="-71.2423240">
    <ele>328.1</ele>
    <time>2024-12-11T13:07:48Z</time>
   </trkpt>
   <trkpt lat="-12.0037090" lon="-71.2423250">
    <ele>328.1</ele>
    <time>2024-12-11T13:07:49Z</time>
   </trkpt>
   <trkpt lat="-12.0037080" lon="-71.2423270">
    <ele>328.1</ele>
    <time>2024-12-11T13:07:50Z</time>
   </trkpt>
   <trkpt lat="-12.0037070" lon="-71.2423280">
    <ele>328.1</ele>
    <time>2024-12-11T13:07:51Z</time>
   </trkpt>
   <trkpt lat="-12.0037060" lon="-71.2423290">
    <ele>328.1</ele>
    <time>2024-12-11T13:07:52Z</time>
   </trkpt>
   <trkpt lat="-12.0037050" lon="-71.2423310">
    <ele>328.1</ele>
    <time>2024-12-11T13:07:53Z</time>
   </trkpt>
   <trkpt lat="-12.0037040" lon="-71.2423320">
    <ele>328.1</ele>
    <time>2024-12-11T13:07:54Z</time>
   </trkpt>
   <trkpt lat="-12.0037020" lon="-71.2423330">
    <ele>328.1</ele>
    <time>2024-12-11T13:07:55Z</time>
   </trkpt>
   <trkpt lat="-12.0037010" lon="-71.2423340">
    <ele>328.1</ele>
    <time>2024-12-11T13:07:56Z</time>
   </trkpt>
   <trkpt lat="-12.0037000" lon="-71.2423360">
    <ele>328.1</ele>
    <time>2024-12-11T13:07:57Z</time>
   </trkpt>
   <trkpt lat="-12.0036990" lon="-71.2423370">
    <ele>328.1</ele>
    <time>2024-12-11T13:07:58Z</time>
   </trkpt>
   <trkpt lat="-12.0036980" lon="-71.2423380">
    <ele>328.1</ele>
    <time>2024-12-11T13:07:59Z</time>
   </trkpt>
   <trkpt lat="-12.0036970" lon="-71.2423400">
    <ele>328.1</ele>
    <time>2024-12-11T13:08:00Z</time>
   </trkpt>
   <trkpt lat="-12.0036960" lon="-71.2423410">
    <ele>328.1</ele>
    <time>2024-12-11T13:08:01Z</time>
   </trkpt>
   <trkpt lat="-12.0036950" lon="-71.2423420">
    <ele>328.1</ele>
    <time>2024-12-11T13:08:02Z</time>
   </trkpt>
   <trkpt lat="-12.0036940" lon="-71.2423440">
    <ele>328.1</ele>
    <time>2024-12-11T13:08:03Z</time>
   </trkpt>
   <trkpt lat="-12.0036930" lon="-71.2423450">
    <ele>328.1</ele>
    <time>2024-12-11T13:08:04Z</time>
   </trkpt>
   <trkpt lat="-12.0036920" lon="-71.2423460">
    <ele>328.1</ele>
    <time>2024-12-11T13:08:05Z</time>
   </trkpt>
   <trkpt lat="-12.0036910" lon="-71.2423480">
    <ele>328.1</ele>
    <time>2024-12-11T13:08:06Z</time>
   </trkpt>
   <trkpt lat="-12.0036890" lon="-71.2423490">
    <ele>328.1</ele>
    <time>2024-12-11T13:08:07Z</time>
   </trkpt>
   <trkpt lat="-12.0036880" lon="-71.2423500">
    <ele>328.1</ele>
    <time>2024-12-11T13:08:08Z</time>
   </trkpt>
   <trkpt lat="-12.0036870" lon="-71.2423520">
    <ele>328.1</ele>
    <time>2024-12-11T13:08:09Z</time>
   </trkpt>
   <trkpt lat="-12.0036860" lon="-71.2423530">
    <ele>328.1</ele>
    <time>2024-12-11T13:08:10Z</time>
   </trkpt>
   <trkpt lat="-12.0036850" lon="-71.2423540">
    <ele>328.1</ele>
    <time>2024-12-11T13:08:11Z</time>
   </trkpt>
   <trkpt lat="-12.0036840" lon="-71.2423560">
    <ele>328.1</ele>
    <time>2024-12-11T13:08:12Z</time>
   </trkpt>
   <trkpt lat="-12.0036830" lon="-71.2423570">
    <ele>328.1</ele>
    <time>2024-12-11T13:08:13Z</time>
   </trkpt>
   <trkpt lat="-12.0036840" lon="-71.2423520">
    <ele>328.1</ele>
    <time>2024-12-11T13:08:14Z</time>
   </trkpt>
   <trkpt lat="-12.0036900" lon="-71.2423560">
    <ele>328.1</ele>
    <time>2024-12-11T13:08:15Z</time>
   </trkpt>
   <trkpt lat="-12.0036950" lon="-71.2423560">
    <ele>328.1</ele>
    <time>2024-12-11T13:08:16Z</time>
   </trkpt>
   <trkpt lat="-12.0037100" lon="-71.2423500">
    <ele>328.2</ele>
    <time>2024-12-11T13:08:17Z</time>
   </trkpt>
   <trkpt lat="-12.0037140" lon="-71.2423470">
    <ele>328.2</ele>
    <time>2024-12-11T13:08:18Z</time>
   </trkpt>
   <trkpt lat="-12.0037330" lon="-71.2423280">
    <ele>328.2</ele>
    <time>2024-12-11T13:08:19Z</time>
   </trkpt>
   <trkpt lat="-12.0037480" lon="-71.2423200">
    <ele>328.2</ele>
    <time>2024-12-11T13:08:20Z</time>
   </trkpt>
   <trkpt lat="-12.0037480" lon="-71.2423270">
    <ele>328.2</ele>
    <time>2024-12-11T13:08:21Z</time>
   </trkpt>
   <trkpt lat="-12.0037480" lon="-71.2423130">
    <ele>328.2</ele>
    <time>2024-12-11T13:08:22Z</time>
   </trkpt>
   <trkpt lat="-12.0037610" lon="-71.2423060">
    <ele>328.2</ele>
    <time>2024-12-11T13:08:23Z</time>
   </trkpt>
   <trkpt lat="-12.0037660" lon="-71.2423060">
    <ele>328.2</ele>
    <time>2024-12-11T13:08:24Z</time>
   </trkpt>
   <trkpt lat="-12.0037840" lon="-71.2422900">
    <ele>328.2</ele>
    <time>2024-12-11T13:08:25Z</time>
   </trkpt>
   <trkpt lat="-12.0037770" lon="-71.2423030">
    <ele>328.2</ele>
    <time>2024-12-11T13:08:26Z</time>
   </trkpt>
   <trkpt lat="-12.0037790" lon="-71.2422930">
    <ele>328.3</ele>
    <time>2024-12-11T13:08:27Z</time>
   </trkpt>
   <trkpt lat="-12.0037740" lon="-71.2422960">
    <ele>328.3</ele>
    <time>2024-12-11T13:08:28Z</time>
   </trkpt>
   <trkpt lat="-12.0037900" lon="-71.2422820">
    <ele>328.3</ele>
    <time>2024-12-11T13:08:29Z</time>
   </trkpt>
   <trkpt lat="-12.0038020" lon="-71.2422770">
    <ele>328.3</ele>
    <time>2024-12-11T13:08:30Z</time>
   </trkpt>
   <trkpt lat="-12.0038130" lon="-71.2422870">
    <ele>328.3</ele>
    <time>2024-12-11T13:08:31Z</time>
   </trkpt>
   <trkpt lat="-12.0038200" lon="-71.2422830">
    <ele>328.3</ele>
    <time>2024-12-11T13:08:32Z</time>
   </trkpt>
   <trkpt lat="-12.0038350" lon="-71.2422640">
    <ele>328.3</ele>
    <time>2024-12-11T13:08:33Z</time>
   </trkpt>
   <trkpt lat="-12.0038100" lon="-71.2422890">
    <ele>328.3</ele>
    <time>2024-12-11T13:08:34Z</time>
   </trkpt>
   <trkpt lat="-12.0038380" lon="-71.2422510">
    <ele>328.4</ele>
    <time>2024-12-11T13:08:35Z</time>
   </trkpt>
   <trkpt lat="-12.0038300" lon="-71.2422600">
    <ele>328.4</ele>
    <time>2024-12-11T13:08:36Z</time>
   </trkpt>
   <trkpt lat="-12.0038080" lon="-71.2422570">
    <ele>328.4</ele>
    <time>2024-12-11T13:08:37Z</time>
   </trkpt>
   <trkpt lat="-12.0038130" lon="-71.2422540">
    <ele>328.4</ele>
    <time>2024-12-11T13:08:38Z</time>
   </trkpt>
   <trkpt lat="-12.0038260" lon="-71.2422500">
    <ele>328.4</ele>
    <time>2024-12-11T13:08:39Z</time>
   </trkpt>
   <trkpt lat="-12.0038400" lon="-71.2422470">
    <ele>328.4</ele>
    <time>2024-12-11T13:08:40Z</time>
   </trkpt>
   <trkpt lat="-12.0038530" lon="-71.2422430">
    <ele>328.4</ele>
    <time>2024-12-11T13:08:41Z</time>
   </trkpt>
   <trkpt lat="-12.0038720" lon="-71.2422480">
    <ele>328.5</ele>
    <time>2024-12-11T13:08:42Z</time>
   </trkpt>
   <trkpt lat="-12.0038880" lon="-71.2422490">
    <ele>328.5</ele>
    <time>2024-12-11T13:08:43Z</time>
   </trkpt>
   <trkpt lat="-12.0039150" lon="-71.2422530">
    <ele>328.5</ele>
    <time>2024-12-11T13:08:44Z</time>
   </trkpt>
   <trkpt lat="-12.0039040" lon="-71.2422410">
    <ele>328.5</ele>
    <time>2024-12-11T13:08:45Z</time>
   </trkpt>
   <trkpt lat="-12.0039070" lon="-71.2422290">
    <ele>328.5</ele>
    <time>2024-12-11T13:08:46Z</time>
   </trkpt>
   <trkpt lat="-12.0039170" lon="-71.2422210">
    <ele>328.5</ele>
    <time>2024-12-11T13:08:47Z</time>
   </trkpt>
   <trkpt lat="-12.0039280" lon="-71.2422160">
    <ele>328.5</ele>
    <time>2024-12-11T13:08:48Z</time>
   </trkpt>
   <trkpt lat="-12.0039210" lon="-71.2421960">
    <ele>328.5</ele>
    <time>2024-12-11T13:08:49Z</time>
   </trkpt>
   <trkpt lat="-12.0039080" lon="-71.2421860">
    <ele>328.6</ele>
    <time>2024-12-11T13:08:50Z</time>
   </trkpt>
   <trkpt lat="-12.0039260" lon="-71.2421590">
    <ele>328.6</ele>
    <time>2024-12-11T13:08:51Z</time>
   </trkpt>
   <trkpt lat="-12.0039360" lon="-71.2421480">
    <ele>328.6</ele>
    <time>2024-12-11T13:08:52Z</time>
   </trkpt>
   <trkpt lat="-12.0039380" lon="-71.2421760">
    <ele>328.6</ele>
    <time>2024-12-11T13:08:53Z</time>
   </trkpt>
   <trkpt lat="-12.0039480" lon="-71.2421740">
    <ele>328.6</ele>
    <time>2024-12-11T13:08:54Z</time>
   </trkpt>
   <trkpt lat="-12.0039570" lon="-71.2421800">
    <ele>328.6</ele>
    <time>2024-12-11T13:08:55Z</time>
   </trkpt>
   <trkpt lat="-12.0039670" lon="-71.2421530">
    <ele>328.6</ele>
    <time>2024-12-11T13:08:56Z</time>
   </trkpt>
   <trkpt lat="-12.0039590" lon="-71.2421620">
    <ele>328.7</ele>
    <time>2024-12-11T13:08:57Z</time>
   </trkpt>
   <trkpt lat="-12.0039580" lon="-71.2421760">
    <ele>328.7</ele>
    <time>2024-12-11T13:08:58Z</time>
   </trkpt>
   <trkpt lat="-12.0039560" lon="-71.2421900">
    <ele>328.7</ele>
    <time>2024-12-11T13:08:59Z</time>
   </trkpt>
   <trkpt lat="-12.0039520" lon="-71.2422000">
    <ele>328.7</ele>
    <time>2024-12-11T13:09:00Z</time>
   </trkpt>
   <trkpt lat="-12.0039610" lon="-71.2422270">
    <ele>328.7</ele>
    <time>2024-12-11T13:09:01Z</time>
   </trkpt>
   <trkpt lat="-12.0039990" lon="-71.2422810">
    <ele>328.8</ele>
    <time>2024-12-11T13:09:02Z</time>
   </trkpt>
   <trkpt lat="-12.0039740" lon="-71.2423460">
    <ele>328.8</ele>
    <time>2024-12-11T13:09:03Z</time>
   </trkpt>
   <trkpt lat="-12.0040080" lon="-71.2422740">
    <ele>328.9</ele>
    <time>2024-12-11T13:09:04Z</time>
   </trkpt>
   <trkpt lat="-12.0040020" lon="-71.2424290">
    <ele>329.0</ele>
    <time>2024-12-11T13:09:05Z</time>
   </trkpt>
   <trkpt lat="-12.0040110" lon="-71.2424730">
    <ele>329.0</ele>
    <time>2024-12-11T13:09:06Z</time>
   </trkpt>
   <trkpt lat="-12.0040190" lon="-71.2425010">
    <ele>329.0</ele>
    <time>2024-12-11T13:09:07Z</time>
   </trkpt>
   <trkpt lat="-12.0039980" lon="-71.2425110">
    <ele>329.1</ele>
    <time>2024-12-11T13:09:08Z</time>
   </trkpt>
   <trkpt lat="-12.0039760" lon="-71.2425200">
    <ele>329.1</ele>
    <time>2024-12-11T13:09:09Z</time>
   </trkpt>
   <trkpt lat="-12.0039790" lon="-71.2425070">
    <ele>329.1</ele>
    <time>2024-12-11T13:09:10Z</time>
   </trkpt>
   <trkpt lat="-12.0039800" lon="-71.2424950">
    <ele>329.1</ele>
    <time>2024-12-11T13:09:11Z</time>
   </trkpt>
   <trkpt lat="-12.0039820" lon="-71.2424820">
    <ele>329.1</ele>
    <time>2024-12-11T13:09:12Z</time>
   </trkpt>
   <trkpt lat="-12.0039820" lon="-71.2424900">
    <ele>329.1</ele>
    <time>2024-12-11T13:09:13Z</time>
   </trkpt>
   <trkpt lat="-12.0039810" lon="-71.2424950">
    <ele>329.1</ele>
    <time>2024-12-11T13:09:14Z</time>
   </trkpt>
   <trkpt lat="-12.0039810" lon="-71.2425010">
    <ele>329.1</ele>
    <time>2024-12-11T13:09:15Z</time>
   </trkpt>
   <trkpt lat="-12.0039800" lon="-71.2425060">
    <ele>329.1</ele>
    <time>2024-12-11T13:09:16Z</time>
   </trkpt>
   <trkpt lat="-12.0039800" lon="-71.2425110">
    <ele>329.1</ele>
    <time>2024-12-11T13:09:17Z</time>
   </trkpt>
   <trkpt lat="-12.0039800" lon="-71.2425160">
    <ele>329.1</ele>
    <time>2024-12-11T13:09:18Z</time>
   </trkpt>
   <trkpt lat="-12.0039790" lon="-71.2425210">
    <ele>329.1</ele>
    <time>2024-12-11T13:09:19Z</time>
   </trkpt>
   <trkpt lat="-12.0039790" lon="-71.2425270">
    <ele>329.1</ele>
    <time>2024-12-11T13:09:20Z</time>
   </trkpt>
   <trkpt lat="-12.0039780" lon="-71.2425320">
    <ele>329.1</ele>
    <time>2024-12-11T13:09:21Z</time>
   </trkpt>
   <trkpt lat="-12.0039780" lon="-71.2425370">
    <ele>329.1</ele>
    <time>2024-12-11T13:09:22Z</time>
   </trkpt>
   <trkpt lat="-12.0039780" lon="-71.2425380">
    <ele>329.1</ele>
    <time>2024-12-11T13:09:23Z</time>
   </trkpt>
   <trkpt lat="-12.0039780" lon="-71.2425400">
    <ele>329.1</ele>
    <time>2024-12-11T13:09:24Z</time>
   </trkpt>
   <trkpt lat="-12.0039770" lon="-71.2425410">
    <ele>329.1</ele>
    <time>2024-12-11T13:09:25Z</time>
   </trkpt>
   <trkpt lat="-12.0039770" lon="-71.2425430">
    <ele>329.1</ele>
    <time>2024-12-11T13:09:26Z</time>
   </trkpt>
   <trkpt lat="-12.0039790" lon="-71.2425440">
    <ele>329.1</ele>
    <time>2024-12-11T13:09:27Z</time>
   </trkpt>
   <trkpt lat="-12.0039790" lon="-71.2425460">
    <ele>329.1</ele>
    <time>2024-12-11T13:09:28Z</time>
   </trkpt>
   <trkpt lat="-12.0039780" lon="-71.2425470">
    <ele>329.1</ele>
    <time>2024-12-11T13:09:29Z</time>
   </trkpt>
   <trkpt lat="-12.0039780" lon="-71.2425490">
    <ele>329.1</ele>
    <time>2024-12-11T13:09:30Z</time>
   </trkpt>
   <trkpt lat="-12.0039780" lon="-71.2425510">
    <ele>329.1</ele>
    <time>2024-12-11T13:09:31Z</time>
   </trkpt>
   <trkpt lat="-12.0039780" lon="-71.2425530">
    <ele>329.2</ele>
    <time>2024-12-11T13:09:32Z</time>
   </trkpt>
   <trkpt lat="-12.0040350" lon="-71.2425890">
    <ele>329.2</ele>
    <time>2024-12-11T13:09:36Z</time>
   </trkpt>
   <trkpt lat="-12.0040450" lon="-71.2426230">
    <ele>329.2</ele>
    <time>2024-12-11T13:09:37Z</time>
   </trkpt>
   <trkpt lat="-12.0040460" lon="-71.2426240">
    <ele>329.2</ele>
    <time>2024-12-11T13:09:38Z</time>
   </trkpt>
   <trkpt lat="-12.0040460" lon="-71.2426240">
    <ele>329.2</ele>
    <time>2024-12-11T13:09:39Z</time>
   </trkpt>
   <trkpt lat="-12.0040460" lon="-71.2426240">
    <ele>329.2</ele>
    <time>2024-12-11T13:09:40Z</time>
   </trkpt>
   <trkpt lat="-12.0040460" lon="-71.2426240">
    <ele>329.2</ele>
    <time>2024-12-11T13:09:41Z</time>
   </trkpt>
   <trkpt lat="-12.0040430" lon="-71.2426120">
    <ele>329.2</ele>
    <time>2024-12-11T13:09:42Z</time>
   </trkpt>
   <trkpt lat="-12.0040430" lon="-71.2426120">
    <ele>329.2</ele>
    <time>2024-12-11T13:09:43Z</time>
   </trkpt>
   <trkpt lat="-12.0040430" lon="-71.2426130">
    <ele>329.2</ele>
    <time>2024-12-11T13:09:44Z</time>
   </trkpt>
   <trkpt lat="-12.0040430" lon="-71.2426130">
    <ele>329.2</ele>
    <time>2024-12-11T13:09:45Z</time>
   </trkpt>
   <trkpt lat="-12.0040430" lon="-71.2426140">
    <ele>329.2</ele>
    <time>2024-12-11T13:09:46Z</time>
   </trkpt>
   <trkpt lat="-12.0040440" lon="-71.2426150">
    <ele>329.2</ele>
    <time>2024-12-11T13:09:47Z</time>
   </trkpt>
   <trkpt lat="-12.0040440" lon="-71.2426160">
    <ele>329.2</ele>
    <time>2024-12-11T13:09:48Z</time>
   </trkpt>
   <trkpt lat="-12.0040440" lon="-71.2426160">
    <ele>329.2</ele>
    <time>2024-12-11T13:09:49Z</time>
   </trkpt>
   <trkpt lat="-12.0040440" lon="-71.2426170">
    <ele>329.2</ele>
    <time>2024-12-11T13:09:50Z</time>
   </trkpt>
   <trkpt lat="-12.0040440" lon="-71.2426170">
    <ele>329.2</ele>
    <time>2024-12-11T13:09:51Z</time>
   </trkpt>
   <trkpt lat="-12.0040440" lon="-71.2426180">
    <ele>329.2</ele>
    <time>2024-12-11T13:09:52Z</time>
   </trkpt>
   <trkpt lat="-12.0040440" lon="-71.2426180">
    <ele>329.2</ele>
    <time>2024-12-11T13:09:53Z</time>
   </trkpt>
   <trkpt lat="-12.0040450" lon="-71.2426190">
    <ele>329.2</ele>
    <time>2024-12-11T13:09:54Z</time>
   </trkpt>
   <trkpt lat="-12.0040450" lon="-71.2426190">
    <ele>329.2</ele>
    <time>2024-12-11T13:09:55Z</time>
   </trkpt>
   <trkpt lat="-12.0040450" lon="-71.2426190">
    <ele>329.2</ele>
    <time>2024-12-11T13:09:56Z</time>
   </trkpt>
   <trkpt lat="-12.0040450" lon="-71.2426190">
    <ele>329.2</ele>
    <time>2024-12-11T13:09:57Z</time>
   </trkpt>
   <trkpt lat="-12.0040450" lon="-71.2426200">
    <ele>329.2</ele>
    <time>2024-12-11T13:09:58Z</time>
   </trkpt>
   <trkpt lat="-12.0040580" lon="-71.2425990">
    <ele>329.3</ele>
    <time>2024-12-11T13:09:59Z</time>
   </trkpt>
   <trkpt lat="-12.0040580" lon="-71.2425980">
    <ele>329.3</ele>
    <time>2024-12-11T13:10:00Z</time>
   </trkpt>
   <trkpt lat="-12.0040580" lon="-71.2425980">
    <ele>329.3</ele>
    <time>2024-12-11T13:10:01Z</time>
   </trkpt>
   <trkpt lat="-12.0040590" lon="-71.2425980">
    <ele>329.3</ele>
    <time>2024-12-11T13:10:02Z</time>
   </trkpt>
   <trkpt lat="-12.0040590" lon="-71.2425980">
    <ele>329.3</ele>
    <time>2024-12-11T13:10:03Z</time>
   </trkpt>
   <trkpt lat="-12.0040590" lon="-71.2425980">
    <ele>329.3</ele>
    <time>2024-12-11T13:10:04Z</time>
   </trkpt>
   <trkpt lat="-12.0040590" lon="-71.2425980">
    <ele>329.3</ele>
    <time>2024-12-11T13:10:05Z</time>
   </trkpt>
   <trkpt lat="-12.0040590" lon="-71.2425980">
    <ele>329.3</ele>
    <time>2024-12-11T13:10:06Z</time>
   </trkpt>
   <trkpt lat="-12.0040600" lon="-71.2425980">
    <ele>329.3</ele>
    <time>2024-12-11T13:10:07Z</time>
   </trkpt>
   <trkpt lat="-12.0040600" lon="-71.2425980">
    <ele>329.3</ele>
    <time>2024-12-11T13:10:08Z</time>
   </trkpt>
   <trkpt lat="-12.0040600" lon="-71.2425980">
    <ele>329.3</ele>
    <time>2024-12-11T13:10:09Z</time>
   </trkpt>
   <trkpt lat="-12.0040560" lon="-71.2425900">
    <ele>329.3</ele>
    <time>2024-12-11T13:10:10Z</time>
   </trkpt>
   <trkpt lat="-12.0040560" lon="-71.2425900">
    <ele>329.3</ele>
    <time>2024-12-11T13:10:11Z</time>
   </trkpt>
   <trkpt lat="-12.0040560" lon="-71.2425900">
    <ele>329.3</ele>
    <time>2024-12-11T13:10:12Z</time>
   </trkpt>
   <trkpt lat="-12.0040560" lon="-71.2425900">
    <ele>329.3</ele>
    <time>2024-12-11T13:10:13Z</time>
   </trkpt>
   <trkpt lat="-12.0040560" lon="-71.2425890">
    <ele>329.3</ele>
    <time>2024-12-11T13:10:14Z</time>
   </trkpt>
   <trkpt lat="-12.0040560" lon="-71.2425890">
    <ele>329.3</ele>
    <time>2024-12-11T13:10:15Z</time>
   </trkpt>
   <trkpt lat="-12.0040560" lon="-71.2425890">
    <ele>329.3</ele>
    <time>2024-12-11T13:10:16Z</time>
   </trkpt>
   <trkpt lat="-12.0040560" lon="-71.2425890">
    <ele>329.3</ele>
    <time>2024-12-11T13:10:17Z</time>
   </trkpt>
   <trkpt lat="-12.0040570" lon="-71.2425890">
    <ele>329.3</ele>
    <time>2024-12-11T13:10:18Z</time>
   </trkpt>
   <trkpt lat="-12.0040570" lon="-71.2425890">
    <ele>329.3</ele>
    <time>2024-12-11T13:10:19Z</time>
   </trkpt>
   <trkpt lat="-12.0040570" lon="-71.2425890">
    <ele>329.3</ele>
    <time>2024-12-11T13:10:20Z</time>
   </trkpt>
   <trkpt lat="-12.0040550" lon="-71.2426070">
    <ele>329.3</ele>
    <time>2024-12-11T13:10:21Z</time>
   </trkpt>
   <trkpt lat="-12.0040570" lon="-71.2426000">
    <ele>329.3</ele>
    <time>2024-12-11T13:10:22Z</time>
   </trkpt>
   <trkpt lat="-12.0040600" lon="-71.2426020">
    <ele>329.3</ele>
    <time>2024-12-11T13:10:23Z</time>
   </trkpt>
   <trkpt lat="-12.0040580" lon="-71.2425950">
    <ele>329.3</ele>
    <time>2024-12-11T13:10:24Z</time>
   </trkpt>
   <trkpt lat="-12.0040360" lon="-71.2425780">
    <ele>329.3</ele>
    <time>2024-12-11T13:10:25Z</time>
   </trkpt>
   <trkpt lat="-12.0040500" lon="-71.2425810">
    <ele>329.3</ele>
    <time>2024-12-11T13:10:26Z</time>
   </trkpt>
   <trkpt lat="-12.0040560" lon="-71.2425790">
    <ele>329.3</ele>
    <time>2024-12-11T13:10:27Z</time>
   </trkpt>
   <trkpt lat="-12.0040620" lon="-71.2425770">
    <ele>329.3</ele>
    <time>2024-12-11T13:10:28Z</time>
   </trkpt>
   <trkpt lat="-12.0040670" lon="-71.2425740">
    <ele>329.3</ele>
    <time>2024-12-11T13:10:29Z</time>
   </trkpt>
   <trkpt lat="-12.0040730" lon="-71.2425720">
    <ele>329.3</ele>
    <time>2024-12-11T13:10:30Z</time>
   </trkpt>
   <trkpt lat="-12.0040790" lon="-71.2425700">
    <ele>329.4</ele>
    <time>2024-12-11T13:10:31Z</time>
   </trkpt>
   <trkpt lat="-12.0041140" lon="-71.2425780">
    <ele>329.4</ele>
    <time>2024-12-11T13:10:32Z</time>
   </trkpt>
   <trkpt lat="-12.0041160" lon="-71.2425770">
    <ele>329.4</ele>
    <time>2024-12-11T13:10:33Z</time>
   </trkpt>
   <trkpt lat="-12.0041220" lon="-71.2425890">
    <ele>329.4</ele>
    <time>2024-12-11T13:10:34Z</time>
   </trkpt>
   <trkpt lat="-12.0041300" lon="-71.2425770">
    <ele>329.4</ele>
    <time>2024-12-11T13:10:35Z</time>
   </trkpt>
   <trkpt lat="-12.0041340" lon="-71.2425770">
    <ele>329.4</ele>
    <time>2024-12-11T13:10:36Z</time>
   </trkpt>
   <trkpt lat="-12.0041400" lon="-71.2425880">
    <ele>329.4</ele>
    <time>2024-12-11T13:10:37Z</time>
   </trkpt>
   <trkpt lat="-12.0041480" lon="-71.2426000">
    <ele>329.4</ele>
    <time>2024-12-11T13:10:38Z</time>
   </trkpt>
   <trkpt lat="-12.0041560" lon="-71.2425980">
    <ele>329.4</ele>
    <time>2024-12-11T13:10:39Z</time>
   </trkpt>
   <trkpt lat="-12.0041650" lon="-71.2425950">
    <ele>329.4</ele>
    <time>2024-12-11T13:10:40Z</time>
   </trkpt>
   <trkpt lat="-12.0041630" lon="-71.2425920">
    <ele>329.4</ele>
    <time>2024-12-11T13:10:41Z</time>
   </trkpt>
   <trkpt lat="-12.0041700" lon="-71.2425840">
    <ele>329.4</ele>
    <time>2024-12-11T13:10:42Z</time>
   </trkpt>
   <trkpt lat="-12.0041690" lon="-71.2425870">
    <ele>329.5</ele>
    <time>2024-12-11T13:10:43Z</time>
   </trkpt>
   <trkpt lat="-12.0041740" lon="-71.2425800">
    <ele>329.5</ele>
    <time>2024-12-11T13:10:44Z</time>
   </trkpt>
   <trkpt lat="-12.0041760" lon="-71.2425750">
    <ele>329.5</ele>
    <time>2024-12-11T13:10:45Z</time>
   </trkpt>
   <trkpt lat="-12.0041810" lon="-71.2425650">
    <ele>329.5</ele>
    <time>2024-12-11T13:10:46Z</time>
   </trkpt>
   <trkpt lat="-12.0041830" lon="-71.2425720">
    <ele>329.5</ele>
    <time>2024-12-11T13:10:47Z</time>
   </trkpt>
   <trkpt lat="-12.0041830" lon="-71.2425710">
    <ele>329.5</ele>
    <time>2024-12-11T13:10:48Z</time>
   </trkpt>
   <trkpt lat="-12.0041860" lon="-71.2425620">
    <ele>329.5</ele>
    <time>2024-12-11T13:10:49Z</time>
   </trkpt>
   <trkpt lat="-12.0042030" lon="-71.2425380">
    <ele>329.5</ele>
    <time>2024-12-11T13:10:50Z</time>
   </trkpt>
   <trkpt lat="-12.0042090" lon="-71.2425280">
    <ele>329.5</ele>
    <time>2024-12-11T13:10:51Z</time>
   </trkpt>
   <trkpt lat="-12.0042060" lon="-71.2425360">
    <ele>329.5</ele>
    <time>2024-12-11T13:10:52Z</time>
   </trkpt>
   <trkpt lat="-12.0042080" lon="-71.2425250">
    <ele>329.5</ele>
    <time>2024-12-11T13:10:53Z</time>
   </trkpt>
   <trkpt lat="-12.0042210" lon="-71.2425390">
    <ele>329.5</ele>
    <time>2024-12-11T13:10:54Z</time>
   </trkpt>
   <trkpt lat="-12.0042220" lon="-71.2425370">
    <ele>329.5</ele>
    <time>2024-12-11T13:10:55Z</time>
   </trkpt>
   <trkpt lat="-12.0042180" lon="-71.2425460">
    <ele>329.6</ele>
    <time>2024-12-11T13:10:56Z</time>
   </trkpt>
   <trkpt lat="-12.0042200" lon="-71.2425610">
    <ele>329.6</ele>
    <time>2024-12-11T13:10:57Z</time>
   </trkpt>
   <trkpt lat="-12.0042280" lon="-71.2425620">
    <ele>329.6</ele>
    <time>2024-12-11T13:10:58Z</time>
   </trkpt>
   <trkpt lat="-12.0042410" lon="-71.2425680">
    <ele>329.6</ele>
    <time>2024-12-11T13:10:59Z</time>
   </trkpt>
   <trkpt lat="-12.0042410" lon="-71.2425750">
    <ele>329.6</ele>
    <time>2024-12-11T13:11:00Z</time>
   </trkpt>
   <trkpt lat="-12.0042450" lon="-71.2425780">
    <ele>329.6</ele>
    <time>2024-12-11T13:11:01Z</time>
   </trkpt>
   <trkpt lat="-12.0042690" lon="-71.2425780">
    <ele>329.6</ele>
    <time>2024-12-11T13:11:02Z</time>
   </trkpt>
   <trkpt lat="-12.0042760" lon="-71.2425740">
    <ele>329.6</ele>
    <time>2024-12-11T13:11:03Z</time>
   </trkpt>
   <trkpt lat="-12.0042830" lon="-71.2425710">
    <ele>329.6</ele>
    <time>2024-12-11T13:11:04Z</time>
   </trkpt>
   <trkpt lat="-12.0042860" lon="-71.2425680">
    <ele>329.6</ele>
    <time>2024-12-11T13:11:05Z</time>
   </trkpt>
   <trkpt lat="-12.0042880" lon="-71.2425660">
    <ele>329.6</ele>
    <time>2024-12-11T13:11:06Z</time>
   </trkpt>
   <trkpt lat="-12.0042830" lon="-71.2425500">
    <ele>329.6</ele>
    <time>2024-12-11T13:11:07Z</time>
   </trkpt>
   <trkpt lat="-12.0042820" lon="-71.2425410">
    <ele>329.6</ele>
    <time>2024-12-11T13:11:08Z</time>
   </trkpt>
   <trkpt lat="-12.0042880" lon="-71.2425610">
    <ele>329.7</ele>
    <time>2024-12-11T13:11:09Z</time>
   </trkpt>
   <trkpt lat="-12.0042930" lon="-71.2425590">
    <ele>329.7</ele>
    <time>2024-12-11T13:11:10Z</time>
   </trkpt>
   <trkpt lat="-12.0042860" lon="-71.2425420">
    <ele>329.7</ele>
    <time>2024-12-11T13:11:11Z</time>
   </trkpt>
   <trkpt lat="-12.0042850" lon="-71.2425420">
    <ele>329.7</ele>
    <time>2024-12-11T13:11:12Z</time>
   </trkpt>
   <trkpt lat="-12.0042800" lon="-71.2425300">
    <ele>329.7</ele>
    <time>2024-12-11T13:11:13Z</time>
   </trkpt>
   <trkpt lat="-12.0042800" lon="-71.2425300">
    <ele>329.7</ele>
    <time>2024-12-11T13:11:14Z</time>
   </trkpt>
   <trkpt lat="-12.0042790" lon="-71.2425270">
    <ele>329.7</ele>
    <time>2024-12-11T13:11:15Z</time>
   </trkpt>
   <trkpt lat="-12.0042730" lon="-71.2425300">
    <ele>329.7</ele>
    <time>2024-12-11T13:11:16Z</time>
   </trkpt>
   <trkpt lat="-12.0042780" lon="-71.2425220">
    <ele>329.7</ele>
    <time>2024-12-11T13:11:17Z</time>
   </trkpt>
   <trkpt lat="-12.0042860" lon="-71.2425140">
    <ele>329.7</ele>
    <time>2024-12-11T13:11:18Z</time>
   </trkpt>
   <trkpt lat="-12.0042910" lon="-71.2425110">
    <ele>329.7</ele>
    <time>2024-12-11T13:11:19Z</time>
   </trkpt>
   <trkpt lat="-12.0042950" lon="-71.2425140">
    <ele>329.7</ele>
    <time>2024-12-11T13:11:20Z</time>
   </trkpt>
   <trkpt lat="-12.0043010" lon="-71.2425120">
    <ele>329.7</ele>
    <time>2024-12-11T13:11:21Z</time>
   </trkpt>
   <trkpt lat="-12.0043070" lon="-71.2425140">
    <ele>329.7</ele>
    <time>2024-12-11T13:11:22Z</time>
   </trkpt>
   <trkpt lat="-12.0043150" lon="-71.2425140">
    <ele>329.7</ele>
    <time>2024-12-11T13:11:23Z</time>
   </trkpt>
   <trkpt lat="-12.0043230" lon="-71.2425150">
    <ele>329.7</ele>
    <time>2024-12-11T13:11:24Z</time>
   </trkpt>
   <trkpt lat="-12.0043310" lon="-71.2425130">
    <ele>329.7</ele>
    <time>2024-12-11T13:11:25Z</time>
   </trkpt>
   <trkpt lat="-12.0043410" lon="-71.2425070">
    <ele>329.8</ele>
    <time>2024-12-11T13:11:26Z</time>
   </trkpt>
   <trkpt lat="-12.0043470" lon="-71.2425030">
    <ele>329.8</ele>
    <time>2024-12-11T13:11:27Z</time>
   </trkpt>
   <trkpt lat="-12.0043570" lon="-71.2425040">
    <ele>329.8</ele>
    <time>2024-12-11T13:11:28Z</time>
   </trkpt>
   <trkpt lat="-12.0043680" lon="-71.2425060">
    <ele>329.8</ele>
    <time>2024-12-11T13:11:29Z</time>
   </trkpt>
   <trkpt lat="-12.0043770" lon="-71.2425150">
    <ele>329.8</ele>
    <time>2024-12-11T13:11:30Z</time>
   </trkpt>
   <trkpt lat="-12.0043870" lon="-71.2425210">
    <ele>329.8</ele>
    <time>2024-12-11T13:11:31Z</time>
   </trkpt>
   <trkpt lat="-12.0043940" lon="-71.2425270">
    <ele>329.8</ele>
    <time>2024-12-11T13:11:32Z</time>
   </trkpt>
   <trkpt lat="-12.0044010" lon="-71.2425320">
    <ele>329.8</ele>
    <time>2024-12-11T13:11:33Z</time>
   </trkpt>
   <trkpt lat="-12.0044080" lon="-71.2425380">
    <ele>329.8</ele>
    <time>2024-12-11T13:11:34Z</time>
   </trkpt>
   <trkpt lat="-12.0044150" lon="-71.2425440">
    <ele>329.8</ele>
    <time>2024-12-11T13:11:35Z</time>
   </trkpt>
   <trkpt lat="-12.0044160" lon="-71.2425480">
    <ele>329.8</ele>
    <time>2024-12-11T13:11:36Z</time>
   </trkpt>
   <trkpt lat="-12.0044260" lon="-71.2425500">
    <ele>329.8</ele>
    <time>2024-12-11T13:11:37Z</time>
   </trkpt>
   <trkpt lat="-12.0044240" lon="-71.2425310">
    <ele>329.8</ele>
    <time>2024-12-11T13:11:38Z</time>
   </trkpt>
   <trkpt lat="-12.0044260" lon="-71.2425280">
    <ele>329.8</ele>
    <time>2024-12-11T13:11:39Z</time>
   </trkpt>
   <trkpt lat="-12.0044320" lon="-71.2425190">
    <ele>329.9</ele>
    <time>2024-12-11T13:11:40Z</time>
   </trkpt>
   <trkpt lat="-12.0044270" lon="-71.2425140">
    <ele>329.9</ele>
    <time>2024-12-11T13:11:41Z</time>
   </trkpt>
   <trkpt lat="-12.0044300" lon="-71.2425060">
    <ele>329.9</ele>
    <time>2024-12-11T13:11:42Z</time>
   </trkpt>
   <trkpt lat="-12.0044280" lon="-71.2425110">
    <ele>329.9</ele>
    <time>2024-12-11T13:11:43Z</time>
   </trkpt>
   <trkpt lat="-12.0044380" lon="-71.2425090">
    <ele>329.9</ele>
    <time>2024-12-11T13:11:44Z</time>
   </trkpt>
   <trkpt lat="-12.0044470" lon="-71.2425180">
    <ele>329.9</ele>
    <time>2024-12-11T13:11:45Z</time>
   </trkpt>
   <trkpt lat="-12.0044560" lon="-71.2425260">
    <ele>329.9</ele>
    <time>2024-12-11T13:11:46Z</time>
   </trkpt>
   <trkpt lat="-12.0044600" lon="-71.2425340">
    <ele>329.9</ele>
    <time>2024-12-11T13:11:47Z</time>
   </trkpt>
   <trkpt lat="-12.0044740" lon="-71.2425420">
    <ele>329.9</ele>
    <time>2024-12-11T13:11:48Z</time>
   </trkpt>
   <trkpt lat="-12.0044800" lon="-71.2425470">
    <ele>329.9</ele>
    <time>2024-12-11T13:11:49Z</time>
   </trkpt>
   <trkpt lat="-12.0044870" lon="-71.2425520">
    <ele>329.9</ele>
    <time>2024-12-11T13:11:50Z</time>
   </trkpt>
   <trkpt lat="-12.0044930" lon="-71.2425570">
    <ele>329.9</ele>
    <time>2024-12-11T13:11:51Z</time>
   </trkpt>
   <trkpt lat="-12.0044940" lon="-71.2425470">
    <ele>329.9</ele>
    <time>2024-12-11T13:11:52Z</time>
   </trkpt>
   <trkpt lat="-12.0044980" lon="-71.2425420">
    <ele>329.9</ele>
    <time>2024-12-11T13:11:53Z</time>
   </trkpt>
   <trkpt lat="-12.0045070" lon="-71.2425410">
    <ele>330.0</ele>
    <time>2024-12-11T13:11:54Z</time>
   </trkpt>
   <trkpt lat="-12.0045180" lon="-71.2425470">
    <ele>330.0</ele>
    <time>2024-12-11T13:11:55Z</time>
   </trkpt>
   <trkpt lat="-12.0045260" lon="-71.2425460">
    <ele>330.0</ele>
    <time>2024-12-11T13:11:56Z</time>
   </trkpt>
   <trkpt lat="-12.0045380" lon="-71.2425450">
    <ele>330.0</ele>
    <time>2024-12-11T13:11:57Z</time>
   </trkpt>
   <trkpt lat="-12.0045460" lon="-71.2425450">
    <ele>330.0</ele>
    <time>2024-12-11T13:11:58Z</time>
   </trkpt>
   <trkpt lat="-12.0045620" lon="-71.2425530">
    <ele>330.0</ele>
    <time>2024-12-11T13:11:59Z</time>
   </trkpt>
   <trkpt lat="-12.0045670" lon="-71.2425500">
    <ele>330.0</ele>
    <time>2024-12-11T13:12:01Z</time>
   </trkpt>
   <trkpt lat="-12.0045730" lon="-71.2425470">
    <ele>330.0</ele>
    <time>2024-12-11T13:12:02Z</time>
   </trkpt>
   <trkpt lat="-12.0045790" lon="-71.2425460">
    <ele>330.0</ele>
    <time>2024-12-11T13:12:03Z</time>
   </trkpt>
   <trkpt lat="-12.0045870" lon="-71.2425430">
    <ele>330.0</ele>
    <time>2024-12-11T13:12:04Z</time>
   </trkpt>
   <trkpt lat="-12.0045950" lon="-71.2425250">
    <ele>330.0</ele>
    <time>2024-12-11T13:12:05Z</time>
   </trkpt>
   <trkpt lat="-12.0046040" lon="-71.2425310">
    <ele>330.0</ele>
    <time>2024-12-11T13:12:06Z</time>
   </trkpt>
   <trkpt lat="-12.0046130" lon="-71.2425460">
    <ele>330.1</ele>
    <time>2024-12-11T13:12:07Z</time>
   </trkpt>
   <trkpt lat="-12.0046120" lon="-71.2425480">
    <ele>330.1</ele>
    <time>2024-12-11T13:12:08Z</time>
   </trkpt>
   <trkpt lat="-12.0046150" lon="-71.2425440">
    <ele>330.1</ele>
    <time>2024-12-11T13:12:09Z</time>
   </trkpt>
   <trkpt lat="-12.0046100" lon="-71.2425440">
    <ele>330.1</ele>
    <time>2024-12-11T13:12:10Z</time>
   </trkpt>
   <trkpt lat="-12.0046120" lon="-71.2425430">
    <ele>330.1</ele>
    <time>2024-12-11T13:12:11Z</time>
   </trkpt>
   <trkpt lat="-12.0046250" lon="-71.2425380">
    <ele>330.1</ele>
    <time>2024-12-11T13:12:12Z</time>
   </trkpt>
   <trkpt lat="-12.0046310" lon="-71.2425330">
    <ele>330.1</ele>
    <time>2024-12-11T13:12:13Z</time>
   </trkpt>
   <trkpt lat="-12.0046350" lon="-71.2425330">
    <ele>330.1</ele>
    <time>2024-12-11T13:12:14Z</time>
   </trkpt>
   <trkpt lat="-12.0046350" lon="-71.2425350">
    <ele>330.1</ele>
    <time>2024-12-11T13:12:15Z</time>
   </trkpt>
   <trkpt lat="-12.0046370" lon="-71.2425360">
    <ele>330.1</ele>
    <time>2024-12-11T13:12:16Z</time>
   </trkpt>
   <trkpt lat="-12.0046410" lon="-71.2425390">
    <ele>330.1</ele>
    <time>2024-12-11T13:12:17Z</time>
   </trkpt>
   <trkpt lat="-12.0046380" lon="-71.2425460">
    <ele>330.1</ele>
    <time>2024-12-11T13:12:18Z</time>
   </trkpt>
   <trkpt lat="-12.0046420" lon="-71.2425420">
    <ele>330.1</ele>
    <time>2024-12-11T13:12:19Z</time>
   </trkpt>
   <trkpt lat="-12.0046460" lon="-71.2425340">
    <ele>330.1</ele>
    <time>2024-12-11T13:12:20Z</time>
   </trkpt>
   <trkpt lat="-12.0046440" lon="-71.2425400">
    <ele>330.1</ele>
    <time>2024-12-11T13:12:21Z</time>
   </trkpt>
   <trkpt lat="-12.0046440" lon="-71.2425410">
    <ele>330.1</ele>
    <time>2024-12-11T13:12:22Z</time>
   </trkpt>
   <trkpt lat="-12.0046440" lon="-71.2425410">
    <ele>330.1</ele>
    <time>2024-12-11T13:12:23Z</time>
   </trkpt>
   <trkpt lat="-12.0046440" lon="-71.2425410">
    <ele>330.1</ele>
    <time>2024-12-11T13:12:24Z</time>
   </trkpt>
   <trkpt lat="-12.0046480" lon="-71.2425480">
    <ele>330.1</ele>
    <time>2024-12-11T13:12:25Z</time>
   </trkpt>
   <trkpt lat="-12.0046560" lon="-71.2425460">
    <ele>330.1</ele>
    <time>2024-12-11T13:12:26Z</time>
   </trkpt>
   <trkpt lat="-12.0046530" lon="-71.2425420">
    <ele>330.1</ele>
    <time>2024-12-11T13:12:27Z</time>
   </trkpt>
   <trkpt lat="-12.0046430" lon="-71.2425450">
    <ele>330.1</ele>
    <time>2024-12-11T13:12:28Z</time>
   </trkpt>
   <trkpt lat="-12.0046480" lon="-71.2425570">
    <ele>330.1</ele>
    <time>2024-12-11T13:12:29Z</time>
   </trkpt>
   <trkpt lat="-12.0046470" lon="-71.2425700">
    <ele>330.2</ele>
    <time>2024-12-11T13:12:30Z</time>
   </trkpt>
   <trkpt lat="-12.0046510" lon="-71.2425810">
    <ele>330.2</ele>
    <time>2024-12-11T13:12:31Z</time>
   </trkpt>
   <trkpt lat="-12.0046540" lon="-71.2425830">
    <ele>330.2</ele>
    <time>2024-12-11T13:12:32Z</time>
   </trkpt>
   <trkpt lat="-12.0046560" lon="-71.2425850">
    <ele>330.2</ele>
    <time>2024-12-11T13:12:33Z</time>
   </trkpt>
   <trkpt lat="-12.0046590" lon="-71.2425870">
    <ele>330.2</ele>
    <time>2024-12-11T13:12:34Z</time>
   </trkpt>
   <trkpt lat="-12.0046610" lon="-71.2425890">
    <ele>330.2</ele>
    <time>2024-12-11T13:12:35Z</time>
   </trkpt>
   <trkpt lat="-12.0046640" lon="-71.2425910">
    <ele>330.2</ele>
    <time>2024-12-11T13:12:36Z</time>
   </trkpt>
   <trkpt lat="-12.0046660" lon="-71.2425930">
    <ele>330.2</ele>
    <time>2024-12-11T13:12:37Z</time>
   </trkpt>
   <trkpt lat="-12.0046690" lon="-71.2425950">
    <ele>330.2</ele>
    <time>2024-12-11T13:12:38Z</time>
   </trkpt>
   <trkpt lat="-12.0046710" lon="-71.2425970">
    <ele>330.2</ele>
    <time>2024-12-11T13:12:39Z</time>
   </trkpt>
   <trkpt lat="-12.0046740" lon="-71.2425990">
    <ele>330.2</ele>
    <time>2024-12-11T13:12:40Z</time>
   </trkpt>
   <trkpt lat="-12.0046760" lon="-71.2426010">
    <ele>330.2</ele>
    <time>2024-12-11T13:12:41Z</time>
   </trkpt>
   <trkpt lat="-12.0046790" lon="-71.2426030">
    <ele>330.2</ele>
    <time>2024-12-11T13:12:42Z</time>
   </trkpt>
   <trkpt lat="-12.0046810" lon="-71.2426050">
    <ele>330.2</ele>
    <time>2024-12-11T13:12:43Z</time>
   </trkpt>
   <trkpt lat="-12.0046760" lon="-71.2426210">
    <ele>330.2</ele>
    <time>2024-12-11T13:12:44Z</time>
   </trkpt>
   <trkpt lat="-12.0046740" lon="-71.2426320">
    <ele>330.2</ele>
    <time>2024-12-11T13:12:45Z</time>
   </trkpt>
   <trkpt lat="-12.0046720" lon="-71.2426420">
    <ele>330.2</ele>
    <time>2024-12-11T13:12:46Z</time>
   </trkpt>
   <trkpt lat="-12.0046700" lon="-71.2426520">
    <ele>330.2</ele>
    <time>2024-12-11T13:12:47Z</time>
   </trkpt>
   <trkpt lat="-12.0046790" lon="-71.2426430">
    <ele>330.2</ele>
    <time>2024-12-11T13:12:48Z</time>
   </trkpt>
   <trkpt lat="-12.0046780" lon="-71.2426490">
    <ele>330.2</ele>
    <time>2024-12-11T13:12:49Z</time>
   </trkpt>
   <trkpt lat="-12.0046800" lon="-71.2426480">
    <ele>330.2</ele>
    <time>2024-12-11T13:12:50Z</time>
   </trkpt>
   <trkpt lat="-12.0046770" lon="-71.2426530">
    <ele>330.2</ele>
    <time>2024-12-11T13:12:51Z</time>
   </trkpt>
   <trkpt lat="-12.0046870" lon="-71.2426590">
    <ele>330.3</ele>
    <time>2024-12-11T13:12:52Z</time>
   </trkpt>
   <trkpt lat="-12.0046890" lon="-71.2426720">
    <ele>330.3</ele>
    <time>2024-12-11T13:12:53Z</time>
   </trkpt>
   <trkpt lat="-12.0047110" lon="-71.2426660">
    <ele>330.3</ele>
    <time>2024-12-11T13:12:54Z</time>
   </trkpt>
   <trkpt lat="-12.0047250" lon="-71.2426570">
    <ele>330.3</ele>
    <time>2024-12-11T13:12:55Z</time>
   </trkpt>
   <trkpt lat="-12.0047350" lon="-71.2426620">
    <ele>330.3</ele>
    <time>2024-12-11T13:12:56Z</time>
   </trkpt>
   <trkpt lat="-12.0047350" lon="-71.2426710">
    <ele>330.3</ele>
    <time>2024-12-11T13:12:57Z</time>
   </trkpt>
   <trkpt lat="-12.0047360" lon="-71.2426790">
    <ele>330.3</ele>
    <time>2024-12-11T13:12:58Z</time>
   </trkpt>
   <trkpt lat="-12.0047360" lon="-71.2426880">
    <ele>330.3</ele>
    <time>2024-12-11T13:12:59Z</time>
   </trkpt>
   <trkpt lat="-12.0047360" lon="-71.2426960">
    <ele>330.3</ele>
    <time>2024-12-11T13:13:00Z</time>
   </trkpt>
   <trkpt lat="-12.0047360" lon="-71.2427050">
    <ele>330.3</ele>
    <time>2024-12-11T13:13:01Z</time>
   </trkpt>
   <trkpt lat="-12.0047500" lon="-71.2426980">
    <ele>330.3</ele>
    <time>2024-12-11T13:13:02Z</time>
   </trkpt>
   <trkpt lat="-12.0047570" lon="-71.2426960">
    <ele>330.4</ele>
    <time>2024-12-11T13:13:03Z</time>
   </trkpt>
   <trkpt lat="-12.0047630" lon="-71.2426930">
    <ele>330.4</ele>
    <time>2024-12-11T13:13:04Z</time>
   </trkpt>
   <trkpt lat="-12.0047700" lon="-71.2426910">
    <ele>330.4</ele>
    <time>2024-12-11T13:13:05Z</time>
   </trkpt>
   <trkpt lat="-12.0047760" lon="-71.2426890">
    <ele>330.4</ele>
    <time>2024-12-11T13:13:06Z</time>
   </trkpt>
   <trkpt lat="-12.0047890" lon="-71.2426830">
    <ele>330.4</ele>
    <time>2024-12-11T13:13:07Z</time>
   </trkpt>
   <trkpt lat="-12.0047990" lon="-71.2426770">
    <ele>330.4</ele>
    <time>2024-12-11T13:13:08Z</time>
   </trkpt>
   <trkpt lat="-12.0047990" lon="-71.2426780">
    <ele>330.4</ele>
    <time>2024-12-11T13:13:09Z</time>
   </trkpt>
   <trkpt lat="-12.0048000" lon="-71.2426820">
    <ele>330.4</ele>
    <time>2024-12-11T13:13:10Z</time>
   </trkpt>
   <trkpt lat="-12.0048060" lon="-71.2426730">
    <ele>330.4</ele>
    <time>2024-12-11T13:13:11Z</time>
   </trkpt>
   <trkpt lat="-12.0048130" lon="-71.2426720">
    <ele>330.4</ele>
    <time>2024-12-11T13:13:12Z</time>
   </trkpt>
   <trkpt lat="-12.0048220" lon="-71.2426800">
    <ele>330.4</ele>
    <time>2024-12-11T13:13:13Z</time>
   </trkpt>
   <trkpt lat="-12.0048270" lon="-71.2426880">
    <ele>330.4</ele>
    <time>2024-12-11T13:13:14Z</time>
   </trkpt>
   <trkpt lat="-12.0048290" lon="-71.2426930">
    <ele>330.4</ele>
    <time>2024-12-11T13:13:15Z</time>
   </trkpt>
   <trkpt lat="-12.0048400" lon="-71.2426860">
    <ele>330.4</ele>
    <time>2024-12-11T13:13:16Z</time>
   </trkpt>
   <trkpt lat="-12.0048480" lon="-71.2426840">
    <ele>330.4</ele>
    <time>2024-12-11T13:13:17Z</time>
   </trkpt>
   <trkpt lat="-12.0048560" lon="-71.2426820">
    <ele>330.4</ele>
    <time>2024-12-11T13:13:18Z</time>
   </trkpt>
   <trkpt lat="-12.0048640" lon="-71.2426800">
    <ele>330.5</ele>
    <time>2024-12-11T13:13:19Z</time>
   </trkpt>
   <trkpt lat="-12.0048720" lon="-71.2426780">
    <ele>330.5</ele>
    <time>2024-12-11T13:13:20Z</time>
   </trkpt>
   <trkpt lat="-12.0048740" lon="-71.2426860">
    <ele>330.5</ele>
    <time>2024-12-11T13:13:21Z</time>
   </trkpt>
   <trkpt lat="-12.0048850" lon="-71.2426900">
    <ele>330.5</ele>
    <time>2024-12-11T13:13:22Z</time>
   </trkpt>
   <trkpt lat="-12.0049060" lon="-71.2426900">
    <ele>330.5</ele>
    <time>2024-12-11T13:13:23Z</time>
   </trkpt>
   <trkpt lat="-12.0049170" lon="-71.2426880">
    <ele>330.5</ele>
    <time>2024-12-11T13:13:24Z</time>
   </trkpt>
   <trkpt lat="-12.0049250" lon="-71.2426870">
    <ele>330.5</ele>
    <time>2024-12-11T13:13:25Z</time>
   </trkpt>
   <trkpt lat="-12.0049290" lon="-71.2426930">
    <ele>330.5</ele>
    <time>2024-12-11T13:13:26Z</time>
   </trkpt>
   <trkpt lat="-12.0049320" lon="-71.2426950">
    <ele>330.5</ele>
    <time>2024-12-11T13:13:27Z</time>
   </trkpt>
   <trkpt lat="-12.0049310" lon="-71.2426990">
    <ele>330.5</ele>
    <time>2024-12-11T13:13:28Z</time>
   </trkpt>
   <trkpt lat="-12.0049280" lon="-71.2427050">
    <ele>330.5</ele>
    <time>2024-12-11T13:13:29Z</time>
   </trkpt>
   <trkpt lat="-12.0049250" lon="-71.2427110">
    <ele>330.5</ele>
    <time>2024-12-11T13:13:30Z</time>
   </trkpt>
   <trkpt lat="-12.0049250" lon="-71.2427110">
    <ele>330.5</ele>
    <time>2024-12-11T13:13:31Z</time>
   </trkpt>
   <trkpt lat="-12.0049250" lon="-71.2427110">
    <ele>330.5</ele>
    <time>2024-12-11T13:13:32Z</time>
   </trkpt>
   <trkpt lat="-12.0049250" lon="-71.2427110">
    <ele>330.5</ele>
    <time>2024-12-11T13:13:33Z</time>
   </trkpt>
   <trkpt lat="-12.0049250" lon="-71.2427110">
    <ele>330.5</ele>
    <time>2024-12-11T13:13:34Z</time>
   </trkpt>
   <trkpt lat="-12.0049250" lon="-71.2427110">
    <ele>330.5</ele>
    <time>2024-12-11T13:13:35Z</time>
   </trkpt>
   <trkpt lat="-12.0049320" lon="-71.2427330">
    <ele>330.5</ele>
    <time>2024-12-11T13:13:36Z</time>
   </trkpt>
   <trkpt lat="-12.0049260" lon="-71.2427400">
    <ele>330.5</ele>
    <time>2024-12-11T13:13:37Z</time>
   </trkpt>
   <trkpt lat="-12.0049350" lon="-71.2427390">
    <ele>330.6</ele>
    <time>2024-12-11T13:13:38Z</time>
   </trkpt>
   <trkpt lat="-12.0049330" lon="-71.2427430">
    <ele>330.6</ele>
    <time>2024-12-11T13:13:39Z</time>
   </trkpt>
   <trkpt lat="-12.0049390" lon="-71.2427490">
    <ele>330.6</ele>
    <time>2024-12-11T13:13:40Z</time>
   </trkpt>
   <trkpt lat="-12.0049400" lon="-71.2427440">
    <ele>330.6</ele>
    <time>2024-12-11T13:13:41Z</time>
   </trkpt>
   <trkpt lat="-12.0049530" lon="-71.2427440">
    <ele>330.6</ele>
    <time>2024-12-11T13:13:42Z</time>
   </trkpt>
   <trkpt lat="-12.0049620" lon="-71.2427420">
    <ele>330.6</ele>
    <time>2024-12-11T13:13:43Z</time>
   </trkpt>
   <trkpt lat="-12.0049640" lon="-71.2427490">
    <ele>330.6</ele>
    <time>2024-12-11T13:13:44Z</time>
   </trkpt>
   <trkpt lat="-12.0049610" lon="-71.2427540">
    <ele>330.6</ele>
    <time>2024-12-11T13:13:45Z</time>
   </trkpt>
   <trkpt lat="-12.0049670" lon="-71.2427620">
    <ele>330.6</ele>
    <time>2024-12-11T13:13:46Z</time>
   </trkpt>
   <trkpt lat="-12.0049640" lon="-71.2427680">
    <ele>330.6</ele>
    <time>2024-12-11T13:13:47Z</time>
   </trkpt>
   <trkpt lat="-12.0049690" lon="-71.2427780">
    <ele>330.6</ele>
    <time>2024-12-11T13:13:48Z</time>
   </trkpt>
   <trkpt lat="-12.0049660" lon="-71.2427920">
    <ele>330.6</ele>
    <time>2024-12-11T13:13:49Z</time>
   </trkpt>
   <trkpt lat="-12.0049680" lon="-71.2428070">
    <ele>330.6</ele>
    <time>2024-12-11T13:13:50Z</time>
   </trkpt>
   <trkpt lat="-12.0049850" lon="-71.2428130">
    <ele>330.6</ele>
    <time>2024-12-11T13:13:51Z</time>
   </trkpt>
   <trkpt lat="-12.0049970" lon="-71.2428260">
    <ele>330.7</ele>
    <time>2024-12-11T13:13:52Z</time>
   </trkpt>
   <trkpt lat="-12.0050250" lon="-71.2428300">
    <ele>330.7</ele>
    <time>2024-12-11T13:13:53Z</time>
   </trkpt>
   <trkpt lat="-12.0050310" lon="-71.2428310">
    <ele>330.7</ele>
    <time>2024-12-11T13:13:54Z</time>
   </trkpt>
   <trkpt lat="-12.0050370" lon="-71.2428330">
    <ele>330.7</ele>
    <time>2024-12-11T13:13:55Z</time>
   </trkpt>
   <trkpt lat="-12.0050430" lon="-71.2428290">
    <ele>330.7</ele>
    <time>2024-12-11T13:13:56Z</time>
   </trkpt>
   <trkpt lat="-12.0050470" lon="-71.2428230">
    <ele>330.7</ele>
    <time>2024-12-11T13:13:57Z</time>
   </trkpt>
   <trkpt lat="-12.0050590" lon="-71.2428190">
    <ele>330.7</ele>
    <time>2024-12-11T13:13:58Z</time>
   </trkpt>
   <trkpt lat="-12.0050610" lon="-71.2428220">
    <ele>330.7</ele>
    <time>2024-12-11T13:13:59Z</time>
   </trkpt>
   <trkpt lat="-12.0050710" lon="-71.2428220">
    <ele>330.7</ele>
    <time>2024-12-11T13:14:00Z</time>
   </trkpt>
   <trkpt lat="-12.0051020" lon="-71.2428330">
    <ele>330.7</ele>
    <time>2024-12-11T13:14:01Z</time>
   </trkpt>
   <trkpt lat="-12.0051080" lon="-71.2428320">
    <ele>330.8</ele>
    <time>2024-12-11T13:14:02Z</time>
   </trkpt>
   <trkpt lat="-12.0051190" lon="-71.2428280">
    <ele>330.8</ele>
    <time>2024-12-11T13:14:03Z</time>
   </trkpt>
   <trkpt lat="-12.0051290" lon="-71.2428200">
    <ele>330.8</ele>
    <time>2024-12-11T13:14:04Z</time>
   </trkpt>
   <trkpt lat="-12.0051320" lon="-71.2428100">
    <ele>330.8</ele>
    <time>2024-12-11T13:14:05Z</time>
   </trkpt>
   <trkpt lat="-12.0051520" lon="-71.2427990">
    <ele>330.8</ele>
    <time>2024-12-11T13:14:07Z</time>
   </trkpt>
   <trkpt lat="-12.0051540" lon="-71.2427940">
    <ele>330.8</ele>
    <time>2024-12-11T13:14:08Z</time>
   </trkpt>
   <trkpt lat="-12.0051560" lon="-71.2427840">
    <ele>330.8</ele>
    <time>2024-12-11T13:14:09Z</time>
   </trkpt>
   <trkpt lat="-12.0051610" lon="-71.2427770">
    <ele>330.8</ele>
    <time>2024-12-11T13:14:10Z</time>
   </trkpt>
   <trkpt lat="-12.0051610" lon="-71.2427650">
    <ele>330.8</ele>
    <time>2024-12-11T13:14:11Z</time>
   </trkpt>
   <trkpt lat="-12.0051630" lon="-71.2427660">
    <ele>330.8</ele>
    <time>2024-12-11T13:14:12Z</time>
   </trkpt>
   <trkpt lat="-12.0051650" lon="-71.2427590">
    <ele>330.8</ele>
    <time>2024-12-11T13:14:13Z</time>
   </trkpt>
   <trkpt lat="-12.0051660" lon="-71.2427550">
    <ele>330.8</ele>
    <time>2024-12-11T13:14:14Z</time>
   </trkpt>
   <trkpt lat="-12.0051650" lon="-71.2427380">
    <ele>330.8</ele>
    <time>2024-12-11T13:14:15Z</time>
   </trkpt>
   <trkpt lat="-12.0051650" lon="-71.2427310">
    <ele>330.8</ele>
    <time>2024-12-11T13:14:16Z</time>
   </trkpt>
   <trkpt lat="-12.0051650" lon="-71.2427240">
    <ele>330.9</ele>
    <time>2024-12-11T13:14:17Z</time>
   </trkpt>
   <trkpt lat="-12.0051650" lon="-71.2427170">
    <ele>330.9</ele>
    <time>2024-12-11T13:14:18Z</time>
   </trkpt>
   <trkpt lat="-12.0051670" lon="-71.2427130">
    <ele>330.9</ele>
    <time>2024-12-11T13:14:19Z</time>
   </trkpt>
   <trkpt lat="-12.0051710" lon="-71.2427030">
    <ele>330.9</ele>
    <time>2024-12-11T13:14:20Z</time>
   </trkpt>
   <trkpt lat="-12.0051710" lon="-71.2426970">
    <ele>330.9</ele>
    <time>2024-12-11T13:14:21Z</time>
   </trkpt>
   <trkpt lat="-12.0051740" lon="-71.2426830">
    <ele>330.9</ele>
    <time>2024-12-11T13:14:22Z</time>
   </trkpt>
   <trkpt lat="-12.0051750" lon="-71.2426790">
    <ele>330.9</ele>
    <time>2024-12-11T13:14:23Z</time>
   </trkpt>
   <trkpt lat="-12.0051760" lon="-71.2426700">
    <ele>330.9</ele>
    <time>2024-12-11T13:14:24Z</time>
   </trkpt>
   <trkpt lat="-12.0051770" lon="-71.2426670">
    <ele>330.9</ele>
    <time>2024-12-11T13:14:25Z</time>
   </trkpt>
   <trkpt lat="-12.0051780" lon="-71.2426550">
    <ele>330.9</ele>
    <time>2024-12-11T13:14:26Z</time>
   </trkpt>
   <trkpt lat="-12.0051780" lon="-71.2426480">
    <ele>330.9</ele>
    <time>2024-12-11T13:14:27Z</time>
   </trkpt>
   <trkpt lat="-12.0051790" lon="-71.2426400">
    <ele>330.9</ele>
    <time>2024-12-11T13:14:28Z</time>
   </trkpt>
   <trkpt lat="-12.0051780" lon="-71.2426280">
    <ele>330.9</ele>
    <time>2024-12-11T13:14:29Z</time>
   </trkpt>
   <trkpt lat="-12.0051770" lon="-71.2426250">
    <ele>330.9</ele>
    <time>2024-12-11T13:14:30Z</time>
   </trkpt>
   <trkpt lat="-12.0051750" lon="-71.2426120">
    <ele>330.9</ele>
    <time>2024-12-11T13:14:31Z</time>
   </trkpt>
   <trkpt lat="-12.0051760" lon="-71.2426060">
    <ele>330.9</ele>
    <time>2024-12-11T13:14:32Z</time>
   </trkpt>
   <trkpt lat="-12.0051800" lon="-71.2425940">
    <ele>331.0</ele>
    <time>2024-12-11T13:14:33Z</time>
   </trkpt>
   <trkpt lat="-12.0051780" lon="-71.2425850">
    <ele>331.0</ele>
    <time>2024-12-11T13:14:34Z</time>
   </trkpt>
   <trkpt lat="-12.0051760" lon="-71.2425780">
    <ele>331.0</ele>
    <time>2024-12-11T13:14:35Z</time>
   </trkpt>
   <trkpt lat="-12.0051810" lon="-71.2425750">
    <ele>331.0</ele>
    <time>2024-12-11T13:14:36Z</time>
   </trkpt>
   <trkpt lat="-12.0051770" lon="-71.2425720">
    <ele>331.0</ele>
    <time>2024-12-11T13:14:37Z</time>
   </trkpt>
   <trkpt lat="-12.0051770" lon="-71.2425600">
    <ele>331.0</ele>
    <time>2024-12-11T13:14:38Z</time>
   </trkpt>
   <trkpt lat="-12.0051750" lon="-71.2425540">
    <ele>331.0</ele>
    <time>2024-12-11T13:14:39Z</time>
   </trkpt>
   <trkpt lat="-12.0051800" lon="-71.2425530">
    <ele>331.0</ele>
    <time>2024-12-11T13:14:40Z</time>
   </trkpt>
   <trkpt lat="-12.0051810" lon="-71.2425510">
    <ele>331.0</ele>
    <time>2024-12-11T13:14:41Z</time>
   </trkpt>
   <trkpt lat="-12.0051850" lon="-71.2425490">
    <ele>331.0</ele>
    <time>2024-12-11T13:14:42Z</time>
   </trkpt>
   <trkpt lat="-12.0051840" lon="-71.2425310">
    <ele>331.0</ele>
    <time>2024-12-11T13:14:43Z</time>
   </trkpt>
   <trkpt lat="-12.0051890" lon="-71.2425280">
    <ele>331.0</ele>
    <time>2024-12-11T13:14:44Z</time>
   </trkpt>
   <trkpt lat="-12.0051920" lon="-71.2425180">
    <ele>331.0</ele>
    <time>2024-12-11T13:14:45Z</time>
   </trkpt>
   <trkpt lat="-12.0052000" lon="-71.2425160">
    <ele>331.0</ele>
    <time>2024-12-11T13:14:46Z</time>
   </trkpt>
   <trkpt lat="-12.0052010" lon="-71.2425100">
    <ele>331.0</ele>
    <time>2024-12-11T13:14:47Z</time>
   </trkpt>
   <trkpt lat="-12.0052000" lon="-71.2425020">
    <ele>331.0</ele>
    <time>2024-12-11T13:14:48Z</time>
   </trkpt>
   <trkpt lat="-12.0052040" lon="-71.2424910">
    <ele>331.0</ele>
    <time>2024-12-11T13:14:49Z</time>
   </trkpt>
   <trkpt lat="-12.0052060" lon="-71.2424840">
    <ele>331.1</ele>
    <time>2024-12-11T13:14:50Z</time>
   </trkpt>
   <trkpt lat="-12.0052090" lon="-71.2424800">
    <ele>331.1</ele>
    <time>2024-12-11T13:14:51Z</time>
   </trkpt>
   <trkpt lat="-12.0052100" lon="-71.2424820">
    <ele>331.1</ele>
    <time>2024-12-11T13:14:52Z</time>
   </trkpt>
   <trkpt lat="-12.0052110" lon="-71.2424770">
    <ele>331.1</ele>
    <time>2024-12-11T13:14:53Z</time>
   </trkpt>
   <trkpt lat="-12.0052100" lon="-71.2424690">
    <ele>331.1</ele>
    <time>2024-12-11T13:14:54Z</time>
   </trkpt>
   <trkpt lat="-12.0052080" lon="-71.2424630">
    <ele>331.1</ele>
    <time>2024-12-11T13:14:55Z</time>
   </trkpt>
   <trkpt lat="-12.0052140" lon="-71.2424550">
    <ele>331.1</ele>
    <time>2024-12-11T13:14:56Z</time>
   </trkpt>
   <trkpt lat="-12.0052130" lon="-71.2424400">
    <ele>331.1</ele>
    <time>2024-12-11T13:14:57Z</time>
   </trkpt>
   <trkpt lat="-12.0052220" lon="-71.2424360">
    <ele>331.1</ele>
    <time>2024-12-11T13:14:58Z</time>
   </trkpt>
   <trkpt lat="-12.0052260" lon="-71.2424330">
    <ele>331.1</ele>
    <time>2024-12-11T13:14:59Z</time>
   </trkpt>
   <trkpt lat="-12.0052410" lon="-71.2424210">
    <ele>331.1</ele>
    <time>2024-12-11T13:15:00Z</time>
   </trkpt>
   <trkpt lat="-12.0052410" lon="-71.2424240">
    <ele>331.1</ele>
    <time>2024-12-11T13:15:01Z</time>
   </trkpt>
   <trkpt lat="-12.0052400" lon="-71.2424220">
    <ele>331.1</ele>
    <time>2024-12-11T13:15:02Z</time>
   </trkpt>
   <trkpt lat="-12.0052350" lon="-71.2424080">
    <ele>331.1</ele>
    <time>2024-12-11T13:15:03Z</time>
   </trkpt>
   <trkpt lat="-12.0052360" lon="-71.2424010">
    <ele>331.1</ele>
    <time>2024-12-11T13:15:04Z</time>
   </trkpt>
   <trkpt lat="-12.0052400" lon="-71.2423910">
    <ele>331.1</ele>
    <time>2024-12-11T13:15:05Z</time>
   </trkpt>
   <trkpt lat="-12.0052410" lon="-71.2423820">
    <ele>331.1</ele>
    <time>2024-12-11T13:15:06Z</time>
   </trkpt>
   <trkpt lat="-12.0052400" lon="-71.2423740">
    <ele>331.2</ele>
    <time>2024-12-11T13:15:07Z</time>
   </trkpt>
   <trkpt lat="-12.0052490" lon="-71.2423670">
    <ele>331.2</ele>
    <time>2024-12-11T13:15:08Z</time>
   </trkpt>
   <trkpt lat="-12.0052500" lon="-71.2423610">
    <ele>331.2</ele>
    <time>2024-12-11T13:15:09Z</time>
   </trkpt>
   <trkpt lat="-12.0052500" lon="-71.2423530">
    <ele>331.2</ele>
    <time>2024-12-11T13:15:10Z</time>
   </trkpt>
   <trkpt lat="-12.0052490" lon="-71.2423440">
    <ele>331.2</ele>
    <time>2024-12-11T13:15:11Z</time>
   </trkpt>
   <trkpt lat="-12.0052500" lon="-71.2423370">
    <ele>331.2</ele>
    <time>2024-12-11T13:15:12Z</time>
   </trkpt>
   <trkpt lat="-12.0052420" lon="-71.2423270">
    <ele>331.2</ele>
    <time>2024-12-11T13:15:13Z</time>
   </trkpt>
   <trkpt lat="-12.0052380" lon="-71.2423220">
    <ele>331.2</ele>
    <time>2024-12-11T13:15:14Z</time>
   </trkpt>
   <trkpt lat="-12.0052350" lon="-71.2423120">
    <ele>331.2</ele>
    <time>2024-12-11T13:15:15Z</time>
   </trkpt>
   <trkpt lat="-12.0052290" lon="-71.2423030">
    <ele>331.2</ele>
    <time>2024-12-11T13:15:16Z</time>
   </trkpt>
   <trkpt lat="-12.0052270" lon="-71.2422940">
    <ele>331.2</ele>
    <time>2024-12-11T13:15:17Z</time>
   </trkpt>
   <trkpt lat="-12.0052310" lon="-71.2422850">
    <ele>331.2</ele>
    <time>2024-12-11T13:15:18Z</time>
   </trkpt>
   <trkpt lat="-12.0052280" lon="-71.2422740">
    <ele>331.2</ele>
    <time>2024-12-11T13:15:19Z</time>
   </trkpt>
   <trkpt lat="-12.0052250" lon="-71.2422620">
    <ele>331.2</ele>
    <time>2024-12-11T13:15:20Z</time>
   </trkpt>
   <trkpt lat="-12.0052190" lon="-71.2422550">
    <ele>331.3</ele>
    <time>2024-12-11T13:15:21Z</time>
   </trkpt>
   <trkpt lat="-12.0052290" lon="-71.2422490">
    <ele>331.3</ele>
    <time>2024-12-11T13:15:22Z</time>
   </trkpt>
   <trkpt lat="-12.0052270" lon="-71.2422440">
    <ele>331.3</ele>
    <time>2024-12-11T13:15:23Z</time>
   </trkpt>
   <trkpt lat="-12.0052190" lon="-71.2422410">
    <ele>331.3</ele>
    <time>2024-12-11T13:15:24Z</time>
   </trkpt>
   <trkpt lat="-12.0052220" lon="-71.2422360">
    <ele>331.3</ele>
    <time>2024-12-11T13:15:25Z</time>
   </trkpt>
   <trkpt lat="-12.0052230" lon="-71.2422270">
    <ele>331.3</ele>
    <time>2024-12-11T13:15:26Z</time>
   </trkpt>
   <trkpt lat="-12.0052210" lon="-71.2422240">
    <ele>331.3</ele>
    <time>2024-12-11T13:15:27Z</time>
   </trkpt>
   <trkpt lat="-12.0052170" lon="-71.2422230">
    <ele>331.3</ele>
    <time>2024-12-11T13:15:28Z</time>
   </trkpt>
   <trkpt lat="-12.0052170" lon="-71.2422170">
    <ele>331.3</ele>
    <time>2024-12-11T13:15:29Z</time>
   </trkpt>
   <trkpt lat="-12.0052180" lon="-71.2422200">
    <ele>331.3</ele>
    <time>2024-12-11T13:15:30Z</time>
   </trkpt>
   <trkpt lat="-12.0052190" lon="-71.2422210">
    <ele>331.3</ele>
    <time>2024-12-11T13:15:31Z</time>
   </trkpt>
   <trkpt lat="-12.0052180" lon="-71.2422220">
    <ele>331.3</ele>
    <time>2024-12-11T13:15:32Z</time>
   </trkpt>
   <trkpt lat="-12.0052180" lon="-71.2422220">
    <ele>331.3</ele>
    <time>2024-12-11T13:15:33Z</time>
   </trkpt>
   <trkpt lat="-12.0052180" lon="-71.2422170">
    <ele>331.3</ele>
    <time>2024-12-11T13:15:34Z</time>
   </trkpt>
   <trkpt lat="-12.0052200" lon="-71.2422140">
    <ele>331.3</ele>
    <time>2024-12-11T13:15:35Z</time>
   </trkpt>
   <trkpt lat="-12.0052200" lon="-71.2422140">
    <ele>331.3</ele>
    <time>2024-12-11T13:15:36Z</time>
   </trkpt>
   <trkpt lat="-12.0052200" lon="-71.2422140">
    <ele>331.3</ele>
    <time>2024-12-11T13:15:37Z</time>
   </trkpt>
   <trkpt lat="-12.0052200" lon="-71.2422140">
    <ele>331.3</ele>
    <time>2024-12-11T13:15:38Z</time>
   </trkpt>
   <trkpt lat="-12.0052210" lon="-71.2422150">
    <ele>331.3</ele>
    <time>2024-12-11T13:15:39Z</time>
   </trkpt>
   <trkpt lat="-12.0052210" lon="-71.2422150">
    <ele>331.3</ele>
    <time>2024-12-11T13:15:40Z</time>
   </trkpt>
   <trkpt lat="-12.0052210" lon="-71.2422150">
    <ele>331.3</ele>
    <time>2024-12-11T13:15:41Z</time>
   </trkpt>
   <trkpt lat="-12.0052210" lon="-71.2422150">
    <ele>331.3</ele>
    <time>2024-12-11T13:15:42Z</time>
   </trkpt>
   <trkpt lat="-12.0052210" lon="-71.2422090">
    <ele>331.3</ele>
    <time>2024-12-11T13:15:43Z</time>
   </trkpt>
   <trkpt lat="-12.0052180" lon="-71.2422070">
    <ele>331.3</ele>
    <time>2024-12-11T13:15:44Z</time>
   </trkpt>
   <trkpt lat="-12.0052170" lon="-71.2422010">
    <ele>331.3</ele>
    <time>2024-12-11T13:15:45Z</time>
   </trkpt>
   <trkpt lat="-12.0052150" lon="-71.2421970">
    <ele>331.3</ele>
    <time>2024-12-11T13:15:46Z</time>
   </trkpt>
   <trkpt lat="-12.0052110" lon="-71.2421900">
    <ele>331.3</ele>
    <time>2024-12-11T13:15:47Z</time>
   </trkpt>
   <trkpt lat="-12.0052110" lon="-71.2421860">
    <ele>331.3</ele>
    <time>2024-12-11T13:15:48Z</time>
   </trkpt>
   <trkpt lat="-12.0052150" lon="-71.2421860">
    <ele>331.3</ele>
    <time>2024-12-11T13:15:49Z</time>
   </trkpt>
   <trkpt lat="-12.0052170" lon="-71.2421700">
    <ele>331.3</ele>
    <time>2024-12-11T13:15:50Z</time>
   </trkpt>
   <trkpt lat="-12.0052200" lon="-71.2421660">
    <ele>331.3</ele>
    <time>2024-12-11T13:15:51Z</time>
   </trkpt>
   <trkpt lat="-12.0052190" lon="-71.2421600">
    <ele>331.4</ele>
    <time>2024-12-11T13:15:52Z</time>
   </trkpt>
   <trkpt lat="-12.0052200" lon="-71.2421560">
    <ele>331.4</ele>
    <time>2024-12-11T13:15:53Z</time>
   </trkpt>
   <trkpt lat="-12.0052270" lon="-71.2421500">
    <ele>331.4</ele>
    <time>2024-12-11T13:15:54Z</time>
   </trkpt>
   <trkpt lat="-12.0052270" lon="-71.2421480">
    <ele>331.4</ele>
    <time>2024-12-11T13:15:55Z</time>
   </trkpt>
   <trkpt lat="-12.0052330" lon="-71.2421450">
    <ele>331.4</ele>
    <time>2024-12-11T13:15:56Z</time>
   </trkpt>
   <trkpt lat="-12.0052330" lon="-71.2421370">
    <ele>331.4</ele>
    <time>2024-12-11T13:15:57Z</time>
   </trkpt>
   <trkpt lat="-12.0052370" lon="-71.2421270">
    <ele>331.4</ele>
    <time>2024-12-11T13:15:58Z</time>
   </trkpt>
   <trkpt lat="-12.0052320" lon="-71.2421150">
    <ele>331.4</ele>
    <time>2024-12-11T13:15:59Z</time>
   </trkpt>
   <trkpt lat="-12.0052330" lon="-71.2421100">
    <ele>331.4</ele>
    <time>2024-12-11T13:16:00Z</time>
   </trkpt>
   <trkpt lat="-12.0052410" lon="-71.2421150">
    <ele>331.4</ele>
    <time>2024-12-11T13:16:01Z</time>
   </trkpt>
   <trkpt lat="-12.0052410" lon="-71.2421020">
    <ele>331.4</ele>
    <time>2024-12-11T13:16:02Z</time>
   </trkpt>
   <trkpt lat="-12.0052460" lon="-71.2420960">
    <ele>331.4</ele>
    <time>2024-12-11T13:16:03Z</time>
   </trkpt>
   <trkpt lat="-12.0052530" lon="-71.2420950">
    <ele>331.4</ele>
    <time>2024-12-11T13:16:04Z</time>
   </trkpt>
   <trkpt lat="-12.0052540" lon="-71.2420870">
    <ele>331.4</ele>
    <time>2024-12-11T13:16:05Z</time>
   </trkpt>
   <trkpt lat="-12.0052520" lon="-71.2420810">
    <ele>331.4</ele>
    <time>2024-12-11T13:16:06Z</time>
   </trkpt>
   <trkpt lat="-12.0052570" lon="-71.2420750">
    <ele>331.4</ele>
    <time>2024-12-11T13:16:07Z</time>
   </trkpt>
   <trkpt lat="-12.0052650" lon="-71.2420690">
    <ele>331.4</ele>
    <time>2024-12-11T13:16:08Z</time>
   </trkpt>
   <trkpt lat="-12.0052680" lon="-71.2420580">
    <ele>331.5</ele>
    <time>2024-12-11T13:16:09Z</time>
   </trkpt>
   <trkpt lat="-12.0052700" lon="-71.2420510">
    <ele>331.5</ele>
    <time>2024-12-11T13:16:10Z</time>
   </trkpt>
   <trkpt lat="-12.0052710" lon="-71.2420450">
    <ele>331.5</ele>
    <time>2024-12-11T13:16:11Z</time>
   </trkpt>
   <trkpt lat="-12.0052730" lon="-71.2420380">
    <ele>331.5</ele>
    <time>2024-12-11T13:16:13Z</time>
   </trkpt>
   <trkpt lat="-12.0052750" lon="-71.2420310">
    <ele>331.5</ele>
    <time>2024-12-11T13:16:14Z</time>
   </trkpt>
   <trkpt lat="-12.0052730" lon="-71.2420230">
    <ele>331.5</ele>
    <time>2024-12-11T13:16:15Z</time>
   </trkpt>
   <trkpt lat="-12.0052760" lon="-71.2420180">
    <ele>331.5</ele>
    <time>2024-12-11T13:16:16Z</time>
   </trkpt>
   <trkpt lat="-12.0052870" lon="-71.2420110">
    <ele>331.5</ele>
    <time>2024-12-11T13:16:17Z</time>
   </trkpt>
   <trkpt lat="-12.0052940" lon="-71.2420020">
    <ele>331.5</ele>
    <time>2024-12-11T13:16:18Z</time>
   </trkpt>
   <trkpt lat="-12.0053000" lon="-71.2420060">
    <ele>331.5</ele>
    <time>2024-12-11T13:16:19Z</time>
   </trkpt>
   <trkpt lat="-12.0052990" lon="-71.2419950">
    <ele>331.5</ele>
    <time>2024-12-11T13:16:20Z</time>
   </trkpt>
   <trkpt lat="-12.0053000" lon="-71.2419930">
    <ele>331.5</ele>
    <time>2024-12-11T13:16:21Z</time>
   </trkpt>
   <trkpt lat="-12.0053060" lon="-71.2419830">
    <ele>331.5</ele>
    <time>2024-12-11T13:16:22Z</time>
   </trkpt>
   <trkpt lat="-12.0053100" lon="-71.2419750">
    <ele>331.5</ele>
    <time>2024-12-11T13:16:23Z</time>
   </trkpt>
   <trkpt lat="-12.0053120" lon="-71.2419640">
    <ele>331.5</ele>
    <time>2024-12-11T13:16:24Z</time>
   </trkpt>
   <trkpt lat="-12.0053260" lon="-71.2419590">
    <ele>331.6</ele>
    <time>2024-12-11T13:16:25Z</time>
   </trkpt>
   <trkpt lat="-12.0053310" lon="-71.2419550">
    <ele>331.6</ele>
    <time>2024-12-11T13:16:26Z</time>
   </trkpt>
   <trkpt lat="-12.0053310" lon="-71.2419470">
    <ele>331.6</ele>
    <time>2024-12-11T13:16:27Z</time>
   </trkpt>
   <trkpt lat="-12.0053330" lon="-71.2419320">
    <ele>331.6</ele>
    <time>2024-12-11T13:16:28Z</time>
   </trkpt>
   <trkpt lat="-12.0053350" lon="-71.2419260">
    <ele>331.6</ele>
    <time>2024-12-11T13:16:29Z</time>
   </trkpt>
   <trkpt lat="-12.0053350" lon="-71.2419180">
    <ele>331.6</ele>
    <time>2024-12-11T13:16:30Z</time>
   </trkpt>
   <trkpt lat="-12.0053350" lon="-71.2419110">
    <ele>331.6</ele>
    <time>2024-12-11T13:16:31Z</time>
   </trkpt>
   <trkpt lat="-12.0053360" lon="-71.2419040">
    <ele>331.6</ele>
    <time>2024-12-11T13:16:32Z</time>
   </trkpt>
   <trkpt lat="-12.0053360" lon="-71.2418960">
    <ele>331.6</ele>
    <time>2024-12-11T13:16:33Z</time>
   </trkpt>
   <trkpt lat="-12.0053360" lon="-71.2418890">
    <ele>331.6</ele>
    <time>2024-12-11T13:16:34Z</time>
   </trkpt>
   <trkpt lat="-12.0053360" lon="-71.2418820">
    <ele>331.6</ele>
    <time>2024-12-11T13:16:35Z</time>
   </trkpt>
   <trkpt lat="-12.0053410" lon="-71.2418770">
    <ele>331.6</ele>
    <time>2024-12-11T13:16:36Z</time>
   </trkpt>
   <trkpt lat="-12.0053440" lon="-71.2418690">
    <ele>331.6</ele>
    <time>2024-12-11T13:16:37Z</time>
   </trkpt>
   <trkpt lat="-12.0053440" lon="-71.2418620">
    <ele>331.6</ele>
    <time>2024-12-11T13:16:38Z</time>
   </trkpt>
   <trkpt lat="-12.0053440" lon="-71.2418680">
    <ele>331.6</ele>
    <time>2024-12-11T13:16:39Z</time>
   </trkpt>
   <trkpt lat="-12.0053470" lon="-71.2418580">
    <ele>331.6</ele>
    <time>2024-12-11T13:16:40Z</time>
   </trkpt>
   <trkpt lat="-12.0053540" lon="-71.2418600">
    <ele>331.6</ele>
    <time>2024-12-11T13:16:41Z</time>
   </trkpt>
   <trkpt lat="-12.0053550" lon="-71.2418440">
    <ele>331.7</ele>
    <time>2024-12-11T13:16:42Z</time>
   </trkpt>
   <trkpt lat="-12.0053590" lon="-71.2418470">
    <ele>331.7</ele>
    <time>2024-12-11T13:16:43Z</time>
   </trkpt>
   <trkpt lat="-12.0053610" lon="-71.2418440">
    <ele>331.7</ele>
    <time>2024-12-11T13:16:44Z</time>
   </trkpt>
   <trkpt lat="-12.0053660" lon="-71.2418410">
    <ele>331.7</ele>
    <time>2024-12-11T13:16:45Z</time>
   </trkpt>
   <trkpt lat="-12.0053670" lon="-71.2418330">
    <ele>331.7</ele>
    <time>2024-12-11T13:16:46Z</time>
   </trkpt>
   <trkpt lat="-12.0053660" lon="-71.2418070">
    <ele>331.7</ele>
    <time>2024-12-11T13:16:47Z</time>
   </trkpt>
   <trkpt lat="-12.0053660" lon="-71.2418010">
    <ele>331.7</ele>
    <time>2024-12-11T13:16:48Z</time>
   </trkpt>
   <trkpt lat="-12.0053560" lon="-71.2418010">
    <ele>331.7</ele>
    <time>2024-12-11T13:16:49Z</time>
   </trkpt>
   <trkpt lat="-12.0053580" lon="-71.2417950">
    <ele>331.7</ele>
    <time>2024-12-11T13:16:50Z</time>
   </trkpt>
   <trkpt lat="-12.0053570" lon="-71.2417900">
    <ele>331.7</ele>
    <time>2024-12-11T13:16:51Z</time>
   </trkpt>
   <trkpt lat="-12.0053550" lon="-71.2417790">
    <ele>331.7</ele>
    <time>2024-12-11T13:16:52Z</time>
   </trkpt>
   <trkpt lat="-12.0053540" lon="-71.2417730">
    <ele>331.7</ele>
    <time>2024-12-11T13:16:53Z</time>
   </trkpt>
   <trkpt lat="-12.0053480" lon="-71.2417670">
    <ele>331.7</ele>
    <time>2024-12-11T13:16:54Z</time>
   </trkpt>
   <trkpt lat="-12.0053510" lon="-71.2417660">
    <ele>331.7</ele>
    <time>2024-12-11T13:16:55Z</time>
   </trkpt>
   <trkpt lat="-12.0053560" lon="-71.2417550">
    <ele>331.7</ele>
    <time>2024-12-11T13:16:56Z</time>
   </trkpt>
   <trkpt lat="-12.0053470" lon="-71.2417520">
    <ele>331.8</ele>
    <time>2024-12-11T13:16:57Z</time>
   </trkpt>
   <trkpt lat="-12.0053400" lon="-71.2417530">
    <ele>331.8</ele>
    <time>2024-12-11T13:16:58Z</time>
   </trkpt>
   <trkpt lat="-12.0053410" lon="-71.2417520">
    <ele>331.8</ele>
    <time>2024-12-11T13:16:59Z</time>
   </trkpt>
   <trkpt lat="-12.0053460" lon="-71.2417450">
    <ele>331.8</ele>
    <time>2024-12-11T13:17:00Z</time>
   </trkpt>
   <trkpt lat="-12.0053420" lon="-71.2417320">
    <ele>331.8</ele>
    <time>2024-12-11T13:17:01Z</time>
   </trkpt>
   <trkpt lat="-12.0053430" lon="-71.2417230">
    <ele>331.8</ele>
    <time>2024-12-11T13:17:02Z</time>
   </trkpt>
   <trkpt lat="-12.0053470" lon="-71.2417210">
    <ele>331.8</ele>
    <time>2024-12-11T13:17:03Z</time>
   </trkpt>
   <trkpt lat="-12.0053500" lon="-71.2417160">
    <ele>331.8</ele>
    <time>2024-12-11T13:17:04Z</time>
   </trkpt>
   <trkpt lat="-12.0053610" lon="-71.2417120">
    <ele>331.8</ele>
    <time>2024-12-11T13:17:05Z</time>
   </trkpt>
   <trkpt lat="-12.0053600" lon="-71.2417110">
    <ele>331.8</ele>
    <time>2024-12-11T13:17:06Z</time>
   </trkpt>
   <trkpt lat="-12.0053530" lon="-71.2417070">
    <ele>331.8</ele>
    <time>2024-12-11T13:17:07Z</time>
   </trkpt>
   <trkpt lat="-12.0053550" lon="-71.2417080">
    <ele>331.8</ele>
    <time>2024-12-11T13:17:08Z</time>
   </trkpt>
   <trkpt lat="-12.0053590" lon="-71.2417100">
    <ele>331.8</ele>
    <time>2024-12-11T13:17:09Z</time>
   </trkpt>
   <trkpt lat="-12.0053690" lon="-71.2417010">
    <ele>331.8</ele>
    <time>2024-12-11T13:17:10Z</time>
   </trkpt>
   <trkpt lat="-12.0053700" lon="-71.2416900">
    <ele>331.8</ele>
    <time>2024-12-11T13:17:11Z</time>
   </trkpt>
   <trkpt lat="-12.0053700" lon="-71.2416790">
    <ele>331.8</ele>
    <time>2024-12-11T13:17:12Z</time>
   </trkpt>
   <trkpt lat="-12.0053700" lon="-71.2416700">
    <ele>331.8</ele>
    <time>2024-12-11T13:17:13Z</time>
   </trkpt>
   <trkpt lat="-12.0053690" lon="-71.2416610">
    <ele>331.8</ele>
    <time>2024-12-11T13:17:14Z</time>
   </trkpt>
   <trkpt lat="-12.0053690" lon="-71.2416520">
    <ele>331.9</ele>
    <time>2024-12-11T13:17:15Z</time>
   </trkpt>
   <trkpt lat="-12.0053700" lon="-71.2416510">
    <ele>331.9</ele>
    <time>2024-12-11T13:17:16Z</time>
   </trkpt>
   <trkpt lat="-12.0053730" lon="-71.2416480">
    <ele>331.9</ele>
    <time>2024-12-11T13:17:17Z</time>
   </trkpt>
   <trkpt lat="-12.0053810" lon="-71.2416450">
    <ele>331.9</ele>
    <time>2024-12-11T13:17:18Z</time>
   </trkpt>
   <trkpt lat="-12.0053740" lon="-71.2416300">
    <ele>331.9</ele>
    <time>2024-12-11T13:17:19Z</time>
   </trkpt>
   <trkpt lat="-12.0053740" lon="-71.2416270">
    <ele>331.9</ele>
    <time>2024-12-11T13:17:20Z</time>
   </trkpt>
   <trkpt lat="-12.0053750" lon="-71.2416160">
    <ele>331.9</ele>
    <time>2024-12-11T13:17:21Z</time>
   </trkpt>
   <trkpt lat="-12.0053780" lon="-71.2416090">
    <ele>331.9</ele>
    <time>2024-12-11T13:17:22Z</time>
   </trkpt>
   <trkpt lat="-12.0053720" lon="-71.2416090">
    <ele>331.9</ele>
    <time>2024-12-11T13:17:23Z</time>
   </trkpt>
   <trkpt lat="-12.0053780" lon="-71.2416060">
    <ele>331.9</ele>
    <time>2024-12-11T13:17:24Z</time>
   </trkpt>
   <trkpt lat="-12.0053780" lon="-71.2416120">
    <ele>331.9</ele>
    <time>2024-12-11T13:17:25Z</time>
   </trkpt>
   <trkpt lat="-12.0053770" lon="-71.2416070">
    <ele>331.9</ele>
    <time>2024-12-11T13:17:26Z</time>
   </trkpt>
   <trkpt lat="-12.0053790" lon="-71.2416010">
    <ele>331.9</ele>
    <time>2024-12-11T13:17:27Z</time>
   </trkpt>
   <trkpt lat="-12.0053740" lon="-71.2415950">
    <ele>331.9</ele>
    <time>2024-12-11T13:17:28Z</time>
   </trkpt>
   <trkpt lat="-12.0053770" lon="-71.2415880">
    <ele>331.9</ele>
    <time>2024-12-11T13:17:29Z</time>
   </trkpt>
   <trkpt lat="-12.0053790" lon="-71.2415830">
    <ele>331.9</ele>
    <time>2024-12-11T13:17:30Z</time>
   </trkpt>
   <trkpt lat="-12.0053830" lon="-71.2415770">
    <ele>331.9</ele>
    <time>2024-12-11T13:17:31Z</time>
   </trkpt>
   <trkpt lat="-12.0053830" lon="-71.2415730">
    <ele>331.9</ele>
    <time>2024-12-11T13:17:32Z</time>
   </trkpt>
   <trkpt lat="-12.0053820" lon="-71.2415700">
    <ele>331.9</ele>
    <time>2024-12-11T13:17:33Z</time>
   </trkpt>
   <trkpt lat="-12.0053800" lon="-71.2415680">
    <ele>331.9</ele>
    <time>2024-12-11T13:17:34Z</time>
   </trkpt>
   <trkpt lat="-12.0053820" lon="-71.2415620">
    <ele>331.9</ele>
    <time>2024-12-11T13:17:35Z</time>
   </trkpt>
   <trkpt lat="-12.0053930" lon="-71.2415560">
    <ele>332.0</ele>
    <time>2024-12-11T13:17:36Z</time>
   </trkpt>
   <trkpt lat="-12.0053950" lon="-71.2415460">
    <ele>332.0</ele>
    <time>2024-12-11T13:17:37Z</time>
   </trkpt>
   <trkpt lat="-12.0054020" lon="-71.2415420">
    <ele>332.0</ele>
    <time>2024-12-11T13:17:38Z</time>
   </trkpt>
   <trkpt lat="-12.0054020" lon="-71.2415360">
    <ele>332.0</ele>
    <time>2024-12-11T13:17:39Z</time>
   </trkpt>
   <trkpt lat="-12.0054060" lon="-71.2415310">
    <ele>332.0</ele>
    <time>2024-12-11T13:17:40Z</time>
   </trkpt>
   <trkpt lat="-12.0054170" lon="-71.2415300">
    <ele>332.0</ele>
    <time>2024-12-11T13:17:41Z</time>
   </trkpt>
   <trkpt lat="-12.0054240" lon="-71.2415290">
    <ele>332.0</ele>
    <time>2024-12-11T13:17:42Z</time>
   </trkpt>
   <trkpt lat="-12.0054300" lon="-71.2415270">
    <ele>332.0</ele>
    <time>2024-12-11T13:17:43Z</time>
   </trkpt>
   <trkpt lat="-12.0054370" lon="-71.2415260">
    <ele>332.0</ele>
    <time>2024-12-11T13:17:44Z</time>
   </trkpt>
   <trkpt lat="-12.0054440" lon="-71.2415250">
    <ele>332.0</ele>
    <time>2024-12-11T13:17:45Z</time>
   </trkpt>
   <trkpt lat="-12.0054500" lon="-71.2415180">
    <ele>332.0</ele>
    <time>2024-12-11T13:17:46Z</time>
   </trkpt>
   <trkpt lat="-12.0054370" lon="-71.2415100">
    <ele>332.0</ele>
    <time>2024-12-11T13:17:47Z</time>
   </trkpt>
   <trkpt lat="-12.0054470" lon="-71.2415110">
    <ele>332.0</ele>
    <time>2024-12-11T13:17:48Z</time>
   </trkpt>
   <trkpt lat="-12.0054530" lon="-71.2415110">
    <ele>332.0</ele>
    <time>2024-12-11T13:17:49Z</time>
   </trkpt>
   <trkpt lat="-12.0054680" lon="-71.2415050">
    <ele>332.1</ele>
    <time>2024-12-11T13:17:50Z</time>
   </trkpt>
   <trkpt lat="-12.0054740" lon="-71.2414950">
    <ele>332.1</ele>
    <time>2024-12-11T13:17:51Z</time>
   </trkpt>
   <trkpt lat="-12.0054800" lon="-71.2414900">
    <ele>332.1</ele>
    <time>2024-12-11T13:17:52Z</time>
   </trkpt>
   <trkpt lat="-12.0054820" lon="-71.2414880">
    <ele>332.1</ele>
    <time>2024-12-11T13:17:53Z</time>
   </trkpt>
   <trkpt lat="-12.0055000" lon="-71.2414890">
    <ele>332.1</ele>
    <time>2024-12-11T13:17:54Z</time>
   </trkpt>
   <trkpt lat="-12.0055110" lon="-71.2414880">
    <ele>332.1</ele>
    <time>2024-12-11T13:17:55Z</time>
   </trkpt>
   <trkpt lat="-12.0055180" lon="-71.2414830">
    <ele>332.1</ele>
    <time>2024-12-11T13:17:56Z</time>
   </trkpt>
   <trkpt lat="-12.0055250" lon="-71.2414760">
    <ele>332.1</ele>
    <time>2024-12-11T13:17:57Z</time>
   </trkpt>
   <trkpt lat="-12.0055270" lon="-71.2414710">
    <ele>332.1</ele>
    <time>2024-12-11T13:17:58Z</time>
   </trkpt>
   <trkpt lat="-12.0055280" lon="-71.2414620">
    <ele>332.1</ele>
    <time>2024-12-11T13:17:59Z</time>
   </trkpt>
   <trkpt lat="-12.0055360" lon="-71.2414550">
    <ele>332.1</ele>
    <time>2024-12-11T13:18:00Z</time>
   </trkpt>
   <trkpt lat="-12.0055370" lon="-71.2414440">
    <ele>332.1</ele>
    <time>2024-12-11T13:18:01Z</time>
   </trkpt>
   <trkpt lat="-12.0055420" lon="-71.2414420">
    <ele>332.1</ele>
    <time>2024-12-11T13:18:02Z</time>
   </trkpt>
   <trkpt lat="-12.0055470" lon="-71.2414360">
    <ele>332.1</ele>
    <time>2024-12-11T13:18:03Z</time>
   </trkpt>
   <trkpt lat="-12.0055480" lon="-71.2414300">
    <ele>332.1</ele>
    <time>2024-12-11T13:18:04Z</time>
   </trkpt>
   <trkpt lat="-12.0055590" lon="-71.2414180">
    <ele>332.2</ele>
    <time>2024-12-11T13:18:05Z</time>
   </trkpt>
   <trkpt lat="-12.0055650" lon="-71.2414150">
    <ele>332.2</ele>
    <time>2024-12-11T13:18:06Z</time>
   </trkpt>
   <trkpt lat="-12.0055760" lon="-71.2414120">
    <ele>332.2</ele>
    <time>2024-12-11T13:18:07Z</time>
   </trkpt>
   <trkpt lat="-12.0055790" lon="-71.2414020">
    <ele>332.2</ele>
    <time>2024-12-11T13:18:08Z</time>
   </trkpt>
   <trkpt lat="-12.0055850" lon="-71.2413990">
    <ele>332.2</ele>
    <time>2024-12-11T13:18:09Z</time>
   </trkpt>
   <trkpt lat="-12.0055780" lon="-71.2413840">
    <ele>332.2</ele>
    <time>2024-12-11T13:18:10Z</time>
   </trkpt>
   <trkpt lat="-12.0055860" lon="-71.2413780">
    <ele>332.2</ele>
    <time>2024-12-11T13:18:11Z</time>
   </trkpt>
   <trkpt lat="-12.0055840" lon="-71.2413710">
    <ele>332.2</ele>
    <time>2024-12-11T13:18:12Z</time>
   </trkpt>
   <trkpt lat="-12.0055950" lon="-71.2413570">
    <ele>332.2</ele>
    <time>2024-12-11T13:18:13Z</time>
   </trkpt>
   <trkpt lat="-12.0055980" lon="-71.2413550">
    <ele>332.2</ele>
    <time>2024-12-11T13:18:14Z</time>
   </trkpt>
   <trkpt lat="-12.0056040" lon="-71.2413510">
    <ele>332.2</ele>
    <time>2024-12-11T13:18:15Z</time>
   </trkpt>
   <trkpt lat="-12.0056110" lon="-71.2413510">
    <ele>332.2</ele>
    <time>2024-12-11T13:18:16Z</time>
   </trkpt>
   <trkpt lat="-12.0056250" lon="-71.2413430">
    <ele>332.2</ele>
    <time>2024-12-11T13:18:17Z</time>
   </trkpt>
   <trkpt lat="-12.0056260" lon="-71.2413440">
    <ele>332.2</ele>
    <time>2024-12-11T13:18:19Z</time>
   </trkpt>
   <trkpt lat="-12.0056200" lon="-71.2413420">
    <ele>332.3</ele>
    <time>2024-12-11T13:18:20Z</time>
   </trkpt>
   <trkpt lat="-12.0056260" lon="-71.2413380">
    <ele>332.3</ele>
    <time>2024-12-11T13:18:21Z</time>
   </trkpt>
   <trkpt lat="-12.0056240" lon="-71.2413330">
    <ele>332.3</ele>
    <time>2024-12-11T13:18:22Z</time>
   </trkpt>
   <trkpt lat="-12.0056240" lon="-71.2413290">
    <ele>332.3</ele>
    <time>2024-12-11T13:18:23Z</time>
   </trkpt>
   <trkpt lat="-12.0056270" lon="-71.2413160">
    <ele>332.3</ele>
    <time>2024-12-11T13:18:24Z</time>
   </trkpt>
   <trkpt lat="-12.0056180" lon="-71.2413060">
    <ele>332.3</ele>
    <time>2024-12-11T13:18:25Z</time>
   </trkpt>
   <trkpt lat="-12.0056130" lon="-71.2412960">
    <ele>332.3</ele>
    <time>2024-12-11T13:18:26Z</time>
   </trkpt>
   <trkpt lat="-12.0056180" lon="-71.2412870">
    <ele>332.3</ele>
    <time>2024-12-11T13:18:27Z</time>
   </trkpt>
   <trkpt lat="-12.0056150" lon="-71.2412840">
    <ele>332.3</ele>
    <time>2024-12-11T13:18:28Z</time>
   </trkpt>
   <trkpt lat="-12.0056160" lon="-71.2412730">
    <ele>332.3</ele>
    <time>2024-12-11T13:18:29Z</time>
   </trkpt>
   <trkpt lat="-12.0056170" lon="-71.2412670">
    <ele>332.3</ele>
    <time>2024-12-11T13:18:30Z</time>
   </trkpt>
   <trkpt lat="-12.0056290" lon="-71.2412640">
    <ele>332.3</ele>
    <time>2024-12-11T13:18:31Z</time>
   </trkpt>
   <trkpt lat="-12.0056250" lon="-71.2412520">
    <ele>332.3</ele>
    <time>2024-12-11T13:18:32Z</time>
   </trkpt>
   <trkpt lat="-12.0056290" lon="-71.2412490">
    <ele>332.3</ele>
    <time>2024-12-11T13:18:33Z</time>
   </trkpt>
   <trkpt lat="-12.0056290" lon="-71.2412430">
    <ele>332.3</ele>
    <time>2024-12-11T13:18:34Z</time>
   </trkpt>
   <trkpt lat="-12.0056330" lon="-71.2412370">
    <ele>332.3</ele>
    <time>2024-12-11T13:18:35Z</time>
   </trkpt>
   <trkpt lat="-12.0056440" lon="-71.2412320">
    <ele>332.4</ele>
    <time>2024-12-11T13:18:36Z</time>
   </trkpt>
   <trkpt lat="-12.0056480" lon="-71.2412250">
    <ele>332.4</ele>
    <time>2024-12-11T13:18:37Z</time>
   </trkpt>
   <trkpt lat="-12.0056540" lon="-71.2412270">
    <ele>332.4</ele>
    <time>2024-12-11T13:18:38Z</time>
   </trkpt>
   <trkpt lat="-12.0056540" lon="-71.2412170">
    <ele>332.4</ele>
    <time>2024-12-11T13:18:39Z</time>
   </trkpt>
   <trkpt lat="-12.0056630" lon="-71.2411940">
    <ele>332.4</ele>
    <time>2024-12-11T13:18:40Z</time>
   </trkpt>
   <trkpt lat="-12.0056640" lon="-71.2411870">
    <ele>332.4</ele>
    <time>2024-12-11T13:18:41Z</time>
   </trkpt>
   <trkpt lat="-12.0056640" lon="-71.2411790">
    <ele>332.4</ele>
    <time>2024-12-11T13:18:42Z</time>
   </trkpt>
   <trkpt lat="-12.0056720" lon="-71.2411670">
    <ele>332.4</ele>
    <time>2024-12-11T13:18:43Z</time>
   </trkpt>
   <trkpt lat="-12.0056740" lon="-71.2411590">
    <ele>332.4</ele>
    <time>2024-12-11T13:18:44Z</time>
   </trkpt>
   <trkpt lat="-12.0056750" lon="-71.2411520">
    <ele>332.4</ele>
    <time>2024-12-11T13:18:45Z</time>
   </trkpt>
   <trkpt lat="-12.0056760" lon="-71.2411440">
    <ele>332.4</ele>
    <time>2024-12-11T13:18:46Z</time>
   </trkpt>
   <trkpt lat="-12.0056790" lon="-71.2411420">
    <ele>332.4</ele>
    <time>2024-12-11T13:18:47Z</time>
   </trkpt>
   <trkpt lat="-12.0056810" lon="-71.2411380">
    <ele>332.4</ele>
    <time>2024-12-11T13:18:48Z</time>
   </trkpt>
   <trkpt lat="-12.0056790" lon="-71.2411380">
    <ele>332.4</ele>
    <time>2024-12-11T13:18:49Z</time>
   </trkpt>
   <trkpt lat="-12.0056810" lon="-71.2411430">
    <ele>332.4</ele>
    <time>2024-12-11T13:18:50Z</time>
   </trkpt>
   <trkpt lat="-12.0056790" lon="-71.2411360">
    <ele>332.5</ele>
    <time>2024-12-11T13:18:51Z</time>
   </trkpt>
   <trkpt lat="-12.0056720" lon="-71.2411290">
    <ele>332.5</ele>
    <time>2024-12-11T13:18:52Z</time>
   </trkpt>
   <trkpt lat="-12.0056740" lon="-71.2411190">
    <ele>332.5</ele>
    <time>2024-12-11T13:18:53Z</time>
   </trkpt>
   <trkpt lat="-12.0056760" lon="-71.2411110">
    <ele>332.5</ele>
    <time>2024-12-11T13:18:54Z</time>
   </trkpt>
   <trkpt lat="-12.0056760" lon="-71.2410970">
    <ele>332.5</ele>
    <time>2024-12-11T13:18:55Z</time>
   </trkpt>
   <trkpt lat="-12.0056810" lon="-71.2410990">
    <ele>332.5</ele>
    <time>2024-12-11T13:18:56Z</time>
   </trkpt>
   <trkpt lat="-12.0056860" lon="-71.2410910">
    <ele>332.5</ele>
    <time>2024-12-11T13:18:57Z</time>
   </trkpt>
   <trkpt lat="-12.0056930" lon="-71.2410900">
    <ele>332.5</ele>
    <time>2024-12-11T13:18:58Z</time>
   </trkpt>
   <trkpt lat="-12.0056920" lon="-71.2410810">
    <ele>332.5</ele>
    <time>2024-12-11T13:18:59Z</time>
   </trkpt>
   <trkpt lat="-12.0056930" lon="-71.2410760">
    <ele>332.5</ele>
    <time>2024-12-11T13:19:00Z</time>
   </trkpt>
   <trkpt lat="-12.0056940" lon="-71.2410690">
    <ele>332.5</ele>
    <time>2024-12-11T13:19:01Z</time>
   </trkpt>
   <trkpt lat="-12.0057040" lon="-71.2410630">
    <ele>332.5</ele>
    <time>2024-12-11T13:19:02Z</time>
   </trkpt>
   <trkpt lat="-12.0057060" lon="-71.2410480">
    <ele>332.5</ele>
    <time>2024-12-11T13:19:03Z</time>
   </trkpt>
   <trkpt lat="-12.0057150" lon="-71.2410390">
    <ele>332.5</ele>
    <time>2024-12-11T13:19:04Z</time>
   </trkpt>
   <trkpt lat="-12.0057190" lon="-71.2410320">
    <ele>332.5</ele>
    <time>2024-12-11T13:19:05Z</time>
   </trkpt>
   <trkpt lat="-12.0057240" lon="-71.2410240">
    <ele>332.6</ele>
    <time>2024-12-11T13:19:06Z</time>
   </trkpt>
   <trkpt lat="-12.0057280" lon="-71.2410170">
    <ele>332.6</ele>
    <time>2024-12-11T13:19:07Z</time>
   </trkpt>
   <trkpt lat="-12.0057330" lon="-71.2410100">
    <ele>332.6</ele>
    <time>2024-12-11T13:19:08Z</time>
   </trkpt>
   <trkpt lat="-12.0057350" lon="-71.2409940">
    <ele>332.6</ele>
    <time>2024-12-11T13:19:09Z</time>
   </trkpt>
   <trkpt lat="-12.0057320" lon="-71.2409860">
    <ele>332.6</ele>
    <time>2024-12-11T13:19:10Z</time>
   </trkpt>
   <trkpt lat="-12.0057300" lon="-71.2409790">
    <ele>332.6</ele>
    <time>2024-12-11T13:19:11Z</time>
   </trkpt>
   <trkpt lat="-12.0057270" lon="-71.2409710">
    <ele>332.6</ele>
    <time>2024-12-11T13:19:12Z</time>
   </trkpt>
   <trkpt lat="-12.0057240" lon="-71.2409640">
    <ele>332.6</ele>
    <time>2024-12-11T13:19:13Z</time>
   </trkpt>
   <trkpt lat="-12.0057250" lon="-71.2409710">
    <ele>332.6</ele>
    <time>2024-12-11T13:19:14Z</time>
   </trkpt>
   <trkpt lat="-12.0057250" lon="-71.2409650">
    <ele>332.6</ele>
    <time>2024-12-11T13:19:15Z</time>
   </trkpt>
   <trkpt lat="-12.0057230" lon="-71.2409610">
    <ele>332.6</ele>
    <time>2024-12-11T13:19:16Z</time>
   </trkpt>
   <trkpt lat="-12.0057250" lon="-71.2409570">
    <ele>332.6</ele>
    <time>2024-12-11T13:19:17Z</time>
   </trkpt>
   <trkpt lat="-12.0057270" lon="-71.2409470">
    <ele>332.6</ele>
    <time>2024-12-11T13:19:18Z</time>
   </trkpt>
   <trkpt lat="-12.0057280" lon="-71.2409420">
    <ele>332.6</ele>
    <time>2024-12-11T13:19:19Z</time>
   </trkpt>
   <trkpt lat="-12.0057310" lon="-71.2409310">
    <ele>332.6</ele>
    <time>2024-12-11T13:19:20Z</time>
   </trkpt>
   <trkpt lat="-12.0057300" lon="-71.2409210">
    <ele>332.6</ele>
    <time>2024-12-11T13:19:21Z</time>
   </trkpt>
   <trkpt lat="-12.0057340" lon="-71.2409230">
    <ele>332.6</ele>
    <time>2024-12-11T13:19:22Z</time>
   </trkpt>
   <trkpt lat="-12.0057370" lon="-71.2409220">
    <ele>332.7</ele>
    <time>2024-12-11T13:19:23Z</time>
   </trkpt>
   <trkpt lat="-12.0057330" lon="-71.2409100">
    <ele>332.7</ele>
    <time>2024-12-11T13:19:24Z</time>
   </trkpt>
   <trkpt lat="-12.0057360" lon="-71.2409040">
    <ele>332.7</ele>
    <time>2024-12-11T13:19:25Z</time>
   </trkpt>
   <trkpt lat="-12.0057320" lon="-71.2408940">
    <ele>332.7</ele>
    <time>2024-12-11T13:19:26Z</time>
   </trkpt>
   <trkpt lat="-12.0057310" lon="-71.2408820">
    <ele>332.7</ele>
    <time>2024-12-11T13:19:27Z</time>
   </trkpt>
   <trkpt lat="-12.0057390" lon="-71.2408760">
    <ele>332.7</ele>
    <time>2024-12-11T13:19:28Z</time>
   </trkpt>
   <trkpt lat="-12.0057410" lon="-71.2408780">
    <ele>332.7</ele>
    <time>2024-12-11T13:19:29Z</time>
   </trkpt>
   <trkpt lat="-12.0057420" lon="-71.2408760">
    <ele>332.7</ele>
    <time>2024-12-11T13:19:30Z</time>
   </trkpt>
   <trkpt lat="-12.0057440" lon="-71.2408660">
    <ele>332.7</ele>
    <time>2024-12-11T13:19:31Z</time>
   </trkpt>
   <trkpt lat="-12.0057490" lon="-71.2408690">
    <ele>332.7</ele>
    <time>2024-12-11T13:19:32Z</time>
   </trkpt>
   <trkpt lat="-12.0057540" lon="-71.2408660">
    <ele>332.7</ele>
    <time>2024-12-11T13:19:33Z</time>
   </trkpt>
   <trkpt lat="-12.0057550" lon="-71.2408570">
    <ele>332.7</ele>
    <time>2024-12-11T13:19:34Z</time>
   </trkpt>
   <trkpt lat="-12.0057530" lon="-71.2408520">
    <ele>332.7</ele>
    <time>2024-12-11T13:19:35Z</time>
   </trkpt>
   <trkpt lat="-12.0057630" lon="-71.2408470">
    <ele>332.7</ele>
    <time>2024-12-11T13:19:36Z</time>
   </trkpt>
   <trkpt lat="-12.0057680" lon="-71.2408460">
    <ele>332.7</ele>
    <time>2024-12-11T13:19:37Z</time>
   </trkpt>
   <trkpt lat="-12.0057780" lon="-71.2408380">
    <ele>332.7</ele>
    <time>2024-12-11T13:19:38Z</time>
   </trkpt>
   <trkpt lat="-12.0057800" lon="-71.2408300">
    <ele>332.7</ele>
    <time>2024-12-11T13:19:39Z</time>
   </trkpt>
   <trkpt lat="-12.0057850" lon="-71.2408270">
    <ele>332.8</ele>
    <time>2024-12-11T13:19:40Z</time>
   </trkpt>
   <trkpt lat="-12.0057970" lon="-71.2408190">
    <ele>332.8</ele>
    <time>2024-12-11T13:19:41Z</time>
   </trkpt>
   <trkpt lat="-12.0057940" lon="-71.2408160">
    <ele>332.8</ele>
    <time>2024-12-11T13:19:42Z</time>
   </trkpt>
   <trkpt lat="-12.0057980" lon="-71.2408090">
    <ele>332.8</ele>
    <time>2024-12-11T13:19:43Z</time>
   </trkpt>
   <trkpt lat="-12.0058060" lon="-71.2407960">
    <ele>332.8</ele>
    <time>2024-12-11T13:19:44Z</time>
   </trkpt>
   <trkpt lat="-12.0058120" lon="-71.2407900">
    <ele>332.8</ele>
    <time>2024-12-11T13:19:45Z</time>
   </trkpt>
   <trkpt lat="-12.0058170" lon="-71.2407810">
    <ele>332.8</ele>
    <time>2024-12-11T13:19:46Z</time>
   </trkpt>
   <trkpt lat="-12.0058190" lon="-71.2407710">
    <ele>332.8</ele>
    <time>2024-12-11T13:19:47Z</time>
   </trkpt>
   <trkpt lat="-12.0058200" lon="-71.2407710">
    <ele>332.8</ele>
    <time>2024-12-11T13:19:48Z</time>
   </trkpt>
   <trkpt lat="-12.0058220" lon="-71.2407630">
    <ele>332.8</ele>
    <time>2024-12-11T13:19:49Z</time>
   </trkpt>
   <trkpt lat="-12.0058220" lon="-71.2407630">
    <ele>332.8</ele>
    <time>2024-12-11T13:19:50Z</time>
   </trkpt>
   <trkpt lat="-12.0058220" lon="-71.2407650">
    <ele>332.8</ele>
    <time>2024-12-11T13:19:51Z</time>
   </trkpt>
   <trkpt lat="-12.0058360" lon="-71.2407590">
    <ele>332.8</ele>
    <time>2024-12-11T13:19:52Z</time>
   </trkpt>
   <trkpt lat="-12.0058370" lon="-71.2407490">
    <ele>332.8</ele>
    <time>2024-12-11T13:19:53Z</time>
   </trkpt>
   <trkpt lat="-12.0058390" lon="-71.2407440">
    <ele>332.8</ele>
    <time>2024-12-11T13:19:54Z</time>
   </trkpt>
   <trkpt lat="-12.0058380" lon="-71.2407390">
    <ele>332.8</ele>
    <time>2024-12-11T13:19:55Z</time>
   </trkpt>
   <trkpt lat="-12.0058400" lon="-71.2407320">
    <ele>332.8</ele>
    <time>2024-12-11T13:19:56Z</time>
   </trkpt>
   <trkpt lat="-12.0058470" lon="-71.2407290">
    <ele>332.9</ele>
    <time>2024-12-11T13:19:57Z</time>
   </trkpt>
   <trkpt lat="-12.0058580" lon="-71.2407250">
    <ele>332.9</ele>
    <time>2024-12-11T13:19:58Z</time>
   </trkpt>
   <trkpt lat="-12.0058620" lon="-71.2407220">
    <ele>332.9</ele>
    <time>2024-12-11T13:19:59Z</time>
   </trkpt>
   <trkpt lat="-12.0058600" lon="-71.2407180">
    <ele>332.9</ele>
    <time>2024-12-11T13:20:00Z</time>
   </trkpt>
   <trkpt lat="-12.0058640" lon="-71.2407110">
    <ele>332.9</ele>
    <time>2024-12-11T13:20:01Z</time>
   </trkpt>
   <trkpt lat="-12.0058620" lon="-71.2406980">
    <ele>332.9</ele>
    <time>2024-12-11T13:20:02Z</time>
   </trkpt>
   <trkpt lat="-12.0058680" lon="-71.2406850">
    <ele>332.9</ele>
    <time>2024-12-11T13:20:03Z</time>
   </trkpt>
   <trkpt lat="-12.0058640" lon="-71.2406800">
    <ele>332.9</ele>
    <time>2024-12-11T13:20:04Z</time>
   </trkpt>
   <trkpt lat="-12.0058640" lon="-71.2406850">
    <ele>332.9</ele>
    <time>2024-12-11T13:20:05Z</time>
   </trkpt>
   <trkpt lat="-12.0058640" lon="-71.2406840">
    <ele>332.9</ele>
    <time>2024-12-11T13:20:06Z</time>
   </trkpt>
   <trkpt lat="-12.0058740" lon="-71.2406860">
    <ele>332.9</ele>
    <time>2024-12-11T13:20:07Z</time>
   </trkpt>
   <trkpt lat="-12.0058780" lon="-71.2406740">
    <ele>332.9</ele>
    <time>2024-12-11T13:20:08Z</time>
   </trkpt>
   <trkpt lat="-12.0058780" lon="-71.2406750">
    <ele>332.9</ele>
    <time>2024-12-11T13:20:09Z</time>
   </trkpt>
   <trkpt lat="-12.0058840" lon="-71.2406710">
    <ele>332.9</ele>
    <time>2024-12-11T13:20:10Z</time>
   </trkpt>
   <trkpt lat="-12.0058900" lon="-71.2406730">
    <ele>332.9</ele>
    <time>2024-12-11T13:20:11Z</time>
   </trkpt>
   <trkpt lat="-12.0058950" lon="-71.2406670">
    <ele>332.9</ele>
    <time>2024-12-11T13:20:12Z</time>
   </trkpt>
   <trkpt lat="-12.0058950" lon="-71.2406510">
    <ele>332.9</ele>
    <time>2024-12-11T13:20:13Z</time>
   </trkpt>
   <trkpt lat="-12.0058980" lon="-71.2406480">
    <ele>333.0</ele>
    <time>2024-12-11T13:20:14Z</time>
   </trkpt>
   <trkpt lat="-12.0059060" lon="-71.2406430">
    <ele>333.0</ele>
    <time>2024-12-11T13:20:15Z</time>
   </trkpt>
   <trkpt lat="-12.0059100" lon="-71.2406360">
    <ele>333.0</ele>
    <time>2024-12-11T13:20:16Z</time>
   </trkpt>
   <trkpt lat="-12.0059200" lon="-71.2406380">
    <ele>333.0</ele>
    <time>2024-12-11T13:20:17Z</time>
   </trkpt>
   <trkpt lat="-12.0059280" lon="-71.2406250">
    <ele>333.0</ele>
    <time>2024-12-11T13:20:18Z</time>
   </trkpt>
   <trkpt lat="-12.0059320" lon="-71.2406220">
    <ele>333.0</ele>
    <time>2024-12-11T13:20:19Z</time>
   </trkpt>
   <trkpt lat="-12.0059360" lon="-71.2406160">
    <ele>333.0</ele>
    <time>2024-12-11T13:20:20Z</time>
   </trkpt>
   <trkpt lat="-12.0059380" lon="-71.2406110">
    <ele>333.0</ele>
    <time>2024-12-11T13:20:21Z</time>
   </trkpt>
   <trkpt lat="-12.0059460" lon="-71.2406070">
    <ele>333.0</ele>
    <time>2024-12-11T13:20:22Z</time>
   </trkpt>
   <trkpt lat="-12.0059460" lon="-71.2406020">
    <ele>333.0</ele>
    <time>2024-12-11T13:20:24Z</time>
   </trkpt>
   <trkpt lat="-12.0059520" lon="-71.2405930">
    <ele>333.0</ele>
    <time>2024-12-11T13:20:25Z</time>
   </trkpt>
   <trkpt lat="-12.0059530" lon="-71.2405910">
    <ele>333.0</ele>
    <time>2024-12-11T13:20:26Z</time>
   </trkpt>
   <trkpt lat="-12.0059540" lon="-71.2405840">
    <ele>333.0</ele>
    <time>2024-12-11T13:20:27Z</time>
   </trkpt>
   <trkpt lat="-12.0059630" lon="-71.2405720">
    <ele>333.0</ele>
    <time>2024-12-11T13:20:28Z</time>
   </trkpt>
   <trkpt lat="-12.0059680" lon="-71.2405660">
    <ele>333.0</ele>
    <time>2024-12-11T13:20:29Z</time>
   </trkpt>
   <trkpt lat="-12.0059710" lon="-71.2405720">
    <ele>333.0</ele>
    <time>2024-12-11T13:20:30Z</time>
   </trkpt>
   <trkpt lat="-12.0059740" lon="-71.2405620">
    <ele>333.1</ele>
    <time>2024-12-11T13:20:31Z</time>
   </trkpt>
   <trkpt lat="-12.0059780" lon="-71.2405640">
    <ele>333.1</ele>
    <time>2024-12-11T13:20:32Z</time>
   </trkpt>
   <trkpt lat="-12.0059850" lon="-71.2405480">
    <ele>333.1</ele>
    <time>2024-12-11T13:20:33Z</time>
   </trkpt>
   <trkpt lat="-12.0059930" lon="-71.2405440">
    <ele>333.1</ele>
    <time>2024-12-11T13:20:34Z</time>
   </trkpt>
   <trkpt lat="-12.0059940" lon="-71.2405370">
    <ele>333.1</ele>
    <time>2024-12-11T13:20:35Z</time>
   </trkpt>
   <trkpt lat="-12.0059980" lon="-71.2405340">
    <ele>333.1</ele>
    <time>2024-12-11T13:20:36Z</time>
   </trkpt>
   <trkpt lat="-12.0059990" lon="-71.2405200">
    <ele>333.1</ele>
    <time>2024-12-11T13:20:37Z</time>
   </trkpt>
   <trkpt lat="-12.0060050" lon="-71.2405100">
    <ele>333.1</ele>
    <time>2024-12-11T13:20:38Z</time>
   </trkpt>
   <trkpt lat="-12.0060080" lon="-71.2405060">
    <ele>333.1</ele>
    <time>2024-12-11T13:20:39Z</time>
   </trkpt>
   <trkpt lat="-12.0060060" lon="-71.2405030">
    <ele>333.1</ele>
    <time>2024-12-11T13:20:40Z</time>
   </trkpt>
   <trkpt lat="-12.0060070" lon="-71.2404960">
    <ele>333.1</ele>
    <time>2024-12-11T13:20:41Z</time>
   </trkpt>
   <trkpt lat="-12.0060100" lon="-71.2404930">
    <ele>333.1</ele>
    <time>2024-12-11T13:20:42Z</time>
   </trkpt>
   <trkpt lat="-12.0060060" lon="-71.2404810">
    <ele>333.1</ele>
    <time>2024-12-11T13:20:43Z</time>
   </trkpt>
   <trkpt lat="-12.0059980" lon="-71.2404640">
    <ele>333.1</ele>
    <time>2024-12-11T13:20:44Z</time>
   </trkpt>
   <trkpt lat="-12.0059900" lon="-71.2404590">
    <ele>333.1</ele>
    <time>2024-12-11T13:20:45Z</time>
   </trkpt>
   <trkpt lat="-12.0059820" lon="-71.2404530">
    <ele>333.2</ele>
    <time>2024-12-11T13:20:46Z</time>
   </trkpt>
   <trkpt lat="-12.0059860" lon="-71.2404490">
    <ele>333.2</ele>
    <time>2024-12-11T13:20:47Z</time>
   </trkpt>
   <trkpt lat="-12.0059900" lon="-71.2404470">
    <ele>333.2</ele>
    <time>2024-12-11T13:20:48Z</time>
   </trkpt>
   <trkpt lat="-12.0059930" lon="-71.2404400">
    <ele>333.2</ele>
    <time>2024-12-11T13:20:49Z</time>
   </trkpt>
   <trkpt lat="-12.0059930" lon="-71.2404340">
    <ele>333.2</ele>
    <time>2024-12-11T13:20:50Z</time>
   </trkpt>
   <trkpt lat="-12.0059950" lon="-71.2404270">
    <ele>333.2</ele>
    <time>2024-12-11T13:20:51Z</time>
   </trkpt>
   <trkpt lat="-12.0059970" lon="-71.2404240">
    <ele>333.2</ele>
    <time>2024-12-11T13:20:52Z</time>
   </trkpt>
   <trkpt lat="-12.0060030" lon="-71.2404110">
    <ele>333.2</ele>
    <time>2024-12-11T13:20:53Z</time>
   </trkpt>
   <trkpt lat="-12.0060050" lon="-71.2404030">
    <ele>333.2</ele>
    <time>2024-12-11T13:20:54Z</time>
   </trkpt>
   <trkpt lat="-12.0060070" lon="-71.2404020">
    <ele>333.2</ele>
    <time>2024-12-11T13:20:55Z</time>
   </trkpt>
   <trkpt lat="-12.0060080" lon="-71.2403970">
    <ele>333.2</ele>
    <time>2024-12-11T13:20:56Z</time>
   </trkpt>
   <trkpt lat="-12.0060100" lon="-71.2403950">
    <ele>333.2</ele>
    <time>2024-12-11T13:20:57Z</time>
   </trkpt>
   <trkpt lat="-12.0060130" lon="-71.2403920">
    <ele>333.2</ele>
    <time>2024-12-11T13:20:58Z</time>
   </trkpt>
   <trkpt lat="-12.0060180" lon="-71.2403980">
    <ele>333.2</ele>
    <time>2024-12-11T13:20:59Z</time>
   </trkpt>
   <trkpt lat="-12.0060240" lon="-71.2403850">
    <ele>333.2</ele>
    <time>2024-12-11T13:21:00Z</time>
   </trkpt>
   <trkpt lat="-12.0060300" lon="-71.2403920">
    <ele>333.2</ele>
    <time>2024-12-11T13:21:01Z</time>
   </trkpt>
   <trkpt lat="-12.0060340" lon="-71.2403920">
    <ele>333.2</ele>
    <time>2024-12-11T13:21:02Z</time>
   </trkpt>
   <trkpt lat="-12.0060370" lon="-71.2403960">
    <ele>333.2</ele>
    <time>2024-12-11T13:21:03Z</time>
   </trkpt>
   <trkpt lat="-12.0060460" lon="-71.2404090">
    <ele>333.2</ele>
    <time>2024-12-11T13:21:04Z</time>
   </trkpt>
   <trkpt lat="-12.0060490" lon="-71.2404090">
    <ele>333.3</ele>
    <time>2024-12-11T13:21:05Z</time>
   </trkpt>
   <trkpt lat="-12.0060530" lon="-71.2404050">
    <ele>333.3</ele>
    <time>2024-12-11T13:21:06Z</time>
   </trkpt>
   <trkpt lat="-12.0060560" lon="-71.2404000">
    <ele>333.3</ele>
    <time>2024-12-11T13:21:07Z</time>
   </trkpt>
   <trkpt lat="-12.0060610" lon="-71.2403950">
    <ele>333.3</ele>
    <time>2024-12-11T13:21:08Z</time>
   </trkpt>
   <trkpt lat="-12.0060650" lon="-71.2403870">
    <ele>333.3</ele>
    <time>2024-12-11T13:21:09Z</time>
   </trkpt>
   <trkpt lat="-12.0060650" lon="-71.2403810">
    <ele>333.3</ele>
    <time>2024-12-11T13:21:10Z</time>
   </trkpt>
   <trkpt lat="-12.0060730" lon="-71.2403780">
    <ele>333.3</ele>
    <time>2024-12-11T13:21:11Z</time>
   </trkpt>
   <trkpt lat="-12.0060760" lon="-71.2403680">
    <ele>333.3</ele>
    <time>2024-12-11T13:21:12Z</time>
   </trkpt>
   <trkpt lat="-12.0060800" lon="-71.2403690">
    <ele>333.3</ele>
    <time>2024-12-11T13:21:13Z</time>
   </trkpt>
   <trkpt lat="-12.0060850" lon="-71.2403640">
    <ele>333.3</ele>
    <time>2024-12-11T13:21:14Z</time>
   </trkpt>
   <trkpt lat="-12.0060930" lon="-71.2403530">
    <ele>333.3</ele>
    <time>2024-12-11T13:21:15Z</time>
   </trkpt>
   <trkpt lat="-12.0060940" lon="-71.2403470">
    <ele>333.3</ele>
    <time>2024-12-11T13:21:16Z</time>
   </trkpt>
   <trkpt lat="-12.0060990" lon="-71.2403430">
    <ele>333.3</ele>
    <time>2024-12-11T13:21:17Z</time>
   </trkpt>
   <trkpt lat="-12.0061030" lon="-71.2403420">
    <ele>333.3</ele>
    <time>2024-12-11T13:21:18Z</time>
   </trkpt>
   <trkpt lat="-12.0061140" lon="-71.2403390">
    <ele>333.3</ele>
    <time>2024-12-11T13:21:19Z</time>
   </trkpt>
   <trkpt lat="-12.0061150" lon="-71.2403350">
    <ele>333.3</ele>
    <time>2024-12-11T13:21:20Z</time>
   </trkpt>
   <trkpt lat="-12.0061190" lon="-71.2403270">
    <ele>333.3</ele>
    <time>2024-12-11T13:21:21Z</time>
   </trkpt>
   <trkpt lat="-12.0061230" lon="-71.2403240">
    <ele>333.3</ele>
    <time>2024-12-11T13:21:22Z</time>
   </trkpt>
   <trkpt lat="-12.0061290" lon="-71.2403230">
    <ele>333.3</ele>
    <time>2024-12-11T13:21:23Z</time>
   </trkpt>
   <trkpt lat="-12.0061280" lon="-71.2403150">
    <ele>333.4</ele>
    <time>2024-12-11T13:21:24Z</time>
   </trkpt>
   <trkpt lat="-12.0061380" lon="-71.2403110">
    <ele>333.4</ele>
    <time>2024-12-11T13:21:25Z</time>
   </trkpt>
   <trkpt lat="-12.0061340" lon="-71.2403070">
    <ele>333.4</ele>
    <time>2024-12-11T13:21:26Z</time>
   </trkpt>
   <trkpt lat="-12.0061430" lon="-71.2402970">
    <ele>333.4</ele>
    <time>2024-12-11T13:21:27Z</time>
   </trkpt>
   <trkpt lat="-12.0061440" lon="-71.2402910">
    <ele>333.4</ele>
    <time>2024-12-11T13:21:28Z</time>
   </trkpt>
   <trkpt lat="-12.0061460" lon="-71.2402860">
    <ele>333.4</ele>
    <time>2024-12-11T13:21:29Z</time>
   </trkpt>
   <trkpt lat="-12.0061470" lon="-71.2402650">
    <ele>333.4</ele>
    <time>2024-12-11T13:21:30Z</time>
   </trkpt>
   <trkpt lat="-12.0061520" lon="-71.2402610">
    <ele>333.4</ele>
    <time>2024-12-11T13:21:31Z</time>
   </trkpt>
   <trkpt lat="-12.0061530" lon="-71.2402510">
    <ele>333.4</ele>
    <time>2024-12-11T13:21:32Z</time>
   </trkpt>
   <trkpt lat="-12.0061540" lon="-71.2402420">
    <ele>333.4</ele>
    <time>2024-12-11T13:21:33Z</time>
   </trkpt>
   <trkpt lat="-12.0061630" lon="-71.2402380">
    <ele>333.4</ele>
    <time>2024-12-11T13:21:34Z</time>
   </trkpt>
   <trkpt lat="-12.0061680" lon="-71.2402310">
    <ele>333.4</ele>
    <time>2024-12-11T13:21:35Z</time>
   </trkpt>
   <trkpt lat="-12.0061690" lon="-71.2402360">
    <ele>333.4</ele>
    <time>2024-12-11T13:21:36Z</time>
   </trkpt>
   <trkpt lat="-12.0061740" lon="-71.2402370">
    <ele>333.4</ele>
    <time>2024-12-11T13:21:37Z</time>
   </trkpt>
   <trkpt lat="-12.0061780" lon="-71.2402320">
    <ele>333.4</ele>
    <time>2024-12-11T13:21:38Z</time>
   </trkpt>
   <trkpt lat="-12.0061860" lon="-71.2402340">
    <ele>333.4</ele>
    <time>2024-12-11T13:21:39Z</time>
   </trkpt>
   <trkpt lat="-12.0061890" lon="-71.2402270">
    <ele>333.5</ele>
    <time>2024-12-11T13:21:40Z</time>
   </trkpt>
   <trkpt lat="-12.0061910" lon="-71.2402230">
    <ele>333.5</ele>
    <time>2024-12-11T13:21:41Z</time>
   </trkpt>
   <trkpt lat="-12.0061940" lon="-71.2402250">
    <ele>333.5</ele>
    <time>2024-12-11T13:21:42Z</time>
   </trkpt>
   <trkpt lat="-12.0062110" lon="-71.2402200">
    <ele>333.5</ele>
    <time>2024-12-11T13:21:43Z</time>
   </trkpt>
   <trkpt lat="-12.0062140" lon="-71.2402170">
    <ele>333.5</ele>
    <time>2024-12-11T13:21:44Z</time>
   </trkpt>
   <trkpt lat="-12.0062150" lon="-71.2402070">
    <ele>333.5</ele>
    <time>2024-12-11T13:21:45Z</time>
   </trkpt>
   <trkpt lat="-12.0062190" lon="-71.2401960">
    <ele>333.5</ele>
    <time>2024-12-11T13:21:46Z</time>
   </trkpt>
   <trkpt lat="-12.0062220" lon="-71.2401900">
    <ele>333.5</ele>
    <time>2024-12-11T13:21:47Z</time>
   </trkpt>
   <trkpt lat="-12.0062240" lon="-71.2401850">
    <ele>333.5</ele>
    <time>2024-12-11T13:21:48Z</time>
   </trkpt>
   <trkpt lat="-12.0062260" lon="-71.2401790">
    <ele>333.5</ele>
    <time>2024-12-11T13:21:49Z</time>
   </trkpt>
   <trkpt lat="-12.0062290" lon="-71.2401740">
    <ele>333.5</ele>
    <time>2024-12-11T13:21:50Z</time>
   </trkpt>
   <trkpt lat="-12.0062310" lon="-71.2401680">
    <ele>333.5</ele>
    <time>2024-12-11T13:21:51Z</time>
   </trkpt>
   <trkpt lat="-12.0062320" lon="-71.2401590">
    <ele>333.5</ele>
    <time>2024-12-11T13:21:52Z</time>
   </trkpt>
   <trkpt lat="-12.0062260" lon="-71.2401570">
    <ele>333.5</ele>
    <time>2024-12-11T13:21:53Z</time>
   </trkpt>
   <trkpt lat="-12.0062330" lon="-71.2401590">
    <ele>333.5</ele>
    <time>2024-12-11T13:21:54Z</time>
   </trkpt>
   <trkpt lat="-12.0062400" lon="-71.2401570">
    <ele>333.5</ele>
    <time>2024-12-11T13:21:55Z</time>
   </trkpt>
   <trkpt lat="-12.0062380" lon="-71.2401520">
    <ele>333.5</ele>
    <time>2024-12-11T13:21:56Z</time>
   </trkpt>
   <trkpt lat="-12.0062320" lon="-71.2401390">
    <ele>333.6</ele>
    <time>2024-12-11T13:21:57Z</time>
   </trkpt>
   <trkpt lat="-12.0062350" lon="-71.2401360">
    <ele>333.6</ele>
    <time>2024-12-11T13:21:58Z</time>
   </trkpt>
   <trkpt lat="-12.0062410" lon="-71.2401240">
    <ele>333.6</ele>
    <time>2024-12-11T13:21:59Z</time>
   </trkpt>
   <trkpt lat="-12.0062390" lon="-71.2401130">
    <ele>333.6</ele>
    <time>2024-12-11T13:22:00Z</time>
   </trkpt>
   <trkpt lat="-12.0062400" lon="-71.2401070">
    <ele>333.6</ele>
    <time>2024-12-11T13:22:01Z</time>
   </trkpt>
   <trkpt lat="-12.0062490" lon="-71.2401050">
    <ele>333.6</ele>
    <time>2024-12-11T13:22:02Z</time>
   </trkpt>
   <trkpt lat="-12.0062390" lon="-71.2401000">
    <ele>333.6</ele>
    <time>2024-12-11T13:22:03Z</time>
   </trkpt>
   <trkpt lat="-12.0062350" lon="-71.2400890">
    <ele>333.6</ele>
    <time>2024-12-11T13:22:04Z</time>
   </trkpt>
   <trkpt lat="-12.0062300" lon="-71.2400770">
    <ele>333.6</ele>
    <time>2024-12-11T13:22:05Z</time>
   </trkpt>
   <trkpt lat="-12.0062310" lon="-71.2400700">
    <ele>333.6</ele>
    <time>2024-12-11T13:22:06Z</time>
   </trkpt>
   <trkpt lat="-12.0062330" lon="-71.2400640">
    <ele>333.6</ele>
    <time>2024-12-11T13:22:07Z</time>
   </trkpt>
   <trkpt lat="-12.0062200" lon="-71.2400550">
    <ele>333.6</ele>
    <time>2024-12-11T13:22:08Z</time>
   </trkpt>
   <trkpt lat="-12.0062180" lon="-71.2400590">
    <ele>333.6</ele>
    <time>2024-12-11T13:22:09Z</time>
   </trkpt>
   <trkpt lat="-12.0062150" lon="-71.2400650">
    <ele>333.6</ele>
    <time>2024-12-11T13:22:10Z</time>
   </trkpt>
   <trkpt lat="-12.0062050" lon="-71.2400600">
    <ele>333.7</ele>
    <time>2024-12-11T13:22:11Z</time>
   </trkpt>
   <trkpt lat="-12.0062050" lon="-71.2400470">
    <ele>333.7</ele>
    <time>2024-12-11T13:22:12Z</time>
   </trkpt>
   <trkpt lat="-12.0062120" lon="-71.2400450">
    <ele>333.7</ele>
    <time>2024-12-11T13:22:13Z</time>
   </trkpt>
   <trkpt lat="-12.0062150" lon="-71.2400450">
    <ele>333.7</ele>
    <time>2024-12-11T13:22:14Z</time>
   </trkpt>
   <trkpt lat="-12.0062160" lon="-71.2400500">
    <ele>333.7</ele>
    <time>2024-12-11T13:22:15Z</time>
   </trkpt>
   <trkpt lat="-12.0062210" lon="-71.2400510">
    <ele>333.7</ele>
    <time>2024-12-11T13:22:16Z</time>
   </trkpt>
   <trkpt lat="-12.0062220" lon="-71.2400470">
    <ele>333.7</ele>
    <time>2024-12-11T13:22:17Z</time>
   </trkpt>
   <trkpt lat="-12.0062280" lon="-71.2400480">
    <ele>333.7</ele>
    <time>2024-12-11T13:22:18Z</time>
   </trkpt>
   <trkpt lat="-12.0062280" lon="-71.2400480">
    <ele>333.7</ele>
    <time>2024-12-11T13:22:19Z</time>
   </trkpt>
   <trkpt lat="-12.0062310" lon="-71.2400460">
    <ele>333.7</ele>
    <time>2024-12-11T13:22:20Z</time>
   </trkpt>
   <trkpt lat="-12.0062330" lon="-71.2400400">
    <ele>333.7</ele>
    <time>2024-12-11T13:22:21Z</time>
   </trkpt>
   <trkpt lat="-12.0062330" lon="-71.2400360">
    <ele>333.7</ele>
    <time>2024-12-11T13:22:22Z</time>
   </trkpt>
   <trkpt lat="-12.0062340" lon="-71.2400320">
    <ele>333.7</ele>
    <time>2024-12-11T13:22:23Z</time>
   </trkpt>
   <trkpt lat="-12.0062340" lon="-71.2400290">
    <ele>333.7</ele>
    <time>2024-12-11T13:22:24Z</time>
   </trkpt>
   <trkpt lat="-12.0062350" lon="-71.2400250">
    <ele>333.7</ele>
    <time>2024-12-11T13:22:25Z</time>
   </trkpt>
   <trkpt lat="-12.0062350" lon="-71.2400210">
    <ele>333.7</ele>
    <time>2024-12-11T13:22:26Z</time>
   </trkpt>
   <trkpt lat="-12.0062360" lon="-71.2400170">
    <ele>333.7</ele>
    <time>2024-12-11T13:22:27Z</time>
   </trkpt>
   <trkpt lat="-12.0062360" lon="-71.2400130">
    <ele>333.7</ele>
    <time>2024-12-11T13:22:28Z</time>
   </trkpt>
   <trkpt lat="-12.0062370" lon="-71.2400090">
    <ele>333.7</ele>
    <time>2024-12-11T13:22:30Z</time>
   </trkpt>
   <trkpt lat="-12.0062370" lon="-71.2400050">
    <ele>333.7</ele>
    <time>2024-12-11T13:22:31Z</time>
   </trkpt>
   <trkpt lat="-12.0062380" lon="-71.2400010">
    <ele>333.7</ele>
    <time>2024-12-11T13:22:32Z</time>
   </trkpt>
   <trkpt lat="-12.0062380" lon="-71.2399980">
    <ele>333.7</ele>
    <time>2024-12-11T13:22:33Z</time>
   </trkpt>
   <trkpt lat="-12.0062390" lon="-71.2399940">
    <ele>333.7</ele>
    <time>2024-12-11T13:22:34Z</time>
   </trkpt>
   <trkpt lat="-12.0062390" lon="-71.2399900">
    <ele>333.7</ele>
    <time>2024-12-11T13:22:35Z</time>
   </trkpt>
   <trkpt lat="-12.0062400" lon="-71.2399860">
    <ele>333.7</ele>
    <time>2024-12-11T13:22:36Z</time>
   </trkpt>
   <trkpt lat="-12.0062400" lon="-71.2399820">
    <ele>333.7</ele>
    <time>2024-12-11T13:22:37Z</time>
   </trkpt>
   <trkpt lat="-12.0062420" lon="-71.2399760">
    <ele>333.7</ele>
    <time>2024-12-11T13:22:38Z</time>
   </trkpt>
   <trkpt lat="-12.0062400" lon="-71.2399650">
    <ele>333.7</ele>
    <time>2024-12-11T13:22:39Z</time>
   </trkpt>
   <trkpt lat="-12.0062470" lon="-71.2399600">
    <ele>333.8</ele>
    <time>2024-12-11T13:22:40Z</time>
   </trkpt>
   <trkpt lat="-12.0062460" lon="-71.2399570">
    <ele>333.8</ele>
    <time>2024-12-11T13:22:41Z</time>
   </trkpt>
   <trkpt lat="-12.0062480" lon="-71.2399540">
    <ele>333.8</ele>
    <time>2024-12-11T13:22:42Z</time>
   </trkpt>
   <trkpt lat="-12.0062530" lon="-71.2399560">
    <ele>333.8</ele>
    <time>2024-12-11T13:22:43Z</time>
   </trkpt>
   <trkpt lat="-12.0062560" lon="-71.2399460">
    <ele>333.8</ele>
    <time>2024-12-11T13:22:44Z</time>
   </trkpt>
   <trkpt lat="-12.0062570" lon="-71.2399440">
    <ele>333.8</ele>
    <time>2024-12-11T13:22:45Z</time>
   </trkpt>
   <trkpt lat="-12.0062600" lon="-71.2399450">
    <ele>333.8</ele>
    <time>2024-12-11T13:22:46Z</time>
   </trkpt>
   <trkpt lat="-12.0062550" lon="-71.2399450">
    <ele>333.8</ele>
    <time>2024-12-11T13:22:47Z</time>
   </trkpt>
   <trkpt lat="-12.0062550" lon="-71.2399450">
    <ele>333.8</ele>
    <time>2024-12-11T13:22:48Z</time>
   </trkpt>
   <trkpt lat="-12.0062550" lon="-71.2399450">
    <ele>333.8</ele>
    <time>2024-12-11T13:22:49Z</time>
   </trkpt>
   <trkpt lat="-12.0062550" lon="-71.2399450">
    <ele>333.8</ele>
    <time>2024-12-11T13:22:50Z</time>
   </trkpt>
   <trkpt lat="-12.0062400" lon="-71.2399380">
    <ele>333.8</ele>
    <time>2024-12-11T13:22:51Z</time>
   </trkpt>
   <trkpt lat="-12.0062390" lon="-71.2399250">
    <ele>333.8</ele>
    <time>2024-12-11T13:22:52Z</time>
   </trkpt>
   <trkpt lat="-12.0062400" lon="-71.2399190">
    <ele>333.8</ele>
    <time>2024-12-11T13:22:53Z</time>
   </trkpt>
   <trkpt lat="-12.0062440" lon="-71.2399130">
    <ele>333.8</ele>
    <time>2024-12-11T13:22:54Z</time>
   </trkpt>
   <trkpt lat="-12.0062440" lon="-71.2399000">
    <ele>333.8</ele>
    <time>2024-12-11T13:22:55Z</time>
   </trkpt>
   <trkpt lat="-12.0062380" lon="-71.2399030">
    <ele>333.8</ele>
    <time>2024-12-11T13:22:56Z</time>
   </trkpt>
   <trkpt lat="-12.0062370" lon="-71.2399000">
    <ele>333.8</ele>
    <time>2024-12-11T13:22:57Z</time>
   </trkpt>
   <trkpt lat="-12.0062350" lon="-71.2399030">
    <ele>333.8</ele>
    <time>2024-12-11T13:22:58Z</time>
   </trkpt>
   <trkpt lat="-12.0062330" lon="-71.2398990">
    <ele>333.8</ele>
    <time>2024-12-11T13:22:59Z</time>
   </trkpt>
   <trkpt lat="-12.0062410" lon="-71.2398890">
    <ele>333.8</ele>
    <time>2024-12-11T13:23:00Z</time>
   </trkpt>
   <trkpt lat="-12.0062530" lon="-71.2398750">
    <ele>333.9</ele>
    <time>2024-12-11T13:23:01Z</time>
   </trkpt>
   <trkpt lat="-12.0062590" lon="-71.2398660">
    <ele>333.9</ele>
    <time>2024-12-11T13:23:02Z</time>
   </trkpt>
   <trkpt lat="-12.0062640" lon="-71.2398570">
    <ele>333.9</ele>
    <time>2024-12-11T13:23:03Z</time>
   </trkpt>
   <trkpt lat="-12.0062690" lon="-71.2398480">
    <ele>333.9</ele>
    <time>2024-12-11T13:23:04Z</time>
   </trkpt>
   <trkpt lat="-12.0062730" lon="-71.2398460">
    <ele>333.9</ele>
    <time>2024-12-11T13:23:05Z</time>
   </trkpt>
   <trkpt lat="-12.0062660" lon="-71.2398480">
    <ele>333.9</ele>
    <time>2024-12-11T13:23:06Z</time>
   </trkpt>
   <trkpt lat="-12.0062670" lon="-71.2398500">
    <ele>333.9</ele>
    <time>2024-12-11T13:23:07Z</time>
   </trkpt>
   <trkpt lat="-12.0062660" lon="-71.2398520">
    <ele>333.9</ele>
    <time>2024-12-11T13:23:08Z</time>
   </trkpt>
   <trkpt lat="-12.0062680" lon="-71.2398420">
    <ele>333.9</ele>
    <time>2024-12-11T13:23:09Z</time>
   </trkpt>
   <trkpt lat="-12.0062690" lon="-71.2398380">
    <ele>333.9</ele>
    <time>2024-12-11T13:23:10Z</time>
   </trkpt>
   <trkpt lat="-12.0062810" lon="-71.2398310">
    <ele>333.9</ele>
    <time>2024-12-11T13:23:11Z</time>
   </trkpt>
   <trkpt lat="-12.0062710" lon="-71.2398360">
    <ele>333.9</ele>
    <time>2024-12-11T13:23:12Z</time>
   </trkpt>
   <trkpt lat="-12.0062760" lon="-71.2398470">
    <ele>333.9</ele>
    <time>2024-12-11T13:23:13Z</time>
   </trkpt>
   <trkpt lat="-12.0062800" lon="-71.2398430">
    <ele>333.9</ele>
    <time>2024-12-11T13:23:14Z</time>
   </trkpt>
   <trkpt lat="-12.0062820" lon="-71.2398440">
    <ele>333.9</ele>
    <time>2024-12-11T13:23:15Z</time>
   </trkpt>
   <trkpt lat="-12.0062880" lon="-71.2398390">
    <ele>333.9</ele>
    <time>2024-12-11T13:23:16Z</time>
   </trkpt>
   <trkpt lat="-12.0062960" lon="-71.2398320">
    <ele>333.9</ele>
    <time>2024-12-11T13:23:17Z</time>
   </trkpt>
   <trkpt lat="-12.0062840" lon="-71.2398170">
    <ele>334.0</ele>
    <time>2024-12-11T13:23:18Z</time>
   </trkpt>
   <trkpt lat="-12.0062900" lon="-71.2398160">
    <ele>334.0</ele>
    <time>2024-12-11T13:23:19Z</time>
   </trkpt>
   <trkpt lat="-12.0063000" lon="-71.2398090">
    <ele>334.0</ele>
    <time>2024-12-11T13:23:20Z</time>
   </trkpt>
   <trkpt lat="-12.0063060" lon="-71.2397980">
    <ele>334.0</ele>
    <time>2024-12-11T13:23:21Z</time>
   </trkpt>
   <trkpt lat="-12.0063160" lon="-71.2397890">
    <ele>334.0</ele>
    <time>2024-12-11T13:23:22Z</time>
   </trkpt>
   <trkpt lat="-12.0063260" lon="-71.2397730">
    <ele>334.0</ele>
    <time>2024-12-11T13:23:23Z</time>
   </trkpt>
   <trkpt lat="-12.0063370" lon="-71.2397630">
    <ele>334.0</ele>
    <time>2024-12-11T13:23:24Z</time>
   </trkpt>
   <trkpt lat="-12.0063500" lon="-71.2397580">
    <ele>334.0</ele>
    <time>2024-12-11T13:23:25Z</time>
   </trkpt>
   <trkpt lat="-12.0063550" lon="-71.2397450">
    <ele>334.0</ele>
    <time>2024-12-11T13:23:26Z</time>
   </trkpt>
   <trkpt lat="-12.0063600" lon="-71.2397280">
    <ele>334.1</ele>
    <time>2024-12-11T13:23:27Z</time>
   </trkpt>
   <trkpt lat="-12.0063700" lon="-71.2397250">
    <ele>334.1</ele>
    <time>2024-12-11T13:23:28Z</time>
   </trkpt>
   <trkpt lat="-12.0063780" lon="-71.2397420">
    <ele>334.1</ele>
    <time>2024-12-11T13:23:29Z</time>
   </trkpt>
   <trkpt lat="-12.0063890" lon="-71.2397430">
    <ele>334.1</ele>
    <time>2024-12-11T13:23:30Z</time>
   </trkpt>
   <trkpt lat="-12.0063990" lon="-71.2397230">
    <ele>334.1</ele>
    <time>2024-12-11T13:23:31Z</time>
   </trkpt>
   <trkpt lat="-12.0064040" lon="-71.2397170">
    <ele>334.1</ele>
    <time>2024-12-11T13:23:32Z</time>
   </trkpt>
   <trkpt lat="-12.0064090" lon="-71.2397100">
    <ele>334.1</ele>
    <time>2024-12-11T13:23:33Z</time>
   </trkpt>
   <trkpt lat="-12.0064110" lon="-71.2396980">
    <ele>334.1</ele>
    <time>2024-12-11T13:23:34Z</time>
   </trkpt>
   <trkpt lat="-12.0064150" lon="-71.2396940">
    <ele>334.1</ele>
    <time>2024-12-11T13:23:35Z</time>
   </trkpt>
   <trkpt lat="-12.0064170" lon="-71.2396920">
    <ele>334.1</ele>
    <time>2024-12-11T13:23:36Z</time>
   </trkpt>
   <trkpt lat="-12.0064170" lon="-71.2396820">
    <ele>334.1</ele>
    <time>2024-12-11T13:23:37Z</time>
   </trkpt>
   <trkpt lat="-12.0064290" lon="-71.2396700">
    <ele>334.1</ele>
    <time>2024-12-11T13:23:38Z</time>
   </trkpt>
   <trkpt lat="-12.0064370" lon="-71.2396580">
    <ele>334.2</ele>
    <time>2024-12-11T13:23:39Z</time>
   </trkpt>
   <trkpt lat="-12.0064450" lon="-71.2396360">
    <ele>334.2</ele>
    <time>2024-12-11T13:23:40Z</time>
   </trkpt>
   <trkpt lat="-12.0064460" lon="-71.2396290">
    <ele>334.2</ele>
    <time>2024-12-11T13:23:41Z</time>
   </trkpt>
   <trkpt lat="-12.0064480" lon="-71.2396210">
    <ele>334.2</ele>
    <time>2024-12-11T13:23:42Z</time>
   </trkpt>
   <trkpt lat="-12.0064490" lon="-71.2396140">
    <ele>334.2</ele>
    <time>2024-12-11T13:23:43Z</time>
   </trkpt>
   <trkpt lat="-12.0064510" lon="-71.2396070">
    <ele>334.2</ele>
    <time>2024-12-11T13:23:44Z</time>
   </trkpt>
   <trkpt lat="-12.0064520" lon="-71.2395980">
    <ele>334.2</ele>
    <time>2024-12-11T13:23:45Z</time>
   </trkpt>
   <trkpt lat="-12.0064480" lon="-71.2395940">
    <ele>334.2</ele>
    <time>2024-12-11T13:23:46Z</time>
   </trkpt>
   <trkpt lat="-12.0064540" lon="-71.2395930">
    <ele>334.2</ele>
    <time>2024-12-11T13:23:47Z</time>
   </trkpt>
   <trkpt lat="-12.0064570" lon="-71.2395920">
    <ele>334.2</ele>
    <time>2024-12-11T13:23:48Z</time>
   </trkpt>
   <trkpt lat="-12.0064560" lon="-71.2395880">
    <ele>334.2</ele>
    <time>2024-12-11T13:23:49Z</time>
   </trkpt>
   <trkpt lat="-12.0064500" lon="-71.2395870">
    <ele>334.2</ele>
    <time>2024-12-11T13:23:50Z</time>
   </trkpt>
   <trkpt lat="-12.0064470" lon="-71.2395890">
    <ele>334.2</ele>
    <time>2024-12-11T13:23:51Z</time>
   </trkpt>
   <trkpt lat="-12.0064480" lon="-71.2395910">
    <ele>334.2</ele>
    <time>2024-12-11T13:23:52Z</time>
   </trkpt>
   <trkpt lat="-12.0064440" lon="-71.2395840">
    <ele>334.2</ele>
    <time>2024-12-11T13:23:53Z</time>
   </trkpt>
   <trkpt lat="-12.0064410" lon="-71.2395830">
    <ele>334.2</ele>
    <time>2024-12-11T13:23:54Z</time>
   </trkpt>
   <trkpt lat="-12.0064430" lon="-71.2395910">
    <ele>334.2</ele>
    <time>2024-12-11T13:23:55Z</time>
   </trkpt>
   <trkpt lat="-12.0064430" lon="-71.2395940">
    <ele>334.2</ele>
    <time>2024-12-11T13:23:56Z</time>
   </trkpt>
   <trkpt lat="-12.0064430" lon="-71.2395940">
    <ele>334.2</ele>
    <time>2024-12-11T13:23:57Z</time>
   </trkpt>
   <trkpt lat="-12.0064430" lon="-71.2395940">
    <ele>334.2</ele>
    <time>2024-12-11T13:23:58Z</time>
   </trkpt>
   <trkpt lat="-12.0064430" lon="-71.2395940">
    <ele>334.2</ele>
    <time>2024-12-11T13:23:59Z</time>
   </trkpt>
   <trkpt lat="-12.0064430" lon="-71.2395940">
    <ele>334.2</ele>
    <time>2024-12-11T13:24:00Z</time>
   </trkpt>
   <trkpt lat="-12.0064430" lon="-71.2395940">
    <ele>334.2</ele>
    <time>2024-12-11T13:24:01Z</time>
   </trkpt>
   <trkpt lat="-12.0064430" lon="-71.2395940">
    <ele>334.2</ele>
    <time>2024-12-11T13:24:02Z</time>
   </trkpt>
   <trkpt lat="-12.0064490" lon="-71.2395940">
    <ele>334.2</ele>
    <time>2024-12-11T13:24:03Z</time>
   </trkpt>
   <trkpt lat="-12.0064510" lon="-71.2395930">
    <ele>334.2</ele>
    <time>2024-12-11T13:24:04Z</time>
   </trkpt>
   <trkpt lat="-12.0064510" lon="-71.2395930">
    <ele>334.2</ele>
    <time>2024-12-11T13:24:05Z</time>
   </trkpt>
   <trkpt lat="-12.0064510" lon="-71.2395930">
    <ele>334.2</ele>
    <time>2024-12-11T13:24:06Z</time>
   </trkpt>
   <trkpt lat="-12.0064520" lon="-71.2396000">
    <ele>334.3</ele>
    <time>2024-12-11T13:24:07Z</time>
   </trkpt>
   <trkpt lat="-12.0064560" lon="-71.2396020">
    <ele>334.3</ele>
    <time>2024-12-11T13:24:08Z</time>
   </trkpt>
   <trkpt lat="-12.0064530" lon="-71.2395980">
    <ele>334.3</ele>
    <time>2024-12-11T13:24:09Z</time>
   </trkpt>
   <trkpt lat="-12.0064500" lon="-71.2395800">
    <ele>334.3</ele>
    <time>2024-12-11T13:24:10Z</time>
   </trkpt>
   <trkpt lat="-12.0064520" lon="-71.2395770">
    <ele>334.3</ele>
    <time>2024-12-11T13:24:11Z</time>
   </trkpt>
   <trkpt lat="-12.0064510" lon="-71.2395700">
    <ele>334.3</ele>
    <time>2024-12-11T13:24:12Z</time>
   </trkpt>
   <trkpt lat="-12.0064410" lon="-71.2395780">
    <ele>334.3</ele>
    <time>2024-12-11T13:24:13Z</time>
   </trkpt>
   <trkpt lat="-12.0064420" lon="-71.2395600">
    <ele>334.3</ele>
    <time>2024-12-11T13:24:14Z</time>
   </trkpt>
   <trkpt lat="-12.0064460" lon="-71.2395440">
    <ele>334.3</ele>
    <time>2024-12-11T13:24:15Z</time>
   </trkpt>
   <trkpt lat="-12.0064630" lon="-71.2395410">
    <ele>334.3</ele>
    <time>2024-12-11T13:24:16Z</time>
   </trkpt>
   <trkpt lat="-12.0064710" lon="-71.2395380">
    <ele>334.3</ele>
    <time>2024-12-11T13:24:17Z</time>
   </trkpt>
   <trkpt lat="-12.0064790" lon="-71.2395350">
    <ele>334.3</ele>
    <time>2024-12-11T13:24:18Z</time>
   </trkpt>
   <trkpt lat="-12.0064870" lon="-71.2395320">
    <ele>334.4</ele>
    <time>2024-12-11T13:24:19Z</time>
   </trkpt>
   <trkpt lat="-12.0064950" lon="-71.2395290">
    <ele>334.4</ele>
    <time>2024-12-11T13:24:20Z</time>
   </trkpt>
   <trkpt lat="-12.0064960" lon="-71.2395260">
    <ele>334.4</ele>
    <time>2024-12-11T13:24:21Z</time>
   </trkpt>
   <trkpt lat="-12.0064900" lon="-71.2395180">
    <ele>334.4</ele>
    <time>2024-12-11T13:24:22Z</time>
   </trkpt>
   <trkpt lat="-12.0064940" lon="-71.2395060">
    <ele>334.4</ele>
    <time>2024-12-11T13:24:23Z</time>
   </trkpt>
   <trkpt lat="-12.0065020" lon="-71.2395070">
    <ele>334.4</ele>
    <time>2024-12-11T13:24:24Z</time>
   </trkpt>
   <trkpt lat="-12.0065010" lon="-71.2395010">
    <ele>334.4</ele>
    <time>2024-12-11T13:24:25Z</time>
   </trkpt>
   <trkpt lat="-12.0065070" lon="-71.2394930">
    <ele>334.4</ele>
    <time>2024-12-11T13:24:26Z</time>
   </trkpt>
   <trkpt lat="-12.0065080" lon="-71.2394930">
    <ele>334.4</ele>
    <time>2024-12-11T13:24:27Z</time>
   </trkpt>
   <trkpt lat="-12.0065110" lon="-71.2394840">
    <ele>334.4</ele>
    <time>2024-12-11T13:24:28Z</time>
   </trkpt>
   <trkpt lat="-12.0065200" lon="-71.2394770">
    <ele>334.4</ele>
    <time>2024-12-11T13:24:29Z</time>
   </trkpt>
   <trkpt lat="-12.0065250" lon="-71.2394760">
    <ele>334.4</ele>
    <time>2024-12-11T13:24:30Z</time>
   </trkpt>
   <trkpt lat="-12.0065430" lon="-71.2394710">
    <ele>334.4</ele>
    <time>2024-12-11T13:24:31Z</time>
   </trkpt>
   <trkpt lat="-12.0065460" lon="-71.2394640">
    <ele>334.4</ele>
    <time>2024-12-11T13:24:32Z</time>
   </trkpt>
   <trkpt lat="-12.0065430" lon="-71.2394640">
    <ele>334.4</ele>
    <time>2024-12-11T13:24:33Z</time>
   </trkpt>
   <trkpt lat="-12.0065420" lon="-71.2394630">
    <ele>334.4</ele>
    <time>2024-12-11T13:24:34Z</time>
   </trkpt>
   <trkpt lat="-12.0065410" lon="-71.2394620">
    <ele>334.4</ele>
    <time>2024-12-11T13:24:36Z</time>
   </trkpt>
   <trkpt lat="-12.0065410" lon="-71.2394610">
    <ele>334.4</ele>
    <time>2024-12-11T13:24:37Z</time>
   </trkpt>
   <trkpt lat="-12.0065400" lon="-71.2394600">
    <ele>334.4</ele>
    <time>2024-12-11T13:24:38Z</time>
   </trkpt>
   <trkpt lat="-12.0065390" lon="-71.2394590">
    <ele>334.4</ele>
    <time>2024-12-11T13:24:39Z</time>
   </trkpt>
   <trkpt lat="-12.0065380" lon="-71.2394580">
    <ele>334.4</ele>
    <time>2024-12-11T13:24:40Z</time>
   </trkpt>
   <trkpt lat="-12.0065370" lon="-71.2394570">
    <ele>334.4</ele>
    <time>2024-12-11T13:24:41Z</time>
   </trkpt>
   <trkpt lat="-12.0065360" lon="-71.2394560">
    <ele>334.4</ele>
    <time>2024-12-11T13:24:42Z</time>
   </trkpt>
   <trkpt lat="-12.0065350" lon="-71.2394550">
    <ele>334.4</ele>
    <time>2024-12-11T13:24:43Z</time>
   </trkpt>
   <trkpt lat="-12.0065340" lon="-71.2394540">
    <ele>334.4</ele>
    <time>2024-12-11T13:24:44Z</time>
   </trkpt>
   <trkpt lat="-12.0065340" lon="-71.2394530">
    <ele>334.4</ele>
    <time>2024-12-11T13:24:45Z</time>
   </trkpt>
   <trkpt lat="-12.0065330" lon="-71.2394520">
    <ele>334.4</ele>
    <time>2024-12-11T13:24:46Z</time>
   </trkpt>
   <trkpt lat="-12.0065320" lon="-71.2394510">
    <ele>334.4</ele>
    <time>2024-12-11T13:24:47Z</time>
   </trkpt>
   <trkpt lat="-12.0065310" lon="-71.2394500">
    <ele>334.4</ele>
    <time>2024-12-11T13:24:48Z</time>
   </trkpt>
   <trkpt lat="-12.0065300" lon="-71.2394490">
    <ele>334.5</ele>
    <time>2024-12-11T13:24:49Z</time>
   </trkpt>
   <trkpt lat="-12.0065290" lon="-71.2394490">
    <ele>334.5</ele>
    <time>2024-12-11T13:24:50Z</time>
   </trkpt>
   <trkpt lat="-12.0065280" lon="-71.2394480">
    <ele>334.5</ele>
    <time>2024-12-11T13:24:51Z</time>
   </trkpt>
   <trkpt lat="-12.0065280" lon="-71.2394470">
    <ele>334.5</ele>
    <time>2024-12-11T13:24:52Z</time>
   </trkpt>
   <trkpt lat="-12.0065270" lon="-71.2394460">
    <ele>334.5</ele>
    <time>2024-12-11T13:24:53Z</time>
   </trkpt>
   <trkpt lat="-12.0065260" lon="-71.2394450">
    <ele>334.5</ele>
    <time>2024-12-11T13:24:54Z</time>
   </trkpt>
   <trkpt lat="-12.0065250" lon="-71.2394440">
    <ele>334.5</ele>
    <time>2024-12-11T13:24:55Z</time>
   </trkpt>
   <trkpt lat="-12.0065240" lon="-71.2394430">
    <ele>334.5</ele>
    <time>2024-12-11T13:24:56Z</time>
   </trkpt>
   <trkpt lat="-12.0065230" lon="-71.2394420">
    <ele>334.5</ele>
    <time>2024-12-11T13:24:57Z</time>
   </trkpt>
   <trkpt lat="-12.0065220" lon="-71.2394410">
    <ele>334.5</ele>
    <time>2024-12-11T13:24:58Z</time>
   </trkpt>
   <trkpt lat="-12.0065210" lon="-71.2394400">
    <ele>334.5</ele>
    <time>2024-12-11T13:24:59Z</time>
   </trkpt>
   <trkpt lat="-12.0065210" lon="-71.2394390">
    <ele>334.5</ele>
    <time>2024-12-11T13:25:00Z</time>
   </trkpt>
   <trkpt lat="-12.0065200" lon="-71.2394380">
    <ele>334.5</ele>
    <time>2024-12-11T13:25:01Z</time>
   </trkpt>
   <trkpt lat="-12.0065190" lon="-71.2394370">
    <ele>334.5</ele>
    <time>2024-12-11T13:25:02Z</time>
   </trkpt>
   <trkpt lat="-12.0065180" lon="-71.2394360">
    <ele>334.5</ele>
    <time>2024-12-11T13:25:03Z</time>
   </trkpt>
   <trkpt lat="-12.0065170" lon="-71.2394350">
    <ele>334.5</ele>
    <time>2024-12-11T13:25:04Z</time>
   </trkpt>
   <trkpt lat="-12.0065160" lon="-71.2394340">
    <ele>334.5</ele>
    <time>2024-12-11T13:25:05Z</time>
   </trkpt>
   <trkpt lat="-12.0065150" lon="-71.2394330">
    <ele>334.5</ele>
    <time>2024-12-11T13:25:06Z</time>
   </trkpt>
   <trkpt lat="-12.0065150" lon="-71.2394320">
    <ele>334.5</ele>
    <time>2024-12-11T13:25:07Z</time>
   </trkpt>
   <trkpt lat="-12.0065140" lon="-71.2394310">
    <ele>334.5</ele>
    <time>2024-12-11T13:25:08Z</time>
   </trkpt>
   <trkpt lat="-12.0065130" lon="-71.2394300">
    <ele>334.5</ele>
    <time>2024-12-11T13:25:09Z</time>
   </trkpt>
   <trkpt lat="-12.0065120" lon="-71.2394290">
    <ele>334.5</ele>
    <time>2024-12-11T13:25:10Z</time>
   </trkpt>
   <trkpt lat="-12.0065110" lon="-71.2394280">
    <ele>334.5</ele>
    <time>2024-12-11T13:25:11Z</time>
   </trkpt>
   <trkpt lat="-12.0065100" lon="-71.2394270">
    <ele>334.5</ele>
    <time>2024-12-11T13:25:12Z</time>
   </trkpt>
   <trkpt lat="-12.0065090" lon="-71.2394260">
    <ele>334.5</ele>
    <time>2024-12-11T13:25:13Z</time>
   </trkpt>
   <trkpt lat="-12.0065090" lon="-71.2394250">
    <ele>334.5</ele>
    <time>2024-12-11T13:25:14Z</time>
   </trkpt>
   <trkpt lat="-12.0065080" lon="-71.2394240">
    <ele>334.5</ele>
    <time>2024-12-11T13:25:15Z</time>
   </trkpt>
   <trkpt lat="-12.0065070" lon="-71.2394230">
    <ele>334.5</ele>
    <time>2024-12-11T13:25:16Z</time>
   </trkpt>
   <trkpt lat="-12.0065060" lon="-71.2394220">
    <ele>334.5</ele>
    <time>2024-12-11T13:25:17Z</time>
   </trkpt>
   <trkpt lat="-12.0065050" lon="-71.2394210">
    <ele>334.5</ele>
    <time>2024-12-11T13:25:18Z</time>
   </trkpt>
   <trkpt lat="-12.0065040" lon="-71.2394200">
    <ele>334.5</ele>
    <time>2024-12-11T13:25:19Z</time>
   </trkpt>
   <trkpt lat="-12.0065030" lon="-71.2394190">
    <ele>334.5</ele>
    <time>2024-12-11T13:25:20Z</time>
   </trkpt>
   <trkpt lat="-12.0065020" lon="-71.2394180">
    <ele>334.5</ele>
    <time>2024-12-11T13:25:21Z</time>
   </trkpt>
   <trkpt lat="-12.0065020" lon="-71.2394170">
    <ele>334.5</ele>
    <time>2024-12-11T13:25:22Z</time>
   </trkpt>
   <trkpt lat="-12.0065010" lon="-71.2394160">
    <ele>334.5</ele>
    <time>2024-12-11T13:25:23Z</time>
   </trkpt>
   <trkpt lat="-12.0065000" lon="-71.2394160">
    <ele>334.5</ele>
    <time>2024-12-11T13:25:24Z</time>
   </trkpt>
   <trkpt lat="-12.0064990" lon="-71.2394150">
    <ele>334.5</ele>
    <time>2024-12-11T13:25:25Z</time>
   </trkpt>
   <trkpt lat="-12.0064980" lon="-71.2394140">
    <ele>334.5</ele>
    <time>2024-12-11T13:25:26Z</time>
   </trkpt>
   <trkpt lat="-12.0064970" lon="-71.2394130">
    <ele>334.5</ele>
    <time>2024-12-11T13:25:27Z</time>
   </trkpt>
   <trkpt lat="-12.0064960" lon="-71.2394120">
    <ele>334.5</ele>
    <time>2024-12-11T13:25:28Z</time>
   </trkpt>
   <trkpt lat="-12.0064960" lon="-71.2394110">
    <ele>334.5</ele>
    <time>2024-12-11T13:25:29Z</time>
   </trkpt>
   <trkpt lat="-12.0064950" lon="-71.2394100">
    <ele>334.5</ele>
    <time>2024-12-11T13:25:30Z</time>
   </trkpt>
   <trkpt lat="-12.0064940" lon="-71.2394090">
    <ele>334.5</ele>
    <time>2024-12-11T13:25:31Z</time>
   </trkpt>
   <trkpt lat="-12.0064930" lon="-71.2394080">
    <ele>334.5</ele>
    <time>2024-12-11T13:25:32Z</time>
   </trkpt>
   <trkpt lat="-12.0064920" lon="-71.2394070">
    <ele>334.5</ele>
    <time>2024-12-11T13:25:33Z</time>
   </trkpt>
   <trkpt lat="-12.0064910" lon="-71.2394060">
    <ele>334.5</ele>
    <time>2024-12-11T13:25:34Z</time>
   </trkpt>
   <trkpt lat="-12.0064900" lon="-71.2394050">
    <ele>334.5</ele>
    <time>2024-12-11T13:25:35Z</time>
   </trkpt>
   <trkpt lat="-12.0064890" lon="-71.2394040">
    <ele>334.5</ele>
    <time>2024-12-11T13:25:36Z</time>
   </trkpt>
   <trkpt lat="-12.0064890" lon="-71.2394030">
    <ele>334.5</ele>
    <time>2024-12-11T13:25:37Z</time>
   </trkpt>
   <trkpt lat="-12.0064880" lon="-71.2394020">
    <ele>334.5</ele>
    <time>2024-12-11T13:25:38Z</time>
   </trkpt>
   <trkpt lat="-12.0064870" lon="-71.2394010">
    <ele>334.5</ele>
    <time>2024-12-11T13:25:39Z</time>
   </trkpt>
   <trkpt lat="-12.0064860" lon="-71.2394000">
    <ele>334.5</ele>
    <time>2024-12-11T13:25:40Z</time>
   </trkpt>
   <trkpt lat="-12.0064950" lon="-71.2393980">
    <ele>334.5</ele>
    <time>2024-12-11T13:25:41Z</time>
   </trkpt>
   <trkpt lat="-12.0065180" lon="-71.2394050">
    <ele>334.5</ele>
    <time>2024-12-11T13:25:42Z</time>
   </trkpt>
   <trkpt lat="-12.0065310" lon="-71.2394000">
    <ele>334.5</ele>
    <time>2024-12-11T13:25:43Z</time>
   </trkpt>
   <trkpt lat="-12.0065400" lon="-71.2393970">
    <ele>334.5</ele>
    <time>2024-12-11T13:25:44Z</time>
   </trkpt>
   <trkpt lat="-12.0065480" lon="-71.2393950">
    <ele>334.6</ele>
    <time>2024-12-11T13:25:45Z</time>
   </trkpt>
   <trkpt lat="-12.0065560" lon="-71.2393920">
    <ele>334.6</ele>
    <time>2024-12-11T13:25:46Z</time>
   </trkpt>
   <trkpt lat="-12.0065650" lon="-71.2393870">
    <ele>334.6</ele>
    <time>2024-12-11T13:25:47Z</time>
   </trkpt>
   <trkpt lat="-12.0065700" lon="-71.2393830">
    <ele>334.6</ele>
    <time>2024-12-11T13:25:48Z</time>
   </trkpt>
   <trkpt lat="-12.0065790" lon="-71.2393850">
    <ele>334.6</ele>
    <time>2024-12-11T13:25:49Z</time>
   </trkpt>
   <trkpt lat="-12.0065810" lon="-71.2393820">
    <ele>334.6</ele>
    <time>2024-12-11T13:25:50Z</time>
   </trkpt>
   <trkpt lat="-12.0065760" lon="-71.2393900">
    <ele>334.6</ele>
    <time>2024-12-11T13:25:51Z</time>
   </trkpt>
   <trkpt lat="-12.0065840" lon="-71.2393870">
    <ele>334.6</ele>
    <time>2024-12-11T13:25:52Z</time>
   </trkpt>
   <trkpt lat="-12.0065690" lon="-71.2393740">
    <ele>334.6</ele>
    <time>2024-12-11T13:25:53Z</time>
   </trkpt>
   <trkpt lat="-12.0065720" lon="-71.2393700">
    <ele>334.6</ele>
    <time>2024-12-11T13:25:54Z</time>
   </trkpt>
   <trkpt lat="-12.0065790" lon="-71.2393690">
    <ele>334.6</ele>
    <time>2024-12-11T13:25:55Z</time>
   </trkpt>
   <trkpt lat="-12.0065620" lon="-71.2393660">
    <ele>334.6</ele>
    <time>2024-12-11T13:25:56Z</time>
   </trkpt>
   <trkpt lat="-12.0065610" lon="-71.2393660">
    <ele>334.6</ele>
    <time>2024-12-11T13:25:57Z</time>
   </trkpt>
   <trkpt lat="-12.0065540" lon="-71.2393520">
    <ele>334.6</ele>
    <time>2024-12-11T13:25:58Z</time>
   </trkpt>
   <trkpt lat="-12.0065510" lon="-71.2393470">
    <ele>334.6</ele>
    <time>2024-12-11T13:25:59Z</time>
   </trkpt>
   <trkpt lat="-12.0065500" lon="-71.2393400">
    <ele>334.7</ele>
    <time>2024-12-11T13:26:00Z</time>
   </trkpt>
   <trkpt lat="-12.0065500" lon="-71.2393400">
    <ele>334.7</ele>
    <time>2024-12-11T13:26:01Z</time>
   </trkpt>
   <trkpt lat="-12.0065500" lon="-71.2393400">
    <ele>334.7</ele>
    <time>2024-12-11T13:26:02Z</time>
   </trkpt>
   <trkpt lat="-12.0065500" lon="-71.2393400">
    <ele>334.7</ele>
    <time>2024-12-11T13:26:03Z</time>
   </trkpt>
   <trkpt lat="-12.0065500" lon="-71.2393400">
    <ele>334.7</ele>
    <time>2024-12-11T13:26:04Z</time>
   </trkpt>
   <trkpt lat="-12.0065470" lon="-71.2393210">
    <ele>334.7</ele>
    <time>2024-12-11T13:26:05Z</time>
   </trkpt>
   <trkpt lat="-12.0065460" lon="-71.2393190">
    <ele>334.7</ele>
    <time>2024-12-11T13:26:06Z</time>
   </trkpt>
   <trkpt lat="-12.0065460" lon="-71.2393190">
    <ele>334.7</ele>
    <time>2024-12-11T13:26:07Z</time>
   </trkpt>
   <trkpt lat="-12.0065460" lon="-71.2393190">
    <ele>334.7</ele>
    <time>2024-12-11T13:26:08Z</time>
   </trkpt>
   <trkpt lat="-12.0065460" lon="-71.2393190">
    <ele>334.7</ele>
    <time>2024-12-11T13:26:09Z</time>
   </trkpt>
   <trkpt lat="-12.0065390" lon="-71.2393200">
    <ele>334.7</ele>
    <time>2024-12-11T13:26:10Z</time>
   </trkpt>
   <trkpt lat="-12.0065380" lon="-71.2393200">
    <ele>334.7</ele>
    <time>2024-12-11T13:26:11Z</time>
   </trkpt>
   <trkpt lat="-12.0065380" lon="-71.2393200">
    <ele>334.7</ele>
    <time>2024-12-11T13:26:12Z</time>
   </trkpt>
   <trkpt lat="-12.0065380" lon="-71.2393200">
    <ele>334.7</ele>
    <time>2024-12-11T13:26:13Z</time>
   </trkpt>
   <trkpt lat="-12.0065380" lon="-71.2393200">
    <ele>334.7</ele>
    <time>2024-12-11T13:26:14Z</time>
   </trkpt>
   <trkpt lat="-12.0065380" lon="-71.2393200">
    <ele>334.7</ele>
    <time>2024-12-11T13:26:15Z</time>
   </trkpt>
   <trkpt lat="-12.0065380" lon="-71.2393200">
    <ele>334.7</ele>
    <time>2024-12-11T13:26:16Z</time>
   </trkpt>
   <trkpt lat="-12.0065380" lon="-71.2393200">
    <ele>334.7</ele>
    <time>2024-12-11T13:26:17Z</time>
   </trkpt>
   <trkpt lat="-12.0065380" lon="-71.2393200">
    <ele>334.7</ele>
    <time>2024-12-11T13:26:18Z</time>
   </trkpt>
   <trkpt lat="-12.0065380" lon="-71.2393200">
    <ele>334.7</ele>
    <time>2024-12-11T13:26:19Z</time>
   </trkpt>
   <trkpt lat="-12.0065380" lon="-71.2393200">
    <ele>334.7</ele>
    <time>2024-12-11T13:26:20Z</time>
   </trkpt>
   <trkpt lat="-12.0065380" lon="-71.2393200">
    <ele>334.7</ele>
    <time>2024-12-11T13:26:21Z</time>
   </trkpt>
   <trkpt lat="-12.0065180" lon="-71.2393270">
    <ele>334.7</ele>
    <time>2024-12-11T13:26:22Z</time>
   </trkpt>
   <trkpt lat="-12.0065130" lon="-71.2393250">
    <ele>334.7</ele>
    <time>2024-12-11T13:26:23Z</time>
   </trkpt>
   <trkpt lat="-12.0065130" lon="-71.2393250">
    <ele>334.7</ele>
    <time>2024-12-11T13:26:24Z</time>
   </trkpt>
   <trkpt lat="-12.0065120" lon="-71.2393240">
    <ele>334.7</ele>
    <time>2024-12-11T13:26:25Z</time>
   </trkpt>
   <trkpt lat="-12.0065110" lon="-71.2393240">
    <ele>334.7</ele>
    <time>2024-12-11T13:26:26Z</time>
   </trkpt>
   <trkpt lat="-12.0065110" lon="-71.2393230">
    <ele>334.7</ele>
    <time>2024-12-11T13:26:27Z</time>
   </trkpt>
   <trkpt lat="-12.0065100" lon="-71.2393230">
    <ele>334.7</ele>
    <time>2024-12-11T13:26:28Z</time>
   </trkpt>
   <trkpt lat="-12.0065090" lon="-71.2393220">
    <ele>334.7</ele>
    <time>2024-12-11T13:26:29Z</time>
   </trkpt>
   <trkpt lat="-12.0065090" lon="-71.2393220">
    <ele>334.7</ele>
    <time>2024-12-11T13:26:30Z</time>
   </trkpt>
   <trkpt lat="-12.0065080" lon="-71.2393210">
    <ele>334.7</ele>
    <time>2024-12-11T13:26:31Z</time>
   </trkpt>
   <trkpt lat="-12.0065070" lon="-71.2393210">
    <ele>334.7</ele>
    <time>2024-12-11T13:26:32Z</time>
   </trkpt>
   <trkpt lat="-12.0065070" lon="-71.2393200">
    <ele>334.7</ele>
    <time>2024-12-11T13:26:33Z</time>
   </trkpt>
   <trkpt lat="-12.0065060" lon="-71.2393200">
    <ele>334.7</ele>
    <time>2024-12-11T13:26:34Z</time>
   </trkpt>
   <trkpt lat="-12.0065050" lon="-71.2393190">
    <ele>334.7</ele>
    <time>2024-12-11T13:26:35Z</time>
   </trkpt>
   <trkpt lat="-12.0065050" lon="-71.2393190">
    <ele>334.7</ele>
    <time>2024-12-11T13:26:36Z</time>
   </trkpt>
   <trkpt lat="-12.0065040" lon="-71.2393180">
    <ele>334.7</ele>
    <time>2024-12-11T13:26:37Z</time>
   </trkpt>
   <trkpt lat="-12.0065030" lon="-71.2393170">
    <ele>334.7</ele>
    <time>2024-12-11T13:26:38Z</time>
   </trkpt>
   <trkpt lat="-12.0065030" lon="-71.2393170">
    <ele>334.7</ele>
    <time>2024-12-11T13:26:39Z</time>
   </trkpt>
   <trkpt lat="-12.0065020" lon="-71.2393160">
    <ele>334.7</ele>
    <time>2024-12-11T13:26:40Z</time>
   </trkpt>
   <trkpt lat="-12.0065010" lon="-71.2393160">
    <ele>334.7</ele>
    <time>2024-12-11T13:26:42Z</time>
   </trkpt>
   <trkpt lat="-12.0065010" lon="-71.2393150">
    <ele>334.7</ele>
    <time>2024-12-11T13:26:43Z</time>
   </trkpt>
   <trkpt lat="-12.0065000" lon="-71.2393150">
    <ele>334.7</ele>
    <time>2024-12-11T13:26:44Z</time>
   </trkpt>
   <trkpt lat="-12.0064990" lon="-71.2393140">
    <ele>334.7</ele>
    <time>2024-12-11T13:26:45Z</time>
   </trkpt>
   <trkpt lat="-12.0064990" lon="-71.2393140">
    <ele>334.7</ele>
    <time>2024-12-11T13:26:46Z</time>
   </trkpt>
   <trkpt lat="-12.0064980" lon="-71.2393130">
    <ele>334.7</ele>
    <time>2024-12-11T13:26:47Z</time>
   </trkpt>
   <trkpt lat="-12.0064970" lon="-71.2393130">
    <ele>334.7</ele>
    <time>2024-12-11T13:26:48Z</time>
   </trkpt>
   <trkpt lat="-12.0064970" lon="-71.2393120">
    <ele>334.7</ele>
    <time>2024-12-11T13:26:49Z</time>
   </trkpt>
   <trkpt lat="-12.0064960" lon="-71.2393120">
    <ele>334.7</ele>
    <time>2024-12-11T13:26:50Z</time>
   </trkpt>
   <trkpt lat="-12.0064950" lon="-71.2393110">
    <ele>334.7</ele>
    <time>2024-12-11T13:26:51Z</time>
   </trkpt>
   <trkpt lat="-12.0064950" lon="-71.2393110">
    <ele>334.7</ele>
    <time>2024-12-11T13:26:52Z</time>
   </trkpt>
   <trkpt lat="-12.0064940" lon="-71.2393100">
    <ele>334.7</ele>
    <time>2024-12-11T13:26:53Z</time>
   </trkpt>
   <trkpt lat="-12.0064930" lon="-71.2393090">
    <ele>334.7</ele>
    <time>2024-12-11T13:26:54Z</time>
   </trkpt>
   <trkpt lat="-12.0064930" lon="-71.2393090">
    <ele>334.7</ele>
    <time>2024-12-11T13:26:55Z</time>
   </trkpt>
   <trkpt lat="-12.0064920" lon="-71.2393080">
    <ele>334.7</ele>
    <time>2024-12-11T13:26:56Z</time>
   </trkpt>
   <trkpt lat="-12.0064910" lon="-71.2393080">
    <ele>334.7</ele>
    <time>2024-12-11T13:26:57Z</time>
   </trkpt>
   <trkpt lat="-12.0064910" lon="-71.2393070">
    <ele>334.7</ele>
    <time>2024-12-11T13:26:58Z</time>
   </trkpt>
   <trkpt lat="-12.0064900" lon="-71.2393070">
    <ele>334.7</ele>
    <time>2024-12-11T13:26:59Z</time>
   </trkpt>
   <trkpt lat="-12.0064890" lon="-71.2393060">
    <ele>334.7</ele>
    <time>2024-12-11T13:27:00Z</time>
   </trkpt>
   <trkpt lat="-12.0064890" lon="-71.2393060">
    <ele>334.7</ele>
    <time>2024-12-11T13:27:01Z</time>
   </trkpt>
   <trkpt lat="-12.0064880" lon="-71.2393050">
    <ele>334.7</ele>
    <time>2024-12-11T13:27:02Z</time>
   </trkpt>
   <trkpt lat="-12.0064870" lon="-71.2393050">
    <ele>334.7</ele>
    <time>2024-12-11T13:27:03Z</time>
   </trkpt>
   <trkpt lat="-12.0064870" lon="-71.2393040">
    <ele>334.7</ele>
    <time>2024-12-11T13:27:04Z</time>
   </trkpt>
   <trkpt lat="-12.0064860" lon="-71.2393040">
    <ele>334.7</ele>
    <time>2024-12-11T13:27:05Z</time>
   </trkpt>
   <trkpt lat="-12.0064850" lon="-71.2393030">
    <ele>334.7</ele>
    <time>2024-12-11T13:27:06Z</time>
   </trkpt>
   <trkpt lat="-12.0064850" lon="-71.2393030">
    <ele>334.7</ele>
    <time>2024-12-11T13:27:07Z</time>
   </trkpt>
   <trkpt lat="-12.0064840" lon="-71.2393020">
    <ele>334.7</ele>
    <time>2024-12-11T13:27:08Z</time>
   </trkpt>
   <trkpt lat="-12.0064820" lon="-71.2393010">
    <ele>334.7</ele>
    <time>2024-12-11T13:27:09Z</time>
   </trkpt>
   <trkpt lat="-12.0064910" lon="-71.2392990">
    <ele>334.7</ele>
    <time>2024-12-11T13:27:10Z</time>
   </trkpt>
   <trkpt lat="-12.0064930" lon="-71.2392980">
    <ele>334.7</ele>
    <time>2024-12-11T13:27:11Z</time>
   </trkpt>
   <trkpt lat="-12.0064930" lon="-71.2392980">
    <ele>334.7</ele>
    <time>2024-12-11T13:27:12Z</time>
   </trkpt>
   <trkpt lat="-12.0064930" lon="-71.2392980">
    <ele>334.7</ele>
    <time>2024-12-11T13:27:13Z</time>
   </trkpt>
   <trkpt lat="-12.0064960" lon="-71.2393030">
    <ele>334.7</ele>
    <time>2024-12-11T13:27:14Z</time>
   </trkpt>
   <trkpt lat="-12.0064960" lon="-71.2393030">
    <ele>334.7</ele>
    <time>2024-12-11T13:27:15Z</time>
   </trkpt>
   <trkpt lat="-12.0064960" lon="-71.2393030">
    <ele>334.7</ele>
    <time>2024-12-11T13:27:16Z</time>
   </trkpt>
   <trkpt lat="-12.0065040" lon="-71.2393060">
    <ele>334.7</ele>
    <time>2024-12-11T13:27:17Z</time>
   </trkpt>
   <trkpt lat="-12.0065050" lon="-71.2393050">
    <ele>334.7</ele>
    <time>2024-12-11T13:27:18Z</time>
   </trkpt>
   <trkpt lat="-12.0065080" lon="-71.2393070">
    <ele>334.7</ele>
    <time>2024-12-11T13:27:19Z</time>
   </trkpt>
   <trkpt lat="-12.0065130" lon="-71.2393070">
    <ele>334.8</ele>
    <time>2024-12-11T13:27:20Z</time>
   </trkpt>
   <trkpt lat="-12.0065150" lon="-71.2393070">
    <ele>334.8</ele>
    <time>2024-12-11T13:27:21Z</time>
   </trkpt>
   <trkpt lat="-12.0065200" lon="-71.2393050">
    <ele>334.8</ele>
    <time>2024-12-11T13:27:22Z</time>
   </trkpt>
   <trkpt lat="-12.0065220" lon="-71.2393050">
    <ele>334.8</ele>
    <time>2024-12-11T13:27:23Z</time>
   </trkpt>
   <trkpt lat="-12.0065240" lon="-71.2393050">
    <ele>334.8</ele>
    <time>2024-12-11T13:27:24Z</time>
   </trkpt>
   <trkpt lat="-12.0065260" lon="-71.2393050">
    <ele>334.8</ele>
    <time>2024-12-11T13:27:25Z</time>
   </trkpt>
   <trkpt lat="-12.0065330" lon="-71.2393050">
    <ele>334.8</ele>
    <time>2024-12-11T13:27:26Z</time>
   </trkpt>
   <trkpt lat="-12.0065440" lon="-71.2393010">
    <ele>334.8</ele>
    <time>2024-12-11T13:27:27Z</time>
   </trkpt>
   <trkpt lat="-12.0065520" lon="-71.2392980">
    <ele>334.8</ele>
    <time>2024-12-11T13:27:28Z</time>
   </trkpt>
   <trkpt lat="-12.0065660" lon="-71.2392950">
    <ele>334.8</ele>
    <time>2024-12-11T13:27:29Z</time>
   </trkpt>
   <trkpt lat="-12.0065740" lon="-71.2392940">
    <ele>334.8</ele>
    <time>2024-12-11T13:27:30Z</time>
   </trkpt>
   <trkpt lat="-12.0065830" lon="-71.2393050">
    <ele>334.8</ele>
    <time>2024-12-11T13:27:31Z</time>
   </trkpt>
   <trkpt lat="-12.0065940" lon="-71.2392990">
    <ele>334.8</ele>
    <time>2024-12-11T13:27:32Z</time>
   </trkpt>
   <trkpt lat="-12.0065960" lon="-71.2392900">
    <ele>334.8</ele>
    <time>2024-12-11T13:27:33Z</time>
   </trkpt>
   <trkpt lat="-12.0065910" lon="-71.2392810">
    <ele>334.8</ele>
    <time>2024-12-11T13:27:34Z</time>
   </trkpt>
   <trkpt lat="-12.0065850" lon="-71.2392720">
    <ele>334.8</ele>
    <time>2024-12-11T13:27:35Z</time>
   </trkpt>
   <trkpt lat="-12.0065870" lon="-71.2392700">
    <ele>334.8</ele>
    <time>2024-12-11T13:27:36Z</time>
   </trkpt>
   <trkpt lat="-12.0065910" lon="-71.2392670">
    <ele>334.8</ele>
    <time>2024-12-11T13:27:37Z</time>
   </trkpt>
   <trkpt lat="-12.0065960" lon="-71.2392640">
    <ele>334.9</ele>
    <time>2024-12-11T13:27:38Z</time>
   </trkpt>
   <trkpt lat="-12.0066010" lon="-71.2392620">
    <ele>334.9</ele>
    <time>2024-12-11T13:27:39Z</time>
   </trkpt>
   <trkpt lat="-12.0066050" lon="-71.2392600">
    <ele>334.9</ele>
    <time>2024-12-11T13:27:40Z</time>
   </trkpt>
   <trkpt lat="-12.0066100" lon="-71.2392580">
    <ele>334.9</ele>
    <time>2024-12-11T13:27:41Z</time>
   </trkpt>
   <trkpt lat="-12.0066150" lon="-71.2392550">
    <ele>334.9</ele>
    <time>2024-12-11T13:27:42Z</time>
   </trkpt>
   <trkpt lat="-12.0066200" lon="-71.2392530">
    <ele>334.9</ele>
    <time>2024-12-11T13:27:43Z</time>
   </trkpt>
   <trkpt lat="-12.0066230" lon="-71.2392500">
    <ele>334.9</ele>
    <time>2024-12-11T13:27:44Z</time>
   </trkpt>
   <trkpt lat="-12.0066310" lon="-71.2392450">
    <ele>334.9</ele>
    <time>2024-12-11T13:27:45Z</time>
   </trkpt>
   <trkpt lat="-12.0066350" lon="-71.2392440">
    <ele>334.9</ele>
    <time>2024-12-11T13:27:46Z</time>
   </trkpt>
   <trkpt lat="-12.0066420" lon="-71.2392350">
    <ele>334.9</ele>
    <time>2024-12-11T13:27:47Z</time>
   </trkpt>
   <trkpt lat="-12.0066440" lon="-71.2392350">
    <ele>334.9</ele>
    <time>2024-12-11T13:27:48Z</time>
   </trkpt>
   <trkpt lat="-12.0066500" lon="-71.2392350">
    <ele>334.9</ele>
    <time>2024-12-11T13:27:49Z</time>
   </trkpt>
   <trkpt lat="-12.0066500" lon="-71.2392370">
    <ele>334.9</ele>
    <time>2024-12-11T13:27:50Z</time>
   </trkpt>
   <trkpt lat="-12.0066500" lon="-71.2392370">
    <ele>334.9</ele>
    <time>2024-12-11T13:27:51Z</time>
   </trkpt>
   <trkpt lat="-12.0066550" lon="-71.2392320">
    <ele>334.9</ele>
    <time>2024-12-11T13:27:52Z</time>
   </trkpt>
   <trkpt lat="-12.0066590" lon="-71.2392280">
    <ele>334.9</ele>
    <time>2024-12-11T13:27:53Z</time>
   </trkpt>
   <trkpt lat="-12.0066620" lon="-71.2392310">
    <ele>334.9</ele>
    <time>2024-12-11T13:27:54Z</time>
   </trkpt>
   <trkpt lat="-12.0066680" lon="-71.2392270">
    <ele>334.9</ele>
    <time>2024-12-11T13:27:55Z</time>
   </trkpt>
   <trkpt lat="-12.0066660" lon="-71.2392150">
    <ele>334.9</ele>
    <time>2024-12-11T13:27:56Z</time>
   </trkpt>
   <trkpt lat="-12.0066720" lon="-71.2392130">
    <ele>334.9</ele>
    <time>2024-12-11T13:27:57Z</time>
   </trkpt>
   <trkpt lat="-12.0066720" lon="-71.2392080">
    <ele>334.9</ele>
    <time>2024-12-11T13:27:58Z</time>
   </trkpt>
   <trkpt lat="-12.0066750" lon="-71.2392000">
    <ele>334.9</ele>
    <time>2024-12-11T13:27:59Z</time>
   </trkpt>
   <trkpt lat="-12.0066680" lon="-71.2391940">
    <ele>334.9</ele>
    <time>2024-12-11T13:28:00Z</time>
   </trkpt>
   <trkpt lat="-12.0066680" lon="-71.2391970">
    <ele>335.0</ele>
    <time>2024-12-11T13:28:01Z</time>
   </trkpt>
   <trkpt lat="-12.0066680" lon="-71.2391980">
    <ele>335.0</ele>
    <time>2024-12-11T13:28:02Z</time>
   </trkpt>
   <trkpt lat="-12.0066680" lon="-71.2391980">
    <ele>335.0</ele>
    <time>2024-12-11T13:28:03Z</time>
   </trkpt>
   <trkpt lat="-12.0066600" lon="-71.2391920">
    <ele>335.0</ele>
    <time>2024-12-11T13:28:04Z</time>
   </trkpt>
   <trkpt lat="-12.0066600" lon="-71.2391920">
    <ele>335.0</ele>
    <time>2024-12-11T13:28:05Z</time>
   </trkpt>
   <trkpt lat="-12.0066600" lon="-71.2391920">
    <ele>335.0</ele>
    <time>2024-12-11T13:28:06Z</time>
   </trkpt>
   <trkpt lat="-12.0066580" lon="-71.2391840">
    <ele>335.0</ele>
    <time>2024-12-11T13:28:07Z</time>
   </trkpt>
   <trkpt lat="-12.0066580" lon="-71.2391830">
    <ele>335.0</ele>
    <time>2024-12-11T13:28:08Z</time>
   </trkpt>
   <trkpt lat="-12.0066580" lon="-71.2391830">
    <ele>335.0</ele>
    <time>2024-12-11T13:28:09Z</time>
   </trkpt>
   <trkpt lat="-12.0066580" lon="-71.2391830">
    <ele>335.0</ele>
    <time>2024-12-11T13:28:10Z</time>
   </trkpt>
   <trkpt lat="-12.0066550" lon="-71.2391770">
    <ele>335.0</ele>
    <time>2024-12-11T13:28:11Z</time>
   </trkpt>
   <trkpt lat="-12.0066540" lon="-71.2391780">
    <ele>335.0</ele>
    <time>2024-12-11T13:28:12Z</time>
   </trkpt>
   <trkpt lat="-12.0066500" lon="-71.2391720">
    <ele>335.0</ele>
    <time>2024-12-11T13:28:13Z</time>
   </trkpt>
   <trkpt lat="-12.0066500" lon="-71.2391690">
    <ele>335.0</ele>
    <time>2024-12-11T13:28:14Z</time>
   </trkpt>
   <trkpt lat="-12.0066500" lon="-71.2391710">
    <ele>335.0</ele>
    <time>2024-12-11T13:28:15Z</time>
   </trkpt>
   <trkpt lat="-12.0066500" lon="-71.2391710">
    <ele>335.0</ele>
    <time>2024-12-11T13:28:16Z</time>
   </trkpt>
   <trkpt lat="-12.0066520" lon="-71.2391790">
    <ele>335.0</ele>
    <time>2024-12-11T13:28:17Z</time>
   </trkpt>
   <trkpt lat="-12.0066550" lon="-71.2391800">
    <ele>335.0</ele>
    <time>2024-12-11T13:28:18Z</time>
   </trkpt>
   <trkpt lat="-12.0066570" lon="-71.2391820">
    <ele>335.0</ele>
    <time>2024-12-11T13:28:19Z</time>
   </trkpt>
   <trkpt lat="-12.0066580" lon="-71.2391820">
    <ele>335.0</ele>
    <time>2024-12-11T13:28:20Z</time>
   </trkpt>
   <trkpt lat="-12.0066580" lon="-71.2391820">
    <ele>335.0</ele>
    <time>2024-12-11T13:28:21Z</time>
   </trkpt>
   <trkpt lat="-12.0066580" lon="-71.2391820">
    <ele>335.0</ele>
    <time>2024-12-11T13:28:22Z</time>
   </trkpt>
   <trkpt lat="-12.0066580" lon="-71.2391820">
    <ele>335.0</ele>
    <time>2024-12-11T13:28:23Z</time>
   </trkpt>
   <trkpt lat="-12.0066580" lon="-71.2391820">
    <ele>335.0</ele>
    <time>2024-12-11T13:28:24Z</time>
   </trkpt>
   <trkpt lat="-12.0066580" lon="-71.2391820">
    <ele>335.0</ele>
    <time>2024-12-11T13:28:25Z</time>
   </trkpt>
   <trkpt lat="-12.0066580" lon="-71.2391820">
    <ele>335.0</ele>
    <time>2024-12-11T13:28:26Z</time>
   </trkpt>
   <trkpt lat="-12.0066580" lon="-71.2391820">
    <ele>335.0</ele>
    <time>2024-12-11T13:28:27Z</time>
   </trkpt>
   <trkpt lat="-12.0066580" lon="-71.2391820">
    <ele>335.0</ele>
    <time>2024-12-11T13:28:28Z</time>
   </trkpt>
   <trkpt lat="-12.0066580" lon="-71.2391820">
    <ele>335.0</ele>
    <time>2024-12-11T13:28:29Z</time>
   </trkpt>
   <trkpt lat="-12.0066720" lon="-71.2391860">
    <ele>335.0</ele>
    <time>2024-12-11T13:28:30Z</time>
   </trkpt>
   <trkpt lat="-12.0066730" lon="-71.2391840">
    <ele>335.0</ele>
    <time>2024-12-11T13:28:31Z</time>
   </trkpt>
   <trkpt lat="-12.0066760" lon="-71.2391840">
    <ele>335.0</ele>
    <time>2024-12-11T13:28:32Z</time>
   </trkpt>
   <trkpt lat="-12.0066760" lon="-71.2391850">
    <ele>335.0</ele>
    <time>2024-12-11T13:28:33Z</time>
   </trkpt>
   <trkpt lat="-12.0066740" lon="-71.2391830">
    <ele>335.0</ele>
    <time>2024-12-11T13:28:34Z</time>
   </trkpt>
   <trkpt lat="-12.0066740" lon="-71.2391830">
    <ele>335.0</ele>
    <time>2024-12-11T13:28:35Z</time>
   </trkpt>
   <trkpt lat="-12.0066740" lon="-71.2391830">
    <ele>335.0</ele>
    <time>2024-12-11T13:28:36Z</time>
   </trkpt>
   <trkpt lat="-12.0066740" lon="-71.2391830">
    <ele>335.0</ele>
    <time>2024-12-11T13:28:37Z</time>
   </trkpt>
   <trkpt lat="-12.0066740" lon="-71.2391830">
    <ele>335.0</ele>
    <time>2024-12-11T13:28:38Z</time>
   </trkpt>
   <trkpt lat="-12.0066730" lon="-71.2391830">
    <ele>335.0</ele>
    <time>2024-12-11T13:28:39Z</time>
   </trkpt>
   <trkpt lat="-12.0066640" lon="-71.2391740">
    <ele>335.0</ele>
    <time>2024-12-11T13:28:40Z</time>
   </trkpt>
   <trkpt lat="-12.0066650" lon="-71.2391740">
    <ele>335.0</ele>
    <time>2024-12-11T13:28:41Z</time>
   </trkpt>
   <trkpt lat="-12.0066650" lon="-71.2391740">
    <ele>335.0</ele>
    <time>2024-12-11T13:28:42Z</time>
   </trkpt>
   <trkpt lat="-12.0066650" lon="-71.2391660">
    <ele>335.0</ele>
    <time>2024-12-11T13:28:43Z</time>
   </trkpt>
   <trkpt lat="-12.0066690" lon="-71.2391640">
    <ele>335.0</ele>
    <time>2024-12-11T13:28:44Z</time>
   </trkpt>
   <trkpt lat="-12.0066650" lon="-71.2391640">
    <ele>335.0</ele>
    <time>2024-12-11T13:28:45Z</time>
   </trkpt>
   <trkpt lat="-12.0066660" lon="-71.2391650">
    <ele>335.0</ele>
    <time>2024-12-11T13:28:46Z</time>
   </trkpt>
   <trkpt lat="-12.0066710" lon="-71.2391640">
    <ele>335.0</ele>
    <time>2024-12-11T13:28:48Z</time>
   </trkpt>
   <trkpt lat="-12.0066690" lon="-71.2391620">
    <ele>335.0</ele>
    <time>2024-12-11T13:28:49Z</time>
   </trkpt>
   <trkpt lat="-12.0066670" lon="-71.2391620">
    <ele>335.0</ele>
    <time>2024-12-11T13:28:50Z</time>
   </trkpt>
   <trkpt lat="-12.0066670" lon="-71.2391620">
    <ele>335.0</ele>
    <time>2024-12-11T13:28:51Z</time>
   </trkpt>
   <trkpt lat="-12.0066670" lon="-71.2391620">
    <ele>335.0</ele>
    <time>2024-12-11T13:28:52Z</time>
   </trkpt>
   <trkpt lat="-12.0066670" lon="-71.2391620">
    <ele>335.0</ele>
    <time>2024-12-11T13:28:53Z</time>
   </trkpt>
   <trkpt lat="-12.0066670" lon="-71.2391620">
    <ele>335.0</ele>
    <time>2024-12-11T13:28:54Z</time>
   </trkpt>
   <trkpt lat="-12.0066670" lon="-71.2391620">
    <ele>335.0</ele>
    <time>2024-12-11T13:28:55Z</time>
   </trkpt>
   <trkpt lat="-12.0066670" lon="-71.2391630">
    <ele>335.0</ele>
    <time>2024-12-11T13:28:56Z</time>
   </trkpt>
   <trkpt lat="-12.0066670" lon="-71.2391630">
    <ele>335.0</ele>
    <time>2024-12-11T13:28:57Z</time>
   </trkpt>
   <trkpt lat="-12.0066670" lon="-71.2391620">
    <ele>335.0</ele>
    <time>2024-12-11T13:28:58Z</time>
   </trkpt>
   <trkpt lat="-12.0066670" lon="-71.2391620">
    <ele>335.0</ele>
    <time>2024-12-11T13:28:59Z</time>
   </trkpt>
   <trkpt lat="-12.0066670" lon="-71.2391620">
    <ele>335.0</ele>
    <time>2024-12-11T13:29:00Z</time>
   </trkpt>
   <trkpt lat="-12.0066750" lon="-71.2391700">
    <ele>335.1</ele>
    <time>2024-12-11T13:29:01Z</time>
   </trkpt>
   <trkpt lat="-12.0066750" lon="-71.2391690">
    <ele>335.1</ele>
    <time>2024-12-11T13:29:02Z</time>
   </trkpt>
   <trkpt lat="-12.0066750" lon="-71.2391690">
    <ele>335.1</ele>
    <time>2024-12-11T13:29:03Z</time>
   </trkpt>
   <trkpt lat="-12.0066750" lon="-71.2391690">
    <ele>335.1</ele>
    <time>2024-12-11T13:29:04Z</time>
   </trkpt>
   <trkpt lat="-12.0066780" lon="-71.2391690">
    <ele>335.1</ele>
    <time>2024-12-11T13:29:05Z</time>
   </trkpt>
   <trkpt lat="-12.0066780" lon="-71.2391700">
    <ele>335.1</ele>
    <time>2024-12-11T13:29:06Z</time>
   </trkpt>
   <trkpt lat="-12.0066780" lon="-71.2391700">
    <ele>335.1</ele>
    <time>2024-12-11T13:29:07Z</time>
   </trkpt>
   <trkpt lat="-12.0066780" lon="-71.2391700">
    <ele>335.1</ele>
    <time>2024-12-11T13:29:08Z</time>
   </trkpt>
   <trkpt lat="-12.0066780" lon="-71.2391700">
    <ele>335.1</ele>
    <time>2024-12-11T13:29:09Z</time>
   </trkpt>
   <trkpt lat="-12.0066780" lon="-71.2391700">
    <ele>335.1</ele>
    <time>2024-12-11T13:29:10Z</time>
   </trkpt>
   <trkpt lat="-12.0066780" lon="-71.2391700">
    <ele>335.1</ele>
    <time>2024-12-11T13:29:11Z</time>
   </trkpt>
   <trkpt lat="-12.0066780" lon="-71.2391700">
    <ele>335.1</ele>
    <time>2024-12-11T13:29:12Z</time>
   </trkpt>
   <trkpt lat="-12.0066780" lon="-71.2391700">
    <ele>335.1</ele>
    <time>2024-12-11T13:29:13Z</time>
   </trkpt>
   <trkpt lat="-12.0066780" lon="-71.2391700">
    <ele>335.1</ele>
    <time>2024-12-11T13:29:14Z</time>
   </trkpt>
   <trkpt lat="-12.0066780" lon="-71.2391700">
    <ele>335.1</ele>
    <time>2024-12-11T13:29:15Z</time>
   </trkpt>
   <trkpt lat="-12.0066780" lon="-71.2391700">
    <ele>335.1</ele>
    <time>2024-12-11T13:29:16Z</time>
   </trkpt>
   <trkpt lat="-12.0066780" lon="-71.2391700">
    <ele>335.1</ele>
    <time>2024-12-11T13:29:17Z</time>
   </trkpt>
   <trkpt lat="-12.0066780" lon="-71.2391700">
    <ele>335.1</ele>
    <time>2024-12-11T13:29:18Z</time>
   </trkpt>
   <trkpt lat="-12.0066780" lon="-71.2391700">
    <ele>335.1</ele>
    <time>2024-12-11T13:29:19Z</time>
   </trkpt>
   <trkpt lat="-12.0066780" lon="-71.2391700">
    <ele>335.1</ele>
    <time>2024-12-11T13:29:20Z</time>
   </trkpt>
   <trkpt lat="-12.0066780" lon="-71.2391700">
    <ele>335.1</ele>
    <time>2024-12-11T13:29:21Z</time>
   </trkpt>
   <trkpt lat="-12.0066780" lon="-71.2391700">
    <ele>335.1</ele>
    <time>2024-12-11T13:29:22Z</time>
   </trkpt>
   <trkpt lat="-12.0066780" lon="-71.2391700">
    <ele>335.1</ele>
    <time>2024-12-11T13:29:23Z</time>
   </trkpt>
   <trkpt lat="-12.0066780" lon="-71.2391700">
    <ele>335.1</ele>
    <time>2024-12-11T13:29:24Z</time>
   </trkpt>
   <trkpt lat="-12.0066780" lon="-71.2391700">
    <ele>335.1</ele>
    <time>2024-12-11T13:29:25Z</time>
   </trkpt>
   <trkpt lat="-12.0066780" lon="-71.2391700">
    <ele>335.1</ele>
    <time>2024-12-11T13:29:26Z</time>
   </trkpt>
   <trkpt lat="-12.0066780" lon="-71.2391700">
    <ele>335.1</ele>
    <time>2024-12-11T13:29:27Z</time>
   </trkpt>
   <trkpt lat="-12.0066780" lon="-71.2391700">
    <ele>335.1</ele>
    <time>2024-12-11T13:29:28Z</time>
   </trkpt>
   <trkpt lat="-12.0066780" lon="-71.2391700">
    <ele>335.1</ele>
    <time>2024-12-11T13:29:29Z</time>
   </trkpt>
   <trkpt lat="-12.0066850" lon="-71.2391710">
    <ele>335.1</ele>
    <time>2024-12-11T13:29:30Z</time>
   </trkpt>
   <trkpt lat="-12.0066900" lon="-71.2391700">
    <ele>335.1</ele>
    <time>2024-12-11T13:29:31Z</time>
   </trkpt>
   <trkpt lat="-12.0066890" lon="-71.2391690">
    <ele>335.1</ele>
    <time>2024-12-11T13:29:32Z</time>
   </trkpt>
   <trkpt lat="-12.0066890" lon="-71.2391680">
    <ele>335.1</ele>
    <time>2024-12-11T13:29:33Z</time>
   </trkpt>
   <trkpt lat="-12.0066880" lon="-71.2391660">
    <ele>335.1</ele>
    <time>2024-12-11T13:29:34Z</time>
   </trkpt>
   <trkpt lat="-12.0066870" lon="-71.2391650">
    <ele>335.1</ele>
    <time>2024-12-11T13:29:35Z</time>
   </trkpt>
   <trkpt lat="-12.0066860" lon="-71.2391640">
    <ele>335.1</ele>
    <time>2024-12-11T13:29:36Z</time>
   </trkpt>
   <trkpt lat="-12.0066850" lon="-71.2391630">
    <ele>335.1</ele>
    <time>2024-12-11T13:29:37Z</time>
   </trkpt>
   <trkpt lat="-12.0066840" lon="-71.2391620">
    <ele>335.1</ele>
    <time>2024-12-11T13:29:38Z</time>
   </trkpt>
   <trkpt lat="-12.0066840" lon="-71.2391610">
    <ele>335.1</ele>
    <time>2024-12-11T13:29:39Z</time>
   </trkpt>
   <trkpt lat="-12.0066830" lon="-71.2391600">
    <ele>335.1</ele>
    <time>2024-12-11T13:29:40Z</time>
   </trkpt>
   <trkpt lat="-12.0066820" lon="-71.2391580">
    <ele>335.1</ele>
    <time>2024-12-11T13:29:41Z</time>
   </trkpt>
   <trkpt lat="-12.0066810" lon="-71.2391570">
    <ele>335.1</ele>
    <time>2024-12-11T13:29:42Z</time>
   </trkpt>
   <trkpt lat="-12.0066800" lon="-71.2391560">
    <ele>335.1</ele>
    <time>2024-12-11T13:29:43Z</time>
   </trkpt>
   <trkpt lat="-12.0066790" lon="-71.2391550">
    <ele>335.1</ele>
    <time>2024-12-11T13:29:44Z</time>
   </trkpt>
   <trkpt lat="-12.0066790" lon="-71.2391540">
    <ele>335.1</ele>
    <time>2024-12-11T13:29:45Z</time>
   </trkpt>
   <trkpt lat="-12.0066780" lon="-71.2391530">
    <ele>335.1</ele>
    <time>2024-12-11T13:29:46Z</time>
   </trkpt>
   <trkpt lat="-12.0066770" lon="-71.2391520">
    <ele>335.1</ele>
    <time>2024-12-11T13:29:47Z</time>
   </trkpt>
   <trkpt lat="-12.0066760" lon="-71.2391500">
    <ele>335.1</ele>
    <time>2024-12-11T13:29:48Z</time>
   </trkpt>
   <trkpt lat="-12.0066750" lon="-71.2391490">
    <ele>335.1</ele>
    <time>2024-12-11T13:29:49Z</time>
   </trkpt>
   <trkpt lat="-12.0066740" lon="-71.2391480">
    <ele>335.1</ele>
    <time>2024-12-11T13:29:50Z</time>
   </trkpt>
   <trkpt lat="-12.0066740" lon="-71.2391470">
    <ele>335.1</ele>
    <time>2024-12-11T13:29:51Z</time>
   </trkpt>
   <trkpt lat="-12.0066730" lon="-71.2391460">
    <ele>335.1</ele>
    <time>2024-12-11T13:29:52Z</time>
   </trkpt>
   <trkpt lat="-12.0066720" lon="-71.2391450">
    <ele>335.1</ele>
    <time>2024-12-11T13:29:53Z</time>
   </trkpt>
   <trkpt lat="-12.0066710" lon="-71.2391440">
    <ele>335.1</ele>
    <time>2024-12-11T13:29:54Z</time>
   </trkpt>
   <trkpt lat="-12.0066700" lon="-71.2391430">
    <ele>335.1</ele>
    <time>2024-12-11T13:29:55Z</time>
   </trkpt>
   <trkpt lat="-12.0066690" lon="-71.2391410">
    <ele>335.1</ele>
    <time>2024-12-11T13:29:56Z</time>
   </trkpt>
   <trkpt lat="-12.0066690" lon="-71.2391400">
    <ele>335.1</ele>
    <time>2024-12-11T13:29:57Z</time>
   </trkpt>
   <trkpt lat="-12.0066680" lon="-71.2391390">
    <ele>335.1</ele>
    <time>2024-12-11T13:29:58Z</time>
   </trkpt>
   <trkpt lat="-12.0066670" lon="-71.2391380">
    <ele>335.1</ele>
    <time>2024-12-11T13:29:59Z</time>
   </trkpt>
   <trkpt lat="-12.0066660" lon="-71.2391370">
    <ele>335.1</ele>
    <time>2024-12-11T13:30:00Z</time>
   </trkpt>
   <trkpt lat="-12.0066650" lon="-71.2391360">
    <ele>335.1</ele>
    <time>2024-12-11T13:30:01Z</time>
   </trkpt>
   <trkpt lat="-12.0066640" lon="-71.2391350">
    <ele>335.1</ele>
    <time>2024-12-11T13:30:02Z</time>
   </trkpt>
   <trkpt lat="-12.0066640" lon="-71.2391330">
    <ele>335.1</ele>
    <time>2024-12-11T13:30:03Z</time>
   </trkpt>
   <trkpt lat="-12.0066630" lon="-71.2391320">
    <ele>335.1</ele>
    <time>2024-12-11T13:30:04Z</time>
   </trkpt>
   <trkpt lat="-12.0066620" lon="-71.2391310">
    <ele>335.1</ele>
    <time>2024-12-11T13:30:05Z</time>
   </trkpt>
   <trkpt lat="-12.0066610" lon="-71.2391300">
    <ele>335.1</ele>
    <time>2024-12-11T13:30:06Z</time>
   </trkpt>
   <trkpt lat="-12.0066590" lon="-71.2391280">
    <ele>335.1</ele>
    <time>2024-12-11T13:30:07Z</time>
   </trkpt>
   <trkpt lat="-12.0066570" lon="-71.2391280">
    <ele>335.1</ele>
    <time>2024-12-11T13:30:08Z</time>
   </trkpt>
   <trkpt lat="-12.0066560" lon="-71.2391290">
    <ele>335.1</ele>
    <time>2024-12-11T13:30:09Z</time>
   </trkpt>
   <trkpt lat="-12.0066540" lon="-71.2391290">
    <ele>335.1</ele>
    <time>2024-12-11T13:30:10Z</time>
   </trkpt>
   <trkpt lat="-12.0066530" lon="-71.2391300">
    <ele>335.1</ele>
    <time>2024-12-11T13:30:11Z</time>
   </trkpt>
   <trkpt lat="-12.0066520" lon="-71.2391310">
    <ele>335.1</ele>
    <time>2024-12-11T13:30:12Z</time>
   </trkpt>
   <trkpt lat="-12.0066500" lon="-71.2391310">
    <ele>335.1</ele>
    <time>2024-12-11T13:30:13Z</time>
   </trkpt>
   <trkpt lat="-12.0066490" lon="-71.2391320">
    <ele>335.1</ele>
    <time>2024-12-11T13:30:14Z</time>
   </trkpt>
   <trkpt lat="-12.0066470" lon="-71.2391320">
    <ele>335.1</ele>
    <time>2024-12-11T13:30:15Z</time>
   </trkpt>
   <trkpt lat="-12.0066460" lon="-71.2391330">
    <ele>335.1</ele>
    <time>2024-12-11T13:30:16Z</time>
   </trkpt>
   <trkpt lat="-12.0066440" lon="-71.2391330">
    <ele>335.1</ele>
    <time>2024-12-11T13:30:17Z</time>
   </trkpt>
   <trkpt lat="-12.0066430" lon="-71.2391340">
    <ele>335.1</ele>
    <time>2024-12-11T13:30:18Z</time>
   </trkpt>
   <trkpt lat="-12.0066420" lon="-71.2391350">
    <ele>335.1</ele>
    <time>2024-12-11T13:30:19Z</time>
   </trkpt>
   <trkpt lat="-12.0066400" lon="-71.2391350">
    <ele>335.1</ele>
    <time>2024-12-11T13:30:20Z</time>
   </trkpt>
   <trkpt lat="-12.0066390" lon="-71.2391360">
    <ele>335.1</ele>
    <time>2024-12-11T13:30:21Z</time>
   </trkpt>
   <trkpt lat="-12.0066370" lon="-71.2391360">
    <ele>335.1</ele>
    <time>2024-12-11T13:30:22Z</time>
   </trkpt>
   <trkpt lat="-12.0066360" lon="-71.2391370">
    <ele>335.1</ele>
    <time>2024-12-11T13:30:23Z</time>
   </trkpt>
   <trkpt lat="-12.0066350" lon="-71.2391380">
    <ele>335.1</ele>
    <time>2024-12-11T13:30:24Z</time>
   </trkpt>
   <trkpt lat="-12.0066330" lon="-71.2391380">
    <ele>335.1</ele>
    <time>2024-12-11T13:30:25Z</time>
   </trkpt>
   <trkpt lat="-12.0066320" lon="-71.2391390">
    <ele>335.1</ele>
    <time>2024-12-11T13:30:26Z</time>
   </trkpt>
   <trkpt lat="-12.0066300" lon="-71.2391390">
    <ele>335.1</ele>
    <time>2024-12-11T13:30:27Z</time>
   </trkpt>
   <trkpt lat="-12.0066290" lon="-71.2391400">
    <ele>335.1</ele>
    <time>2024-12-11T13:30:28Z</time>
   </trkpt>
   <trkpt lat="-12.0066270" lon="-71.2391400">
    <ele>335.1</ele>
    <time>2024-12-11T13:30:29Z</time>
   </trkpt>
   <trkpt lat="-12.0066260" lon="-71.2391410">
    <ele>335.1</ele>
    <time>2024-12-11T13:30:30Z</time>
   </trkpt>
   <trkpt lat="-12.0066250" lon="-71.2391420">
    <ele>335.1</ele>
    <time>2024-12-11T13:30:31Z</time>
   </trkpt>
   <trkpt lat="-12.0066230" lon="-71.2391420">
    <ele>335.1</ele>
    <time>2024-12-11T13:30:32Z</time>
   </trkpt>
   <trkpt lat="-12.0066220" lon="-71.2391430">
    <ele>335.1</ele>
    <time>2024-12-11T13:30:33Z</time>
   </trkpt>
   <trkpt lat="-12.0066200" lon="-71.2391430">
    <ele>335.1</ele>
    <time>2024-12-11T13:30:34Z</time>
   </trkpt>
   <trkpt lat="-12.0066190" lon="-71.2391440">
    <ele>335.1</ele>
    <time>2024-12-11T13:30:35Z</time>
   </trkpt>
   <trkpt lat="-12.0066180" lon="-71.2391450">
    <ele>335.1</ele>
    <time>2024-12-11T13:30:36Z</time>
   </trkpt>
   <trkpt lat="-12.0066160" lon="-71.2391450">
    <ele>335.1</ele>
    <time>2024-12-11T13:30:37Z</time>
   </trkpt>
   <trkpt lat="-12.0066150" lon="-71.2391460">
    <ele>335.1</ele>
    <time>2024-12-11T13:30:38Z</time>
   </trkpt>
   <trkpt lat="-12.0066130" lon="-71.2391460">
    <ele>335.1</ele>
    <time>2024-12-11T13:30:39Z</time>
   </trkpt>
   <trkpt lat="-12.0066120" lon="-71.2391470">
    <ele>335.1</ele>
    <time>2024-12-11T13:30:40Z</time>
   </trkpt>
   <trkpt lat="-12.0066100" lon="-71.2391470">
    <ele>335.1</ele>
    <time>2024-12-11T13:30:41Z</time>
   </trkpt>
   <trkpt lat="-12.0066090" lon="-71.2391480">
    <ele>335.1</ele>
    <time>2024-12-11T13:30:42Z</time>
   </trkpt>
   <trkpt lat="-12.0066080" lon="-71.2391430">
    <ele>335.2</ele>
    <time>2024-12-11T13:30:43Z</time>
   </trkpt>
   <trkpt lat="-12.0066090" lon="-71.2391420">
    <ele>335.2</ele>
    <time>2024-12-11T13:30:44Z</time>
   </trkpt>
   <trkpt lat="-12.0066090" lon="-71.2391410">
    <ele>335.2</ele>
    <time>2024-12-11T13:30:45Z</time>
   </trkpt>
   <trkpt lat="-12.0066090" lon="-71.2391400">
    <ele>335.2</ele>
    <time>2024-12-11T13:30:46Z</time>
   </trkpt>
   <trkpt lat="-12.0066100" lon="-71.2391390">
    <ele>335.2</ele>
    <time>2024-12-11T13:30:47Z</time>
   </trkpt>
   <trkpt lat="-12.0066100" lon="-71.2391380">
    <ele>335.2</ele>
    <time>2024-12-11T13:30:48Z</time>
   </trkpt>
   <trkpt lat="-12.0066100" lon="-71.2391370">
    <ele>335.2</ele>
    <time>2024-12-11T13:30:49Z</time>
   </trkpt>
   <trkpt lat="-12.0066100" lon="-71.2391360">
    <ele>335.2</ele>
    <time>2024-12-11T13:30:50Z</time>
   </trkpt>
   <trkpt lat="-12.0066110" lon="-71.2391350">
    <ele>335.2</ele>
    <time>2024-12-11T13:30:51Z</time>
   </trkpt>
   <trkpt lat="-12.0066110" lon="-71.2391340">
    <ele>335.2</ele>
    <time>2024-12-11T13:30:52Z</time>
   </trkpt>
   <trkpt lat="-12.0066110" lon="-71.2391330">
    <ele>335.2</ele>
    <time>2024-12-11T13:30:54Z</time>
   </trkpt>
   <trkpt lat="-12.0066120" lon="-71.2391320">
    <ele>335.2</ele>
    <time>2024-12-11T13:30:55Z</time>
   </trkpt>
   <trkpt lat="-12.0066120" lon="-71.2391310">
    <ele>335.2</ele>
    <time>2024-12-11T13:30:56Z</time>
   </trkpt>
   <trkpt lat="-12.0066120" lon="-71.2391300">
    <ele>335.2</ele>
    <time>2024-12-11T13:30:57Z</time>
   </trkpt>
   <trkpt lat="-12.0066130" lon="-71.2391290">
    <ele>335.2</ele>
    <time>2024-12-11T13:30:58Z</time>
   </trkpt>
   <trkpt lat="-12.0066130" lon="-71.2391280">
    <ele>335.2</ele>
    <time>2024-12-11T13:30:59Z</time>
   </trkpt>
   <trkpt lat="-12.0066130" lon="-71.2391270">
    <ele>335.2</ele>
    <time>2024-12-11T13:31:00Z</time>
   </trkpt>
   <trkpt lat="-12.0066140" lon="-71.2391270">
    <ele>335.2</ele>
    <time>2024-12-11T13:31:01Z</time>
   </trkpt>
   <trkpt lat="-12.0066140" lon="-71.2391260">
    <ele>335.2</ele>
    <time>2024-12-11T13:31:02Z</time>
   </trkpt>
   <trkpt lat="-12.0066140" lon="-71.2391250">
    <ele>335.2</ele>
    <time>2024-12-11T13:31:03Z</time>
   </trkpt>
   <trkpt lat="-12.0066140" lon="-71.2391240">
    <ele>335.2</ele>
    <time>2024-12-11T13:31:04Z</time>
   </trkpt>
   <trkpt lat="-12.0066150" lon="-71.2391230">
    <ele>335.2</ele>
    <time>2024-12-11T13:31:05Z</time>
   </trkpt>
   <trkpt lat="-12.0066150" lon="-71.2391220">
    <ele>335.2</ele>
    <time>2024-12-11T13:31:06Z</time>
   </trkpt>
   <trkpt lat="-12.0066150" lon="-71.2391210">
    <ele>335.2</ele>
    <time>2024-12-11T13:31:07Z</time>
   </trkpt>
   <trkpt lat="-12.0066160" lon="-71.2391200">
    <ele>335.2</ele>
    <time>2024-12-11T13:31:08Z</time>
   </trkpt>
   <trkpt lat="-12.0066160" lon="-71.2391190">
    <ele>335.2</ele>
    <time>2024-12-11T13:31:09Z</time>
   </trkpt>
   <trkpt lat="-12.0066160" lon="-71.2391180">
    <ele>335.2</ele>
    <time>2024-12-11T13:31:10Z</time>
   </trkpt>
   <trkpt lat="-12.0066170" lon="-71.2391170">
    <ele>335.2</ele>
    <time>2024-12-11T13:31:11Z</time>
   </trkpt>
   <trkpt lat="-12.0066170" lon="-71.2391160">
    <ele>335.2</ele>
    <time>2024-12-11T13:31:12Z</time>
   </trkpt>
   <trkpt lat="-12.0066170" lon="-71.2391150">
    <ele>335.2</ele>
    <time>2024-12-11T13:31:13Z</time>
   </trkpt>
   <trkpt lat="-12.0066170" lon="-71.2391140">
    <ele>335.2</ele>
    <time>2024-12-11T13:31:14Z</time>
   </trkpt>
   <trkpt lat="-12.0066180" lon="-71.2391130">
    <ele>335.2</ele>
    <time>2024-12-11T13:31:15Z</time>
   </trkpt>
   <trkpt lat="-12.0066180" lon="-71.2391120">
    <ele>335.2</ele>
    <time>2024-12-11T13:31:16Z</time>
   </trkpt>
   <trkpt lat="-12.0066180" lon="-71.2391110">
    <ele>335.2</ele>
    <time>2024-12-11T13:31:17Z</time>
   </trkpt>
   <trkpt lat="-12.0066190" lon="-71.2391100">
    <ele>335.2</ele>
    <time>2024-12-11T13:31:18Z</time>
   </trkpt>
   <trkpt lat="-12.0066190" lon="-71.2391090">
    <ele>335.2</ele>
    <time>2024-12-11T13:31:19Z</time>
   </trkpt>
   <trkpt lat="-12.0066200" lon="-71.2391090">
    <ele>335.2</ele>
    <time>2024-12-11T13:31:20Z</time>
   </trkpt>
   <trkpt lat="-12.0066200" lon="-71.2391080">
    <ele>335.2</ele>
    <time>2024-12-11T13:31:21Z</time>
   </trkpt>
   <trkpt lat="-12.0066200" lon="-71.2391080">
    <ele>335.2</ele>
    <time>2024-12-11T13:31:22Z</time>
   </trkpt>
   <trkpt lat="-12.0066250" lon="-71.2391080">
    <ele>335.2</ele>
    <time>2024-12-11T13:31:23Z</time>
   </trkpt>
   <trkpt lat="-12.0066230" lon="-71.2391050">
    <ele>335.2</ele>
    <time>2024-12-11T13:31:24Z</time>
   </trkpt>
   <trkpt lat="-12.0066220" lon="-71.2391060">
    <ele>335.2</ele>
    <time>2024-12-11T13:31:25Z</time>
   </trkpt>
   <trkpt lat="-12.0066230" lon="-71.2391040">
    <ele>335.2</ele>
    <time>2024-12-11T13:31:26Z</time>
   </trkpt>
   <trkpt lat="-12.0066230" lon="-71.2391080">
    <ele>335.2</ele>
    <time>2024-12-11T13:31:27Z</time>
   </trkpt>
   <trkpt lat="-12.0066230" lon="-71.2391080">
    <ele>335.2</ele>
    <time>2024-12-11T13:31:28Z</time>
   </trkpt>
   <trkpt lat="-12.0066230" lon="-71.2391080">
    <ele>335.2</ele>
    <time>2024-12-11T13:31:29Z</time>
   </trkpt>
   <trkpt lat="-12.0066190" lon="-71.2391130">
    <ele>335.2</ele>
    <time>2024-12-11T13:31:30Z</time>
   </trkpt>
   <trkpt lat="-12.0066260" lon="-71.2391150">
    <ele>335.2</ele>
    <time>2024-12-11T13:31:31Z</time>
   </trkpt>
   <trkpt lat="-12.0066200" lon="-71.2391170">
    <ele>335.2</ele>
    <time>2024-12-11T13:31:32Z</time>
   </trkpt>
   <trkpt lat="-12.0066160" lon="-71.2391080">
    <ele>335.2</ele>
    <time>2024-12-11T13:31:33Z</time>
   </trkpt>
   <trkpt lat="-12.0066190" lon="-71.2391090">
    <ele>335.2</ele>
    <time>2024-12-11T13:31:34Z</time>
   </trkpt>
   <trkpt lat="-12.0066170" lon="-71.2391180">
    <ele>335.2</ele>
    <time>2024-12-11T13:31:35Z</time>
   </trkpt>
   <trkpt lat="-12.0066150" lon="-71.2391240">
    <ele>335.2</ele>
    <time>2024-12-11T13:31:36Z</time>
   </trkpt>
   <trkpt lat="-12.0066170" lon="-71.2391160">
    <ele>335.2</ele>
    <time>2024-12-11T13:31:37Z</time>
   </trkpt>
   <trkpt lat="-12.0066170" lon="-71.2391100">
    <ele>335.2</ele>
    <time>2024-12-11T13:31:38Z</time>
   </trkpt>
   <trkpt lat="-12.0065970" lon="-71.2391210">
    <ele>335.3</ele>
    <time>2024-12-11T13:31:39Z</time>
   </trkpt>
   <trkpt lat="-12.0065890" lon="-71.2391270">
    <ele>335.3</ele>
    <time>2024-12-11T13:31:40Z</time>
   </trkpt>
   <trkpt lat="-12.0065780" lon="-71.2391350">
    <ele>335.3</ele>
    <time>2024-12-11T13:31:41Z</time>
   </trkpt>
   <trkpt lat="-12.0065750" lon="-71.2391390">
    <ele>335.3</ele>
    <time>2024-12-11T13:31:42Z</time>
   </trkpt>
   <trkpt lat="-12.0065980" lon="-71.2391240">
    <ele>335.3</ele>
    <time>2024-12-11T13:31:43Z</time>
   </trkpt>
   <trkpt lat="-12.0065980" lon="-71.2391240">
    <ele>335.3</ele>
    <time>2024-12-11T13:31:44Z</time>
   </trkpt>
   <trkpt lat="-12.0065980" lon="-71.2391240">
    <ele>335.3</ele>
    <time>2024-12-11T13:31:45Z</time>
   </trkpt>
   <trkpt lat="-12.0065990" lon="-71.2391210">
    <ele>335.3</ele>
    <time>2024-12-11T13:31:46Z</time>
   </trkpt>
   <trkpt lat="-12.0066000" lon="-71.2391170">
    <ele>335.3</ele>
    <time>2024-12-11T13:31:47Z</time>
   </trkpt>
   <trkpt lat="-12.0065980" lon="-71.2391040">
    <ele>335.3</ele>
    <time>2024-12-11T13:31:48Z</time>
   </trkpt>
   <trkpt lat="-12.0065990" lon="-71.2391040">
    <ele>335.3</ele>
    <time>2024-12-11T13:31:49Z</time>
   </trkpt>
   <trkpt lat="-12.0065990" lon="-71.2391040">
    <ele>335.3</ele>
    <time>2024-12-11T13:31:50Z</time>
   </trkpt>
   <trkpt lat="-12.0065990" lon="-71.2391040">
    <ele>335.3</ele>
    <time>2024-12-11T13:31:51Z</time>
   </trkpt>
   <trkpt lat="-12.0065990" lon="-71.2391040">
    <ele>335.3</ele>
    <time>2024-12-11T13:31:52Z</time>
   </trkpt>
   <trkpt lat="-12.0065990" lon="-71.2391040">
    <ele>335.3</ele>
    <time>2024-12-11T13:31:53Z</time>
   </trkpt>
   <trkpt lat="-12.0065990" lon="-71.2391040">
    <ele>335.3</ele>
    <time>2024-12-11T13:31:54Z</time>
   </trkpt>
   <trkpt lat="-12.0065990" lon="-71.2391040">
    <ele>335.3</ele>
    <time>2024-12-11T13:31:55Z</time>
   </trkpt>
   <trkpt lat="-12.0065990" lon="-71.2391040">
    <ele>335.3</ele>
    <time>2024-12-11T13:31:56Z</time>
   </trkpt>
   <trkpt lat="-12.0065990" lon="-71.2391040">
    <ele>335.3</ele>
    <time>2024-12-11T13:31:57Z</time>
   </trkpt>
   <trkpt lat="-12.0065990" lon="-71.2391040">
    <ele>335.3</ele>
    <time>2024-12-11T13:31:58Z</time>
   </trkpt>
   <trkpt lat="-12.0065990" lon="-71.2391040">
    <ele>335.3</ele>
    <time>2024-12-11T13:31:59Z</time>
   </trkpt>
   <trkpt lat="-12.0065990" lon="-71.2391040">
    <ele>335.3</ele>
    <time>2024-12-11T13:32:00Z</time>
   </trkpt>
   <trkpt lat="-12.0065990" lon="-71.2391040">
    <ele>335.3</ele>
    <time>2024-12-11T13:32:01Z</time>
   </trkpt>
   <trkpt lat="-12.0065990" lon="-71.2391040">
    <ele>335.3</ele>
    <time>2024-12-11T13:32:02Z</time>
   </trkpt>
   <trkpt lat="-12.0065990" lon="-71.2391040">
    <ele>335.3</ele>
    <time>2024-12-11T13:32:03Z</time>
   </trkpt>
   <trkpt lat="-12.0065990" lon="-71.2391040">
    <ele>335.3</ele>
    <time>2024-12-11T13:32:04Z</time>
   </trkpt>
   <trkpt lat="-12.0065990" lon="-71.2391040">
    <ele>335.3</ele>
    <time>2024-12-11T13:32:05Z</time>
   </trkpt>
   <trkpt lat="-12.0065990" lon="-71.2391040">
    <ele>335.3</ele>
    <time>2024-12-11T13:32:06Z</time>
   </trkpt>
   <trkpt lat="-12.0065990" lon="-71.2391040">
    <ele>335.3</ele>
    <time>2024-12-11T13:32:07Z</time>
   </trkpt>
   <trkpt lat="-12.0065990" lon="-71.2391040">
    <ele>335.3</ele>
    <time>2024-12-11T13:32:08Z</time>
   </trkpt>
   <trkpt lat="-12.0065990" lon="-71.2391040">
    <ele>335.3</ele>
    <time>2024-12-11T13:32:09Z</time>
   </trkpt>
   <trkpt lat="-12.0065990" lon="-71.2391040">
    <ele>335.3</ele>
    <time>2024-12-11T13:32:10Z</time>
   </trkpt>
   <trkpt lat="-12.0065990" lon="-71.2391040">
    <ele>335.3</ele>
    <time>2024-12-11T13:32:11Z</time>
   </trkpt>
   <trkpt lat="-12.0065990" lon="-71.2391040">
    <ele>335.3</ele>
    <time>2024-12-11T13:32:12Z</time>
   </trkpt>
   <trkpt lat="-12.0065990" lon="-71.2391040">
    <ele>335.3</ele>
    <time>2024-12-11T13:32:13Z</time>
   </trkpt>
   <trkpt lat="-12.0065990" lon="-71.2391040">
    <ele>335.3</ele>
    <time>2024-12-11T13:32:14Z</time>
   </trkpt>
   <trkpt lat="-12.0065990" lon="-71.2391040">
    <ele>335.3</ele>
    <time>2024-12-11T13:32:15Z</time>
   </trkpt>
   <trkpt lat="-12.0065990" lon="-71.2391040">
    <ele>335.3</ele>
    <time>2024-12-11T13:32:16Z</time>
   </trkpt>
   <trkpt lat="-12.0065990" lon="-71.2391040">
    <ele>335.3</ele>
    <time>2024-12-11T13:32:17Z</time>
   </trkpt>
   <trkpt lat="-12.0065990" lon="-71.2391040">
    <ele>335.3</ele>
    <time>2024-12-11T13:32:18Z</time>
   </trkpt>
   <trkpt lat="-12.0065970" lon="-71.2391110">
    <ele>335.3</ele>
    <time>2024-12-11T13:32:19Z</time>
   </trkpt>
   <trkpt lat="-12.0065970" lon="-71.2391110">
    <ele>335.3</ele>
    <time>2024-12-11T13:32:20Z</time>
   </trkpt>
   <trkpt lat="-12.0065970" lon="-71.2391110">
    <ele>335.3</ele>
    <time>2024-12-11T13:32:21Z</time>
   </trkpt>
   <trkpt lat="-12.0065970" lon="-71.2391110">
    <ele>335.3</ele>
    <time>2024-12-11T13:32:22Z</time>
   </trkpt>
   <trkpt lat="-12.0065970" lon="-71.2391110">
    <ele>335.3</ele>
    <time>2024-12-11T13:32:23Z</time>
   </trkpt>
   <trkpt lat="-12.0065970" lon="-71.2391110">
    <ele>335.3</ele>
    <time>2024-12-11T13:32:24Z</time>
   </trkpt>
   <trkpt lat="-12.0065970" lon="-71.2391110">
    <ele>335.3</ele>
    <time>2024-12-11T13:32:25Z</time>
   </trkpt>
   <trkpt lat="-12.0065970" lon="-71.2391110">
    <ele>335.3</ele>
    <time>2024-12-11T13:32:26Z</time>
   </trkpt>
   <trkpt lat="-12.0065970" lon="-71.2391110">
    <ele>335.3</ele>
    <time>2024-12-11T13:32:27Z</time>
   </trkpt>
   <trkpt lat="-12.0065970" lon="-71.2391110">
    <ele>335.3</ele>
    <time>2024-12-11T13:32:28Z</time>
   </trkpt>
   <trkpt lat="-12.0065970" lon="-71.2391110">
    <ele>335.3</ele>
    <time>2024-12-11T13:32:29Z</time>
   </trkpt>
   <trkpt lat="-12.0065970" lon="-71.2391110">
    <ele>335.3</ele>
    <time>2024-12-11T13:32:30Z</time>
   </trkpt>
   <trkpt lat="-12.0065970" lon="-71.2391110">
    <ele>335.3</ele>
    <time>2024-12-11T13:32:31Z</time>
   </trkpt>
   <trkpt lat="-12.0065970" lon="-71.2391110">
    <ele>335.3</ele>
    <time>2024-12-11T13:32:32Z</time>
   </trkpt>
   <trkpt lat="-12.0065970" lon="-71.2391110">
    <ele>335.3</ele>
    <time>2024-12-11T13:32:33Z</time>
   </trkpt>
   <trkpt lat="-12.0065930" lon="-71.2391010">
    <ele>335.3</ele>
    <time>2024-12-11T13:32:34Z</time>
   </trkpt>
   <trkpt lat="-12.0065930" lon="-71.2391010">
    <ele>335.3</ele>
    <time>2024-12-11T13:32:35Z</time>
   </trkpt>
   <trkpt lat="-12.0065920" lon="-71.2391000">
    <ele>335.3</ele>
    <time>2024-12-11T13:32:36Z</time>
   </trkpt>
   <trkpt lat="-12.0065920" lon="-71.2391000">
    <ele>335.3</ele>
    <time>2024-12-11T13:32:37Z</time>
   </trkpt>
   <trkpt lat="-12.0065920" lon="-71.2391000">
    <ele>335.3</ele>
    <time>2024-12-11T13:32:38Z</time>
   </trkpt>
   <trkpt lat="-12.0065920" lon="-71.2391000">
    <ele>335.3</ele>
    <time>2024-12-11T13:32:39Z</time>
   </trkpt>
   <trkpt lat="-12.0065920" lon="-71.2391000">
    <ele>335.3</ele>
    <time>2024-12-11T13:32:40Z</time>
   </trkpt>
   <trkpt lat="-12.0065920" lon="-71.2391000">
    <ele>335.3</ele>
    <time>2024-12-11T13:32:41Z</time>
   </trkpt>
   <trkpt lat="-12.0065920" lon="-71.2391000">
    <ele>335.3</ele>
    <time>2024-12-11T13:32:42Z</time>
   </trkpt>
   <trkpt lat="-12.0065920" lon="-71.2391000">
    <ele>335.3</ele>
    <time>2024-12-11T13:32:43Z</time>
   </trkpt>
   <trkpt lat="-12.0065920" lon="-71.2391000">
    <ele>335.3</ele>
    <time>2024-12-11T13:32:44Z</time>
   </trkpt>
   <trkpt lat="-12.0065920" lon="-71.2391000">
    <ele>335.3</ele>
    <time>2024-12-11T13:32:45Z</time>
   </trkpt>
   <trkpt lat="-12.0065920" lon="-71.2391000">
    <ele>335.3</ele>
    <time>2024-12-11T13:32:46Z</time>
   </trkpt>
   <trkpt lat="-12.0065920" lon="-71.2391000">
    <ele>335.3</ele>
    <time>2024-12-11T13:32:47Z</time>
   </trkpt>
   <trkpt lat="-12.0065920" lon="-71.2391000">
    <ele>335.3</ele>
    <time>2024-12-11T13:32:48Z</time>
   </trkpt>
   <trkpt lat="-12.0065920" lon="-71.2391000">
    <ele>335.3</ele>
    <time>2024-12-11T13:32:49Z</time>
   </trkpt>
   <trkpt lat="-12.0065920" lon="-71.2391000">
    <ele>335.3</ele>
    <time>2024-12-11T13:32:50Z</time>
   </trkpt>
   <trkpt lat="-12.0065920" lon="-71.2391000">
    <ele>335.3</ele>
    <time>2024-12-11T13:32:51Z</time>
   </trkpt>
   <trkpt lat="-12.0065920" lon="-71.2391000">
    <ele>335.3</ele>
    <time>2024-12-11T13:32:52Z</time>
   </trkpt>
   <trkpt lat="-12.0065920" lon="-71.2391000">
    <ele>335.3</ele>
    <time>2024-12-11T13:32:53Z</time>
   </trkpt>
   <trkpt lat="-12.0065920" lon="-71.2391000">
    <ele>335.3</ele>
    <time>2024-12-11T13:32:54Z</time>
   </trkpt>
   <trkpt lat="-12.0065920" lon="-71.2391000">
    <ele>335.3</ele>
    <time>2024-12-11T13:32:55Z</time>
   </trkpt>
   <trkpt lat="-12.0065920" lon="-71.2391000">
    <ele>335.3</ele>
    <time>2024-12-11T13:32:56Z</time>
   </trkpt>
   <trkpt lat="-12.0065920" lon="-71.2391000">
    <ele>335.3</ele>
    <time>2024-12-11T13:32:57Z</time>
   </trkpt>
   <trkpt lat="-12.0065910" lon="-71.2391070">
    <ele>335.3</ele>
    <time>2024-12-11T13:32:58Z</time>
   </trkpt>
   <trkpt lat="-12.0065910" lon="-71.2391070">
    <ele>335.3</ele>
    <time>2024-12-11T13:33:00Z</time>
   </trkpt>
   <trkpt lat="-12.0065910" lon="-71.2391070">
    <ele>335.3</ele>
    <time>2024-12-11T13:33:01Z</time>
   </trkpt>
   <trkpt lat="-12.0065910" lon="-71.2391070">
    <ele>335.3</ele>
    <time>2024-12-11T13:33:02Z</time>
   </trkpt>
   <trkpt lat="-12.0065890" lon="-71.2391080">
    <ele>335.3</ele>
    <time>2024-12-11T13:33:03Z</time>
   </trkpt>
   <trkpt lat="-12.0065870" lon="-71.2391070">
    <ele>335.3</ele>
    <time>2024-12-11T13:33:04Z</time>
   </trkpt>
   <trkpt lat="-12.0065870" lon="-71.2391090">
    <ele>335.3</ele>
    <time>2024-12-11T13:33:05Z</time>
   </trkpt>
   <trkpt lat="-12.0065890" lon="-71.2391080">
    <ele>335.3</ele>
    <time>2024-12-11T13:33:06Z</time>
   </trkpt>
   <trkpt lat="-12.0065880" lon="-71.2391100">
    <ele>335.3</ele>
    <time>2024-12-11T13:33:07Z</time>
   </trkpt>
   <trkpt lat="-12.0065890" lon="-71.2391090">
    <ele>335.3</ele>
    <time>2024-12-11T13:33:08Z</time>
   </trkpt>
   <trkpt lat="-12.0065880" lon="-71.2391110">
    <ele>335.3</ele>
    <time>2024-12-11T13:33:09Z</time>
   </trkpt>
   <trkpt lat="-12.0065880" lon="-71.2391110">
    <ele>335.3</ele>
    <time>2024-12-11T13:33:10Z</time>
   </trkpt>
   <trkpt lat="-12.0065880" lon="-71.2391110">
    <ele>335.3</ele>
    <time>2024-12-11T13:33:11Z</time>
   </trkpt>
   <trkpt lat="-12.0065850" lon="-71.2391150">
    <ele>335.3</ele>
    <time>2024-12-11T13:33:12Z</time>
   </trkpt>
   <trkpt lat="-12.0065820" lon="-71.2391170">
    <ele>335.4</ele>
    <time>2024-12-11T13:33:13Z</time>
   </trkpt>
   <trkpt lat="-12.0065800" lon="-71.2391180">
    <ele>335.4</ele>
    <time>2024-12-11T13:33:14Z</time>
   </trkpt>
   <trkpt lat="-12.0065780" lon="-71.2391170">
    <ele>335.4</ele>
    <time>2024-12-11T13:33:15Z</time>
   </trkpt>
   <trkpt lat="-12.0065770" lon="-71.2391180">
    <ele>335.4</ele>
    <time>2024-12-11T13:33:16Z</time>
   </trkpt>
   <trkpt lat="-12.0065780" lon="-71.2391170">
    <ele>335.4</ele>
    <time>2024-12-11T13:33:17Z</time>
   </trkpt>
   <trkpt lat="-12.0065780" lon="-71.2391180">
    <ele>335.4</ele>
    <time>2024-12-11T13:33:18Z</time>
   </trkpt>
   <trkpt lat="-12.0065780" lon="-71.2391180">
    <ele>335.4</ele>
    <time>2024-12-11T13:33:19Z</time>
   </trkpt>
   <trkpt lat="-12.0065780" lon="-71.2391180">
    <ele>335.4</ele>
    <time>2024-12-11T13:33:20Z</time>
   </trkpt>
   <trkpt lat="-12.0065780" lon="-71.2391180">
    <ele>335.4</ele>
    <time>2024-12-11T13:33:21Z</time>
   </trkpt>
   <trkpt lat="-12.0065780" lon="-71.2391180">
    <ele>335.4</ele>
    <time>2024-12-11T13:33:22Z</time>
   </trkpt>
   <trkpt lat="-12.0065780" lon="-71.2391180">
    <ele>335.4</ele>
    <time>2024-12-11T13:33:23Z</time>
   </trkpt>
   <trkpt lat="-12.0065780" lon="-71.2391180">
    <ele>335.4</ele>
    <time>2024-12-11T13:33:24Z</time>
   </trkpt>
   <trkpt lat="-12.0065780" lon="-71.2391180">
    <ele>335.4</ele>
    <time>2024-12-11T13:33:25Z</time>
   </trkpt>
   <trkpt lat="-12.0065780" lon="-71.2391180">
    <ele>335.4</ele>
    <time>2024-12-11T13:33:26Z</time>
   </trkpt>
   <trkpt lat="-12.0065780" lon="-71.2391180">
    <ele>335.4</ele>
    <time>2024-12-11T13:33:27Z</time>
   </trkpt>
   <trkpt lat="-12.0065780" lon="-71.2391180">
    <ele>335.4</ele>
    <time>2024-12-11T13:33:28Z</time>
   </trkpt>
   <trkpt lat="-12.0065780" lon="-71.2391180">
    <ele>335.4</ele>
    <time>2024-12-11T13:33:29Z</time>
   </trkpt>
   <trkpt lat="-12.0065780" lon="-71.2391180">
    <ele>335.4</ele>
    <time>2024-12-11T13:33:30Z</time>
   </trkpt>
   <trkpt lat="-12.0066030" lon="-71.2391140">
    <ele>335.4</ele>
    <time>2024-12-11T13:33:31Z</time>
   </trkpt>
   <trkpt lat="-12.0066030" lon="-71.2391140">
    <ele>335.4</ele>
    <time>2024-12-11T13:33:32Z</time>
   </trkpt>
   <trkpt lat="-12.0066070" lon="-71.2391140">
    <ele>335.4</ele>
    <time>2024-12-11T13:33:33Z</time>
   </trkpt>
   <trkpt lat="-12.0066090" lon="-71.2391130">
    <ele>335.4</ele>
    <time>2024-12-11T13:33:34Z</time>
   </trkpt>
   <trkpt lat="-12.0066080" lon="-71.2391140">
    <ele>335.4</ele>
    <time>2024-12-11T13:33:35Z</time>
   </trkpt>
   <trkpt lat="-12.0066080" lon="-71.2391140">
    <ele>335.4</ele>
    <time>2024-12-11T13:33:36Z</time>
   </trkpt>
   <trkpt lat="-12.0066080" lon="-71.2391140">
    <ele>335.4</ele>
    <time>2024-12-11T13:33:37Z</time>
   </trkpt>
   <trkpt lat="-12.0066070" lon="-71.2391180">
    <ele>335.4</ele>
    <time>2024-12-11T13:33:38Z</time>
   </trkpt>
   <trkpt lat="-12.0066070" lon="-71.2391170">
    <ele>335.4</ele>
    <time>2024-12-11T13:33:39Z</time>
   </trkpt>
   <trkpt lat="-12.0066070" lon="-71.2391190">
    <ele>335.4</ele>
    <time>2024-12-11T13:33:40Z</time>
   </trkpt>
   <trkpt lat="-12.0066070" lon="-71.2391190">
    <ele>335.4</ele>
    <time>2024-12-11T13:33:41Z</time>
   </trkpt>
   <trkpt lat="-12.0066070" lon="-71.2391190">
    <ele>335.4</ele>
    <time>2024-12-11T13:33:42Z</time>
   </trkpt>
   <trkpt lat="-12.0066070" lon="-71.2391190">
    <ele>335.4</ele>
    <time>2024-12-11T13:33:43Z</time>
   </trkpt>
   <trkpt lat="-12.0066070" lon="-71.2391190">
    <ele>335.4</ele>
    <time>2024-12-11T13:33:44Z</time>
   </trkpt>
   <trkpt lat="-12.0066070" lon="-71.2391190">
    <ele>335.4</ele>
    <time>2024-12-11T13:33:45Z</time>
   </trkpt>
   <trkpt lat="-12.0066070" lon="-71.2391190">
    <ele>335.4</ele>
    <time>2024-12-11T13:33:46Z</time>
   </trkpt>
   <trkpt lat="-12.0066070" lon="-71.2391190">
    <ele>335.4</ele>
    <time>2024-12-11T13:33:47Z</time>
   </trkpt>
   <trkpt lat="-12.0066060" lon="-71.2391190">
    <ele>335.4</ele>
    <time>2024-12-11T13:33:48Z</time>
   </trkpt>
   <trkpt lat="-12.0066060" lon="-71.2391190">
    <ele>335.4</ele>
    <time>2024-12-11T13:33:49Z</time>
   </trkpt>
   <trkpt lat="-12.0066060" lon="-71.2391190">
    <ele>335.4</ele>
    <time>2024-12-11T13:33:50Z</time>
   </trkpt>
   <trkpt lat="-12.0066060" lon="-71.2391190">
    <ele>335.4</ele>
    <time>2024-12-11T13:33:51Z</time>
   </trkpt>
   <trkpt lat="-12.0066060" lon="-71.2391190">
    <ele>335.4</ele>
    <time>2024-12-11T13:33:52Z</time>
   </trkpt>
   <trkpt lat="-12.0066060" lon="-71.2391190">
    <ele>335.4</ele>
    <time>2024-12-11T13:33:53Z</time>
   </trkpt>
   <trkpt lat="-12.0066060" lon="-71.2391190">
    <ele>335.4</ele>
    <time>2024-12-11T13:33:54Z</time>
   </trkpt>
   <trkpt lat="-12.0066060" lon="-71.2391190">
    <ele>335.4</ele>
    <time>2024-12-11T13:33:55Z</time>
   </trkpt>
   <trkpt lat="-12.0066060" lon="-71.2391190">
    <ele>335.4</ele>
    <time>2024-12-11T13:33:56Z</time>
   </trkpt>
   <trkpt lat="-12.0066060" lon="-71.2391190">
    <ele>335.4</ele>
    <time>2024-12-11T13:33:57Z</time>
   </trkpt>
   <trkpt lat="-12.0066060" lon="-71.2391190">
    <ele>335.4</ele>
    <time>2024-12-11T13:33:58Z</time>
   </trkpt>
   <trkpt lat="-12.0066070" lon="-71.2391190">
    <ele>335.4</ele>
    <time>2024-12-11T13:33:59Z</time>
   </trkpt>
   <trkpt lat="-12.0066070" lon="-71.2391190">
    <ele>335.4</ele>
    <time>2024-12-11T13:34:00Z</time>
   </trkpt>
   <trkpt lat="-12.0066070" lon="-71.2391190">
    <ele>335.4</ele>
    <time>2024-12-11T13:34:01Z</time>
   </trkpt>
   <trkpt lat="-12.0066070" lon="-71.2391190">
    <ele>335.4</ele>
    <time>2024-12-11T13:34:02Z</time>
   </trkpt>
   <trkpt lat="-12.0066140" lon="-71.2391230">
    <ele>335.4</ele>
    <time>2024-12-11T13:34:03Z</time>
   </trkpt>
   <trkpt lat="-12.0066140" lon="-71.2391230">
    <ele>335.4</ele>
    <time>2024-12-11T13:34:04Z</time>
   </trkpt>
   <trkpt lat="-12.0066140" lon="-71.2391230">
    <ele>335.4</ele>
    <time>2024-12-11T13:34:05Z</time>
   </trkpt>
   <trkpt lat="-12.0066140" lon="-71.2391230">
    <ele>335.4</ele>
    <time>2024-12-11T13:34:06Z</time>
   </trkpt>
   <trkpt lat="-12.0066140" lon="-71.2391230">
    <ele>335.4</ele>
    <time>2024-12-11T13:34:07Z</time>
   </trkpt>
   <trkpt lat="-12.0066160" lon="-71.2391220">
    <ele>335.4</ele>
    <time>2024-12-11T13:34:08Z</time>
   </trkpt>
   <trkpt lat="-12.0066190" lon="-71.2391230">
    <ele>335.4</ele>
    <time>2024-12-11T13:34:09Z</time>
   </trkpt>
   <trkpt lat="-12.0066190" lon="-71.2391230">
    <ele>335.4</ele>
    <time>2024-12-11T13:34:10Z</time>
   </trkpt>
   <trkpt lat="-12.0066180" lon="-71.2391230">
    <ele>335.4</ele>
    <time>2024-12-11T13:34:11Z</time>
   </trkpt>
   <trkpt lat="-12.0066180" lon="-71.2391230">
    <ele>335.4</ele>
    <time>2024-12-11T13:34:12Z</time>
   </trkpt>
   <trkpt lat="-12.0066180" lon="-71.2391230">
    <ele>335.4</ele>
    <time>2024-12-11T13:34:13Z</time>
   </trkpt>
   <trkpt lat="-12.0066180" lon="-71.2391230">
    <ele>335.4</ele>
    <time>2024-12-11T13:34:14Z</time>
   </trkpt>
   <trkpt lat="-12.0066180" lon="-71.2391230">
    <ele>335.4</ele>
    <time>2024-12-11T13:34:15Z</time>
   </trkpt>
   <trkpt lat="-12.0066170" lon="-71.2391230">
    <ele>335.4</ele>
    <time>2024-12-11T13:34:16Z</time>
   </trkpt>
   <trkpt lat="-12.0066170" lon="-71.2391230">
    <ele>335.4</ele>
    <time>2024-12-11T13:34:17Z</time>
   </trkpt>
   <trkpt lat="-12.0066170" lon="-71.2391230">
    <ele>335.4</ele>
    <time>2024-12-11T13:34:18Z</time>
   </trkpt>
   <trkpt lat="-12.0066170" lon="-71.2391230">
    <ele>335.4</ele>
    <time>2024-12-11T13:34:19Z</time>
   </trkpt>
   <trkpt lat="-12.0066170" lon="-71.2391230">
    <ele>335.4</ele>
    <time>2024-12-11T13:34:20Z</time>
   </trkpt>
   <trkpt lat="-12.0066160" lon="-71.2391230">
    <ele>335.4</ele>
    <time>2024-12-11T13:34:21Z</time>
   </trkpt>
   <trkpt lat="-12.0066160" lon="-71.2391230">
    <ele>335.4</ele>
    <time>2024-12-11T13:34:22Z</time>
   </trkpt>
   <trkpt lat="-12.0066160" lon="-71.2391230">
    <ele>335.4</ele>
    <time>2024-12-11T13:34:23Z</time>
   </trkpt>
   <trkpt lat="-12.0066160" lon="-71.2391230">
    <ele>335.4</ele>
    <time>2024-12-11T13:34:24Z</time>
   </trkpt>
   <trkpt lat="-12.0066160" lon="-71.2391230">
    <ele>335.4</ele>
    <time>2024-12-11T13:34:25Z</time>
   </trkpt>
   <trkpt lat="-12.0066150" lon="-71.2391230">
    <ele>335.4</ele>
    <time>2024-12-11T13:34:26Z</time>
   </trkpt>
   <trkpt lat="-12.0066150" lon="-71.2391230">
    <ele>335.4</ele>
    <time>2024-12-11T13:34:27Z</time>
   </trkpt>
   <trkpt lat="-12.0066150" lon="-71.2391230">
    <ele>335.4</ele>
    <time>2024-12-11T13:34:28Z</time>
   </trkpt>
   <trkpt lat="-12.0066150" lon="-71.2391230">
    <ele>335.4</ele>
    <time>2024-12-11T13:34:29Z</time>
   </trkpt>
   <trkpt lat="-12.0066150" lon="-71.2391230">
    <ele>335.4</ele>
    <time>2024-12-11T13:34:30Z</time>
   </trkpt>
   <trkpt lat="-12.0066140" lon="-71.2391230">
    <ele>335.4</ele>
    <time>2024-12-11T13:34:31Z</time>
   </trkpt>
   <trkpt lat="-12.0066140" lon="-71.2391230">
    <ele>335.4</ele>
    <time>2024-12-11T13:34:32Z</time>
   </trkpt>
   <trkpt lat="-12.0066140" lon="-71.2391230">
    <ele>335.4</ele>
    <time>2024-12-11T13:34:33Z</time>
   </trkpt>
   <trkpt lat="-12.0066140" lon="-71.2391230">
    <ele>335.4</ele>
    <time>2024-12-11T13:34:34Z</time>
   </trkpt>
   <trkpt lat="-12.0066140" lon="-71.2391230">
    <ele>335.4</ele>
    <time>2024-12-11T13:34:35Z</time>
   </trkpt>
   <trkpt lat="-12.0066130" lon="-71.2391230">
    <ele>335.4</ele>
    <time>2024-12-11T13:34:36Z</time>
   </trkpt>
   <trkpt lat="-12.0066130" lon="-71.2391230">
    <ele>335.4</ele>
    <time>2024-12-11T13:34:37Z</time>
   </trkpt>
   <trkpt lat="-12.0066130" lon="-71.2391230">
    <ele>335.4</ele>
    <time>2024-12-11T13:34:38Z</time>
   </trkpt>
   <trkpt lat="-12.0066130" lon="-71.2391230">
    <ele>335.4</ele>
    <time>2024-12-11T13:34:39Z</time>
   </trkpt>
   <trkpt lat="-12.0066130" lon="-71.2391230">
    <ele>335.4</ele>
    <time>2024-12-11T13:34:40Z</time>
   </trkpt>
   <trkpt lat="-12.0066120" lon="-71.2391230">
    <ele>335.4</ele>
    <time>2024-12-11T13:34:41Z</time>
   </trkpt>
   <trkpt lat="-12.0066120" lon="-71.2391230">
    <ele>335.4</ele>
    <time>2024-12-11T13:34:42Z</time>
   </trkpt>
   <trkpt lat="-12.0066120" lon="-71.2391230">
    <ele>335.4</ele>
    <time>2024-12-11T13:34:43Z</time>
   </trkpt>
   <trkpt lat="-12.0066120" lon="-71.2391230">
    <ele>335.4</ele>
    <time>2024-12-11T13:34:44Z</time>
   </trkpt>
   <trkpt lat="-12.0066120" lon="-71.2391230">
    <ele>335.4</ele>
    <time>2024-12-11T13:34:45Z</time>
   </trkpt>
   <trkpt lat="-12.0066110" lon="-71.2391230">
    <ele>335.4</ele>
    <time>2024-12-11T13:34:46Z</time>
   </trkpt>
   <trkpt lat="-12.0066110" lon="-71.2391230">
    <ele>335.4</ele>
    <time>2024-12-11T13:34:47Z</time>
   </trkpt>
   <trkpt lat="-12.0066110" lon="-71.2391230">
    <ele>335.4</ele>
    <time>2024-12-11T13:34:48Z</time>
   </trkpt>
   <trkpt lat="-12.0066110" lon="-71.2391220">
    <ele>335.4</ele>
    <time>2024-12-11T13:34:49Z</time>
   </trkpt>
   <trkpt lat="-12.0066110" lon="-71.2391220">
    <ele>335.4</ele>
    <time>2024-12-11T13:34:50Z</time>
   </trkpt>
   <trkpt lat="-12.0066100" lon="-71.2391220">
    <ele>335.4</ele>
    <time>2024-12-11T13:34:51Z</time>
   </trkpt>
   <trkpt lat="-12.0066100" lon="-71.2391220">
    <ele>335.4</ele>
    <time>2024-12-11T13:34:52Z</time>
   </trkpt>
   <trkpt lat="-12.0066100" lon="-71.2391220">
    <ele>335.4</ele>
    <time>2024-12-11T13:34:53Z</time>
   </trkpt>
   <trkpt lat="-12.0066100" lon="-71.2391220">
    <ele>335.4</ele>
    <time>2024-12-11T13:34:54Z</time>
   </trkpt>
   <trkpt lat="-12.0066100" lon="-71.2391220">
    <ele>335.4</ele>
    <time>2024-12-11T13:34:55Z</time>
   </trkpt>
   <trkpt lat="-12.0066090" lon="-71.2391220">
    <ele>335.4</ele>
    <time>2024-12-11T13:34:56Z</time>
   </trkpt>
   <trkpt lat="-12.0066090" lon="-71.2391220">
    <ele>335.4</ele>
    <time>2024-12-11T13:34:57Z</time>
   </trkpt>
   <trkpt lat="-12.0066090" lon="-71.2391220">
    <ele>335.4</ele>
    <time>2024-12-11T13:34:58Z</time>
   </trkpt>
   <trkpt lat="-12.0066090" lon="-71.2391220">
    <ele>335.4</ele>
    <time>2024-12-11T13:34:59Z</time>
   </trkpt>
   <trkpt lat="-12.0066090" lon="-71.2391220">
    <ele>335.4</ele>
    <time>2024-12-11T13:35:00Z</time>
   </trkpt>
   <trkpt lat="-12.0066080" lon="-71.2391220">
    <ele>335.4</ele>
    <time>2024-12-11T13:35:01Z</time>
   </trkpt>
   <trkpt lat="-12.0066080" lon="-71.2391220">
    <ele>335.4</ele>
    <time>2024-12-11T13:35:02Z</time>
   </trkpt>
   <trkpt lat="-12.0066080" lon="-71.2391220">
    <ele>335.4</ele>
    <time>2024-12-11T13:35:03Z</time>
   </trkpt>
   <trkpt lat="-12.0066080" lon="-71.2391220">
    <ele>335.4</ele>
    <time>2024-12-11T13:35:04Z</time>
   </trkpt>
   <trkpt lat="-12.0066080" lon="-71.2391220">
    <ele>335.4</ele>
    <time>2024-12-11T13:35:06Z</time>
   </trkpt>
   <trkpt lat="-12.0066070" lon="-71.2391220">
    <ele>335.4</ele>
    <time>2024-12-11T13:35:07Z</time>
   </trkpt>
   <trkpt lat="-12.0066070" lon="-71.2391220">
    <ele>335.4</ele>
    <time>2024-12-11T13:35:08Z</time>
   </trkpt>
   <trkpt lat="-12.0066070" lon="-71.2391220">
    <ele>335.4</ele>
    <time>2024-12-11T13:35:09Z</time>
   </trkpt>
   <trkpt lat="-12.0066070" lon="-71.2391220">
    <ele>335.4</ele>
    <time>2024-12-11T13:35:10Z</time>
   </trkpt>
   <trkpt lat="-12.0066060" lon="-71.2391220">
    <ele>335.4</ele>
    <time>2024-12-11T13:35:11Z</time>
   </trkpt>
   <trkpt lat="-12.0066060" lon="-71.2391220">
    <ele>335.4</ele>
    <time>2024-12-11T13:35:12Z</time>
   </trkpt>
   <trkpt lat="-12.0066060" lon="-71.2391220">
    <ele>335.4</ele>
    <time>2024-12-11T13:35:13Z</time>
   </trkpt>
   <trkpt lat="-12.0066060" lon="-71.2391220">
    <ele>335.4</ele>
    <time>2024-12-11T13:35:14Z</time>
   </trkpt>
   <trkpt lat="-12.0066060" lon="-71.2391220">
    <ele>335.4</ele>
    <time>2024-12-11T13:35:15Z</time>
   </trkpt>
   <trkpt lat="-12.0066050" lon="-71.2391220">
    <ele>335.4</ele>
    <time>2024-12-11T13:35:16Z</time>
   </trkpt>
   <trkpt lat="-12.0066050" lon="-71.2391220">
    <ele>335.4</ele>
    <time>2024-12-11T13:35:17Z</time>
   </trkpt>
   <trkpt lat="-12.0066050" lon="-71.2391220">
    <ele>335.4</ele>
    <time>2024-12-11T13:35:18Z</time>
   </trkpt>
   <trkpt lat="-12.0066050" lon="-71.2391220">
    <ele>335.4</ele>
    <time>2024-12-11T13:35:19Z</time>
   </trkpt>
   <trkpt lat="-12.0066050" lon="-71.2391220">
    <ele>335.4</ele>
    <time>2024-12-11T13:35:20Z</time>
   </trkpt>
   <trkpt lat="-12.0066040" lon="-71.2391220">
    <ele>335.4</ele>
    <time>2024-12-11T13:35:21Z</time>
   </trkpt>
   <trkpt lat="-12.0066040" lon="-71.2391220">
    <ele>335.4</ele>
    <time>2024-12-11T13:35:22Z</time>
   </trkpt>
   <trkpt lat="-12.0066040" lon="-71.2391220">
    <ele>335.4</ele>
    <time>2024-12-11T13:35:23Z</time>
   </trkpt>
   <trkpt lat="-12.0066040" lon="-71.2391220">
    <ele>335.4</ele>
    <time>2024-12-11T13:35:24Z</time>
   </trkpt>
   <trkpt lat="-12.0066040" lon="-71.2391220">
    <ele>335.4</ele>
    <time>2024-12-11T13:35:25Z</time>
   </trkpt>
   <trkpt lat="-12.0066030" lon="-71.2391220">
    <ele>335.4</ele>
    <time>2024-12-11T13:35:26Z</time>
   </trkpt>
   <trkpt lat="-12.0066030" lon="-71.2391220">
    <ele>335.4</ele>
    <time>2024-12-11T13:35:27Z</time>
   </trkpt>
   <trkpt lat="-12.0066030" lon="-71.2391220">
    <ele>335.4</ele>
    <time>2024-12-11T13:35:28Z</time>
   </trkpt>
   <trkpt lat="-12.0066030" lon="-71.2391220">
    <ele>335.4</ele>
    <time>2024-12-11T13:35:29Z</time>
   </trkpt>
   <trkpt lat="-12.0066030" lon="-71.2391220">
    <ele>335.4</ele>
    <time>2024-12-11T13:35:30Z</time>
   </trkpt>
   <trkpt lat="-12.0066020" lon="-71.2391220">
    <ele>335.4</ele>
    <time>2024-12-11T13:35:31Z</time>
   </trkpt>
   <trkpt lat="-12.0066020" lon="-71.2391220">
    <ele>335.4</ele>
    <time>2024-12-11T13:35:32Z</time>
   </trkpt>
   <trkpt lat="-12.0066020" lon="-71.2391220">
    <ele>335.4</ele>
    <time>2024-12-11T13:35:33Z</time>
   </trkpt>
   <trkpt lat="-12.0066020" lon="-71.2391220">
    <ele>335.4</ele>
    <time>2024-12-11T13:35:34Z</time>
   </trkpt>
   <trkpt lat="-12.0066020" lon="-71.2391220">
    <ele>335.4</ele>
    <time>2024-12-11T13:35:35Z</time>
   </trkpt>
   <trkpt lat="-12.0066010" lon="-71.2391220">
    <ele>335.4</ele>
    <time>2024-12-11T13:35:36Z</time>
   </trkpt>
   <trkpt lat="-12.0066010" lon="-71.2391220">
    <ele>335.4</ele>
    <time>2024-12-11T13:35:37Z</time>
   </trkpt>
   <trkpt lat="-12.0066010" lon="-71.2391220">
    <ele>335.4</ele>
    <time>2024-12-11T13:35:38Z</time>
   </trkpt>
   <trkpt lat="-12.0066010" lon="-71.2391220">
    <ele>335.4</ele>
    <time>2024-12-11T13:35:39Z</time>
   </trkpt>
   <trkpt lat="-12.0066010" lon="-71.2391220">
    <ele>335.4</ele>
    <time>2024-12-11T13:35:40Z</time>
   </trkpt>
   <trkpt lat="-12.0066000" lon="-71.2391220">
    <ele>335.4</ele>
    <time>2024-12-11T13:35:41Z</time>
   </trkpt>
   <trkpt lat="-12.0066000" lon="-71.2391220">
    <ele>335.4</ele>
    <time>2024-12-11T13:35:42Z</time>
   </trkpt>
   <trkpt lat="-12.0066000" lon="-71.2391220">
    <ele>335.4</ele>
    <time>2024-12-11T13:35:43Z</time>
   </trkpt>
   <trkpt lat="-12.0066000" lon="-71.2391220">
    <ele>335.4</ele>
    <time>2024-12-11T13:35:44Z</time>
   </trkpt>
   <trkpt lat="-12.0066000" lon="-71.2391220">
    <ele>335.4</ele>
    <time>2024-12-11T13:35:45Z</time>
   </trkpt>
   <trkpt lat="-12.0065990" lon="-71.2391220">
    <ele>335.4</ele>
    <time>2024-12-11T13:35:46Z</time>
   </trkpt>
   <trkpt lat="-12.0065990" lon="-71.2391220">
    <ele>335.4</ele>
    <time>2024-12-11T13:35:47Z</time>
   </trkpt>
   <trkpt lat="-12.0065990" lon="-71.2391220">
    <ele>335.4</ele>
    <time>2024-12-11T13:35:48Z</time>
   </trkpt>
   <trkpt lat="-12.0065990" lon="-71.2391220">
    <ele>335.4</ele>
    <time>2024-12-11T13:35:49Z</time>
   </trkpt>
   <trkpt lat="-12.0065990" lon="-71.2391220">
    <ele>335.4</ele>
    <time>2024-12-11T13:35:50Z</time>
   </trkpt>
   <trkpt lat="-12.0065980" lon="-71.2391220">
    <ele>335.4</ele>
    <time>2024-12-11T13:35:51Z</time>
   </trkpt>
   <trkpt lat="-12.0065980" lon="-71.2391220">
    <ele>335.4</ele>
    <time>2024-12-11T13:35:52Z</time>
   </trkpt>
   <trkpt lat="-12.0065980" lon="-71.2391220">
    <ele>335.4</ele>
    <time>2024-12-11T13:35:53Z</time>
   </trkpt>
   <trkpt lat="-12.0065980" lon="-71.2391220">
    <ele>335.4</ele>
    <time>2024-12-11T13:35:54Z</time>
   </trkpt>
   <trkpt lat="-12.0065980" lon="-71.2391220">
    <ele>335.4</ele>
    <time>2024-12-11T13:35:55Z</time>
   </trkpt>
   <trkpt lat="-12.0065970" lon="-71.2391220">
    <ele>335.4</ele>
    <time>2024-12-11T13:35:56Z</time>
   </trkpt>
   <trkpt lat="-12.0065970" lon="-71.2391220">
    <ele>335.4</ele>
    <time>2024-12-11T13:35:57Z</time>
   </trkpt>
   <trkpt lat="-12.0065970" lon="-71.2391220">
    <ele>335.4</ele>
    <time>2024-12-11T13:35:58Z</time>
   </trkpt>
   <trkpt lat="-12.0065970" lon="-71.2391220">
    <ele>335.4</ele>
    <time>2024-12-11T13:35:59Z</time>
   </trkpt>
   <trkpt lat="-12.0065970" lon="-71.2391220">
    <ele>335.4</ele>
    <time>2024-12-11T13:36:00Z</time>
   </trkpt>
   <trkpt lat="-12.0065960" lon="-71.2391220">
    <ele>335.4</ele>
    <time>2024-12-11T13:36:01Z</time>
   </trkpt>
   <trkpt lat="-12.0065960" lon="-71.2391220">
    <ele>335.4</ele>
    <time>2024-12-11T13:36:02Z</time>
   </trkpt>
   <trkpt lat="-12.0065960" lon="-71.2391220">
    <ele>335.4</ele>
    <time>2024-12-11T13:36:03Z</time>
   </trkpt>
   <trkpt lat="-12.0065960" lon="-71.2391220">
    <ele>335.4</ele>
    <time>2024-12-11T13:36:04Z</time>
   </trkpt>
   <trkpt lat="-12.0065960" lon="-71.2391220">
    <ele>335.4</ele>
    <time>2024-12-11T13:36:05Z</time>
   </trkpt>
   <trkpt lat="-12.0065950" lon="-71.2391220">
    <ele>335.4</ele>
    <time>2024-12-11T13:36:06Z</time>
   </trkpt>
   <trkpt lat="-12.0065950" lon="-71.2391220">
    <ele>335.4</ele>
    <time>2024-12-11T13:36:07Z</time>
   </trkpt>
   <trkpt lat="-12.0065950" lon="-71.2391220">
    <ele>335.4</ele>
    <time>2024-12-11T13:36:08Z</time>
   </trkpt>
   <trkpt lat="-12.0065950" lon="-71.2391220">
    <ele>335.4</ele>
    <time>2024-12-11T13:36:09Z</time>
   </trkpt>
   <trkpt lat="-12.0065950" lon="-71.2391220">
    <ele>335.4</ele>
    <time>2024-12-11T13:36:10Z</time>
   </trkpt>
   <trkpt lat="-12.0065940" lon="-71.2391210">
    <ele>335.4</ele>
    <time>2024-12-11T13:36:11Z</time>
   </trkpt>
   <trkpt lat="-12.0065940" lon="-71.2391210">
    <ele>335.4</ele>
    <time>2024-12-11T13:36:12Z</time>
   </trkpt>
   <trkpt lat="-12.0065940" lon="-71.2391210">
    <ele>335.4</ele>
    <time>2024-12-11T13:36:13Z</time>
   </trkpt>
   <trkpt lat="-12.0065940" lon="-71.2391210">
    <ele>335.4</ele>
    <time>2024-12-11T13:36:14Z</time>
   </trkpt>
   <trkpt lat="-12.0065940" lon="-71.2391210">
    <ele>335.4</ele>
    <time>2024-12-11T13:36:15Z</time>
   </trkpt>
   <trkpt lat="-12.0065930" lon="-71.2391210">
    <ele>335.4</ele>
    <time>2024-12-11T13:36:16Z</time>
   </trkpt>
   <trkpt lat="-12.0065930" lon="-71.2391210">
    <ele>335.4</ele>
    <time>2024-12-11T13:36:17Z</time>
   </trkpt>
   <trkpt lat="-12.0065930" lon="-71.2391210">
    <ele>335.4</ele>
    <time>2024-12-11T13:36:18Z</time>
   </trkpt>
   <trkpt lat="-12.0065930" lon="-71.2391210">
    <ele>335.4</ele>
    <time>2024-12-11T13:36:19Z</time>
   </trkpt>
   <trkpt lat="-12.0065930" lon="-71.2391210">
    <ele>335.4</ele>
    <time>2024-12-11T13:36:20Z</time>
   </trkpt>
   <trkpt lat="-12.0065920" lon="-71.2391210">
    <ele>335.4</ele>
    <time>2024-12-11T13:36:21Z</time>
   </trkpt>
   <trkpt lat="-12.0065920" lon="-71.2391210">
    <ele>335.4</ele>
    <time>2024-12-11T13:36:22Z</time>
   </trkpt>
   <trkpt lat="-12.0065920" lon="-71.2391210">
    <ele>335.4</ele>
    <time>2024-12-11T13:36:23Z</time>
   </trkpt>
   <trkpt lat="-12.0065920" lon="-71.2391210">
    <ele>335.4</ele>
    <time>2024-12-11T13:36:24Z</time>
   </trkpt>
   <trkpt lat="-12.0065920" lon="-71.2391210">
    <ele>335.4</ele>
    <time>2024-12-11T13:36:25Z</time>
   </trkpt>
   <trkpt lat="-12.0065910" lon="-71.2391210">
    <ele>335.4</ele>
    <time>2024-12-11T13:36:26Z</time>
   </trkpt>
   <trkpt lat="-12.0065910" lon="-71.2391210">
    <ele>335.4</ele>
    <time>2024-12-11T13:36:27Z</time>
   </trkpt>
   <trkpt lat="-12.0065910" lon="-71.2391210">
    <ele>335.4</ele>
    <time>2024-12-11T13:36:28Z</time>
   </trkpt>
   <trkpt lat="-12.0065910" lon="-71.2391210">
    <ele>335.4</ele>
    <time>2024-12-11T13:36:29Z</time>
   </trkpt>
   <trkpt lat="-12.0065910" lon="-71.2391210">
    <ele>335.4</ele>
    <time>2024-12-11T13:36:30Z</time>
   </trkpt>
   <trkpt lat="-12.0065900" lon="-71.2391210">
    <ele>335.4</ele>
    <time>2024-12-11T13:36:31Z</time>
   </trkpt>
   <trkpt lat="-12.0065900" lon="-71.2391210">
    <ele>335.4</ele>
    <time>2024-12-11T13:36:32Z</time>
   </trkpt>
   <trkpt lat="-12.0065900" lon="-71.2391210">
    <ele>335.4</ele>
    <time>2024-12-11T13:36:33Z</time>
   </trkpt>
   <trkpt lat="-12.0065900" lon="-71.2391210">
    <ele>335.4</ele>
    <time>2024-12-11T13:36:34Z</time>
   </trkpt>
   <trkpt lat="-12.0065900" lon="-71.2391210">
    <ele>335.4</ele>
    <time>2024-12-11T13:36:35Z</time>
   </trkpt>
   <trkpt lat="-12.0065890" lon="-71.2391210">
    <ele>335.4</ele>
    <time>2024-12-11T13:36:36Z</time>
   </trkpt>
   <trkpt lat="-12.0065890" lon="-71.2391210">
    <ele>335.4</ele>
    <time>2024-12-11T13:36:37Z</time>
   </trkpt>
   <trkpt lat="-12.0065890" lon="-71.2391210">
    <ele>335.4</ele>
    <time>2024-12-11T13:36:38Z</time>
   </trkpt>
   <trkpt lat="-12.0065890" lon="-71.2391210">
    <ele>335.4</ele>
    <time>2024-12-11T13:36:39Z</time>
   </trkpt>
   <trkpt lat="-12.0065890" lon="-71.2391210">
    <ele>335.4</ele>
    <time>2024-12-11T13:36:40Z</time>
   </trkpt>
   <trkpt lat="-12.0065880" lon="-71.2391210">
    <ele>335.4</ele>
    <time>2024-12-11T13:36:41Z</time>
   </trkpt>
   <trkpt lat="-12.0065880" lon="-71.2391210">
    <ele>335.4</ele>
    <time>2024-12-11T13:36:42Z</time>
   </trkpt>
   <trkpt lat="-12.0065880" lon="-71.2391210">
    <ele>335.4</ele>
    <time>2024-12-11T13:36:43Z</time>
   </trkpt>
   <trkpt lat="-12.0065880" lon="-71.2391210">
    <ele>335.4</ele>
    <time>2024-12-11T13:36:44Z</time>
   </trkpt>
   <trkpt lat="-12.0065880" lon="-71.2391210">
    <ele>335.4</ele>
    <time>2024-12-11T13:36:45Z</time>
   </trkpt>
   <trkpt lat="-12.0065870" lon="-71.2391210">
    <ele>335.4</ele>
    <time>2024-12-11T13:36:46Z</time>
   </trkpt>
   <trkpt lat="-12.0065870" lon="-71.2391210">
    <ele>335.4</ele>
    <time>2024-12-11T13:36:47Z</time>
   </trkpt>
   <trkpt lat="-12.0065870" lon="-71.2391210">
    <ele>335.4</ele>
    <time>2024-12-11T13:36:48Z</time>
   </trkpt>
   <trkpt lat="-12.0065870" lon="-71.2391210">
    <ele>335.4</ele>
    <time>2024-12-11T13:36:49Z</time>
   </trkpt>
   <trkpt lat="-12.0065870" lon="-71.2391210">
    <ele>335.4</ele>
    <time>2024-12-11T13:36:50Z</time>
   </trkpt>
   <trkpt lat="-12.0065860" lon="-71.2391210">
    <ele>335.4</ele>
    <time>2024-12-11T13:36:51Z</time>
   </trkpt>
   <trkpt lat="-12.0065860" lon="-71.2391210">
    <ele>335.4</ele>
    <time>2024-12-11T13:36:52Z</time>
   </trkpt>
   <trkpt lat="-12.0065860" lon="-71.2391210">
    <ele>335.4</ele>
    <time>2024-12-11T13:36:53Z</time>
   </trkpt>
   <trkpt lat="-12.0065860" lon="-71.2391210">
    <ele>335.4</ele>
    <time>2024-12-11T13:36:54Z</time>
   </trkpt>
   <trkpt lat="-12.0065860" lon="-71.2391210">
    <ele>335.4</ele>
    <time>2024-12-11T13:36:55Z</time>
   </trkpt>
   <trkpt lat="-12.0065850" lon="-71.2391210">
    <ele>335.4</ele>
    <time>2024-12-11T13:36:56Z</time>
   </trkpt>
   <trkpt lat="-12.0065850" lon="-71.2391210">
    <ele>335.4</ele>
    <time>2024-12-11T13:36:57Z</time>
   </trkpt>
   <trkpt lat="-12.0065850" lon="-71.2391210">
    <ele>335.4</ele>
    <time>2024-12-11T13:36:58Z</time>
   </trkpt>
   <trkpt lat="-12.0065850" lon="-71.2391210">
    <ele>335.4</ele>
    <time>2024-12-11T13:36:59Z</time>
   </trkpt>
   <trkpt lat="-12.0065850" lon="-71.2391210">
    <ele>335.4</ele>
    <time>2024-12-11T13:37:00Z</time>
   </trkpt>
   <trkpt lat="-12.0065840" lon="-71.2391210">
    <ele>335.4</ele>
    <time>2024-12-11T13:37:01Z</time>
   </trkpt>
   <trkpt lat="-12.0065840" lon="-71.2391210">
    <ele>335.4</ele>
    <time>2024-12-11T13:37:02Z</time>
   </trkpt>
   <trkpt lat="-12.0065840" lon="-71.2391210">
    <ele>335.4</ele>
    <time>2024-12-11T13:37:03Z</time>
   </trkpt>
   <trkpt lat="-12.0065840" lon="-71.2391210">
    <ele>335.4</ele>
    <time>2024-12-11T13:37:04Z</time>
   </trkpt>
   <trkpt lat="-12.0065840" lon="-71.2391210">
    <ele>335.4</ele>
    <time>2024-12-11T13:37:05Z</time>
   </trkpt>
   <trkpt lat="-12.0065830" lon="-71.2391210">
    <ele>335.4</ele>
    <time>2024-12-11T13:37:06Z</time>
   </trkpt>
   <trkpt lat="-12.0065830" lon="-71.2391210">
    <ele>335.4</ele>
    <time>2024-12-11T13:37:07Z</time>
   </trkpt>
   <trkpt lat="-12.0065830" lon="-71.2391210">
    <ele>335.4</ele>
    <time>2024-12-11T13:37:08Z</time>
   </trkpt>
   <trkpt lat="-12.0065830" lon="-71.2391210">
    <ele>335.4</ele>
    <time>2024-12-11T13:37:09Z</time>
   </trkpt>
   <trkpt lat="-12.0065830" lon="-71.2391210">
    <ele>335.4</ele>
    <time>2024-12-11T13:37:10Z</time>
   </trkpt>
   <trkpt lat="-12.0065820" lon="-71.2391210">
    <ele>335.4</ele>
    <time>2024-12-11T13:37:12Z</time>
   </trkpt>
   <trkpt lat="-12.0065820" lon="-71.2391210">
    <ele>335.4</ele>
    <time>2024-12-11T13:37:13Z</time>
   </trkpt>
   <trkpt lat="-12.0065820" lon="-71.2391210">
    <ele>335.4</ele>
    <time>2024-12-11T13:37:14Z</time>
   </trkpt>
   <trkpt lat="-12.0065820" lon="-71.2391210">
    <ele>335.4</ele>
    <time>2024-12-11T13:37:15Z</time>
   </trkpt>
   <trkpt lat="-12.0065810" lon="-71.2391210">
    <ele>335.4</ele>
    <time>2024-12-11T13:37:16Z</time>
   </trkpt>
   <trkpt lat="-12.0065810" lon="-71.2391210">
    <ele>335.4</ele>
    <time>2024-12-11T13:37:17Z</time>
   </trkpt>
   <trkpt lat="-12.0065810" lon="-71.2391210">
    <ele>335.4</ele>
    <time>2024-12-11T13:37:18Z</time>
   </trkpt>
   <trkpt lat="-12.0065810" lon="-71.2391210">
    <ele>335.4</ele>
    <time>2024-12-11T13:37:19Z</time>
   </trkpt>
   <trkpt lat="-12.0065810" lon="-71.2391210">
    <ele>335.4</ele>
    <time>2024-12-11T13:37:20Z</time>
   </trkpt>
   <trkpt lat="-12.0065800" lon="-71.2391210">
    <ele>335.4</ele>
    <time>2024-12-11T13:37:21Z</time>
   </trkpt>
   <trkpt lat="-12.0065800" lon="-71.2391210">
    <ele>335.4</ele>
    <time>2024-12-11T13:37:22Z</time>
   </trkpt>
   <trkpt lat="-12.0065800" lon="-71.2391210">
    <ele>335.4</ele>
    <time>2024-12-11T13:37:23Z</time>
   </trkpt>
   <trkpt lat="-12.0065800" lon="-71.2391210">
    <ele>335.4</ele>
    <time>2024-12-11T13:37:24Z</time>
   </trkpt>
   <trkpt lat="-12.0065800" lon="-71.2391210">
    <ele>335.4</ele>
    <time>2024-12-11T13:37:25Z</time>
   </trkpt>
   <trkpt lat="-12.0065790" lon="-71.2391210">
    <ele>335.4</ele>
    <time>2024-12-11T13:37:26Z</time>
   </trkpt>
   <trkpt lat="-12.0065790" lon="-71.2391210">
    <ele>335.4</ele>
    <time>2024-12-11T13:37:27Z</time>
   </trkpt>
   <trkpt lat="-12.0065790" lon="-71.2391210">
    <ele>335.4</ele>
    <time>2024-12-11T13:37:28Z</time>
   </trkpt>
   <trkpt lat="-12.0065790" lon="-71.2391210">
    <ele>335.4</ele>
    <time>2024-12-11T13:37:29Z</time>
   </trkpt>
   <trkpt lat="-12.0065790" lon="-71.2391210">
    <ele>335.4</ele>
    <time>2024-12-11T13:37:30Z</time>
   </trkpt>
   <trkpt lat="-12.0065780" lon="-71.2391210">
    <ele>335.4</ele>
    <time>2024-12-11T13:37:31Z</time>
   </trkpt>
   <trkpt lat="-12.0065780" lon="-71.2391210">
    <ele>335.4</ele>
    <time>2024-12-11T13:37:32Z</time>
   </trkpt>
   <trkpt lat="-12.0065780" lon="-71.2391200">
    <ele>335.4</ele>
    <time>2024-12-11T13:37:33Z</time>
   </trkpt>
   <trkpt lat="-12.0065780" lon="-71.2391200">
    <ele>335.4</ele>
    <time>2024-12-11T13:37:34Z</time>
   </trkpt>
   <trkpt lat="-12.0065780" lon="-71.2391200">
    <ele>335.4</ele>
    <time>2024-12-11T13:37:35Z</time>
   </trkpt>
   <trkpt lat="-12.0065770" lon="-71.2391200">
    <ele>335.4</ele>
    <time>2024-12-11T13:37:36Z</time>
   </trkpt>
   <trkpt lat="-12.0065770" lon="-71.2391200">
    <ele>335.4</ele>
    <time>2024-12-11T13:37:37Z</time>
   </trkpt>
   <trkpt lat="-12.0065770" lon="-71.2391200">
    <ele>335.4</ele>
    <time>2024-12-11T13:37:38Z</time>
   </trkpt>
   <trkpt lat="-12.0065770" lon="-71.2391200">
    <ele>335.4</ele>
    <time>2024-12-11T13:37:39Z</time>
   </trkpt>
   <trkpt lat="-12.0065770" lon="-71.2391200">
    <ele>335.4</ele>
    <time>2024-12-11T13:37:40Z</time>
   </trkpt>
   <trkpt lat="-12.0065760" lon="-71.2391200">
    <ele>335.4</ele>
    <time>2024-12-11T13:37:41Z</time>
   </trkpt>
   <trkpt lat="-12.0065760" lon="-71.2391200">
    <ele>335.4</ele>
    <time>2024-12-11T13:37:42Z</time>
   </trkpt>
   <trkpt lat="-12.0065760" lon="-71.2391200">
    <ele>335.4</ele>
    <time>2024-12-11T13:37:43Z</time>
   </trkpt>
   <trkpt lat="-12.0065760" lon="-71.2391200">
    <ele>335.4</ele>
    <time>2024-12-11T13:37:44Z</time>
   </trkpt>
   <trkpt lat="-12.0065760" lon="-71.2391200">
    <ele>335.4</ele>
    <time>2024-12-11T13:37:45Z</time>
   </trkpt>
   <trkpt lat="-12.0065750" lon="-71.2391200">
    <ele>335.4</ele>
    <time>2024-12-11T13:37:46Z</time>
   </trkpt>
   <trkpt lat="-12.0065750" lon="-71.2391200">
    <ele>335.4</ele>
    <time>2024-12-11T13:37:47Z</time>
   </trkpt>
   <trkpt lat="-12.0065750" lon="-71.2391200">
    <ele>335.4</ele>
    <time>2024-12-11T13:37:48Z</time>
   </trkpt>
   <trkpt lat="-12.0065750" lon="-71.2391200">
    <ele>335.4</ele>
    <time>2024-12-11T13:37:49Z</time>
   </trkpt>
   <trkpt lat="-12.0065750" lon="-71.2391200">
    <ele>335.4</ele>
    <time>2024-12-11T13:37:50Z</time>
   </trkpt>
   <trkpt lat="-12.0065740" lon="-71.2391200">
    <ele>335.4</ele>
    <time>2024-12-11T13:37:51Z</time>
   </trkpt>
   <trkpt lat="-12.0065740" lon="-71.2391200">
    <ele>335.4</ele>
    <time>2024-12-11T13:37:52Z</time>
   </trkpt>
   <trkpt lat="-12.0065740" lon="-71.2391200">
    <ele>335.4</ele>
    <time>2024-12-11T13:37:53Z</time>
   </trkpt>
   <trkpt lat="-12.0065740" lon="-71.2391200">
    <ele>335.4</ele>
    <time>2024-12-11T13:37:54Z</time>
   </trkpt>
   <trkpt lat="-12.0065740" lon="-71.2391200">
    <ele>335.4</ele>
    <time>2024-12-11T13:37:55Z</time>
   </trkpt>
   <trkpt lat="-12.0065730" lon="-71.2391200">
    <ele>335.4</ele>
    <time>2024-12-11T13:37:56Z</time>
   </trkpt>
   <trkpt lat="-12.0065730" lon="-71.2391200">
    <ele>335.4</ele>
    <time>2024-12-11T13:37:57Z</time>
   </trkpt>
   <trkpt lat="-12.0065730" lon="-71.2391200">
    <ele>335.4</ele>
    <time>2024-12-11T13:37:58Z</time>
   </trkpt>
   <trkpt lat="-12.0065730" lon="-71.2391200">
    <ele>335.4</ele>
    <time>2024-12-11T13:37:59Z</time>
   </trkpt>
   <trkpt lat="-12.0065730" lon="-71.2391200">
    <ele>335.4</ele>
    <time>2024-12-11T13:38:00Z</time>
   </trkpt>
   <trkpt lat="-12.0065720" lon="-71.2391200">
    <ele>335.4</ele>
    <time>2024-12-11T13:38:01Z</time>
   </trkpt>
   <trkpt lat="-12.0065720" lon="-71.2391200">
    <ele>335.4</ele>
    <time>2024-12-11T13:38:02Z</time>
   </trkpt>
   <trkpt lat="-12.0065720" lon="-71.2391200">
    <ele>335.4</ele>
    <time>2024-12-11T13:38:03Z</time>
   </trkpt>
   <trkpt lat="-12.0065720" lon="-71.2391200">
    <ele>335.4</ele>
    <time>2024-12-11T13:38:04Z</time>
   </trkpt>
   <trkpt lat="-12.0065720" lon="-71.2391200">
    <ele>335.4</ele>
    <time>2024-12-11T13:38:05Z</time>
   </trkpt>
   <trkpt lat="-12.0065710" lon="-71.2391200">
    <ele>335.4</ele>
    <time>2024-12-11T13:38:06Z</time>
   </trkpt>
   <trkpt lat="-12.0065710" lon="-71.2391200">
    <ele>335.4</ele>
    <time>2024-12-11T13:38:07Z</time>
   </trkpt>
   <trkpt lat="-12.0065710" lon="-71.2391200">
    <ele>335.4</ele>
    <time>2024-12-11T13:38:08Z</time>
   </trkpt>
   <trkpt lat="-12.0065710" lon="-71.2391200">
    <ele>335.4</ele>
    <time>2024-12-11T13:38:09Z</time>
   </trkpt>
   <trkpt lat="-12.0065710" lon="-71.2391200">
    <ele>335.4</ele>
    <time>2024-12-11T13:38:10Z</time>
   </trkpt>
   <trkpt lat="-12.0065700" lon="-71.2391200">
    <ele>335.4</ele>
    <time>2024-12-11T13:38:11Z</time>
   </trkpt>
   <trkpt lat="-12.0065700" lon="-71.2391200">
    <ele>335.4</ele>
    <time>2024-12-11T13:38:12Z</time>
   </trkpt>
   <trkpt lat="-12.0065700" lon="-71.2391200">
    <ele>335.4</ele>
    <time>2024-12-11T13:38:13Z</time>
   </trkpt>
   <trkpt lat="-12.0065720" lon="-71.2391230">
    <ele>335.4</ele>
    <time>2024-12-11T13:38:14Z</time>
   </trkpt>
   <trkpt lat="-12.0065720" lon="-71.2391240">
    <ele>335.4</ele>
    <time>2024-12-11T13:38:15Z</time>
   </trkpt>
   <trkpt lat="-12.0065720" lon="-71.2391240">
    <ele>335.4</ele>
    <time>2024-12-11T13:38:16Z</time>
   </trkpt>
   <trkpt lat="-12.0065720" lon="-71.2391240">
    <ele>335.4</ele>
    <time>2024-12-11T13:38:17Z</time>
   </trkpt>
   <trkpt lat="-12.0065720" lon="-71.2391240">
    <ele>335.4</ele>
    <time>2024-12-11T13:38:18Z</time>
   </trkpt>
   <trkpt lat="-12.0065720" lon="-71.2391250">
    <ele>335.4</ele>
    <time>2024-12-11T13:38:19Z</time>
   </trkpt>
   <trkpt lat="-12.0065720" lon="-71.2391250">
    <ele>335.4</ele>
    <time>2024-12-11T13:38:20Z</time>
   </trkpt>
   <trkpt lat="-12.0065720" lon="-71.2391250">
    <ele>335.4</ele>
    <time>2024-12-11T13:38:21Z</time>
   </trkpt>
   <trkpt lat="-12.0065720" lon="-71.2391260">
    <ele>335.4</ele>
    <time>2024-12-11T13:38:22Z</time>
   </trkpt>
   <trkpt lat="-12.0065720" lon="-71.2391260">
    <ele>335.4</ele>
    <time>2024-12-11T13:38:23Z</time>
   </trkpt>
   <trkpt lat="-12.0065720" lon="-71.2391260">
    <ele>335.4</ele>
    <time>2024-12-11T13:38:24Z</time>
   </trkpt>
   <trkpt lat="-12.0065720" lon="-71.2391260">
    <ele>335.4</ele>
    <time>2024-12-11T13:38:25Z</time>
   </trkpt>
   <trkpt lat="-12.0065720" lon="-71.2391270">
    <ele>335.4</ele>
    <time>2024-12-11T13:38:26Z</time>
   </trkpt>
   <trkpt lat="-12.0065720" lon="-71.2391270">
    <ele>335.4</ele>
    <time>2024-12-11T13:38:27Z</time>
   </trkpt>
   <trkpt lat="-12.0065720" lon="-71.2391270">
    <ele>335.4</ele>
    <time>2024-12-11T13:38:28Z</time>
   </trkpt>
   <trkpt lat="-12.0065720" lon="-71.2391270">
    <ele>335.4</ele>
    <time>2024-12-11T13:38:29Z</time>
   </trkpt>
   <trkpt lat="-12.0065720" lon="-71.2391280">
    <ele>335.4</ele>
    <time>2024-12-11T13:38:30Z</time>
   </trkpt>
   <trkpt lat="-12.0065720" lon="-71.2391280">
    <ele>335.4</ele>
    <time>2024-12-11T13:38:31Z</time>
   </trkpt>
   <trkpt lat="-12.0065720" lon="-71.2391280">
    <ele>335.4</ele>
    <time>2024-12-11T13:38:32Z</time>
   </trkpt>
   <trkpt lat="-12.0065720" lon="-71.2391290">
    <ele>335.4</ele>
    <time>2024-12-11T13:38:33Z</time>
   </trkpt>
   <trkpt lat="-12.0065720" lon="-71.2391290">
    <ele>335.4</ele>
    <time>2024-12-11T13:38:34Z</time>
   </trkpt>
   <trkpt lat="-12.0065720" lon="-71.2391290">
    <ele>335.4</ele>
    <time>2024-12-11T13:38:35Z</time>
   </trkpt>
   <trkpt lat="-12.0065720" lon="-71.2391290">
    <ele>335.4</ele>
    <time>2024-12-11T13:38:36Z</time>
   </trkpt>
   <trkpt lat="-12.0065720" lon="-71.2391300">
    <ele>335.4</ele>
    <time>2024-12-11T13:38:37Z</time>
   </trkpt>
   <trkpt lat="-12.0065720" lon="-71.2391300">
    <ele>335.4</ele>
    <time>2024-12-11T13:38:38Z</time>
   </trkpt>
   <trkpt lat="-12.0065720" lon="-71.2391300">
    <ele>335.4</ele>
    <time>2024-12-11T13:38:39Z</time>
   </trkpt>
   <trkpt lat="-12.0065720" lon="-71.2391310">
    <ele>335.4</ele>
    <time>2024-12-11T13:38:40Z</time>
   </trkpt>
   <trkpt lat="-12.0065720" lon="-71.2391310">
    <ele>335.4</ele>
    <time>2024-12-11T13:38:41Z</time>
   </trkpt>
   <trkpt lat="-12.0065720" lon="-71.2391310">
    <ele>335.4</ele>
    <time>2024-12-11T13:38:42Z</time>
   </trkpt>
   <trkpt lat="-12.0065720" lon="-71.2391310">
    <ele>335.4</ele>
    <time>2024-12-11T13:38:43Z</time>
   </trkpt>
   <trkpt lat="-12.0065720" lon="-71.2391320">
    <ele>335.4</ele>
    <time>2024-12-11T13:38:44Z</time>
   </trkpt>
   <trkpt lat="-12.0065720" lon="-71.2391320">
    <ele>335.4</ele>
    <time>2024-12-11T13:38:45Z</time>
   </trkpt>
   <trkpt lat="-12.0065720" lon="-71.2391320">
    <ele>335.4</ele>
    <time>2024-12-11T13:38:46Z</time>
   </trkpt>
   <trkpt lat="-12.0065720" lon="-71.2391320">
    <ele>335.4</ele>
    <time>2024-12-11T13:38:47Z</time>
   </trkpt>
   <trkpt lat="-12.0065720" lon="-71.2391330">
    <ele>335.4</ele>
    <time>2024-12-11T13:38:48Z</time>
   </trkpt>
   <trkpt lat="-12.0065720" lon="-71.2391330">
    <ele>335.4</ele>
    <time>2024-12-11T13:38:49Z</time>
   </trkpt>
   <trkpt lat="-12.0065720" lon="-71.2391330">
    <ele>335.4</ele>
    <time>2024-12-11T13:38:50Z</time>
   </trkpt>
   <trkpt lat="-12.0065720" lon="-71.2391340">
    <ele>335.4</ele>
    <time>2024-12-11T13:38:51Z</time>
   </trkpt>
   <trkpt lat="-12.0065720" lon="-71.2391340">
    <ele>335.4</ele>
    <time>2024-12-11T13:38:52Z</time>
   </trkpt>
   <trkpt lat="-12.0065720" lon="-71.2391340">
    <ele>335.4</ele>
    <time>2024-12-11T13:38:53Z</time>
   </trkpt>
   <trkpt lat="-12.0065720" lon="-71.2391340">
    <ele>335.4</ele>
    <time>2024-12-11T13:38:54Z</time>
   </trkpt>
   <trkpt lat="-12.0065720" lon="-71.2391350">
    <ele>335.4</ele>
    <time>2024-12-11T13:38:55Z</time>
   </trkpt>
   <trkpt lat="-12.0065720" lon="-71.2391350">
    <ele>335.4</ele>
    <time>2024-12-11T13:38:56Z</time>
   </trkpt>
   <trkpt lat="-12.0065720" lon="-71.2391350">
    <ele>335.4</ele>
    <time>2024-12-11T13:38:57Z</time>
   </trkpt>
   <trkpt lat="-12.0065720" lon="-71.2391360">
    <ele>335.5</ele>
    <time>2024-12-11T13:38:58Z</time>
   </trkpt>
   <trkpt lat="-12.0065720" lon="-71.2391360">
    <ele>335.5</ele>
    <time>2024-12-11T13:38:59Z</time>
   </trkpt>
   <trkpt lat="-12.0065720" lon="-71.2391360">
    <ele>335.5</ele>
    <time>2024-12-11T13:39:00Z</time>
   </trkpt>
   <trkpt lat="-12.0065720" lon="-71.2391360">
    <ele>335.5</ele>
    <time>2024-12-11T13:39:01Z</time>
   </trkpt>
   <trkpt lat="-12.0065720" lon="-71.2391370">
    <ele>335.5</ele>
    <time>2024-12-11T13:39:02Z</time>
   </trkpt>
   <trkpt lat="-12.0065720" lon="-71.2391370">
    <ele>335.5</ele>
    <time>2024-12-11T13:39:03Z</time>
   </trkpt>
   <trkpt lat="-12.0065720" lon="-71.2391370">
    <ele>335.5</ele>
    <time>2024-12-11T13:39:04Z</time>
   </trkpt>
   <trkpt lat="-12.0065720" lon="-71.2391370">
    <ele>335.5</ele>
    <time>2024-12-11T13:39:05Z</time>
   </trkpt>
   <trkpt lat="-12.0065720" lon="-71.2391380">
    <ele>335.5</ele>
    <time>2024-12-11T13:39:06Z</time>
   </trkpt>
   <trkpt lat="-12.0065720" lon="-71.2391380">
    <ele>335.5</ele>
    <time>2024-12-11T13:39:07Z</time>
   </trkpt>
   <trkpt lat="-12.0065720" lon="-71.2391380">
    <ele>335.5</ele>
    <time>2024-12-11T13:39:08Z</time>
   </trkpt>
   <trkpt lat="-12.0065720" lon="-71.2391390">
    <ele>335.5</ele>
    <time>2024-12-11T13:39:09Z</time>
   </trkpt>
   <trkpt lat="-12.0065720" lon="-71.2391390">
    <ele>335.5</ele>
    <time>2024-12-11T13:39:10Z</time>
   </trkpt>
   <trkpt lat="-12.0065720" lon="-71.2391390">
    <ele>335.5</ele>
    <time>2024-12-11T13:39:11Z</time>
   </trkpt>
   <trkpt lat="-12.0065720" lon="-71.2391390">
    <ele>335.5</ele>
    <time>2024-12-11T13:39:12Z</time>
   </trkpt>
   <trkpt lat="-12.0065720" lon="-71.2391400">
    <ele>335.5</ele>
    <time>2024-12-11T13:39:13Z</time>
   </trkpt>
   <trkpt lat="-12.0065720" lon="-71.2391400">
    <ele>335.5</ele>
    <time>2024-12-11T13:39:14Z</time>
   </trkpt>
   <trkpt lat="-12.0065720" lon="-71.2391400">
    <ele>335.5</ele>
    <time>2024-12-11T13:39:15Z</time>
   </trkpt>
   <trkpt lat="-12.0065720" lon="-71.2391410">
    <ele>335.5</ele>
    <time>2024-12-11T13:39:16Z</time>
   </trkpt>
   <trkpt lat="-12.0065720" lon="-71.2391410">
    <ele>335.5</ele>
    <time>2024-12-11T13:39:18Z</time>
   </trkpt>
   <trkpt lat="-12.0065720" lon="-71.2391410">
    <ele>335.5</ele>
    <time>2024-12-11T13:39:19Z</time>
   </trkpt>
   <trkpt lat="-12.0065720" lon="-71.2391410">
    <ele>335.5</ele>
    <time>2024-12-11T13:39:20Z</time>
   </trkpt>
   <trkpt lat="-12.0065720" lon="-71.2391420">
    <ele>335.5</ele>
    <time>2024-12-11T13:39:21Z</time>
   </trkpt>
   <trkpt lat="-12.0065720" lon="-71.2391420">
    <ele>335.5</ele>
    <time>2024-12-11T13:39:22Z</time>
   </trkpt>
   <trkpt lat="-12.0065720" lon="-71.2391420">
    <ele>335.5</ele>
    <time>2024-12-11T13:39:23Z</time>
   </trkpt>
   <trkpt lat="-12.0065720" lon="-71.2391420">
    <ele>335.5</ele>
    <time>2024-12-11T13:39:24Z</time>
   </trkpt>
   <trkpt lat="-12.0065720" lon="-71.2391430">
    <ele>335.5</ele>
    <time>2024-12-11T13:39:25Z</time>
   </trkpt>
   <trkpt lat="-12.0065720" lon="-71.2391430">
    <ele>335.5</ele>
    <time>2024-12-11T13:39:26Z</time>
   </trkpt>
   <trkpt lat="-12.0065720" lon="-71.2391430">
    <ele>335.5</ele>
    <time>2024-12-11T13:39:27Z</time>
   </trkpt>
   <trkpt lat="-12.0065720" lon="-71.2391440">
    <ele>335.5</ele>
    <time>2024-12-11T13:39:28Z</time>
   </trkpt>
   <trkpt lat="-12.0065720" lon="-71.2391440">
    <ele>335.5</ele>
    <time>2024-12-11T13:39:29Z</time>
   </trkpt>
   <trkpt lat="-12.0065720" lon="-71.2391440">
    <ele>335.5</ele>
    <time>2024-12-11T13:39:30Z</time>
   </trkpt>
   <trkpt lat="-12.0065720" lon="-71.2391440">
    <ele>335.5</ele>
    <time>2024-12-11T13:39:31Z</time>
   </trkpt>
   <trkpt lat="-12.0065720" lon="-71.2391450">
    <ele>335.5</ele>
    <time>2024-12-11T13:39:32Z</time>
   </trkpt>
   <trkpt lat="-12.0065720" lon="-71.2391450">
    <ele>335.5</ele>
    <time>2024-12-11T13:39:33Z</time>
   </trkpt>
   <trkpt lat="-12.0065720" lon="-71.2391450">
    <ele>335.5</ele>
    <time>2024-12-11T13:39:34Z</time>
   </trkpt>
   <trkpt lat="-12.0065720" lon="-71.2391460">
    <ele>335.5</ele>
    <time>2024-12-11T13:39:35Z</time>
   </trkpt>
   <trkpt lat="-12.0065720" lon="-71.2391460">
    <ele>335.5</ele>
    <time>2024-12-11T13:39:36Z</time>
   </trkpt>
   <trkpt lat="-12.0065720" lon="-71.2391460">
    <ele>335.5</ele>
    <time>2024-12-11T13:39:37Z</time>
   </trkpt>
   <trkpt lat="-12.0065720" lon="-71.2391460">
    <ele>335.5</ele>
    <time>2024-12-11T13:39:38Z</time>
   </trkpt>
   <trkpt lat="-12.0065720" lon="-71.2391470">
    <ele>335.5</ele>
    <time>2024-12-11T13:39:39Z</time>
   </trkpt>
   <trkpt lat="-12.0065720" lon="-71.2391470">
    <ele>335.5</ele>
    <time>2024-12-11T13:39:40Z</time>
   </trkpt>
   <trkpt lat="-12.0065720" lon="-71.2391470">
    <ele>335.5</ele>
    <time>2024-12-11T13:39:41Z</time>
   </trkpt>
   <trkpt lat="-12.0065720" lon="-71.2391470">
    <ele>335.5</ele>
    <time>2024-12-11T13:39:42Z</time>
   </trkpt>
   <trkpt lat="-12.0065720" lon="-71.2391480">
    <ele>335.5</ele>
    <time>2024-12-11T13:39:43Z</time>
   </trkpt>
   <trkpt lat="-12.0065720" lon="-71.2391480">
    <ele>335.5</ele>
    <time>2024-12-11T13:39:44Z</time>
   </trkpt>
   <trkpt lat="-12.0065720" lon="-71.2391480">
    <ele>335.5</ele>
    <time>2024-12-11T13:39:45Z</time>
   </trkpt>
   <trkpt lat="-12.0065720" lon="-71.2391490">
    <ele>335.5</ele>
    <time>2024-12-11T13:39:46Z</time>
   </trkpt>
   <trkpt lat="-12.0065720" lon="-71.2391490">
    <ele>335.5</ele>
    <time>2024-12-11T13:39:47Z</time>
   </trkpt>
   <trkpt lat="-12.0065720" lon="-71.2391490">
    <ele>335.5</ele>
    <time>2024-12-11T13:39:48Z</time>
   </trkpt>
   <trkpt lat="-12.0065720" lon="-71.2391490">
    <ele>335.5</ele>
    <time>2024-12-11T13:39:49Z</time>
   </trkpt>
   <trkpt lat="-12.0065720" lon="-71.2391500">
    <ele>335.5</ele>
    <time>2024-12-11T13:39:50Z</time>
   </trkpt>
   <trkpt lat="-12.0065720" lon="-71.2391500">
    <ele>335.5</ele>
    <time>2024-12-11T13:39:51Z</time>
   </trkpt>
   <trkpt lat="-12.0065720" lon="-71.2391500">
    <ele>335.5</ele>
    <time>2024-12-11T13:39:52Z</time>
   </trkpt>
   <trkpt lat="-12.0065720" lon="-71.2391510">
    <ele>335.5</ele>
    <time>2024-12-11T13:39:53Z</time>
   </trkpt>
   <trkpt lat="-12.0065710" lon="-71.2391510">
    <ele>335.5</ele>
    <time>2024-12-11T13:39:54Z</time>
   </trkpt>
   <trkpt lat="-12.0065710" lon="-71.2391510">
    <ele>335.5</ele>
    <time>2024-12-11T13:39:55Z</time>
   </trkpt>
   <trkpt lat="-12.0065710" lon="-71.2391510">
    <ele>335.5</ele>
    <time>2024-12-11T13:39:56Z</time>
   </trkpt>
   <trkpt lat="-12.0065710" lon="-71.2391520">
    <ele>335.5</ele>
    <time>2024-12-11T13:39:57Z</time>
   </trkpt>
   <trkpt lat="-12.0065710" lon="-71.2391520">
    <ele>335.5</ele>
    <time>2024-12-11T13:39:58Z</time>
   </trkpt>
   <trkpt lat="-12.0065710" lon="-71.2391520">
    <ele>335.5</ele>
    <time>2024-12-11T13:39:59Z</time>
   </trkpt>
   <trkpt lat="-12.0065710" lon="-71.2391520">
    <ele>335.5</ele>
    <time>2024-12-11T13:40:00Z</time>
   </trkpt>
   <trkpt lat="-12.0065710" lon="-71.2391530">
    <ele>335.5</ele>
    <time>2024-12-11T13:40:01Z</time>
   </trkpt>
   <trkpt lat="-12.0065710" lon="-71.2391530">
    <ele>335.5</ele>
    <time>2024-12-11T13:40:02Z</time>
   </trkpt>
   <trkpt lat="-12.0065710" lon="-71.2391530">
    <ele>335.5</ele>
    <time>2024-12-11T13:40:03Z</time>
   </trkpt>
   <trkpt lat="-12.0065710" lon="-71.2391540">
    <ele>335.5</ele>
    <time>2024-12-11T13:40:04Z</time>
   </trkpt>
   <trkpt lat="-12.0065710" lon="-71.2391540">
    <ele>335.5</ele>
    <time>2024-12-11T13:40:05Z</time>
   </trkpt>
   <trkpt lat="-12.0065710" lon="-71.2391540">
    <ele>335.5</ele>
    <time>2024-12-11T13:40:06Z</time>
   </trkpt>
   <trkpt lat="-12.0065710" lon="-71.2391540">
    <ele>335.5</ele>
    <time>2024-12-11T13:40:07Z</time>
   </trkpt>
   <trkpt lat="-12.0065710" lon="-71.2391550">
    <ele>335.5</ele>
    <time>2024-12-11T13:40:08Z</time>
   </trkpt>
   <trkpt lat="-12.0065710" lon="-71.2391550">
    <ele>335.5</ele>
    <time>2024-12-11T13:40:09Z</time>
   </trkpt>
   <trkpt lat="-12.0065710" lon="-71.2391550">
    <ele>335.5</ele>
    <time>2024-12-11T13:40:10Z</time>
   </trkpt>
   <trkpt lat="-12.0065710" lon="-71.2391560">
    <ele>335.5</ele>
    <time>2024-12-11T13:40:11Z</time>
   </trkpt>
   <trkpt lat="-12.0065710" lon="-71.2391560">
    <ele>335.5</ele>
    <time>2024-12-11T13:40:12Z</time>
   </trkpt>
   <trkpt lat="-12.0065710" lon="-71.2391560">
    <ele>335.5</ele>
    <time>2024-12-11T13:40:13Z</time>
   </trkpt>
   <trkpt lat="-12.0065710" lon="-71.2391560">
    <ele>335.5</ele>
    <time>2024-12-11T13:40:14Z</time>
   </trkpt>
   <trkpt lat="-12.0065710" lon="-71.2391570">
    <ele>335.5</ele>
    <time>2024-12-11T13:40:15Z</time>
   </trkpt>
   <trkpt lat="-12.0065710" lon="-71.2391570">
    <ele>335.5</ele>
    <time>2024-12-11T13:40:16Z</time>
   </trkpt>
   <trkpt lat="-12.0065710" lon="-71.2391570">
    <ele>335.5</ele>
    <time>2024-12-11T13:40:17Z</time>
   </trkpt>
   <trkpt lat="-12.0065710" lon="-71.2391570">
    <ele>335.5</ele>
    <time>2024-12-11T13:40:18Z</time>
   </trkpt>
   <trkpt lat="-12.0065710" lon="-71.2391580">
    <ele>335.5</ele>
    <time>2024-12-11T13:40:19Z</time>
   </trkpt>
   <trkpt lat="-12.0065710" lon="-71.2391580">
    <ele>335.5</ele>
    <time>2024-12-11T13:40:20Z</time>
   </trkpt>
   <trkpt lat="-12.0065710" lon="-71.2391580">
    <ele>335.5</ele>
    <time>2024-12-11T13:40:21Z</time>
   </trkpt>
   <trkpt lat="-12.0065710" lon="-71.2391590">
    <ele>335.5</ele>
    <time>2024-12-11T13:40:22Z</time>
   </trkpt>
   <trkpt lat="-12.0065710" lon="-71.2391590">
    <ele>335.5</ele>
    <time>2024-12-11T13:40:23Z</time>
   </trkpt>
   <trkpt lat="-12.0065710" lon="-71.2391590">
    <ele>335.5</ele>
    <time>2024-12-11T13:40:24Z</time>
   </trkpt>
   <trkpt lat="-12.0065710" lon="-71.2391590">
    <ele>335.5</ele>
    <time>2024-12-11T13:40:25Z</time>
   </trkpt>
   <trkpt lat="-12.0065710" lon="-71.2391600">
    <ele>335.5</ele>
    <time>2024-12-11T13:40:26Z</time>
   </trkpt>
   <trkpt lat="-12.0065710" lon="-71.2391600">
    <ele>335.5</ele>
    <time>2024-12-11T13:40:27Z</time>
   </trkpt>
   <trkpt lat="-12.0065710" lon="-71.2391600">
    <ele>335.5</ele>
    <time>2024-12-11T13:40:28Z</time>
   </trkpt>
   <trkpt lat="-12.0065710" lon="-71.2391610">
    <ele>335.5</ele>
    <time>2024-12-11T13:40:29Z</time>
   </trkpt>
   <trkpt lat="-12.0065710" lon="-71.2391610">
    <ele>335.5</ele>
    <time>2024-12-11T13:40:30Z</time>
   </trkpt>
   <trkpt lat="-12.0065710" lon="-71.2391610">
    <ele>335.5</ele>
    <time>2024-12-11T13:40:31Z</time>
   </trkpt>
   <trkpt lat="-12.0065710" lon="-71.2391610">
    <ele>335.5</ele>
    <time>2024-12-11T13:40:32Z</time>
   </trkpt>
   <trkpt lat="-12.0065710" lon="-71.2391620">
    <ele>335.5</ele>
    <time>2024-12-11T13:40:33Z</time>
   </trkpt>
   <trkpt lat="-12.0065710" lon="-71.2391620">
    <ele>335.5</ele>
    <time>2024-12-11T13:40:34Z</time>
   </trkpt>
   <trkpt lat="-12.0065710" lon="-71.2391620">
    <ele>335.5</ele>
    <time>2024-12-11T13:40:35Z</time>
   </trkpt>
   <trkpt lat="-12.0065710" lon="-71.2391620">
    <ele>335.5</ele>
    <time>2024-12-11T13:40:36Z</time>
   </trkpt>
   <trkpt lat="-12.0065710" lon="-71.2391630">
    <ele>335.5</ele>
    <time>2024-12-11T13:40:37Z</time>
   </trkpt>
   <trkpt lat="-12.0065710" lon="-71.2391630">
    <ele>335.5</ele>
    <time>2024-12-11T13:40:38Z</time>
   </trkpt>
   <trkpt lat="-12.0065710" lon="-71.2391630">
    <ele>335.5</ele>
    <time>2024-12-11T13:40:39Z</time>
   </trkpt>
   <trkpt lat="-12.0065710" lon="-71.2391640">
    <ele>335.5</ele>
    <time>2024-12-11T13:40:40Z</time>
   </trkpt>
   <trkpt lat="-12.0065710" lon="-71.2391640">
    <ele>335.5</ele>
    <time>2024-12-11T13:40:41Z</time>
   </trkpt>
   <trkpt lat="-12.0065710" lon="-71.2391640">
    <ele>335.5</ele>
    <time>2024-12-11T13:40:42Z</time>
   </trkpt>
   <trkpt lat="-12.0065710" lon="-71.2391640">
    <ele>335.5</ele>
    <time>2024-12-11T13:40:43Z</time>
   </trkpt>
   <trkpt lat="-12.0065710" lon="-71.2391650">
    <ele>335.5</ele>
    <time>2024-12-11T13:40:44Z</time>
   </trkpt>
   <trkpt lat="-12.0065710" lon="-71.2391650">
    <ele>335.5</ele>
    <time>2024-12-11T13:40:45Z</time>
   </trkpt>
   <trkpt lat="-12.0065710" lon="-71.2391650">
    <ele>335.5</ele>
    <time>2024-12-11T13:40:46Z</time>
   </trkpt>
   <trkpt lat="-12.0065710" lon="-71.2391660">
    <ele>335.5</ele>
    <time>2024-12-11T13:40:47Z</time>
   </trkpt>
   <trkpt lat="-12.0065710" lon="-71.2391660">
    <ele>335.5</ele>
    <time>2024-12-11T13:40:48Z</time>
   </trkpt>
   <trkpt lat="-12.0065710" lon="-71.2391660">
    <ele>335.5</ele>
    <time>2024-12-11T13:40:49Z</time>
   </trkpt>
   <trkpt lat="-12.0065710" lon="-71.2391660">
    <ele>335.5</ele>
    <time>2024-12-11T13:40:50Z</time>
   </trkpt>
   <trkpt lat="-12.0065710" lon="-71.2391670">
    <ele>335.5</ele>
    <time>2024-12-11T13:40:51Z</time>
   </trkpt>
   <trkpt lat="-12.0065710" lon="-71.2391670">
    <ele>335.5</ele>
    <time>2024-12-11T13:40:52Z</time>
   </trkpt>
   <trkpt lat="-12.0065710" lon="-71.2391670">
    <ele>335.5</ele>
    <time>2024-12-11T13:40:53Z</time>
   </trkpt>
   <trkpt lat="-12.0065710" lon="-71.2391670">
    <ele>335.5</ele>
    <time>2024-12-11T13:40:54Z</time>
   </trkpt>
   <trkpt lat="-12.0065710" lon="-71.2391680">
    <ele>335.5</ele>
    <time>2024-12-11T13:40:55Z</time>
   </trkpt>
   <trkpt lat="-12.0065710" lon="-71.2391680">
    <ele>335.5</ele>
    <time>2024-12-11T13:40:56Z</time>
   </trkpt>
   <trkpt lat="-12.0065710" lon="-71.2391680">
    <ele>335.5</ele>
    <time>2024-12-11T13:40:57Z</time>
   </trkpt>
   <trkpt lat="-12.0065710" lon="-71.2391690">
    <ele>335.5</ele>
    <time>2024-12-11T13:40:58Z</time>
   </trkpt>
   <trkpt lat="-12.0065710" lon="-71.2391690">
    <ele>335.5</ele>
    <time>2024-12-11T13:40:59Z</time>
   </trkpt>
   <trkpt lat="-12.0065710" lon="-71.2391690">
    <ele>335.5</ele>
    <time>2024-12-11T13:41:00Z</time>
   </trkpt>
   <trkpt lat="-12.0065710" lon="-71.2391690">
    <ele>335.5</ele>
    <time>2024-12-11T13:41:01Z</time>
   </trkpt>
   <trkpt lat="-12.0065710" lon="-71.2391700">
    <ele>335.5</ele>
    <time>2024-12-11T13:41:02Z</time>
   </trkpt>
   <trkpt lat="-12.0065710" lon="-71.2391700">
    <ele>335.5</ele>
    <time>2024-12-11T13:41:03Z</time>
   </trkpt>
   <trkpt lat="-12.0065710" lon="-71.2391700">
    <ele>335.5</ele>
    <time>2024-12-11T13:41:04Z</time>
   </trkpt>
   <trkpt lat="-12.0065710" lon="-71.2391710">
    <ele>335.5</ele>
    <time>2024-12-11T13:41:05Z</time>
   </trkpt>
   <trkpt lat="-12.0065710" lon="-71.2391710">
    <ele>335.5</ele>
    <time>2024-12-11T13:41:06Z</time>
   </trkpt>
   <trkpt lat="-12.0065710" lon="-71.2391710">
    <ele>335.5</ele>
    <time>2024-12-11T13:41:07Z</time>
   </trkpt>
   <trkpt lat="-12.0065710" lon="-71.2391710">
    <ele>335.5</ele>
    <time>2024-12-11T13:41:08Z</time>
   </trkpt>
   <trkpt lat="-12.0065710" lon="-71.2391720">
    <ele>335.5</ele>
    <time>2024-12-11T13:41:09Z</time>
   </trkpt>
   <trkpt lat="-12.0065710" lon="-71.2391720">
    <ele>335.5</ele>
    <time>2024-12-11T13:41:10Z</time>
   </trkpt>
   <trkpt lat="-12.0065710" lon="-71.2391720">
    <ele>335.5</ele>
    <time>2024-12-11T13:41:11Z</time>
   </trkpt>
   <trkpt lat="-12.0065710" lon="-71.2391720">
    <ele>335.5</ele>
    <time>2024-12-11T13:41:12Z</time>
   </trkpt>
   <trkpt lat="-12.0065710" lon="-71.2391730">
    <ele>335.5</ele>
    <time>2024-12-11T13:41:13Z</time>
   </trkpt>
   <trkpt lat="-12.0065710" lon="-71.2391730">
    <ele>335.5</ele>
    <time>2024-12-11T13:41:14Z</time>
   </trkpt>
   <trkpt lat="-12.0065710" lon="-71.2391730">
    <ele>335.5</ele>
    <time>2024-12-11T13:41:15Z</time>
   </trkpt>
   <trkpt lat="-12.0065710" lon="-71.2391740">
    <ele>335.5</ele>
    <time>2024-12-11T13:41:16Z</time>
   </trkpt>
   <trkpt lat="-12.0065710" lon="-71.2391740">
    <ele>335.5</ele>
    <time>2024-12-11T13:41:17Z</time>
   </trkpt>
   <trkpt lat="-12.0065710" lon="-71.2391740">
    <ele>335.5</ele>
    <time>2024-12-11T13:41:18Z</time>
   </trkpt>
   <trkpt lat="-12.0065710" lon="-71.2391740">
    <ele>335.5</ele>
    <time>2024-12-11T13:41:19Z</time>
   </trkpt>
   <trkpt lat="-12.0065710" lon="-71.2391750">
    <ele>335.5</ele>
    <time>2024-12-11T13:41:20Z</time>
   </trkpt>
   <trkpt lat="-12.0065710" lon="-71.2391750">
    <ele>335.5</ele>
    <time>2024-12-11T13:41:21Z</time>
   </trkpt>
   <trkpt lat="-12.0065710" lon="-71.2391750">
    <ele>335.5</ele>
    <time>2024-12-11T13:41:22Z</time>
   </trkpt>
   <trkpt lat="-12.0065710" lon="-71.2391760">
    <ele>335.5</ele>
    <time>2024-12-11T13:41:24Z</time>
   </trkpt>
   <trkpt lat="-12.0065710" lon="-71.2391760">
    <ele>335.5</ele>
    <time>2024-12-11T13:41:25Z</time>
   </trkpt>
   <trkpt lat="-12.0065710" lon="-71.2391760">
    <ele>335.5</ele>
    <time>2024-12-11T13:41:26Z</time>
   </trkpt>
   <trkpt lat="-12.0065710" lon="-71.2391760">
    <ele>335.5</ele>
    <time>2024-12-11T13:41:27Z</time>
   </trkpt>
   <trkpt lat="-12.0065710" lon="-71.2391770">
    <ele>335.5</ele>
    <time>2024-12-11T13:41:28Z</time>
   </trkpt>
   <trkpt lat="-12.0065710" lon="-71.2391770">
    <ele>335.5</ele>
    <time>2024-12-11T13:41:29Z</time>
   </trkpt>
   <trkpt lat="-12.0065710" lon="-71.2391770">
    <ele>335.5</ele>
    <time>2024-12-11T13:41:30Z</time>
   </trkpt>
   <trkpt lat="-12.0065710" lon="-71.2391770">
    <ele>335.5</ele>
    <time>2024-12-11T13:41:31Z</time>
   </trkpt>
   <trkpt lat="-12.0065710" lon="-71.2391780">
    <ele>335.5</ele>
    <time>2024-12-11T13:41:32Z</time>
   </trkpt>
   <trkpt lat="-12.0065710" lon="-71.2391780">
    <ele>335.5</ele>
    <time>2024-12-11T13:41:33Z</time>
   </trkpt>
   <trkpt lat="-12.0065910" lon="-71.2391780">
    <ele>335.5</ele>
    <time>2024-12-11T13:41:34Z</time>
   </trkpt>
   <trkpt lat="-12.0066030" lon="-71.2391760">
    <ele>335.5</ele>
    <time>2024-12-11T13:41:35Z</time>
   </trkpt>
   <trkpt lat="-12.0066160" lon="-71.2391750">
    <ele>335.5</ele>
    <time>2024-12-11T13:41:36Z</time>
   </trkpt>
   <trkpt lat="-12.0066340" lon="-71.2391700">
    <ele>335.5</ele>
    <time>2024-12-11T13:41:37Z</time>
   </trkpt>
   <trkpt lat="-12.0066430" lon="-71.2391680">
    <ele>335.5</ele>
    <time>2024-12-11T13:41:38Z</time>
   </trkpt>
   <trkpt lat="-12.0066510" lon="-71.2391660">
    <ele>335.5</ele>
    <time>2024-12-11T13:41:39Z</time>
   </trkpt>
   <trkpt lat="-12.0066600" lon="-71.2391640">
    <ele>335.5</ele>
    <time>2024-12-11T13:41:40Z</time>
   </trkpt>
   <trkpt lat="-12.0066680" lon="-71.2391620">
    <ele>335.6</ele>
    <time>2024-12-11T13:41:41Z</time>
   </trkpt>
   <trkpt lat="-12.0066770" lon="-71.2391630">
    <ele>335.6</ele>
    <time>2024-12-11T13:41:42Z</time>
   </trkpt>
   <trkpt lat="-12.0066930" lon="-71.2391420">
    <ele>335.6</ele>
    <time>2024-12-11T13:41:43Z</time>
   </trkpt>
   <trkpt lat="-12.0067150" lon="-71.2391240">
    <ele>335.6</ele>
    <time>2024-12-11T13:41:44Z</time>
   </trkpt>
   <trkpt lat="-12.0067210" lon="-71.2391170">
    <ele>335.6</ele>
    <time>2024-12-11T13:41:45Z</time>
   </trkpt>
   <trkpt lat="-12.0067280" lon="-71.2390970">
    <ele>335.6</ele>
    <time>2024-12-11T13:41:46Z</time>
   </trkpt>
   <trkpt lat="-12.0067310" lon="-71.2390920">
    <ele>335.6</ele>
    <time>2024-12-11T13:41:47Z</time>
   </trkpt>
   <trkpt lat="-12.0067330" lon="-71.2390860">
    <ele>335.6</ele>
    <time>2024-12-11T13:41:48Z</time>
   </trkpt>
   <trkpt lat="-12.0067360" lon="-71.2390800">
    <ele>335.6</ele>
    <time>2024-12-11T13:41:49Z</time>
   </trkpt>
   <trkpt lat="-12.0067480" lon="-71.2390640">
    <ele>335.7</ele>
    <time>2024-12-11T13:41:50Z</time>
   </trkpt>
   <trkpt lat="-12.0067630" lon="-71.2390570">
    <ele>335.7</ele>
    <time>2024-12-11T13:41:51Z</time>
   </trkpt>
   <trkpt lat="-12.0067760" lon="-71.2390610">
    <ele>335.7</ele>
    <time>2024-12-11T13:41:52Z</time>
   </trkpt>
   <trkpt lat="-12.0067840" lon="-71.2390640">
    <ele>335.7</ele>
    <time>2024-12-11T13:41:53Z</time>
   </trkpt>
   <trkpt lat="-12.0067910" lon="-71.2390660">
    <ele>335.7</ele>
    <time>2024-12-11T13:41:54Z</time>
   </trkpt>
   <trkpt lat="-12.0067990" lon="-71.2390620">
    <ele>335.7</ele>
    <time>2024-12-11T13:41:55Z</time>
   </trkpt>
   <trkpt lat="-12.0068120" lon="-71.2390520">
    <ele>335.7</ele>
    <time>2024-12-11T13:41:56Z</time>
   </trkpt>
   <trkpt lat="-12.0068140" lon="-71.2390370">
    <ele>335.7</ele>
    <time>2024-12-11T13:41:57Z</time>
   </trkpt>
   <trkpt lat="-12.0068170" lon="-71.2390290">
    <ele>335.7</ele>
    <time>2024-12-11T13:41:58Z</time>
   </trkpt>
   <trkpt lat="-12.0068220" lon="-71.2390250">
    <ele>335.7</ele>
    <time>2024-12-11T13:41:59Z</time>
   </trkpt>
   <trkpt lat="-12.0068380" lon="-71.2390110">
    <ele>335.7</ele>
    <time>2024-12-11T13:42:00Z</time>
   </trkpt>
   <trkpt lat="-12.0068440" lon="-71.2390070">
    <ele>335.8</ele>
    <time>2024-12-11T13:42:01Z</time>
   </trkpt>
   <trkpt lat="-12.0068480" lon="-71.2390040">
    <ele>335.8</ele>
    <time>2024-12-11T13:42:02Z</time>
   </trkpt>
   <trkpt lat="-12.0068600" lon="-71.2389840">
    <ele>335.8</ele>
    <time>2024-12-11T13:42:03Z</time>
   </trkpt>
   <trkpt lat="-12.0068650" lon="-71.2389770">
    <ele>335.8</ele>
    <time>2024-12-11T13:42:04Z</time>
   </trkpt>
   <trkpt lat="-12.0068710" lon="-71.2389630">
    <ele>335.8</ele>
    <time>2024-12-11T13:42:05Z</time>
   </trkpt>
   <trkpt lat="-12.0068810" lon="-71.2389570">
    <ele>335.8</ele>
    <time>2024-12-11T13:42:06Z</time>
   </trkpt>
   <trkpt lat="-12.0068940" lon="-71.2389460">
    <ele>335.8</ele>
    <time>2024-12-11T13:42:07Z</time>
   </trkpt>
   <trkpt lat="-12.0068970" lon="-71.2389400">
    <ele>335.8</ele>
    <time>2024-12-11T13:42:08Z</time>
   </trkpt>
   <trkpt lat="-12.0068940" lon="-71.2389330">
    <ele>335.8</ele>
    <time>2024-12-11T13:42:09Z</time>
   </trkpt>
   <trkpt lat="-12.0068980" lon="-71.2389290">
    <ele>335.8</ele>
    <time>2024-12-11T13:42:10Z</time>
   </trkpt>
   <trkpt lat="-12.0069050" lon="-71.2389180">
    <ele>335.8</ele>
    <time>2024-12-11T13:42:11Z</time>
   </trkpt>
   <trkpt lat="-12.0069130" lon="-71.2389160">
    <ele>335.8</ele>
    <time>2024-12-11T13:42:12Z</time>
   </trkpt>
   <trkpt lat="-12.0069180" lon="-71.2389090">
    <ele>335.8</ele>
    <time>2024-12-11T13:42:13Z</time>
   </trkpt>
   <trkpt lat="-12.0069320" lon="-71.2388960">
    <ele>335.9</ele>
    <time>2024-12-11T13:42:14Z</time>
   </trkpt>
   <trkpt lat="-12.0069350" lon="-71.2388840">
    <ele>335.9</ele>
    <time>2024-12-11T13:42:15Z</time>
   </trkpt>
   <trkpt lat="-12.0069390" lon="-71.2388720">
    <ele>335.9</ele>
    <time>2024-12-11T13:42:16Z</time>
   </trkpt>
   <trkpt lat="-12.0069570" lon="-71.2388670">
    <ele>335.9</ele>
    <time>2024-12-11T13:42:17Z</time>
   </trkpt>
   <trkpt lat="-12.0069690" lon="-71.2388550">
    <ele>335.9</ele>
    <time>2024-12-11T13:42:18Z</time>
   </trkpt>
   <trkpt lat="-12.0069770" lon="-71.2388470">
    <ele>335.9</ele>
    <time>2024-12-11T13:42:19Z</time>
   </trkpt>
   <trkpt lat="-12.0069850" lon="-71.2388380">
    <ele>335.9</ele>
    <time>2024-12-11T13:42:20Z</time>
   </trkpt>
   <trkpt lat="-12.0069960" lon="-71.2388170">
    <ele>335.9</ele>
    <time>2024-12-11T13:42:21Z</time>
   </trkpt>
   <trkpt lat="-12.0070060" lon="-71.2388170">
    <ele>335.9</ele>
    <time>2024-12-11T13:42:22Z</time>
   </trkpt>
   <trkpt lat="-12.0070090" lon="-71.2388090">
    <ele>336.0</ele>
    <time>2024-12-11T13:42:23Z</time>
   </trkpt>
   <trkpt lat="-12.0070140" lon="-71.2388110">
    <ele>336.0</ele>
    <time>2024-12-11T13:42:24Z</time>
   </trkpt>
   <trkpt lat="-12.0070200" lon="-71.2388110">
    <ele>336.0</ele>
    <time>2024-12-11T13:42:25Z</time>
   </trkpt>
   <trkpt lat="-12.0070270" lon="-71.2388070">
    <ele>336.0</ele>
    <time>2024-12-11T13:42:26Z</time>
   </trkpt>
   <trkpt lat="-12.0070300" lon="-71.2388030">
    <ele>336.0</ele>
    <time>2024-12-11T13:42:27Z</time>
   </trkpt>
   <trkpt lat="-12.0070350" lon="-71.2388040">
    <ele>336.0</ele>
    <time>2024-12-11T13:42:28Z</time>
   </trkpt>
   <trkpt lat="-12.0070440" lon="-71.2387950">
    <ele>336.0</ele>
    <time>2024-12-11T13:42:29Z</time>
   </trkpt>
   <trkpt lat="-12.0070530" lon="-71.2387860">
    <ele>336.0</ele>
    <time>2024-12-11T13:42:30Z</time>
   </trkpt>
   <trkpt lat="-12.0070590" lon="-71.2387750">
    <ele>336.0</ele>
    <time>2024-12-11T13:42:31Z</time>
   </trkpt>
   <trkpt lat="-12.0070640" lon="-71.2387650">
    <ele>336.0</ele>
    <time>2024-12-11T13:42:32Z</time>
   </trkpt>
   <trkpt lat="-12.0070680" lon="-71.2387530">
    <ele>336.0</ele>
    <time>2024-12-11T13:42:33Z</time>
   </trkpt>
   <trkpt lat="-12.0070680" lon="-71.2387400">
    <ele>336.0</ele>
    <time>2024-12-11T13:42:34Z</time>
   </trkpt>
   <trkpt lat="-12.0070720" lon="-71.2387310">
    <ele>336.0</ele>
    <time>2024-12-11T13:42:35Z</time>
   </trkpt>
   <trkpt lat="-12.0070750" lon="-71.2387210">
    <ele>336.0</ele>
    <time>2024-12-11T13:42:36Z</time>
   </trkpt>
   <trkpt lat="-12.0070780" lon="-71.2387120">
    <ele>336.1</ele>
    <time>2024-12-11T13:42:37Z</time>
   </trkpt>
   <trkpt lat="-12.0070820" lon="-71.2387020">
    <ele>336.1</ele>
    <time>2024-12-11T13:42:38Z</time>
   </trkpt>
   <trkpt lat="-12.0070850" lon="-71.2386940">
    <ele>336.1</ele>
    <time>2024-12-11T13:42:39Z</time>
   </trkpt>
   <trkpt lat="-12.0070900" lon="-71.2386830">
    <ele>336.1</ele>
    <time>2024-12-11T13:42:40Z</time>
   </trkpt>
   <trkpt lat="-12.0070890" lon="-71.2386830">
    <ele>336.1</ele>
    <time>2024-12-11T13:42:41Z</time>
   </trkpt>
   <trkpt lat="-12.0070930" lon="-71.2386710">
    <ele>336.1</ele>
    <time>2024-12-11T13:42:42Z</time>
   </trkpt>
   <trkpt lat="-12.0070930" lon="-71.2386590">
    <ele>336.1</ele>
    <time>2024-12-11T13:42:43Z</time>
   </trkpt>
   <trkpt lat="-12.0071000" lon="-71.2386500">
    <ele>336.1</ele>
    <time>2024-12-11T13:42:44Z</time>
   </trkpt>
   <trkpt lat="-12.0071110" lon="-71.2386320">
    <ele>336.1</ele>
    <time>2024-12-11T13:42:45Z</time>
   </trkpt>
   <trkpt lat="-12.0071130" lon="-71.2386230">
    <ele>336.1</ele>
    <time>2024-12-11T13:42:46Z</time>
   </trkpt>
   <trkpt lat="-12.0071160" lon="-71.2386150">
    <ele>336.1</ele>
    <time>2024-12-11T13:42:47Z</time>
   </trkpt>
   <trkpt lat="-12.0071120" lon="-71.2386020">
    <ele>336.1</ele>
    <time>2024-12-11T13:42:48Z</time>
   </trkpt>
   <trkpt lat="-12.0071080" lon="-71.2385920">
    <ele>336.2</ele>
    <time>2024-12-11T13:42:49Z</time>
   </trkpt>
   <trkpt lat="-12.0071090" lon="-71.2385950">
    <ele>336.2</ele>
    <time>2024-12-11T13:42:50Z</time>
   </trkpt>
   <trkpt lat="-12.0071090" lon="-71.2385970">
    <ele>336.2</ele>
    <time>2024-12-11T13:42:51Z</time>
   </trkpt>
   <trkpt lat="-12.0071060" lon="-71.2385950">
    <ele>336.2</ele>
    <time>2024-12-11T13:42:52Z</time>
   </trkpt>
   <trkpt lat="-12.0071110" lon="-71.2385810">
    <ele>336.2</ele>
    <time>2024-12-11T13:42:53Z</time>
   </trkpt>
   <trkpt lat="-12.0071220" lon="-71.2385730">
    <ele>336.2</ele>
    <time>2024-12-11T13:42:54Z</time>
   </trkpt>
   <trkpt lat="-12.0071260" lon="-71.2385720">
    <ele>336.2</ele>
    <time>2024-12-11T13:42:55Z</time>
   </trkpt>
   <trkpt lat="-12.0071070" lon="-71.2385830">
    <ele>336.2</ele>
    <time>2024-12-11T13:42:56Z</time>
   </trkpt>
   <trkpt lat="-12.0071140" lon="-71.2385750">
    <ele>336.2</ele>
    <time>2024-12-11T13:42:57Z</time>
   </trkpt>
   <trkpt lat="-12.0071130" lon="-71.2385760">
    <ele>336.2</ele>
    <time>2024-12-11T13:42:58Z</time>
   </trkpt>
   <trkpt lat="-12.0071280" lon="-71.2385570">
    <ele>336.2</ele>
    <time>2024-12-11T13:42:59Z</time>
   </trkpt>
   <trkpt lat="-12.0071280" lon="-71.2385560">
    <ele>336.2</ele>
    <time>2024-12-11T13:43:00Z</time>
   </trkpt>
   <trkpt lat="-12.0071310" lon="-71.2385570">
    <ele>336.2</ele>
    <time>2024-12-11T13:43:01Z</time>
   </trkpt>
   <trkpt lat="-12.0071300" lon="-71.2385580">
    <ele>336.2</ele>
    <time>2024-12-11T13:43:02Z</time>
   </trkpt>
   <trkpt lat="-12.0071320" lon="-71.2385580">
    <ele>336.2</ele>
    <time>2024-12-11T13:43:03Z</time>
   </trkpt>
   <trkpt lat="-12.0071340" lon="-71.2385530">
    <ele>336.2</ele>
    <time>2024-12-11T13:43:04Z</time>
   </trkpt>
   <trkpt lat="-12.0071340" lon="-71.2385480">
    <ele>336.2</ele>
    <time>2024-12-11T13:43:05Z</time>
   </trkpt>
   <trkpt lat="-12.0071340" lon="-71.2385500">
    <ele>336.2</ele>
    <time>2024-12-11T13:43:06Z</time>
   </trkpt>
   <trkpt lat="-12.0071340" lon="-71.2385500">
    <ele>336.2</ele>
    <time>2024-12-11T13:43:07Z</time>
   </trkpt>
   <trkpt lat="-12.0071340" lon="-71.2385500">
    <ele>336.2</ele>
    <time>2024-12-11T13:43:08Z</time>
   </trkpt>
   <trkpt lat="-12.0071340" lon="-71.2385500">
    <ele>336.2</ele>
    <time>2024-12-11T13:43:09Z</time>
   </trkpt>
   <trkpt lat="-12.0071340" lon="-71.2385500">
    <ele>336.2</ele>
    <time>2024-12-11T13:43:10Z</time>
   </trkpt>
   <trkpt lat="-12.0071340" lon="-71.2385500">
    <ele>336.2</ele>
    <time>2024-12-11T13:43:11Z</time>
   </trkpt>
   <trkpt lat="-12.0071340" lon="-71.2385500">
    <ele>336.2</ele>
    <time>2024-12-11T13:43:12Z</time>
   </trkpt>
   <trkpt lat="-12.0071300" lon="-71.2385580">
    <ele>336.2</ele>
    <time>2024-12-11T13:43:13Z</time>
   </trkpt>
   <trkpt lat="-12.0071330" lon="-71.2385540">
    <ele>336.3</ele>
    <time>2024-12-11T13:43:14Z</time>
   </trkpt>
   <trkpt lat="-12.0071370" lon="-71.2385430">
    <ele>336.3</ele>
    <time>2024-12-11T13:43:15Z</time>
   </trkpt>
   <trkpt lat="-12.0071390" lon="-71.2385450">
    <ele>336.3</ele>
    <time>2024-12-11T13:43:16Z</time>
   </trkpt>
   <trkpt lat="-12.0071420" lon="-71.2385440">
    <ele>336.3</ele>
    <time>2024-12-11T13:43:17Z</time>
   </trkpt>
   <trkpt lat="-12.0071480" lon="-71.2385260">
    <ele>336.3</ele>
    <time>2024-12-11T13:43:18Z</time>
   </trkpt>
   <trkpt lat="-12.0071560" lon="-71.2385220">
    <ele>336.3</ele>
    <time>2024-12-11T13:43:19Z</time>
   </trkpt>
   <trkpt lat="-12.0071670" lon="-71.2385110">
    <ele>336.3</ele>
    <time>2024-12-11T13:43:20Z</time>
   </trkpt>
   <trkpt lat="-12.0071770" lon="-71.2385060">
    <ele>336.3</ele>
    <time>2024-12-11T13:43:21Z</time>
   </trkpt>
   <trkpt lat="-12.0071870" lon="-71.2384980">
    <ele>336.3</ele>
    <time>2024-12-11T13:43:22Z</time>
   </trkpt>
   <trkpt lat="-12.0071870" lon="-71.2384970">
    <ele>336.3</ele>
    <time>2024-12-11T13:43:23Z</time>
   </trkpt>
   <trkpt lat="-12.0071810" lon="-71.2384880">
    <ele>336.3</ele>
    <time>2024-12-11T13:43:24Z</time>
   </trkpt>
   <trkpt lat="-12.0071910" lon="-71.2384780">
    <ele>336.3</ele>
    <time>2024-12-11T13:43:25Z</time>
   </trkpt>
   <trkpt lat="-12.0072070" lon="-71.2384720">
    <ele>336.3</ele>
    <time>2024-12-11T13:43:26Z</time>
   </trkpt>
   <trkpt lat="-12.0072180" lon="-71.2384650">
    <ele>336.4</ele>
    <time>2024-12-11T13:43:27Z</time>
   </trkpt>
   <trkpt lat="-12.0072350" lon="-71.2384560">
    <ele>336.4</ele>
    <time>2024-12-11T13:43:28Z</time>
   </trkpt>
   <trkpt lat="-12.0072430" lon="-71.2384520">
    <ele>336.4</ele>
    <time>2024-12-11T13:43:30Z</time>
   </trkpt>
   <trkpt lat="-12.0072510" lon="-71.2384470">
    <ele>336.4</ele>
    <time>2024-12-11T13:43:31Z</time>
   </trkpt>
   <trkpt lat="-12.0072550" lon="-71.2384440">
    <ele>336.4</ele>
    <time>2024-12-11T13:43:32Z</time>
   </trkpt>
   <trkpt lat="-12.0072660" lon="-71.2384330">
    <ele>336.4</ele>
    <time>2024-12-11T13:43:33Z</time>
   </trkpt>
   <trkpt lat="-12.0072730" lon="-71.2384300">
    <ele>336.4</ele>
    <time>2024-12-11T13:43:34Z</time>
   </trkpt>
   <trkpt lat="-12.0072920" lon="-71.2384190">
    <ele>336.4</ele>
    <time>2024-12-11T13:43:35Z</time>
   </trkpt>
   <trkpt lat="-12.0073010" lon="-71.2384160">
    <ele>336.4</ele>
    <time>2024-12-11T13:43:36Z</time>
   </trkpt>
   <trkpt lat="-12.0073110" lon="-71.2384130">
    <ele>336.4</ele>
    <time>2024-12-11T13:43:37Z</time>
   </trkpt>
   <trkpt lat="-12.0073120" lon="-71.2383990">
    <ele>336.4</ele>
    <time>2024-12-11T13:43:38Z</time>
   </trkpt>
   <trkpt lat="-12.0073150" lon="-71.2383920">
    <ele>336.5</ele>
    <time>2024-12-11T13:43:39Z</time>
   </trkpt>
   <trkpt lat="-12.0073180" lon="-71.2383860">
    <ele>336.5</ele>
    <time>2024-12-11T13:43:40Z</time>
   </trkpt>
   <trkpt lat="-12.0073210" lon="-71.2383790">
    <ele>336.5</ele>
    <time>2024-12-11T13:43:41Z</time>
   </trkpt>
   <trkpt lat="-12.0073240" lon="-71.2383730">
    <ele>336.5</ele>
    <time>2024-12-11T13:43:42Z</time>
   </trkpt>
   <trkpt lat="-12.0073270" lon="-71.2383550">
    <ele>336.5</ele>
    <time>2024-12-11T13:43:43Z</time>
   </trkpt>
   <trkpt lat="-12.0073280" lon="-71.2383450">
    <ele>336.5</ele>
    <time>2024-12-11T13:43:44Z</time>
   </trkpt>
   <trkpt lat="-12.0073280" lon="-71.2383340">
    <ele>336.5</ele>
    <time>2024-12-11T13:43:45Z</time>
   </trkpt>
   <trkpt lat="-12.0073370" lon="-71.2383230">
    <ele>336.5</ele>
    <time>2024-12-11T13:43:46Z</time>
   </trkpt>
   <trkpt lat="-12.0073430" lon="-71.2383100">
    <ele>336.5</ele>
    <time>2024-12-11T13:43:47Z</time>
   </trkpt>
   <trkpt lat="-12.0073510" lon="-71.2382990">
    <ele>336.5</ele>
    <time>2024-12-11T13:43:48Z</time>
   </trkpt>
   <trkpt lat="-12.0073570" lon="-71.2382970">
    <ele>336.5</ele>
    <time>2024-12-11T13:43:49Z</time>
   </trkpt>
   <trkpt lat="-12.0073630" lon="-71.2382940">
    <ele>336.5</ele>
    <time>2024-12-11T13:43:50Z</time>
   </trkpt>
   <trkpt lat="-12.0073690" lon="-71.2382920">
    <ele>336.5</ele>
    <time>2024-12-11T13:43:51Z</time>
   </trkpt>
   <trkpt lat="-12.0073750" lon="-71.2382890">
    <ele>336.5</ele>
    <time>2024-12-11T13:43:52Z</time>
   </trkpt>
   <trkpt lat="-12.0073830" lon="-71.2382920">
    <ele>336.6</ele>
    <time>2024-12-11T13:43:53Z</time>
   </trkpt>
   <trkpt lat="-12.0073890" lon="-71.2382880">
    <ele>336.6</ele>
    <time>2024-12-11T13:43:54Z</time>
   </trkpt>
   <trkpt lat="-12.0073950" lon="-71.2382870">
    <ele>336.6</ele>
    <time>2024-12-11T13:43:55Z</time>
   </trkpt>
   <trkpt lat="-12.0074110" lon="-71.2382860">
    <ele>336.6</ele>
    <time>2024-12-11T13:43:56Z</time>
   </trkpt>
   <trkpt lat="-12.0074290" lon="-71.2382930">
    <ele>336.6</ele>
    <time>2024-12-11T13:43:57Z</time>
   </trkpt>
   <trkpt lat="-12.0074320" lon="-71.2382960">
    <ele>336.6</ele>
    <time>2024-12-11T13:43:58Z</time>
   </trkpt>
   <trkpt lat="-12.0074360" lon="-71.2383000">
    <ele>336.6</ele>
    <time>2024-12-11T13:43:59Z</time>
   </trkpt>
   <trkpt lat="-12.0074390" lon="-71.2383030">
    <ele>336.6</ele>
    <time>2024-12-11T13:44:00Z</time>
   </trkpt>
   <trkpt lat="-12.0074430" lon="-71.2383060">
    <ele>336.6</ele>
    <time>2024-12-11T13:44:01Z</time>
   </trkpt>
   <trkpt lat="-12.0074600" lon="-71.2383100">
    <ele>336.6</ele>
    <time>2024-12-11T13:44:02Z</time>
   </trkpt>
   <trkpt lat="-12.0074700" lon="-71.2383100">
    <ele>336.6</ele>
    <time>2024-12-11T13:44:03Z</time>
   </trkpt>
   <trkpt lat="-12.0074810" lon="-71.2383120">
    <ele>336.6</ele>
    <time>2024-12-11T13:44:04Z</time>
   </trkpt>
   <trkpt lat="-12.0074760" lon="-71.2383110">
    <ele>336.6</ele>
    <time>2024-12-11T13:44:05Z</time>
   </trkpt>
   <trkpt lat="-12.0074750" lon="-71.2383100">
    <ele>336.6</ele>
    <time>2024-12-11T13:44:06Z</time>
   </trkpt>
   <trkpt lat="-12.0074750" lon="-71.2383100">
    <ele>336.6</ele>
    <time>2024-12-11T13:44:07Z</time>
   </trkpt>
   <trkpt lat="-12.0074750" lon="-71.2383100">
    <ele>336.6</ele>
    <time>2024-12-11T13:44:08Z</time>
   </trkpt>
   <trkpt lat="-12.0074750" lon="-71.2383100">
    <ele>336.6</ele>
    <time>2024-12-11T13:44:09Z</time>
   </trkpt>
   <trkpt lat="-12.0074750" lon="-71.2383100">
    <ele>336.6</ele>
    <time>2024-12-11T13:44:10Z</time>
   </trkpt>
   <trkpt lat="-12.0074750" lon="-71.2383100">
    <ele>336.6</ele>
    <time>2024-12-11T13:44:11Z</time>
   </trkpt>
   <trkpt lat="-12.0074750" lon="-71.2383100">
    <ele>336.6</ele>
    <time>2024-12-11T13:44:12Z</time>
   </trkpt>
   <trkpt lat="-12.0074750" lon="-71.2383100">
    <ele>336.6</ele>
    <time>2024-12-11T13:44:13Z</time>
   </trkpt>
   <trkpt lat="-12.0074750" lon="-71.2383100">
    <ele>336.6</ele>
    <time>2024-12-11T13:44:14Z</time>
   </trkpt>
   <trkpt lat="-12.0074460" lon="-71.2382850">
    <ele>336.7</ele>
    <time>2024-12-11T13:44:15Z</time>
   </trkpt>
   <trkpt lat="-12.0074480" lon="-71.2382850">
    <ele>336.7</ele>
    <time>2024-12-11T13:44:16Z</time>
   </trkpt>
   <trkpt lat="-12.0074500" lon="-71.2382820">
    <ele>336.7</ele>
    <time>2024-12-11T13:44:17Z</time>
   </trkpt>
   <trkpt lat="-12.0074580" lon="-71.2382800">
    <ele>336.7</ele>
    <time>2024-12-11T13:44:18Z</time>
   </trkpt>
   <trkpt lat="-12.0074760" lon="-71.2382870">
    <ele>336.7</ele>
    <time>2024-12-11T13:44:19Z</time>
   </trkpt>
   <trkpt lat="-12.0075070" lon="-71.2382750">
    <ele>336.7</ele>
    <time>2024-12-11T13:44:20Z</time>
   </trkpt>
   <trkpt lat="-12.0075190" lon="-71.2382690">
    <ele>336.7</ele>
    <time>2024-12-11T13:44:21Z</time>
   </trkpt>
   <trkpt lat="-12.0075330" lon="-71.2382670">
    <ele>336.7</ele>
    <time>2024-12-11T13:44:22Z</time>
   </trkpt>
   <trkpt lat="-12.0075410" lon="-71.2382640">
    <ele>336.7</ele>
    <time>2024-12-11T13:44:23Z</time>
   </trkpt>
   <trkpt lat="-12.0075490" lon="-71.2382650">
    <ele>336.7</ele>
    <time>2024-12-11T13:44:24Z</time>
   </trkpt>
   <trkpt lat="-12.0075520" lon="-71.2382590">
    <ele>336.8</ele>
    <time>2024-12-11T13:44:25Z</time>
   </trkpt>
   <trkpt lat="-12.0075550" lon="-71.2382560">
    <ele>336.8</ele>
    <time>2024-12-11T13:44:26Z</time>
   </trkpt>
   <trkpt lat="-12.0075740" lon="-71.2382470">
    <ele>336.8</ele>
    <time>2024-12-11T13:44:27Z</time>
   </trkpt>
   <trkpt lat="-12.0075980" lon="-71.2382320">
    <ele>336.8</ele>
    <time>2024-12-11T13:44:28Z</time>
   </trkpt>
   <trkpt lat="-12.0076160" lon="-71.2382270">
    <ele>336.8</ele>
    <time>2024-12-11T13:44:29Z</time>
   </trkpt>
   <trkpt lat="-12.0076250" lon="-71.2382240">
    <ele>336.8</ele>
    <time>2024-12-11T13:44:30Z</time>
   </trkpt>
   <trkpt lat="-12.0076330" lon="-71.2382210">
    <ele>336.8</ele>
    <time>2024-12-11T13:44:31Z</time>
   </trkpt>
   <trkpt lat="-12.0076410" lon="-71.2382110">
    <ele>336.8</ele>
    <time>2024-12-11T13:44:32Z</time>
   </trkpt>
   <trkpt lat="-12.0076460" lon="-71.2382010">
    <ele>336.8</ele>
    <time>2024-12-11T13:44:33Z</time>
   </trkpt>
   <trkpt lat="-12.0076540" lon="-71.2381920">
    <ele>336.8</ele>
    <time>2024-12-11T13:44:34Z</time>
   </trkpt>
   <trkpt lat="-12.0076630" lon="-71.2381850">
    <ele>336.9</ele>
    <time>2024-12-11T13:44:35Z</time>
   </trkpt>
   <trkpt lat="-12.0076710" lon="-71.2381800">
    <ele>336.9</ele>
    <time>2024-12-11T13:44:36Z</time>
   </trkpt>
   <trkpt lat="-12.0076720" lon="-71.2381790">
    <ele>336.9</ele>
    <time>2024-12-11T13:44:37Z</time>
   </trkpt>
   <trkpt lat="-12.0076850" lon="-71.2381770">
    <ele>336.9</ele>
    <time>2024-12-11T13:44:38Z</time>
   </trkpt>
   <trkpt lat="-12.0076990" lon="-71.2381770">
    <ele>336.9</ele>
    <time>2024-12-11T13:44:39Z</time>
   </trkpt>
   <trkpt lat="-12.0077060" lon="-71.2381770">
    <ele>336.9</ele>
    <time>2024-12-11T13:44:40Z</time>
   </trkpt>
   <trkpt lat="-12.0077120" lon="-71.2381780">
    <ele>336.9</ele>
    <time>2024-12-11T13:44:41Z</time>
   </trkpt>
   <trkpt lat="-12.0077190" lon="-71.2381780">
    <ele>336.9</ele>
    <time>2024-12-11T13:44:42Z</time>
   </trkpt>
   <trkpt lat="-12.0077260" lon="-71.2381790">
    <ele>336.9</ele>
    <time>2024-12-11T13:44:43Z</time>
   </trkpt>
   <trkpt lat="-12.0077450" lon="-71.2381720">
    <ele>336.9</ele>
    <time>2024-12-11T13:44:44Z</time>
   </trkpt>
   <trkpt lat="-12.0077530" lon="-71.2381670">
    <ele>336.9</ele>
    <time>2024-12-11T13:44:45Z</time>
   </trkpt>
   <trkpt lat="-12.0077620" lon="-71.2381630">
    <ele>336.9</ele>
    <time>2024-12-11T13:44:46Z</time>
   </trkpt>
   <trkpt lat="-12.0077770" lon="-71.2381540">
    <ele>336.9</ele>
    <time>2024-12-11T13:44:47Z</time>
   </trkpt>
   <trkpt lat="-12.0077850" lon="-71.2381470">
    <ele>337.0</ele>
    <time>2024-12-11T13:44:48Z</time>
   </trkpt>
   <trkpt lat="-12.0077930" lon="-71.2381410">
    <ele>337.0</ele>
    <time>2024-12-11T13:44:49Z</time>
   </trkpt>
   <trkpt lat="-12.0078070" lon="-71.2381350">
    <ele>337.0</ele>
    <time>2024-12-11T13:44:50Z</time>
   </trkpt>
   <trkpt lat="-12.0078170" lon="-71.2381290">
    <ele>337.0</ele>
    <time>2024-12-11T13:44:51Z</time>
   </trkpt>
   <trkpt lat="-12.0078260" lon="-71.2381260">
    <ele>337.0</ele>
    <time>2024-12-11T13:44:52Z</time>
   </trkpt>
   <trkpt lat="-12.0078410" lon="-71.2381110">
    <ele>337.0</ele>
    <time>2024-12-11T13:44:53Z</time>
   </trkpt>
   <trkpt lat="-12.0078460" lon="-71.2381010">
    <ele>337.0</ele>
    <time>2024-12-11T13:44:54Z</time>
   </trkpt>
   <trkpt lat="-12.0078650" lon="-71.2380850">
    <ele>337.0</ele>
    <time>2024-12-11T13:44:55Z</time>
   </trkpt>
   <trkpt lat="-12.0078710" lon="-71.2380790">
    <ele>337.0</ele>
    <time>2024-12-11T13:44:56Z</time>
   </trkpt>
   <trkpt lat="-12.0078780" lon="-71.2380730">
    <ele>337.0</ele>
    <time>2024-12-11T13:44:57Z</time>
   </trkpt>
   <trkpt lat="-12.0078830" lon="-71.2380630">
    <ele>337.0</ele>
    <time>2024-12-11T13:44:58Z</time>
   </trkpt>
   <trkpt lat="-12.0078960" lon="-71.2380530">
    <ele>337.0</ele>
    <time>2024-12-11T13:44:59Z</time>
   </trkpt>
   <trkpt lat="-12.0079130" lon="-71.2380390">
    <ele>337.0</ele>
    <time>2024-12-11T13:45:00Z</time>
   </trkpt>
   <trkpt lat="-12.0079180" lon="-71.2380300">
    <ele>337.0</ele>
    <time>2024-12-11T13:45:01Z</time>
   </trkpt>
   <trkpt lat="-12.0079220" lon="-71.2380210">
    <ele>337.0</ele>
    <time>2024-12-11T13:45:02Z</time>
   </trkpt>
   <trkpt lat="-12.0079280" lon="-71.2380100">
    <ele>337.0</ele>
    <time>2024-12-11T13:45:03Z</time>
   </trkpt>
   <trkpt lat="-12.0079380" lon="-71.2380000">
    <ele>337.0</ele>
    <time>2024-12-11T13:45:04Z</time>
   </trkpt>
   <trkpt lat="-12.0079400" lon="-71.2379890">
    <ele>337.0</ele>
    <time>2024-12-11T13:45:05Z</time>
   </trkpt>
   <trkpt lat="-12.0079440" lon="-71.2379730">
    <ele>337.0</ele>
    <time>2024-12-11T13:45:06Z</time>
   </trkpt>
   <trkpt lat="-12.0079470" lon="-71.2379640">
    <ele>337.0</ele>
    <time>2024-12-11T13:45:07Z</time>
   </trkpt>
   <trkpt lat="-12.0079510" lon="-71.2379540">
    <ele>337.0</ele>
    <time>2024-12-11T13:45:08Z</time>
   </trkpt>
   <trkpt lat="-12.0079500" lon="-71.2379460">
    <ele>337.0</ele>
    <time>2024-12-11T13:45:09Z</time>
   </trkpt>
   <trkpt lat="-12.0079470" lon="-71.2379370">
    <ele>337.0</ele>
    <time>2024-12-11T13:45:10Z</time>
   </trkpt>
   <trkpt lat="-12.0079400" lon="-71.2379280">
    <ele>337.0</ele>
    <time>2024-12-11T13:45:11Z</time>
   </trkpt>
   <trkpt lat="-12.0079340" lon="-71.2379190">
    <ele>337.0</ele>
    <time>2024-12-11T13:45:12Z</time>
   </trkpt>
   <trkpt lat="-12.0079340" lon="-71.2378990">
    <ele>337.0</ele>
    <time>2024-12-11T13:45:13Z</time>
   </trkpt>
   <trkpt lat="-12.0079300" lon="-71.2378880">
    <ele>337.0</ele>
    <time>2024-12-11T13:45:14Z</time>
   </trkpt>
   <trkpt lat="-12.0079250" lon="-71.2378790">
    <ele>337.0</ele>
    <time>2024-12-11T13:45:15Z</time>
   </trkpt>
   <trkpt lat="-12.0079140" lon="-71.2378690">
    <ele>337.0</ele>
    <time>2024-12-11T13:45:16Z</time>
   </trkpt>
   <trkpt lat="-12.0079110" lon="-71.2378570">
    <ele>337.0</ele>
    <time>2024-12-11T13:45:17Z</time>
   </trkpt>
   <trkpt lat="-12.0079120" lon="-71.2378540">
    <ele>337.0</ele>
    <time>2024-12-11T13:45:18Z</time>
   </trkpt>
   <trkpt lat="-12.0079110" lon="-71.2378490">
    <ele>337.0</ele>
    <time>2024-12-11T13:45:19Z</time>
   </trkpt>
   <trkpt lat="-12.0079120" lon="-71.2378420">
    <ele>337.0</ele>
    <time>2024-12-11T13:45:20Z</time>
   </trkpt>
   <trkpt lat="-12.0079130" lon="-71.2378340">
    <ele>337.0</ele>
    <time>2024-12-11T13:45:21Z</time>
   </trkpt>
   <trkpt lat="-12.0079170" lon="-71.2378210">
    <ele>337.0</ele>
    <time>2024-12-11T13:45:22Z</time>
   </trkpt>
   <trkpt lat="-12.0079160" lon="-71.2378040">
    <ele>337.0</ele>
    <time>2024-12-11T13:45:23Z</time>
   </trkpt>
   <trkpt lat="-12.0079150" lon="-71.2377910">
    <ele>337.0</ele>
    <time>2024-12-11T13:45:24Z</time>
   </trkpt>
   <trkpt lat="-12.0079090" lon="-71.2377830">
    <ele>337.0</ele>
    <time>2024-12-11T13:45:25Z</time>
   </trkpt>
   <trkpt lat="-12.0079100" lon="-71.2377780">
    <ele>337.0</ele>
    <time>2024-12-11T13:45:26Z</time>
   </trkpt>
   <trkpt lat="-12.0079120" lon="-71.2377720">
    <ele>337.0</ele>
    <time>2024-12-11T13:45:27Z</time>
   </trkpt>
   <trkpt lat="-12.0079120" lon="-71.2377660">
    <ele>337.0</ele>
    <time>2024-12-11T13:45:28Z</time>
   </trkpt>
   <trkpt lat="-12.0079150" lon="-71.2377640">
    <ele>337.0</ele>
    <time>2024-12-11T13:45:29Z</time>
   </trkpt>
   <trkpt lat="-12.0079140" lon="-71.2377650">
    <ele>337.0</ele>
    <time>2024-12-11T13:45:30Z</time>
   </trkpt>
   <trkpt lat="-12.0079200" lon="-71.2377530">
    <ele>337.0</ele>
    <time>2024-12-11T13:45:31Z</time>
   </trkpt>
   <trkpt lat="-12.0079260" lon="-71.2377410">
    <ele>337.0</ele>
    <time>2024-12-11T13:45:32Z</time>
   </trkpt>
   <trkpt lat="-12.0079420" lon="-71.2377340">
    <ele>337.0</ele>
    <time>2024-12-11T13:45:33Z</time>
   </trkpt>
   <trkpt lat="-12.0079460" lon="-71.2377280">
    <ele>337.0</ele>
    <time>2024-12-11T13:45:34Z</time>
   </trkpt>
   <trkpt lat="-12.0079510" lon="-71.2377230">
    <ele>337.0</ele>
    <time>2024-12-11T13:45:36Z</time>
   </trkpt>
   <trkpt lat="-12.0079550" lon="-71.2377170">
    <ele>337.0</ele>
    <time>2024-12-11T13:45:37Z</time>
   </trkpt>
   <trkpt lat="-12.0079630" lon="-71.2377080">
    <ele>337.0</ele>
    <time>2024-12-11T13:45:38Z</time>
   </trkpt>
   <trkpt lat="-12.0079680" lon="-71.2377040">
    <ele>337.0</ele>
    <time>2024-12-11T13:45:39Z</time>
   </trkpt>
   <trkpt lat="-12.0079760" lon="-71.2376990">
    <ele>337.0</ele>
    <time>2024-12-11T13:45:40Z</time>
   </trkpt>
   <trkpt lat="-12.0079840" lon="-71.2376940">
    <ele>337.0</ele>
    <time>2024-12-11T13:45:41Z</time>
   </trkpt>
   <trkpt lat="-12.0079860" lon="-71.2376910">
    <ele>337.0</ele>
    <time>2024-12-11T13:45:42Z</time>
   </trkpt>
   <trkpt lat="-12.0079860" lon="-71.2376940">
    <ele>337.0</ele>
    <time>2024-12-11T13:45:43Z</time>
   </trkpt>
   <trkpt lat="-12.0079970" lon="-71.2376910">
    <ele>337.0</ele>
    <time>2024-12-11T13:45:44Z</time>
   </trkpt>
   <trkpt lat="-12.0080000" lon="-71.2376860">
    <ele>337.0</ele>
    <time>2024-12-11T13:45:45Z</time>
   </trkpt>
   <trkpt lat="-12.0080040" lon="-71.2376780">
    <ele>337.0</ele>
    <time>2024-12-11T13:45:46Z</time>
   </trkpt>
   <trkpt lat="-12.0080180" lon="-71.2376630">
    <ele>337.0</ele>
    <time>2024-12-11T13:45:47Z</time>
   </trkpt>
   <trkpt lat="-12.0080240" lon="-71.2376640">
    <ele>337.0</ele>
    <time>2024-12-11T13:45:48Z</time>
   </trkpt>
   <trkpt lat="-12.0080320" lon="-71.2376660">
    <ele>337.0</ele>
    <time>2024-12-11T13:45:49Z</time>
   </trkpt>
   <trkpt lat="-12.0080390" lon="-71.2376560">
    <ele>337.0</ele>
    <time>2024-12-11T13:45:50Z</time>
   </trkpt>
   <trkpt lat="-12.0080450" lon="-71.2376480">
    <ele>337.0</ele>
    <time>2024-12-11T13:45:51Z</time>
   </trkpt>
   <trkpt lat="-12.0080500" lon="-71.2376400">
    <ele>337.0</ele>
    <time>2024-12-11T13:45:52Z</time>
   </trkpt>
   <trkpt lat="-12.0080550" lon="-71.2376320">
    <ele>337.0</ele>
    <time>2024-12-11T13:45:53Z</time>
   </trkpt>
   <trkpt lat="-12.0080630" lon="-71.2376290">
    <ele>337.0</ele>
    <time>2024-12-11T13:45:54Z</time>
   </trkpt>
   <trkpt lat="-12.0080630" lon="-71.2376190">
    <ele>337.0</ele>
    <time>2024-12-11T13:45:55Z</time>
   </trkpt>
   <trkpt lat="-12.0080690" lon="-71.2376210">
    <ele>337.0</ele>
    <time>2024-12-11T13:45:56Z</time>
   </trkpt>
   <trkpt lat="-12.0080820" lon="-71.2376080">
    <ele>337.0</ele>
    <time>2024-12-11T13:45:57Z</time>
   </trkpt>
   <trkpt lat="-12.0080910" lon="-71.2376010">
    <ele>337.0</ele>
    <time>2024-12-11T13:45:58Z</time>
   </trkpt>
   <trkpt lat="-12.0080980" lon="-71.2375970">
    <ele>337.0</ele>
    <time>2024-12-11T13:45:59Z</time>
   </trkpt>
   <trkpt lat="-12.0081030" lon="-71.2375980">
    <ele>337.0</ele>
    <time>2024-12-11T13:46:00Z</time>
   </trkpt>
   <trkpt lat="-12.0081100" lon="-71.2375910">
    <ele>337.0</ele>
    <time>2024-12-11T13:46:01Z</time>
   </trkpt>
   <trkpt lat="-12.0081200" lon="-71.2375850">
    <ele>337.0</ele>
    <time>2024-12-11T13:46:02Z</time>
   </trkpt>
   <trkpt lat="-12.0081230" lon="-71.2375810">
    <ele>337.0</ele>
    <time>2024-12-11T13:46:03Z</time>
   </trkpt>
   <trkpt lat="-12.0081300" lon="-71.2375650">
    <ele>337.0</ele>
    <time>2024-12-11T13:46:04Z</time>
   </trkpt>
   <trkpt lat="-12.0081310" lon="-71.2375630">
    <ele>337.0</ele>
    <time>2024-12-11T13:46:05Z</time>
   </trkpt>
   <trkpt lat="-12.0081430" lon="-71.2375550">
    <ele>337.0</ele>
    <time>2024-12-11T13:46:06Z</time>
   </trkpt>
   <trkpt lat="-12.0081580" lon="-71.2375540">
    <ele>337.0</ele>
    <time>2024-12-11T13:46:07Z</time>
   </trkpt>
   <trkpt lat="-12.0081670" lon="-71.2375430">
    <ele>337.0</ele>
    <time>2024-12-11T13:46:08Z</time>
   </trkpt>
   <trkpt lat="-12.0081680" lon="-71.2375390">
    <ele>337.0</ele>
    <time>2024-12-11T13:46:09Z</time>
   </trkpt>
   <trkpt lat="-12.0081560" lon="-71.2375250">
    <ele>337.0</ele>
    <time>2024-12-11T13:46:10Z</time>
   </trkpt>
   <trkpt lat="-12.0081680" lon="-71.2375060">
    <ele>337.0</ele>
    <time>2024-12-11T13:46:11Z</time>
   </trkpt>
   <trkpt lat="-12.0081830" lon="-71.2375030">
    <ele>337.0</ele>
    <time>2024-12-11T13:46:12Z</time>
   </trkpt>
   <trkpt lat="-12.0082000" lon="-71.2375030">
    <ele>337.0</ele>
    <time>2024-12-11T13:46:13Z</time>
   </trkpt>
   <trkpt lat="-12.0082070" lon="-71.2375020">
    <ele>337.0</ele>
    <time>2024-12-11T13:46:14Z</time>
   </trkpt>
   <trkpt lat="-12.0082070" lon="-71.2375040">
    <ele>337.0</ele>
    <time>2024-12-11T13:46:15Z</time>
   </trkpt>
   <trkpt lat="-12.0082190" lon="-71.2374980">
    <ele>337.0</ele>
    <time>2024-12-11T13:46:16Z</time>
   </trkpt>
   <trkpt lat="-12.0082300" lon="-71.2374860">
    <ele>337.0</ele>
    <time>2024-12-11T13:46:17Z</time>
   </trkpt>
   <trkpt lat="-12.0082360" lon="-71.2374770">
    <ele>337.0</ele>
    <time>2024-12-11T13:46:18Z</time>
   </trkpt>
   <trkpt lat="-12.0082430" lon="-71.2374670">
    <ele>337.0</ele>
    <time>2024-12-11T13:46:19Z</time>
   </trkpt>
   <trkpt lat="-12.0082460" lon="-71.2374620">
    <ele>337.0</ele>
    <time>2024-12-11T13:46:20Z</time>
   </trkpt>
   <trkpt lat="-12.0082480" lon="-71.2374590">
    <ele>337.0</ele>
    <time>2024-12-11T13:46:21Z</time>
   </trkpt>
   <trkpt lat="-12.0082510" lon="-71.2374550">
    <ele>337.0</ele>
    <time>2024-12-11T13:46:22Z</time>
   </trkpt>
   <trkpt lat="-12.0082510" lon="-71.2374510">
    <ele>337.0</ele>
    <time>2024-12-11T13:46:23Z</time>
   </trkpt>
   <trkpt lat="-12.0082430" lon="-71.2374380">
    <ele>337.0</ele>
    <time>2024-12-11T13:46:24Z</time>
   </trkpt>
   <trkpt lat="-12.0082520" lon="-71.2374100">
    <ele>337.0</ele>
    <time>2024-12-11T13:46:25Z</time>
   </trkpt>
   <trkpt lat="-12.0082600" lon="-71.2374040">
    <ele>337.0</ele>
    <time>2024-12-11T13:46:26Z</time>
   </trkpt>
   <trkpt lat="-12.0082650" lon="-71.2373920">
    <ele>337.0</ele>
    <time>2024-12-11T13:46:27Z</time>
   </trkpt>
   <trkpt lat="-12.0082680" lon="-71.2373840">
    <ele>337.0</ele>
    <time>2024-12-11T13:46:28Z</time>
   </trkpt>
   <trkpt lat="-12.0082810" lon="-71.2373810">
    <ele>337.0</ele>
    <time>2024-12-11T13:46:29Z</time>
   </trkpt>
   <trkpt lat="-12.0082840" lon="-71.2373820">
    <ele>337.0</ele>
    <time>2024-12-11T13:46:30Z</time>
   </trkpt>
   <trkpt lat="-12.0082920" lon="-71.2373690">
    <ele>337.0</ele>
    <time>2024-12-11T13:46:31Z</time>
   </trkpt>
   <trkpt lat="-12.0082890" lon="-71.2373660">
    <ele>337.0</ele>
    <time>2024-12-11T13:46:32Z</time>
   </trkpt>
   <trkpt lat="-12.0082860" lon="-71.2373650">
    <ele>337.0</ele>
    <time>2024-12-11T13:46:33Z</time>
   </trkpt>
   <trkpt lat="-12.0082910" lon="-71.2373510">
    <ele>337.0</ele>
    <time>2024-12-11T13:46:34Z</time>
   </trkpt>
   <trkpt lat="-12.0082920" lon="-71.2373240">
    <ele>337.0</ele>
    <time>2024-12-11T13:46:35Z</time>
   </trkpt>
   <trkpt lat="-12.0082920" lon="-71.2373140">
    <ele>337.0</ele>
    <time>2024-12-11T13:46:36Z</time>
   </trkpt>
   <trkpt lat="-12.0082910" lon="-71.2373050">
    <ele>337.0</ele>
    <time>2024-12-11T13:46:37Z</time>
   </trkpt>
   <trkpt lat="-12.0083080" lon="-71.2373060">
    <ele>337.0</ele>
    <time>2024-12-11T13:46:38Z</time>
   </trkpt>
   <trkpt lat="-12.0082990" lon="-71.2373020">
    <ele>337.0</ele>
    <time>2024-12-11T13:46:39Z</time>
   </trkpt>
   <trkpt lat="-12.0083050" lon="-71.2372970">
    <ele>337.0</ele>
    <time>2024-12-11T13:46:40Z</time>
   </trkpt>
   <trkpt lat="-12.0082990" lon="-71.2372970">
    <ele>337.0</ele>
    <time>2024-12-11T13:46:41Z</time>
   </trkpt>
   <trkpt lat="-12.0082970" lon="-71.2373220">
    <ele>337.0</ele>
    <time>2024-12-11T13:46:42Z</time>
   </trkpt>
   <trkpt lat="-12.0082900" lon="-71.2373200">
    <ele>337.0</ele>
    <time>2024-12-11T13:46:43Z</time>
   </trkpt>
   <trkpt lat="-12.0082850" lon="-71.2373230">
    <ele>337.0</ele>
    <time>2024-12-11T13:46:44Z</time>
   </trkpt>
   <trkpt lat="-12.0082830" lon="-71.2373280">
    <ele>337.0</ele>
    <time>2024-12-11T13:46:45Z</time>
   </trkpt>
   <trkpt lat="-12.0082780" lon="-71.2373340">
    <ele>337.0</ele>
    <time>2024-12-11T13:46:46Z</time>
   </trkpt>
   <trkpt lat="-12.0082690" lon="-71.2373330">
    <ele>337.0</ele>
    <time>2024-12-11T13:46:47Z</time>
   </trkpt>
   <trkpt lat="-12.0082710" lon="-71.2373280">
    <ele>337.0</ele>
    <time>2024-12-11T13:46:48Z</time>
   </trkpt>
   <trkpt lat="-12.0082760" lon="-71.2373140">
    <ele>337.0</ele>
    <time>2024-12-11T13:46:49Z</time>
   </trkpt>
   <trkpt lat="-12.0082700" lon="-71.2373140">
    <ele>337.0</ele>
    <time>2024-12-11T13:46:50Z</time>
   </trkpt>
   <trkpt lat="-12.0082570" lon="-71.2373130">
    <ele>337.0</ele>
    <time>2024-12-11T13:46:51Z</time>
   </trkpt>
   <trkpt lat="-12.0082610" lon="-71.2373170">
    <ele>337.0</ele>
    <time>2024-12-11T13:46:52Z</time>
   </trkpt>
   <trkpt lat="-12.0082700" lon="-71.2373140">
    <ele>337.0</ele>
    <time>2024-12-11T13:46:53Z</time>
   </trkpt>
   <trkpt lat="-12.0082650" lon="-71.2373150">
    <ele>337.0</ele>
    <time>2024-12-11T13:46:54Z</time>
   </trkpt>
   <trkpt lat="-12.0082650" lon="-71.2373130">
    <ele>337.0</ele>
    <time>2024-12-11T13:46:55Z</time>
   </trkpt>
   <trkpt lat="-12.0082560" lon="-71.2373010">
    <ele>337.0</ele>
    <time>2024-12-11T13:46:56Z</time>
   </trkpt>
   <trkpt lat="-12.0082520" lon="-71.2373020">
    <ele>337.0</ele>
    <time>2024-12-11T13:46:57Z</time>
   </trkpt>
   <trkpt lat="-12.0082450" lon="-71.2372850">
    <ele>337.0</ele>
    <time>2024-12-11T13:46:58Z</time>
   </trkpt>
   <trkpt lat="-12.0082760" lon="-71.2372890">
    <ele>337.0</ele>
    <time>2024-12-11T13:46:59Z</time>
   </trkpt>
   <trkpt lat="-12.0082840" lon="-71.2372830">
    <ele>337.0</ele>
    <time>2024-12-11T13:47:00Z</time>
   </trkpt>
   <trkpt lat="-12.0082930" lon="-71.2372760">
    <ele>337.0</ele>
    <time>2024-12-11T13:47:01Z</time>
   </trkpt>
   <trkpt lat="-12.0082980" lon="-71.2372720">
    <ele>337.0</ele>
    <time>2024-12-11T13:47:02Z</time>
   </trkpt>
   <trkpt lat="-12.0083070" lon="-71.2372560">
    <ele>337.0</ele>
    <time>2024-12-11T13:47:03Z</time>
   </trkpt>
   <trkpt lat="-12.0083030" lon="-71.2372620">
    <ele>337.0</ele>
    <time>2024-12-11T13:47:04Z</time>
   </trkpt>
   <trkpt lat="-12.0083030" lon="-71.2372620">
    <ele>337.0</ele>
    <time>2024-12-11T13:47:05Z</time>
   </trkpt>
   <trkpt lat="-12.0083160" lon="-71.2372530">
    <ele>337.0</ele>
    <time>2024-12-11T13:47:06Z</time>
   </trkpt>
   <trkpt lat="-12.0083260" lon="-71.2372560">
    <ele>337.0</ele>
    <time>2024-12-11T13:47:07Z</time>
   </trkpt>
   <trkpt lat="-12.0083460" lon="-71.2372520">
    <ele>337.0</ele>
    <time>2024-12-11T13:47:08Z</time>
   </trkpt>
   <trkpt lat="-12.0083550" lon="-71.2372340">
    <ele>337.0</ele>
    <time>2024-12-11T13:47:09Z</time>
   </trkpt>
   <trkpt lat="-12.0083600" lon="-71.2372220">
    <ele>337.0</ele>
    <time>2024-12-11T13:47:10Z</time>
   </trkpt>
   <trkpt lat="-12.0083700" lon="-71.2372120">
    <ele>337.0</ele>
    <time>2024-12-11T13:47:11Z</time>
   </trkpt>
   <trkpt lat="-12.0083700" lon="-71.2372090">
    <ele>337.0</ele>
    <time>2024-12-11T13:47:12Z</time>
   </trkpt>
   <trkpt lat="-12.0083710" lon="-71.2372050">
    <ele>337.0</ele>
    <time>2024-12-11T13:47:13Z</time>
   </trkpt>
   <trkpt lat="-12.0083710" lon="-71.2372010">
    <ele>337.0</ele>
    <time>2024-12-11T13:47:14Z</time>
   </trkpt>
   <trkpt lat="-12.0083710" lon="-71.2371980">
    <ele>337.0</ele>
    <time>2024-12-11T13:47:15Z</time>
   </trkpt>
   <trkpt lat="-12.0083710" lon="-71.2371940">
    <ele>337.0</ele>
    <time>2024-12-11T13:47:16Z</time>
   </trkpt>
   <trkpt lat="-12.0083710" lon="-71.2371900">
    <ele>337.0</ele>
    <time>2024-12-11T13:47:17Z</time>
   </trkpt>
   <trkpt lat="-12.0083720" lon="-71.2371860">
    <ele>337.0</ele>
    <time>2024-12-11T13:47:18Z</time>
   </trkpt>
   <trkpt lat="-12.0083720" lon="-71.2371830">
    <ele>337.0</ele>
    <time>2024-12-11T13:47:19Z</time>
   </trkpt>
   <trkpt lat="-12.0083720" lon="-71.2371790">
    <ele>337.0</ele>
    <time>2024-12-11T13:47:20Z</time>
   </trkpt>
   <trkpt lat="-12.0083730" lon="-71.2371870">
    <ele>337.0</ele>
    <time>2024-12-11T13:47:21Z</time>
   </trkpt>
   <trkpt lat="-12.0083710" lon="-71.2372010">
    <ele>337.0</ele>
    <time>2024-12-11T13:47:22Z</time>
   </trkpt>
   <trkpt lat="-12.0083680" lon="-71.2372140">
    <ele>337.0</ele>
    <time>2024-12-11T13:47:23Z</time>
   </trkpt>
   <trkpt lat="-12.0083650" lon="-71.2372270">
    <ele>337.0</ele>
    <time>2024-12-11T13:47:24Z</time>
   </trkpt>
   <trkpt lat="-12.0083480" lon="-71.2372710">
    <ele>337.0</ele>
    <time>2024-12-11T13:47:25Z</time>
   </trkpt>
   <trkpt lat="-12.0083630" lon="-71.2373070">
    <ele>337.0</ele>
    <time>2024-12-11T13:47:26Z</time>
   </trkpt>
   <trkpt lat="-12.0084190" lon="-71.2371910">
    <ele>337.0</ele>
    <time>2024-12-11T13:47:27Z</time>
   </trkpt>
   <trkpt lat="-12.0084180" lon="-71.2372090">
    <ele>337.0</ele>
    <time>2024-12-11T13:47:28Z</time>
   </trkpt>
   <trkpt lat="-12.0084430" lon="-71.2371750">
    <ele>337.0</ele>
    <time>2024-12-11T13:47:29Z</time>
   </trkpt>
   <trkpt lat="-12.0084780" lon="-71.2372000">
    <ele>337.0</ele>
    <time>2024-12-11T13:47:30Z</time>
   </trkpt>
   <trkpt lat="-12.0085000" lon="-71.2372240">
    <ele>337.0</ele>
    <time>2024-12-11T13:47:31Z</time>
   </trkpt>
   <trkpt lat="-12.0085050" lon="-71.2372560">
    <ele>337.0</ele>
    <time>2024-12-11T13:47:32Z</time>
   </trkpt>
   <trkpt lat="-12.0085040" lon="-71.2372760">
    <ele>337.0</ele>
    <time>2024-12-11T13:47:33Z</time>
   </trkpt>
   <trkpt lat="-12.0085160" lon="-71.2372610">
    <ele>337.0</ele>
    <time>2024-12-11T13:47:34Z</time>
   </trkpt>
   <trkpt lat="-12.0085270" lon="-71.2372530">
    <ele>337.0</ele>
    <time>2024-12-11T13:47:35Z</time>
   </trkpt>
   <trkpt lat="-12.0085370" lon="-71.2372450">
    <ele>337.0</ele>
    <time>2024-12-11T13:47:36Z</time>
   </trkpt>
   <trkpt lat="-12.0085270" lon="-71.2372760">
    <ele>337.0</ele>
    <time>2024-12-11T13:47:37Z</time>
   </trkpt>
   <trkpt lat="-12.0085270" lon="-71.2372760">
    <ele>337.0</ele>
    <time>2024-12-11T13:47:38Z</time>
   </trkpt>
   <trkpt lat="-12.0085270" lon="-71.2372760">
    <ele>337.0</ele>
    <time>2024-12-11T13:47:39Z</time>
   </trkpt>
   <trkpt lat="-12.0085270" lon="-71.2372760">
    <ele>337.0</ele>
    <time>2024-12-11T13:47:40Z</time>
   </trkpt>
   <trkpt lat="-12.0085200" lon="-71.2372220">
    <ele>337.0</ele>
    <time>2024-12-11T13:47:42Z</time>
   </trkpt>
   <trkpt lat="-12.0085200" lon="-71.2372240">
    <ele>337.0</ele>
    <time>2024-12-11T13:47:43Z</time>
   </trkpt>
   <trkpt lat="-12.0085200" lon="-71.2372250">
    <ele>337.0</ele>
    <time>2024-12-11T13:47:44Z</time>
   </trkpt>
   <trkpt lat="-12.0085200" lon="-71.2372270">
    <ele>337.0</ele>
    <time>2024-12-11T13:47:45Z</time>
   </trkpt>
   <trkpt lat="-12.0085210" lon="-71.2372280">
    <ele>337.0</ele>
    <time>2024-12-11T13:47:46Z</time>
   </trkpt>
   <trkpt lat="-12.0085210" lon="-71.2372300">
    <ele>337.0</ele>
    <time>2024-12-11T13:47:47Z</time>
   </trkpt>
   <trkpt lat="-12.0085280" lon="-71.2372550">
    <ele>337.0</ele>
    <time>2024-12-11T13:47:48Z</time>
   </trkpt>
   <trkpt lat="-12.0085330" lon="-71.2372790">
    <ele>337.0</ele>
    <time>2024-12-11T13:47:49Z</time>
   </trkpt>
   <trkpt lat="-12.0085360" lon="-71.2373000">
    <ele>337.0</ele>
    <time>2024-12-11T13:47:50Z</time>
   </trkpt>
   <trkpt lat="-12.0085450" lon="-71.2372960">
    <ele>337.0</ele>
    <time>2024-12-11T13:47:51Z</time>
   </trkpt>
   <trkpt lat="-12.0085550" lon="-71.2372980">
    <ele>337.0</ele>
    <time>2024-12-11T13:47:52Z</time>
   </trkpt>
   <trkpt lat="-12.0085640" lon="-71.2373010">
    <ele>337.0</ele>
    <time>2024-12-11T13:47:53Z</time>
   </trkpt>
   <trkpt lat="-12.0085740" lon="-71.2373030">
    <ele>337.0</ele>
    <time>2024-12-11T13:47:54Z</time>
   </trkpt>
   <trkpt lat="-12.0085830" lon="-71.2373050">
    <ele>337.0</ele>
    <time>2024-12-11T13:47:55Z</time>
   </trkpt>
   <trkpt lat="-12.0085930" lon="-71.2373130">
    <ele>337.0</ele>
    <time>2024-12-11T13:47:56Z</time>
   </trkpt>
   <trkpt lat="-12.0085860" lon="-71.2373330">
    <ele>337.0</ele>
    <time>2024-12-11T13:47:57Z</time>
   </trkpt>
   <trkpt lat="-12.0085930" lon="-71.2373470">
    <ele>337.0</ele>
    <time>2024-12-11T13:47:58Z</time>
   </trkpt>
   <trkpt lat="-12.0085970" lon="-71.2373470">
    <ele>337.0</ele>
    <time>2024-12-11T13:47:59Z</time>
   </trkpt>
   <trkpt lat="-12.0085880" lon="-71.2373080">
    <ele>337.0</ele>
    <time>2024-12-11T13:48:00Z</time>
   </trkpt>
   <trkpt lat="-12.0085870" lon="-71.2373010">
    <ele>337.0</ele>
    <time>2024-12-11T13:48:01Z</time>
   </trkpt>
   <trkpt lat="-12.0085900" lon="-71.2372970">
    <ele>337.0</ele>
    <time>2024-12-11T13:48:02Z</time>
   </trkpt>
   <trkpt lat="-12.0085900" lon="-71.2372870">
    <ele>337.0</ele>
    <time>2024-12-11T13:48:03Z</time>
   </trkpt>
   <trkpt lat="-12.0085920" lon="-71.2372740">
    <ele>337.0</ele>
    <time>2024-12-11T13:48:04Z</time>
   </trkpt>
   <trkpt lat="-12.0086010" lon="-71.2372680">
    <ele>337.0</ele>
    <time>2024-12-11T13:48:05Z</time>
   </trkpt>
   <trkpt lat="-12.0086070" lon="-71.2372420">
    <ele>337.0</ele>
    <time>2024-12-11T13:48:06Z</time>
   </trkpt>
   <trkpt lat="-12.0086070" lon="-71.2372370">
    <ele>337.0</ele>
    <time>2024-12-11T13:48:07Z</time>
   </trkpt>
   <trkpt lat="-12.0086090" lon="-71.2372330">
    <ele>337.0</ele>
    <time>2024-12-11T13:48:08Z</time>
   </trkpt>
   <trkpt lat="-12.0086110" lon="-71.2372280">
    <ele>337.0</ele>
    <time>2024-12-11T13:48:09Z</time>
   </trkpt>
   <trkpt lat="-12.0086130" lon="-71.2372230">
    <ele>337.0</ele>
    <time>2024-12-11T13:48:10Z</time>
   </trkpt>
   <trkpt lat="-12.0086150" lon="-71.2372180">
    <ele>337.0</ele>
    <time>2024-12-11T13:48:11Z</time>
   </trkpt>
   <trkpt lat="-12.0086170" lon="-71.2372140">
    <ele>337.0</ele>
    <time>2024-12-11T13:48:12Z</time>
   </trkpt>
   <trkpt lat="-12.0086190" lon="-71.2372090">
    <ele>337.0</ele>
    <time>2024-12-11T13:48:13Z</time>
   </trkpt>
   <trkpt lat="-12.0086210" lon="-71.2372040">
    <ele>337.0</ele>
    <time>2024-12-11T13:48:14Z</time>
   </trkpt>
   <trkpt lat="-12.0086520" lon="-71.2372050">
    <ele>337.0</ele>
    <time>2024-12-11T13:48:15Z</time>
   </trkpt>
   <trkpt lat="-12.0086590" lon="-71.2372010">
    <ele>337.0</ele>
    <time>2024-12-11T13:48:16Z</time>
   </trkpt>
   <trkpt lat="-12.0086590" lon="-71.2371960">
    <ele>337.0</ele>
    <time>2024-12-11T13:48:17Z</time>
   </trkpt>
   <trkpt lat="-12.0086660" lon="-71.2371870">
    <ele>337.0</ele>
    <time>2024-12-11T13:48:18Z</time>
   </trkpt>
   <trkpt lat="-12.0086760" lon="-71.2371930">
    <ele>337.0</ele>
    <time>2024-12-11T13:48:19Z</time>
   </trkpt>
   <trkpt lat="-12.0086880" lon="-71.2371930">
    <ele>337.0</ele>
    <time>2024-12-11T13:48:20Z</time>
   </trkpt>
   <trkpt lat="-12.0086980" lon="-71.2371790">
    <ele>337.0</ele>
    <time>2024-12-11T13:48:21Z</time>
   </trkpt>
   <trkpt lat="-12.0086980" lon="-71.2371800">
    <ele>337.0</ele>
    <time>2024-12-11T13:48:22Z</time>
   </trkpt>
   <trkpt lat="-12.0087030" lon="-71.2371810">
    <ele>337.0</ele>
    <time>2024-12-11T13:48:23Z</time>
   </trkpt>
   <trkpt lat="-12.0087100" lon="-71.2371770">
    <ele>337.0</ele>
    <time>2024-12-11T13:48:24Z</time>
   </trkpt>
   <trkpt lat="-12.0087140" lon="-71.2371710">
    <ele>337.0</ele>
    <time>2024-12-11T13:48:25Z</time>
   </trkpt>
   <trkpt lat="-12.0087270" lon="-71.2371610">
    <ele>337.0</ele>
    <time>2024-12-11T13:48:26Z</time>
   </trkpt>
   <trkpt lat="-12.0087360" lon="-71.2371620">
    <ele>337.0</ele>
    <time>2024-12-11T13:48:27Z</time>
   </trkpt>
   <trkpt lat="-12.0087440" lon="-71.2371530">
    <ele>337.0</ele>
    <time>2024-12-11T13:48:28Z</time>
   </trkpt>
   <trkpt lat="-12.0087620" lon="-71.2371380">
    <ele>337.0</ele>
    <time>2024-12-11T13:48:29Z</time>
   </trkpt>
   <trkpt lat="-12.0087700" lon="-71.2371320">
    <ele>337.0</ele>
    <time>2024-12-11T13:48:30Z</time>
   </trkpt>
   <trkpt lat="-12.0087790" lon="-71.2371270">
    <ele>337.0</ele>
    <time>2024-12-11T13:48:31Z</time>
   </trkpt>
   <trkpt lat="-12.0087790" lon="-71.2371020">
    <ele>337.0</ele>
    <time>2024-12-11T13:48:32Z</time>
   </trkpt>
   <trkpt lat="-12.0087860" lon="-71.2370930">
    <ele>337.0</ele>
    <time>2024-12-11T13:48:33Z</time>
   </trkpt>
   <trkpt lat="-12.0088100" lon="-71.2370710">
    <ele>337.0</ele>
    <time>2024-12-11T13:48:34Z</time>
   </trkpt>
   <trkpt lat="-12.0088120" lon="-71.2370820">
    <ele>337.0</ele>
    <time>2024-12-11T13:48:35Z</time>
   </trkpt>
   <trkpt lat="-12.0088190" lon="-71.2370930">
    <ele>337.0</ele>
    <time>2024-12-11T13:48:36Z</time>
   </trkpt>
   <trkpt lat="-12.0088320" lon="-71.2370820">
    <ele>337.0</ele>
    <time>2024-12-11T13:48:37Z</time>
   </trkpt>
   <trkpt lat="-12.0088450" lon="-71.2370770">
    <ele>337.0</ele>
    <time>2024-12-11T13:48:38Z</time>
   </trkpt>
   <trkpt lat="-12.0088470" lon="-71.2370770">
    <ele>337.0</ele>
    <time>2024-12-11T13:48:39Z</time>
   </trkpt>
   <trkpt lat="-12.0088540" lon="-71.2370770">
    <ele>337.0</ele>
    <time>2024-12-11T13:48:40Z</time>
   </trkpt>
   <trkpt lat="-12.0088650" lon="-71.2370720">
    <ele>337.0</ele>
    <time>2024-12-11T13:48:41Z</time>
   </trkpt>
   <trkpt lat="-12.0088740" lon="-71.2370690">
    <ele>337.0</ele>
    <time>2024-12-11T13:48:42Z</time>
   </trkpt>
   <trkpt lat="-12.0088910" lon="-71.2370540">
    <ele>337.0</ele>
    <time>2024-12-11T13:48:43Z</time>
   </trkpt>
   <trkpt lat="-12.0089000" lon="-71.2370490">
    <ele>337.0</ele>
    <time>2024-12-11T13:48:44Z</time>
   </trkpt>
   <trkpt lat="-12.0089090" lon="-71.2370440">
    <ele>337.0</ele>
    <time>2024-12-11T13:48:45Z</time>
   </trkpt>
   <trkpt lat="-12.0089170" lon="-71.2370360">
    <ele>337.0</ele>
    <time>2024-12-11T13:48:46Z</time>
   </trkpt>
   <trkpt lat="-12.0089270" lon="-71.2370160">
    <ele>337.0</ele>
    <time>2024-12-11T13:48:47Z</time>
   </trkpt>
   <trkpt lat="-12.0089320" lon="-71.2370150">
    <ele>337.0</ele>
    <time>2024-12-11T13:48:48Z</time>
   </trkpt>
   <trkpt lat="-12.0089430" lon="-71.2370170">
    <ele>337.0</ele>
    <time>2024-12-11T13:48:49Z</time>
   </trkpt>
   <trkpt lat="-12.0089490" lon="-71.2370250">
    <ele>337.0</ele>
    <time>2024-12-11T13:48:50Z</time>
   </trkpt>
   <trkpt lat="-12.0089500" lon="-71.2370210">
    <ele>337.0</ele>
    <time>2024-12-11T13:48:51Z</time>
   </trkpt>
   <trkpt lat="-12.0089560" lon="-71.2370140">
    <ele>337.0</ele>
    <time>2024-12-11T13:48:52Z</time>
   </trkpt>
   <trkpt lat="-12.0089650" lon="-71.2370100">
    <ele>337.0</ele>
    <time>2024-12-11T13:48:53Z</time>
   </trkpt>
   <trkpt lat="-12.0089640" lon="-71.2370070">
    <ele>337.0</ele>
    <time>2024-12-11T13:48:54Z</time>
   </trkpt>
   <trkpt lat="-12.0089610" lon="-71.2370140">
    <ele>337.0</ele>
    <time>2024-12-11T13:48:55Z</time>
   </trkpt>
   <trkpt lat="-12.0089680" lon="-71.2370090">
    <ele>337.0</ele>
    <time>2024-12-11T13:48:56Z</time>
   </trkpt>
   <trkpt lat="-12.0089780" lon="-71.2370150">
    <ele>337.0</ele>
    <time>2024-12-11T13:48:57Z</time>
   </trkpt>
   <trkpt lat="-12.0089900" lon="-71.2370220">
    <ele>337.0</ele>
    <time>2024-12-11T13:48:58Z</time>
   </trkpt>
   <trkpt lat="-12.0090100" lon="-71.2370030">
    <ele>337.0</ele>
    <time>2024-12-11T13:48:59Z</time>
   </trkpt>
   <trkpt lat="-12.0090140" lon="-71.2369900">
    <ele>337.0</ele>
    <time>2024-12-11T13:49:00Z</time>
   </trkpt>
   <trkpt lat="-12.0090250" lon="-71.2369680">
    <ele>337.0</ele>
    <time>2024-12-11T13:49:01Z</time>
   </trkpt>
   <trkpt lat="-12.0090400" lon="-71.2369690">
    <ele>337.0</ele>
    <time>2024-12-11T13:49:02Z</time>
   </trkpt>
   <trkpt lat="-12.0090530" lon="-71.2369610">
    <ele>337.0</ele>
    <time>2024-12-11T13:49:03Z</time>
   </trkpt>
   <trkpt lat="-12.0090720" lon="-71.2369570">
    <ele>337.0</ele>
    <time>2024-12-11T13:49:04Z</time>
   </trkpt>
   <trkpt lat="-12.0090740" lon="-71.2369500">
    <ele>337.0</ele>
    <time>2024-12-11T13:49:05Z</time>
   </trkpt>
   <trkpt lat="-12.0090840" lon="-71.2369460">
    <ele>337.0</ele>
    <time>2024-12-11T13:49:06Z</time>
   </trkpt>
   <trkpt lat="-12.0090910" lon="-71.2369340">
    <ele>337.0</ele>
    <time>2024-12-11T13:49:07Z</time>
   </trkpt>
   <trkpt lat="-12.0091000" lon="-71.2369270">
    <ele>337.0</ele>
    <time>2024-12-11T13:49:08Z</time>
   </trkpt>
   <trkpt lat="-12.0091170" lon="-71.2369170">
    <ele>337.0</ele>
    <time>2024-12-11T13:49:09Z</time>
   </trkpt>
   <trkpt lat="-12.0091210" lon="-71.2369160">
    <ele>337.0</ele>
    <time>2024-12-11T13:49:10Z</time>
   </trkpt>
   <trkpt lat="-12.0091240" lon="-71.2369140">
    <ele>337.0</ele>
    <time>2024-12-11T13:49:11Z</time>
   </trkpt>
   <trkpt lat="-12.0091280" lon="-71.2369120">
    <ele>337.0</ele>
    <time>2024-12-11T13:49:12Z</time>
   </trkpt>
   <trkpt lat="-12.0091310" lon="-71.2369100">
    <ele>337.0</ele>
    <time>2024-12-11T13:49:13Z</time>
   </trkpt>
   <trkpt lat="-12.0091340" lon="-71.2369080">
    <ele>337.0</ele>
    <time>2024-12-11T13:49:14Z</time>
   </trkpt>
   <trkpt lat="-12.0091370" lon="-71.2369050">
    <ele>337.0</ele>
    <time>2024-12-11T13:49:15Z</time>
   </trkpt>
   <trkpt lat="-12.0091400" lon="-71.2369030">
    <ele>337.0</ele>
    <time>2024-12-11T13:49:16Z</time>
   </trkpt>
   <trkpt lat="-12.0091440" lon="-71.2369010">
    <ele>337.0</ele>
    <time>2024-12-11T13:49:17Z</time>
   </trkpt>
   <trkpt lat="-12.0091470" lon="-71.2368990">
    <ele>337.0</ele>
    <time>2024-12-11T13:49:18Z</time>
   </trkpt>
   <trkpt lat="-12.0091500" lon="-71.2368970">
    <ele>337.0</ele>
    <time>2024-12-11T13:49:19Z</time>
   </trkpt>
   <trkpt lat="-12.0091630" lon="-71.2369040">
    <ele>337.0</ele>
    <time>2024-12-11T13:49:20Z</time>
   </trkpt>
   <trkpt lat="-12.0091610" lon="-71.2369050">
    <ele>337.0</ele>
    <time>2024-12-11T13:49:21Z</time>
   </trkpt>
   <trkpt lat="-12.0091680" lon="-71.2369020">
    <ele>337.0</ele>
    <time>2024-12-11T13:49:22Z</time>
   </trkpt>
   <trkpt lat="-12.0091690" lon="-71.2368970">
    <ele>337.0</ele>
    <time>2024-12-11T13:49:23Z</time>
   </trkpt>
   <trkpt lat="-12.0091740" lon="-71.2368910">
    <ele>337.0</ele>
    <time>2024-12-11T13:49:24Z</time>
   </trkpt>
   <trkpt lat="-12.0091750" lon="-71.2368830">
    <ele>337.0</ele>
    <time>2024-12-11T13:49:25Z</time>
   </trkpt>
   <trkpt lat="-12.0091850" lon="-71.2368800">
    <ele>337.0</ele>
    <time>2024-12-11T13:49:26Z</time>
   </trkpt>
   <trkpt lat="-12.0091940" lon="-71.2368750">
    <ele>337.0</ele>
    <time>2024-12-11T13:49:27Z</time>
   </trkpt>
   <trkpt lat="-12.0092010" lon="-71.2368700">
    <ele>337.0</ele>
    <time>2024-12-11T13:49:28Z</time>
   </trkpt>
   <trkpt lat="-12.0092030" lon="-71.2368750">
    <ele>337.0</ele>
    <time>2024-12-11T13:49:29Z</time>
   </trkpt>
   <trkpt lat="-12.0092050" lon="-71.2368600">
    <ele>337.0</ele>
    <time>2024-12-11T13:49:30Z</time>
   </trkpt>
   <trkpt lat="-12.0092020" lon="-71.2368630">
    <ele>337.0</ele>
    <time>2024-12-11T13:49:31Z</time>
   </trkpt>
   <trkpt lat="-12.0092050" lon="-71.2368560">
    <ele>337.0</ele>
    <time>2024-12-11T13:49:32Z</time>
   </trkpt>
   <trkpt lat="-12.0092130" lon="-71.2368540">
    <ele>337.0</ele>
    <time>2024-12-11T13:49:33Z</time>
   </trkpt>
   <trkpt lat="-12.0092210" lon="-71.2368490">
    <ele>337.0</ele>
    <time>2024-12-11T13:49:34Z</time>
   </trkpt>
   <trkpt lat="-12.0092230" lon="-71.2368450">
    <ele>337.0</ele>
    <time>2024-12-11T13:49:35Z</time>
   </trkpt>
   <trkpt lat="-12.0092310" lon="-71.2368380">
    <ele>337.0</ele>
    <time>2024-12-11T13:49:36Z</time>
   </trkpt>
   <trkpt lat="-12.0092400" lon="-71.2368310">
    <ele>337.0</ele>
    <time>2024-12-11T13:49:37Z</time>
   </trkpt>
   <trkpt lat="-12.0092440" lon="-71.2368240">
    <ele>337.0</ele>
    <time>2024-12-11T13:49:38Z</time>
   </trkpt>
   <trkpt lat="-12.0092530" lon="-71.2368190">
    <ele>337.0</ele>
    <time>2024-12-11T13:49:39Z</time>
   </trkpt>
   <trkpt lat="-12.0092590" lon="-71.2368110">
    <ele>337.0</ele>
    <time>2024-12-11T13:49:40Z</time>
   </trkpt>
   <trkpt lat="-12.0092660" lon="-71.2367970">
    <ele>337.0</ele>
    <time>2024-12-11T13:49:41Z</time>
   </trkpt>
   <trkpt lat="-12.0092670" lon="-71.2367830">
    <ele>337.0</ele>
    <time>2024-12-11T13:49:42Z</time>
   </trkpt>
   <trkpt lat="-12.0092800" lon="-71.2367790">
    <ele>337.0</ele>
    <time>2024-12-11T13:49:43Z</time>
   </trkpt>
   <trkpt lat="-12.0092860" lon="-71.2367730">
    <ele>337.0</ele>
    <time>2024-12-11T13:49:44Z</time>
   </trkpt>
   <trkpt lat="-12.0092970" lon="-71.2367660">
    <ele>337.0</ele>
    <time>2024-12-11T13:49:45Z</time>
   </trkpt>
   <trkpt lat="-12.0093070" lon="-71.2367440">
    <ele>337.0</ele>
    <time>2024-12-11T13:49:46Z</time>
   </trkpt>
   <trkpt lat="-12.0093180" lon="-71.2367490">
    <ele>337.0</ele>
    <time>2024-12-11T13:49:47Z</time>
   </trkpt>
   <trkpt lat="-12.0093300" lon="-71.2367410">
    <ele>337.0</ele>
    <time>2024-12-11T13:49:48Z</time>
   </trkpt>
   <trkpt lat="-12.0093390" lon="-71.2367320">
    <ele>337.0</ele>
    <time>2024-12-11T13:49:49Z</time>
   </trkpt>
   <trkpt lat="-12.0093490" lon="-71.2367190">
    <ele>337.0</ele>
    <time>2024-12-11T13:49:50Z</time>
   </trkpt>
   <trkpt lat="-12.0093540" lon="-71.2367120">
    <ele>337.0</ele>
    <time>2024-12-11T13:49:51Z</time>
   </trkpt>
   <trkpt lat="-12.0093580" lon="-71.2367040">
    <ele>337.0</ele>
    <time>2024-12-11T13:49:52Z</time>
   </trkpt>
   <trkpt lat="-12.0093630" lon="-71.2366960">
    <ele>337.0</ele>
    <time>2024-12-11T13:49:53Z</time>
   </trkpt>
   <trkpt lat="-12.0093700" lon="-71.2366960">
    <ele>337.0</ele>
    <time>2024-12-11T13:49:54Z</time>
   </trkpt>
   <trkpt lat="-12.0093760" lon="-71.2366850">
    <ele>337.0</ele>
    <time>2024-12-11T13:49:55Z</time>
   </trkpt>
   <trkpt lat="-12.0093780" lon="-71.2366830">
    <ele>337.0</ele>
    <time>2024-12-11T13:49:56Z</time>
   </trkpt>
   <trkpt lat="-12.0093810" lon="-71.2366720">
    <ele>337.0</ele>
    <time>2024-12-11T13:49:57Z</time>
   </trkpt>
   <trkpt lat="-12.0093820" lon="-71.2366600">
    <ele>337.0</ele>
    <time>2024-12-11T13:49:58Z</time>
   </trkpt>
   <trkpt lat="-12.0093880" lon="-71.2366530">
    <ele>337.0</ele>
    <time>2024-12-11T13:49:59Z</time>
   </trkpt>
   <trkpt lat="-12.0093890" lon="-71.2366430">
    <ele>337.0</ele>
    <time>2024-12-11T13:50:00Z</time>
   </trkpt>
   <trkpt lat="-12.0093880" lon="-71.2366290">
    <ele>337.0</ele>
    <time>2024-12-11T13:50:01Z</time>
   </trkpt>
   <trkpt lat="-12.0093880" lon="-71.2366210">
    <ele>337.0</ele>
    <time>2024-12-11T13:50:02Z</time>
   </trkpt>
   <trkpt lat="-12.0093830" lon="-71.2366190">
    <ele>337.0</ele>
    <time>2024-12-11T13:50:03Z</time>
   </trkpt>
   <trkpt lat="-12.0093840" lon="-71.2366110">
    <ele>337.0</ele>
    <time>2024-12-11T13:50:04Z</time>
   </trkpt>
   <trkpt lat="-12.0093830" lon="-71.2366050">
    <ele>337.0</ele>
    <time>2024-12-11T13:50:05Z</time>
   </trkpt>
   <trkpt lat="-12.0093860" lon="-71.2366010">
    <ele>337.0</ele>
    <time>2024-12-11T13:50:06Z</time>
   </trkpt>
   <trkpt lat="-12.0093890" lon="-71.2365920">
    <ele>337.0</ele>
    <time>2024-12-11T13:50:07Z</time>
   </trkpt>
   <trkpt lat="-12.0094000" lon="-71.2365790">
    <ele>337.0</ele>
    <time>2024-12-11T13:50:08Z</time>
   </trkpt>
   <trkpt lat="-12.0094070" lon="-71.2365710">
    <ele>337.0</ele>
    <time>2024-12-11T13:50:09Z</time>
   </trkpt>
   <trkpt lat="-12.0094130" lon="-71.2365610">
    <ele>337.0</ele>
    <time>2024-12-11T13:50:10Z</time>
   </trkpt>
   <trkpt lat="-12.0094160" lon="-71.2365640">
    <ele>337.0</ele>
    <time>2024-12-11T13:50:11Z</time>
   </trkpt>
   <trkpt lat="-12.0094200" lon="-71.2365600">
    <ele>337.0</ele>
    <time>2024-12-11T13:50:12Z</time>
   </trkpt>
   <trkpt lat="-12.0094380" lon="-71.2365410">
    <ele>337.0</ele>
    <time>2024-12-11T13:50:13Z</time>
   </trkpt>
   <trkpt lat="-12.0094480" lon="-71.2365340">
    <ele>337.0</ele>
    <time>2024-12-11T13:50:14Z</time>
   </trkpt>
   <trkpt lat="-12.0094610" lon="-71.2365260">
    <ele>337.0</ele>
    <time>2024-12-11T13:50:15Z</time>
   </trkpt>
   <trkpt lat="-12.0094670" lon="-71.2365190">
    <ele>337.0</ele>
    <time>2024-12-11T13:50:16Z</time>
   </trkpt>
   <trkpt lat="-12.0094710" lon="-71.2365070">
    <ele>337.0</ele>
    <time>2024-12-11T13:50:17Z</time>
   </trkpt>
   <trkpt lat="-12.0094770" lon="-71.2365060">
    <ele>337.0</ele>
    <time>2024-12-11T13:50:18Z</time>
   </trkpt>
   <trkpt lat="-12.0094850" lon="-71.2365040">
    <ele>337.0</ele>
    <time>2024-12-11T13:50:19Z</time>
   </trkpt>
   <trkpt lat="-12.0094840" lon="-71.2365040">
    <ele>337.0</ele>
    <time>2024-12-11T13:50:20Z</time>
   </trkpt>
   <trkpt lat="-12.0094900" lon="-71.2365020">
    <ele>337.0</ele>
    <time>2024-12-11T13:50:21Z</time>
   </trkpt>
   <trkpt lat="-12.0094930" lon="-71.2364900">
    <ele>337.0</ele>
    <time>2024-12-11T13:50:22Z</time>
   </trkpt>
   <trkpt lat="-12.0095050" lon="-71.2364920">
    <ele>337.0</ele>
    <time>2024-12-11T13:50:23Z</time>
   </trkpt>
   <trkpt lat="-12.0095130" lon="-71.2364840">
    <ele>337.0</ele>
    <time>2024-12-11T13:50:24Z</time>
   </trkpt>
   <trkpt lat="-12.0095240" lon="-71.2364790">
    <ele>337.0</ele>
    <time>2024-12-11T13:50:25Z</time>
   </trkpt>
   <trkpt lat="-12.0095280" lon="-71.2364830">
    <ele>337.0</ele>
    <time>2024-12-11T13:50:26Z</time>
   </trkpt>
   <trkpt lat="-12.0095380" lon="-71.2364810">
    <ele>337.0</ele>
    <time>2024-12-11T13:50:27Z</time>
   </trkpt>
   <trkpt lat="-12.0095330" lon="-71.2365020">
    <ele>337.0</ele>
    <time>2024-12-11T13:50:28Z</time>
   </trkpt>
   <trkpt lat="-12.0095510" lon="-71.2365010">
    <ele>337.0</ele>
    <time>2024-12-11T13:50:29Z</time>
   </trkpt>
   <trkpt lat="-12.0095720" lon="-71.2364870">
    <ele>337.0</ele>
    <time>2024-12-11T13:50:30Z</time>
   </trkpt>
   <trkpt lat="-12.0095810" lon="-71.2364790">
    <ele>337.0</ele>
    <time>2024-12-11T13:50:31Z</time>
   </trkpt>
   <trkpt lat="-12.0095900" lon="-71.2364700">
    <ele>337.0</ele>
    <time>2024-12-11T13:50:32Z</time>
   </trkpt>
   <trkpt lat="-12.0095990" lon="-71.2364530">
    <ele>337.0</ele>
    <time>2024-12-11T13:50:33Z</time>
   </trkpt>
   <trkpt lat="-12.0096020" lon="-71.2364450">
    <ele>337.0</ele>
    <time>2024-12-11T13:50:34Z</time>
   </trkpt>
   <trkpt lat="-12.0096060" lon="-71.2364360">
    <ele>337.0</ele>
    <time>2024-12-11T13:50:35Z</time>
   </trkpt>
   <trkpt lat="-12.0096250" lon="-71.2364310">
    <ele>337.0</ele>
    <time>2024-12-11T13:50:36Z</time>
   </trkpt>
   <trkpt lat="-12.0096320" lon="-71.2364250">
    <ele>337.0</ele>
    <time>2024-12-11T13:50:37Z</time>
   </trkpt>
   <trkpt lat="-12.0096390" lon="-71.2364180">
    <ele>337.0</ele>
    <time>2024-12-11T13:50:38Z</time>
   </trkpt>
   <trkpt lat="-12.0096430" lon="-71.2364000">
    <ele>337.0</ele>
    <time>2024-12-11T13:50:39Z</time>
   </trkpt>
   <trkpt lat="-12.0096370" lon="-71.2363990">
    <ele>337.0</ele>
    <time>2024-12-11T13:50:40Z</time>
   </trkpt>
   <trkpt lat="-12.0096410" lon="-71.2363940">
    <ele>337.0</ele>
    <time>2024-12-11T13:50:41Z</time>
   </trkpt>
   <trkpt lat="-12.0096430" lon="-71.2363850">
    <ele>337.0</ele>
    <time>2024-12-11T13:50:42Z</time>
   </trkpt>
   <trkpt lat="-12.0096500" lon="-71.2363840">
    <ele>337.0</ele>
    <time>2024-12-11T13:50:43Z</time>
   </trkpt>
   <trkpt lat="-12.0096570" lon="-71.2363670">
    <ele>337.0</ele>
    <time>2024-12-11T13:50:44Z</time>
   </trkpt>
   <trkpt lat="-12.0096680" lon="-71.2363650">
    <ele>337.0</ele>
    <time>2024-12-11T13:50:45Z</time>
   </trkpt>
   <trkpt lat="-12.0096690" lon="-71.2363600">
    <ele>337.0</ele>
    <time>2024-12-11T13:50:46Z</time>
   </trkpt>
   <trkpt lat="-12.0096740" lon="-71.2363580">
    <ele>337.0</ele>
    <time>2024-12-11T13:50:47Z</time>
   </trkpt>
   <trkpt lat="-12.0096700" lon="-71.2363590">
    <ele>337.0</ele>
    <time>2024-12-11T13:50:48Z</time>
   </trkpt>
   <trkpt lat="-12.0096750" lon="-71.2363530">
    <ele>337.0</ele>
    <time>2024-12-11T13:50:49Z</time>
   </trkpt>
   <trkpt lat="-12.0096860" lon="-71.2363510">
    <ele>337.0</ele>
    <time>2024-12-11T13:50:50Z</time>
   </trkpt>
   <trkpt lat="-12.0096920" lon="-71.2363520">
    <ele>337.0</ele>
    <time>2024-12-11T13:50:51Z</time>
   </trkpt>
   <trkpt lat="-12.0096950" lon="-71.2363450">
    <ele>337.0</ele>
    <time>2024-12-11T13:50:52Z</time>
   </trkpt>
   <trkpt lat="-12.0097010" lon="-71.2363360">
    <ele>337.0</ele>
    <time>2024-12-11T13:50:53Z</time>
   </trkpt>
   <trkpt lat="-12.0097070" lon="-71.2363230">
    <ele>337.0</ele>
    <time>2024-12-11T13:50:54Z</time>
   </trkpt>
   <trkpt lat="-12.0097120" lon="-71.2363120">
    <ele>337.0</ele>
    <time>2024-12-11T13:50:55Z</time>
   </trkpt>
   <trkpt lat="-12.0097150" lon="-71.2363050">
    <ele>337.0</ele>
    <time>2024-12-11T13:50:56Z</time>
   </trkpt>
   <trkpt lat="-12.0097170" lon="-71.2362990">
    <ele>337.0</ele>
    <time>2024-12-11T13:50:57Z</time>
   </trkpt>
   <trkpt lat="-12.0097270" lon="-71.2362920">
    <ele>337.0</ele>
    <time>2024-12-11T13:50:58Z</time>
   </trkpt>
   <trkpt lat="-12.0097330" lon="-71.2362850">
    <ele>337.0</ele>
    <time>2024-12-11T13:50:59Z</time>
   </trkpt>
   <trkpt lat="-12.0097380" lon="-71.2362800">
    <ele>337.0</ele>
    <time>2024-12-11T13:51:00Z</time>
   </trkpt>
   <trkpt lat="-12.0097440" lon="-71.2362740">
    <ele>337.0</ele>
    <time>2024-12-11T13:51:01Z</time>
   </trkpt>
   <trkpt lat="-12.0097490" lon="-71.2362690">
    <ele>337.0</ele>
    <time>2024-12-11T13:51:02Z</time>
   </trkpt>
   <trkpt lat="-12.0097540" lon="-71.2362630">
    <ele>337.0</ele>
    <time>2024-12-11T13:51:03Z</time>
   </trkpt>
   <trkpt lat="-12.0097730" lon="-71.2362420">
    <ele>337.0</ele>
    <time>2024-12-11T13:51:04Z</time>
   </trkpt>
   <trkpt lat="-12.0097760" lon="-71.2362340">
    <ele>337.0</ele>
    <time>2024-12-11T13:51:05Z</time>
   </trkpt>
   <trkpt lat="-12.0097810" lon="-71.2362260">
    <ele>337.0</ele>
    <time>2024-12-11T13:51:06Z</time>
   </trkpt>
   <trkpt lat="-12.0097890" lon="-71.2362190">
    <ele>337.0</ele>
    <time>2024-12-11T13:51:07Z</time>
   </trkpt>
   <trkpt lat="-12.0097940" lon="-71.2362250">
    <ele>337.0</ele>
    <time>2024-12-11T13:51:08Z</time>
   </trkpt>
   <trkpt lat="-12.0098000" lon="-71.2362180">
    <ele>337.0</ele>
    <time>2024-12-11T13:51:09Z</time>
   </trkpt>
   <trkpt lat="-12.0097990" lon="-71.2362030">
    <ele>337.0</ele>
    <time>2024-12-11T13:51:10Z</time>
   </trkpt>
   <trkpt lat="-12.0098030" lon="-71.2361960">
    <ele>337.0</ele>
    <time>2024-12-11T13:51:11Z</time>
   </trkpt>
   <trkpt lat="-12.0098170" lon="-71.2361930">
    <ele>337.0</ele>
    <time>2024-12-11T13:51:12Z</time>
   </trkpt>
   <trkpt lat="-12.0098120" lon="-71.2361880">
    <ele>337.0</ele>
    <time>2024-12-11T13:51:13Z</time>
   </trkpt>
   <trkpt lat="-12.0098210" lon="-71.2361750">
    <ele>337.0</ele>
    <time>2024-12-11T13:51:14Z</time>
   </trkpt>
   <trkpt lat="-12.0098310" lon="-71.2361680">
    <ele>337.0</ele>
    <time>2024-12-11T13:51:15Z</time>
   </trkpt>
   <trkpt lat="-12.0098350" lon="-71.2361530">
    <ele>337.0</ele>
    <time>2024-12-11T13:51:16Z</time>
   </trkpt>
   <trkpt lat="-12.0098380" lon="-71.2361410">
    <ele>337.0</ele>
    <time>2024-12-11T13:51:17Z</time>
   </trkpt>
   <trkpt lat="-12.0098400" lon="-71.2361290">
    <ele>337.0</ele>
    <time>2024-12-11T13:51:18Z</time>
   </trkpt>
   <trkpt lat="-12.0098430" lon="-71.2361170">
    <ele>337.0</ele>
    <time>2024-12-11T13:51:19Z</time>
   </trkpt>
   <trkpt lat="-12.0098430" lon="-71.2361140">
    <ele>337.0</ele>
    <time>2024-12-11T13:51:20Z</time>
   </trkpt>
   <trkpt lat="-12.0098450" lon="-71.2361170">
    <ele>337.0</ele>
    <time>2024-12-11T13:51:21Z</time>
   </trkpt>
   <trkpt lat="-12.0098470" lon="-71.2361160">
    <ele>337.0</ele>
    <time>2024-12-11T13:51:22Z</time>
   </trkpt>
   <trkpt lat="-12.0098450" lon="-71.2361170">
    <ele>337.0</ele>
    <time>2024-12-11T13:51:23Z</time>
   </trkpt>
   <trkpt lat="-12.0098480" lon="-71.2361200">
    <ele>337.0</ele>
    <time>2024-12-11T13:51:24Z</time>
   </trkpt>
   <trkpt lat="-12.0098560" lon="-71.2361230">
    <ele>337.0</ele>
    <time>2024-12-11T13:51:25Z</time>
   </trkpt>
   <trkpt lat="-12.0098540" lon="-71.2361270">
    <ele>337.0</ele>
    <time>2024-12-11T13:51:26Z</time>
   </trkpt>
   <trkpt lat="-12.0098560" lon="-71.2361300">
    <ele>337.0</ele>
    <time>2024-12-11T13:51:27Z</time>
   </trkpt>
   <trkpt lat="-12.0098560" lon="-71.2361300">
    <ele>337.0</ele>
    <time>2024-12-11T13:51:28Z</time>
   </trkpt>
   <trkpt lat="-12.0098600" lon="-71.2361340">
    <ele>337.0</ele>
    <time>2024-12-11T13:51:29Z</time>
   </trkpt>
   <trkpt lat="-12.0098600" lon="-71.2361340">
    <ele>337.0</ele>
    <time>2024-12-11T13:51:30Z</time>
   </trkpt>
   <trkpt lat="-12.0098610" lon="-71.2361330">
    <ele>337.0</ele>
    <time>2024-12-11T13:51:31Z</time>
   </trkpt>
   <trkpt lat="-12.0098600" lon="-71.2361330">
    <ele>337.0</ele>
    <time>2024-12-11T13:51:32Z</time>
   </trkpt>
   <trkpt lat="-12.0098600" lon="-71.2361330">
    <ele>337.0</ele>
    <time>2024-12-11T13:51:33Z</time>
   </trkpt>
   <trkpt lat="-12.0098600" lon="-71.2361330">
    <ele>337.0</ele>
    <time>2024-12-11T13:51:34Z</time>
   </trkpt>
   <trkpt lat="-12.0098600" lon="-71.2361330">
    <ele>337.0</ele>
    <time>2024-12-11T13:51:35Z</time>
   </trkpt>
   <trkpt lat="-12.0098600" lon="-71.2361330">
    <ele>337.0</ele>
    <time>2024-12-11T13:51:36Z</time>
   </trkpt>
   <trkpt lat="-12.0098600" lon="-71.2361330">
    <ele>337.0</ele>
    <time>2024-12-11T13:51:37Z</time>
   </trkpt>
   <trkpt lat="-12.0098600" lon="-71.2361330">
    <ele>337.0</ele>
    <time>2024-12-11T13:51:38Z</time>
   </trkpt>
   <trkpt lat="-12.0098600" lon="-71.2361330">
    <ele>337.0</ele>
    <time>2024-12-11T13:51:39Z</time>
   </trkpt>
   <trkpt lat="-12.0098610" lon="-71.2361290">
    <ele>337.0</ele>
    <time>2024-12-11T13:51:40Z</time>
   </trkpt>
   <trkpt lat="-12.0098610" lon="-71.2361280">
    <ele>337.0</ele>
    <time>2024-12-11T13:51:41Z</time>
   </trkpt>
   <trkpt lat="-12.0098610" lon="-71.2361280">
    <ele>337.0</ele>
    <time>2024-12-11T13:51:42Z</time>
   </trkpt>
   <trkpt lat="-12.0098680" lon="-71.2361270">
    <ele>337.0</ele>
    <time>2024-12-11T13:51:43Z</time>
   </trkpt>
   <trkpt lat="-12.0098680" lon="-71.2361270">
    <ele>337.0</ele>
    <time>2024-12-11T13:51:44Z</time>
   </trkpt>
   <trkpt lat="-12.0098720" lon="-71.2361290">
    <ele>337.0</ele>
    <time>2024-12-11T13:51:45Z</time>
   </trkpt>
   <trkpt lat="-12.0098720" lon="-71.2361290">
    <ele>337.0</ele>
    <time>2024-12-11T13:51:46Z</time>
   </trkpt>
   <trkpt lat="-12.0098720" lon="-71.2361290">
    <ele>337.0</ele>
    <time>2024-12-11T13:51:47Z</time>
   </trkpt>
   <trkpt lat="-12.0098720" lon="-71.2361290">
    <ele>337.0</ele>
    <time>2024-12-11T13:51:48Z</time>
   </trkpt>
   <trkpt lat="-12.0098720" lon="-71.2361290">
    <ele>337.0</ele>
    <time>2024-12-11T13:51:49Z</time>
   </trkpt>
   <trkpt lat="-12.0098720" lon="-71.2361290">
    <ele>337.0</ele>
    <time>2024-12-11T13:51:50Z</time>
   </trkpt>
   <trkpt lat="-12.0098760" lon="-71.2361310">
    <ele>337.0</ele>
    <time>2024-12-11T13:51:51Z</time>
   </trkpt>
   <trkpt lat="-12.0098770" lon="-71.2361300">
    <ele>337.0</ele>
    <time>2024-12-11T13:51:52Z</time>
   </trkpt>
   <trkpt lat="-12.0098650" lon="-71.2361390">
    <ele>337.0</ele>
    <time>2024-12-11T13:51:53Z</time>
   </trkpt>
   <trkpt lat="-12.0098570" lon="-71.2361480">
    <ele>337.0</ele>
    <time>2024-12-11T13:51:54Z</time>
   </trkpt>
   <trkpt lat="-12.0098550" lon="-71.2361450">
    <ele>337.0</ele>
    <time>2024-12-11T13:51:55Z</time>
   </trkpt>
   <trkpt lat="-12.0098510" lon="-71.2361480">
    <ele>337.0</ele>
    <time>2024-12-11T13:51:56Z</time>
   </trkpt>
   <trkpt lat="-12.0098460" lon="-71.2361500">
    <ele>337.0</ele>
    <time>2024-12-11T13:51:57Z</time>
   </trkpt>
   <trkpt lat="-12.0098420" lon="-71.2361530">
    <ele>337.0</ele>
    <time>2024-12-11T13:51:58Z</time>
   </trkpt>
   <trkpt lat="-12.0098370" lon="-71.2361550">
    <ele>337.0</ele>
    <time>2024-12-11T13:51:59Z</time>
   </trkpt>
   <trkpt lat="-12.0098320" lon="-71.2361570">
    <ele>337.0</ele>
    <time>2024-12-11T13:52:00Z</time>
   </trkpt>
   <trkpt lat="-12.0098280" lon="-71.2361600">
    <ele>337.0</ele>
    <time>2024-12-11T13:52:01Z</time>
   </trkpt>
   <trkpt lat="-12.0098230" lon="-71.2361620">
    <ele>337.0</ele>
    <time>2024-12-11T13:52:02Z</time>
   </trkpt>
   <trkpt lat="-12.0098190" lon="-71.2361510">
    <ele>337.0</ele>
    <time>2024-12-11T13:52:03Z</time>
   </trkpt>
   <trkpt lat="-12.0097990" lon="-71.2361460">
    <ele>337.0</ele>
    <time>2024-12-11T13:52:04Z</time>
   </trkpt>
   <trkpt lat="-12.0097910" lon="-71.2361470">
    <ele>337.0</ele>
    <time>2024-12-11T13:52:05Z</time>
   </trkpt>
   <trkpt lat="-12.0097860" lon="-71.2361530">
    <ele>337.0</ele>
    <time>2024-12-11T13:52:06Z</time>
   </trkpt>
   <trkpt lat="-12.0097950" lon="-71.2361550">
    <ele>337.0</ele>
    <time>2024-12-11T13:52:07Z</time>
   </trkpt>
   <trkpt lat="-12.0097970" lon="-71.2361590">
    <ele>337.0</ele>
    <time>2024-12-11T13:52:08Z</time>
   </trkpt>
   <trkpt lat="-12.0097950" lon="-71.2361590">
    <ele>337.0</ele>
    <time>2024-12-11T13:52:09Z</time>
   </trkpt>
   <trkpt lat="-12.0097940" lon="-71.2361560">
    <ele>337.0</ele>
    <time>2024-12-11T13:52:10Z</time>
   </trkpt>
   <trkpt lat="-12.0097930" lon="-71.2361560">
    <ele>337.0</ele>
    <time>2024-12-11T13:52:11Z</time>
   </trkpt>
   <trkpt lat="-12.0097930" lon="-71.2361550">
    <ele>337.0</ele>
    <time>2024-12-11T13:52:12Z</time>
   </trkpt>
   <trkpt lat="-12.0097910" lon="-71.2361490">
    <ele>337.0</ele>
    <time>2024-12-11T13:52:13Z</time>
   </trkpt>
   <trkpt lat="-12.0097880" lon="-71.2361320">
    <ele>337.0</ele>
    <time>2024-12-11T13:52:14Z</time>
   </trkpt>
   <trkpt lat="-12.0097790" lon="-71.2361250">
    <ele>337.0</ele>
    <time>2024-12-11T13:52:15Z</time>
   </trkpt>
   <trkpt lat="-12.0097690" lon="-71.2361220">
    <ele>337.0</ele>
    <time>2024-12-11T13:52:16Z</time>
   </trkpt>
   <trkpt lat="-12.0097930" lon="-71.2361410">
    <ele>337.0</ele>
    <time>2024-12-11T13:52:17Z</time>
   </trkpt>
   <trkpt lat="-12.0098110" lon="-71.2361420">
    <ele>337.0</ele>
    <time>2024-12-11T13:52:18Z</time>
   </trkpt>
   <trkpt lat="-12.0098130" lon="-71.2361370">
    <ele>337.0</ele>
    <time>2024-12-11T13:52:19Z</time>
   </trkpt>
   <trkpt lat="-12.0098230" lon="-71.2361360">
    <ele>337.0</ele>
    <time>2024-12-11T13:52:20Z</time>
   </trkpt>
   <trkpt lat="-12.0098250" lon="-71.2361300">
    <ele>337.0</ele>
    <time>2024-12-11T13:52:21Z</time>
   </trkpt>
   <trkpt lat="-12.0098230" lon="-71.2361300">
    <ele>337.0</ele>
    <time>2024-12-11T13:52:22Z</time>
   </trkpt>
   <trkpt lat="-12.0098170" lon="-71.2361140">
    <ele>337.0</ele>
    <time>2024-12-11T13:52:23Z</time>
   </trkpt>
   <trkpt lat="-12.0098170" lon="-71.2360850">
    <ele>337.0</ele>
    <time>2024-12-11T13:52:24Z</time>
   </trkpt>
   <trkpt lat="-12.0098240" lon="-71.2360570">
    <ele>337.0</ele>
    <time>2024-12-11T13:52:25Z</time>
   </trkpt>
   <trkpt lat="-12.0098230" lon="-71.2360470">
    <ele>337.0</ele>
    <time>2024-12-11T13:52:26Z</time>
   </trkpt>
   <trkpt lat="-12.0098310" lon="-71.2360560">
    <ele>337.0</ele>
    <time>2024-12-11T13:52:27Z</time>
   </trkpt>
   <trkpt lat="-12.0098190" lon="-71.2360640">
    <ele>337.0</ele>
    <time>2024-12-11T13:52:28Z</time>
   </trkpt>
   <trkpt lat="-12.0098190" lon="-71.2360590">
    <ele>337.0</ele>
    <time>2024-12-11T13:52:29Z</time>
   </trkpt>
   <trkpt lat="-12.0098090" lon="-71.2360570">
    <ele>337.0</ele>
    <time>2024-12-11T13:52:30Z</time>
   </trkpt>
   <trkpt lat="-12.0098040" lon="-71.2360560">
    <ele>337.0</ele>
    <time>2024-12-11T13:52:31Z</time>
   </trkpt>
   <trkpt lat="-12.0097970" lon="-71.2360510">
    <ele>337.0</ele>
    <time>2024-12-11T13:52:32Z</time>
   </trkpt>
   <trkpt lat="-12.0097810" lon="-71.2360350">
    <ele>337.0</ele>
    <time>2024-12-11T13:52:33Z</time>
   </trkpt>
   <trkpt lat="-12.0097750" lon="-71.2360290">
    <ele>337.0</ele>
    <time>2024-12-11T13:52:34Z</time>
   </trkpt>
   <trkpt lat="-12.0097680" lon="-71.2360220">
    <ele>337.0</ele>
    <time>2024-12-11T13:52:35Z</time>
   </trkpt>
   <trkpt lat="-12.0097640" lon="-71.2360060">
    <ele>337.0</ele>
    <time>2024-12-11T13:52:36Z</time>
   </trkpt>
   <trkpt lat="-12.0097620" lon="-71.2359950">
    <ele>337.0</ele>
    <time>2024-12-11T13:52:37Z</time>
   </trkpt>
   <trkpt lat="-12.0097590" lon="-71.2359840">
    <ele>337.0</ele>
    <time>2024-12-11T13:52:38Z</time>
   </trkpt>
   <trkpt lat="-12.0097570" lon="-71.2359730">
    <ele>337.0</ele>
    <time>2024-12-11T13:52:39Z</time>
   </trkpt>
   <trkpt lat="-12.0097660" lon="-71.2359480">
    <ele>337.0</ele>
    <time>2024-12-11T13:52:40Z</time>
   </trkpt>
   <trkpt lat="-12.0097760" lon="-71.2359430">
    <ele>337.0</ele>
    <time>2024-12-11T13:52:41Z</time>
   </trkpt>
   <trkpt lat="-12.0097870" lon="-71.2359370">
    <ele>337.0</ele>
    <time>2024-12-11T13:52:42Z</time>
   </trkpt>
   <trkpt lat="-12.0097970" lon="-71.2359320">
    <ele>337.0</ele>
    <time>2024-12-11T13:52:43Z</time>
   </trkpt>
   <trkpt lat="-12.0098340" lon="-71.2359200">
    <ele>337.0</ele>
    <time>2024-12-11T13:52:44Z</time>
   </trkpt>
   <trkpt lat="-12.0098610" lon="-71.2358960">
    <ele>337.0</ele>
    <time>2024-12-11T13:52:45Z</time>
   </trkpt>
   <trkpt lat="-12.0098720" lon="-71.2358790">
    <ele>337.0</ele>
    <time>2024-12-11T13:52:46Z</time>
   </trkpt>
   <trkpt lat="-12.0098840" lon="-71.2358620">
    <ele>337.0</ele>
    <time>2024-12-11T13:52:47Z</time>
   </trkpt>
   <trkpt lat="-12.0099050" lon="-71.2358350">
    <ele>337.0</ele>
    <time>2024-12-11T13:52:48Z</time>
   </trkpt>
   <trkpt lat="-12.0099080" lon="-71.2358250">
    <ele>337.0</ele>
    <time>2024-12-11T13:52:49Z</time>
   </trkpt>
   <trkpt lat="-12.0099150" lon="-71.2358070">
    <ele>337.0</ele>
    <time>2024-12-11T13:52:50Z</time>
   </trkpt>
   <trkpt lat="-12.0099200" lon="-71.2357930">
    <ele>337.0</ele>
    <time>2024-12-11T13:52:51Z</time>
   </trkpt>
   <trkpt lat="-12.0099250" lon="-71.2357790">
    <ele>337.0</ele>
    <time>2024-12-11T13:52:52Z</time>
   </trkpt>
   <trkpt lat="-12.0099420" lon="-71.2357380">
    <ele>337.0</ele>
    <time>2024-12-11T13:52:53Z</time>
   </trkpt>
   <trkpt lat="-12.0099530" lon="-71.2357240">
    <ele>337.0</ele>
    <time>2024-12-11T13:52:54Z</time>
   </trkpt>
   <trkpt lat="-12.0099490" lon="-71.2357070">
    <ele>337.0</ele>
    <time>2024-12-11T13:52:55Z</time>
   </trkpt>
   <trkpt lat="-12.0099510" lon="-71.2356960">
    <ele>337.0</ele>
    <time>2024-12-11T13:52:56Z</time>
   </trkpt>
   <trkpt lat="-12.0099520" lon="-71.2356850">
    <ele>337.0</ele>
    <time>2024-12-11T13:52:57Z</time>
   </trkpt>
   <trkpt lat="-12.0099390" lon="-71.2356710">
    <ele>337.0</ele>
    <time>2024-12-11T13:52:58Z</time>
   </trkpt>
   <trkpt lat="-12.0099320" lon="-71.2356650">
    <ele>337.0</ele>
    <time>2024-12-11T13:52:59Z</time>
   </trkpt>
   <trkpt lat="-12.0099260" lon="-71.2356580">
    <ele>337.0</ele>
    <time>2024-12-11T13:53:00Z</time>
   </trkpt>
   <trkpt lat="-12.0099190" lon="-71.2356520">
    <ele>337.0</ele>
    <time>2024-12-11T13:53:01Z</time>
   </trkpt>
   <trkpt lat="-12.0099290" lon="-71.2356350">
    <ele>337.0</ele>
    <time>2024-12-11T13:53:02Z</time>
   </trkpt>
   <trkpt lat="-12.0099340" lon="-71.2356210">
    <ele>337.0</ele>
    <time>2024-12-11T13:53:03Z</time>
   </trkpt>
   <trkpt lat="-12.0099450" lon="-71.2356050">
    <ele>337.0</ele>
    <time>2024-12-11T13:53:04Z</time>
   </trkpt>
   <trkpt lat="-12.0099470" lon="-71.2355940">
    <ele>337.0</ele>
    <time>2024-12-11T13:53:05Z</time>
   </trkpt>
   <trkpt lat="-12.0099450" lon="-71.2355720">
    <ele>337.0</ele>
    <time>2024-12-11T13:53:06Z</time>
   </trkpt>
   <trkpt lat="-12.0099440" lon="-71.2355640">
    <ele>337.0</ele>
    <time>2024-12-11T13:53:07Z</time>
   </trkpt>
   <trkpt lat="-12.0099430" lon="-71.2355560">
    <ele>337.0</ele>
    <time>2024-12-11T13:53:08Z</time>
   </trkpt>
   <trkpt lat="-12.0099370" lon="-71.2355420">
    <ele>337.0</ele>
    <time>2024-12-11T13:53:09Z</time>
   </trkpt>
   <trkpt lat="-12.0099440" lon="-71.2355410">
    <ele>337.0</ele>
    <time>2024-12-11T13:53:10Z</time>
   </trkpt>
   <trkpt lat="-12.0099330" lon="-71.2355320">
    <ele>337.0</ele>
    <time>2024-12-11T13:53:11Z</time>
   </trkpt>
   <trkpt lat="-12.0099330" lon="-71.2355230">
    <ele>337.0</ele>
    <time>2024-12-11T13:53:12Z</time>
   </trkpt>
   <trkpt lat="-12.0099460" lon="-71.2355220">
    <ele>337.0</ele>
    <time>2024-12-11T13:53:13Z</time>
   </trkpt>
   <trkpt lat="-12.0099590" lon="-71.2355300">
    <ele>337.0</ele>
    <time>2024-12-11T13:53:14Z</time>
   </trkpt>
   <trkpt lat="-12.0099640" lon="-71.2355150">
    <ele>337.0</ele>
    <time>2024-12-11T13:53:15Z</time>
   </trkpt>
   <trkpt lat="-12.0099560" lon="-71.2355090">
    <ele>337.0</ele>
    <time>2024-12-11T13:53:16Z</time>
   </trkpt>
   <trkpt lat="-12.0099590" lon="-71.2355100">
    <ele>337.0</ele>
    <time>2024-12-11T13:53:17Z</time>
   </trkpt>
   <trkpt lat="-12.0099550" lon="-71.2355030">
    <ele>337.0</ele>
    <time>2024-12-11T13:53:18Z</time>
   </trkpt>
   <trkpt lat="-12.0099320" lon="-71.2355030">
    <ele>337.0</ele>
    <time>2024-12-11T13:53:19Z</time>
   </trkpt>
   <trkpt lat="-12.0099190" lon="-71.2355020">
    <ele>337.0</ele>
    <time>2024-12-11T13:53:20Z</time>
   </trkpt>
   <trkpt lat="-12.0099200" lon="-71.2354840">
    <ele>337.0</ele>
    <time>2024-12-11T13:53:21Z</time>
   </trkpt>
   <trkpt lat="-12.0099200" lon="-71.2354800">
    <ele>337.0</ele>
    <time>2024-12-11T13:53:22Z</time>
   </trkpt>
   <trkpt lat="-12.0099230" lon="-71.2354700">
    <ele>337.0</ele>
    <time>2024-12-11T13:53:23Z</time>
   </trkpt>
   <trkpt lat="-12.0099200" lon="-71.2354530">
    <ele>337.0</ele>
    <time>2024-12-11T13:53:24Z</time>
   </trkpt>
   <trkpt lat="-12.0099230" lon="-71.2354400">
    <ele>337.0</ele>
    <time>2024-12-11T13:53:25Z</time>
   </trkpt>
   <trkpt lat="-12.0099160" lon="-71.2354270">
    <ele>337.0</ele>
    <time>2024-12-11T13:53:26Z</time>
   </trkpt>
   <trkpt lat="-12.0099190" lon="-71.2354140">
    <ele>337.0</ele>
    <time>2024-12-11T13:53:27Z</time>
   </trkpt>
   <trkpt lat="-12.0099270" lon="-71.2354040">
    <ele>337.0</ele>
    <time>2024-12-11T13:53:28Z</time>
   </trkpt>
   <trkpt lat="-12.0099390" lon="-71.2354070">
    <ele>337.0</ele>
    <time>2024-12-11T13:53:29Z</time>
   </trkpt>
   <trkpt lat="-12.0099220" lon="-71.2354050">
    <ele>337.0</ele>
    <time>2024-12-11T13:53:30Z</time>
   </trkpt>
   <trkpt lat="-12.0099160" lon="-71.2353890">
    <ele>337.0</ele>
    <time>2024-12-11T13:53:31Z</time>
   </trkpt>
   <trkpt lat="-12.0099010" lon="-71.2353890">
    <ele>337.0</ele>
    <time>2024-12-11T13:53:32Z</time>
   </trkpt>
   <trkpt lat="-12.0098910" lon="-71.2353790">
    <ele>337.0</ele>
    <time>2024-12-11T13:53:33Z</time>
   </trkpt>
   <trkpt lat="-12.0098790" lon="-71.2353770">
    <ele>337.0</ele>
    <time>2024-12-11T13:53:34Z</time>
   </trkpt>
   <trkpt lat="-12.0098820" lon="-71.2353690">
    <ele>337.0</ele>
    <time>2024-12-11T13:53:35Z</time>
   </trkpt>
   <trkpt lat="-12.0099060" lon="-71.2353430">
    <ele>337.0</ele>
    <time>2024-12-11T13:53:36Z</time>
   </trkpt>
   <trkpt lat="-12.0099120" lon="-71.2353370">
    <ele>337.0</ele>
    <time>2024-12-11T13:53:37Z</time>
   </trkpt>
   <trkpt lat="-12.0099280" lon="-71.2353140">
    <ele>337.0</ele>
    <time>2024-12-11T13:53:38Z</time>
   </trkpt>
   <trkpt lat="-12.0099360" lon="-71.2353100">
    <ele>337.0</ele>
    <time>2024-12-11T13:53:39Z</time>
   </trkpt>
   <trkpt lat="-12.0099430" lon="-71.2353050">
    <ele>337.0</ele>
    <time>2024-12-11T13:53:40Z</time>
   </trkpt>
   <trkpt lat="-12.0099510" lon="-71.2353000">
    <ele>337.0</ele>
    <time>2024-12-11T13:53:41Z</time>
   </trkpt>
   <trkpt lat="-12.0099570" lon="-71.2352900">
    <ele>337.0</ele>
    <time>2024-12-11T13:53:42Z</time>
   </trkpt>
   <trkpt lat="-12.0099570" lon="-71.2352800">
    <ele>337.0</ele>
    <time>2024-12-11T13:53:43Z</time>
   </trkpt>
   <trkpt lat="-12.0099560" lon="-71.2352710">
    <ele>337.0</ele>
    <time>2024-12-11T13:53:44Z</time>
   </trkpt>
   <trkpt lat="-12.0099550" lon="-71.2352610">
    <ele>337.0</ele>
    <time>2024-12-11T13:53:45Z</time>
   </trkpt>
   <trkpt lat="-12.0099590" lon="-71.2352280">
    <ele>337.0</ele>
    <time>2024-12-11T13:53:46Z</time>
   </trkpt>
   <trkpt lat="-12.0099650" lon="-71.2352150">
    <ele>337.0</ele>
    <time>2024-12-11T13:53:47Z</time>
   </trkpt>
   <trkpt lat="-12.0099800" lon="-71.2352100">
    <ele>337.0</ele>
    <time>2024-12-11T13:53:48Z</time>
   </trkpt>
   <trkpt lat="-12.0099810" lon="-71.2351940">
    <ele>337.0</ele>
    <time>2024-12-11T13:53:49Z</time>
   </trkpt>
   <trkpt lat="-12.0099830" lon="-71.2351840">
    <ele>337.0</ele>
    <time>2024-12-11T13:53:50Z</time>
   </trkpt>
   <trkpt lat="-12.0099810" lon="-71.2351780">
    <ele>337.0</ele>
    <time>2024-12-11T13:53:51Z</time>
   </trkpt>
   <trkpt lat="-12.0099840" lon="-71.2351750">
    <ele>337.0</ele>
    <time>2024-12-11T13:53:52Z</time>
   </trkpt>
   <trkpt lat="-12.0099830" lon="-71.2351690">
    <ele>337.0</ele>
    <time>2024-12-11T13:53:53Z</time>
   </trkpt>
   <trkpt lat="-12.0099850" lon="-71.2351570">
    <ele>337.0</ele>
    <time>2024-12-11T13:53:54Z</time>
   </trkpt>
   <trkpt lat="-12.0099850" lon="-71.2351470">
    <ele>337.0</ele>
    <time>2024-12-11T13:53:55Z</time>
   </trkpt>
   <trkpt lat="-12.0099880" lon="-71.2351400">
    <ele>337.0</ele>
    <time>2024-12-11T13:53:56Z</time>
   </trkpt>
   <trkpt lat="-12.0099880" lon="-71.2351330">
    <ele>337.0</ele>
    <time>2024-12-11T13:53:57Z</time>
   </trkpt>
   <trkpt lat="-12.0099850" lon="-71.2351240">
    <ele>337.0</ele>
    <time>2024-12-11T13:53:58Z</time>
   </trkpt>
   <trkpt lat="-12.0099860" lon="-71.2351300">
    <ele>337.0</ele>
    <time>2024-12-11T13:53:59Z</time>
   </trkpt>
   <trkpt lat="-12.0099720" lon="-71.2351190">
    <ele>337.0</ele>
    <time>2024-12-11T13:54:00Z</time>
   </trkpt>
   <trkpt lat="-12.0099660" lon="-71.2350990">
    <ele>337.0</ele>
    <time>2024-12-11T13:54:01Z</time>
   </trkpt>
   <trkpt lat="-12.0099640" lon="-71.2350880">
    <ele>337.0</ele>
    <time>2024-12-11T13:54:02Z</time>
   </trkpt>
   <trkpt lat="-12.0099630" lon="-71.2350780">
    <ele>337.0</ele>
    <time>2024-12-11T13:54:03Z</time>
   </trkpt>
   <trkpt lat="-12.0099530" lon="-71.2350590">
    <ele>337.0</ele>
    <time>2024-12-11T13:54:04Z</time>
   </trkpt>
   <trkpt lat="-12.0099510" lon="-71.2350590">
    <ele>337.0</ele>
    <time>2024-12-11T13:54:05Z</time>
   </trkpt>
   <trkpt lat="-12.0099600" lon="-71.2350450">
    <ele>337.0</ele>
    <time>2024-12-11T13:54:06Z</time>
   </trkpt>
   <trkpt lat="-12.0099610" lon="-71.2350430">
    <ele>337.0</ele>
    <time>2024-12-11T13:54:07Z</time>
   </trkpt>
   <trkpt lat="-12.0099560" lon="-71.2350360">
    <ele>337.0</ele>
    <time>2024-12-11T13:54:08Z</time>
   </trkpt>
   <trkpt lat="-12.0099530" lon="-71.2350370">
    <ele>337.0</ele>
    <time>2024-12-11T13:54:09Z</time>
   </trkpt>
   <trkpt lat="-12.0099550" lon="-71.2350280">
    <ele>337.0</ele>
    <time>2024-12-11T13:54:10Z</time>
   </trkpt>
   <trkpt lat="-12.0099530" lon="-71.2350240">
    <ele>337.0</ele>
    <time>2024-12-11T13:54:11Z</time>
   </trkpt>
   <trkpt lat="-12.0099490" lon="-71.2350150">
    <ele>337.0</ele>
    <time>2024-12-11T13:54:12Z</time>
   </trkpt>
   <trkpt lat="-12.0099520" lon="-71.2350250">
    <ele>337.0</ele>
    <time>2024-12-11T13:54:13Z</time>
   </trkpt>
   <trkpt lat="-12.0099400" lon="-71.2350110">
    <ele>337.0</ele>
    <time>2024-12-11T13:54:14Z</time>
   </trkpt>
   <trkpt lat="-12.0099280" lon="-71.2349970">
    <ele>337.0</ele>
    <time>2024-12-11T13:54:15Z</time>
   </trkpt>
   <trkpt lat="-12.0099500" lon="-71.2349870">
    <ele>337.0</ele>
    <time>2024-12-11T13:54:16Z</time>
   </trkpt>
   <trkpt lat="-12.0099600" lon="-71.2349800">
    <ele>337.0</ele>
    <time>2024-12-11T13:54:17Z</time>
   </trkpt>
   <trkpt lat="-12.0099740" lon="-71.2349610">
    <ele>337.0</ele>
    <time>2024-12-11T13:54:18Z</time>
   </trkpt>
   <trkpt lat="-12.0099800" lon="-71.2349530">
    <ele>337.0</ele>
    <time>2024-12-11T13:54:19Z</time>
   </trkpt>
   <trkpt lat="-12.0099850" lon="-71.2349450">
    <ele>337.0</ele>
    <time>2024-12-11T13:54:20Z</time>
   </trkpt>
   <trkpt lat="-12.0099910" lon="-71.2349300">
    <ele>337.0</ele>
    <time>2024-12-11T13:54:21Z</time>
   </trkpt>
   <trkpt lat="-12.0100040" lon="-71.2349200">
    <ele>337.0</ele>
    <time>2024-12-11T13:54:22Z</time>
   </trkpt>
   <trkpt lat="-12.0100160" lon="-71.2349110">
    <ele>337.0</ele>
    <time>2024-12-11T13:54:23Z</time>
   </trkpt>
   <trkpt lat="-12.0100080" lon="-71.2349020">
    <ele>337.0</ele>
    <time>2024-12-11T13:54:24Z</time>
   </trkpt>
   <trkpt lat="-12.0100100" lon="-71.2348980">
    <ele>337.0</ele>
    <time>2024-12-11T13:54:25Z</time>
   </trkpt>
   <trkpt lat="-12.0100220" lon="-71.2348880">
    <ele>337.0</ele>
    <time>2024-12-11T13:54:26Z</time>
   </trkpt>
   <trkpt lat="-12.0100230" lon="-71.2348810">
    <ele>337.0</ele>
    <time>2024-12-11T13:54:27Z</time>
   </trkpt>
   <trkpt lat="-12.0100070" lon="-71.2348640">
    <ele>337.0</ele>
    <time>2024-12-11T13:54:28Z</time>
   </trkpt>
   <trkpt lat="-12.0100020" lon="-71.2348550">
    <ele>337.0</ele>
    <time>2024-12-11T13:54:29Z</time>
   </trkpt>
   <trkpt lat="-12.0099970" lon="-71.2348450">
    <ele>337.0</ele>
    <time>2024-12-11T13:54:30Z</time>
   </trkpt>
   <trkpt lat="-12.0099870" lon="-71.2348310">
    <ele>337.0</ele>
    <time>2024-12-11T13:54:31Z</time>
   </trkpt>
   <trkpt lat="-12.0099900" lon="-71.2348200">
    <ele>337.0</ele>
    <time>2024-12-11T13:54:32Z</time>
   </trkpt>
   <trkpt lat="-12.0100180" lon="-71.2348180">
    <ele>337.0</ele>
    <time>2024-12-11T13:54:33Z</time>
   </trkpt>
   <trkpt lat="-12.0100240" lon="-71.2348040">
    <ele>337.0</ele>
    <time>2024-12-11T13:54:34Z</time>
   </trkpt>
   <trkpt lat="-12.0100280" lon="-71.2348000">
    <ele>337.0</ele>
    <time>2024-12-11T13:54:35Z</time>
   </trkpt>
   <trkpt lat="-12.0100330" lon="-71.2347960">
    <ele>337.0</ele>
    <time>2024-12-11T13:54:36Z</time>
   </trkpt>
   <trkpt lat="-12.0100370" lon="-71.2347920">
    <ele>337.0</ele>
    <time>2024-12-11T13:54:37Z</time>
   </trkpt>
   <trkpt lat="-12.0100420" lon="-71.2347880">
    <ele>337.0</ele>
    <time>2024-12-11T13:54:38Z</time>
   </trkpt>
   <trkpt lat="-12.0100420" lon="-71.2347790">
    <ele>337.0</ele>
    <time>2024-12-11T13:54:39Z</time>
   </trkpt>
   <trkpt lat="-12.0100410" lon="-71.2347690">
    <ele>337.0</ele>
    <time>2024-12-11T13:54:40Z</time>
   </trkpt>
   <trkpt lat="-12.0100450" lon="-71.2347540">
    <ele>337.0</ele>
    <time>2024-12-11T13:54:41Z</time>
   </trkpt>
   <trkpt lat="-12.0100560" lon="-71.2347330">
    <ele>337.0</ele>
    <time>2024-12-11T13:54:42Z</time>
   </trkpt>
   <trkpt lat="-12.0100540" lon="-71.2347230">
    <ele>337.0</ele>
    <time>2024-12-11T13:54:43Z</time>
   </trkpt>
   <trkpt lat="-12.0100560" lon="-71.2347140">
    <ele>337.0</ele>
    <time>2024-12-11T13:54:44Z</time>
   </trkpt>
   <trkpt lat="-12.0100470" lon="-71.2347070">
    <ele>337.0</ele>
    <time>2024-12-11T13:54:45Z</time>
   </trkpt>
   <trkpt lat="-12.0100510" lon="-71.2346980">
    <ele>337.0</ele>
    <time>2024-12-11T13:54:46Z</time>
   </trkpt>
   <trkpt lat="-12.0100540" lon="-71.2346930">
    <ele>337.0</ele>
    <time>2024-12-11T13:54:47Z</time>
   </trkpt>
   <trkpt lat="-12.0100620" lon="-71.2346810">
    <ele>337.0</ele>
    <time>2024-12-11T13:54:48Z</time>
   </trkpt>
   <trkpt lat="-12.0100400" lon="-71.2346680">
    <ele>337.0</ele>
    <time>2024-12-11T13:54:49Z</time>
   </trkpt>
   <trkpt lat="-12.0100440" lon="-71.2346670">
    <ele>337.0</ele>
    <time>2024-12-11T13:54:50Z</time>
   </trkpt>
   <trkpt lat="-12.0100340" lon="-71.2346530">
    <ele>337.0</ele>
    <time>2024-12-11T13:54:51Z</time>
   </trkpt>
   <trkpt lat="-12.0100370" lon="-71.2346390">
    <ele>337.0</ele>
    <time>2024-12-11T13:54:52Z</time>
   </trkpt>
   <trkpt lat="-12.0100330" lon="-71.2346290">
    <ele>337.0</ele>
    <time>2024-12-11T13:54:53Z</time>
   </trkpt>
   <trkpt lat="-12.0100340" lon="-71.2346180">
    <ele>337.0</ele>
    <time>2024-12-11T13:54:54Z</time>
   </trkpt>
   <trkpt lat="-12.0100420" lon="-71.2346100">
    <ele>337.0</ele>
    <time>2024-12-11T13:54:55Z</time>
   </trkpt>
   <trkpt lat="-12.0100430" lon="-71.2346000">
    <ele>337.0</ele>
    <time>2024-12-11T13:54:56Z</time>
   </trkpt>
   <trkpt lat="-12.0100360" lon="-71.2345890">
    <ele>337.0</ele>
    <time>2024-12-11T13:54:57Z</time>
   </trkpt>
   <trkpt lat="-12.0100350" lon="-71.2345880">
    <ele>337.0</ele>
    <time>2024-12-11T13:54:58Z</time>
   </trkpt>
   <trkpt lat="-12.0100310" lon="-71.2345760">
    <ele>337.0</ele>
    <time>2024-12-11T13:54:59Z</time>
   </trkpt>
   <trkpt lat="-12.0100200" lon="-71.2345630">
    <ele>337.0</ele>
    <time>2024-12-11T13:55:00Z</time>
   </trkpt>
   <trkpt lat="-12.0100190" lon="-71.2345590">
    <ele>337.0</ele>
    <time>2024-12-11T13:55:01Z</time>
   </trkpt>
   <trkpt lat="-12.0100190" lon="-71.2345540">
    <ele>337.0</ele>
    <time>2024-12-11T13:55:02Z</time>
   </trkpt>
   <trkpt lat="-12.0100180" lon="-71.2345500">
    <ele>337.0</ele>
    <time>2024-12-11T13:55:03Z</time>
   </trkpt>
   <trkpt lat="-12.0100170" lon="-71.2345450">
    <ele>337.0</ele>
    <time>2024-12-11T13:55:04Z</time>
   </trkpt>
   <trkpt lat="-12.0100160" lon="-71.2345410">
    <ele>337.0</ele>
    <time>2024-12-11T13:55:05Z</time>
   </trkpt>
   <trkpt lat="-12.0100220" lon="-71.2345360">
    <ele>337.0</ele>
    <time>2024-12-11T13:55:06Z</time>
   </trkpt>
   <trkpt lat="-12.0100180" lon="-71.2345380">
    <ele>337.0</ele>
    <time>2024-12-11T13:55:07Z</time>
   </trkpt>
   <trkpt lat="-12.0100120" lon="-71.2345380">
    <ele>337.0</ele>
    <time>2024-12-11T13:55:08Z</time>
   </trkpt>
   <trkpt lat="-12.0100060" lon="-71.2345340">
    <ele>337.0</ele>
    <time>2024-12-11T13:55:09Z</time>
   </trkpt>
   <trkpt lat="-12.0100070" lon="-71.2345360">
    <ele>337.0</ele>
    <time>2024-12-11T13:55:10Z</time>
   </trkpt>
   <trkpt lat="-12.0100010" lon="-71.2345190">
    <ele>337.0</ele>
    <time>2024-12-11T13:55:11Z</time>
   </trkpt>
   <trkpt lat="-12.0099950" lon="-71.2345270">
    <ele>337.0</ele>
    <time>2024-12-11T13:55:12Z</time>
   </trkpt>
   <trkpt lat="-12.0099910" lon="-71.2345210">
    <ele>337.0</ele>
    <time>2024-12-11T13:55:13Z</time>
   </trkpt>
   <trkpt lat="-12.0099840" lon="-71.2345190">
    <ele>337.0</ele>
    <time>2024-12-11T13:55:14Z</time>
   </trkpt>
   <trkpt lat="-12.0099770" lon="-71.2345160">
    <ele>337.0</ele>
    <time>2024-12-11T13:55:15Z</time>
   </trkpt>
   <trkpt lat="-12.0099770" lon="-71.2345170">
    <ele>337.0</ele>
    <time>2024-12-11T13:55:16Z</time>
   </trkpt>
   <trkpt lat="-12.0099760" lon="-71.2345190">
    <ele>337.0</ele>
    <time>2024-12-11T13:55:17Z</time>
   </trkpt>
   <trkpt lat="-12.0099730" lon="-71.2345230">
    <ele>337.0</ele>
    <time>2024-12-11T13:55:18Z</time>
   </trkpt>
   <trkpt lat="-12.0099640" lon="-71.2345130">
    <ele>337.0</ele>
    <time>2024-12-11T13:55:19Z</time>
   </trkpt>
   <trkpt lat="-12.0099570" lon="-71.2345220">
    <ele>337.0</ele>
    <time>2024-12-11T13:55:20Z</time>
   </trkpt>
   <trkpt lat="-12.0099490" lon="-71.2345170">
    <ele>337.0</ele>
    <time>2024-12-11T13:55:21Z</time>
   </trkpt>
   <trkpt lat="-12.0099430" lon="-71.2345180">
    <ele>337.0</ele>
    <time>2024-12-11T13:55:22Z</time>
   </trkpt>
   <trkpt lat="-12.0099330" lon="-71.2345100">
    <ele>337.0</ele>
    <time>2024-12-11T13:55:23Z</time>
   </trkpt>
   <trkpt lat="-12.0099310" lon="-71.2344940">
    <ele>337.0</ele>
    <time>2024-12-11T13:55:24Z</time>
   </trkpt>
   <trkpt lat="-12.0099270" lon="-71.2344800">
    <ele>337.0</ele>
    <time>2024-12-11T13:55:25Z</time>
   </trkpt>
   <trkpt lat="-12.0099290" lon="-71.2344700">
    <ele>337.0</ele>
    <time>2024-12-11T13:55:26Z</time>
   </trkpt>
   <trkpt lat="-12.0099360" lon="-71.2344760">
    <ele>337.0</ele>
    <time>2024-12-11T13:55:27Z</time>
   </trkpt>
   <trkpt lat="-12.0099290" lon="-71.2344710">
    <ele>337.0</ele>
    <time>2024-12-11T13:55:28Z</time>
   </trkpt>
   <trkpt lat="-12.0099140" lon="-71.2344760">
    <ele>337.0</ele>
    <time>2024-12-11T13:55:29Z</time>
   </trkpt>
   <trkpt lat="-12.0099020" lon="-71.2344620">
    <ele>337.0</ele>
    <time>2024-12-11T13:55:30Z</time>
   </trkpt>
   <trkpt lat="-12.0098920" lon="-71.2344510">
    <ele>337.0</ele>
    <time>2024-12-11T13:55:31Z</time>
   </trkpt>
   <trkpt lat="-12.0098730" lon="-71.2344530">
    <ele>337.0</ele>
    <time>2024-12-11T13:55:32Z</time>
   </trkpt>
   <trkpt lat="-12.0098430" lon="-71.2344450">
    <ele>336.4</ele>
    <time>2024-12-11T13:55:33Z</time>
   </trkpt>
   <trkpt lat="-12.0098300" lon="-71.2344450">
    <ele>336.4</ele>
    <time>2024-12-11T13:55:34Z</time>
   </trkpt>
   <trkpt lat="-12.0098210" lon="-71.2344520">
    <ele>336.9</ele>
    <time>2024-12-11T13:55:35Z</time>
   </trkpt>
   <trkpt lat="-12.0098020" lon="-71.2344570">
    <ele>337.1</ele>
    <time>2024-12-11T13:55:36Z</time>
   </trkpt>
   <trkpt lat="-12.0097890" lon="-71.2344630">
    <ele>337.1</ele>
    <time>2024-12-11T13:55:37Z</time>
   </trkpt>
   <trkpt lat="-12.0097780" lon="-71.2344730">
    <ele>337.1</ele>
    <time>2024-12-11T13:55:38Z</time>
   </trkpt>
   <trkpt lat="-12.0097740" lon="-71.2344750">
    <ele>337.1</ele>
    <time>2024-12-11T13:55:39Z</time>
   </trkpt>
   <trkpt lat="-12.0097610" lon="-71.2344850">
    <ele>337.2</ele>
    <time>2024-12-11T13:55:40Z</time>
   </trkpt>
   <trkpt lat="-12.0097550" lon="-71.2344890">
    <ele>337.2</ele>
    <time>2024-12-11T13:55:41Z</time>
   </trkpt>
   <trkpt lat="-12.0097340" lon="-71.2344990">
    <ele>337.6</ele>
    <time>2024-12-11T13:55:42Z</time>
   </trkpt>
   <trkpt lat="-12.0097290" lon="-71.2345010">
    <ele>337.7</ele>
    <time>2024-12-11T13:55:43Z</time>
   </trkpt>
   <trkpt lat="-12.0097230" lon="-71.2345020">
    <ele>337.7</ele>
    <time>2024-12-11T13:55:44Z</time>
   </trkpt>
   <trkpt lat="-12.0097170" lon="-71.2345030">
    <ele>337.7</ele>
    <time>2024-12-11T13:55:45Z</time>
   </trkpt>
   <trkpt lat="-12.0097060" lon="-71.2345030">
    <ele>337.7</ele>
    <time>2024-12-11T13:55:46Z</time>
   </trkpt>
   <trkpt lat="-12.0096910" lon="-71.2345070">
    <ele>337.7</ele>
    <time>2024-12-11T13:55:47Z</time>
   </trkpt>
   <trkpt lat="-12.0096870" lon="-71.2345130">
    <ele>337.9</ele>
    <time>2024-12-11T13:55:48Z</time>
   </trkpt>
   <trkpt lat="-12.0096690" lon="-71.2345190">
    <ele>337.9</ele>
    <time>2024-12-11T13:55:49Z</time>
   </trkpt>
   <trkpt lat="-12.0096610" lon="-71.2345270">
    <ele>337.9</ele>
    <time>2024-12-11T13:55:50Z</time>
   </trkpt>
   <trkpt lat="-12.0096500" lon="-71.2345330">
    <ele>337.9</ele>
    <time>2024-12-11T13:55:51Z</time>
   </trkpt>
   <trkpt lat="-12.0096350" lon="-71.2345380">
    <ele>338.6</ele>
    <time>2024-12-11T13:55:52Z</time>
   </trkpt>
   <trkpt lat="-12.0096170" lon="-71.2345400">
    <ele>338.6</ele>
    <time>2024-12-11T13:55:53Z</time>
   </trkpt>
   <trkpt lat="-12.0096110" lon="-71.2345320">
    <ele>338.4</ele>
    <time>2024-12-11T13:55:54Z</time>
   </trkpt>
   <trkpt lat="-12.0096030" lon="-71.2345340">
    <ele>338.9</ele>
    <time>2024-12-11T13:55:55Z</time>
   </trkpt>
   <trkpt lat="-12.0095990" lon="-71.2345350">
    <ele>338.9</ele>
    <time>2024-12-11T13:55:56Z</time>
   </trkpt>
   <trkpt lat="-12.0095980" lon="-71.2345360">
    <ele>338.8</ele>
    <time>2024-12-11T13:55:57Z</time>
   </trkpt>
   <trkpt lat="-12.0095940" lon="-71.2345390">
    <ele>339.1</ele>
    <time>2024-12-11T13:55:58Z</time>
   </trkpt>
   <trkpt lat="-12.0095850" lon="-71.2345450">
    <ele>339.1</ele>
    <time>2024-12-11T13:55:59Z</time>
   </trkpt>
   <trkpt lat="-12.0095760" lon="-71.2345470">
    <ele>339.1</ele>
    <time>2024-12-11T13:56:00Z</time>
   </trkpt>
   <trkpt lat="-12.0095660" lon="-71.2345430">
    <ele>339.1</ele>
    <time>2024-12-11T13:56:01Z</time>
   </trkpt>
   <trkpt lat="-12.0095610" lon="-71.2345410">
    <ele>339.6</ele>
    <time>2024-12-11T13:56:02Z</time>
   </trkpt>
   <trkpt lat="-12.0095570" lon="-71.2345380">
    <ele>339.6</ele>
    <time>2024-12-11T13:56:03Z</time>
   </trkpt>
   <trkpt lat="-12.0095520" lon="-71.2345350">
    <ele>339.3</ele>
    <time>2024-12-11T13:56:04Z</time>
   </trkpt>
   <trkpt lat="-12.0095470" lon="-71.2345330">
    <ele>339.3</ele>
    <time>2024-12-11T13:56:05Z</time>
   </trkpt>
   <trkpt lat="-12.0095420" lon="-71.2345300">
    <ele>339.3</ele>
    <time>2024-12-11T13:56:06Z</time>
   </trkpt>
   <trkpt lat="-12.0095290" lon="-71.2345290">
    <ele>339.3</ele>
    <time>2024-12-11T13:56:07Z</time>
   </trkpt>
   <trkpt lat="-12.0095240" lon="-71.2345240">
    <ele>339.3</ele>
    <time>2024-12-11T13:56:08Z</time>
   </trkpt>
   <trkpt lat="-12.0095110" lon="-71.2345170">
    <ele>339.7</ele>
    <time>2024-12-11T13:56:09Z</time>
   </trkpt>
   <trkpt lat="-12.0094960" lon="-71.2345190">
    <ele>339.7</ele>
    <time>2024-12-11T13:56:10Z</time>
   </trkpt>
   <trkpt lat="-12.0094840" lon="-71.2345220">
    <ele>339.7</ele>
    <time>2024-12-11T13:56:11Z</time>
   </trkpt>
   <trkpt lat="-12.0094740" lon="-71.2345250">
    <ele>340.1</ele>
    <time>2024-12-11T13:56:12Z</time>
   </trkpt>
   <trkpt lat="-12.0094660" lon="-71.2345340">
    <ele>340.1</ele>
    <time>2024-12-11T13:56:13Z</time>
   </trkpt>
   <trkpt lat="-12.0094570" lon="-71.2345330">
    <ele>340.1</ele>
    <time>2024-12-11T13:56:14Z</time>
   </trkpt>
   <trkpt lat="-12.0094490" lon="-71.2345410">
    <ele>340.2</ele>
    <time>2024-12-11T13:56:15Z</time>
   </trkpt>
   <trkpt lat="-12.0094350" lon="-71.2345530">
    <ele>340.5</ele>
    <time>2024-12-11T13:56:16Z</time>
   </trkpt>
   <trkpt lat="-12.0094150" lon="-71.2345650">
    <ele>340.5</ele>
    <time>2024-12-11T13:56:17Z</time>
   </trkpt>
   <trkpt lat="-12.0094040" lon="-71.2345650">
    <ele>340.5</ele>
    <time>2024-12-11T13:56:18Z</time>
   </trkpt>
   <trkpt lat="-12.0093950" lon="-71.2345710">
    <ele>340.5</ele>
    <time>2024-12-11T13:56:19Z</time>
   </trkpt>
   <trkpt lat="-12.0093860" lon="-71.2345730">
    <ele>340.8</ele>
    <time>2024-12-11T13:56:20Z</time>
   </trkpt>
   <trkpt lat="-12.0093760" lon="-71.2345830">
    <ele>340.9</ele>
    <time>2024-12-11T13:56:21Z</time>
   </trkpt>
   <trkpt lat="-12.0093730" lon="-71.2345810">
    <ele>340.9</ele>
    <time>2024-12-11T13:56:22Z</time>
   </trkpt>
   <trkpt lat="-12.0093800" lon="-71.2345850">
    <ele>340.9</ele>
    <time>2024-12-11T13:56:23Z</time>
   </trkpt>
   <trkpt lat="-12.0093710" lon="-71.2345940">
    <ele>340.9</ele>
    <time>2024-12-11T13:56:24Z</time>
   </trkpt>
   <trkpt lat="-12.0093630" lon="-71.2345980">
    <ele>340.9</ele>
    <time>2024-12-11T13:56:25Z</time>
   </trkpt>
   <trkpt lat="-12.0093570" lon="-71.2346120">
    <ele>340.9</ele>
    <time>2024-12-11T13:56:26Z</time>
   </trkpt>
   <trkpt lat="-12.0093370" lon="-71.2346120">
    <ele>341.1</ele>
    <time>2024-12-11T13:56:27Z</time>
   </trkpt>
   <trkpt lat="-12.0093320" lon="-71.2346140">
    <ele>341.1</ele>
    <time>2024-12-11T13:56:28Z</time>
   </trkpt>
   <trkpt lat="-12.0093330" lon="-71.2346110">
    <ele>341.1</ele>
    <time>2024-12-11T13:56:29Z</time>
   </trkpt>
   <trkpt lat="-12.0093290" lon="-71.2346130">
    <ele>341.1</ele>
    <time>2024-12-11T13:56:30Z</time>
   </trkpt>
   <trkpt lat="-12.0093280" lon="-71.2346200">
    <ele>341.1</ele>
    <time>2024-12-11T13:56:31Z</time>
   </trkpt>
   <trkpt lat="-12.0093200" lon="-71.2346200">
    <ele>341.1</ele>
    <time>2024-12-11T13:56:32Z</time>
   </trkpt>
   <trkpt lat="-12.0093220" lon="-71.2346230">
    <ele>341.3</ele>
    <time>2024-12-11T13:56:33Z</time>
   </trkpt>
   <trkpt lat="-12.0093060" lon="-71.2346370">
    <ele>341.5</ele>
    <time>2024-12-11T13:56:34Z</time>
   </trkpt>
   <trkpt lat="-12.0092920" lon="-71.2346410">
    <ele>341.5</ele>
    <time>2024-12-11T13:56:35Z</time>
   </trkpt>
   <trkpt lat="-12.0092850" lon="-71.2346410">
    <ele>341.5</ele>
    <time>2024-12-11T13:56:36Z</time>
   </trkpt>
   <trkpt lat="-12.0092790" lon="-71.2346420">
    <ele>341.4</ele>
    <time>2024-12-11T13:56:37Z</time>
   </trkpt>
   <trkpt lat="-12.0092720" lon="-71.2346420">
    <ele>341.4</ele>
    <time>2024-12-11T13:56:38Z</time>
   </trkpt>
   <trkpt lat="-12.0092660" lon="-71.2346420">
    <ele>341.6</ele>
    <time>2024-12-11T13:56:39Z</time>
   </trkpt>
   <trkpt lat="-12.0092620" lon="-71.2346440">
    <ele>341.6</ele>
    <time>2024-12-11T13:56:40Z</time>
   </trkpt>
   <trkpt lat="-12.0092580" lon="-71.2346430">
    <ele>341.6</ele>
    <time>2024-12-11T13:56:41Z</time>
   </trkpt>
   <trkpt lat="-12.0092580" lon="-71.2346470">
    <ele>341.6</ele>
    <time>2024-12-11T13:56:42Z</time>
   </trkpt>
   <trkpt lat="-12.0092620" lon="-71.2346420">
    <ele>341.6</ele>
    <time>2024-12-11T13:56:43Z</time>
   </trkpt>
   <trkpt lat="-12.0092630" lon="-71.2346380">
    <ele>341.6</ele>
    <time>2024-12-11T13:56:44Z</time>
   </trkpt>
   <trkpt lat="-12.0092670" lon="-71.2346310">
    <ele>341.6</ele>
    <time>2024-12-11T13:56:45Z</time>
   </trkpt>
   <trkpt lat="-12.0092690" lon="-71.2346250">
    <ele>341.4</ele>
    <time>2024-12-11T13:56:46Z</time>
   </trkpt>
   <trkpt lat="-12.0092740" lon="-71.2346210">
    <ele>341.2</ele>
    <time>2024-12-11T13:56:47Z</time>
   </trkpt>
   <trkpt lat="-12.0092760" lon="-71.2346220">
    <ele>341.2</ele>
    <time>2024-12-11T13:56:48Z</time>
   </trkpt>
   <trkpt lat="-12.0092750" lon="-71.2346270">
    <ele>341.4</ele>
    <time>2024-12-11T13:56:49Z</time>
   </trkpt>
   <trkpt lat="-12.0092700" lon="-71.2346240">
    <ele>341.4</ele>
    <time>2024-12-11T13:56:50Z</time>
   </trkpt>
   <trkpt lat="-12.0092710" lon="-71.2346300">
    <ele>341.4</ele>
    <time>2024-12-11T13:56:51Z</time>
   </trkpt>
   <trkpt lat="-12.0092730" lon="-71.2346400">
    <ele>341.4</ele>
    <time>2024-12-11T13:56:52Z</time>
   </trkpt>
   <trkpt lat="-12.0092710" lon="-71.2346470">
    <ele>341.4</ele>
    <time>2024-12-11T13:56:53Z</time>
   </trkpt>
   <trkpt lat="-12.0092600" lon="-71.2346520">
    <ele>341.5</ele>
    <time>2024-12-11T13:56:54Z</time>
   </trkpt>
   <trkpt lat="-12.0092640" lon="-71.2346460">
    <ele>341.5</ele>
    <time>2024-12-11T13:56:55Z</time>
   </trkpt>
   <trkpt lat="-12.0092570" lon="-71.2346410">
    <ele>341.5</ele>
    <time>2024-12-11T13:56:56Z</time>
   </trkpt>
   <trkpt lat="-12.0092540" lon="-71.2346460">
    <ele>341.5</ele>
    <time>2024-12-11T13:56:57Z</time>
   </trkpt>
   <trkpt lat="-12.0092520" lon="-71.2346420">
    <ele>341.5</ele>
    <time>2024-12-11T13:56:58Z</time>
   </trkpt>
   <trkpt lat="-12.0092530" lon="-71.2346340">
    <ele>341.5</ele>
    <time>2024-12-11T13:56:59Z</time>
   </trkpt>
   <trkpt lat="-12.0092440" lon="-71.2346390">
    <ele>341.5</ele>
    <time>2024-12-11T13:57:00Z</time>
   </trkpt>
   <trkpt lat="-12.0092390" lon="-71.2346380">
    <ele>341.5</ele>
    <time>2024-12-11T13:57:01Z</time>
   </trkpt>
   <trkpt lat="-12.0092410" lon="-71.2346390">
    <ele>341.5</ele>
    <time>2024-12-11T13:57:02Z</time>
   </trkpt>
   <trkpt lat="-12.0092410" lon="-71.2346330">
    <ele>341.5</ele>
    <time>2024-12-11T13:57:03Z</time>
   </trkpt>
   <trkpt lat="-12.0092480" lon="-71.2346350">
    <ele>341.5</ele>
    <time>2024-12-11T13:57:04Z</time>
   </trkpt>
   <trkpt lat="-12.0092460" lon="-71.2346370">
    <ele>341.5</ele>
    <time>2024-12-11T13:57:05Z</time>
   </trkpt>
   <trkpt lat="-12.0092460" lon="-71.2346370">
    <ele>341.5</ele>
    <time>2024-12-11T13:57:06Z</time>
   </trkpt>
   <trkpt lat="-12.0092390" lon="-71.2346390">
    <ele>341.5</ele>
    <time>2024-12-11T13:57:07Z</time>
   </trkpt>
   <trkpt lat="-12.0092360" lon="-71.2346380">
    <ele>341.5</ele>
    <time>2024-12-11T13:57:08Z</time>
   </trkpt>
   <trkpt lat="-12.0092340" lon="-71.2346370">
    <ele>341.5</ele>
    <time>2024-12-11T13:57:09Z</time>
   </trkpt>
   <trkpt lat="-12.0092280" lon="-71.2346390">
    <ele>341.5</ele>
    <time>2024-12-11T13:57:10Z</time>
   </trkpt>
   <trkpt lat="-12.0092390" lon="-71.2346290">
    <ele>341.4</ele>
    <time>2024-12-11T13:57:11Z</time>
   </trkpt>
   <trkpt lat="-12.0092400" lon="-71.2346270">
    <ele>341.4</ele>
    <time>2024-12-11T13:57:12Z</time>
   </trkpt>
   <trkpt lat="-12.0092350" lon="-71.2346280">
    <ele>341.4</ele>
    <time>2024-12-11T13:57:13Z</time>
   </trkpt>
   <trkpt lat="-12.0092300" lon="-71.2346310">
    <ele>341.4</ele>
    <time>2024-12-11T13:57:14Z</time>
   </trkpt>
   <trkpt lat="-12.0092250" lon="-71.2346290">
    <ele>341.6</ele>
    <time>2024-12-11T13:57:15Z</time>
   </trkpt>
   <trkpt lat="-12.0092090" lon="-71.2346330">
    <ele>341.6</ele>
    <time>2024-12-11T13:57:16Z</time>
   </trkpt>
   <trkpt lat="-12.0092020" lon="-71.2346250">
    <ele>341.6</ele>
    <time>2024-12-11T13:57:17Z</time>
   </trkpt>
   <trkpt lat="-12.0091960" lon="-71.2346200">
    <ele>341.5</ele>
    <time>2024-12-11T13:57:18Z</time>
   </trkpt>
   <trkpt lat="-12.0091920" lon="-71.2346100">
    <ele>341.5</ele>
    <time>2024-12-11T13:57:19Z</time>
   </trkpt>
   <trkpt lat="-12.0091720" lon="-71.2346030">
    <ele>341.7</ele>
    <time>2024-12-11T13:57:20Z</time>
   </trkpt>
   <trkpt lat="-12.0091640" lon="-71.2346000">
    <ele>341.7</ele>
    <time>2024-12-11T13:57:21Z</time>
   </trkpt>
   <trkpt lat="-12.0091560" lon="-71.2345960">
    <ele>341.7</ele>
    <time>2024-12-11T13:57:22Z</time>
   </trkpt>
   <trkpt lat="-12.0091490" lon="-71.2345880">
    <ele>341.7</ele>
    <time>2024-12-11T13:57:23Z</time>
   </trkpt>
   <trkpt lat="-12.0091440" lon="-71.2345850">
    <ele>341.7</ele>
    <time>2024-12-11T13:57:24Z</time>
   </trkpt>
   <trkpt lat="-12.0091400" lon="-71.2345810">
    <ele>341.7</ele>
    <time>2024-12-11T13:57:25Z</time>
   </trkpt>
   <trkpt lat="-12.0091350" lon="-71.2345780">
    <ele>341.7</ele>
    <time>2024-12-11T13:57:26Z</time>
   </trkpt>
   <trkpt lat="-12.0091300" lon="-71.2345750">
    <ele>341.7</ele>
    <time>2024-12-11T13:57:27Z</time>
   </trkpt>
   <trkpt lat="-12.0091250" lon="-71.2345720">
    <ele>341.6</ele>
    <time>2024-12-11T13:57:28Z</time>
   </trkpt>
   <trkpt lat="-12.0091180" lon="-71.2345610">
    <ele>341.6</ele>
    <time>2024-12-11T13:57:29Z</time>
   </trkpt>
   <trkpt lat="-12.0091150" lon="-71.2345530">
    <ele>341.6</ele>
    <time>2024-12-11T13:57:30Z</time>
   </trkpt>
   <trkpt lat="-12.0091110" lon="-71.2345450">
    <ele>341.6</ele>
    <time>2024-12-11T13:57:31Z</time>
   </trkpt>
   <trkpt lat="-12.0091080" lon="-71.2345370">
    <ele>341.6</ele>
    <time>2024-12-11T13:57:32Z</time>
   </trkpt>
   <trkpt lat="-12.0091120" lon="-71.2345170">
    <ele>341.6</ele>
    <time>2024-12-11T13:57:33Z</time>
   </trkpt>
   <trkpt lat="-12.0091010" lon="-71.2345100">
    <ele>341.6</ele>
    <time>2024-12-11T13:57:34Z</time>
   </trkpt>
   <trkpt lat="-12.0090970" lon="-71.2345050">
    <ele>341.6</ele>
    <time>2024-12-11T13:57:35Z</time>
   </trkpt>
   <trkpt lat="-12.0090890" lon="-71.2344820">
    <ele>341.6</ele>
    <time>2024-12-11T13:57:36Z</time>
   </trkpt>
   <trkpt lat="-12.0090890" lon="-71.2344720">
    <ele>341.6</ele>
    <time>2024-12-11T13:57:37Z</time>
   </trkpt>
   <trkpt lat="-12.0090900" lon="-71.2344620">
    <ele>341.6</ele>
    <time>2024-12-11T13:57:38Z</time>
   </trkpt>
   <trkpt lat="-12.0090860" lon="-71.2344530">
    <ele>341.6</ele>
    <time>2024-12-11T13:57:39Z</time>
   </trkpt>
   <trkpt lat="-12.0090800" lon="-71.2344410">
    <ele>341.6</ele>
    <time>2024-12-11T13:57:40Z</time>
   </trkpt>
   <trkpt lat="-12.0090700" lon="-71.2344380">
    <ele>341.6</ele>
    <time>2024-12-11T13:57:41Z</time>
   </trkpt>
   <trkpt lat="-12.0090710" lon="-71.2344260">
    <ele>341.6</ele>
    <time>2024-12-11T13:57:42Z</time>
   </trkpt>
   <trkpt lat="-12.0090670" lon="-71.2344180">
    <ele>341.6</ele>
    <time>2024-12-11T13:57:43Z</time>
   </trkpt>
   <trkpt lat="-12.0090690" lon="-71.2344070">
    <ele>341.5</ele>
    <time>2024-12-11T13:57:44Z</time>
   </trkpt>
   <trkpt lat="-12.0090560" lon="-71.2344010">
    <ele>341.5</ele>
    <time>2024-12-11T13:57:45Z</time>
   </trkpt>
   <trkpt lat="-12.0090480" lon="-71.2343970">
    <ele>341.5</ele>
    <time>2024-12-11T13:57:46Z</time>
   </trkpt>
   <trkpt lat="-12.0090380" lon="-71.2343940">
    <ele>341.5</ele>
    <time>2024-12-11T13:57:47Z</time>
   </trkpt>
   <trkpt lat="-12.0090110" lon="-71.2343880">
    <ele>341.5</ele>
    <time>2024-12-11T13:57:48Z</time>
   </trkpt>
   <trkpt lat="-12.0090010" lon="-71.2343850">
    <ele>341.5</ele>
    <time>2024-12-11T13:57:49Z</time>
   </trkpt>
   <trkpt lat="-12.0089880" lon="-71.2343860">
    <ele>341.5</ele>
    <time>2024-12-11T13:57:50Z</time>
   </trkpt>
   <trkpt lat="-12.0089780" lon="-71.2343960">
    <ele>341.5</ele>
    <time>2024-12-11T13:57:51Z</time>
   </trkpt>
   <trkpt lat="-12.0089720" lon="-71.2344010">
    <ele>341.5</ele>
    <time>2024-12-11T13:57:52Z</time>
   </trkpt>
   <trkpt lat="-12.0089680" lon="-71.2343940">
    <ele>341.5</ele>
    <time>2024-12-11T13:57:53Z</time>
   </trkpt>
   <trkpt lat="-12.0089630" lon="-71.2343910">
    <ele>341.5</ele>
    <time>2024-12-11T13:57:54Z</time>
   </trkpt>
   <trkpt lat="-12.0089580" lon="-71.2343870">
    <ele>341.5</ele>
    <time>2024-12-11T13:57:55Z</time>
   </trkpt>
   <trkpt lat="-12.0089520" lon="-71.2343840">
    <ele>341.5</ele>
    <time>2024-12-11T13:57:56Z</time>
   </trkpt>
   <trkpt lat="-12.0089470" lon="-71.2343800">
    <ele>341.5</ele>
    <time>2024-12-11T13:57:57Z</time>
   </trkpt>
   <trkpt lat="-12.0089420" lon="-71.2343770">
    <ele>341.5</ele>
    <time>2024-12-11T13:57:58Z</time>
   </trkpt>
   <trkpt lat="-12.0089250" lon="-71.2343760">
    <ele>341.5</ele>
    <time>2024-12-11T13:57:59Z</time>
   </trkpt>
   <trkpt lat="-12.0089200" lon="-71.2343820">
    <ele>341.5</ele>
    <time>2024-12-11T13:58:00Z</time>
   </trkpt>
   <trkpt lat="-12.0089110" lon="-71.2343760">
    <ele>341.5</ele>
    <time>2024-12-11T13:58:01Z</time>
   </trkpt>
   <trkpt lat="-12.0089020" lon="-71.2343790">
    <ele>341.5</ele>
    <time>2024-12-11T13:58:02Z</time>
   </trkpt>
   <trkpt lat="-12.0088940" lon="-71.2343760">
    <ele>341.5</ele>
    <time>2024-12-11T13:58:03Z</time>
   </trkpt>
   <trkpt lat="-12.0088770" lon="-71.2343720">
    <ele>341.5</ele>
    <time>2024-12-11T13:58:04Z</time>
   </trkpt>
   <trkpt lat="-12.0088750" lon="-71.2343650">
    <ele>341.5</ele>
    <time>2024-12-11T13:58:05Z</time>
   </trkpt>
   <trkpt lat="-12.0088730" lon="-71.2343670">
    <ele>341.5</ele>
    <time>2024-12-11T13:58:06Z</time>
   </trkpt>
   <trkpt lat="-12.0088610" lon="-71.2343720">
    <ele>341.4</ele>
    <time>2024-12-11T13:58:07Z</time>
   </trkpt>
   <trkpt lat="-12.0088540" lon="-71.2343700">
    <ele>341.4</ele>
    <time>2024-12-11T13:58:08Z</time>
   </trkpt>
   <trkpt lat="-12.0088460" lon="-71.2343740">
    <ele>341.3</ele>
    <time>2024-12-11T13:58:09Z</time>
   </trkpt>
   <trkpt lat="-12.0088340" lon="-71.2343680">
    <ele>341.3</ele>
    <time>2024-12-11T13:58:10Z</time>
   </trkpt>
   <trkpt lat="-12.0088250" lon="-71.2343770">
    <ele>341.3</ele>
    <time>2024-12-11T13:58:11Z</time>
   </trkpt>
   <trkpt lat="-12.0088190" lon="-71.2343790">
    <ele>341.3</ele>
    <time>2024-12-11T13:58:12Z</time>
   </trkpt>
   <trkpt lat="-12.0088140" lon="-71.2343890">
    <ele>341.3</ele>
    <time>2024-12-11T13:58:13Z</time>
   </trkpt>
   <trkpt lat="-12.0087980" lon="-71.2343930">
    <ele>340.8</ele>
    <time>2024-12-11T13:58:14Z</time>
   </trkpt>
   <trkpt lat="-12.0087880" lon="-71.2343870">
    <ele>340.8</ele>
    <time>2024-12-11T13:58:15Z</time>
   </trkpt>
   <trkpt lat="-12.0087760" lon="-71.2343870">
    <ele>340.8</ele>
    <time>2024-12-11T13:58:16Z</time>
   </trkpt>
   <trkpt lat="-12.0087620" lon="-71.2343880">
    <ele>340.4</ele>
    <time>2024-12-11T13:58:17Z</time>
   </trkpt>
   <trkpt lat="-12.0087620" lon="-71.2343960">
    <ele>340.4</ele>
    <time>2024-12-11T13:58:18Z</time>
   </trkpt>
   <trkpt lat="-12.0087530" lon="-71.2344020">
    <ele>340.3</ele>
    <time>2024-12-11T13:58:19Z</time>
   </trkpt>
   <trkpt lat="-12.0087480" lon="-71.2344080">
    <ele>340.3</ele>
    <time>2024-12-11T13:58:20Z</time>
   </trkpt>
   <trkpt lat="-12.0087350" lon="-71.2344120">
    <ele>340.3</ele>
    <time>2024-12-11T13:58:21Z</time>
   </trkpt>
   <trkpt lat="-12.0087270" lon="-71.2344170">
    <ele>340.3</ele>
    <time>2024-12-11T13:58:22Z</time>
   </trkpt>
   <trkpt lat="-12.0087180" lon="-71.2344170">
    <ele>339.8</ele>
    <time>2024-12-11T13:58:23Z</time>
   </trkpt>
   <trkpt lat="-12.0087090" lon="-71.2344260">
    <ele>339.8</ele>
    <time>2024-12-11T13:58:24Z</time>
   </trkpt>
   <trkpt lat="-12.0086910" lon="-71.2344430">
    <ele>339.8</ele>
    <time>2024-12-11T13:58:25Z</time>
   </trkpt>
   <trkpt lat="-12.0086850" lon="-71.2344490">
    <ele>339.8</ele>
    <time>2024-12-11T13:58:26Z</time>
   </trkpt>
   <trkpt lat="-12.0086780" lon="-71.2344560">
    <ele>339.6</ele>
    <time>2024-12-11T13:58:27Z</time>
   </trkpt>
   <trkpt lat="-12.0086670" lon="-71.2344660">
    <ele>339.6</ele>
    <time>2024-12-11T13:58:28Z</time>
   </trkpt>
   <trkpt lat="-12.0086630" lon="-71.2344770">
    <ele>339.6</ele>
    <time>2024-12-11T13:58:29Z</time>
   </trkpt>
   <trkpt lat="-12.0086520" lon="-71.2344830">
    <ele>339.6</ele>
    <time>2024-12-11T13:58:30Z</time>
   </trkpt>
   <trkpt lat="-12.0086470" lon="-71.2344900">
    <ele>339.6</ele>
    <time>2024-12-11T13:58:31Z</time>
   </trkpt>
   <trkpt lat="-12.0086450" lon="-71.2344920">
    <ele>339.6</ele>
    <time>2024-12-11T13:58:32Z</time>
   </trkpt>
   <trkpt lat="-12.0086370" lon="-71.2344970">
    <ele>339.6</ele>
    <time>2024-12-11T13:58:33Z</time>
   </trkpt>
   <trkpt lat="-12.0086260" lon="-71.2345080">
    <ele>339.5</ele>
    <time>2024-12-11T13:58:34Z</time>
   </trkpt>
   <trkpt lat="-12.0086210" lon="-71.2345160">
    <ele>339.5</ele>
    <time>2024-12-11T13:58:35Z</time>
   </trkpt>
   <trkpt lat="-12.0086150" lon="-71.2345200">
    <ele>339.5</ele>
    <time>2024-12-11T13:58:36Z</time>
   </trkpt>
   <trkpt lat="-12.0086090" lon="-71.2345270">
    <ele>339.5</ele>
    <time>2024-12-11T13:58:37Z</time>
   </trkpt>
   <trkpt lat="-12.0086030" lon="-71.2345340">
    <ele>339.5</ele>
    <time>2024-12-11T13:58:38Z</time>
   </trkpt>
   <trkpt lat="-12.0086060" lon="-71.2345360">
    <ele>339.5</ele>
    <time>2024-12-11T13:58:39Z</time>
   </trkpt>
   <trkpt lat="-12.0086070" lon="-71.2345320">
    <ele>339.5</ele>
    <time>2024-12-11T13:58:40Z</time>
   </trkpt>
   <trkpt lat="-12.0086020" lon="-71.2345340">
    <ele>339.5</ele>
    <time>2024-12-11T13:58:41Z</time>
   </trkpt>
   <trkpt lat="-12.0085950" lon="-71.2345430">
    <ele>339.5</ele>
    <time>2024-12-11T13:58:42Z</time>
   </trkpt>
   <trkpt lat="-12.0085810" lon="-71.2345520">
    <ele>339.5</ele>
    <time>2024-12-11T13:58:43Z</time>
   </trkpt>
   <trkpt lat="-12.0085730" lon="-71.2345630">
    <ele>339.5</ele>
    <time>2024-12-11T13:58:44Z</time>
   </trkpt>
   <trkpt lat="-12.0085720" lon="-71.2345830">
    <ele>339.7</ele>
    <time>2024-12-11T13:58:45Z</time>
   </trkpt>
   <trkpt lat="-12.0085660" lon="-71.2345980">
    <ele>339.7</ele>
    <time>2024-12-11T13:58:46Z</time>
   </trkpt>
   <trkpt lat="-12.0085570" lon="-71.2346120">
    <ele>339.7</ele>
    <time>2024-12-11T13:58:47Z</time>
   </trkpt>
   <trkpt lat="-12.0085420" lon="-71.2346090">
    <ele>339.5</ele>
    <time>2024-12-11T13:58:48Z</time>
   </trkpt>
   <trkpt lat="-12.0085300" lon="-71.2346200">
    <ele>339.5</ele>
    <time>2024-12-11T13:58:49Z</time>
   </trkpt>
   <trkpt lat="-12.0085230" lon="-71.2346260">
    <ele>339.7</ele>
    <time>2024-12-11T13:58:50Z</time>
   </trkpt>
   <trkpt lat="-12.0085160" lon="-71.2346240">
    <ele>339.7</ele>
    <time>2024-12-11T13:58:51Z</time>
   </trkpt>
   <trkpt lat="-12.0085080" lon="-71.2346240">
    <ele>339.5</ele>
    <time>2024-12-11T13:58:52Z</time>
   </trkpt>
   <trkpt lat="-12.0084960" lon="-71.2346300">
    <ele>339.4</ele>
    <time>2024-12-11T13:58:53Z</time>
   </trkpt>
   <trkpt lat="-12.0084920" lon="-71.2346330">
    <ele>339.4</ele>
    <time>2024-12-11T13:58:54Z</time>
   </trkpt>
   <trkpt lat="-12.0084820" lon="-71.2346340">
    <ele>339.4</ele>
    <time>2024-12-11T13:58:55Z</time>
   </trkpt>
   <trkpt lat="-12.0084730" lon="-71.2346260">
    <ele>339.4</ele>
    <time>2024-12-11T13:58:56Z</time>
   </trkpt>
   <trkpt lat="-12.0084670" lon="-71.2346390">
    <ele>339.2</ele>
    <time>2024-12-11T13:58:57Z</time>
   </trkpt>
   <trkpt lat="-12.0084590" lon="-71.2346420">
    <ele>339.2</ele>
    <time>2024-12-11T13:58:58Z</time>
   </trkpt>
   <trkpt lat="-12.0084510" lon="-71.2346430">
    <ele>339.2</ele>
    <time>2024-12-11T13:58:59Z</time>
   </trkpt>
   <trkpt lat="-12.0084440" lon="-71.2346490">
    <ele>339.2</ele>
    <time>2024-12-11T13:59:00Z</time>
   </trkpt>
   <trkpt lat="-12.0084360" lon="-71.2346570">
    <ele>339.2</ele>
    <time>2024-12-11T13:59:01Z</time>
   </trkpt>
   <trkpt lat="-12.0084220" lon="-71.2346590">
    <ele>338.9</ele>
    <time>2024-12-11T13:59:02Z</time>
   </trkpt>
   <trkpt lat="-12.0084080" lon="-71.2346590">
    <ele>338.9</ele>
    <time>2024-12-11T13:59:03Z</time>
   </trkpt>
   <trkpt lat="-12.0084030" lon="-71.2346650">
    <ele>339.1</ele>
    <time>2024-12-11T13:59:04Z</time>
   </trkpt>
   <trkpt lat="-12.0084020" lon="-71.2346650">
    <ele>339.1</ele>
    <time>2024-12-11T13:59:05Z</time>
   </trkpt>
   <trkpt lat="-12.0084000" lon="-71.2346700">
    <ele>339.1</ele>
    <time>2024-12-11T13:59:06Z</time>
   </trkpt>
   <trkpt lat="-12.0083890" lon="-71.2346860">
    <ele>339.1</ele>
    <time>2024-12-11T13:59:07Z</time>
   </trkpt>
   <trkpt lat="-12.0083710" lon="-71.2346960">
    <ele>338.9</ele>
    <time>2024-12-11T13:59:08Z</time>
   </trkpt>
   <trkpt lat="-12.0083640" lon="-71.2347000">
    <ele>338.9</ele>
    <time>2024-12-11T13:59:09Z</time>
   </trkpt>
   <trkpt lat="-12.0083660" lon="-71.2347090">
    <ele>339.1</ele>
    <time>2024-12-11T13:59:10Z</time>
   </trkpt>
   <trkpt lat="-12.0083650" lon="-71.2347060">
    <ele>338.9</ele>
    <time>2024-12-11T13:59:11Z</time>
   </trkpt>
   <trkpt lat="-12.0083610" lon="-71.2347150">
    <ele>339.1</ele>
    <time>2024-12-11T13:59:12Z</time>
   </trkpt>
   <trkpt lat="-12.0083680" lon="-71.2347180">
    <ele>339.1</ele>
    <time>2024-12-11T13:59:13Z</time>
   </trkpt>
   <trkpt lat="-12.0083530" lon="-71.2347290">
    <ele>339.1</ele>
    <time>2024-12-11T13:59:14Z</time>
   </trkpt>
   <trkpt lat="-12.0083480" lon="-71.2347190">
    <ele>339.1</ele>
    <time>2024-12-11T13:59:15Z</time>
   </trkpt>
   <trkpt lat="-12.0083440" lon="-71.2347170">
    <ele>339.1</ele>
    <time>2024-12-11T13:59:16Z</time>
   </trkpt>
   <trkpt lat="-12.0083390" lon="-71.2347150">
    <ele>338.9</ele>
    <time>2024-12-11T13:59:17Z</time>
   </trkpt>
   <trkpt lat="-12.0083350" lon="-71.2347130">
    <ele>338.9</ele>
    <time>2024-12-11T13:59:18Z</time>
   </trkpt>
   <trkpt lat="-12.0083300" lon="-71.2347120">
    <ele>338.9</ele>
    <time>2024-12-11T13:59:19Z</time>
   </trkpt>
   <trkpt lat="-12.0083250" lon="-71.2347100">
    <ele>338.9</ele>
    <time>2024-12-11T13:59:20Z</time>
   </trkpt>
   <trkpt lat="-12.0083210" lon="-71.2347080">
    <ele>338.9</ele>
    <time>2024-12-11T13:59:21Z</time>
   </trkpt>
   <trkpt lat="-12.0083160" lon="-71.2347060">
    <ele>338.7</ele>
    <time>2024-12-11T13:59:22Z</time>
   </trkpt>
   <trkpt lat="-12.0083040" lon="-71.2347000">
    <ele>338.7</ele>
    <time>2024-12-11T13:59:23Z</time>
   </trkpt>
   <trkpt lat="-12.0083000" lon="-71.2346910">
    <ele>338.8</ele>
    <time>2024-12-11T13:59:24Z</time>
   </trkpt>
   <trkpt lat="-12.0082960" lon="-71.2346810">
    <ele>338.8</ele>
    <time>2024-12-11T13:59:25Z</time>
   </trkpt>
   <trkpt lat="-12.0082910" lon="-71.2346720">
    <ele>338.8</ele>
    <time>2024-12-11T13:59:26Z</time>
   </trkpt>
   <trkpt lat="-12.0082870" lon="-71.2346620">
    <ele>338.4</ele>
    <time>2024-12-11T13:59:27Z</time>
   </trkpt>
   <trkpt lat="-12.0082830" lon="-71.2346530">
    <ele>338.4</ele>
    <time>2024-12-11T13:59:28Z</time>
   </trkpt>
   <trkpt lat="-12.0082790" lon="-71.2346430">
    <ele>338.4</ele>
    <time>2024-12-11T13:59:29Z</time>
   </trkpt>
   <trkpt lat="-12.0082860" lon="-71.2346520">
    <ele>338.4</ele>
    <time>2024-12-11T13:59:30Z</time>
   </trkpt>
   <trkpt lat="-12.0082830" lon="-71.2346530">
    <ele>338.4</ele>
    <time>2024-12-11T13:59:31Z</time>
   </trkpt>
   <trkpt lat="-12.0082860" lon="-71.2346560">
    <ele>338.4</ele>
    <time>2024-12-11T13:59:32Z</time>
   </trkpt>
   <trkpt lat="-12.0082840" lon="-71.2346470">
    <ele>338.4</ele>
    <time>2024-12-11T13:59:33Z</time>
   </trkpt>
   <trkpt lat="-12.0082820" lon="-71.2346450">
    <ele>338.4</ele>
    <time>2024-12-11T13:59:34Z</time>
   </trkpt>
   <trkpt lat="-12.0082780" lon="-71.2346420">
    <ele>338.4</ele>
    <time>2024-12-11T13:59:35Z</time>
   </trkpt>
   <trkpt lat="-12.0082730" lon="-71.2346340">
    <ele>338.4</ele>
    <time>2024-12-11T13:59:36Z</time>
   </trkpt>
   <trkpt lat="-12.0082660" lon="-71.2346280">
    <ele>338.4</ele>
    <time>2024-12-11T13:59:37Z</time>
   </trkpt>
   <trkpt lat="-12.0082570" lon="-71.2346240">
    <ele>338.5</ele>
    <time>2024-12-11T13:59:38Z</time>
   </trkpt>
   <trkpt lat="-12.0082360" lon="-71.2346190">
    <ele>338.1</ele>
    <time>2024-12-11T13:59:39Z</time>
   </trkpt>
   <trkpt lat="-12.0082270" lon="-71.2346180">
    <ele>338.1</ele>
    <time>2024-12-11T13:59:40Z</time>
   </trkpt>
   <trkpt lat="-12.0082180" lon="-71.2346160">
    <ele>338.1</ele>
    <time>2024-12-11T13:59:41Z</time>
   </trkpt>
   <trkpt lat="-12.0082090" lon="-71.2346150">
    <ele>338.1</ele>
    <time>2024-12-11T13:59:42Z</time>
   </trkpt>
   <trkpt lat="-12.0082000" lon="-71.2346140">
    <ele>338.1</ele>
    <time>2024-12-11T13:59:43Z</time>
   </trkpt>
   <trkpt lat="-12.0081910" lon="-71.2346180">
    <ele>338.1</ele>
    <time>2024-12-11T13:59:44Z</time>
   </trkpt>
   <trkpt lat="-12.0081870" lon="-71.2346220">
    <ele>338.1</ele>
    <time>2024-12-11T13:59:45Z</time>
   </trkpt>
   <trkpt lat="-12.0081850" lon="-71.2346190">
    <ele>338.0</ele>
    <time>2024-12-11T13:59:46Z</time>
   </trkpt>
   <trkpt lat="-12.0081790" lon="-71.2346200">
    <ele>338.0</ele>
    <time>2024-12-11T13:59:47Z</time>
   </trkpt>
   <trkpt lat="-12.0081780" lon="-71.2346220">
    <ele>338.0</ele>
    <time>2024-12-11T13:59:48Z</time>
   </trkpt>
   <trkpt lat="-12.0081700" lon="-71.2346210">
    <ele>338.1</ele>
    <time>2024-12-11T13:59:49Z</time>
   </trkpt>
   <trkpt lat="-12.0081640" lon="-71.2346190">
    <ele>338.1</ele>
    <time>2024-12-11T13:59:50Z</time>
   </trkpt>
   <trkpt lat="-12.0081490" lon="-71.2346230">
    <ele>338.6</ele>
    <time>2024-12-11T13:59:51Z</time>
   </trkpt>
   <trkpt lat="-12.0081390" lon="-71.2346210">
    <ele>338.1</ele>
    <time>2024-12-11T13:59:52Z</time>
   </trkpt>
   <trkpt lat="-12.0081310" lon="-71.2346240">
    <ele>338.8</ele>
    <time>2024-12-11T13:59:53Z</time>
   </trkpt>
   <trkpt lat="-12.0081270" lon="-71.2346240">
    <ele>338.8</ele>
    <time>2024-12-11T13:59:54Z</time>
   </trkpt>
   <trkpt lat="-12.0081210" lon="-71.2346230">
    <ele>338.8</ele>
    <time>2024-12-11T13:59:55Z</time>
   </trkpt>
   <trkpt lat="-12.0081090" lon="-71.2346190">
    <ele>338.3</ele>
    <time>2024-12-11T13:59:56Z</time>
   </trkpt>
   <trkpt lat="-12.0080940" lon="-71.2346210">
    <ele>338.3</ele>
    <time>2024-12-11T13:59:57Z</time>
   </trkpt>
   <trkpt lat="-12.0080720" lon="-71.2346200">
    <ele>338.6</ele>
    <time>2024-12-11T13:59:58Z</time>
   </trkpt>
   <trkpt lat="-12.0080660" lon="-71.2346170">
    <ele>338.6</ele>
    <time>2024-12-11T13:59:59Z</time>
   </trkpt>
   <trkpt lat="-12.0080450" lon="-71.2346170">
    <ele>338.8</ele>
    <time>2024-12-11T14:00:00Z</time>
   </trkpt>
   <trkpt lat="-12.0080310" lon="-71.2346210">
    <ele>338.8</ele>
    <time>2024-12-11T14:00:01Z</time>
   </trkpt>
   <trkpt lat="-12.0080280" lon="-71.2346190">
    <ele>338.8</ele>
    <time>2024-12-11T14:00:02Z</time>
   </trkpt>
   <trkpt lat="-12.0080330" lon="-71.2346190">
    <ele>338.8</ele>
    <time>2024-12-11T14:00:03Z</time>
   </trkpt>
   <trkpt lat="-12.0080230" lon="-71.2346170">
    <ele>338.8</ele>
    <time>2024-12-11T14:00:04Z</time>
   </trkpt>
   <trkpt lat="-12.0080200" lon="-71.2346210">
    <ele>338.8</ele>
    <time>2024-12-11T14:00:05Z</time>
   </trkpt>
   <trkpt lat="-12.0080120" lon="-71.2346180">
    <ele>338.8</ele>
    <time>2024-12-11T14:00:06Z</time>
   </trkpt>
   <trkpt lat="-12.0079990" lon="-71.2346220">
    <ele>339.0</ele>
    <time>2024-12-11T14:00:07Z</time>
   </trkpt>
   <trkpt lat="-12.0079860" lon="-71.2346190">
    <ele>339.0</ele>
    <time>2024-12-11T14:00:08Z</time>
   </trkpt>
   <trkpt lat="-12.0079700" lon="-71.2346170">
    <ele>339.0</ele>
    <time>2024-12-11T14:00:09Z</time>
   </trkpt>
   <trkpt lat="-12.0079490" lon="-71.2346140">
    <ele>339.2</ele>
    <time>2024-12-11T14:00:10Z</time>
   </trkpt>
   <trkpt lat="-12.0079360" lon="-71.2346120">
    <ele>339.2</ele>
    <time>2024-12-11T14:00:11Z</time>
   </trkpt>
   <trkpt lat="-12.0079290" lon="-71.2346060">
    <ele>339.2</ele>
    <time>2024-12-11T14:00:12Z</time>
   </trkpt>
   <trkpt lat="-12.0079270" lon="-71.2346020">
    <ele>339.2</ele>
    <time>2024-12-11T14:00:13Z</time>
   </trkpt>
   <trkpt lat="-12.0079240" lon="-71.2346030">
    <ele>339.4</ele>
    <time>2024-12-11T14:00:14Z</time>
   </trkpt>
   <trkpt lat="-12.0079080" lon="-71.2346060">
    <ele>339.4</ele>
    <time>2024-12-11T14:00:15Z</time>
   </trkpt>
   <trkpt lat="-12.0078960" lon="-71.2346150">
    <ele>339.4</ele>
    <time>2024-12-11T14:00:16Z</time>
   </trkpt>
   <trkpt lat="-12.0078940" lon="-71.2346180">
    <ele>339.4</ele>
    <time>2024-12-11T14:00:17Z</time>
   </trkpt>
   <trkpt lat="-12.0078790" lon="-71.2346080">
    <ele>339.7</ele>
    <time>2024-12-11T14:00:18Z</time>
   </trkpt>
   <trkpt lat="-12.0078690" lon="-71.2346090">
    <ele>339.6</ele>
    <time>2024-12-11T14:00:19Z</time>
   </trkpt>
   <trkpt lat="-12.0078570" lon="-71.2346200">
    <ele>339.6</ele>
    <time>2024-12-11T14:00:20Z</time>
   </trkpt>
   <trkpt lat="-12.0078490" lon="-71.2346180">
    <ele>339.6</ele>
    <time>2024-12-11T14:00:21Z</time>
   </trkpt>
   <trkpt lat="-12.0078410" lon="-71.2346230">
    <ele>339.9</ele>
    <time>2024-12-11T14:00:22Z</time>
   </trkpt>
   <trkpt lat="-12.0078330" lon="-71.2346270">
    <ele>340.1</ele>
    <time>2024-12-11T14:00:23Z</time>
   </trkpt>
   <trkpt lat="-12.0078230" lon="-71.2346330">
    <ele>340.0</ele>
    <time>2024-12-11T14:00:24Z</time>
   </trkpt>
   <trkpt lat="-12.0078100" lon="-71.2346390">
    <ele>340.0</ele>
    <time>2024-12-11T14:00:25Z</time>
   </trkpt>
   <trkpt lat="-12.0078030" lon="-71.2346440">
    <ele>340.0</ele>
    <time>2024-12-11T14:00:26Z</time>
   </trkpt>
   <trkpt lat="-12.0077950" lon="-71.2346480">
    <ele>340.0</ele>
    <time>2024-12-11T14:00:27Z</time>
   </trkpt>
   <trkpt lat="-12.0077870" lon="-71.2346530">
    <ele>340.0</ele>
    <time>2024-12-11T14:00:28Z</time>
   </trkpt>
   <trkpt lat="-12.0077730" lon="-71.2346690">
    <ele>340.3</ele>
    <time>2024-12-11T14:00:29Z</time>
   </trkpt>
   <trkpt lat="-12.0077670" lon="-71.2346760">
    <ele>340.3</ele>
    <time>2024-12-11T14:00:30Z</time>
   </trkpt>
   <trkpt lat="-12.0077600" lon="-71.2346840">
    <ele>340.3</ele>
    <time>2024-12-11T14:00:31Z</time>
   </trkpt>
   <trkpt lat="-12.0077620" lon="-71.2346940">
    <ele>340.3</ele>
    <time>2024-12-11T14:00:32Z</time>
   </trkpt>
   <trkpt lat="-12.0077590" lon="-71.2346980">
    <ele>340.3</ele>
    <time>2024-12-11T14:00:33Z</time>
   </trkpt>
   <trkpt lat="-12.0077570" lon="-71.2347040">
    <ele>340.2</ele>
    <time>2024-12-11T14:00:34Z</time>
   </trkpt>
   <trkpt lat="-12.0077410" lon="-71.2347110">
    <ele>340.5</ele>
    <time>2024-12-11T14:00:35Z</time>
   </trkpt>
   <trkpt lat="-12.0077290" lon="-71.2347150">
    <ele>340.5</ele>
    <time>2024-12-11T14:00:36Z</time>
   </trkpt>
   <trkpt lat="-12.0077310" lon="-71.2347110">
    <ele>340.5</ele>
    <time>2024-12-11T14:00:37Z</time>
   </trkpt>
   <trkpt lat="-12.0077210" lon="-71.2347230">
    <ele>340.5</ele>
    <time>2024-12-11T14:00:38Z</time>
   </trkpt>
   <trkpt lat="-12.0077120" lon="-71.2347290">
    <ele>340.5</ele>
    <time>2024-12-11T14:00:39Z</time>
   </trkpt>
   <trkpt lat="-12.0076990" lon="-71.2347310">
    <ele>340.5</ele>
    <time>2024-12-11T14:00:40Z</time>
   </trkpt>
   <trkpt lat="-12.0076920" lon="-71.2347340">
    <ele>340.5</ele>
    <time>2024-12-11T14:00:41Z</time>
   </trkpt>
   <trkpt lat="-12.0076840" lon="-71.2347360">
    <ele>340.5</ele>
    <time>2024-12-11T14:00:42Z</time>
   </trkpt>
   <trkpt lat="-12.0076760" lon="-71.2347380">
    <ele>340.5</ele>
    <time>2024-12-11T14:00:43Z</time>
   </trkpt>
   <trkpt lat="-12.0076650" lon="-71.2347370">
    <ele>340.4</ele>
    <time>2024-12-11T14:00:44Z</time>
   </trkpt>
   <trkpt lat="-12.0076560" lon="-71.2347470">
    <ele>340.4</ele>
    <time>2024-12-11T14:00:45Z</time>
   </trkpt>
   <trkpt lat="-12.0076560" lon="-71.2347520">
    <ele>340.7</ele>
    <time>2024-12-11T14:00:46Z</time>
   </trkpt>
   <trkpt lat="-12.0076420" lon="-71.2347490">
    <ele>340.4</ele>
    <time>2024-12-11T14:00:47Z</time>
   </trkpt>
   <trkpt lat="-12.0076320" lon="-71.2347460">
    <ele>340.4</ele>
    <time>2024-12-11T14:00:48Z</time>
   </trkpt>
   <trkpt lat="-12.0076310" lon="-71.2347480">
    <ele>340.4</ele>
    <time>2024-12-11T14:00:49Z</time>
   </trkpt>
   <trkpt lat="-12.0076290" lon="-71.2347530">
    <ele>340.7</ele>
    <time>2024-12-11T14:00:50Z</time>
   </trkpt>
   <trkpt lat="-12.0076150" lon="-71.2347740">
    <ele>340.7</ele>
    <time>2024-12-11T14:00:51Z</time>
   </trkpt>
   <trkpt lat="-12.0076140" lon="-71.2347680">
    <ele>340.7</ele>
    <time>2024-12-11T14:00:52Z</time>
   </trkpt>
   <trkpt lat="-12.0075960" lon="-71.2347780">
    <ele>340.7</ele>
    <time>2024-12-11T14:00:53Z</time>
   </trkpt>
   <trkpt lat="-12.0075910" lon="-71.2347760">
    <ele>340.7</ele>
    <time>2024-12-11T14:00:54Z</time>
   </trkpt>
   <trkpt lat="-12.0075920" lon="-71.2347940">
    <ele>341.1</ele>
    <time>2024-12-11T14:00:55Z</time>
   </trkpt>
   <trkpt lat="-12.0075920" lon="-71.2348040">
    <ele>341.1</ele>
    <time>2024-12-11T14:00:56Z</time>
   </trkpt>
   <trkpt lat="-12.0075830" lon="-71.2348110">
    <ele>341.0</ele>
    <time>2024-12-11T14:00:57Z</time>
   </trkpt>
   <trkpt lat="-12.0076060" lon="-71.2348080">
    <ele>341.1</ele>
    <time>2024-12-11T14:00:58Z</time>
   </trkpt>
   <trkpt lat="-12.0076030" lon="-71.2348070">
    <ele>341.1</ele>
    <time>2024-12-11T14:00:59Z</time>
   </trkpt>
   <trkpt lat="-12.0075960" lon="-71.2348230">
    <ele>341.1</ele>
    <time>2024-12-11T14:01:00Z</time>
   </trkpt>
   <trkpt lat="-12.0075850" lon="-71.2348300">
    <ele>341.0</ele>
    <time>2024-12-11T14:01:01Z</time>
   </trkpt>
   <trkpt lat="-12.0075800" lon="-71.2348280">
    <ele>341.0</ele>
    <time>2024-12-11T14:01:02Z</time>
   </trkpt>
   <trkpt lat="-12.0075740" lon="-71.2348250">
    <ele>341.0</ele>
    <time>2024-12-11T14:01:03Z</time>
   </trkpt>
   <trkpt lat="-12.0075690" lon="-71.2348220">
    <ele>341.0</ele>
    <time>2024-12-11T14:01:04Z</time>
   </trkpt>
   <trkpt lat="-12.0075630" lon="-71.2348190">
    <ele>341.0</ele>
    <time>2024-12-11T14:01:05Z</time>
   </trkpt>
   <trkpt lat="-12.0075580" lon="-71.2348170">
    <ele>341.0</ele>
    <time>2024-12-11T14:01:06Z</time>
   </trkpt>
   <trkpt lat="-12.0075520" lon="-71.2348140">
    <ele>341.0</ele>
    <time>2024-12-11T14:01:07Z</time>
   </trkpt>
   <trkpt lat="-12.0075280" lon="-71.2348190">
    <ele>340.9</ele>
    <time>2024-12-11T14:01:08Z</time>
   </trkpt>
   <trkpt lat="-12.0075170" lon="-71.2348220">
    <ele>340.9</ele>
    <time>2024-12-11T14:01:09Z</time>
   </trkpt>
   <trkpt lat="-12.0075070" lon="-71.2348260">
    <ele>340.9</ele>
    <time>2024-12-11T14:01:10Z</time>
   </trkpt>
   <trkpt lat="-12.0074810" lon="-71.2348430">
    <ele>341.0</ele>
    <time>2024-12-11T14:01:11Z</time>
   </trkpt>
   <trkpt lat="-12.0074740" lon="-71.2348380">
    <ele>341.0</ele>
    <time>2024-12-11T14:01:12Z</time>
   </trkpt>
   <trkpt lat="-12.0074850" lon="-71.2348340">
    <ele>340.7</ele>
    <time>2024-12-11T14:01:13Z</time>
   </trkpt>
   <trkpt lat="-12.0074820" lon="-71.2348380">
    <ele>341.0</ele>
    <time>2024-12-11T14:01:14Z</time>
   </trkpt>
   <trkpt lat="-12.0074700" lon="-71.2348500">
    <ele>341.0</ele>
    <time>2024-12-11T14:01:15Z</time>
   </trkpt>
   <trkpt lat="-12.0074760" lon="-71.2348510">
    <ele>341.0</ele>
    <time>2024-12-11T14:01:16Z</time>
   </trkpt>
   <trkpt lat="-12.0074660" lon="-71.2348530">
    <ele>341.0</ele>
    <time>2024-12-11T14:01:17Z</time>
   </trkpt>
   <trkpt lat="-12.0074560" lon="-71.2348540">
    <ele>340.7</ele>
    <time>2024-12-11T14:01:18Z</time>
   </trkpt>
   <trkpt lat="-12.0074440" lon="-71.2348560">
    <ele>340.7</ele>
    <time>2024-12-11T14:01:19Z</time>
   </trkpt>
   <trkpt lat="-12.0074350" lon="-71.2348690">
    <ele>340.7</ele>
    <time>2024-12-11T14:01:20Z</time>
   </trkpt>
   <trkpt lat="-12.0074300" lon="-71.2348660">
    <ele>340.7</ele>
    <time>2024-12-11T14:01:21Z</time>
   </trkpt>
   <trkpt lat="-12.0074120" lon="-71.2348720">
    <ele>340.4</ele>
    <time>2024-12-11T14:01:22Z</time>
   </trkpt>
   <trkpt lat="-12.0074030" lon="-71.2348770">
    <ele>340.4</ele>
    <time>2024-12-11T14:01:23Z</time>
   </trkpt>
   <trkpt lat="-12.0073940" lon="-71.2348820">
    <ele>340.7</ele>
    <time>2024-12-11T14:01:24Z</time>
   </trkpt>
   <trkpt lat="-12.0073860" lon="-71.2348880">
    <ele>340.7</ele>
    <time>2024-12-11T14:01:25Z</time>
   </trkpt>
   <trkpt lat="-12.0073770" lon="-71.2348910">
    <ele>340.4</ele>
    <time>2024-12-11T14:01:26Z</time>
   </trkpt>
   <trkpt lat="-12.0073660" lon="-71.2348990">
    <ele>340.4</ele>
    <time>2024-12-11T14:01:27Z</time>
   </trkpt>
   <trkpt lat="-12.0073580" lon="-71.2348970">
    <ele>340.4</ele>
    <time>2024-12-11T14:01:28Z</time>
   </trkpt>
   <trkpt lat="-12.0073520" lon="-71.2348980">
    <ele>340.4</ele>
    <time>2024-12-11T14:01:29Z</time>
   </trkpt>
   <trkpt lat="-12.0073420" lon="-71.2349140">
    <ele>340.4</ele>
    <time>2024-12-11T14:01:30Z</time>
   </trkpt>
   <trkpt lat="-12.0073280" lon="-71.2349240">
    <ele>340.4</ele>
    <time>2024-12-11T14:01:31Z</time>
   </trkpt>
   <trkpt lat="-12.0073220" lon="-71.2349290">
    <ele>340.4</ele>
    <time>2024-12-11T14:01:32Z</time>
   </trkpt>
   <trkpt lat="-12.0073130" lon="-71.2349320">
    <ele>340.4</ele>
    <time>2024-12-11T14:01:33Z</time>
   </trkpt>
   <trkpt lat="-12.0073020" lon="-71.2349400">
    <ele>340.4</ele>
    <time>2024-12-11T14:01:34Z</time>
   </trkpt>
   <trkpt lat="-12.0072950" lon="-71.2349440">
    <ele>340.4</ele>
    <time>2024-12-11T14:01:35Z</time>
   </trkpt>
   <trkpt lat="-12.0072880" lon="-71.2349470">
    <ele>340.4</ele>
    <time>2024-12-11T14:01:36Z</time>
   </trkpt>
   <trkpt lat="-12.0072810" lon="-71.2349510">
    <ele>340.4</ele>
    <time>2024-12-11T14:01:37Z</time>
   </trkpt>
   <trkpt lat="-12.0072660" lon="-71.2349560">
    <ele>340.4</ele>
    <time>2024-12-11T14:01:38Z</time>
   </trkpt>
   <trkpt lat="-12.0072580" lon="-71.2349620">
    <ele>340.4</ele>
    <time>2024-12-11T14:01:39Z</time>
   </trkpt>
   <trkpt lat="-12.0072520" lon="-71.2349720">
    <ele>340.3</ele>
    <time>2024-12-11T14:01:40Z</time>
   </trkpt>
   <trkpt lat="-12.0072540" lon="-71.2349780">
    <ele>340.3</ele>
    <time>2024-12-11T14:01:41Z</time>
   </trkpt>
   <trkpt lat="-12.0072530" lon="-71.2349860">
    <ele>340.3</ele>
    <time>2024-12-11T14:01:42Z</time>
   </trkpt>
   <trkpt lat="-12.0072470" lon="-71.2350010">
    <ele>340.3</ele>
    <time>2024-12-11T14:01:43Z</time>
   </trkpt>
   <trkpt lat="-12.0072370" lon="-71.2350050">
    <ele>340.3</ele>
    <time>2024-12-11T14:01:44Z</time>
   </trkpt>
   <trkpt lat="-12.0072310" lon="-71.2350120">
    <ele>340.3</ele>
    <time>2024-12-11T14:01:45Z</time>
   </trkpt>
   <trkpt lat="-12.0072260" lon="-71.2350140">
    <ele>340.3</ele>
    <time>2024-12-11T14:01:46Z</time>
   </trkpt>
   <trkpt lat="-12.0072220" lon="-71.2350230">
    <ele>340.3</ele>
    <time>2024-12-11T14:01:47Z</time>
   </trkpt>
   <trkpt lat="-12.0072200" lon="-71.2350260">
    <ele>340.3</ele>
    <time>2024-12-11T14:01:48Z</time>
   </trkpt>
   <trkpt lat="-12.0072090" lon="-71.2350240">
    <ele>340.3</ele>
    <time>2024-12-11T14:01:49Z</time>
   </trkpt>
   <trkpt lat="-12.0072020" lon="-71.2350250">
    <ele>340.3</ele>
    <time>2024-12-11T14:01:50Z</time>
   </trkpt>
   <trkpt lat="-12.0071980" lon="-71.2350300">
    <ele>340.3</ele>
    <time>2024-12-11T14:01:51Z</time>
   </trkpt>
   <trkpt lat="-12.0071950" lon="-71.2350320">
    <ele>340.3</ele>
    <time>2024-12-11T14:01:52Z</time>
   </trkpt>
   <trkpt lat="-12.0071810" lon="-71.2350340">
    <ele>340.3</ele>
    <time>2024-12-11T14:01:53Z</time>
   </trkpt>
   <trkpt lat="-12.0071720" lon="-71.2350300">
    <ele>340.3</ele>
    <time>2024-12-11T14:01:54Z</time>
   </trkpt>
   <trkpt lat="-12.0071620" lon="-71.2350270">
    <ele>340.2</ele>
    <time>2024-12-11T14:01:55Z</time>
   </trkpt>
   <trkpt lat="-12.0071520" lon="-71.2350240">
    <ele>340.2</ele>
    <time>2024-12-11T14:01:56Z</time>
   </trkpt>
   <trkpt lat="-12.0071480" lon="-71.2350240">
    <ele>340.2</ele>
    <time>2024-12-11T14:01:57Z</time>
   </trkpt>
   <trkpt lat="-12.0071300" lon="-71.2350260">
    <ele>340.2</ele>
    <time>2024-12-11T14:01:58Z</time>
   </trkpt>
   <trkpt lat="-12.0071150" lon="-71.2350280">
    <ele>340.0</ele>
    <time>2024-12-11T14:01:59Z</time>
   </trkpt>
   <trkpt lat="-12.0071080" lon="-71.2350280">
    <ele>339.9</ele>
    <time>2024-12-11T14:02:00Z</time>
   </trkpt>
   <trkpt lat="-12.0071030" lon="-71.2350280">
    <ele>339.9</ele>
    <time>2024-12-11T14:02:01Z</time>
   </trkpt>
   <trkpt lat="-12.0070910" lon="-71.2350340">
    <ele>339.9</ele>
    <time>2024-12-11T14:02:02Z</time>
   </trkpt>
   <trkpt lat="-12.0070810" lon="-71.2350370">
    <ele>339.5</ele>
    <time>2024-12-11T14:02:03Z</time>
   </trkpt>
   <trkpt lat="-12.0070760" lon="-71.2350380">
    <ele>339.5</ele>
    <time>2024-12-11T14:02:04Z</time>
   </trkpt>
   <trkpt lat="-12.0070700" lon="-71.2350350">
    <ele>339.5</ele>
    <time>2024-12-11T14:02:05Z</time>
   </trkpt>
   <trkpt lat="-12.0070680" lon="-71.2350350">
    <ele>339.5</ele>
    <time>2024-12-11T14:02:06Z</time>
   </trkpt>
   <trkpt lat="-12.0070600" lon="-71.2350340">
    <ele>339.5</ele>
    <time>2024-12-11T14:02:07Z</time>
   </trkpt>
   <trkpt lat="-12.0070530" lon="-71.2350360">
    <ele>339.5</ele>
    <time>2024-12-11T14:02:08Z</time>
   </trkpt>
   <trkpt lat="-12.0070560" lon="-71.2350320">
    <ele>339.5</ele>
    <time>2024-12-11T14:02:09Z</time>
   </trkpt>
   <trkpt lat="-12.0070520" lon="-71.2350330">
    <ele>339.5</ele>
    <time>2024-12-11T14:02:10Z</time>
   </trkpt>
   <trkpt lat="-12.0070340" lon="-71.2350290">
    <ele>339.2</ele>
    <time>2024-12-11T14:02:11Z</time>
   </trkpt>
   <trkpt lat="-12.0070320" lon="-71.2350200">
    <ele>339.2</ele>
    <time>2024-12-11T14:02:12Z</time>
   </trkpt>
   <trkpt lat="-12.0070310" lon="-71.2350190">
    <ele>339.2</ele>
    <time>2024-12-11T14:02:13Z</time>
   </trkpt>
   <trkpt lat="-12.0070270" lon="-71.2350110">
    <ele>339.2</ele>
    <time>2024-12-11T14:02:14Z</time>
   </trkpt>
   <trkpt lat="-12.0070220" lon="-71.2350110">
    <ele>339.2</ele>
    <time>2024-12-11T14:02:15Z</time>
   </trkpt>
   <trkpt lat="-12.0070160" lon="-71.2350100">
    <ele>339.2</ele>
    <time>2024-12-11T14:02:16Z</time>
   </trkpt>
   <trkpt lat="-12.0070090" lon="-71.2350030">
    <ele>339.2</ele>
    <time>2024-12-11T14:02:17Z</time>
   </trkpt>
   <trkpt lat="-12.0069940" lon="-71.2349990">
    <ele>339.2</ele>
    <time>2024-12-11T14:02:18Z</time>
   </trkpt>
   <trkpt lat="-12.0069870" lon="-71.2349930">
    <ele>339.1</ele>
    <time>2024-12-11T14:02:19Z</time>
   </trkpt>
   <trkpt lat="-12.0069730" lon="-71.2349920">
    <ele>339.1</ele>
    <time>2024-12-11T14:02:20Z</time>
   </trkpt>
   <trkpt lat="-12.0069640" lon="-71.2349970">
    <ele>339.1</ele>
    <time>2024-12-11T14:02:21Z</time>
   </trkpt>
   <trkpt lat="-12.0069500" lon="-71.2349940">
    <ele>339.1</ele>
    <time>2024-12-11T14:02:22Z</time>
   </trkpt>
   <trkpt lat="-12.0069350" lon="-71.2349890">
    <ele>339.1</ele>
    <time>2024-12-11T14:02:23Z</time>
   </trkpt>
   <trkpt lat="-12.0069100" lon="-71.2349940">
    <ele>339.1</ele>
    <time>2024-12-11T14:02:24Z</time>
   </trkpt>
   <trkpt lat="-12.0069010" lon="-71.2349850">
    <ele>339.1</ele>
    <time>2024-12-11T14:02:25Z</time>
   </trkpt>
   <trkpt lat="-12.0068960" lon="-71.2349770">
    <ele>339.1</ele>
    <time>2024-12-11T14:02:26Z</time>
   </trkpt>
   <trkpt lat="-12.0068850" lon="-71.2349780">
    <ele>339.1</ele>
    <time>2024-12-11T14:02:27Z</time>
   </trkpt>
   <trkpt lat="-12.0068690" lon="-71.2349860">
    <ele>339.1</ele>
    <time>2024-12-11T14:02:28Z</time>
   </trkpt>
   <trkpt lat="-12.0068540" lon="-71.2349950">
    <ele>339.1</ele>
    <time>2024-12-11T14:02:29Z</time>
   </trkpt>
   <trkpt lat="-12.0068480" lon="-71.2349960">
    <ele>339.1</ele>
    <time>2024-12-11T14:02:30Z</time>
   </trkpt>
   <trkpt lat="-12.0068410" lon="-71.2349960">
    <ele>339.1</ele>
    <time>2024-12-11T14:02:31Z</time>
   </trkpt>
   <trkpt lat="-12.0068340" lon="-71.2349970">
    <ele>339.1</ele>
    <time>2024-12-11T14:02:32Z</time>
   </trkpt>
   <trkpt lat="-12.0068320" lon="-71.2349880">
    <ele>339.1</ele>
    <time>2024-12-11T14:02:33Z</time>
   </trkpt>
   <trkpt lat="-12.0068230" lon="-71.2349860">
    <ele>339.1</ele>
    <time>2024-12-11T14:02:34Z</time>
   </trkpt>
   <trkpt lat="-12.0068190" lon="-71.2349810">
    <ele>339.1</ele>
    <time>2024-12-11T14:02:35Z</time>
   </trkpt>
   <trkpt lat="-12.0068130" lon="-71.2349780">
    <ele>339.1</ele>
    <time>2024-12-11T14:02:36Z</time>
   </trkpt>
   <trkpt lat="-12.0067850" lon="-71.2349700">
    <ele>339.1</ele>
    <time>2024-12-11T14:02:37Z</time>
   </trkpt>
   <trkpt lat="-12.0067770" lon="-71.2349730">
    <ele>339.1</ele>
    <time>2024-12-11T14:02:38Z</time>
   </trkpt>
   <trkpt lat="-12.0067700" lon="-71.2349750">
    <ele>339.0</ele>
    <time>2024-12-11T14:02:39Z</time>
   </trkpt>
   <trkpt lat="-12.0067620" lon="-71.2349780">
    <ele>339.0</ele>
    <time>2024-12-11T14:02:40Z</time>
   </trkpt>
   <trkpt lat="-12.0067540" lon="-71.2349800">
    <ele>339.0</ele>
    <time>2024-12-11T14:02:41Z</time>
   </trkpt>
   <trkpt lat="-12.0067290" lon="-71.2349890">
    <ele>339.0</ele>
    <time>2024-12-11T14:02:42Z</time>
   </trkpt>
   <trkpt lat="-12.0067200" lon="-71.2349880">
    <ele>339.0</ele>
    <time>2024-12-11T14:02:43Z</time>
   </trkpt>
   <trkpt lat="-12.0067070" lon="-71.2349970">
    <ele>339.0</ele>
    <time>2024-12-11T14:02:44Z</time>
   </trkpt>
   <trkpt lat="-12.0067010" lon="-71.2349980">
    <ele>339.0</ele>
    <time>2024-12-11T14:02:45Z</time>
   </trkpt>
   <trkpt lat="-12.0066950" lon="-71.2349980">
    <ele>339.0</ele>
    <time>2024-12-11T14:02:46Z</time>
   </trkpt>
   <trkpt lat="-12.0066890" lon="-71.2349980">
    <ele>339.0</ele>
    <time>2024-12-11T14:02:47Z</time>
   </trkpt>
   <trkpt lat="-12.0066830" lon="-71.2349990">
    <ele>339.0</ele>
    <time>2024-12-11T14:02:48Z</time>
   </trkpt>
   <trkpt lat="-12.0066770" lon="-71.2349990">
    <ele>339.0</ele>
    <time>2024-12-11T14:02:49Z</time>
   </trkpt>
   <trkpt lat="-12.0066640" lon="-71.2350210">
    <ele>339.0</ele>
    <time>2024-12-11T14:02:50Z</time>
   </trkpt>
   <trkpt lat="-12.0066520" lon="-71.2350300">
    <ele>339.0</ele>
    <time>2024-12-11T14:02:51Z</time>
   </trkpt>
   <trkpt lat="-12.0066280" lon="-71.2350470">
    <ele>339.0</ele>
    <time>2024-12-11T14:02:52Z</time>
   </trkpt>
   <trkpt lat="-12.0066180" lon="-71.2350570">
    <ele>339.0</ele>
    <time>2024-12-11T14:02:53Z</time>
   </trkpt>
   <trkpt lat="-12.0066060" lon="-71.2350660">
    <ele>339.0</ele>
    <time>2024-12-11T14:02:54Z</time>
   </trkpt>
   <trkpt lat="-12.0065950" lon="-71.2350680">
    <ele>339.0</ele>
    <time>2024-12-11T14:02:55Z</time>
   </trkpt>
   <trkpt lat="-12.0065880" lon="-71.2350650">
    <ele>339.0</ele>
    <time>2024-12-11T14:02:56Z</time>
   </trkpt>
   <trkpt lat="-12.0065820" lon="-71.2350610">
    <ele>339.0</ele>
    <time>2024-12-11T14:02:57Z</time>
   </trkpt>
   <trkpt lat="-12.0065760" lon="-71.2350580">
    <ele>338.9</ele>
    <time>2024-12-11T14:02:58Z</time>
   </trkpt>
   <trkpt lat="-12.0065690" lon="-71.2350550">
    <ele>338.9</ele>
    <time>2024-12-11T14:02:59Z</time>
   </trkpt>
   <trkpt lat="-12.0065630" lon="-71.2350520">
    <ele>338.9</ele>
    <time>2024-12-11T14:03:00Z</time>
   </trkpt>
   <trkpt lat="-12.0065590" lon="-71.2350370">
    <ele>338.9</ele>
    <time>2024-12-11T14:03:01Z</time>
   </trkpt>
   <trkpt lat="-12.0065510" lon="-71.2350310">
    <ele>338.9</ele>
    <time>2024-12-11T14:03:02Z</time>
   </trkpt>
   <trkpt lat="-12.0065440" lon="-71.2350210">
    <ele>338.9</ele>
    <time>2024-12-11T14:03:03Z</time>
   </trkpt>
   <trkpt lat="-12.0065330" lon="-71.2350200">
    <ele>338.9</ele>
    <time>2024-12-11T14:03:04Z</time>
   </trkpt>
   <trkpt lat="-12.0065260" lon="-71.2350150">
    <ele>338.9</ele>
    <time>2024-12-11T14:03:05Z</time>
   </trkpt>
   <trkpt lat="-12.0065220" lon="-71.2350090">
    <ele>338.9</ele>
    <time>2024-12-11T14:03:06Z</time>
   </trkpt>
   <trkpt lat="-12.0065300" lon="-71.2350060">
    <ele>338.9</ele>
    <time>2024-12-11T14:03:07Z</time>
   </trkpt>
   <trkpt lat="-12.0065300" lon="-71.2349940">
    <ele>338.9</ele>
    <time>2024-12-11T14:03:08Z</time>
   </trkpt>
   <trkpt lat="-12.0065270" lon="-71.2349820">
    <ele>338.9</ele>
    <time>2024-12-11T14:03:09Z</time>
   </trkpt>
   <trkpt lat="-12.0065280" lon="-71.2349720">
    <ele>338.9</ele>
    <time>2024-12-11T14:03:10Z</time>
   </trkpt>
   <trkpt lat="-12.0065360" lon="-71.2349590">
    <ele>338.9</ele>
    <time>2024-12-11T14:03:11Z</time>
   </trkpt>
   <trkpt lat="-12.0065380" lon="-71.2349350">
    <ele>338.9</ele>
    <time>2024-12-11T14:03:12Z</time>
   </trkpt>
   <trkpt lat="-12.0065370" lon="-71.2349240">
    <ele>338.9</ele>
    <time>2024-12-11T14:03:13Z</time>
   </trkpt>
   <trkpt lat="-12.0065370" lon="-71.2349140">
    <ele>338.7</ele>
    <time>2024-12-11T14:03:14Z</time>
   </trkpt>
   <trkpt lat="-12.0065390" lon="-71.2349090">
    <ele>338.7</ele>
    <time>2024-12-11T14:03:15Z</time>
   </trkpt>
   <trkpt lat="-12.0065330" lon="-71.2349040">
    <ele>338.7</ele>
    <time>2024-12-11T14:03:16Z</time>
   </trkpt>
   <trkpt lat="-12.0065270" lon="-71.2348940">
    <ele>338.7</ele>
    <time>2024-12-11T14:03:17Z</time>
   </trkpt>
   <trkpt lat="-12.0065250" lon="-71.2348880">
    <ele>338.6</ele>
    <time>2024-12-11T14:03:18Z</time>
   </trkpt>
   <trkpt lat="-12.0065170" lon="-71.2348710">
    <ele>338.4</ele>
    <time>2024-12-11T14:03:19Z</time>
   </trkpt>
   <trkpt lat="-12.0065200" lon="-71.2348590">
    <ele>338.4</ele>
    <time>2024-12-11T14:03:20Z</time>
   </trkpt>
   <trkpt lat="-12.0065170" lon="-71.2348480">
    <ele>338.4</ele>
    <time>2024-12-11T14:03:21Z</time>
   </trkpt>
   <trkpt lat="-12.0065120" lon="-71.2348420">
    <ele>338.4</ele>
    <time>2024-12-11T14:03:22Z</time>
   </trkpt>
   <trkpt lat="-12.0065060" lon="-71.2348370">
    <ele>338.4</ele>
    <time>2024-12-11T14:03:23Z</time>
   </trkpt>
   <trkpt lat="-12.0065010" lon="-71.2348310">
    <ele>338.1</ele>
    <time>2024-12-11T14:03:24Z</time>
   </trkpt>
   <trkpt lat="-12.0064960" lon="-71.2348260">
    <ele>338.1</ele>
    <time>2024-12-11T14:03:25Z</time>
   </trkpt>
   <trkpt lat="-12.0064970" lon="-71.2348160">
    <ele>338.1</ele>
    <time>2024-12-11T14:03:26Z</time>
   </trkpt>
   <trkpt lat="-12.0064910" lon="-71.2348150">
    <ele>338.1</ele>
    <time>2024-12-11T14:03:27Z</time>
   </trkpt>
   <trkpt lat="-12.0064770" lon="-71.2348070">
    <ele>338.1</ele>
    <time>2024-12-11T14:03:28Z</time>
   </trkpt>
   <trkpt lat="-12.0064750" lon="-71.2348030">
    <ele>338.1</ele>
    <time>2024-12-11T14:03:29Z</time>
   </trkpt>
   <trkpt lat="-12.0064740" lon="-71.2347750">
    <ele>337.8</ele>
    <time>2024-12-11T14:03:30Z</time>
   </trkpt>
   <trkpt lat="-12.0064720" lon="-71.2347650">
    <ele>337.8</ele>
    <time>2024-12-11T14:03:31Z</time>
   </trkpt>
   <trkpt lat="-12.0064610" lon="-71.2347480">
    <ele>337.6</ele>
    <time>2024-12-11T14:03:32Z</time>
   </trkpt>
   <trkpt lat="-12.0064560" lon="-71.2347430">
    <ele>337.6</ele>
    <time>2024-12-11T14:03:33Z</time>
   </trkpt>
   <trkpt lat="-12.0064510" lon="-71.2347270">
    <ele>337.6</ele>
    <time>2024-12-11T14:03:34Z</time>
   </trkpt>
   <trkpt lat="-12.0064510" lon="-71.2347140">
    <ele>337.6</ele>
    <time>2024-12-11T14:03:35Z</time>
   </trkpt>
   <trkpt lat="-12.0064510" lon="-71.2347020">
    <ele>337.3</ele>
    <time>2024-12-11T14:03:36Z</time>
   </trkpt>
   <trkpt lat="-12.0064500" lon="-71.2346900">
    <ele>337.3</ele>
    <time>2024-12-11T14:03:37Z</time>
   </trkpt>
   <trkpt lat="-12.0064520" lon="-71.2346840">
    <ele>337.3</ele>
    <time>2024-12-11T14:03:38Z</time>
   </trkpt>
   <trkpt lat="-12.0064470" lon="-71.2346780">
    <ele>337.3</ele>
    <time>2024-12-11T14:03:39Z</time>
   </trkpt>
   <trkpt lat="-12.0064430" lon="-71.2346740">
    <ele>337.3</ele>
    <time>2024-12-11T14:03:40Z</time>
   </trkpt>
   <trkpt lat="-12.0064600" lon="-71.2346590">
    <ele>337.0</ele>
    <time>2024-12-11T14:03:41Z</time>
   </trkpt>
   <trkpt lat="-12.0064660" lon="-71.2346480">
    <ele>337.0</ele>
    <time>2024-12-11T14:03:42Z</time>
   </trkpt>
   <trkpt lat="-12.0064720" lon="-71.2346380">
    <ele>337.0</ele>
    <time>2024-12-11T14:03:43Z</time>
   </trkpt>
   <trkpt lat="-12.0064830" lon="-71.2346150">
    <ele>336.8</ele>
    <time>2024-12-11T14:03:44Z</time>
   </trkpt>
   <trkpt lat="-12.0064860" lon="-71.2346070">
    <ele>336.8</ele>
    <time>2024-12-11T14:03:45Z</time>
   </trkpt>
   <trkpt lat="-12.0064880" lon="-71.2346000">
    <ele>336.8</ele>
    <time>2024-12-11T14:03:46Z</time>
   </trkpt>
   <trkpt lat="-12.0064860" lon="-71.2345820">
    <ele>336.8</ele>
    <time>2024-12-11T14:03:47Z</time>
   </trkpt>
   <trkpt lat="-12.0064770" lon="-71.2345670">
    <ele>336.5</ele>
    <time>2024-12-11T14:03:48Z</time>
   </trkpt>
   <trkpt lat="-12.0064720" lon="-71.2345690">
    <ele>336.5</ele>
    <time>2024-12-11T14:03:49Z</time>
   </trkpt>
   <trkpt lat="-12.0064730" lon="-71.2345680">
    <ele>336.5</ele>
    <time>2024-12-11T14:03:50Z</time>
   </trkpt>
   <trkpt lat="-12.0064720" lon="-71.2345630">
    <ele>336.5</ele>
    <time>2024-12-11T14:03:51Z</time>
   </trkpt>
   <trkpt lat="-12.0064660" lon="-71.2345420">
    <ele>336.5</ele>
    <time>2024-12-11T14:03:52Z</time>
   </trkpt>
   <trkpt lat="-12.0064740" lon="-71.2345120">
    <ele>336.2</ele>
    <time>2024-12-11T14:03:53Z</time>
   </trkpt>
   <trkpt lat="-12.0064760" lon="-71.2344990">
    <ele>336.2</ele>
    <time>2024-12-11T14:03:54Z</time>
   </trkpt>
   <trkpt lat="-12.0064600" lon="-71.2344750">
    <ele>336.0</ele>
    <time>2024-12-11T14:03:55Z</time>
   </trkpt>
   <trkpt lat="-12.0064620" lon="-71.2344750">
    <ele>336.0</ele>
    <time>2024-12-11T14:03:56Z</time>
   </trkpt>
   <trkpt lat="-12.0064680" lon="-71.2344650">
    <ele>336.0</ele>
    <time>2024-12-11T14:03:57Z</time>
   </trkpt>
   <trkpt lat="-12.0064690" lon="-71.2344580">
    <ele>336.0</ele>
    <time>2024-12-11T14:03:58Z</time>
   </trkpt>
   <trkpt lat="-12.0064730" lon="-71.2344430">
    <ele>335.7</ele>
    <time>2024-12-11T14:03:59Z</time>
   </trkpt>
   <trkpt lat="-12.0064710" lon="-71.2344290">
    <ele>335.7</ele>
    <time>2024-12-11T14:04:00Z</time>
   </trkpt>
   <trkpt lat="-12.0064730" lon="-71.2344230">
    <ele>335.7</ele>
    <time>2024-12-11T14:04:01Z</time>
   </trkpt>
   <trkpt lat="-12.0064730" lon="-71.2344160">
    <ele>335.7</ele>
    <time>2024-12-11T14:04:02Z</time>
   </trkpt>
   <trkpt lat="-12.0064600" lon="-71.2344060">
    <ele>335.6</ele>
    <time>2024-12-11T14:04:03Z</time>
   </trkpt>
   <trkpt lat="-12.0064550" lon="-71.2343910">
    <ele>335.6</ele>
    <time>2024-12-11T14:04:04Z</time>
   </trkpt>
   <trkpt lat="-12.0064550" lon="-71.2343850">
    <ele>335.6</ele>
    <time>2024-12-11T14:04:05Z</time>
   </trkpt>
   <trkpt lat="-12.0064540" lon="-71.2343770">
    <ele>335.6</ele>
    <time>2024-12-11T14:04:06Z</time>
   </trkpt>
   <trkpt lat="-12.0064530" lon="-71.2343630">
    <ele>335.6</ele>
    <time>2024-12-11T14:04:07Z</time>
   </trkpt>
   <trkpt lat="-12.0064480" lon="-71.2343430">
    <ele>335.6</ele>
    <time>2024-12-11T14:04:08Z</time>
   </trkpt>
   <trkpt lat="-12.0064520" lon="-71.2343360">
    <ele>335.6</ele>
    <time>2024-12-11T14:04:09Z</time>
   </trkpt>
   <trkpt lat="-12.0064540" lon="-71.2343280">
    <ele>335.6</ele>
    <time>2024-12-11T14:04:10Z</time>
   </trkpt>
   <trkpt lat="-12.0064520" lon="-71.2343230">
    <ele>335.6</ele>
    <time>2024-12-11T14:04:11Z</time>
   </trkpt>
   <trkpt lat="-12.0064460" lon="-71.2343100">
    <ele>335.6</ele>
    <time>2024-12-11T14:04:12Z</time>
   </trkpt>
   <trkpt lat="-12.0064400" lon="-71.2343050">
    <ele>335.6</ele>
    <time>2024-12-11T14:04:13Z</time>
   </trkpt>
   <trkpt lat="-12.0064410" lon="-71.2342950">
    <ele>335.6</ele>
    <time>2024-12-11T14:04:14Z</time>
   </trkpt>
   <trkpt lat="-12.0064430" lon="-71.2342850">
    <ele>335.6</ele>
    <time>2024-12-11T14:04:15Z</time>
   </trkpt>
   <trkpt lat="-12.0064420" lon="-71.2342760">
    <ele>335.5</ele>
    <time>2024-12-11T14:04:16Z</time>
   </trkpt>
   <trkpt lat="-12.0064440" lon="-71.2342670">
    <ele>335.5</ele>
    <time>2024-12-11T14:04:17Z</time>
   </trkpt>
   <trkpt lat="-12.0064490" lon="-71.2342520">
    <ele>335.5</ele>
    <time>2024-12-11T14:04:18Z</time>
   </trkpt>
   <trkpt lat="-12.0064470" lon="-71.2342360">
    <ele>335.5</ele>
    <time>2024-12-11T14:04:19Z</time>
   </trkpt>
   <trkpt lat="-12.0064370" lon="-71.2342190">
    <ele>335.6</ele>
    <time>2024-12-11T14:04:20Z</time>
   </trkpt>
   <trkpt lat="-12.0064320" lon="-71.2342100">
    <ele>335.6</ele>
    <time>2024-12-11T14:04:21Z</time>
   </trkpt>
   <trkpt lat="-12.0064300" lon="-71.2341980">
    <ele>335.6</ele>
    <time>2024-12-11T14:04:22Z</time>
   </trkpt>
   <trkpt lat="-12.0064330" lon="-71.2341930">
    <ele>335.6</ele>
    <time>2024-12-11T14:04:23Z</time>
   </trkpt>
   <trkpt lat="-12.0064410" lon="-71.2341900">
    <ele>335.7</ele>
    <time>2024-12-11T14:04:24Z</time>
   </trkpt>
   <trkpt lat="-12.0064450" lon="-71.2341840">
    <ele>335.7</ele>
    <time>2024-12-11T14:04:25Z</time>
   </trkpt>
   <trkpt lat="-12.0064470" lon="-71.2341750">
    <ele>335.7</ele>
    <time>2024-12-11T14:04:26Z</time>
   </trkpt>
   <trkpt lat="-12.0064510" lon="-71.2341660">
    <ele>335.7</ele>
    <time>2024-12-11T14:04:27Z</time>
   </trkpt>
   <trkpt lat="-12.0064510" lon="-71.2341480">
    <ele>335.9</ele>
    <time>2024-12-11T14:04:28Z</time>
   </trkpt>
   <trkpt lat="-12.0064510" lon="-71.2341400">
    <ele>335.9</ele>
    <time>2024-12-11T14:04:29Z</time>
   </trkpt>
   <trkpt lat="-12.0064500" lon="-71.2341380">
    <ele>335.9</ele>
    <time>2024-12-11T14:04:30Z</time>
   </trkpt>
   <trkpt lat="-12.0064510" lon="-71.2341260">
    <ele>335.9</ele>
    <time>2024-12-11T14:04:31Z</time>
   </trkpt>
   <trkpt lat="-12.0064460" lon="-71.2341140">
    <ele>335.8</ele>
    <time>2024-12-11T14:04:32Z</time>
   </trkpt>
   <trkpt lat="-12.0064480" lon="-71.2341150">
    <ele>335.8</ele>
    <time>2024-12-11T14:04:33Z</time>
   </trkpt>
   <trkpt lat="-12.0064520" lon="-71.2341110">
    <ele>335.8</ele>
    <time>2024-12-11T14:04:34Z</time>
   </trkpt>
   <trkpt lat="-12.0064540" lon="-71.2341030">
    <ele>336.0</ele>
    <time>2024-12-11T14:04:35Z</time>
   </trkpt>
   <trkpt lat="-12.0064550" lon="-71.2340920">
    <ele>336.2</ele>
    <time>2024-12-11T14:04:36Z</time>
   </trkpt>
   <trkpt lat="-12.0064610" lon="-71.2340820">
    <ele>336.2</ele>
    <time>2024-12-11T14:04:37Z</time>
   </trkpt>
   <trkpt lat="-12.0064630" lon="-71.2340690">
    <ele>336.2</ele>
    <time>2024-12-11T14:04:38Z</time>
   </trkpt>
   <trkpt lat="-12.0064630" lon="-71.2340560">
    <ele>336.1</ele>
    <time>2024-12-11T14:04:39Z</time>
   </trkpt>
   <trkpt lat="-12.0064620" lon="-71.2340430">
    <ele>336.1</ele>
    <time>2024-12-11T14:04:40Z</time>
   </trkpt>
   <trkpt lat="-12.0064570" lon="-71.2340340">
    <ele>336.1</ele>
    <time>2024-12-11T14:04:41Z</time>
   </trkpt>
   <trkpt lat="-12.0064560" lon="-71.2340260">
    <ele>336.1</ele>
    <time>2024-12-11T14:04:42Z</time>
   </trkpt>
   <trkpt lat="-12.0064510" lon="-71.2340150">
    <ele>335.7</ele>
    <time>2024-12-11T14:04:43Z</time>
   </trkpt>
   <trkpt lat="-12.0064510" lon="-71.2340020">
    <ele>335.7</ele>
    <time>2024-12-11T14:04:44Z</time>
   </trkpt>
   <trkpt lat="-12.0064460" lon="-71.2339860">
    <ele>335.7</ele>
    <time>2024-12-11T14:04:45Z</time>
   </trkpt>
   <trkpt lat="-12.0064510" lon="-71.2339820">
    <ele>335.7</ele>
    <time>2024-12-11T14:04:46Z</time>
   </trkpt>
   <trkpt lat="-12.0064530" lon="-71.2339710">
    <ele>335.6</ele>
    <time>2024-12-11T14:04:47Z</time>
   </trkpt>
   <trkpt lat="-12.0064550" lon="-71.2339590">
    <ele>335.6</ele>
    <time>2024-12-11T14:04:48Z</time>
   </trkpt>
   <trkpt lat="-12.0064570" lon="-71.2339470">
    <ele>335.6</ele>
    <time>2024-12-11T14:04:49Z</time>
   </trkpt>
   <trkpt lat="-12.0064560" lon="-71.2339420">
    <ele>335.6</ele>
    <time>2024-12-11T14:04:50Z</time>
   </trkpt>
   <trkpt lat="-12.0064490" lon="-71.2339280">
    <ele>335.4</ele>
    <time>2024-12-11T14:04:51Z</time>
   </trkpt>
   <trkpt lat="-12.0064490" lon="-71.2339170">
    <ele>335.4</ele>
    <time>2024-12-11T14:04:52Z</time>
   </trkpt>
   <trkpt lat="-12.0064440" lon="-71.2339020">
    <ele>335.4</ele>
    <time>2024-12-11T14:04:53Z</time>
   </trkpt>
   <trkpt lat="-12.0064420" lon="-71.2339010">
    <ele>335.4</ele>
    <time>2024-12-11T14:04:54Z</time>
   </trkpt>
   <trkpt lat="-12.0064400" lon="-71.2338940">
    <ele>335.4</ele>
    <time>2024-12-11T14:04:55Z</time>
   </trkpt>
   <trkpt lat="-12.0064330" lon="-71.2338860">
    <ele>335.2</ele>
    <time>2024-12-11T14:04:56Z</time>
   </trkpt>
   <trkpt lat="-12.0064300" lon="-71.2338730">
    <ele>335.2</ele>
    <time>2024-12-11T14:04:57Z</time>
   </trkpt>
   <trkpt lat="-12.0064290" lon="-71.2338650">
    <ele>335.2</ele>
    <time>2024-12-11T14:04:58Z</time>
   </trkpt>
   <trkpt lat="-12.0064300" lon="-71.2338610">
    <ele>335.2</ele>
    <time>2024-12-11T14:04:59Z</time>
   </trkpt>
   <trkpt lat="-12.0064300" lon="-71.2338500">
    <ele>335.2</ele>
    <time>2024-12-11T14:05:00Z</time>
   </trkpt>
   <trkpt lat="-12.0064320" lon="-71.2338330">
    <ele>335.1</ele>
    <time>2024-12-11T14:05:01Z</time>
   </trkpt>
   <trkpt lat="-12.0064260" lon="-71.2338300">
    <ele>335.1</ele>
    <time>2024-12-11T14:05:02Z</time>
   </trkpt>
   <trkpt lat="-12.0064310" lon="-71.2338190">
    <ele>335.1</ele>
    <time>2024-12-11T14:05:03Z</time>
   </trkpt>
   <trkpt lat="-12.0064310" lon="-71.2338050">
    <ele>334.9</ele>
    <time>2024-12-11T14:05:04Z</time>
   </trkpt>
   <trkpt lat="-12.0064300" lon="-71.2337930">
    <ele>334.9</ele>
    <time>2024-12-11T14:05:05Z</time>
   </trkpt>
   <trkpt lat="-12.0064320" lon="-71.2337840">
    <ele>334.9</ele>
    <time>2024-12-11T14:05:06Z</time>
   </trkpt>
   <trkpt lat="-12.0064310" lon="-71.2337750">
    <ele>334.9</ele>
    <time>2024-12-11T14:05:07Z</time>
   </trkpt>
   <trkpt lat="-12.0064340" lon="-71.2337670">
    <ele>334.9</ele>
    <time>2024-12-11T14:05:08Z</time>
   </trkpt>
   <trkpt lat="-12.0064360" lon="-71.2337530">
    <ele>334.8</ele>
    <time>2024-12-11T14:05:09Z</time>
   </trkpt>
   <trkpt lat="-12.0064330" lon="-71.2337320">
    <ele>334.7</ele>
    <time>2024-12-11T14:05:10Z</time>
   </trkpt>
   <trkpt lat="-12.0064370" lon="-71.2337210">
    <ele>334.7</ele>
    <time>2024-12-11T14:05:11Z</time>
   </trkpt>
   <trkpt lat="-12.0064370" lon="-71.2337090">
    <ele>334.5</ele>
    <time>2024-12-11T14:05:12Z</time>
   </trkpt>
   <trkpt lat="-12.0064310" lon="-71.2337000">
    <ele>334.5</ele>
    <time>2024-12-11T14:05:13Z</time>
   </trkpt>
   <trkpt lat="-12.0064360" lon="-71.2336880">
    <ele>334.5</ele>
    <time>2024-12-11T14:05:14Z</time>
   </trkpt>
   <trkpt lat="-12.0064360" lon="-71.2336790">
    <ele>334.5</ele>
    <time>2024-12-11T14:05:15Z</time>
   </trkpt>
   <trkpt lat="-12.0064320" lon="-71.2336680">
    <ele>334.3</ele>
    <time>2024-12-11T14:05:16Z</time>
   </trkpt>
   <trkpt lat="-12.0064390" lon="-71.2336550">
    <ele>334.2</ele>
    <time>2024-12-11T14:05:17Z</time>
   </trkpt>
   <trkpt lat="-12.0064330" lon="-71.2336410">
    <ele>334.2</ele>
    <time>2024-12-11T14:05:18Z</time>
   </trkpt>
   <trkpt lat="-12.0064320" lon="-71.2336320">
    <ele>334.0</ele>
    <time>2024-12-11T14:05:19Z</time>
   </trkpt>
   <trkpt lat="-12.0064370" lon="-71.2336240">
    <ele>334.0</ele>
    <time>2024-12-11T14:05:20Z</time>
   </trkpt>
   <trkpt lat="-12.0064340" lon="-71.2336190">
    <ele>334.0</ele>
    <time>2024-12-11T14:05:21Z</time>
   </trkpt>
   <trkpt lat="-12.0064350" lon="-71.2336000">
    <ele>334.0</ele>
    <time>2024-12-11T14:05:22Z</time>
   </trkpt>
   <trkpt lat="-12.0064370" lon="-71.2335890">
    <ele>333.7</ele>
    <time>2024-12-11T14:05:23Z</time>
   </trkpt>
   <trkpt lat="-12.0064360" lon="-71.2335750">
    <ele>333.7</ele>
    <time>2024-12-11T14:05:24Z</time>
   </trkpt>
   <trkpt lat="-12.0064330" lon="-71.2335600">
    <ele>333.7</ele>
    <time>2024-12-11T14:05:25Z</time>
   </trkpt>
   <trkpt lat="-12.0064220" lon="-71.2335600">
    <ele>333.7</ele>
    <time>2024-12-11T14:05:26Z</time>
   </trkpt>
   <trkpt lat="-12.0064170" lon="-71.2335590">
    <ele>333.7</ele>
    <time>2024-12-11T14:05:27Z</time>
   </trkpt>
   <trkpt lat="-12.0064190" lon="-71.2335480">
    <ele>333.5</ele>
    <time>2024-12-11T14:05:28Z</time>
   </trkpt>
   <trkpt lat="-12.0064180" lon="-71.2335400">
    <ele>333.5</ele>
    <time>2024-12-11T14:05:29Z</time>
   </trkpt>
   <trkpt lat="-12.0064170" lon="-71.2335310">
    <ele>333.5</ele>
    <time>2024-12-11T14:05:30Z</time>
   </trkpt>
   <trkpt lat="-12.0064220" lon="-71.2335170">
    <ele>333.5</ele>
    <time>2024-12-11T14:05:31Z</time>
   </trkpt>
   <trkpt lat="-12.0064240" lon="-71.2335100">
    <ele>333.5</ele>
    <time>2024-12-11T14:05:32Z</time>
   </trkpt>
   <trkpt lat="-12.0064270" lon="-71.2335040">
    <ele>333.4</ele>
    <time>2024-12-11T14:05:33Z</time>
   </trkpt>
   <trkpt lat="-12.0064290" lon="-71.2334970">
    <ele>333.3</ele>
    <time>2024-12-11T14:05:34Z</time>
   </trkpt>
   <trkpt lat="-12.0064350" lon="-71.2334880">
    <ele>333.3</ele>
    <time>2024-12-11T14:05:35Z</time>
   </trkpt>
   <trkpt lat="-12.0064380" lon="-71.2334650">
    <ele>333.3</ele>
    <time>2024-12-11T14:05:36Z</time>
   </trkpt>
   <trkpt lat="-12.0064380" lon="-71.2334570">
    <ele>333.2</ele>
    <time>2024-12-11T14:05:37Z</time>
   </trkpt>
   <trkpt lat="-12.0064400" lon="-71.2334410">
    <ele>333.2</ele>
    <time>2024-12-11T14:05:38Z</time>
   </trkpt>
   <trkpt lat="-12.0064420" lon="-71.2334310">
    <ele>333.2</ele>
    <time>2024-12-11T14:05:39Z</time>
   </trkpt>
   <trkpt lat="-12.0064390" lon="-71.2334190">
    <ele>333.0</ele>
    <time>2024-12-11T14:05:40Z</time>
   </trkpt>
   <trkpt lat="-12.0064330" lon="-71.2334080">
    <ele>333.0</ele>
    <time>2024-12-11T14:05:41Z</time>
   </trkpt>
   <trkpt lat="-12.0064260" lon="-71.2333980">
    <ele>333.0</ele>
    <time>2024-12-11T14:05:42Z</time>
   </trkpt>
   <trkpt lat="-12.0064190" lon="-71.2333800">
    <ele>333.0</ele>
    <time>2024-12-11T14:05:43Z</time>
   </trkpt>
   <trkpt lat="-12.0064160" lon="-71.2333710">
    <ele>333.0</ele>
    <time>2024-12-11T14:05:44Z</time>
   </trkpt>
   <trkpt lat="-12.0064140" lon="-71.2333620">
    <ele>333.0</ele>
    <time>2024-12-11T14:05:45Z</time>
   </trkpt>
   <trkpt lat="-12.0064130" lon="-71.2333530">
    <ele>333.0</ele>
    <time>2024-12-11T14:05:46Z</time>
   </trkpt>
   <trkpt lat="-12.0064130" lon="-71.2333450">
    <ele>333.0</ele>
    <time>2024-12-11T14:05:47Z</time>
   </trkpt>
   <trkpt lat="-12.0064160" lon="-71.2333370">
    <ele>333.0</ele>
    <time>2024-12-11T14:05:48Z</time>
   </trkpt>
   <trkpt lat="-12.0064140" lon="-71.2333380">
    <ele>332.9</ele>
    <time>2024-12-11T14:05:49Z</time>
   </trkpt>
   <trkpt lat="-12.0064110" lon="-71.2333280">
    <ele>333.4</ele>
    <time>2024-12-11T14:05:50Z</time>
   </trkpt>
   <trkpt lat="-12.0063990" lon="-71.2333110">
    <ele>333.4</ele>
    <time>2024-12-11T14:05:51Z</time>
   </trkpt>
   <trkpt lat="-12.0063900" lon="-71.2333000">
    <ele>333.4</ele>
    <time>2024-12-11T14:05:52Z</time>
   </trkpt>
   <trkpt lat="-12.0063880" lon="-71.2332930">
    <ele>333.4</ele>
    <time>2024-12-11T14:05:53Z</time>
   </trkpt>
   <trkpt lat="-12.0063940" lon="-71.2332800">
    <ele>333.4</ele>
    <time>2024-12-11T14:05:54Z</time>
   </trkpt>
   <trkpt lat="-12.0063900" lon="-71.2332700">
    <ele>333.4</ele>
    <time>2024-12-11T14:05:55Z</time>
   </trkpt>
   <trkpt lat="-12.0063870" lon="-71.2332540">
    <ele>333.4</ele>
    <time>2024-12-11T14:05:56Z</time>
   </trkpt>
   <trkpt lat="-12.0063860" lon="-71.2332460">
    <ele>333.4</ele>
    <time>2024-12-11T14:05:57Z</time>
   </trkpt>
   <trkpt lat="-12.0063840" lon="-71.2332370">
    <ele>333.4</ele>
    <time>2024-12-11T14:05:58Z</time>
   </trkpt>
   <trkpt lat="-12.0063820" lon="-71.2332290">
    <ele>333.4</ele>
    <time>2024-12-11T14:05:59Z</time>
   </trkpt>
   <trkpt lat="-12.0063800" lon="-71.2332190">
    <ele>333.4</ele>
    <time>2024-12-11T14:06:00Z</time>
   </trkpt>
   <trkpt lat="-12.0063820" lon="-71.2332120">
    <ele>333.4</ele>
    <time>2024-12-11T14:06:01Z</time>
   </trkpt>
   <trkpt lat="-12.0063830" lon="-71.2332010">
    <ele>333.5</ele>
    <time>2024-12-11T14:06:02Z</time>
   </trkpt>
   <trkpt lat="-12.0063830" lon="-71.2331870">
    <ele>333.5</ele>
    <time>2024-12-11T14:06:03Z</time>
   </trkpt>
   <trkpt lat="-12.0063830" lon="-71.2331800">
    <ele>333.5</ele>
    <time>2024-12-11T14:06:04Z</time>
   </trkpt>
   <trkpt lat="-12.0063820" lon="-71.2331730">
    <ele>333.5</ele>
    <time>2024-12-11T14:06:05Z</time>
   </trkpt>
   <trkpt lat="-12.0063820" lon="-71.2331660">
    <ele>333.5</ele>
    <time>2024-12-11T14:06:06Z</time>
   </trkpt>
   <trkpt lat="-12.0063820" lon="-71.2331590">
    <ele>333.6</ele>
    <time>2024-12-11T14:06:07Z</time>
   </trkpt>
   <trkpt lat="-12.0063790" lon="-71.2331480">
    <ele>333.6</ele>
    <time>2024-12-11T14:06:08Z</time>
   </trkpt>
   <trkpt lat="-12.0063830" lon="-71.2331440">
    <ele>333.6</ele>
    <time>2024-12-11T14:06:09Z</time>
   </trkpt>
   <trkpt lat="-12.0063870" lon="-71.2331400">
    <ele>333.6</ele>
    <time>2024-12-11T14:06:10Z</time>
   </trkpt>
   <trkpt lat="-12.0063910" lon="-71.2331350">
    <ele>333.6</ele>
    <time>2024-12-11T14:06:11Z</time>
   </trkpt>
   <trkpt lat="-12.0063950" lon="-71.2331310">
    <ele>333.6</ele>
    <time>2024-12-11T14:06:12Z</time>
   </trkpt>
   <trkpt lat="-12.0063990" lon="-71.2331270">
    <ele>333.6</ele>
    <time>2024-12-11T14:06:13Z</time>
   </trkpt>
   <trkpt lat="-12.0064030" lon="-71.2331230">
    <ele>333.6</ele>
    <time>2024-12-11T14:06:14Z</time>
   </trkpt>
   <trkpt lat="-12.0064240" lon="-71.2331180">
    <ele>333.1</ele>
    <time>2024-12-11T14:06:15Z</time>
   </trkpt>
   <trkpt lat="-12.0064230" lon="-71.2331100">
    <ele>333.1</ele>
    <time>2024-12-11T14:06:16Z</time>
   </trkpt>
   <trkpt lat="-12.0064270" lon="-71.2331040">
    <ele>333.1</ele>
    <time>2024-12-11T14:06:17Z</time>
   </trkpt>
   <trkpt lat="-12.0064300" lon="-71.2330970">
    <ele>333.1</ele>
    <time>2024-12-11T14:06:18Z</time>
   </trkpt>
   <trkpt lat="-12.0064370" lon="-71.2330860">
    <ele>333.1</ele>
    <time>2024-12-11T14:06:19Z</time>
   </trkpt>
   <trkpt lat="-12.0064320" lon="-71.2330810">
    <ele>333.1</ele>
    <time>2024-12-11T14:06:20Z</time>
   </trkpt>
   <trkpt lat="-12.0064390" lon="-71.2330740">
    <ele>333.2</ele>
    <time>2024-12-11T14:06:21Z</time>
   </trkpt>
   <trkpt lat="-12.0064450" lon="-71.2330610">
    <ele>333.2</ele>
    <time>2024-12-11T14:06:22Z</time>
   </trkpt>
   <trkpt lat="-12.0064510" lon="-71.2330480">
    <ele>333.2</ele>
    <time>2024-12-11T14:06:23Z</time>
   </trkpt>
   <trkpt lat="-12.0064570" lon="-71.2330370">
    <ele>332.4</ele>
    <time>2024-12-11T14:06:24Z</time>
   </trkpt>
   <trkpt lat="-12.0064590" lon="-71.2330340">
    <ele>332.8</ele>
    <time>2024-12-11T14:06:25Z</time>
   </trkpt>
   <trkpt lat="-12.0064610" lon="-71.2330340">
    <ele>332.8</ele>
    <time>2024-12-11T14:06:26Z</time>
   </trkpt>
   <trkpt lat="-12.0064620" lon="-71.2330330">
    <ele>332.7</ele>
    <time>2024-12-11T14:06:27Z</time>
   </trkpt>
   <trkpt lat="-12.0064640" lon="-71.2330260">
    <ele>332.7</ele>
    <time>2024-12-11T14:06:28Z</time>
   </trkpt>
   <trkpt lat="-12.0064680" lon="-71.2330220">
    <ele>332.7</ele>
    <time>2024-12-11T14:06:29Z</time>
   </trkpt>
   <trkpt lat="-12.0064810" lon="-71.2330100">
    <ele>332.7</ele>
    <time>2024-12-11T14:06:30Z</time>
   </trkpt>
   <trkpt lat="-12.0064800" lon="-71.2330050">
    <ele>332.7</ele>
    <time>2024-12-11T14:06:31Z</time>
   </trkpt>
   <trkpt lat="-12.0064860" lon="-71.2330010">
    <ele>332.7</ele>
    <time>2024-12-11T14:06:32Z</time>
   </trkpt>
   <trkpt lat="-12.0064960" lon="-71.2330050">
    <ele>332.7</ele>
    <time>2024-12-11T14:06:33Z</time>
   </trkpt>
   <trkpt lat="-12.0064990" lon="-71.2330050">
    <ele>332.1</ele>
    <time>2024-12-11T14:06:34Z</time>
   </trkpt>
   <trkpt lat="-12.0065080" lon="-71.2330080">
    <ele>332.0</ele>
    <time>2024-12-11T14:06:35Z</time>
   </trkpt>
   <trkpt lat="-12.0065170" lon="-71.2330040">
    <ele>332.0</ele>
    <time>2024-12-11T14:06:36Z</time>
   </trkpt>
   <trkpt lat="-12.0065200" lon="-71.2330000">
    <ele>332.0</ele>
    <time>2024-12-11T14:06:37Z</time>
   </trkpt>
   <trkpt lat="-12.0065220" lon="-71.2329940">
    <ele>332.0</ele>
    <time>2024-12-11T14:06:38Z</time>
   </trkpt>
   <trkpt lat="-12.0065300" lon="-71.2329880">
    <ele>332.5</ele>
    <time>2024-12-11T14:06:39Z</time>
   </trkpt>
   <trkpt lat="-12.0065390" lon="-71.2329840">
    <ele>332.0</ele>
    <time>2024-12-11T14:06:40Z</time>
   </trkpt>
   <trkpt lat="-12.0065450" lon="-71.2329840">
    <ele>332.0</ele>
    <time>2024-12-11T14:06:41Z</time>
   </trkpt>
   <trkpt lat="-12.0065540" lon="-71.2329770">
    <ele>332.0</ele>
    <time>2024-12-11T14:06:42Z</time>
   </trkpt>
   <trkpt lat="-12.0065640" lon="-71.2329710">
    <ele>332.0</ele>
    <time>2024-12-11T14:06:43Z</time>
   </trkpt>
   <trkpt lat="-12.0065720" lon="-71.2329630">
    <ele>332.0</ele>
    <time>2024-12-11T14:06:44Z</time>
   </trkpt>
   <trkpt lat="-12.0065840" lon="-71.2329490">
    <ele>331.5</ele>
    <time>2024-12-11T14:06:45Z</time>
   </trkpt>
   <trkpt lat="-12.0065930" lon="-71.2329520">
    <ele>331.5</ele>
    <time>2024-12-11T14:06:46Z</time>
   </trkpt>
   <trkpt lat="-12.0065930" lon="-71.2329450">
    <ele>332.0</ele>
    <time>2024-12-11T14:06:47Z</time>
   </trkpt>
   <trkpt lat="-12.0066000" lon="-71.2329400">
    <ele>332.0</ele>
    <time>2024-12-11T14:06:48Z</time>
   </trkpt>
   <trkpt lat="-12.0066100" lon="-71.2329370">
    <ele>332.0</ele>
    <time>2024-12-11T14:06:49Z</time>
   </trkpt>
   <trkpt lat="-12.0066180" lon="-71.2329270">
    <ele>332.0</ele>
    <time>2024-12-11T14:06:50Z</time>
   </trkpt>
   <trkpt lat="-12.0066260" lon="-71.2329160">
    <ele>331.5</ele>
    <time>2024-12-11T14:06:51Z</time>
   </trkpt>
   <trkpt lat="-12.0066380" lon="-71.2329180">
    <ele>331.5</ele>
    <time>2024-12-11T14:06:52Z</time>
   </trkpt>
   <trkpt lat="-12.0066470" lon="-71.2329140">
    <ele>331.5</ele>
    <time>2024-12-11T14:06:53Z</time>
   </trkpt>
   <trkpt lat="-12.0066510" lon="-71.2329090">
    <ele>331.5</ele>
    <time>2024-12-11T14:06:54Z</time>
   </trkpt>
   <trkpt lat="-12.0066630" lon="-71.2328990">
    <ele>331.9</ele>
    <time>2024-12-11T14:06:55Z</time>
   </trkpt>
   <trkpt lat="-12.0066760" lon="-71.2328860">
    <ele>331.5</ele>
    <time>2024-12-11T14:06:56Z</time>
   </trkpt>
   <trkpt lat="-12.0066800" lon="-71.2328730">
    <ele>331.5</ele>
    <time>2024-12-11T14:06:57Z</time>
   </trkpt>
   <trkpt lat="-12.0066820" lon="-71.2328580">
    <ele>331.8</ele>
    <time>2024-12-11T14:06:58Z</time>
   </trkpt>
   <trkpt lat="-12.0066850" lon="-71.2328460">
    <ele>331.8</ele>
    <time>2024-12-11T14:06:59Z</time>
   </trkpt>
   <trkpt lat="-12.0066890" lon="-71.2328350">
    <ele>331.8</ele>
    <time>2024-12-11T14:07:00Z</time>
   </trkpt>
   <trkpt lat="-12.0066960" lon="-71.2328070">
    <ele>332.1</ele>
    <time>2024-12-11T14:07:01Z</time>
   </trkpt>
   <trkpt lat="-12.0066950" lon="-71.2327960">
    <ele>332.0</ele>
    <time>2024-12-11T14:07:02Z</time>
   </trkpt>
   <trkpt lat="-12.0066910" lon="-71.2327880">
    <ele>332.0</ele>
    <time>2024-12-11T14:07:03Z</time>
   </trkpt>
   <trkpt lat="-12.0066910" lon="-71.2327850">
    <ele>332.0</ele>
    <time>2024-12-11T14:07:04Z</time>
   </trkpt>
   <trkpt lat="-12.0066920" lon="-71.2327690">
    <ele>332.3</ele>
    <time>2024-12-11T14:07:05Z</time>
   </trkpt>
   <trkpt lat="-12.0066930" lon="-71.2327560">
    <ele>332.3</ele>
    <time>2024-12-11T14:07:06Z</time>
   </trkpt>
   <trkpt lat="-12.0066880" lon="-71.2327480">
    <ele>332.3</ele>
    <time>2024-12-11T14:07:07Z</time>
   </trkpt>
   <trkpt lat="-12.0066900" lon="-71.2327330">
    <ele>332.5</ele>
    <time>2024-12-11T14:07:08Z</time>
   </trkpt>
   <trkpt lat="-12.0066840" lon="-71.2327120">
    <ele>332.5</ele>
    <time>2024-12-11T14:07:09Z</time>
   </trkpt>
   <trkpt lat="-12.0066750" lon="-71.2327050">
    <ele>332.5</ele>
    <time>2024-12-11T14:07:10Z</time>
   </trkpt>
   <trkpt lat="-12.0066730" lon="-71.2326980">
    <ele>332.5</ele>
    <time>2024-12-11T14:07:11Z</time>
   </trkpt>
   <trkpt lat="-12.0066690" lon="-71.2326880">
    <ele>332.6</ele>
    <time>2024-12-11T14:07:12Z</time>
   </trkpt>
   <trkpt lat="-12.0066630" lon="-71.2326720">
    <ele>333.0</ele>
    <time>2024-12-11T14:07:13Z</time>
   </trkpt>
   <trkpt lat="-12.0066600" lon="-71.2326670">
    <ele>333.0</ele>
    <time>2024-12-11T14:07:14Z</time>
   </trkpt>
   <trkpt lat="-12.0066570" lon="-71.2326680">
    <ele>333.0</ele>
    <time>2024-12-11T14:07:15Z</time>
   </trkpt>
   <trkpt lat="-12.0066500" lon="-71.2326600">
    <ele>333.0</ele>
    <time>2024-12-11T14:07:16Z</time>
   </trkpt>
   <trkpt lat="-12.0066370" lon="-71.2326480">
    <ele>333.0</ele>
    <time>2024-12-11T14:07:17Z</time>
   </trkpt>
   <trkpt lat="-12.0066380" lon="-71.2326440">
    <ele>333.0</ele>
    <time>2024-12-11T14:07:18Z</time>
   </trkpt>
   <trkpt lat="-12.0066310" lon="-71.2326390">
    <ele>333.0</ele>
    <time>2024-12-11T14:07:19Z</time>
   </trkpt>
   <trkpt lat="-12.0066250" lon="-71.2326340">
    <ele>333.0</ele>
    <time>2024-12-11T14:07:20Z</time>
   </trkpt>
   <trkpt lat="-12.0066180" lon="-71.2326290">
    <ele>333.5</ele>
    <time>2024-12-11T14:07:21Z</time>
   </trkpt>
   <trkpt lat="-12.0066120" lon="-71.2326240">
    <ele>333.5</ele>
    <time>2024-12-11T14:07:22Z</time>
   </trkpt>
   <trkpt lat="-12.0066050" lon="-71.2326190">
    <ele>333.5</ele>
    <time>2024-12-11T14:07:23Z</time>
   </trkpt>
   <trkpt lat="-12.0065990" lon="-71.2326140">
    <ele>333.5</ele>
    <time>2024-12-11T14:07:24Z</time>
   </trkpt>
   <trkpt lat="-12.0066060" lon="-71.2326200">
    <ele>333.5</ele>
    <time>2024-12-11T14:07:25Z</time>
   </trkpt>
   <trkpt lat="-12.0065990" lon="-71.2326110">
    <ele>333.5</ele>
    <time>2024-12-11T14:07:26Z</time>
   </trkpt>
   <trkpt lat="-12.0066010" lon="-71.2326040">
    <ele>333.4</ele>
    <time>2024-12-11T14:07:27Z</time>
   </trkpt>
   <trkpt lat="-12.0066040" lon="-71.2325880">
    <ele>333.4</ele>
    <time>2024-12-11T14:07:28Z</time>
   </trkpt>
   <trkpt lat="-12.0066130" lon="-71.2325820">
    <ele>333.4</ele>
    <time>2024-12-11T14:07:29Z</time>
   </trkpt>
   <trkpt lat="-12.0066210" lon="-71.2325810">
    <ele>333.4</ele>
    <time>2024-12-11T14:07:30Z</time>
   </trkpt>
   <trkpt lat="-12.0066290" lon="-71.2325690">
    <ele>332.9</ele>
    <time>2024-12-11T14:07:31Z</time>
   </trkpt>
   <trkpt lat="-12.0066340" lon="-71.2325570">
    <ele>332.9</ele>
    <time>2024-12-11T14:07:32Z</time>
   </trkpt>
   <trkpt lat="-12.0066400" lon="-71.2325440">
    <ele>332.9</ele>
    <time>2024-12-11T14:07:33Z</time>
   </trkpt>
   <trkpt lat="-12.0066430" lon="-71.2325380">
    <ele>332.9</ele>
    <time>2024-12-11T14:07:34Z</time>
   </trkpt>
   <trkpt lat="-12.0066460" lon="-71.2325280">
    <ele>332.9</ele>
    <time>2024-12-11T14:07:35Z</time>
   </trkpt>
   <trkpt lat="-12.0066590" lon="-71.2325110">
    <ele>332.9</ele>
    <time>2024-12-11T14:07:36Z</time>
   </trkpt>
   <trkpt lat="-12.0066630" lon="-71.2325020">
    <ele>332.9</ele>
    <time>2024-12-11T14:07:37Z</time>
   </trkpt>
   <trkpt lat="-12.0066670" lon="-71.2324920">
    <ele>332.5</ele>
    <time>2024-12-11T14:07:38Z</time>
   </trkpt>
   <trkpt lat="-12.0066710" lon="-71.2324750">
    <ele>332.4</ele>
    <time>2024-12-11T14:07:39Z</time>
   </trkpt>
   <trkpt lat="-12.0066750" lon="-71.2324640">
    <ele>332.4</ele>
    <time>2024-12-11T14:07:40Z</time>
   </trkpt>
   <trkpt lat="-12.0066820" lon="-71.2324420">
    <ele>332.4</ele>
    <time>2024-12-11T14:07:41Z</time>
   </trkpt>
   <trkpt lat="-12.0066830" lon="-71.2324340">
    <ele>332.4</ele>
    <time>2024-12-11T14:07:42Z</time>
   </trkpt>
   <trkpt lat="-12.0066830" lon="-71.2324260">
    <ele>332.4</ele>
    <time>2024-12-11T14:07:43Z</time>
   </trkpt>
   <trkpt lat="-12.0066760" lon="-71.2324040">
    <ele>332.4</ele>
    <time>2024-12-11T14:07:44Z</time>
   </trkpt>
   <trkpt lat="-12.0066680" lon="-71.2323970">
    <ele>332.4</ele>
    <time>2024-12-11T14:07:45Z</time>
   </trkpt>
   <trkpt lat="-12.0066730" lon="-71.2323750">
    <ele>332.4</ele>
    <time>2024-12-11T14:07:46Z</time>
   </trkpt>
   <trkpt lat="-12.0066720" lon="-71.2323640">
    <ele>332.4</ele>
    <time>2024-12-11T14:07:47Z</time>
   </trkpt>
   <trkpt lat="-12.0066710" lon="-71.2323520">
    <ele>332.4</ele>
    <time>2024-12-11T14:07:48Z</time>
   </trkpt>
   <trkpt lat="-12.0066680" lon="-71.2323460">
    <ele>332.6</ele>
    <time>2024-12-11T14:07:49Z</time>
   </trkpt>
   <trkpt lat="-12.0066600" lon="-71.2323390">
    <ele>332.8</ele>
    <time>2024-12-11T14:07:50Z</time>
   </trkpt>
   <trkpt lat="-12.0066560" lon="-71.2323270">
    <ele>332.8</ele>
    <time>2024-12-11T14:07:51Z</time>
   </trkpt>
   <trkpt lat="-12.0066530" lon="-71.2323100">
    <ele>332.8</ele>
    <time>2024-12-11T14:07:52Z</time>
   </trkpt>
   <trkpt lat="-12.0066520" lon="-71.2323040">
    <ele>333.0</ele>
    <time>2024-12-11T14:07:53Z</time>
   </trkpt>
   <trkpt lat="-12.0066500" lon="-71.2322970">
    <ele>333.0</ele>
    <time>2024-12-11T14:07:54Z</time>
   </trkpt>
   <trkpt lat="-12.0066490" lon="-71.2322910">
    <ele>333.0</ele>
    <time>2024-12-11T14:07:55Z</time>
   </trkpt>
   <trkpt lat="-12.0066470" lon="-71.2322840">
    <ele>333.0</ele>
    <time>2024-12-11T14:07:56Z</time>
   </trkpt>
   <trkpt lat="-12.0066460" lon="-71.2322690">
    <ele>333.0</ele>
    <time>2024-12-11T14:07:57Z</time>
   </trkpt>
   <trkpt lat="-12.0066510" lon="-71.2322590">
    <ele>333.3</ele>
    <time>2024-12-11T14:07:58Z</time>
   </trkpt>
   <trkpt lat="-12.0066550" lon="-71.2322500">
    <ele>333.2</ele>
    <time>2024-12-11T14:07:59Z</time>
   </trkpt>
   <trkpt lat="-12.0066590" lon="-71.2322400">
    <ele>333.2</ele>
    <time>2024-12-11T14:08:00Z</time>
   </trkpt>
   <trkpt lat="-12.0066620" lon="-71.2322410">
    <ele>333.2</ele>
    <time>2024-12-11T14:08:01Z</time>
   </trkpt>
   <trkpt lat="-12.0066650" lon="-71.2322330">
    <ele>333.0</ele>
    <time>2024-12-11T14:08:02Z</time>
   </trkpt>
   <trkpt lat="-12.0066730" lon="-71.2322230">
    <ele>333.0</ele>
    <time>2024-12-11T14:08:03Z</time>
   </trkpt>
   <trkpt lat="-12.0066800" lon="-71.2322110">
    <ele>333.3</ele>
    <time>2024-12-11T14:08:04Z</time>
   </trkpt>
   <trkpt lat="-12.0066820" lon="-71.2322110">
    <ele>333.3</ele>
    <time>2024-12-11T14:08:05Z</time>
   </trkpt>
   <trkpt lat="-12.0066810" lon="-71.2322030">
    <ele>333.3</ele>
    <time>2024-12-11T14:08:06Z</time>
   </trkpt>
   <trkpt lat="-12.0066870" lon="-71.2321930">
    <ele>333.3</ele>
    <time>2024-12-11T14:08:07Z</time>
   </trkpt>
   <trkpt lat="-12.0066880" lon="-71.2321770">
    <ele>333.3</ele>
    <time>2024-12-11T14:08:08Z</time>
   </trkpt>
   <trkpt lat="-12.0066900" lon="-71.2321720">
    <ele>333.7</ele>
    <time>2024-12-11T14:08:09Z</time>
   </trkpt>
   <trkpt lat="-12.0066900" lon="-71.2321730">
    <ele>333.7</ele>
    <time>2024-12-11T14:08:10Z</time>
   </trkpt>
   <trkpt lat="-12.0066930" lon="-71.2321650">
    <ele>333.6</ele>
    <time>2024-12-11T14:08:11Z</time>
   </trkpt>
   <trkpt lat="-12.0066910" lon="-71.2321460">
    <ele>333.6</ele>
    <time>2024-12-11T14:08:12Z</time>
   </trkpt>
   <trkpt lat="-12.0066970" lon="-71.2321310">
    <ele>334.1</ele>
    <time>2024-12-11T14:08:13Z</time>
   </trkpt>
   <trkpt lat="-12.0067010" lon="-71.2321270">
    <ele>334.1</ele>
    <time>2024-12-11T14:08:14Z</time>
   </trkpt>
   <trkpt lat="-12.0067040" lon="-71.2321230">
    <ele>334.1</ele>
    <time>2024-12-11T14:08:15Z</time>
   </trkpt>
   <trkpt lat="-12.0067080" lon="-71.2321190">
    <ele>334.1</ele>
    <time>2024-12-11T14:08:16Z</time>
   </trkpt>
   <trkpt lat="-12.0067120" lon="-71.2321150">
    <ele>334.1</ele>
    <time>2024-12-11T14:08:17Z</time>
   </trkpt>
   <trkpt lat="-12.0067210" lon="-71.2320990">
    <ele>334.1</ele>
    <time>2024-12-11T14:08:18Z</time>
   </trkpt>
   <trkpt lat="-12.0067260" lon="-71.2320900">
    <ele>334.1</ele>
    <time>2024-12-11T14:08:19Z</time>
   </trkpt>
   <trkpt lat="-12.0067320" lon="-71.2320810">
    <ele>334.6</ele>
    <time>2024-12-11T14:08:20Z</time>
   </trkpt>
   <trkpt lat="-12.0067430" lon="-71.2320620">
    <ele>334.6</ele>
    <time>2024-12-11T14:08:21Z</time>
   </trkpt>
   <trkpt lat="-12.0067490" lon="-71.2320520">
    <ele>334.6</ele>
    <time>2024-12-11T14:08:22Z</time>
   </trkpt>
   <trkpt lat="-12.0067590" lon="-71.2320480">
    <ele>334.6</ele>
    <time>2024-12-11T14:08:23Z</time>
   </trkpt>
   <trkpt lat="-12.0067670" lon="-71.2320340">
    <ele>335.1</ele>
    <time>2024-12-11T14:08:24Z</time>
   </trkpt>
   <trkpt lat="-12.0067650" lon="-71.2320300">
    <ele>335.1</ele>
    <time>2024-12-11T14:08:25Z</time>
   </trkpt>
   <trkpt lat="-12.0067630" lon="-71.2320110">
    <ele>335.1</ele>
    <time>2024-12-11T14:08:26Z</time>
   </trkpt>
   <trkpt lat="-12.0067660" lon="-71.2320000">
    <ele>335.6</ele>
    <time>2024-12-11T14:08:27Z</time>
   </trkpt>
   <trkpt lat="-12.0067700" lon="-71.2319880">
    <ele>335.6</ele>
    <time>2024-12-11T14:08:28Z</time>
   </trkpt>
   <trkpt lat="-12.0067760" lon="-71.2319790">
    <ele>335.6</ele>
    <time>2024-12-11T14:08:29Z</time>
   </trkpt>
   <trkpt lat="-12.0067820" lon="-71.2319830">
    <ele>335.5</ele>
    <time>2024-12-11T14:08:30Z</time>
   </trkpt>
   <trkpt lat="-12.0067920" lon="-71.2319640">
    <ele>335.5</ele>
    <time>2024-12-11T14:08:31Z</time>
   </trkpt>
   <trkpt lat="-12.0067990" lon="-71.2319480">
    <ele>336.0</ele>
    <time>2024-12-11T14:08:32Z</time>
   </trkpt>
   <trkpt lat="-12.0068030" lon="-71.2319410">
    <ele>336.0</ele>
    <time>2024-12-11T14:08:33Z</time>
   </trkpt>
   <trkpt lat="-12.0068050" lon="-71.2319340">
    <ele>336.0</ele>
    <time>2024-12-11T14:08:34Z</time>
   </trkpt>
   <trkpt lat="-12.0068150" lon="-71.2319240">
    <ele>336.0</ele>
    <time>2024-12-11T14:08:35Z</time>
   </trkpt>
   <trkpt lat="-12.0068260" lon="-71.2319120">
    <ele>336.5</ele>
    <time>2024-12-11T14:08:36Z</time>
   </trkpt>
   <trkpt lat="-12.0068230" lon="-71.2319100">
    <ele>336.5</ele>
    <time>2024-12-11T14:08:37Z</time>
   </trkpt>
   <trkpt lat="-12.0068280" lon="-71.2319020">
    <ele>336.5</ele>
    <time>2024-12-11T14:08:38Z</time>
   </trkpt>
   <trkpt lat="-12.0068210" lon="-71.2319040">
    <ele>336.5</ele>
    <time>2024-12-11T14:08:39Z</time>
   </trkpt>
   <trkpt lat="-12.0068210" lon="-71.2318940">
    <ele>336.5</ele>
    <time>2024-12-11T14:08:40Z</time>
   </trkpt>
   <trkpt lat="-12.0068260" lon="-71.2318850">
    <ele>336.5</ele>
    <time>2024-12-11T14:08:41Z</time>
   </trkpt>
   <trkpt lat="-12.0068440" lon="-71.2318740">
    <ele>336.9</ele>
    <time>2024-12-11T14:08:43Z</time>
   </trkpt>
   <trkpt lat="-12.0068520" lon="-71.2318490">
    <ele>336.9</ele>
    <time>2024-12-11T14:08:44Z</time>
   </trkpt>
   <trkpt lat="-12.0068530" lon="-71.2318240">
    <ele>336.9</ele>
    <time>2024-12-11T14:08:45Z</time>
   </trkpt>
   <trkpt lat="-12.0068520" lon="-71.2318150">
    <ele>336.9</ele>
    <time>2024-12-11T14:08:46Z</time>
   </trkpt>
   <trkpt lat="-12.0068520" lon="-71.2318070">
    <ele>336.9</ele>
    <time>2024-12-11T14:08:47Z</time>
   </trkpt>
   <trkpt lat="-12.0068510" lon="-71.2318010">
    <ele>336.9</ele>
    <time>2024-12-11T14:08:48Z</time>
   </trkpt>
   <trkpt lat="-12.0068510" lon="-71.2317970">
    <ele>336.9</ele>
    <time>2024-12-11T14:08:49Z</time>
   </trkpt>
   <trkpt lat="-12.0068520" lon="-71.2317800">
    <ele>336.9</ele>
    <time>2024-12-11T14:08:50Z</time>
   </trkpt>
   <trkpt lat="-12.0068470" lon="-71.2317680">
    <ele>336.9</ele>
    <time>2024-12-11T14:08:51Z</time>
   </trkpt>
   <trkpt lat="-12.0068470" lon="-71.2317540">
    <ele>336.9</ele>
    <time>2024-12-11T14:08:52Z</time>
   </trkpt>
   <trkpt lat="-12.0068440" lon="-71.2317480">
    <ele>336.8</ele>
    <time>2024-12-11T14:08:53Z</time>
   </trkpt>
   <trkpt lat="-12.0068490" lon="-71.2317430">
    <ele>336.8</ele>
    <time>2024-12-11T14:08:54Z</time>
   </trkpt>
   <trkpt lat="-12.0068510" lon="-71.2317380">
    <ele>336.8</ele>
    <time>2024-12-11T14:08:55Z</time>
   </trkpt>
   <trkpt lat="-12.0068520" lon="-71.2317270">
    <ele>336.8</ele>
    <time>2024-12-11T14:08:56Z</time>
   </trkpt>
   <trkpt lat="-12.0068530" lon="-71.2317210">
    <ele>336.8</ele>
    <time>2024-12-11T14:08:57Z</time>
   </trkpt>
   <trkpt lat="-12.0068540" lon="-71.2317150">
    <ele>336.8</ele>
    <time>2024-12-11T14:08:58Z</time>
   </trkpt>
   <trkpt lat="-12.0068580" lon="-71.2317070">
    <ele>336.8</ele>
    <time>2024-12-11T14:08:59Z</time>
   </trkpt>
   <trkpt lat="-12.0068550" lon="-71.2317010">
    <ele>336.8</ele>
    <time>2024-12-11T14:09:00Z</time>
   </trkpt>
   <trkpt lat="-12.0068540" lon="-71.2316870">
    <ele>336.8</ele>
    <time>2024-12-11T14:09:01Z</time>
   </trkpt>
   <trkpt lat="-12.0068520" lon="-71.2316670">
    <ele>336.8</ele>
    <time>2024-12-11T14:09:02Z</time>
   </trkpt>
   <trkpt lat="-12.0068510" lon="-71.2316610">
    <ele>336.8</ele>
    <time>2024-12-11T14:09:03Z</time>
   </trkpt>
   <trkpt lat="-12.0068500" lon="-71.2316550">
    <ele>336.8</ele>
    <time>2024-12-11T14:09:04Z</time>
   </trkpt>
   <trkpt lat="-12.0068490" lon="-71.2316490">
    <ele>336.8</ele>
    <time>2024-12-11T14:09:05Z</time>
   </trkpt>
   <trkpt lat="-12.0068490" lon="-71.2316270">
    <ele>336.8</ele>
    <time>2024-12-11T14:09:06Z</time>
   </trkpt>
   <trkpt lat="-12.0068450" lon="-71.2316290">
    <ele>336.8</ele>
    <time>2024-12-11T14:09:07Z</time>
   </trkpt>
   <trkpt lat="-12.0068420" lon="-71.2316300">
    <ele>336.8</ele>
    <time>2024-12-11T14:09:08Z</time>
   </trkpt>
   <trkpt lat="-12.0068350" lon="-71.2316180">
    <ele>336.7</ele>
    <time>2024-12-11T14:09:09Z</time>
   </trkpt>
   <trkpt lat="-12.0068290" lon="-71.2315980">
    <ele>336.7</ele>
    <time>2024-12-11T14:09:10Z</time>
   </trkpt>
   <trkpt lat="-12.0068280" lon="-71.2315890">
    <ele>336.7</ele>
    <time>2024-12-11T14:09:11Z</time>
   </trkpt>
   <trkpt lat="-12.0068280" lon="-71.2315810">
    <ele>336.7</ele>
    <time>2024-12-11T14:09:12Z</time>
   </trkpt>
   <trkpt lat="-12.0068220" lon="-71.2315640">
    <ele>336.7</ele>
    <time>2024-12-11T14:09:13Z</time>
   </trkpt>
   <trkpt lat="-12.0068180" lon="-71.2315490">
    <ele>336.7</ele>
    <time>2024-12-11T14:09:14Z</time>
   </trkpt>
   <trkpt lat="-12.0068160" lon="-71.2315330">
    <ele>336.7</ele>
    <time>2024-12-11T14:09:15Z</time>
   </trkpt>
   <trkpt lat="-12.0068160" lon="-71.2315120">
    <ele>336.7</ele>
    <time>2024-12-11T14:09:16Z</time>
   </trkpt>
   <trkpt lat="-12.0068170" lon="-71.2314940">
    <ele>336.7</ele>
    <time>2024-12-11T14:09:17Z</time>
   </trkpt>
   <trkpt lat="-12.0068180" lon="-71.2314880">
    <ele>336.6</ele>
    <time>2024-12-11T14:09:18Z</time>
   </trkpt>
   <trkpt lat="-12.0068190" lon="-71.2314830">
    <ele>336.6</ele>
    <time>2024-12-11T14:09:19Z</time>
   </trkpt>
   <trkpt lat="-12.0068200" lon="-71.2314770">
    <ele>336.6</ele>
    <time>2024-12-11T14:09:20Z</time>
   </trkpt>
   <trkpt lat="-12.0068210" lon="-71.2314720">
    <ele>336.6</ele>
    <time>2024-12-11T14:09:21Z</time>
   </trkpt>
   <trkpt lat="-12.0068210" lon="-71.2314560">
    <ele>336.6</ele>
    <time>2024-12-11T14:09:22Z</time>
   </trkpt>
   <trkpt lat="-12.0067980" lon="-71.2314510">
    <ele>336.6</ele>
    <time>2024-12-11T14:09:23Z</time>
   </trkpt>
   <trkpt lat="-12.0068010" lon="-71.2314410">
    <ele>336.6</ele>
    <time>2024-12-11T14:09:24Z</time>
   </trkpt>
   <trkpt lat="-12.0067970" lon="-71.2314280">
    <ele>336.6</ele>
    <time>2024-12-11T14:09:25Z</time>
   </trkpt>
   <trkpt lat="-12.0067960" lon="-71.2314180">
    <ele>336.6</ele>
    <time>2024-12-11T14:09:26Z</time>
   </trkpt>
   <trkpt lat="-12.0067870" lon="-71.2313960">
    <ele>336.6</ele>
    <time>2024-12-11T14:09:27Z</time>
   </trkpt>
   <trkpt lat="-12.0067840" lon="-71.2313850">
    <ele>336.6</ele>
    <time>2024-12-11T14:09:28Z</time>
   </trkpt>
   <trkpt lat="-12.0067800" lon="-71.2313740">
    <ele>336.6</ele>
    <time>2024-12-11T14:09:29Z</time>
   </trkpt>
   <trkpt lat="-12.0067730" lon="-71.2313600">
    <ele>336.5</ele>
    <time>2024-12-11T14:09:30Z</time>
   </trkpt>
   <trkpt lat="-12.0067700" lon="-71.2313520">
    <ele>336.5</ele>
    <time>2024-12-11T14:09:31Z</time>
   </trkpt>
   <trkpt lat="-12.0067660" lon="-71.2313440">
    <ele>336.5</ele>
    <time>2024-12-11T14:09:32Z</time>
   </trkpt>
   <trkpt lat="-12.0067630" lon="-71.2313360">
    <ele>336.5</ele>
    <time>2024-12-11T14:09:33Z</time>
   </trkpt>
   <trkpt lat="-12.0067540" lon="-71.2313270">
    <ele>336.5</ele>
    <time>2024-12-11T14:09:34Z</time>
   </trkpt>
   <trkpt lat="-12.0067490" lon="-71.2313230">
    <ele>336.5</ele>
    <time>2024-12-11T14:09:35Z</time>
   </trkpt>
   <trkpt lat="-12.0067530" lon="-71.2313160">
    <ele>336.5</ele>
    <time>2024-12-11T14:09:36Z</time>
   </trkpt>
   <trkpt lat="-12.0067440" lon="-71.2313060">
    <ele>336.5</ele>
    <time>2024-12-11T14:09:37Z</time>
   </trkpt>
   <trkpt lat="-12.0067470" lon="-71.2312950">
    <ele>336.5</ele>
    <time>2024-12-11T14:09:38Z</time>
   </trkpt>
   <trkpt lat="-12.0067430" lon="-71.2312870">
    <ele>336.5</ele>
    <time>2024-12-11T14:09:39Z</time>
   </trkpt>
   <trkpt lat="-12.0067370" lon="-71.2312790">
    <ele>336.5</ele>
    <time>2024-12-11T14:09:40Z</time>
   </trkpt>
   <trkpt lat="-12.0067380" lon="-71.2312730">
    <ele>336.5</ele>
    <time>2024-12-11T14:09:41Z</time>
   </trkpt>
   <trkpt lat="-12.0067320" lon="-71.2312730">
    <ele>336.5</ele>
    <time>2024-12-11T14:09:42Z</time>
   </trkpt>
   <trkpt lat="-12.0067240" lon="-71.2312700">
    <ele>336.5</ele>
    <time>2024-12-11T14:09:43Z</time>
   </trkpt>
   <trkpt lat="-12.0067160" lon="-71.2312590">
    <ele>336.4</ele>
    <time>2024-12-11T14:09:44Z</time>
   </trkpt>
   <trkpt lat="-12.0067150" lon="-71.2312620">
    <ele>336.4</ele>
    <time>2024-12-11T14:09:45Z</time>
   </trkpt>
   <trkpt lat="-12.0067040" lon="-71.2312520">
    <ele>336.4</ele>
    <time>2024-12-11T14:09:46Z</time>
   </trkpt>
   <trkpt lat="-12.0067010" lon="-71.2312450">
    <ele>336.4</ele>
    <time>2024-12-11T14:09:47Z</time>
   </trkpt>
   <trkpt lat="-12.0066920" lon="-71.2312330">
    <ele>336.4</ele>
    <time>2024-12-11T14:09:48Z</time>
   </trkpt>
   <trkpt lat="-12.0066850" lon="-71.2312210">
    <ele>336.4</ele>
    <time>2024-12-11T14:09:49Z</time>
   </trkpt>
   <trkpt lat="-12.0066780" lon="-71.2312140">
    <ele>336.4</ele>
    <time>2024-12-11T14:09:50Z</time>
   </trkpt>
   <trkpt lat="-12.0066720" lon="-71.2312060">
    <ele>336.4</ele>
    <time>2024-12-11T14:09:51Z</time>
   </trkpt>
   <trkpt lat="-12.0066650" lon="-71.2311990">
    <ele>336.4</ele>
    <time>2024-12-11T14:09:52Z</time>
   </trkpt>
   <trkpt lat="-12.0066530" lon="-71.2311980">
    <ele>336.4</ele>
    <time>2024-12-11T14:09:53Z</time>
   </trkpt>
   <trkpt lat="-12.0066410" lon="-71.2311990">
    <ele>336.4</ele>
    <time>2024-12-11T14:09:54Z</time>
   </trkpt>
   <trkpt lat="-12.0066390" lon="-71.2311860">
    <ele>336.4</ele>
    <time>2024-12-11T14:09:55Z</time>
   </trkpt>
   <trkpt lat="-12.0066370" lon="-71.2311760">
    <ele>336.4</ele>
    <time>2024-12-11T14:09:56Z</time>
   </trkpt>
   <trkpt lat="-12.0066290" lon="-71.2311730">
    <ele>336.3</ele>
    <time>2024-12-11T14:09:57Z</time>
   </trkpt>
   <trkpt lat="-12.0066340" lon="-71.2311680">
    <ele>336.3</ele>
    <time>2024-12-11T14:09:58Z</time>
   </trkpt>
   <trkpt lat="-12.0066350" lon="-71.2311620">
    <ele>336.3</ele>
    <time>2024-12-11T14:09:59Z</time>
   </trkpt>
   <trkpt lat="-12.0066270" lon="-71.2311590">
    <ele>336.3</ele>
    <time>2024-12-11T14:10:00Z</time>
   </trkpt>
   <trkpt lat="-12.0066200" lon="-71.2311330">
    <ele>336.3</ele>
    <time>2024-12-11T14:10:01Z</time>
   </trkpt>
   <trkpt lat="-12.0066270" lon="-71.2311250">
    <ele>336.3</ele>
    <time>2024-12-11T14:10:02Z</time>
   </trkpt>
   <trkpt lat="-12.0066250" lon="-71.2311040">
    <ele>336.3</ele>
    <time>2024-12-11T14:10:03Z</time>
   </trkpt>
   <trkpt lat="-12.0066230" lon="-71.2310950">
    <ele>336.3</ele>
    <time>2024-12-11T14:10:04Z</time>
   </trkpt>
   <trkpt lat="-12.0066210" lon="-71.2310870">
    <ele>336.3</ele>
    <time>2024-12-11T14:10:05Z</time>
   </trkpt>
   <trkpt lat="-12.0066120" lon="-71.2310760">
    <ele>336.3</ele>
    <time>2024-12-11T14:10:06Z</time>
   </trkpt>
   <trkpt lat="-12.0066030" lon="-71.2310700">
    <ele>336.3</ele>
    <time>2024-12-11T14:10:07Z</time>
   </trkpt>
   <trkpt lat="-12.0065930" lon="-71.2310630">
    <ele>336.2</ele>
    <time>2024-12-11T14:10:08Z</time>
   </trkpt>
   <trkpt lat="-12.0065740" lon="-71.2310450">
    <ele>336.2</ele>
    <time>2024-12-11T14:10:09Z</time>
   </trkpt>
   <trkpt lat="-12.0065680" lon="-71.2310390">
    <ele>336.2</ele>
    <time>2024-12-11T14:10:10Z</time>
   </trkpt>
   <trkpt lat="-12.0065630" lon="-71.2310330">
    <ele>336.2</ele>
    <time>2024-12-11T14:10:11Z</time>
   </trkpt>
   <trkpt lat="-12.0065590" lon="-71.2310270">
    <ele>336.2</ele>
    <time>2024-12-11T14:10:12Z</time>
   </trkpt>
   <trkpt lat="-12.0065530" lon="-71.2310280">
    <ele>336.2</ele>
    <time>2024-12-11T14:10:13Z</time>
   </trkpt>
   <trkpt lat="-12.0065480" lon="-71.2310170">
    <ele>336.2</ele>
    <time>2024-12-11T14:10:14Z</time>
   </trkpt>
   <trkpt lat="-12.0065460" lon="-71.2310090">
    <ele>336.2</ele>
    <time>2024-12-11T14:10:15Z</time>
   </trkpt>
   <trkpt lat="-12.0065360" lon="-71.2310050">
    <ele>336.2</ele>
    <time>2024-12-11T14:10:16Z</time>
   </trkpt>
   <trkpt lat="-12.0065190" lon="-71.2309870">
    <ele>336.2</ele>
    <time>2024-12-11T14:10:17Z</time>
   </trkpt>
   <trkpt lat="-12.0065040" lon="-71.2309990">
    <ele>336.2</ele>
    <time>2024-12-11T14:10:18Z</time>
   </trkpt>
   <trkpt lat="-12.0065000" lon="-71.2309990">
    <ele>336.2</ele>
    <time>2024-12-11T14:10:19Z</time>
   </trkpt>
   <trkpt lat="-12.0064830" lon="-71.2309880">
    <ele>336.1</ele>
    <time>2024-12-11T14:10:20Z</time>
   </trkpt>
   <trkpt lat="-12.0064820" lon="-71.2309760">
    <ele>336.1</ele>
    <time>2024-12-11T14:10:21Z</time>
   </trkpt>
   <trkpt lat="-12.0064740" lon="-71.2309740">
    <ele>336.1</ele>
    <time>2024-12-11T14:10:22Z</time>
   </trkpt>
   <trkpt lat="-12.0064740" lon="-71.2309680">
    <ele>336.1</ele>
    <time>2024-12-11T14:10:23Z</time>
   </trkpt>
   <trkpt lat="-12.0064630" lon="-71.2309720">
    <ele>336.1</ele>
    <time>2024-12-11T14:10:24Z</time>
   </trkpt>
   <trkpt lat="-12.0064590" lon="-71.2309700">
    <ele>336.1</ele>
    <time>2024-12-11T14:10:25Z</time>
   </trkpt>
   <trkpt lat="-12.0064480" lon="-71.2309650">
    <ele>336.1</ele>
    <time>2024-12-11T14:10:26Z</time>
   </trkpt>
   <trkpt lat="-12.0064420" lon="-71.2309620">
    <ele>336.1</ele>
    <time>2024-12-11T14:10:27Z</time>
   </trkpt>
   <trkpt lat="-12.0064370" lon="-71.2309600">
    <ele>336.1</ele>
    <time>2024-12-11T14:10:28Z</time>
   </trkpt>
   <trkpt lat="-12.0064310" lon="-71.2309570">
    <ele>336.1</ele>
    <time>2024-12-11T14:10:29Z</time>
   </trkpt>
   <trkpt lat="-12.0064250" lon="-71.2309550">
    <ele>336.1</ele>
    <time>2024-12-11T14:10:30Z</time>
   </trkpt>
   <trkpt lat="-12.0064000" lon="-71.2309340">
    <ele>336.1</ele>
    <time>2024-12-11T14:10:31Z</time>
   </trkpt>
   <trkpt lat="-12.0063910" lon="-71.2309270">
    <ele>336.0</ele>
    <time>2024-12-11T14:10:32Z</time>
   </trkpt>
   <trkpt lat="-12.0063840" lon="-71.2309150">
    <ele>336.0</ele>
    <time>2024-12-11T14:10:33Z</time>
   </trkpt>
   <trkpt lat="-12.0063810" lon="-71.2309130">
    <ele>336.0</ele>
    <time>2024-12-11T14:10:34Z</time>
   </trkpt>
   <trkpt lat="-12.0063720" lon="-71.2309000">
    <ele>336.0</ele>
    <time>2024-12-11T14:10:35Z</time>
   </trkpt>
   <trkpt lat="-12.0063470" lon="-71.2308870">
    <ele>336.0</ele>
    <time>2024-12-11T14:10:36Z</time>
   </trkpt>
   <trkpt lat="-12.0063390" lon="-71.2308810">
    <ele>336.0</ele>
    <time>2024-12-11T14:10:37Z</time>
   </trkpt>
   <trkpt lat="-12.0063360" lon="-71.2308680">
    <ele>336.0</ele>
    <time>2024-12-11T14:10:38Z</time>
   </trkpt>
   <trkpt lat="-12.0063250" lon="-71.2308540">
    <ele>336.0</ele>
    <time>2024-12-11T14:10:39Z</time>
   </trkpt>
   <trkpt lat="-12.0063270" lon="-71.2308480">
    <ele>336.0</ele>
    <time>2024-12-11T14:10:40Z</time>
   </trkpt>
   <trkpt lat="-12.0063220" lon="-71.2308380">
    <ele>336.0</ele>
    <time>2024-12-11T14:10:41Z</time>
   </trkpt>
   <trkpt lat="-12.0063110" lon="-71.2308280">
    <ele>336.0</ele>
    <time>2024-12-11T14:10:42Z</time>
   </trkpt>
   <trkpt lat="-12.0062980" lon="-71.2308220">
    <ele>335.9</ele>
    <time>2024-12-11T14:10:43Z</time>
   </trkpt>
   <trkpt lat="-12.0062850" lon="-71.2308170">
    <ele>335.9</ele>
    <time>2024-12-11T14:10:44Z</time>
   </trkpt>
   <trkpt lat="-12.0062760" lon="-71.2308090">
    <ele>335.9</ele>
    <time>2024-12-11T14:10:45Z</time>
   </trkpt>
   <trkpt lat="-12.0062660" lon="-71.2308040">
    <ele>335.9</ele>
    <time>2024-12-11T14:10:46Z</time>
   </trkpt>
   <trkpt lat="-12.0062640" lon="-71.2308070">
    <ele>335.9</ele>
    <time>2024-12-11T14:10:47Z</time>
   </trkpt>
   <trkpt lat="-12.0062640" lon="-71.2307990">
    <ele>335.9</ele>
    <time>2024-12-11T14:10:48Z</time>
   </trkpt>
   <trkpt lat="-12.0062520" lon="-71.2307810">
    <ele>335.9</ele>
    <time>2024-12-11T14:10:49Z</time>
   </trkpt>
   <trkpt lat="-12.0062480" lon="-71.2307780">
    <ele>335.9</ele>
    <time>2024-12-11T14:10:50Z</time>
   </trkpt>
   <trkpt lat="-12.0062430" lon="-71.2307760">
    <ele>335.9</ele>
    <time>2024-12-11T14:10:51Z</time>
   </trkpt>
   <trkpt lat="-12.0062390" lon="-71.2307730">
    <ele>335.9</ele>
    <time>2024-12-11T14:10:52Z</time>
   </trkpt>
   <trkpt lat="-12.0062350" lon="-71.2307700">
    <ele>335.9</ele>
    <time>2024-12-11T14:10:53Z</time>
   </trkpt>
   <trkpt lat="-12.0062390" lon="-71.2307600">
    <ele>335.9</ele>
    <time>2024-12-11T14:10:54Z</time>
   </trkpt>
   <trkpt lat="-12.0062370" lon="-71.2307590">
    <ele>335.9</ele>
    <time>2024-12-11T14:10:55Z</time>
   </trkpt>
   <trkpt lat="-12.0062290" lon="-71.2307570">
    <ele>335.9</ele>
    <time>2024-12-11T14:10:56Z</time>
   </trkpt>
   <trkpt lat="-12.0062190" lon="-71.2307630">
    <ele>335.9</ele>
    <time>2024-12-11T14:10:57Z</time>
   </trkpt>
   <trkpt lat="-12.0062170" lon="-71.2307440">
    <ele>335.8</ele>
    <time>2024-12-11T14:10:58Z</time>
   </trkpt>
   <trkpt lat="-12.0062040" lon="-71.2307360">
    <ele>335.8</ele>
    <time>2024-12-11T14:10:59Z</time>
   </trkpt>
   <trkpt lat="-12.0061940" lon="-71.2307210">
    <ele>335.8</ele>
    <time>2024-12-11T14:11:00Z</time>
   </trkpt>
   <trkpt lat="-12.0061840" lon="-71.2306980">
    <ele>335.8</ele>
    <time>2024-12-11T14:11:01Z</time>
   </trkpt>
   <trkpt lat="-12.0061790" lon="-71.2306940">
    <ele>335.8</ele>
    <time>2024-12-11T14:11:02Z</time>
   </trkpt>
   <trkpt lat="-12.0061750" lon="-71.2306890">
    <ele>335.8</ele>
    <time>2024-12-11T14:11:03Z</time>
   </trkpt>
   <trkpt lat="-12.0061510" lon="-71.2306830">
    <ele>335.8</ele>
    <time>2024-12-11T14:11:04Z</time>
   </trkpt>
   <trkpt lat="-12.0061430" lon="-71.2306760">
    <ele>335.8</ele>
    <time>2024-12-11T14:11:05Z</time>
   </trkpt>
   <trkpt lat="-12.0061340" lon="-71.2306700">
    <ele>335.8</ele>
    <time>2024-12-11T14:11:06Z</time>
   </trkpt>
   <trkpt lat="-12.0061000" lon="-71.2306510">
    <ele>335.7</ele>
    <time>2024-12-11T14:11:07Z</time>
   </trkpt>
   <trkpt lat="-12.0060880" lon="-71.2306470">
    <ele>335.7</ele>
    <time>2024-12-11T14:11:08Z</time>
   </trkpt>
   <trkpt lat="-12.0060700" lon="-71.2306290">
    <ele>335.7</ele>
    <time>2024-12-11T14:11:09Z</time>
   </trkpt>
   <trkpt lat="-12.0060690" lon="-71.2306210">
    <ele>335.7</ele>
    <time>2024-12-11T14:11:10Z</time>
   </trkpt>
   <trkpt lat="-12.0060760" lon="-71.2306160">
    <ele>335.7</ele>
    <time>2024-12-11T14:11:11Z</time>
   </trkpt>
   <trkpt lat="-12.0060460" lon="-71.2306320">
    <ele>335.7</ele>
    <time>2024-12-11T14:11:12Z</time>
   </trkpt>
   <trkpt lat="-12.0060420" lon="-71.2306190">
    <ele>335.7</ele>
    <time>2024-12-11T14:11:13Z</time>
   </trkpt>
   <trkpt lat="-12.0060250" lon="-71.2306310">
    <ele>335.6</ele>
    <time>2024-12-11T14:11:14Z</time>
   </trkpt>
   <trkpt lat="-12.0060190" lon="-71.2306220">
    <ele>335.6</ele>
    <time>2024-12-11T14:11:15Z</time>
   </trkpt>
   <trkpt lat="-12.0060130" lon="-71.2306140">
    <ele>335.6</ele>
    <time>2024-12-11T14:11:16Z</time>
   </trkpt>
   <trkpt lat="-12.0060070" lon="-71.2306050">
    <ele>335.6</ele>
    <time>2024-12-11T14:11:17Z</time>
   </trkpt>
   <trkpt lat="-12.0059900" lon="-71.2305900">
    <ele>335.6</ele>
    <time>2024-12-11T14:11:18Z</time>
   </trkpt>
   <trkpt lat="-12.0059830" lon="-71.2305860">
    <ele>335.6</ele>
    <time>2024-12-11T14:11:19Z</time>
   </trkpt>
   <trkpt lat="-12.0059750" lon="-71.2305820">
    <ele>335.6</ele>
    <time>2024-12-11T14:11:20Z</time>
   </trkpt>
   <trkpt lat="-12.0059670" lon="-71.2305780">
    <ele>335.6</ele>
    <time>2024-12-11T14:11:21Z</time>
   </trkpt>
   <trkpt lat="-12.0059550" lon="-71.2305680">
    <ele>335.6</ele>
    <time>2024-12-11T14:11:22Z</time>
   </trkpt>
   <trkpt lat="-12.0059460" lon="-71.2305600">
    <ele>335.6</ele>
    <time>2024-12-11T14:11:23Z</time>
   </trkpt>
   <trkpt lat="-12.0059370" lon="-71.2305510">
    <ele>335.6</ele>
    <time>2024-12-11T14:11:24Z</time>
   </trkpt>
   <trkpt lat="-12.0059230" lon="-71.2305450">
    <ele>335.5</ele>
    <time>2024-12-11T14:11:25Z</time>
   </trkpt>
   <trkpt lat="-12.0059160" lon="-71.2305380">
    <ele>335.5</ele>
    <time>2024-12-11T14:11:26Z</time>
   </trkpt>
   <trkpt lat="-12.0059110" lon="-71.2305300">
    <ele>335.5</ele>
    <time>2024-12-11T14:11:27Z</time>
   </trkpt>
   <trkpt lat="-12.0059050" lon="-71.2305340">
    <ele>335.5</ele>
    <time>2024-12-11T14:11:28Z</time>
   </trkpt>
   <trkpt lat="-12.0058970" lon="-71.2305290">
    <ele>335.5</ele>
    <time>2024-12-11T14:11:29Z</time>
   </trkpt>
   <trkpt lat="-12.0058830" lon="-71.2305170">
    <ele>335.5</ele>
    <time>2024-12-11T14:11:30Z</time>
   </trkpt>
   <trkpt lat="-12.0058820" lon="-71.2305290">
    <ele>335.5</ele>
    <time>2024-12-11T14:11:31Z</time>
   </trkpt>
   <trkpt lat="-12.0058720" lon="-71.2305300">
    <ele>335.5</ele>
    <time>2024-12-11T14:11:32Z</time>
   </trkpt>
   <trkpt lat="-12.0058630" lon="-71.2305300">
    <ele>335.5</ele>
    <time>2024-12-11T14:11:33Z</time>
   </trkpt>
   <trkpt lat="-12.0058530" lon="-71.2305310">
    <ele>335.5</ele>
    <time>2024-12-11T14:11:34Z</time>
   </trkpt>
   <trkpt lat="-12.0058440" lon="-71.2305320">
    <ele>335.5</ele>
    <time>2024-12-11T14:11:35Z</time>
   </trkpt>
   <trkpt lat="-12.0058340" lon="-71.2305280">
    <ele>335.5</ele>
    <time>2024-12-11T14:11:36Z</time>
   </trkpt>
   <trkpt lat="-12.0058270" lon="-71.2305190">
    <ele>335.4</ele>
    <time>2024-12-11T14:11:37Z</time>
   </trkpt>
   <trkpt lat="-12.0058180" lon="-71.2305140">
    <ele>335.4</ele>
    <time>2024-12-11T14:11:38Z</time>
   </trkpt>
   <trkpt lat="-12.0058050" lon="-71.2305180">
    <ele>335.4</ele>
    <time>2024-12-11T14:11:39Z</time>
   </trkpt>
   <trkpt lat="-12.0057870" lon="-71.2305230">
    <ele>335.4</ele>
    <time>2024-12-11T14:11:40Z</time>
   </trkpt>
   <trkpt lat="-12.0057710" lon="-71.2305310">
    <ele>335.4</ele>
    <time>2024-12-11T14:11:41Z</time>
   </trkpt>
   <trkpt lat="-12.0057590" lon="-71.2305360">
    <ele>335.4</ele>
    <time>2024-12-11T14:11:42Z</time>
   </trkpt>
   <trkpt lat="-12.0057440" lon="-71.2305380">
    <ele>335.4</ele>
    <time>2024-12-11T14:11:43Z</time>
   </trkpt>
   <trkpt lat="-12.0057360" lon="-71.2305410">
    <ele>335.4</ele>
    <time>2024-12-11T14:11:44Z</time>
   </trkpt>
   <trkpt lat="-12.0057290" lon="-71.2305450">
    <ele>335.4</ele>
    <time>2024-12-11T14:11:45Z</time>
   </trkpt>
   <trkpt lat="-12.0057210" lon="-71.2305480">
    <ele>335.4</ele>
    <time>2024-12-11T14:11:46Z</time>
   </trkpt>
   <trkpt lat="-12.0057140" lon="-71.2305520">
    <ele>335.4</ele>
    <time>2024-12-11T14:11:47Z</time>
   </trkpt>
   <trkpt lat="-12.0056930" lon="-71.2305580">
    <ele>335.3</ele>
    <time>2024-12-11T14:11:48Z</time>
   </trkpt>
   <trkpt lat="-12.0056850" lon="-71.2305600">
    <ele>335.3</ele>
    <time>2024-12-11T14:11:49Z</time>
   </trkpt>
   <trkpt lat="-12.0056760" lon="-71.2305630">
    <ele>335.3</ele>
    <time>2024-12-11T14:11:50Z</time>
   </trkpt>
   <trkpt lat="-12.0056720" lon="-71.2305670">
    <ele>335.3</ele>
    <time>2024-12-11T14:11:51Z</time>
   </trkpt>
   <trkpt lat="-12.0056650" lon="-71.2305680">
    <ele>335.3</ele>
    <time>2024-12-11T14:11:52Z</time>
   </trkpt>
   <trkpt lat="-12.0056580" lon="-71.2305670">
    <ele>335.3</ele>
    <time>2024-12-11T14:11:53Z</time>
   </trkpt>
   <trkpt lat="-12.0056490" lon="-71.2305700">
    <ele>335.3</ele>
    <time>2024-12-11T14:11:54Z</time>
   </trkpt>
   <trkpt lat="-12.0056340" lon="-71.2305730">
    <ele>335.3</ele>
    <time>2024-12-11T14:11:55Z</time>
   </trkpt>
   <trkpt lat="-12.0056160" lon="-71.2305790">
    <ele>335.3</ele>
    <time>2024-12-11T14:11:56Z</time>
   </trkpt>
   <trkpt lat="-12.0056040" lon="-71.2305860">
    <ele>335.3</ele>
    <time>2024-12-11T14:11:57Z</time>
   </trkpt>
   <trkpt lat="-12.0055970" lon="-71.2305830">
    <ele>335.3</ele>
    <time>2024-12-11T14:11:58Z</time>
   </trkpt>
   <trkpt lat="-12.0055900" lon="-71.2305810">
    <ele>335.3</ele>
    <time>2024-12-11T14:11:59Z</time>
   </trkpt>
   <trkpt lat="-12.0055830" lon="-71.2305780">
    <ele>335.3</ele>
    <time>2024-12-11T14:12:00Z</time>
   </trkpt>
   <trkpt lat="-12.0055760" lon="-71.2305760">
    <ele>335.3</ele>
    <time>2024-12-11T14:12:01Z</time>
   </trkpt>
   <trkpt lat="-12.0055650" lon="-71.2305690">
    <ele>335.2</ele>
    <time>2024-12-11T14:12:02Z</time>
   </trkpt>
   <trkpt lat="-12.0055560" lon="-71.2305610">
    <ele>335.2</ele>
    <time>2024-12-11T14:12:03Z</time>
   </trkpt>
   <trkpt lat="-12.0055540" lon="-71.2305530">
    <ele>335.2</ele>
    <time>2024-12-11T14:12:04Z</time>
   </trkpt>
   <trkpt lat="-12.0055420" lon="-71.2305470">
    <ele>335.2</ele>
    <time>2024-12-11T14:12:05Z</time>
   </trkpt>
   <trkpt lat="-12.0055350" lon="-71.2305440">
    <ele>335.2</ele>
    <time>2024-12-11T14:12:06Z</time>
   </trkpt>
   <trkpt lat="-12.0055310" lon="-71.2305350">
    <ele>335.2</ele>
    <time>2024-12-11T14:12:07Z</time>
   </trkpt>
   <trkpt lat="-12.0055220" lon="-71.2305190">
    <ele>335.2</ele>
    <time>2024-12-11T14:12:08Z</time>
   </trkpt>
   <trkpt lat="-12.0055220" lon="-71.2305180">
    <ele>335.2</ele>
    <time>2024-12-11T14:12:09Z</time>
   </trkpt>
   <trkpt lat="-12.0055140" lon="-71.2305100">
    <ele>335.2</ele>
    <time>2024-12-11T14:12:10Z</time>
   </trkpt>
   <trkpt lat="-12.0055030" lon="-71.2305000">
    <ele>335.2</ele>
    <time>2024-12-11T14:12:11Z</time>
   </trkpt>
   <trkpt lat="-12.0055010" lon="-71.2304940">
    <ele>335.2</ele>
    <time>2024-12-11T14:12:12Z</time>
   </trkpt>
   <trkpt lat="-12.0054990" lon="-71.2304900">
    <ele>335.2</ele>
    <time>2024-12-11T14:12:13Z</time>
   </trkpt>
   <trkpt lat="-12.0055020" lon="-71.2304850">
    <ele>335.2</ele>
    <time>2024-12-11T14:12:14Z</time>
   </trkpt>
   <trkpt lat="-12.0054960" lon="-71.2304600">
    <ele>335.1</ele>
    <time>2024-12-11T14:12:15Z</time>
   </trkpt>
   <trkpt lat="-12.0054950" lon="-71.2304500">
    <ele>335.1</ele>
    <time>2024-12-11T14:12:16Z</time>
   </trkpt>
   <trkpt lat="-12.0054930" lon="-71.2304400">
    <ele>335.1</ele>
    <time>2024-12-11T14:12:17Z</time>
   </trkpt>
   <trkpt lat="-12.0054950" lon="-71.2304300">
    <ele>335.1</ele>
    <time>2024-12-11T14:12:18Z</time>
   </trkpt>
   <trkpt lat="-12.0054970" lon="-71.2304200">
    <ele>335.1</ele>
    <time>2024-12-11T14:12:19Z</time>
   </trkpt>
   <trkpt lat="-12.0054970" lon="-71.2304110">
    <ele>335.1</ele>
    <time>2024-12-11T14:12:20Z</time>
   </trkpt>
   <trkpt lat="-12.0055000" lon="-71.2303980">
    <ele>335.1</ele>
    <time>2024-12-11T14:12:21Z</time>
   </trkpt>
   <trkpt lat="-12.0054930" lon="-71.2303880">
    <ele>335.1</ele>
    <time>2024-12-11T14:12:22Z</time>
   </trkpt>
   <trkpt lat="-12.0054860" lon="-71.2303850">
    <ele>335.1</ele>
    <time>2024-12-11T14:12:23Z</time>
   </trkpt>
   <trkpt lat="-12.0054990" lon="-71.2303510">
    <ele>335.1</ele>
    <time>2024-12-11T14:12:24Z</time>
   </trkpt>
   <trkpt lat="-12.0055000" lon="-71.2303380">
    <ele>335.1</ele>
    <time>2024-12-11T14:12:25Z</time>
   </trkpt>
   <trkpt lat="-12.0055050" lon="-71.2303160">
    <ele>335.0</ele>
    <time>2024-12-11T14:12:26Z</time>
   </trkpt>
   <trkpt lat="-12.0055120" lon="-71.2303090">
    <ele>335.0</ele>
    <time>2024-12-11T14:12:27Z</time>
   </trkpt>
   <trkpt lat="-12.0055180" lon="-71.2303020">
    <ele>335.0</ele>
    <time>2024-12-11T14:12:28Z</time>
   </trkpt>
   <trkpt lat="-12.0055220" lon="-71.2302880">
    <ele>335.0</ele>
    <time>2024-12-11T14:12:29Z</time>
   </trkpt>
   <trkpt lat="-12.0055210" lon="-71.2302800">
    <ele>335.0</ele>
    <time>2024-12-11T14:12:30Z</time>
   </trkpt>
   <trkpt lat="-12.0055130" lon="-71.2302750">
    <ele>335.0</ele>
    <time>2024-12-11T14:12:31Z</time>
   </trkpt>
   <trkpt lat="-12.0055060" lon="-71.2302630">
    <ele>335.0</ele>
    <time>2024-12-11T14:12:32Z</time>
   </trkpt>
   <trkpt lat="-12.0055050" lon="-71.2302590">
    <ele>335.0</ele>
    <time>2024-12-11T14:12:33Z</time>
   </trkpt>
   <trkpt lat="-12.0055040" lon="-71.2302550">
    <ele>335.0</ele>
    <time>2024-12-11T14:12:34Z</time>
   </trkpt>
   <trkpt lat="-12.0055040" lon="-71.2302500">
    <ele>335.0</ele>
    <time>2024-12-11T14:12:35Z</time>
   </trkpt>
   <trkpt lat="-12.0055030" lon="-71.2302460">
    <ele>335.0</ele>
    <time>2024-12-11T14:12:36Z</time>
   </trkpt>
   <trkpt lat="-12.0055020" lon="-71.2302420">
    <ele>335.0</ele>
    <time>2024-12-11T14:12:37Z</time>
   </trkpt>
   <trkpt lat="-12.0055010" lon="-71.2302380">
    <ele>335.0</ele>
    <time>2024-12-11T14:12:38Z</time>
   </trkpt>
   <trkpt lat="-12.0055000" lon="-71.2302340">
    <ele>335.0</ele>
    <time>2024-12-11T14:12:39Z</time>
   </trkpt>
   <trkpt lat="-12.0055010" lon="-71.2302200">
    <ele>335.0</ele>
    <time>2024-12-11T14:12:40Z</time>
   </trkpt>
   <trkpt lat="-12.0055060" lon="-71.2302100">
    <ele>334.9</ele>
    <time>2024-12-11T14:12:41Z</time>
   </trkpt>
   <trkpt lat="-12.0055020" lon="-71.2302030">
    <ele>334.9</ele>
    <time>2024-12-11T14:12:42Z</time>
   </trkpt>
   <trkpt lat="-12.0054950" lon="-71.2301840">
    <ele>334.9</ele>
    <time>2024-12-11T14:12:43Z</time>
   </trkpt>
   <trkpt lat="-12.0054850" lon="-71.2301720">
    <ele>334.9</ele>
    <time>2024-12-11T14:12:44Z</time>
   </trkpt>
   <trkpt lat="-12.0054710" lon="-71.2301500">
    <ele>334.9</ele>
    <time>2024-12-11T14:12:45Z</time>
   </trkpt>
   <trkpt lat="-12.0054700" lon="-71.2301430">
    <ele>334.9</ele>
    <time>2024-12-11T14:12:46Z</time>
   </trkpt>
   <trkpt lat="-12.0054680" lon="-71.2301360">
    <ele>334.9</ele>
    <time>2024-12-11T14:12:47Z</time>
   </trkpt>
   <trkpt lat="-12.0054650" lon="-71.2301190">
    <ele>334.9</ele>
    <time>2024-12-11T14:12:48Z</time>
   </trkpt>
   <trkpt lat="-12.0054650" lon="-71.2301120">
    <ele>334.9</ele>
    <time>2024-12-11T14:12:49Z</time>
   </trkpt>
   <trkpt lat="-12.0054640" lon="-71.2301050">
    <ele>334.9</ele>
    <time>2024-12-11T14:12:50Z</time>
   </trkpt>
   <trkpt lat="-12.0054640" lon="-71.2300980">
    <ele>334.9</ele>
    <time>2024-12-11T14:12:51Z</time>
   </trkpt>
   <trkpt lat="-12.0054560" lon="-71.2300900">
    <ele>334.9</ele>
    <time>2024-12-11T14:12:52Z</time>
   </trkpt>
   <trkpt lat="-12.0054510" lon="-71.2300800">
    <ele>334.8</ele>
    <time>2024-12-11T14:12:53Z</time>
   </trkpt>
   <trkpt lat="-12.0054460" lon="-71.2300750">
    <ele>334.8</ele>
    <time>2024-12-11T14:12:54Z</time>
   </trkpt>
   <trkpt lat="-12.0054390" lon="-71.2300650">
    <ele>334.8</ele>
    <time>2024-12-11T14:12:55Z</time>
   </trkpt>
   <trkpt lat="-12.0054340" lon="-71.2300540">
    <ele>334.8</ele>
    <time>2024-12-11T14:12:56Z</time>
   </trkpt>
   <trkpt lat="-12.0054290" lon="-71.2300450">
    <ele>334.8</ele>
    <time>2024-12-11T14:12:57Z</time>
   </trkpt>
   <trkpt lat="-12.0054120" lon="-71.2300220">
    <ele>334.8</ele>
    <time>2024-12-11T14:12:58Z</time>
   </trkpt>
   <trkpt lat="-12.0054070" lon="-71.2300140">
    <ele>334.8</ele>
    <time>2024-12-11T14:12:59Z</time>
   </trkpt>
   <trkpt lat="-12.0053890" lon="-71.2300030">
    <ele>334.8</ele>
    <time>2024-12-11T14:13:00Z</time>
   </trkpt>
   <trkpt lat="-12.0053810" lon="-71.2299990">
    <ele>334.8</ele>
    <time>2024-12-11T14:13:01Z</time>
   </trkpt>
   <trkpt lat="-12.0053730" lon="-71.2299960">
    <ele>334.8</ele>
    <time>2024-12-11T14:13:02Z</time>
   </trkpt>
   <trkpt lat="-12.0053700" lon="-71.2299880">
    <ele>334.8</ele>
    <time>2024-12-11T14:13:03Z</time>
   </trkpt>
   <trkpt lat="-12.0053610" lon="-71.2299730">
    <ele>334.7</ele>
    <time>2024-12-11T14:13:04Z</time>
   </trkpt>
   <trkpt lat="-12.0053570" lon="-71.2299750">
    <ele>334.7</ele>
    <time>2024-12-11T14:13:05Z</time>
   </trkpt>
   <trkpt lat="-12.0053570" lon="-71.2299670">
    <ele>334.7</ele>
    <time>2024-12-11T14:13:06Z</time>
   </trkpt>
   <trkpt lat="-12.0053320" lon="-71.2299490">
    <ele>334.7</ele>
    <time>2024-12-11T14:13:07Z</time>
   </trkpt>
   <trkpt lat="-12.0053260" lon="-71.2299440">
    <ele>334.7</ele>
    <time>2024-12-11T14:13:08Z</time>
   </trkpt>
   <trkpt lat="-12.0053290" lon="-71.2299380">
    <ele>334.7</ele>
    <time>2024-12-11T14:13:09Z</time>
   </trkpt>
   <trkpt lat="-12.0053290" lon="-71.2299320">
    <ele>334.7</ele>
    <time>2024-12-11T14:13:10Z</time>
   </trkpt>
   <trkpt lat="-12.0053290" lon="-71.2299200">
    <ele>334.7</ele>
    <time>2024-12-11T14:13:11Z</time>
   </trkpt>
   <trkpt lat="-12.0053280" lon="-71.2299120">
    <ele>334.7</ele>
    <time>2024-12-11T14:13:12Z</time>
   </trkpt>
   <trkpt lat="-12.0053240" lon="-71.2299030">
    <ele>334.7</ele>
    <time>2024-12-11T14:13:13Z</time>
   </trkpt>
   <trkpt lat="-12.0053180" lon="-71.2299000">
    <ele>334.7</ele>
    <time>2024-12-11T14:13:14Z</time>
   </trkpt>
   <trkpt lat="-12.0053080" lon="-71.2298900">
    <ele>334.7</ele>
    <time>2024-12-11T14:13:15Z</time>
   </trkpt>
   <trkpt lat="-12.0053030" lon="-71.2298730">
    <ele>334.6</ele>
    <time>2024-12-11T14:13:16Z</time>
   </trkpt>
   <trkpt lat="-12.0053060" lon="-71.2298700">
    <ele>334.6</ele>
    <time>2024-12-11T14:13:17Z</time>
   </trkpt>
   <trkpt lat="-12.0053050" lon="-71.2298600">
    <ele>334.6</ele>
    <time>2024-12-11T14:13:18Z</time>
   </trkpt>
   <trkpt lat="-12.0052970" lon="-71.2298480">
    <ele>334.6</ele>
    <time>2024-12-11T14:13:19Z</time>
   </trkpt>
   <trkpt lat="-12.0052890" lon="-71.2298330">
    <ele>334.6</ele>
    <time>2024-12-11T14:13:20Z</time>
   </trkpt>
   <trkpt lat="-12.0052880" lon="-71.2298250">
    <ele>334.6</ele>
    <time>2024-12-11T14:13:21Z</time>
   </trkpt>
   <trkpt lat="-12.0052910" lon="-71.2298080">
    <ele>334.6</ele>
    <time>2024-12-11T14:13:22Z</time>
   </trkpt>
   <trkpt lat="-12.0052900" lon="-71.2297990">
    <ele>334.6</ele>
    <time>2024-12-11T14:13:23Z</time>
   </trkpt>
   <trkpt lat="-12.0052870" lon="-71.2297890">
    <ele>334.6</ele>
    <time>2024-12-11T14:13:24Z</time>
   </trkpt>
   <trkpt lat="-12.0052860" lon="-71.2297850">
    <ele>334.6</ele>
    <time>2024-12-11T14:13:25Z</time>
   </trkpt>
   <trkpt lat="-12.0052880" lon="-71.2297790">
    <ele>334.6</ele>
    <time>2024-12-11T14:13:26Z</time>
   </trkpt>
   <trkpt lat="-12.0052890" lon="-71.2297700">
    <ele>334.6</ele>
    <time>2024-12-11T14:13:27Z</time>
   </trkpt>
   <trkpt lat="-12.0052800" lon="-71.2297550">
    <ele>334.6</ele>
    <time>2024-12-11T14:13:28Z</time>
   </trkpt>
   <trkpt lat="-12.0052710" lon="-71.2297480">
    <ele>334.5</ele>
    <time>2024-12-11T14:13:29Z</time>
   </trkpt>
   <trkpt lat="-12.0052630" lon="-71.2297410">
    <ele>334.5</ele>
    <time>2024-12-11T14:13:30Z</time>
   </trkpt>
   <trkpt lat="-12.0052550" lon="-71.2297350">
    <ele>334.5</ele>
    <time>2024-12-11T14:13:31Z</time>
   </trkpt>
   <trkpt lat="-12.0052420" lon="-71.2297140">
    <ele>334.5</ele>
    <time>2024-12-11T14:13:32Z</time>
   </trkpt>
   <trkpt lat="-12.0052390" lon="-71.2297100">
    <ele>334.5</ele>
    <time>2024-12-11T14:13:33Z</time>
   </trkpt>
   <trkpt lat="-12.0052400" lon="-71.2297050">
    <ele>334.5</ele>
    <time>2024-12-11T14:13:34Z</time>
   </trkpt>
   <trkpt lat="-12.0052380" lon="-71.2296970">
    <ele>334.5</ele>
    <time>2024-12-11T14:13:35Z</time>
   </trkpt>
   <trkpt lat="-12.0052290" lon="-71.2296870">
    <ele>334.5</ele>
    <time>2024-12-11T14:13:36Z</time>
   </trkpt>
   <trkpt lat="-12.0052270" lon="-71.2296840">
    <ele>334.5</ele>
    <time>2024-12-11T14:13:37Z</time>
   </trkpt>
   <trkpt lat="-12.0052200" lon="-71.2296740">
    <ele>334.5</ele>
    <time>2024-12-11T14:13:38Z</time>
   </trkpt>
   <trkpt lat="-12.0052260" lon="-71.2296730">
    <ele>334.5</ele>
    <time>2024-12-11T14:13:39Z</time>
   </trkpt>
   <trkpt lat="-12.0052270" lon="-71.2296530">
    <ele>334.5</ele>
    <time>2024-12-11T14:13:40Z</time>
   </trkpt>
   <trkpt lat="-12.0052310" lon="-71.2296550">
    <ele>334.5</ele>
    <time>2024-12-11T14:13:41Z</time>
   </trkpt>
   <trkpt lat="-12.0052310" lon="-71.2296360">
    <ele>334.4</ele>
    <time>2024-12-11T14:13:42Z</time>
   </trkpt>
   <trkpt lat="-12.0052340" lon="-71.2296240">
    <ele>334.4</ele>
    <time>2024-12-11T14:13:43Z</time>
   </trkpt>
   <trkpt lat="-12.0052330" lon="-71.2296140">
    <ele>334.4</ele>
    <time>2024-12-11T14:13:44Z</time>
   </trkpt>
   <trkpt lat="-12.0052380" lon="-71.2296110">
    <ele>334.4</ele>
    <time>2024-12-11T14:13:45Z</time>
   </trkpt>
   <trkpt lat="-12.0052290" lon="-71.2295960">
    <ele>334.4</ele>
    <time>2024-12-11T14:13:46Z</time>
   </trkpt>
   <trkpt lat="-12.0052210" lon="-71.2295830">
    <ele>334.4</ele>
    <time>2024-12-11T14:13:47Z</time>
   </trkpt>
   <trkpt lat="-12.0052180" lon="-71.2295770">
    <ele>334.4</ele>
    <time>2024-12-11T14:13:48Z</time>
   </trkpt>
   <trkpt lat="-12.0052140" lon="-71.2295700">
    <ele>334.4</ele>
    <time>2024-12-11T14:13:49Z</time>
   </trkpt>
   <trkpt lat="-12.0052100" lon="-71.2295640">
    <ele>334.4</ele>
    <time>2024-12-11T14:13:50Z</time>
   </trkpt>
   <trkpt lat="-12.0052040" lon="-71.2295490">
    <ele>334.4</ele>
    <time>2024-12-11T14:13:51Z</time>
   </trkpt>
   <trkpt lat="-12.0052060" lon="-71.2295310">
    <ele>334.4</ele>
    <time>2024-12-11T14:13:52Z</time>
   </trkpt>
   <trkpt lat="-12.0052010" lon="-71.2295300">
    <ele>334.4</ele>
    <time>2024-12-11T14:13:53Z</time>
   </trkpt>
   <trkpt lat="-12.0051950" lon="-71.2295290">
    <ele>334.4</ele>
    <time>2024-12-11T14:13:54Z</time>
   </trkpt>
   <trkpt lat="-12.0051840" lon="-71.2295290">
    <ele>334.3</ele>
    <time>2024-12-11T14:13:55Z</time>
   </trkpt>
   <trkpt lat="-12.0051850" lon="-71.2295260">
    <ele>334.3</ele>
    <time>2024-12-11T14:13:56Z</time>
   </trkpt>
   <trkpt lat="-12.0051840" lon="-71.2295280">
    <ele>334.3</ele>
    <time>2024-12-11T14:13:57Z</time>
   </trkpt>
   <trkpt lat="-12.0051810" lon="-71.2295270">
    <ele>334.3</ele>
    <time>2024-12-11T14:13:58Z</time>
   </trkpt>
   <trkpt lat="-12.0051690" lon="-71.2295320">
    <ele>334.3</ele>
    <time>2024-12-11T14:13:59Z</time>
   </trkpt>
   <trkpt lat="-12.0051680" lon="-71.2295210">
    <ele>334.3</ele>
    <time>2024-12-11T14:14:00Z</time>
   </trkpt>
   <trkpt lat="-12.0051620" lon="-71.2295240">
    <ele>334.3</ele>
    <time>2024-12-11T14:14:01Z</time>
   </trkpt>
   <trkpt lat="-12.0051570" lon="-71.2295200">
    <ele>334.3</ele>
    <time>2024-12-11T14:14:02Z</time>
   </trkpt>
   <trkpt lat="-12.0051440" lon="-71.2295200">
    <ele>334.3</ele>
    <time>2024-12-11T14:14:03Z</time>
   </trkpt>
   <trkpt lat="-12.0051340" lon="-71.2295250">
    <ele>334.3</ele>
    <time>2024-12-11T14:14:04Z</time>
   </trkpt>
   <trkpt lat="-12.0051250" lon="-71.2295280">
    <ele>334.3</ele>
    <time>2024-12-11T14:14:05Z</time>
   </trkpt>
   <trkpt lat="-12.0051280" lon="-71.2295270">
    <ele>334.3</ele>
    <time>2024-12-11T14:14:06Z</time>
   </trkpt>
   <trkpt lat="-12.0051190" lon="-71.2295280">
    <ele>334.3</ele>
    <time>2024-12-11T14:14:07Z</time>
   </trkpt>
   <trkpt lat="-12.0051110" lon="-71.2295270">
    <ele>334.3</ele>
    <time>2024-12-11T14:14:08Z</time>
   </trkpt>
   <trkpt lat="-12.0050960" lon="-71.2295290">
    <ele>334.3</ele>
    <time>2024-12-11T14:14:09Z</time>
   </trkpt>
   <trkpt lat="-12.0050880" lon="-71.2295290">
    <ele>334.3</ele>
    <time>2024-12-11T14:14:10Z</time>
   </trkpt>
   <trkpt lat="-12.0050810" lon="-71.2295280">
    <ele>334.3</ele>
    <time>2024-12-11T14:14:11Z</time>
   </trkpt>
   <trkpt lat="-12.0050730" lon="-71.2295280">
    <ele>334.2</ele>
    <time>2024-12-11T14:14:12Z</time>
   </trkpt>
   <trkpt lat="-12.0050660" lon="-71.2295320">
    <ele>334.2</ele>
    <time>2024-12-11T14:14:13Z</time>
   </trkpt>
   <trkpt lat="-12.0050560" lon="-71.2295260">
    <ele>334.2</ele>
    <time>2024-12-11T14:14:14Z</time>
   </trkpt>
   <trkpt lat="-12.0050540" lon="-71.2295260">
    <ele>334.2</ele>
    <time>2024-12-11T14:14:15Z</time>
   </trkpt>
   <trkpt lat="-12.0050530" lon="-71.2295240">
    <ele>334.2</ele>
    <time>2024-12-11T14:14:16Z</time>
   </trkpt>
   <trkpt lat="-12.0050530" lon="-71.2295230">
    <ele>334.2</ele>
    <time>2024-12-11T14:14:17Z</time>
   </trkpt>
   <trkpt lat="-12.0050530" lon="-71.2295230">
    <ele>334.2</ele>
    <time>2024-12-11T14:14:18Z</time>
   </trkpt>
   <trkpt lat="-12.0050460" lon="-71.2295260">
    <ele>334.2</ele>
    <time>2024-12-11T14:14:19Z</time>
   </trkpt>
   <trkpt lat="-12.0050470" lon="-71.2295220">
    <ele>334.2</ele>
    <time>2024-12-11T14:14:20Z</time>
   </trkpt>
   <trkpt lat="-12.0050380" lon="-71.2295230">
    <ele>334.2</ele>
    <time>2024-12-11T14:14:21Z</time>
   </trkpt>
   <trkpt lat="-12.0050390" lon="-71.2295250">
    <ele>334.2</ele>
    <time>2024-12-11T14:14:22Z</time>
   </trkpt>
   <trkpt lat="-12.0050390" lon="-71.2295240">
    <ele>334.2</ele>
    <time>2024-12-11T14:14:23Z</time>
   </trkpt>
   <trkpt lat="-12.0050390" lon="-71.2295240">
    <ele>334.2</ele>
    <time>2024-12-11T14:14:24Z</time>
   </trkpt>
   <trkpt lat="-12.0050390" lon="-71.2295240">
    <ele>334.2</ele>
    <time>2024-12-11T14:14:25Z</time>
   </trkpt>
   <trkpt lat="-12.0050390" lon="-71.2295240">
    <ele>334.2</ele>
    <time>2024-12-11T14:14:26Z</time>
   </trkpt>
   <trkpt lat="-12.0050240" lon="-71.2295250">
    <ele>334.2</ele>
    <time>2024-12-11T14:14:27Z</time>
   </trkpt>
   <trkpt lat="-12.0050310" lon="-71.2295200">
    <ele>334.2</ele>
    <time>2024-12-11T14:14:28Z</time>
   </trkpt>
   <trkpt lat="-12.0050260" lon="-71.2295200">
    <ele>334.2</ele>
    <time>2024-12-11T14:14:29Z</time>
   </trkpt>
   <trkpt lat="-12.0050250" lon="-71.2295220">
    <ele>334.2</ele>
    <time>2024-12-11T14:14:30Z</time>
   </trkpt>
   <trkpt lat="-12.0050220" lon="-71.2295240">
    <ele>334.2</ele>
    <time>2024-12-11T14:14:31Z</time>
   </trkpt>
   <trkpt lat="-12.0050180" lon="-71.2295210">
    <ele>334.2</ele>
    <time>2024-12-11T14:14:32Z</time>
   </trkpt>
   <trkpt lat="-12.0050170" lon="-71.2295240">
    <ele>334.2</ele>
    <time>2024-12-11T14:14:33Z</time>
   </trkpt>
   <trkpt lat="-12.0050140" lon="-71.2295250">
    <ele>334.2</ele>
    <time>2024-12-11T14:14:34Z</time>
   </trkpt>
   <trkpt lat="-12.0050110" lon="-71.2295220">
    <ele>334.2</ele>
    <time>2024-12-11T14:14:35Z</time>
   </trkpt>
   <trkpt lat="-12.0050050" lon="-71.2295190">
    <ele>334.2</ele>
    <time>2024-12-11T14:14:36Z</time>
   </trkpt>
   <trkpt lat="-12.0050000" lon="-71.2295140">
    <ele>334.2</ele>
    <time>2024-12-11T14:14:37Z</time>
   </trkpt>
   <trkpt lat="-12.0049990" lon="-71.2295170">
    <ele>334.2</ele>
    <time>2024-12-11T14:14:38Z</time>
   </trkpt>
   <trkpt lat="-12.0050000" lon="-71.2295180">
    <ele>334.2</ele>
    <time>2024-12-11T14:14:39Z</time>
   </trkpt>
   <trkpt lat="-12.0049990" lon="-71.2295170">
    <ele>334.2</ele>
    <time>2024-12-11T14:14:40Z</time>
   </trkpt>
   <trkpt lat="-12.0049950" lon="-71.2295170">
    <ele>334.2</ele>
    <time>2024-12-11T14:14:41Z</time>
   </trkpt>
   <trkpt lat="-12.0049920" lon="-71.2295190">
    <ele>334.2</ele>
    <time>2024-12-11T14:14:42Z</time>
   </trkpt>
   <trkpt lat="-12.0049920" lon="-71.2295160">
    <ele>334.2</ele>
    <time>2024-12-11T14:14:43Z</time>
   </trkpt>
   <trkpt lat="-12.0049920" lon="-71.2295160">
    <ele>334.2</ele>
    <time>2024-12-11T14:14:44Z</time>
   </trkpt>
   <trkpt lat="-12.0049920" lon="-71.2295160">
    <ele>334.2</ele>
    <time>2024-12-11T14:14:45Z</time>
   </trkpt>
   <trkpt lat="-12.0049960" lon="-71.2295200">
    <ele>334.1</ele>
    <time>2024-12-11T14:14:46Z</time>
   </trkpt>
   <trkpt lat="-12.0049960" lon="-71.2295200">
    <ele>334.1</ele>
    <time>2024-12-11T14:14:47Z</time>
   </trkpt>
   <trkpt lat="-12.0049960" lon="-71.2295240">
    <ele>334.1</ele>
    <time>2024-12-11T14:14:48Z</time>
   </trkpt>
   <trkpt lat="-12.0049950" lon="-71.2295230">
    <ele>334.1</ele>
    <time>2024-12-11T14:14:49Z</time>
   </trkpt>
   <trkpt lat="-12.0049940" lon="-71.2295220">
    <ele>334.1</ele>
    <time>2024-12-11T14:14:50Z</time>
   </trkpt>
   <trkpt lat="-12.0049930" lon="-71.2295150">
    <ele>334.1</ele>
    <time>2024-12-11T14:14:51Z</time>
   </trkpt>
   <trkpt lat="-12.0049940" lon="-71.2295120">
    <ele>334.1</ele>
    <time>2024-12-11T14:14:52Z</time>
   </trkpt>
   <trkpt lat="-12.0049940" lon="-71.2295140">
    <ele>334.1</ele>
    <time>2024-12-11T14:14:53Z</time>
   </trkpt>
   <trkpt lat="-12.0049960" lon="-71.2295140">
    <ele>334.1</ele>
    <time>2024-12-11T14:14:54Z</time>
   </trkpt>
   <trkpt lat="-12.0049980" lon="-71.2295150">
    <ele>334.1</ele>
    <time>2024-12-11T14:14:55Z</time>
   </trkpt>
   <trkpt lat="-12.0050000" lon="-71.2295130">
    <ele>334.1</ele>
    <time>2024-12-11T14:14:56Z</time>
   </trkpt>
   <trkpt lat="-12.0050010" lon="-71.2295150">
    <ele>334.1</ele>
    <time>2024-12-11T14:14:57Z</time>
   </trkpt>
   <trkpt lat="-12.0050010" lon="-71.2295150">
    <ele>334.1</ele>
    <time>2024-12-11T14:14:58Z</time>
   </trkpt>
   <trkpt lat="-12.0050020" lon="-71.2295150">
    <ele>334.1</ele>
    <time>2024-12-11T14:14:59Z</time>
   </trkpt>
   <trkpt lat="-12.0050030" lon="-71.2295160">
    <ele>334.1</ele>
    <time>2024-12-11T14:15:00Z</time>
   </trkpt>
   <trkpt lat="-12.0050010" lon="-71.2295150">
    <ele>334.1</ele>
    <time>2024-12-11T14:15:01Z</time>
   </trkpt>
   <trkpt lat="-12.0049970" lon="-71.2295120">
    <ele>334.1</ele>
    <time>2024-12-11T14:15:02Z</time>
   </trkpt>
   <trkpt lat="-12.0049940" lon="-71.2295080">
    <ele>334.1</ele>
    <time>2024-12-11T14:15:03Z</time>
   </trkpt>
   <trkpt lat="-12.0049930" lon="-71.2295090">
    <ele>334.1</ele>
    <time>2024-12-11T14:15:04Z</time>
   </trkpt>
   <trkpt lat="-12.0049960" lon="-71.2295100">
    <ele>334.1</ele>
    <time>2024-12-11T14:15:05Z</time>
   </trkpt>
   <trkpt lat="-12.0049950" lon="-71.2295110">
    <ele>334.1</ele>
    <time>2024-12-11T14:15:06Z</time>
   </trkpt>
   <trkpt lat="-12.0049920" lon="-71.2295110">
    <ele>334.1</ele>
    <time>2024-12-11T14:15:07Z</time>
   </trkpt>
   <trkpt lat="-12.0049900" lon="-71.2295100">
    <ele>334.1</ele>
    <time>2024-12-11T14:15:08Z</time>
   </trkpt>
   <trkpt lat="-12.0049910" lon="-71.2295100">
    <ele>334.1</ele>
    <time>2024-12-11T14:15:09Z</time>
   </trkpt>
   <trkpt lat="-12.0049930" lon="-71.2295130">
    <ele>334.1</ele>
    <time>2024-12-11T14:15:10Z</time>
   </trkpt>
   <trkpt lat="-12.0049940" lon="-71.2295160">
    <ele>334.1</ele>
    <time>2024-12-11T14:15:11Z</time>
   </trkpt>
   <trkpt lat="-12.0049880" lon="-71.2295140">
    <ele>334.1</ele>
    <time>2024-12-11T14:15:12Z</time>
   </trkpt>
   <trkpt lat="-12.0049880" lon="-71.2295130">
    <ele>334.1</ele>
    <time>2024-12-11T14:15:13Z</time>
   </trkpt>
   <trkpt lat="-12.0049900" lon="-71.2295170">
    <ele>334.1</ele>
    <time>2024-12-11T14:15:14Z</time>
   </trkpt>
   <trkpt lat="-12.0049880" lon="-71.2295190">
    <ele>334.1</ele>
    <time>2024-12-11T14:15:15Z</time>
   </trkpt>
   <trkpt lat="-12.0049840" lon="-71.2295140">
    <ele>334.1</ele>
    <time>2024-12-11T14:15:16Z</time>
   </trkpt>
   <trkpt lat="-12.0049830" lon="-71.2295170">
    <ele>334.1</ele>
    <time>2024-12-11T14:15:17Z</time>
   </trkpt>
   <trkpt lat="-12.0049850" lon="-71.2295170">
    <ele>334.1</ele>
    <time>2024-12-11T14:15:18Z</time>
   </trkpt>
   <trkpt lat="-12.0049850" lon="-71.2295170">
    <ele>334.1</ele>
    <time>2024-12-11T14:15:19Z</time>
   </trkpt>
   <trkpt lat="-12.0049840" lon="-71.2295100">
    <ele>334.1</ele>
    <time>2024-12-11T14:15:30Z</time>
   </trkpt>
   <trkpt lat="-12.0049840" lon="-71.2295110">
    <ele>334.1</ele>
    <time>2024-12-11T14:15:31Z</time>
   </trkpt>
   <trkpt lat="-12.0049840" lon="-71.2295100">
    <ele>334.1</ele>
    <time>2024-12-11T14:15:32Z</time>
   </trkpt>
   <trkpt lat="-12.0049820" lon="-71.2295090">
    <ele>334.1</ele>
    <time>2024-12-11T14:15:33Z</time>
   </trkpt>
   <trkpt lat="-12.0049810" lon="-71.2295090">
    <ele>334.1</ele>
    <time>2024-12-11T14:15:34Z</time>
   </trkpt>
   <trkpt lat="-12.0049800" lon="-71.2295100">
    <ele>334.1</ele>
    <time>2024-12-11T14:15:35Z</time>
   </trkpt>
   <trkpt lat="-12.0049800" lon="-71.2295100">
    <ele>334.1</ele>
    <time>2024-12-11T14:15:36Z</time>
   </trkpt>
  </trkseg>
 </trk>
</gpx>
