<?xml version="1.0" encoding="UTF-8"?>
<gpx xmlns:xsi="http://www.w3.org/2001/XMLSchema-instance" xsi:schemaLocation="http://www.topografix.com/GPX/1/1 http://www.topografix.com/GPX/1/1/gpx.xsd" creator="StravaGPX" version="1.1" xmlns="http://www.topografix.com/GPX/1/1">
 <metadata>
  <time>2025-07-08T12:19:25Z</time>
 </metadata>
 <trk>
  <name>Mardalsfossen</name>
  <type>hiking</type>
  <trkseg>
   <trkpt lat="62.4894500" lon="8.1412410">
    <ele>54.6</ele>
    <time>2025-07-08T12:19:25Z</time>
   </trkpt>
   <trkpt lat="62.4894630" lon="8.1412180">
    <ele>54.7</ele>
    <time>2025-07-08T12:19:26Z</time>
   </trkpt>
   <trkpt lat="62.4894670" lon="8.1412150">
    <ele>54.7</ele>
    <time>2025-07-08T12:19:27Z</time>
   </trkpt>
   <trkpt lat="62.4894710" lon="8.1412110">
    <ele>54.7</ele>
    <time>2025-07-08T12:19:28Z</time>
   </trkpt>
   <trkpt lat="62.4894740" lon="8.1412070">
    <ele>54.7</ele>
    <time>2025-07-08T12:19:29Z</time>
   </trkpt>
   <trkpt lat="62.4894780" lon="8.1412040">
    <ele>54.7</ele>
    <time>2025-07-08T12:19:30Z</time>
   </trkpt>
   <trkpt lat="62.4894820" lon="8.1412000">
    <ele>54.7</ele>
    <time>2025-07-08T12:19:31Z</time>
   </trkpt>
   <trkpt lat="62.4894790" lon="8.1411950">
    <ele>54.7</ele>
    <time>2025-07-08T12:19:32Z</time>
   </trkpt>
   <trkpt lat="62.4894780" lon="8.1411870">
    <ele>54.7</ele>
    <time>2025-07-08T12:19:33Z</time>
   </trkpt>
   <trkpt lat="62.4894760" lon="8.1411800">
    <ele>54.7</ele>
    <time>2025-07-08T12:19:34Z</time>
   </trkpt>
   <trkpt lat="62.4894750" lon="8.1411720">
    <ele>54.8</ele>
    <time>2025-07-08T12:19:35Z</time>
   </trkpt>
   <trkpt lat="62.4894730" lon="8.1411650">
    <ele>54.8</ele>
    <time>2025-07-08T12:19:36Z</time>
   </trkpt>
   <trkpt lat="62.4894710" lon="8.1411580">
    <ele>54.8</ele>
    <time>2025-07-08T12:19:37Z</time>
   </trkpt>
   <trkpt lat="62.4894700" lon="8.1411500">
    <ele>54.8</ele>
    <time>2025-07-08T12:19:38Z</time>
   </trkpt>
   <trkpt lat="62.4894680" lon="8.1411430">
    <ele>54.8</ele>
    <time>2025-07-08T12:19:39Z</time>
   </trkpt>
   <trkpt lat="62.4894670" lon="8.1411350">
    <ele>54.8</ele>
    <time>2025-07-08T12:19:40Z</time>
   </trkpt>
   <trkpt lat="62.4894650" lon="8.1411280">
    <ele>54.8</ele>
    <time>2025-07-08T12:19:41Z</time>
   </trkpt>
   <trkpt lat="62.4894610" lon="8.1410970">
    <ele>54.8</ele>
    <time>2025-07-08T12:19:42Z</time>
   </trkpt>
   <trkpt lat="62.4894560" lon="8.1410690">
    <ele>54.9</ele>
    <time>2025-07-08T12:19:43Z</time>
   </trkpt>
   <trkpt lat="62.4894500" lon="8.1410270">
    <ele>54.9</ele>
    <time>2025-07-08T12:19:44Z</time>
   </trkpt>
   <trkpt lat="62.4894490" lon="8.1410080">
    <ele>55.0</ele>
    <time>2025-07-08T12:19:45Z</time>
   </trkpt>
   <trkpt lat="62.4894470" lon="8.1409900">
    <ele>55.0</ele>
    <time>2025-07-08T12:19:46Z</time>
   </trkpt>
   <trkpt lat="62.4894480" lon="8.1409640">
    <ele>55.0</ele>
    <time>2025-07-08T12:19:47Z</time>
   </trkpt>
   <trkpt lat="62.4894440" lon="8.1409370">
    <ele>55.1</ele>
    <time>2025-07-08T12:19:48Z</time>
   </trkpt>
   <trkpt lat="62.4894390" lon="8.1409230">
    <ele>55.1</ele>
    <time>2025-07-08T12:19:49Z</time>
   </trkpt>
   <trkpt lat="62.4894330" lon="8.1408960">
    <ele>55.1</ele>
    <time>2025-07-08T12:19:50Z</time>
   </trkpt>
   <trkpt lat="62.4894250" lon="8.1408620">
    <ele>55.2</ele>
    <time>2025-07-08T12:19:51Z</time>
   </trkpt>
   <trkpt lat="62.4894180" lon="8.1408330">
    <ele>55.2</ele>
    <time>2025-07-08T12:19:52Z</time>
   </trkpt>
   <trkpt lat="62.4894220" lon="8.1408130">
    <ele>55.2</ele>
    <time>2025-07-08T12:19:53Z</time>
   </trkpt>
   <trkpt lat="62.4894130" lon="8.1407920">
    <ele>55.3</ele>
    <time>2025-07-08T12:19:54Z</time>
   </trkpt>
   <trkpt lat="62.4894040" lon="8.1407520">
    <ele>55.3</ele>
    <time>2025-07-08T12:19:55Z</time>
   </trkpt>
   <trkpt lat="62.4894010" lon="8.1407350">
    <ele>55.3</ele>
    <time>2025-07-08T12:19:56Z</time>
   </trkpt>
   <trkpt lat="62.4893980" lon="8.1407180">
    <ele>55.4</ele>
    <time>2025-07-08T12:19:57Z</time>
   </trkpt>
   <trkpt lat="62.4893890" lon="8.1406770">
    <ele>55.4</ele>
    <time>2025-07-08T12:19:58Z</time>
   </trkpt>
   <trkpt lat="62.4893840" lon="8.1406630">
    <ele>55.4</ele>
    <time>2025-07-08T12:19:59Z</time>
   </trkpt>
   <trkpt lat="62.4893800" lon="8.1406490">
    <ele>55.5</ele>
    <time>2025-07-08T12:20:00Z</time>
   </trkpt>
   <trkpt lat="62.4893720" lon="8.1406220">
    <ele>55.5</ele>
    <time>2025-07-08T12:20:01Z</time>
   </trkpt>
   <trkpt lat="62.4893640" lon="8.1405960">
    <ele>55.5</ele>
    <time>2025-07-08T12:20:02Z</time>
   </trkpt>
   <trkpt lat="62.4893530" lon="8.1405580">
    <ele>55.6</ele>
    <time>2025-07-08T12:20:03Z</time>
   </trkpt>
   <trkpt lat="62.4893490" lon="8.1405440">
    <ele>55.6</ele>
    <time>2025-07-08T12:20:04Z</time>
   </trkpt>
   <trkpt lat="62.4893440" lon="8.1405310">
    <ele>55.6</ele>
    <time>2025-07-08T12:20:05Z</time>
   </trkpt>
   <trkpt lat="62.4893340" lon="8.1405070">
    <ele>55.6</ele>
    <time>2025-07-08T12:20:06Z</time>
   </trkpt>
   <trkpt lat="62.4893250" lon="8.1404850">
    <ele>55.7</ele>
    <time>2025-07-08T12:20:08Z</time>
   </trkpt>
   <trkpt lat="62.4893160" lon="8.1404570">
    <ele>55.7</ele>
    <time>2025-07-08T12:20:09Z</time>
   </trkpt>
   <trkpt lat="62.4893100" lon="8.1404280">
    <ele>55.7</ele>
    <time>2025-07-08T12:20:10Z</time>
   </trkpt>
   <trkpt lat="62.4892980" lon="8.1404070">
    <ele>55.8</ele>
    <time>2025-07-08T12:20:11Z</time>
   </trkpt>
   <trkpt lat="62.4892890" lon="8.1403870">
    <ele>55.8</ele>
    <time>2025-07-08T12:20:12Z</time>
   </trkpt>
   <trkpt lat="62.4892780" lon="8.1403500">
    <ele>55.8</ele>
    <time>2025-07-08T12:20:13Z</time>
   </trkpt>
   <trkpt lat="62.4892740" lon="8.1403330">
    <ele>55.9</ele>
    <time>2025-07-08T12:20:14Z</time>
   </trkpt>
   <trkpt lat="62.4892690" lon="8.1403170">
    <ele>55.9</ele>
    <time>2025-07-08T12:20:15Z</time>
   </trkpt>
   <trkpt lat="62.4892540" lon="8.1402860">
    <ele>55.9</ele>
    <time>2025-07-08T12:20:16Z</time>
   </trkpt>
   <trkpt lat="62.4892500" lon="8.1402690">
    <ele>55.9</ele>
    <time>2025-07-08T12:20:17Z</time>
   </trkpt>
   <trkpt lat="62.4892450" lon="8.1402530">
    <ele>56.0</ele>
    <time>2025-07-08T12:20:18Z</time>
   </trkpt>
   <trkpt lat="62.4892400" lon="8.1402270">
    <ele>56.0</ele>
    <time>2025-07-08T12:20:19Z</time>
   </trkpt>
   <trkpt lat="62.4892360" lon="8.1402070">
    <ele>56.0</ele>
    <time>2025-07-08T12:20:20Z</time>
   </trkpt>
   <trkpt lat="62.4892330" lon="8.1402020">
    <ele>56.0</ele>
    <time>2025-07-08T12:20:21Z</time>
   </trkpt>
   <trkpt lat="62.4892280" lon="8.1401850">
    <ele>56.0</ele>
    <time>2025-07-08T12:20:22Z</time>
   </trkpt>
   <trkpt lat="62.4892160" lon="8.1401500">
    <ele>56.1</ele>
    <time>2025-07-08T12:20:23Z</time>
   </trkpt>
   <trkpt lat="62.4892090" lon="8.1401330">
    <ele>56.1</ele>
    <time>2025-07-08T12:20:24Z</time>
   </trkpt>
   <trkpt lat="62.4892030" lon="8.1401170">
    <ele>56.1</ele>
    <time>2025-07-08T12:20:25Z</time>
   </trkpt>
   <trkpt lat="62.4891950" lon="8.1400940">
    <ele>56.2</ele>
    <time>2025-07-08T12:20:26Z</time>
   </trkpt>
   <trkpt lat="62.4891910" lon="8.1400760">
    <ele>56.2</ele>
    <time>2025-07-08T12:20:27Z</time>
   </trkpt>
   <trkpt lat="62.4891810" lon="8.1400610">
    <ele>56.2</ele>
    <time>2025-07-08T12:20:28Z</time>
   </trkpt>
   <trkpt lat="62.4891520" lon="8.1400220">
    <ele>56.3</ele>
    <time>2025-07-08T12:20:29Z</time>
   </trkpt>
   <trkpt lat="62.4891400" lon="8.1400020">
    <ele>56.4</ele>
    <time>2025-07-08T12:20:30Z</time>
   </trkpt>
   <trkpt lat="62.4891260" lon="8.1399770">
    <ele>56.4</ele>
    <time>2025-07-08T12:20:31Z</time>
   </trkpt>
   <trkpt lat="62.4891110" lon="8.1399400">
    <ele>56.5</ele>
    <time>2025-07-08T12:20:32Z</time>
   </trkpt>
   <trkpt lat="62.4891060" lon="8.1399250">
    <ele>56.5</ele>
    <time>2025-07-08T12:20:33Z</time>
   </trkpt>
   <trkpt lat="62.4891000" lon="8.1399090">
    <ele>56.5</ele>
    <time>2025-07-08T12:20:34Z</time>
   </trkpt>
   <trkpt lat="62.4890890" lon="8.1398960">
    <ele>56.6</ele>
    <time>2025-07-08T12:20:35Z</time>
   </trkpt>
   <trkpt lat="62.4890730" lon="8.1398820">
    <ele>56.6</ele>
    <time>2025-07-08T12:20:36Z</time>
   </trkpt>
   <trkpt lat="62.4890660" lon="8.1398540">
    <ele>56.7</ele>
    <time>2025-07-08T12:20:37Z</time>
   </trkpt>
   <trkpt lat="62.4890550" lon="8.1398360">
    <ele>56.8</ele>
    <time>2025-07-08T12:20:38Z</time>
   </trkpt>
   <trkpt lat="62.4890410" lon="8.1398120">
    <ele>56.9</ele>
    <time>2025-07-08T12:20:39Z</time>
   </trkpt>
   <trkpt lat="62.4890330" lon="8.1397930">
    <ele>57.0</ele>
    <time>2025-07-08T12:20:40Z</time>
   </trkpt>
   <trkpt lat="62.4890200" lon="8.1397750">
    <ele>57.0</ele>
    <time>2025-07-08T12:20:41Z</time>
   </trkpt>
   <trkpt lat="62.4890090" lon="8.1397550">
    <ele>57.1</ele>
    <time>2025-07-08T12:20:42Z</time>
   </trkpt>
   <trkpt lat="62.4890000" lon="8.1397470">
    <ele>57.2</ele>
    <time>2025-07-08T12:20:43Z</time>
   </trkpt>
   <trkpt lat="62.4889930" lon="8.1397520">
    <ele>57.2</ele>
    <time>2025-07-08T12:20:44Z</time>
   </trkpt>
   <trkpt lat="62.4889850" lon="8.1397410">
    <ele>57.3</ele>
    <time>2025-07-08T12:20:45Z</time>
   </trkpt>
   <trkpt lat="62.4889810" lon="8.1397310">
    <ele>57.3</ele>
    <time>2025-07-08T12:20:46Z</time>
   </trkpt>
   <trkpt lat="62.4889800" lon="8.1396960">
    <ele>57.4</ele>
    <time>2025-07-08T12:20:47Z</time>
   </trkpt>
   <trkpt lat="62.4889830" lon="8.1396630">
    <ele>57.5</ele>
    <time>2025-07-08T12:20:48Z</time>
   </trkpt>
   <trkpt lat="62.4889800" lon="8.1396330">
    <ele>57.6</ele>
    <time>2025-07-08T12:20:49Z</time>
   </trkpt>
   <trkpt lat="62.4889760" lon="8.1396060">
    <ele>57.7</ele>
    <time>2025-07-08T12:20:50Z</time>
   </trkpt>
   <trkpt lat="62.4889740" lon="8.1395830">
    <ele>57.8</ele>
    <time>2025-07-08T12:20:51Z</time>
   </trkpt>
   <trkpt lat="62.4889730" lon="8.1395600">
    <ele>57.9</ele>
    <time>2025-07-08T12:20:52Z</time>
   </trkpt>
   <trkpt lat="62.4889690" lon="8.1395350">
    <ele>57.9</ele>
    <time>2025-07-08T12:20:53Z</time>
   </trkpt>
   <trkpt lat="62.4889600" lon="8.1394930">
    <ele>58.1</ele>
    <time>2025-07-08T12:20:54Z</time>
   </trkpt>
   <trkpt lat="62.4889570" lon="8.1394720">
    <ele>58.2</ele>
    <time>2025-07-08T12:20:55Z</time>
   </trkpt>
   <trkpt lat="62.4889550" lon="8.1394500">
    <ele>58.2</ele>
    <time>2025-07-08T12:20:56Z</time>
   </trkpt>
   <trkpt lat="62.4889520" lon="8.1394300">
    <ele>58.3</ele>
    <time>2025-07-08T12:20:57Z</time>
   </trkpt>
   <trkpt lat="62.4889490" lon="8.1394160">
    <ele>58.4</ele>
    <time>2025-07-08T12:20:58Z</time>
   </trkpt>
   <trkpt lat="62.4889420" lon="8.1393940">
    <ele>58.5</ele>
    <time>2025-07-08T12:20:59Z</time>
   </trkpt>
   <trkpt lat="62.4889360" lon="8.1393700">
    <ele>58.5</ele>
    <time>2025-07-08T12:21:00Z</time>
   </trkpt>
   <trkpt lat="62.4889280" lon="8.1393390">
    <ele>58.7</ele>
    <time>2025-07-08T12:21:01Z</time>
   </trkpt>
   <trkpt lat="62.4889230" lon="8.1393100">
    <ele>58.8</ele>
    <time>2025-07-08T12:21:02Z</time>
   </trkpt>
   <trkpt lat="62.4889180" lon="8.1392860">
    <ele>58.9</ele>
    <time>2025-07-08T12:21:03Z</time>
   </trkpt>
   <trkpt lat="62.4889160" lon="8.1392690">
    <ele>58.9</ele>
    <time>2025-07-08T12:21:04Z</time>
   </trkpt>
   <trkpt lat="62.4889070" lon="8.1392450">
    <ele>59.1</ele>
    <time>2025-07-08T12:21:05Z</time>
   </trkpt>
   <trkpt lat="62.4888990" lon="8.1392170">
    <ele>59.2</ele>
    <time>2025-07-08T12:21:06Z</time>
   </trkpt>
   <trkpt lat="62.4888990" lon="8.1391880">
    <ele>59.3</ele>
    <time>2025-07-08T12:21:07Z</time>
   </trkpt>
   <trkpt lat="62.4888890" lon="8.1391630">
    <ele>59.4</ele>
    <time>2025-07-08T12:21:08Z</time>
   </trkpt>
   <trkpt lat="62.4888830" lon="8.1391430">
    <ele>59.5</ele>
    <time>2025-07-08T12:21:09Z</time>
   </trkpt>
   <trkpt lat="62.4888740" lon="8.1391290">
    <ele>59.6</ele>
    <time>2025-07-08T12:21:10Z</time>
   </trkpt>
   <trkpt lat="62.4888660" lon="8.1391110">
    <ele>59.7</ele>
    <time>2025-07-08T12:21:11Z</time>
   </trkpt>
   <trkpt lat="62.4888580" lon="8.1390890">
    <ele>59.8</ele>
    <time>2025-07-08T12:21:12Z</time>
   </trkpt>
   <trkpt lat="62.4888490" lon="8.1390640">
    <ele>59.9</ele>
    <time>2025-07-08T12:21:13Z</time>
   </trkpt>
   <trkpt lat="62.4888380" lon="8.1390210">
    <ele>60.1</ele>
    <time>2025-07-08T12:21:14Z</time>
   </trkpt>
   <trkpt lat="62.4888350" lon="8.1390050">
    <ele>60.1</ele>
    <time>2025-07-08T12:21:15Z</time>
   </trkpt>
   <trkpt lat="62.4888310" lon="8.1389890">
    <ele>60.2</ele>
    <time>2025-07-08T12:21:16Z</time>
   </trkpt>
   <trkpt lat="62.4888220" lon="8.1389650">
    <ele>60.3</ele>
    <time>2025-07-08T12:21:17Z</time>
   </trkpt>
   <trkpt lat="62.4888110" lon="8.1389450">
    <ele>60.4</ele>
    <time>2025-07-08T12:21:18Z</time>
   </trkpt>
   <trkpt lat="62.4887940" lon="8.1389090">
    <ele>60.6</ele>
    <time>2025-07-08T12:21:19Z</time>
   </trkpt>
   <trkpt lat="62.4887870" lon="8.1388970">
    <ele>60.7</ele>
    <time>2025-07-08T12:21:20Z</time>
   </trkpt>
   <trkpt lat="62.4887790" lon="8.1388850">
    <ele>60.8</ele>
    <time>2025-07-08T12:21:21Z</time>
   </trkpt>
   <trkpt lat="62.4887590" lon="8.1388620">
    <ele>60.9</ele>
    <time>2025-07-08T12:21:22Z</time>
   </trkpt>
   <trkpt lat="62.4887520" lon="8.1388490">
    <ele>61.0</ele>
    <time>2025-07-08T12:21:23Z</time>
   </trkpt>
   <trkpt lat="62.4887440" lon="8.1388370">
    <ele>61.1</ele>
    <time>2025-07-08T12:21:24Z</time>
   </trkpt>
   <trkpt lat="62.4887370" lon="8.1388210">
    <ele>61.2</ele>
    <time>2025-07-08T12:21:25Z</time>
   </trkpt>
   <trkpt lat="62.4887230" lon="8.1387940">
    <ele>61.4</ele>
    <time>2025-07-08T12:21:26Z</time>
   </trkpt>
   <trkpt lat="62.4887160" lon="8.1387740">
    <ele>61.5</ele>
    <time>2025-07-08T12:21:27Z</time>
   </trkpt>
   <trkpt lat="62.4887090" lon="8.1387450">
    <ele>61.6</ele>
    <time>2025-07-08T12:21:28Z</time>
   </trkpt>
   <trkpt lat="62.4886950" lon="8.1387190">
    <ele>61.8</ele>
    <time>2025-07-08T12:21:29Z</time>
   </trkpt>
   <trkpt lat="62.4886910" lon="8.1387010">
    <ele>61.9</ele>
    <time>2025-07-08T12:21:30Z</time>
   </trkpt>
   <trkpt lat="62.4886880" lon="8.1386670">
    <ele>62.1</ele>
    <time>2025-07-08T12:21:31Z</time>
   </trkpt>
   <trkpt lat="62.4886850" lon="8.1386500">
    <ele>62.2</ele>
    <time>2025-07-08T12:21:32Z</time>
   </trkpt>
   <trkpt lat="62.4886810" lon="8.1386340">
    <ele>62.3</ele>
    <time>2025-07-08T12:21:33Z</time>
   </trkpt>
   <trkpt lat="62.4886770" lon="8.1386180">
    <ele>62.4</ele>
    <time>2025-07-08T12:21:34Z</time>
   </trkpt>
   <trkpt lat="62.4886770" lon="8.1385940">
    <ele>62.5</ele>
    <time>2025-07-08T12:21:35Z</time>
   </trkpt>
   <trkpt lat="62.4886790" lon="8.1385740">
    <ele>62.6</ele>
    <time>2025-07-08T12:21:36Z</time>
   </trkpt>
   <trkpt lat="62.4886810" lon="8.1385570">
    <ele>62.7</ele>
    <time>2025-07-08T12:21:37Z</time>
   </trkpt>
   <trkpt lat="62.4886790" lon="8.1385170">
    <ele>63.0</ele>
    <time>2025-07-08T12:21:38Z</time>
   </trkpt>
   <trkpt lat="62.4886790" lon="8.1384970">
    <ele>63.1</ele>
    <time>2025-07-08T12:21:39Z</time>
   </trkpt>
   <trkpt lat="62.4886780" lon="8.1384770">
    <ele>63.2</ele>
    <time>2025-07-08T12:21:40Z</time>
   </trkpt>
   <trkpt lat="62.4886750" lon="8.1384470">
    <ele>63.4</ele>
    <time>2025-07-08T12:21:41Z</time>
   </trkpt>
   <trkpt lat="62.4886800" lon="8.1384280">
    <ele>63.6</ele>
    <time>2025-07-08T12:21:42Z</time>
   </trkpt>
   <trkpt lat="62.4886810" lon="8.1384090">
    <ele>63.7</ele>
    <time>2025-07-08T12:21:43Z</time>
   </trkpt>
   <trkpt lat="62.4886760" lon="8.1383880">
    <ele>63.8</ele>
    <time>2025-07-08T12:21:44Z</time>
   </trkpt>
   <trkpt lat="62.4886740" lon="8.1383620">
    <ele>64.0</ele>
    <time>2025-07-08T12:21:45Z</time>
   </trkpt>
   <trkpt lat="62.4886680" lon="8.1383390">
    <ele>64.2</ele>
    <time>2025-07-08T12:21:46Z</time>
   </trkpt>
   <trkpt lat="62.4886640" lon="8.1382990">
    <ele>64.5</ele>
    <time>2025-07-08T12:21:47Z</time>
   </trkpt>
   <trkpt lat="62.4886620" lon="8.1382850">
    <ele>64.6</ele>
    <time>2025-07-08T12:21:48Z</time>
   </trkpt>
   <trkpt lat="62.4886600" lon="8.1382700">
    <ele>64.7</ele>
    <time>2025-07-08T12:21:49Z</time>
   </trkpt>
   <trkpt lat="62.4886580" lon="8.1382560">
    <ele>64.8</ele>
    <time>2025-07-08T12:21:50Z</time>
   </trkpt>
   <trkpt lat="62.4886500" lon="8.1382090">
    <ele>65.2</ele>
    <time>2025-07-08T12:21:51Z</time>
   </trkpt>
   <trkpt lat="62.4886470" lon="8.1381910">
    <ele>65.3</ele>
    <time>2025-07-08T12:21:52Z</time>
   </trkpt>
   <trkpt lat="62.4886450" lon="8.1381730">
    <ele>65.5</ele>
    <time>2025-07-08T12:21:54Z</time>
   </trkpt>
   <trkpt lat="62.4886420" lon="8.1381560">
    <ele>65.6</ele>
    <time>2025-07-08T12:21:55Z</time>
   </trkpt>
   <trkpt lat="62.4886390" lon="8.1381380">
    <ele>65.7</ele>
    <time>2025-07-08T12:21:56Z</time>
   </trkpt>
   <trkpt lat="62.4886360" lon="8.1381200">
    <ele>65.9</ele>
    <time>2025-07-08T12:21:57Z</time>
   </trkpt>
   <trkpt lat="62.4886330" lon="8.1380940">
    <ele>66.0</ele>
    <time>2025-07-08T12:21:58Z</time>
   </trkpt>
   <trkpt lat="62.4886260" lon="8.1380830">
    <ele>66.2</ele>
    <time>2025-07-08T12:21:59Z</time>
   </trkpt>
   <trkpt lat="62.4886210" lon="8.1380640">
    <ele>66.3</ele>
    <time>2025-07-08T12:22:00Z</time>
   </trkpt>
   <trkpt lat="62.4886110" lon="8.1380360">
    <ele>66.6</ele>
    <time>2025-07-08T12:22:01Z</time>
   </trkpt>
   <trkpt lat="62.4886080" lon="8.1380210">
    <ele>66.7</ele>
    <time>2025-07-08T12:22:02Z</time>
   </trkpt>
   <trkpt lat="62.4886040" lon="8.1380070">
    <ele>66.8</ele>
    <time>2025-07-08T12:22:03Z</time>
   </trkpt>
   <trkpt lat="62.4886010" lon="8.1379930">
    <ele>66.9</ele>
    <time>2025-07-08T12:22:04Z</time>
   </trkpt>
   <trkpt lat="62.4885920" lon="8.1379670">
    <ele>67.1</ele>
    <time>2025-07-08T12:22:05Z</time>
   </trkpt>
   <trkpt lat="62.4885830" lon="8.1379390">
    <ele>67.3</ele>
    <time>2025-07-08T12:22:06Z</time>
   </trkpt>
   <trkpt lat="62.4885710" lon="8.1379040">
    <ele>67.6</ele>
    <time>2025-07-08T12:22:07Z</time>
   </trkpt>
   <trkpt lat="62.4885650" lon="8.1378910">
    <ele>67.7</ele>
    <time>2025-07-08T12:22:08Z</time>
   </trkpt>
   <trkpt lat="62.4885600" lon="8.1378780">
    <ele>67.8</ele>
    <time>2025-07-08T12:22:09Z</time>
   </trkpt>
   <trkpt lat="62.4885480" lon="8.1378420">
    <ele>68.0</ele>
    <time>2025-07-08T12:22:10Z</time>
   </trkpt>
   <trkpt lat="62.4885420" lon="8.1378220">
    <ele>68.1</ele>
    <time>2025-07-08T12:22:11Z</time>
   </trkpt>
   <trkpt lat="62.4885350" lon="8.1378010">
    <ele>68.3</ele>
    <time>2025-07-08T12:22:12Z</time>
   </trkpt>
   <trkpt lat="62.4885270" lon="8.1377790">
    <ele>68.4</ele>
    <time>2025-07-08T12:22:13Z</time>
   </trkpt>
   <trkpt lat="62.4885240" lon="8.1377610">
    <ele>68.5</ele>
    <time>2025-07-08T12:22:14Z</time>
   </trkpt>
   <trkpt lat="62.4885210" lon="8.1377440">
    <ele>68.6</ele>
    <time>2025-07-08T12:22:15Z</time>
   </trkpt>
   <trkpt lat="62.4885090" lon="8.1377050">
    <ele>68.9</ele>
    <time>2025-07-08T12:22:16Z</time>
   </trkpt>
   <trkpt lat="62.4885030" lon="8.1376870">
    <ele>69.0</ele>
    <time>2025-07-08T12:22:17Z</time>
   </trkpt>
   <trkpt lat="62.4884970" lon="8.1376700">
    <ele>69.1</ele>
    <time>2025-07-08T12:22:18Z</time>
   </trkpt>
   <trkpt lat="62.4884890" lon="8.1376480">
    <ele>69.2</ele>
    <time>2025-07-08T12:22:19Z</time>
   </trkpt>
   <trkpt lat="62.4884860" lon="8.1376240">
    <ele>69.4</ele>
    <time>2025-07-08T12:22:20Z</time>
   </trkpt>
   <trkpt lat="62.4884800" lon="8.1376060">
    <ele>69.5</ele>
    <time>2025-07-08T12:22:21Z</time>
   </trkpt>
   <trkpt lat="62.4884660" lon="8.1375770">
    <ele>69.7</ele>
    <time>2025-07-08T12:22:22Z</time>
   </trkpt>
   <trkpt lat="62.4884590" lon="8.1375650">
    <ele>69.8</ele>
    <time>2025-07-08T12:22:23Z</time>
   </trkpt>
   <trkpt lat="62.4884530" lon="8.1375530">
    <ele>69.9</ele>
    <time>2025-07-08T12:22:24Z</time>
   </trkpt>
   <trkpt lat="62.4884420" lon="8.1375350">
    <ele>70.0</ele>
    <time>2025-07-08T12:22:25Z</time>
   </trkpt>
   <trkpt lat="62.4884370" lon="8.1375230">
    <ele>70.1</ele>
    <time>2025-07-08T12:22:26Z</time>
   </trkpt>
   <trkpt lat="62.4884280" lon="8.1375010">
    <ele>70.3</ele>
    <time>2025-07-08T12:22:27Z</time>
   </trkpt>
   <trkpt lat="62.4884110" lon="8.1374880">
    <ele>70.5</ele>
    <time>2025-07-08T12:22:28Z</time>
   </trkpt>
   <trkpt lat="62.4884010" lon="8.1374790">
    <ele>70.6</ele>
    <time>2025-07-08T12:22:29Z</time>
   </trkpt>
   <trkpt lat="62.4883910" lon="8.1374690">
    <ele>70.7</ele>
    <time>2025-07-08T12:22:30Z</time>
   </trkpt>
   <trkpt lat="62.4883820" lon="8.1374580">
    <ele>70.8</ele>
    <time>2025-07-08T12:22:31Z</time>
   </trkpt>
   <trkpt lat="62.4883750" lon="8.1374510">
    <ele>70.9</ele>
    <time>2025-07-08T12:22:32Z</time>
   </trkpt>
   <trkpt lat="62.4883650" lon="8.1374360">
    <ele>71.1</ele>
    <time>2025-07-08T12:22:33Z</time>
   </trkpt>
   <trkpt lat="62.4883430" lon="8.1374190">
    <ele>71.3</ele>
    <time>2025-07-08T12:22:34Z</time>
   </trkpt>
   <trkpt lat="62.4883350" lon="8.1374100">
    <ele>71.4</ele>
    <time>2025-07-08T12:22:35Z</time>
   </trkpt>
   <trkpt lat="62.4883280" lon="8.1374000">
    <ele>71.5</ele>
    <time>2025-07-08T12:22:36Z</time>
   </trkpt>
   <trkpt lat="62.4883200" lon="8.1373920">
    <ele>71.6</ele>
    <time>2025-07-08T12:22:37Z</time>
   </trkpt>
   <trkpt lat="62.4883130" lon="8.1373850">
    <ele>71.7</ele>
    <time>2025-07-08T12:22:38Z</time>
   </trkpt>
   <trkpt lat="62.4883020" lon="8.1373750">
    <ele>71.8</ele>
    <time>2025-07-08T12:22:39Z</time>
   </trkpt>
   <trkpt lat="62.4882910" lon="8.1373680">
    <ele>72.0</ele>
    <time>2025-07-08T12:22:40Z</time>
   </trkpt>
   <trkpt lat="62.4882810" lon="8.1373580">
    <ele>72.1</ele>
    <time>2025-07-08T12:22:41Z</time>
   </trkpt>
   <trkpt lat="62.4882740" lon="8.1373530">
    <ele>72.2</ele>
    <time>2025-07-08T12:22:42Z</time>
   </trkpt>
   <trkpt lat="62.4882580" lon="8.1373470">
    <ele>72.3</ele>
    <time>2025-07-08T12:22:43Z</time>
   </trkpt>
   <trkpt lat="62.4882370" lon="8.1373190">
    <ele>72.6</ele>
    <time>2025-07-08T12:22:44Z</time>
   </trkpt>
   <trkpt lat="62.4882250" lon="8.1373000">
    <ele>72.8</ele>
    <time>2025-07-08T12:22:45Z</time>
   </trkpt>
   <trkpt lat="62.4882040" lon="8.1372800">
    <ele>73.0</ele>
    <time>2025-07-08T12:22:46Z</time>
   </trkpt>
   <trkpt lat="62.4881980" lon="8.1372720">
    <ele>73.1</ele>
    <time>2025-07-08T12:22:47Z</time>
   </trkpt>
   <trkpt lat="62.4881920" lon="8.1372630">
    <ele>73.2</ele>
    <time>2025-07-08T12:22:48Z</time>
   </trkpt>
   <trkpt lat="62.4881810" lon="8.1372520">
    <ele>73.3</ele>
    <time>2025-07-08T12:22:49Z</time>
   </trkpt>
   <trkpt lat="62.4881660" lon="8.1372460">
    <ele>73.4</ele>
    <time>2025-07-08T12:22:50Z</time>
   </trkpt>
   <trkpt lat="62.4881470" lon="8.1372270">
    <ele>73.6</ele>
    <time>2025-07-08T12:22:51Z</time>
   </trkpt>
   <trkpt lat="62.4881390" lon="8.1372180">
    <ele>73.7</ele>
    <time>2025-07-08T12:22:52Z</time>
   </trkpt>
   <trkpt lat="62.4881310" lon="8.1372100">
    <ele>73.7</ele>
    <time>2025-07-08T12:22:53Z</time>
   </trkpt>
   <trkpt lat="62.4881190" lon="8.1371920">
    <ele>73.9</ele>
    <time>2025-07-08T12:22:54Z</time>
   </trkpt>
   <trkpt lat="62.4881160" lon="8.1371780">
    <ele>73.9</ele>
    <time>2025-07-08T12:22:55Z</time>
   </trkpt>
   <trkpt lat="62.4881040" lon="8.1371640">
    <ele>74.0</ele>
    <time>2025-07-08T12:22:56Z</time>
   </trkpt>
   <trkpt lat="62.4880840" lon="8.1371420">
    <ele>74.2</ele>
    <time>2025-07-08T12:22:57Z</time>
   </trkpt>
   <trkpt lat="62.4880720" lon="8.1371360">
    <ele>74.3</ele>
    <time>2025-07-08T12:22:58Z</time>
   </trkpt>
   <trkpt lat="62.4880610" lon="8.1371290">
    <ele>74.3</ele>
    <time>2025-07-08T12:22:59Z</time>
   </trkpt>
   <trkpt lat="62.4880440" lon="8.1371110">
    <ele>74.5</ele>
    <time>2025-07-08T12:23:00Z</time>
   </trkpt>
   <trkpt lat="62.4880380" lon="8.1371060">
    <ele>74.5</ele>
    <time>2025-07-08T12:23:01Z</time>
   </trkpt>
   <trkpt lat="62.4880320" lon="8.1371020">
    <ele>74.5</ele>
    <time>2025-07-08T12:23:02Z</time>
   </trkpt>
   <trkpt lat="62.4880260" lon="8.1370970">
    <ele>74.6</ele>
    <time>2025-07-08T12:23:03Z</time>
   </trkpt>
   <trkpt lat="62.4880130" lon="8.1370800">
    <ele>74.6</ele>
    <time>2025-07-08T12:23:04Z</time>
   </trkpt>
   <trkpt lat="62.4879940" lon="8.1370680">
    <ele>74.7</ele>
    <time>2025-07-08T12:23:05Z</time>
   </trkpt>
   <trkpt lat="62.4879780" lon="8.1370570">
    <ele>74.8</ele>
    <time>2025-07-08T12:23:06Z</time>
   </trkpt>
   <trkpt lat="62.4879630" lon="8.1370430">
    <ele>74.8</ele>
    <time>2025-07-08T12:23:07Z</time>
   </trkpt>
   <trkpt lat="62.4879510" lon="8.1370310">
    <ele>74.9</ele>
    <time>2025-07-08T12:23:08Z</time>
   </trkpt>
   <trkpt lat="62.4879360" lon="8.1370210">
    <ele>74.9</ele>
    <time>2025-07-08T12:23:09Z</time>
   </trkpt>
   <trkpt lat="62.4879170" lon="8.1369990">
    <ele>74.9</ele>
    <time>2025-07-08T12:23:10Z</time>
   </trkpt>
   <trkpt lat="62.4879080" lon="8.1369880">
    <ele>74.9</ele>
    <time>2025-07-08T12:23:11Z</time>
   </trkpt>
   <trkpt lat="62.4879000" lon="8.1369780">
    <ele>75.0</ele>
    <time>2025-07-08T12:23:12Z</time>
   </trkpt>
   <trkpt lat="62.4878860" lon="8.1369740">
    <ele>75.0</ele>
    <time>2025-07-08T12:23:13Z</time>
   </trkpt>
   <trkpt lat="62.4878810" lon="8.1369710">
    <ele>75.0</ele>
    <time>2025-07-08T12:23:14Z</time>
   </trkpt>
   <trkpt lat="62.4878670" lon="8.1369680">
    <ele>75.0</ele>
    <time>2025-07-08T12:23:15Z</time>
   </trkpt>
   <trkpt lat="62.4878540" lon="8.1369650">
    <ele>75.0</ele>
    <time>2025-07-08T12:23:16Z</time>
   </trkpt>
   <trkpt lat="62.4878400" lon="8.1369570">
    <ele>75.0</ele>
    <time>2025-07-08T12:23:17Z</time>
   </trkpt>
   <trkpt lat="62.4878220" lon="8.1369560">
    <ele>75.0</ele>
    <time>2025-07-08T12:23:18Z</time>
   </trkpt>
   <trkpt lat="62.4878060" lon="8.1369540">
    <ele>75.1</ele>
    <time>2025-07-08T12:23:19Z</time>
   </trkpt>
   <trkpt lat="62.4877900" lon="8.1369440">
    <ele>75.1</ele>
    <time>2025-07-08T12:23:20Z</time>
   </trkpt>
   <trkpt lat="62.4877770" lon="8.1369410">
    <ele>75.1</ele>
    <time>2025-07-08T12:23:21Z</time>
   </trkpt>
   <trkpt lat="62.4877600" lon="8.1369350">
    <ele>75.1</ele>
    <time>2025-07-08T12:23:22Z</time>
   </trkpt>
   <trkpt lat="62.4877450" lon="8.1369360">
    <ele>75.2</ele>
    <time>2025-07-08T12:23:23Z</time>
   </trkpt>
   <trkpt lat="62.4877290" lon="8.1369290">
    <ele>75.2</ele>
    <time>2025-07-08T12:23:24Z</time>
   </trkpt>
   <trkpt lat="62.4877170" lon="8.1369200">
    <ele>75.3</ele>
    <time>2025-07-08T12:23:25Z</time>
   </trkpt>
   <trkpt lat="62.4877030" lon="8.1369180">
    <ele>75.3</ele>
    <time>2025-07-08T12:23:26Z</time>
   </trkpt>
   <trkpt lat="62.4876890" lon="8.1369170">
    <ele>75.4</ele>
    <time>2025-07-08T12:23:27Z</time>
   </trkpt>
   <trkpt lat="62.4876710" lon="8.1369180">
    <ele>75.5</ele>
    <time>2025-07-08T12:23:28Z</time>
   </trkpt>
   <trkpt lat="62.4876610" lon="8.1369100">
    <ele>75.5</ele>
    <time>2025-07-08T12:23:29Z</time>
   </trkpt>
   <trkpt lat="62.4876490" lon="8.1369080">
    <ele>75.6</ele>
    <time>2025-07-08T12:23:30Z</time>
   </trkpt>
   <trkpt lat="62.4876360" lon="8.1369060">
    <ele>75.7</ele>
    <time>2025-07-08T12:23:31Z</time>
   </trkpt>
   <trkpt lat="62.4876260" lon="8.1369010">
    <ele>75.7</ele>
    <time>2025-07-08T12:23:32Z</time>
   </trkpt>
   <trkpt lat="62.4876100" lon="8.1368960">
    <ele>75.8</ele>
    <time>2025-07-08T12:23:33Z</time>
   </trkpt>
   <trkpt lat="62.4875980" lon="8.1368860">
    <ele>75.9</ele>
    <time>2025-07-08T12:23:34Z</time>
   </trkpt>
   <trkpt lat="62.4875810" lon="8.1368790">
    <ele>76.0</ele>
    <time>2025-07-08T12:23:35Z</time>
   </trkpt>
   <trkpt lat="62.4875680" lon="8.1368700">
    <ele>76.0</ele>
    <time>2025-07-08T12:23:36Z</time>
   </trkpt>
   <trkpt lat="62.4875540" lon="8.1368620">
    <ele>76.1</ele>
    <time>2025-07-08T12:23:37Z</time>
   </trkpt>
   <trkpt lat="62.4875410" lon="8.1368480">
    <ele>76.2</ele>
    <time>2025-07-08T12:23:39Z</time>
   </trkpt>
   <trkpt lat="62.4875280" lon="8.1368310">
    <ele>76.3</ele>
    <time>2025-07-08T12:23:40Z</time>
   </trkpt>
   <trkpt lat="62.4875170" lon="8.1368140">
    <ele>76.3</ele>
    <time>2025-07-08T12:23:41Z</time>
   </trkpt>
   <trkpt lat="62.4875080" lon="8.1368020">
    <ele>76.4</ele>
    <time>2025-07-08T12:23:42Z</time>
   </trkpt>
   <trkpt lat="62.4874980" lon="8.1367890">
    <ele>76.4</ele>
    <time>2025-07-08T12:23:43Z</time>
   </trkpt>
   <trkpt lat="62.4874870" lon="8.1367800">
    <ele>76.5</ele>
    <time>2025-07-08T12:23:44Z</time>
   </trkpt>
   <trkpt lat="62.4874730" lon="8.1367570">
    <ele>76.6</ele>
    <time>2025-07-08T12:23:45Z</time>
   </trkpt>
   <trkpt lat="62.4874620" lon="8.1367380">
    <ele>76.7</ele>
    <time>2025-07-08T12:23:46Z</time>
   </trkpt>
   <trkpt lat="62.4874500" lon="8.1367230">
    <ele>76.8</ele>
    <time>2025-07-08T12:23:47Z</time>
   </trkpt>
   <trkpt lat="62.4874390" lon="8.1367010">
    <ele>76.8</ele>
    <time>2025-07-08T12:23:48Z</time>
   </trkpt>
   <trkpt lat="62.4874250" lon="8.1366850">
    <ele>76.9</ele>
    <time>2025-07-08T12:23:49Z</time>
   </trkpt>
   <trkpt lat="62.4874160" lon="8.1366600">
    <ele>77.0</ele>
    <time>2025-07-08T12:23:50Z</time>
   </trkpt>
   <trkpt lat="62.4874080" lon="8.1366400">
    <ele>77.1</ele>
    <time>2025-07-08T12:23:51Z</time>
   </trkpt>
   <trkpt lat="62.4873970" lon="8.1366290">
    <ele>77.1</ele>
    <time>2025-07-08T12:23:52Z</time>
   </trkpt>
   <trkpt lat="62.4873890" lon="8.1366230">
    <ele>77.2</ele>
    <time>2025-07-08T12:23:53Z</time>
   </trkpt>
   <trkpt lat="62.4873810" lon="8.1366050">
    <ele>77.3</ele>
    <time>2025-07-08T12:23:54Z</time>
   </trkpt>
   <trkpt lat="62.4873750" lon="8.1365860">
    <ele>77.3</ele>
    <time>2025-07-08T12:23:55Z</time>
   </trkpt>
   <trkpt lat="62.4873670" lon="8.1365620">
    <ele>77.4</ele>
    <time>2025-07-08T12:23:56Z</time>
   </trkpt>
   <trkpt lat="62.4873530" lon="8.1365390">
    <ele>77.5</ele>
    <time>2025-07-08T12:23:57Z</time>
   </trkpt>
   <trkpt lat="62.4873430" lon="8.1365210">
    <ele>77.6</ele>
    <time>2025-07-08T12:23:58Z</time>
   </trkpt>
   <trkpt lat="62.4873300" lon="8.1364850">
    <ele>77.8</ele>
    <time>2025-07-08T12:23:59Z</time>
   </trkpt>
   <trkpt lat="62.4873220" lon="8.1364700">
    <ele>77.8</ele>
    <time>2025-07-08T12:24:00Z</time>
   </trkpt>
   <trkpt lat="62.4873140" lon="8.1364540">
    <ele>77.9</ele>
    <time>2025-07-08T12:24:01Z</time>
   </trkpt>
   <trkpt lat="62.4873000" lon="8.1364260">
    <ele>78.0</ele>
    <time>2025-07-08T12:24:02Z</time>
   </trkpt>
   <trkpt lat="62.4872920" lon="8.1364040">
    <ele>78.1</ele>
    <time>2025-07-08T12:24:03Z</time>
   </trkpt>
   <trkpt lat="62.4872750" lon="8.1363730">
    <ele>78.2</ele>
    <time>2025-07-08T12:24:04Z</time>
   </trkpt>
   <trkpt lat="62.4872650" lon="8.1363610">
    <ele>78.3</ele>
    <time>2025-07-08T12:24:05Z</time>
   </trkpt>
   <trkpt lat="62.4872560" lon="8.1363480">
    <ele>78.4</ele>
    <time>2025-07-08T12:24:06Z</time>
   </trkpt>
   <trkpt lat="62.4872410" lon="8.1363320">
    <ele>78.5</ele>
    <time>2025-07-08T12:24:07Z</time>
   </trkpt>
   <trkpt lat="62.4872320" lon="8.1363200">
    <ele>78.6</ele>
    <time>2025-07-08T12:24:08Z</time>
   </trkpt>
   <trkpt lat="62.4872180" lon="8.1363120">
    <ele>78.7</ele>
    <time>2025-07-08T12:24:09Z</time>
   </trkpt>
   <trkpt lat="62.4872050" lon="8.1363070">
    <ele>78.7</ele>
    <time>2025-07-08T12:24:10Z</time>
   </trkpt>
   <trkpt lat="62.4871900" lon="8.1362980">
    <ele>78.8</ele>
    <time>2025-07-08T12:24:11Z</time>
   </trkpt>
   <trkpt lat="62.4871800" lon="8.1362830">
    <ele>78.9</ele>
    <time>2025-07-08T12:24:12Z</time>
   </trkpt>
   <trkpt lat="62.4871520" lon="8.1362700">
    <ele>79.1</ele>
    <time>2025-07-08T12:24:13Z</time>
   </trkpt>
   <trkpt lat="62.4871410" lon="8.1362680">
    <ele>79.2</ele>
    <time>2025-07-08T12:24:14Z</time>
   </trkpt>
   <trkpt lat="62.4871300" lon="8.1362600">
    <ele>79.3</ele>
    <time>2025-07-08T12:24:15Z</time>
   </trkpt>
   <trkpt lat="62.4871150" lon="8.1362460">
    <ele>79.4</ele>
    <time>2025-07-08T12:24:16Z</time>
   </trkpt>
   <trkpt lat="62.4870980" lon="8.1362360">
    <ele>79.5</ele>
    <time>2025-07-08T12:24:17Z</time>
   </trkpt>
   <trkpt lat="62.4870850" lon="8.1362350">
    <ele>79.6</ele>
    <time>2025-07-08T12:24:18Z</time>
   </trkpt>
   <trkpt lat="62.4870720" lon="8.1362310">
    <ele>79.7</ele>
    <time>2025-07-08T12:24:19Z</time>
   </trkpt>
   <trkpt lat="62.4870540" lon="8.1362390">
    <ele>79.8</ele>
    <time>2025-07-08T12:24:20Z</time>
   </trkpt>
   <trkpt lat="62.4870370" lon="8.1362280">
    <ele>79.9</ele>
    <time>2025-07-08T12:24:21Z</time>
   </trkpt>
   <trkpt lat="62.4870290" lon="8.1362240">
    <ele>80.0</ele>
    <time>2025-07-08T12:24:22Z</time>
   </trkpt>
   <trkpt lat="62.4870210" lon="8.1362190">
    <ele>80.1</ele>
    <time>2025-07-08T12:24:23Z</time>
   </trkpt>
   <trkpt lat="62.4870130" lon="8.1362150">
    <ele>80.1</ele>
    <time>2025-07-08T12:24:24Z</time>
   </trkpt>
   <trkpt lat="62.4869830" lon="8.1362260">
    <ele>80.4</ele>
    <time>2025-07-08T12:24:25Z</time>
   </trkpt>
   <trkpt lat="62.4869760" lon="8.1362290">
    <ele>80.4</ele>
    <time>2025-07-08T12:24:26Z</time>
   </trkpt>
   <trkpt lat="62.4869600" lon="8.1362240">
    <ele>80.6</ele>
    <time>2025-07-08T12:24:27Z</time>
   </trkpt>
   <trkpt lat="62.4869490" lon="8.1362050">
    <ele>80.7</ele>
    <time>2025-07-08T12:24:28Z</time>
   </trkpt>
   <trkpt lat="62.4869380" lon="8.1362000">
    <ele>80.8</ele>
    <time>2025-07-08T12:24:29Z</time>
   </trkpt>
   <trkpt lat="62.4869220" lon="8.1362020">
    <ele>80.9</ele>
    <time>2025-07-08T12:24:30Z</time>
   </trkpt>
   <trkpt lat="62.4869190" lon="8.1361990">
    <ele>80.9</ele>
    <time>2025-07-08T12:24:31Z</time>
   </trkpt>
   <trkpt lat="62.4869040" lon="8.1361980">
    <ele>81.1</ele>
    <time>2025-07-08T12:24:32Z</time>
   </trkpt>
   <trkpt lat="62.4868890" lon="8.1361930">
    <ele>81.2</ele>
    <time>2025-07-08T12:24:33Z</time>
   </trkpt>
   <trkpt lat="62.4868760" lon="8.1361770">
    <ele>81.3</ele>
    <time>2025-07-08T12:24:34Z</time>
   </trkpt>
   <trkpt lat="62.4868630" lon="8.1361800">
    <ele>81.4</ele>
    <time>2025-07-08T12:24:35Z</time>
   </trkpt>
   <trkpt lat="62.4868450" lon="8.1361690">
    <ele>81.6</ele>
    <time>2025-07-08T12:24:36Z</time>
   </trkpt>
   <trkpt lat="62.4868310" lon="8.1361670">
    <ele>81.7</ele>
    <time>2025-07-08T12:24:37Z</time>
   </trkpt>
   <trkpt lat="62.4868160" lon="8.1361720">
    <ele>81.8</ele>
    <time>2025-07-08T12:24:38Z</time>
   </trkpt>
   <trkpt lat="62.4868020" lon="8.1361620">
    <ele>82.0</ele>
    <time>2025-07-08T12:24:39Z</time>
   </trkpt>
   <trkpt lat="62.4867930" lon="8.1361600">
    <ele>82.0</ele>
    <time>2025-07-08T12:24:40Z</time>
   </trkpt>
   <trkpt lat="62.4867740" lon="8.1361640">
    <ele>82.2</ele>
    <time>2025-07-08T12:24:41Z</time>
   </trkpt>
   <trkpt lat="62.4867650" lon="8.1361650">
    <ele>82.3</ele>
    <time>2025-07-08T12:24:42Z</time>
   </trkpt>
   <trkpt lat="62.4867560" lon="8.1361560">
    <ele>82.4</ele>
    <time>2025-07-08T12:24:43Z</time>
   </trkpt>
   <trkpt lat="62.4867440" lon="8.1361560">
    <ele>82.5</ele>
    <time>2025-07-08T12:24:44Z</time>
   </trkpt>
   <trkpt lat="62.4867210" lon="8.1361490">
    <ele>82.7</ele>
    <time>2025-07-08T12:24:45Z</time>
   </trkpt>
   <trkpt lat="62.4867100" lon="8.1361440">
    <ele>82.9</ele>
    <time>2025-07-08T12:24:46Z</time>
   </trkpt>
   <trkpt lat="62.4866780" lon="8.1361390">
    <ele>83.2</ele>
    <time>2025-07-08T12:24:47Z</time>
   </trkpt>
   <trkpt lat="62.4866700" lon="8.1361290">
    <ele>83.3</ele>
    <time>2025-07-08T12:24:48Z</time>
   </trkpt>
   <trkpt lat="62.4866580" lon="8.1361350">
    <ele>83.4</ele>
    <time>2025-07-08T12:24:49Z</time>
   </trkpt>
   <trkpt lat="62.4866550" lon="8.1361300">
    <ele>83.5</ele>
    <time>2025-07-08T12:24:50Z</time>
   </trkpt>
   <trkpt lat="62.4866400" lon="8.1361260">
    <ele>83.6</ele>
    <time>2025-07-08T12:24:51Z</time>
   </trkpt>
   <trkpt lat="62.4866240" lon="8.1361000">
    <ele>83.9</ele>
    <time>2025-07-08T12:24:52Z</time>
   </trkpt>
   <trkpt lat="62.4866130" lon="8.1360930">
    <ele>84.0</ele>
    <time>2025-07-08T12:24:53Z</time>
   </trkpt>
   <trkpt lat="62.4866030" lon="8.1360860">
    <ele>84.1</ele>
    <time>2025-07-08T12:24:54Z</time>
   </trkpt>
   <trkpt lat="62.4865920" lon="8.1360780">
    <ele>84.2</ele>
    <time>2025-07-08T12:24:55Z</time>
   </trkpt>
   <trkpt lat="62.4865840" lon="8.1360780">
    <ele>84.3</ele>
    <time>2025-07-08T12:24:56Z</time>
   </trkpt>
   <trkpt lat="62.4865780" lon="8.1360790">
    <ele>84.4</ele>
    <time>2025-07-08T12:24:57Z</time>
   </trkpt>
   <trkpt lat="62.4865680" lon="8.1360730">
    <ele>84.5</ele>
    <time>2025-07-08T12:24:58Z</time>
   </trkpt>
   <trkpt lat="62.4865480" lon="8.1360660">
    <ele>84.7</ele>
    <time>2025-07-08T12:24:59Z</time>
   </trkpt>
   <trkpt lat="62.4865430" lon="8.1360630">
    <ele>84.8</ele>
    <time>2025-07-08T12:25:00Z</time>
   </trkpt>
   <trkpt lat="62.4865370" lon="8.1360600">
    <ele>84.8</ele>
    <time>2025-07-08T12:25:01Z</time>
   </trkpt>
   <trkpt lat="62.4865310" lon="8.1360570">
    <ele>84.9</ele>
    <time>2025-07-08T12:25:02Z</time>
   </trkpt>
   <trkpt lat="62.4865160" lon="8.1360420">
    <ele>85.0</ele>
    <time>2025-07-08T12:25:03Z</time>
   </trkpt>
   <trkpt lat="62.4865040" lon="8.1360310">
    <ele>85.2</ele>
    <time>2025-07-08T12:25:04Z</time>
   </trkpt>
   <trkpt lat="62.4864980" lon="8.1360200">
    <ele>85.2</ele>
    <time>2025-07-08T12:25:05Z</time>
   </trkpt>
   <trkpt lat="62.4864870" lon="8.1360130">
    <ele>85.3</ele>
    <time>2025-07-08T12:25:06Z</time>
   </trkpt>
   <trkpt lat="62.4864730" lon="8.1360070">
    <ele>85.5</ele>
    <time>2025-07-08T12:25:07Z</time>
   </trkpt>
   <trkpt lat="62.4864660" lon="8.1359980">
    <ele>85.5</ele>
    <time>2025-07-08T12:25:08Z</time>
   </trkpt>
   <trkpt lat="62.4864510" lon="8.1359820">
    <ele>85.7</ele>
    <time>2025-07-08T12:25:09Z</time>
   </trkpt>
   <trkpt lat="62.4864440" lon="8.1359700">
    <ele>85.8</ele>
    <time>2025-07-08T12:25:10Z</time>
   </trkpt>
   <trkpt lat="62.4864350" lon="8.1359610">
    <ele>85.8</ele>
    <time>2025-07-08T12:25:11Z</time>
   </trkpt>
   <trkpt lat="62.4864310" lon="8.1359450">
    <ele>85.9</ele>
    <time>2025-07-08T12:25:12Z</time>
   </trkpt>
   <trkpt lat="62.4864210" lon="8.1359310">
    <ele>86.0</ele>
    <time>2025-07-08T12:25:13Z</time>
   </trkpt>
   <trkpt lat="62.4864010" lon="8.1358950">
    <ele>86.2</ele>
    <time>2025-07-08T12:25:14Z</time>
   </trkpt>
   <trkpt lat="62.4863940" lon="8.1358790">
    <ele>86.3</ele>
    <time>2025-07-08T12:25:15Z</time>
   </trkpt>
   <trkpt lat="62.4863870" lon="8.1358640">
    <ele>86.4</ele>
    <time>2025-07-08T12:25:16Z</time>
   </trkpt>
   <trkpt lat="62.4863770" lon="8.1358410">
    <ele>86.5</ele>
    <time>2025-07-08T12:25:17Z</time>
   </trkpt>
   <trkpt lat="62.4863720" lon="8.1358300">
    <ele>86.6</ele>
    <time>2025-07-08T12:25:18Z</time>
   </trkpt>
   <trkpt lat="62.4863620" lon="8.1358150">
    <ele>86.7</ele>
    <time>2025-07-08T12:25:19Z</time>
   </trkpt>
   <trkpt lat="62.4863500" lon="8.1357840">
    <ele>86.8</ele>
    <time>2025-07-08T12:25:20Z</time>
   </trkpt>
   <trkpt lat="62.4863420" lon="8.1357710">
    <ele>86.9</ele>
    <time>2025-07-08T12:25:21Z</time>
   </trkpt>
   <trkpt lat="62.4863330" lon="8.1357580">
    <ele>87.0</ele>
    <time>2025-07-08T12:25:22Z</time>
   </trkpt>
   <trkpt lat="62.4863240" lon="8.1357330">
    <ele>87.1</ele>
    <time>2025-07-08T12:25:23Z</time>
   </trkpt>
   <trkpt lat="62.4863160" lon="8.1357180">
    <ele>87.2</ele>
    <time>2025-07-08T12:25:24Z</time>
   </trkpt>
   <trkpt lat="62.4863090" lon="8.1357040">
    <ele>87.3</ele>
    <time>2025-07-08T12:25:25Z</time>
   </trkpt>
   <trkpt lat="62.4862970" lon="8.1356800">
    <ele>87.4</ele>
    <time>2025-07-08T12:25:26Z</time>
   </trkpt>
   <trkpt lat="62.4862860" lon="8.1356450">
    <ele>87.6</ele>
    <time>2025-07-08T12:25:27Z</time>
   </trkpt>
   <trkpt lat="62.4862780" lon="8.1356160">
    <ele>87.7</ele>
    <time>2025-07-08T12:25:28Z</time>
   </trkpt>
   <trkpt lat="62.4862700" lon="8.1356010">
    <ele>87.8</ele>
    <time>2025-07-08T12:25:29Z</time>
   </trkpt>
   <trkpt lat="62.4862660" lon="8.1355810">
    <ele>87.9</ele>
    <time>2025-07-08T12:25:30Z</time>
   </trkpt>
   <trkpt lat="62.4862510" lon="8.1355550">
    <ele>88.0</ele>
    <time>2025-07-08T12:25:31Z</time>
   </trkpt>
   <trkpt lat="62.4862430" lon="8.1355430">
    <ele>88.1</ele>
    <time>2025-07-08T12:25:32Z</time>
   </trkpt>
   <trkpt lat="62.4862360" lon="8.1355310">
    <ele>88.2</ele>
    <time>2025-07-08T12:25:33Z</time>
   </trkpt>
   <trkpt lat="62.4862250" lon="8.1355050">
    <ele>88.4</ele>
    <time>2025-07-08T12:25:34Z</time>
   </trkpt>
   <trkpt lat="62.4862180" lon="8.1354850">
    <ele>88.5</ele>
    <time>2025-07-08T12:25:35Z</time>
   </trkpt>
   <trkpt lat="62.4862100" lon="8.1354820">
    <ele>88.6</ele>
    <time>2025-07-08T12:25:36Z</time>
   </trkpt>
   <trkpt lat="62.4862070" lon="8.1354700">
    <ele>88.7</ele>
    <time>2025-07-08T12:25:37Z</time>
   </trkpt>
   <trkpt lat="62.4861930" lon="8.1354590">
    <ele>88.8</ele>
    <time>2025-07-08T12:25:38Z</time>
   </trkpt>
   <trkpt lat="62.4861810" lon="8.1354360">
    <ele>89.0</ele>
    <time>2025-07-08T12:25:39Z</time>
   </trkpt>
   <trkpt lat="62.4861680" lon="8.1354090">
    <ele>89.2</ele>
    <time>2025-07-08T12:25:40Z</time>
   </trkpt>
   <trkpt lat="62.4861550" lon="8.1353970">
    <ele>89.4</ele>
    <time>2025-07-08T12:25:41Z</time>
   </trkpt>
   <trkpt lat="62.4861530" lon="8.1353950">
    <ele>89.4</ele>
    <time>2025-07-08T12:25:42Z</time>
   </trkpt>
   <trkpt lat="62.4861320" lon="8.1353770">
    <ele>89.7</ele>
    <time>2025-07-08T12:25:43Z</time>
   </trkpt>
   <trkpt lat="62.4861040" lon="8.1353640">
    <ele>90.1</ele>
    <time>2025-07-08T12:25:45Z</time>
   </trkpt>
   <trkpt lat="62.4860960" lon="8.1353610">
    <ele>90.2</ele>
    <time>2025-07-08T12:25:46Z</time>
   </trkpt>
   <trkpt lat="62.4860870" lon="8.1353570">
    <ele>90.3</ele>
    <time>2025-07-08T12:25:47Z</time>
   </trkpt>
   <trkpt lat="62.4860780" lon="8.1353540">
    <ele>90.4</ele>
    <time>2025-07-08T12:25:48Z</time>
   </trkpt>
   <trkpt lat="62.4860650" lon="8.1353500">
    <ele>90.5</ele>
    <time>2025-07-08T12:25:49Z</time>
   </trkpt>
   <trkpt lat="62.4860510" lon="8.1353450">
    <ele>90.7</ele>
    <time>2025-07-08T12:25:50Z</time>
   </trkpt>
   <trkpt lat="62.4860350" lon="8.1353430">
    <ele>90.9</ele>
    <time>2025-07-08T12:25:51Z</time>
   </trkpt>
   <trkpt lat="62.4860150" lon="8.1353440">
    <ele>91.1</ele>
    <time>2025-07-08T12:25:52Z</time>
   </trkpt>
   <trkpt lat="62.4859990" lon="8.1353320">
    <ele>91.3</ele>
    <time>2025-07-08T12:25:53Z</time>
   </trkpt>
   <trkpt lat="62.4859940" lon="8.1353250">
    <ele>91.3</ele>
    <time>2025-07-08T12:25:54Z</time>
   </trkpt>
   <trkpt lat="62.4859830" lon="8.1353180">
    <ele>91.5</ele>
    <time>2025-07-08T12:25:55Z</time>
   </trkpt>
   <trkpt lat="62.4859690" lon="8.1353110">
    <ele>91.6</ele>
    <time>2025-07-08T12:25:56Z</time>
   </trkpt>
   <trkpt lat="62.4859530" lon="8.1353110">
    <ele>91.8</ele>
    <time>2025-07-08T12:25:57Z</time>
   </trkpt>
   <trkpt lat="62.4859370" lon="8.1353050">
    <ele>91.9</ele>
    <time>2025-07-08T12:25:58Z</time>
   </trkpt>
   <trkpt lat="62.4859250" lon="8.1353020">
    <ele>92.0</ele>
    <time>2025-07-08T12:25:59Z</time>
   </trkpt>
   <trkpt lat="62.4859210" lon="8.1353010">
    <ele>92.1</ele>
    <time>2025-07-08T12:26:00Z</time>
   </trkpt>
   <trkpt lat="62.4859140" lon="8.1352930">
    <ele>92.1</ele>
    <time>2025-07-08T12:26:01Z</time>
   </trkpt>
   <trkpt lat="62.4858940" lon="8.1352780">
    <ele>92.3</ele>
    <time>2025-07-08T12:26:02Z</time>
   </trkpt>
   <trkpt lat="62.4858820" lon="8.1352690">
    <ele>92.4</ele>
    <time>2025-07-08T12:26:03Z</time>
   </trkpt>
   <trkpt lat="62.4858630" lon="8.1352550">
    <ele>92.6</ele>
    <time>2025-07-08T12:26:04Z</time>
   </trkpt>
   <trkpt lat="62.4858500" lon="8.1352430">
    <ele>92.7</ele>
    <time>2025-07-08T12:26:05Z</time>
   </trkpt>
   <trkpt lat="62.4858360" lon="8.1352280">
    <ele>92.8</ele>
    <time>2025-07-08T12:26:06Z</time>
   </trkpt>
   <trkpt lat="62.4858250" lon="8.1352260">
    <ele>92.9</ele>
    <time>2025-07-08T12:26:07Z</time>
   </trkpt>
   <trkpt lat="62.4858090" lon="8.1352160">
    <ele>93.1</ele>
    <time>2025-07-08T12:26:08Z</time>
   </trkpt>
   <trkpt lat="62.4857870" lon="8.1352030">
    <ele>93.2</ele>
    <time>2025-07-08T12:26:09Z</time>
   </trkpt>
   <trkpt lat="62.4857780" lon="8.1351980">
    <ele>93.3</ele>
    <time>2025-07-08T12:26:10Z</time>
   </trkpt>
   <trkpt lat="62.4857700" lon="8.1351940">
    <ele>93.4</ele>
    <time>2025-07-08T12:26:11Z</time>
   </trkpt>
   <trkpt lat="62.4857470" lon="8.1351890">
    <ele>93.5</ele>
    <time>2025-07-08T12:26:12Z</time>
   </trkpt>
   <trkpt lat="62.4857390" lon="8.1351860">
    <ele>93.6</ele>
    <time>2025-07-08T12:26:13Z</time>
   </trkpt>
   <trkpt lat="62.4857300" lon="8.1351840">
    <ele>93.6</ele>
    <time>2025-07-08T12:26:14Z</time>
   </trkpt>
   <trkpt lat="62.4857110" lon="8.1351770">
    <ele>93.8</ele>
    <time>2025-07-08T12:26:15Z</time>
   </trkpt>
   <trkpt lat="62.4857020" lon="8.1351720">
    <ele>93.8</ele>
    <time>2025-07-08T12:26:16Z</time>
   </trkpt>
   <trkpt lat="62.4856920" lon="8.1351670">
    <ele>93.9</ele>
    <time>2025-07-08T12:26:17Z</time>
   </trkpt>
   <trkpt lat="62.4856800" lon="8.1351570">
    <ele>94.0</ele>
    <time>2025-07-08T12:26:18Z</time>
   </trkpt>
   <trkpt lat="62.4856680" lon="8.1351500">
    <ele>94.0</ele>
    <time>2025-07-08T12:26:19Z</time>
   </trkpt>
   <trkpt lat="62.4856580" lon="8.1351430">
    <ele>94.1</ele>
    <time>2025-07-08T12:26:20Z</time>
   </trkpt>
   <trkpt lat="62.4856450" lon="8.1351350">
    <ele>94.2</ele>
    <time>2025-07-08T12:26:21Z</time>
   </trkpt>
   <trkpt lat="62.4856310" lon="8.1351270">
    <ele>94.2</ele>
    <time>2025-07-08T12:26:22Z</time>
   </trkpt>
   <trkpt lat="62.4856170" lon="8.1351130">
    <ele>94.3</ele>
    <time>2025-07-08T12:26:23Z</time>
   </trkpt>
   <trkpt lat="62.4856020" lon="8.1350970">
    <ele>94.4</ele>
    <time>2025-07-08T12:26:24Z</time>
   </trkpt>
   <trkpt lat="62.4855910" lon="8.1350800">
    <ele>94.5</ele>
    <time>2025-07-08T12:26:25Z</time>
   </trkpt>
   <trkpt lat="62.4855850" lon="8.1350710">
    <ele>94.5</ele>
    <time>2025-07-08T12:26:26Z</time>
   </trkpt>
   <trkpt lat="62.4855750" lon="8.1350580">
    <ele>94.6</ele>
    <time>2025-07-08T12:26:27Z</time>
   </trkpt>
   <trkpt lat="62.4855620" lon="8.1350450">
    <ele>94.7</ele>
    <time>2025-07-08T12:26:28Z</time>
   </trkpt>
   <trkpt lat="62.4855470" lon="8.1350300">
    <ele>94.8</ele>
    <time>2025-07-08T12:26:29Z</time>
   </trkpt>
   <trkpt lat="62.4855350" lon="8.1350170">
    <ele>94.8</ele>
    <time>2025-07-08T12:26:30Z</time>
   </trkpt>
   <trkpt lat="62.4855210" lon="8.1350040">
    <ele>94.9</ele>
    <time>2025-07-08T12:26:31Z</time>
   </trkpt>
   <trkpt lat="62.4855090" lon="8.1349910">
    <ele>95.0</ele>
    <time>2025-07-08T12:26:32Z</time>
   </trkpt>
   <trkpt lat="62.4854990" lon="8.1349730">
    <ele>95.0</ele>
    <time>2025-07-08T12:26:33Z</time>
   </trkpt>
   <trkpt lat="62.4854930" lon="8.1349550">
    <ele>95.1</ele>
    <time>2025-07-08T12:26:34Z</time>
   </trkpt>
   <trkpt lat="62.4854800" lon="8.1349440">
    <ele>95.2</ele>
    <time>2025-07-08T12:26:35Z</time>
   </trkpt>
   <trkpt lat="62.4854620" lon="8.1349180">
    <ele>95.3</ele>
    <time>2025-07-08T12:26:36Z</time>
   </trkpt>
   <trkpt lat="62.4854490" lon="8.1348980">
    <ele>95.4</ele>
    <time>2025-07-08T12:26:37Z</time>
   </trkpt>
   <trkpt lat="62.4854380" lon="8.1348710">
    <ele>95.5</ele>
    <time>2025-07-08T12:26:38Z</time>
   </trkpt>
   <trkpt lat="62.4854300" lon="8.1348520">
    <ele>95.6</ele>
    <time>2025-07-08T12:26:39Z</time>
   </trkpt>
   <trkpt lat="62.4854200" lon="8.1348440">
    <ele>95.7</ele>
    <time>2025-07-08T12:26:40Z</time>
   </trkpt>
   <trkpt lat="62.4854130" lon="8.1348300">
    <ele>95.7</ele>
    <time>2025-07-08T12:26:41Z</time>
   </trkpt>
   <trkpt lat="62.4854010" lon="8.1347940">
    <ele>95.9</ele>
    <time>2025-07-08T12:26:42Z</time>
   </trkpt>
   <trkpt lat="62.4853970" lon="8.1347790">
    <ele>95.9</ele>
    <time>2025-07-08T12:26:43Z</time>
   </trkpt>
   <trkpt lat="62.4853930" lon="8.1347630">
    <ele>96.0</ele>
    <time>2025-07-08T12:26:44Z</time>
   </trkpt>
   <trkpt lat="62.4853870" lon="8.1347480">
    <ele>96.1</ele>
    <time>2025-07-08T12:26:45Z</time>
   </trkpt>
   <trkpt lat="62.4853840" lon="8.1347340">
    <ele>96.1</ele>
    <time>2025-07-08T12:26:46Z</time>
   </trkpt>
   <trkpt lat="62.4853840" lon="8.1347200">
    <ele>96.2</ele>
    <time>2025-07-08T12:26:47Z</time>
   </trkpt>
   <trkpt lat="62.4853800" lon="8.1346940">
    <ele>96.3</ele>
    <time>2025-07-08T12:26:48Z</time>
   </trkpt>
   <trkpt lat="62.4853740" lon="8.1346690">
    <ele>96.4</ele>
    <time>2025-07-08T12:26:49Z</time>
   </trkpt>
   <trkpt lat="62.4853730" lon="8.1346430">
    <ele>96.6</ele>
    <time>2025-07-08T12:26:50Z</time>
   </trkpt>
   <trkpt lat="62.4853760" lon="8.1346220">
    <ele>96.7</ele>
    <time>2025-07-08T12:26:51Z</time>
   </trkpt>
   <trkpt lat="62.4853770" lon="8.1345890">
    <ele>96.8</ele>
    <time>2025-07-08T12:26:52Z</time>
   </trkpt>
   <trkpt lat="62.4853830" lon="8.1345580">
    <ele>97.0</ele>
    <time>2025-07-08T12:26:53Z</time>
   </trkpt>
   <trkpt lat="62.4853840" lon="8.1345310">
    <ele>97.2</ele>
    <time>2025-07-08T12:26:54Z</time>
   </trkpt>
   <trkpt lat="62.4853780" lon="8.1344910">
    <ele>97.4</ele>
    <time>2025-07-08T12:26:55Z</time>
   </trkpt>
   <trkpt lat="62.4853740" lon="8.1344710">
    <ele>97.5</ele>
    <time>2025-07-08T12:26:56Z</time>
   </trkpt>
   <trkpt lat="62.4853690" lon="8.1344500">
    <ele>97.7</ele>
    <time>2025-07-08T12:26:57Z</time>
   </trkpt>
   <trkpt lat="62.4853660" lon="8.1344340">
    <ele>97.8</ele>
    <time>2025-07-08T12:26:58Z</time>
   </trkpt>
   <trkpt lat="62.4853650" lon="8.1344230">
    <ele>97.8</ele>
    <time>2025-07-08T12:26:59Z</time>
   </trkpt>
   <trkpt lat="62.4853620" lon="8.1344000">
    <ele>98.0</ele>
    <time>2025-07-08T12:27:00Z</time>
   </trkpt>
   <trkpt lat="62.4853570" lon="8.1343620">
    <ele>98.2</ele>
    <time>2025-07-08T12:27:01Z</time>
   </trkpt>
   <trkpt lat="62.4853500" lon="8.1343260">
    <ele>98.5</ele>
    <time>2025-07-08T12:27:02Z</time>
   </trkpt>
   <trkpt lat="62.4853410" lon="8.1343080">
    <ele>98.6</ele>
    <time>2025-07-08T12:27:03Z</time>
   </trkpt>
   <trkpt lat="62.4853270" lon="8.1342710">
    <ele>98.9</ele>
    <time>2025-07-08T12:27:04Z</time>
   </trkpt>
   <trkpt lat="62.4853220" lon="8.1342580">
    <ele>99.0</ele>
    <time>2025-07-08T12:27:05Z</time>
   </trkpt>
   <trkpt lat="62.4853160" lon="8.1342450">
    <ele>99.1</ele>
    <time>2025-07-08T12:27:06Z</time>
   </trkpt>
   <trkpt lat="62.4853040" lon="8.1342080">
    <ele>99.4</ele>
    <time>2025-07-08T12:27:07Z</time>
   </trkpt>
   <trkpt lat="62.4853000" lon="8.1341920">
    <ele>99.6</ele>
    <time>2025-07-08T12:27:08Z</time>
   </trkpt>
   <trkpt lat="62.4852960" lon="8.1341750">
    <ele>99.7</ele>
    <time>2025-07-08T12:27:09Z</time>
   </trkpt>
   <trkpt lat="62.4852920" lon="8.1341640">
    <ele>99.8</ele>
    <time>2025-07-08T12:27:10Z</time>
   </trkpt>
   <trkpt lat="62.4852890" lon="8.1341470">
    <ele>99.9</ele>
    <time>2025-07-08T12:27:11Z</time>
   </trkpt>
   <trkpt lat="62.4852810" lon="8.1341220">
    <ele>100.1</ele>
    <time>2025-07-08T12:27:12Z</time>
   </trkpt>
   <trkpt lat="62.4852700" lon="8.1340840">
    <ele>100.3</ele>
    <time>2025-07-08T12:27:13Z</time>
   </trkpt>
   <trkpt lat="62.4852670" lon="8.1340630">
    <ele>100.5</ele>
    <time>2025-07-08T12:27:14Z</time>
   </trkpt>
   <trkpt lat="62.4852630" lon="8.1340430">
    <ele>100.6</ele>
    <time>2025-07-08T12:27:15Z</time>
   </trkpt>
   <trkpt lat="62.4852560" lon="8.1340100">
    <ele>100.8</ele>
    <time>2025-07-08T12:27:16Z</time>
   </trkpt>
   <trkpt lat="62.4852530" lon="8.1339890">
    <ele>100.9</ele>
    <time>2025-07-08T12:27:17Z</time>
   </trkpt>
   <trkpt lat="62.4852490" lon="8.1339690">
    <ele>101.1</ele>
    <time>2025-07-08T12:27:18Z</time>
   </trkpt>
   <trkpt lat="62.4852390" lon="8.1339370">
    <ele>101.3</ele>
    <time>2025-07-08T12:27:19Z</time>
   </trkpt>
   <trkpt lat="62.4852270" lon="8.1339280">
    <ele>101.4</ele>
    <time>2025-07-08T12:27:20Z</time>
   </trkpt>
   <trkpt lat="62.4852200" lon="8.1339140">
    <ele>101.5</ele>
    <time>2025-07-08T12:27:21Z</time>
   </trkpt>
   <trkpt lat="62.4852200" lon="8.1338930">
    <ele>101.7</ele>
    <time>2025-07-08T12:27:22Z</time>
   </trkpt>
   <trkpt lat="62.4852110" lon="8.1338710">
    <ele>101.8</ele>
    <time>2025-07-08T12:27:23Z</time>
   </trkpt>
   <trkpt lat="62.4851930" lon="8.1338520">
    <ele>102.0</ele>
    <time>2025-07-08T12:27:24Z</time>
   </trkpt>
   <trkpt lat="62.4851860" lon="8.1338190">
    <ele>102.2</ele>
    <time>2025-07-08T12:27:25Z</time>
   </trkpt>
   <trkpt lat="62.4851750" lon="8.1338080">
    <ele>102.3</ele>
    <time>2025-07-08T12:27:26Z</time>
   </trkpt>
   <trkpt lat="62.4851700" lon="8.1338070">
    <ele>102.4</ele>
    <time>2025-07-08T12:27:27Z</time>
   </trkpt>
   <trkpt lat="62.4851600" lon="8.1337830">
    <ele>102.5</ele>
    <time>2025-07-08T12:27:28Z</time>
   </trkpt>
   <trkpt lat="62.4851470" lon="8.1337610">
    <ele>102.7</ele>
    <time>2025-07-08T12:27:29Z</time>
   </trkpt>
   <trkpt lat="62.4851390" lon="8.1337310">
    <ele>102.8</ele>
    <time>2025-07-08T12:27:30Z</time>
   </trkpt>
   <trkpt lat="62.4851300" lon="8.1337020">
    <ele>103.0</ele>
    <time>2025-07-08T12:27:31Z</time>
   </trkpt>
   <trkpt lat="62.4851220" lon="8.1336800">
    <ele>103.1</ele>
    <time>2025-07-08T12:27:32Z</time>
   </trkpt>
   <trkpt lat="62.4851150" lon="8.1336620">
    <ele>103.2</ele>
    <time>2025-07-08T12:27:33Z</time>
   </trkpt>
   <trkpt lat="62.4851060" lon="8.1336390">
    <ele>103.3</ele>
    <time>2025-07-08T12:27:34Z</time>
   </trkpt>
   <trkpt lat="62.4850970" lon="8.1336290">
    <ele>103.4</ele>
    <time>2025-07-08T12:27:35Z</time>
   </trkpt>
   <trkpt lat="62.4850820" lon="8.1336050">
    <ele>103.6</ele>
    <time>2025-07-08T12:27:36Z</time>
   </trkpt>
   <trkpt lat="62.4850720" lon="8.1335850">
    <ele>103.7</ele>
    <time>2025-07-08T12:27:37Z</time>
   </trkpt>
   <trkpt lat="62.4850570" lon="8.1335630">
    <ele>103.9</ele>
    <time>2025-07-08T12:27:38Z</time>
   </trkpt>
   <trkpt lat="62.4850480" lon="8.1335510">
    <ele>104.0</ele>
    <time>2025-07-08T12:27:39Z</time>
   </trkpt>
   <trkpt lat="62.4850400" lon="8.1335380">
    <ele>104.1</ele>
    <time>2025-07-08T12:27:40Z</time>
   </trkpt>
   <trkpt lat="62.4850270" lon="8.1335020">
    <ele>104.3</ele>
    <time>2025-07-08T12:27:41Z</time>
   </trkpt>
   <trkpt lat="62.4850230" lon="8.1334850">
    <ele>104.4</ele>
    <time>2025-07-08T12:27:42Z</time>
   </trkpt>
   <trkpt lat="62.4850190" lon="8.1334690">
    <ele>104.4</ele>
    <time>2025-07-08T12:27:43Z</time>
   </trkpt>
   <trkpt lat="62.4850120" lon="8.1334500">
    <ele>104.5</ele>
    <time>2025-07-08T12:27:44Z</time>
   </trkpt>
   <trkpt lat="62.4850080" lon="8.1334350">
    <ele>104.6</ele>
    <time>2025-07-08T12:27:45Z</time>
   </trkpt>
   <trkpt lat="62.4850000" lon="8.1334200">
    <ele>104.7</ele>
    <time>2025-07-08T12:27:46Z</time>
   </trkpt>
   <trkpt lat="62.4849980" lon="8.1334170">
    <ele>104.7</ele>
    <time>2025-07-08T12:27:47Z</time>
   </trkpt>
   <trkpt lat="62.4850010" lon="8.1333920">
    <ele>104.8</ele>
    <time>2025-07-08T12:27:48Z</time>
   </trkpt>
   <trkpt lat="62.4849910" lon="8.1333660">
    <ele>105.0</ele>
    <time>2025-07-08T12:27:49Z</time>
   </trkpt>
   <trkpt lat="62.4849800" lon="8.1333350">
    <ele>105.1</ele>
    <time>2025-07-08T12:27:50Z</time>
   </trkpt>
   <trkpt lat="62.4849710" lon="8.1333100">
    <ele>105.2</ele>
    <time>2025-07-08T12:27:51Z</time>
   </trkpt>
   <trkpt lat="62.4849560" lon="8.1332770">
    <ele>105.4</ele>
    <time>2025-07-08T12:27:52Z</time>
   </trkpt>
   <trkpt lat="62.4849500" lon="8.1332620">
    <ele>105.5</ele>
    <time>2025-07-08T12:27:53Z</time>
   </trkpt>
   <trkpt lat="62.4849440" lon="8.1332470">
    <ele>105.5</ele>
    <time>2025-07-08T12:27:54Z</time>
   </trkpt>
   <trkpt lat="62.4849340" lon="8.1332170">
    <ele>105.6</ele>
    <time>2025-07-08T12:27:55Z</time>
   </trkpt>
   <trkpt lat="62.4849190" lon="8.1332020">
    <ele>105.7</ele>
    <time>2025-07-08T12:27:56Z</time>
   </trkpt>
   <trkpt lat="62.4848920" lon="8.1331810">
    <ele>105.9</ele>
    <time>2025-07-08T12:27:57Z</time>
   </trkpt>
   <trkpt lat="62.4848820" lon="8.1331830">
    <ele>105.9</ele>
    <time>2025-07-08T12:27:58Z</time>
   </trkpt>
   <trkpt lat="62.4848620" lon="8.1331770">
    <ele>106.1</ele>
    <time>2025-07-08T12:27:59Z</time>
   </trkpt>
   <trkpt lat="62.4848530" lon="8.1331710">
    <ele>106.1</ele>
    <time>2025-07-08T12:28:00Z</time>
   </trkpt>
   <trkpt lat="62.4848430" lon="8.1331660">
    <ele>106.2</ele>
    <time>2025-07-08T12:28:01Z</time>
   </trkpt>
   <trkpt lat="62.4848330" lon="8.1331600">
    <ele>106.2</ele>
    <time>2025-07-08T12:28:02Z</time>
   </trkpt>
   <trkpt lat="62.4848150" lon="8.1331430">
    <ele>106.3</ele>
    <time>2025-07-08T12:28:03Z</time>
   </trkpt>
   <trkpt lat="62.4847860" lon="8.1331300">
    <ele>106.5</ele>
    <time>2025-07-08T12:28:04Z</time>
   </trkpt>
   <trkpt lat="62.4847770" lon="8.1331280">
    <ele>106.5</ele>
    <time>2025-07-08T12:28:05Z</time>
   </trkpt>
   <trkpt lat="62.4847660" lon="8.1331230">
    <ele>106.6</ele>
    <time>2025-07-08T12:28:06Z</time>
   </trkpt>
   <trkpt lat="62.4847550" lon="8.1331150">
    <ele>106.7</ele>
    <time>2025-07-08T12:28:07Z</time>
   </trkpt>
   <trkpt lat="62.4847500" lon="8.1331110">
    <ele>106.7</ele>
    <time>2025-07-08T12:28:08Z</time>
   </trkpt>
   <trkpt lat="62.4847370" lon="8.1330920">
    <ele>106.8</ele>
    <time>2025-07-08T12:28:09Z</time>
   </trkpt>
   <trkpt lat="62.4847190" lon="8.1330860">
    <ele>106.9</ele>
    <time>2025-07-08T12:28:10Z</time>
   </trkpt>
   <trkpt lat="62.4847060" lon="8.1330770">
    <ele>107.0</ele>
    <time>2025-07-08T12:28:11Z</time>
   </trkpt>
   <trkpt lat="62.4846880" lon="8.1330740">
    <ele>107.2</ele>
    <time>2025-07-08T12:28:12Z</time>
   </trkpt>
   <trkpt lat="62.4846780" lon="8.1330720">
    <ele>107.2</ele>
    <time>2025-07-08T12:28:13Z</time>
   </trkpt>
   <trkpt lat="62.4846680" lon="8.1330690">
    <ele>107.3</ele>
    <time>2025-07-08T12:28:14Z</time>
   </trkpt>
   <trkpt lat="62.4846570" lon="8.1330640">
    <ele>107.4</ele>
    <time>2025-07-08T12:28:15Z</time>
   </trkpt>
   <trkpt lat="62.4846400" lon="8.1330610">
    <ele>107.5</ele>
    <time>2025-07-08T12:28:16Z</time>
   </trkpt>
   <trkpt lat="62.4846270" lon="8.1330590">
    <ele>107.6</ele>
    <time>2025-07-08T12:28:17Z</time>
   </trkpt>
   <trkpt lat="62.4846130" lon="8.1330610">
    <ele>107.8</ele>
    <time>2025-07-08T12:28:18Z</time>
   </trkpt>
   <trkpt lat="62.4846050" lon="8.1330610">
    <ele>107.8</ele>
    <time>2025-07-08T12:28:19Z</time>
   </trkpt>
   <trkpt lat="62.4845970" lon="8.1330600">
    <ele>107.9</ele>
    <time>2025-07-08T12:28:20Z</time>
   </trkpt>
   <trkpt lat="62.4845700" lon="8.1330390">
    <ele>108.2</ele>
    <time>2025-07-08T12:28:21Z</time>
   </trkpt>
   <trkpt lat="62.4845610" lon="8.1330330">
    <ele>108.3</ele>
    <time>2025-07-08T12:28:22Z</time>
   </trkpt>
   <trkpt lat="62.4845450" lon="8.1330180">
    <ele>108.5</ele>
    <time>2025-07-08T12:28:23Z</time>
   </trkpt>
   <trkpt lat="62.4845300" lon="8.1330080">
    <ele>108.6</ele>
    <time>2025-07-08T12:28:24Z</time>
   </trkpt>
   <trkpt lat="62.4845210" lon="8.1329960">
    <ele>108.7</ele>
    <time>2025-07-08T12:28:25Z</time>
   </trkpt>
   <trkpt lat="62.4845110" lon="8.1329840">
    <ele>108.8</ele>
    <time>2025-07-08T12:28:26Z</time>
   </trkpt>
   <trkpt lat="62.4844980" lon="8.1329790">
    <ele>109.0</ele>
    <time>2025-07-08T12:28:27Z</time>
   </trkpt>
   <trkpt lat="62.4844880" lon="8.1329710">
    <ele>109.1</ele>
    <time>2025-07-08T12:28:28Z</time>
   </trkpt>
   <trkpt lat="62.4844770" lon="8.1329620">
    <ele>109.2</ele>
    <time>2025-07-08T12:28:29Z</time>
   </trkpt>
   <trkpt lat="62.4844660" lon="8.1329540">
    <ele>109.3</ele>
    <time>2025-07-08T12:28:30Z</time>
   </trkpt>
   <trkpt lat="62.4844510" lon="8.1329310">
    <ele>109.5</ele>
    <time>2025-07-08T12:28:31Z</time>
   </trkpt>
   <trkpt lat="62.4844440" lon="8.1329050">
    <ele>109.6</ele>
    <time>2025-07-08T12:28:32Z</time>
   </trkpt>
   <trkpt lat="62.4844320" lon="8.1328680">
    <ele>109.8</ele>
    <time>2025-07-08T12:28:33Z</time>
   </trkpt>
   <trkpt lat="62.4844280" lon="8.1328530">
    <ele>109.9</ele>
    <time>2025-07-08T12:28:34Z</time>
   </trkpt>
   <trkpt lat="62.4844230" lon="8.1328380">
    <ele>110.0</ele>
    <time>2025-07-08T12:28:35Z</time>
   </trkpt>
   <trkpt lat="62.4844110" lon="8.1328100">
    <ele>110.1</ele>
    <time>2025-07-08T12:28:36Z</time>
   </trkpt>
   <trkpt lat="62.4844040" lon="8.1327950">
    <ele>110.2</ele>
    <time>2025-07-08T12:28:37Z</time>
   </trkpt>
   <trkpt lat="62.4843970" lon="8.1327800">
    <ele>110.3</ele>
    <time>2025-07-08T12:28:38Z</time>
   </trkpt>
   <trkpt lat="62.4843840" lon="8.1327460">
    <ele>110.5</ele>
    <time>2025-07-08T12:28:39Z</time>
   </trkpt>
   <trkpt lat="62.4843780" lon="8.1327240">
    <ele>110.6</ele>
    <time>2025-07-08T12:28:40Z</time>
   </trkpt>
   <trkpt lat="62.4843730" lon="8.1327010">
    <ele>110.7</ele>
    <time>2025-07-08T12:28:41Z</time>
   </trkpt>
   <trkpt lat="62.4843640" lon="8.1326780">
    <ele>110.8</ele>
    <time>2025-07-08T12:28:42Z</time>
   </trkpt>
   <trkpt lat="62.4843580" lon="8.1326610">
    <ele>110.9</ele>
    <time>2025-07-08T12:28:43Z</time>
   </trkpt>
   <trkpt lat="62.4843550" lon="8.1326550">
    <ele>110.9</ele>
    <time>2025-07-08T12:28:44Z</time>
   </trkpt>
   <trkpt lat="62.4843400" lon="8.1326250">
    <ele>111.1</ele>
    <time>2025-07-08T12:28:45Z</time>
   </trkpt>
   <trkpt lat="62.4843320" lon="8.1326100">
    <ele>111.2</ele>
    <time>2025-07-08T12:28:46Z</time>
   </trkpt>
   <trkpt lat="62.4843250" lon="8.1325950">
    <ele>111.3</ele>
    <time>2025-07-08T12:28:47Z</time>
   </trkpt>
   <trkpt lat="62.4843140" lon="8.1325830">
    <ele>111.5</ele>
    <time>2025-07-08T12:28:48Z</time>
   </trkpt>
   <trkpt lat="62.4842960" lon="8.1325570">
    <ele>111.7</ele>
    <time>2025-07-08T12:28:49Z</time>
   </trkpt>
   <trkpt lat="62.4842790" lon="8.1325360">
    <ele>111.9</ele>
    <time>2025-07-08T12:28:50Z</time>
   </trkpt>
   <trkpt lat="62.4842660" lon="8.1325150">
    <ele>112.1</ele>
    <time>2025-07-08T12:28:51Z</time>
   </trkpt>
   <trkpt lat="62.4842590" lon="8.1325030">
    <ele>112.2</ele>
    <time>2025-07-08T12:28:52Z</time>
   </trkpt>
   <trkpt lat="62.4842500" lon="8.1324840">
    <ele>112.4</ele>
    <time>2025-07-08T12:28:53Z</time>
   </trkpt>
   <trkpt lat="62.4842410" lon="8.1324670">
    <ele>112.6</ele>
    <time>2025-07-08T12:28:54Z</time>
   </trkpt>
   <trkpt lat="62.4842250" lon="8.1324420">
    <ele>112.8</ele>
    <time>2025-07-08T12:28:55Z</time>
   </trkpt>
   <trkpt lat="62.4842180" lon="8.1324320">
    <ele>112.9</ele>
    <time>2025-07-08T12:28:56Z</time>
   </trkpt>
   <trkpt lat="62.4842110" lon="8.1324220">
    <ele>113.0</ele>
    <time>2025-07-08T12:28:57Z</time>
   </trkpt>
   <trkpt lat="62.4842010" lon="8.1324120">
    <ele>113.2</ele>
    <time>2025-07-08T12:28:58Z</time>
   </trkpt>
   <trkpt lat="62.4841960" lon="8.1324010">
    <ele>113.3</ele>
    <time>2025-07-08T12:28:59Z</time>
   </trkpt>
   <trkpt lat="62.4841830" lon="8.1323790">
    <ele>113.5</ele>
    <time>2025-07-08T12:29:00Z</time>
   </trkpt>
   <trkpt lat="62.4841750" lon="8.1323650">
    <ele>113.6</ele>
    <time>2025-07-08T12:29:01Z</time>
   </trkpt>
   <trkpt lat="62.4841620" lon="8.1323580">
    <ele>113.8</ele>
    <time>2025-07-08T12:29:02Z</time>
   </trkpt>
   <trkpt lat="62.4841580" lon="8.1323420">
    <ele>113.9</ele>
    <time>2025-07-08T12:29:03Z</time>
   </trkpt>
   <trkpt lat="62.4841450" lon="8.1323090">
    <ele>114.2</ele>
    <time>2025-07-08T12:29:04Z</time>
   </trkpt>
   <trkpt lat="62.4841430" lon="8.1322890">
    <ele>114.3</ele>
    <time>2025-07-08T12:29:05Z</time>
   </trkpt>
   <trkpt lat="62.4841400" lon="8.1322690">
    <ele>114.4</ele>
    <time>2025-07-08T12:29:06Z</time>
   </trkpt>
   <trkpt lat="62.4841230" lon="8.1322560">
    <ele>114.7</ele>
    <time>2025-07-08T12:29:07Z</time>
   </trkpt>
   <trkpt lat="62.4841170" lon="8.1322480">
    <ele>114.7</ele>
    <time>2025-07-08T12:29:08Z</time>
   </trkpt>
   <trkpt lat="62.4841100" lon="8.1322400">
    <ele>114.8</ele>
    <time>2025-07-08T12:29:09Z</time>
   </trkpt>
   <trkpt lat="62.4841030" lon="8.1322320">
    <ele>114.9</ele>
    <time>2025-07-08T12:29:10Z</time>
   </trkpt>
   <trkpt lat="62.4840750" lon="8.1322310">
    <ele>115.3</ele>
    <time>2025-07-08T12:29:11Z</time>
   </trkpt>
   <trkpt lat="62.4840610" lon="8.1322350">
    <ele>115.4</ele>
    <time>2025-07-08T12:29:12Z</time>
   </trkpt>
   <trkpt lat="62.4840500" lon="8.1322240">
    <ele>115.5</ele>
    <time>2025-07-08T12:29:13Z</time>
   </trkpt>
   <trkpt lat="62.4840450" lon="8.1322260">
    <ele>115.6</ele>
    <time>2025-07-08T12:29:14Z</time>
   </trkpt>
   <trkpt lat="62.4840360" lon="8.1322120">
    <ele>115.7</ele>
    <time>2025-07-08T12:29:15Z</time>
   </trkpt>
   <trkpt lat="62.4840200" lon="8.1321960">
    <ele>115.9</ele>
    <time>2025-07-08T12:29:16Z</time>
   </trkpt>
   <trkpt lat="62.4840130" lon="8.1321770">
    <ele>116.0</ele>
    <time>2025-07-08T12:29:17Z</time>
   </trkpt>
   <trkpt lat="62.4840020" lon="8.1321690">
    <ele>116.1</ele>
    <time>2025-07-08T12:29:18Z</time>
   </trkpt>
   <trkpt lat="62.4839940" lon="8.1321620">
    <ele>116.2</ele>
    <time>2025-07-08T12:29:19Z</time>
   </trkpt>
   <trkpt lat="62.4839810" lon="8.1321470">
    <ele>116.3</ele>
    <time>2025-07-08T12:29:20Z</time>
   </trkpt>
   <trkpt lat="62.4839680" lon="8.1321280">
    <ele>116.5</ele>
    <time>2025-07-08T12:29:21Z</time>
   </trkpt>
   <trkpt lat="62.4839540" lon="8.1321170">
    <ele>116.6</ele>
    <time>2025-07-08T12:29:22Z</time>
   </trkpt>
   <trkpt lat="62.4839440" lon="8.1320970">
    <ele>116.7</ele>
    <time>2025-07-08T12:29:23Z</time>
   </trkpt>
   <trkpt lat="62.4839330" lon="8.1320890">
    <ele>116.8</ele>
    <time>2025-07-08T12:29:24Z</time>
   </trkpt>
   <trkpt lat="62.4839340" lon="8.1320910">
    <ele>116.8</ele>
    <time>2025-07-08T12:29:25Z</time>
   </trkpt>
   <trkpt lat="62.4839240" lon="8.1320890">
    <ele>116.9</ele>
    <time>2025-07-08T12:29:26Z</time>
   </trkpt>
   <trkpt lat="62.4839130" lon="8.1320860">
    <ele>117.0</ele>
    <time>2025-07-08T12:29:27Z</time>
   </trkpt>
   <trkpt lat="62.4839030" lon="8.1320800">
    <ele>117.1</ele>
    <time>2025-07-08T12:29:28Z</time>
   </trkpt>
   <trkpt lat="62.4838910" lon="8.1320760">
    <ele>117.2</ele>
    <time>2025-07-08T12:29:29Z</time>
   </trkpt>
   <trkpt lat="62.4838760" lon="8.1320670">
    <ele>117.3</ele>
    <time>2025-07-08T12:29:30Z</time>
   </trkpt>
   <trkpt lat="62.4838680" lon="8.1320680">
    <ele>117.4</ele>
    <time>2025-07-08T12:29:31Z</time>
   </trkpt>
   <trkpt lat="62.4838600" lon="8.1320610">
    <ele>117.5</ele>
    <time>2025-07-08T12:29:32Z</time>
   </trkpt>
   <trkpt lat="62.4838420" lon="8.1320400">
    <ele>117.6</ele>
    <time>2025-07-08T12:29:33Z</time>
   </trkpt>
   <trkpt lat="62.4838310" lon="8.1320330">
    <ele>117.7</ele>
    <time>2025-07-08T12:29:34Z</time>
   </trkpt>
   <trkpt lat="62.4838210" lon="8.1320260">
    <ele>117.8</ele>
    <time>2025-07-08T12:29:35Z</time>
   </trkpt>
   <trkpt lat="62.4837950" lon="8.1319960">
    <ele>118.1</ele>
    <time>2025-07-08T12:29:36Z</time>
   </trkpt>
   <trkpt lat="62.4837850" lon="8.1319860">
    <ele>118.1</ele>
    <time>2025-07-08T12:29:37Z</time>
   </trkpt>
   <trkpt lat="62.4837720" lon="8.1319650">
    <ele>118.3</ele>
    <time>2025-07-08T12:29:38Z</time>
   </trkpt>
   <trkpt lat="62.4837660" lon="8.1319460">
    <ele>118.4</ele>
    <time>2025-07-08T12:29:39Z</time>
   </trkpt>
   <trkpt lat="62.4837510" lon="8.1319430">
    <ele>118.5</ele>
    <time>2025-07-08T12:29:40Z</time>
   </trkpt>
   <trkpt lat="62.4837410" lon="8.1319310">
    <ele>118.6</ele>
    <time>2025-07-08T12:29:41Z</time>
   </trkpt>
   <trkpt lat="62.4837260" lon="8.1319110">
    <ele>118.7</ele>
    <time>2025-07-08T12:29:42Z</time>
   </trkpt>
   <trkpt lat="62.4837180" lon="8.1318970">
    <ele>118.8</ele>
    <time>2025-07-08T12:29:43Z</time>
   </trkpt>
   <trkpt lat="62.4837140" lon="8.1318860">
    <ele>118.8</ele>
    <time>2025-07-08T12:29:44Z</time>
   </trkpt>
   <trkpt lat="62.4837020" lon="8.1318680">
    <ele>119.0</ele>
    <time>2025-07-08T12:29:45Z</time>
   </trkpt>
   <trkpt lat="62.4836870" lon="8.1318610">
    <ele>119.1</ele>
    <time>2025-07-08T12:29:46Z</time>
   </trkpt>
   <trkpt lat="62.4836720" lon="8.1318440">
    <ele>119.2</ele>
    <time>2025-07-08T12:29:47Z</time>
   </trkpt>
   <trkpt lat="62.4836610" lon="8.1318310">
    <ele>119.3</ele>
    <time>2025-07-08T12:29:48Z</time>
   </trkpt>
   <trkpt lat="62.4836530" lon="8.1318170">
    <ele>119.4</ele>
    <time>2025-07-08T12:29:49Z</time>
   </trkpt>
   <trkpt lat="62.4836460" lon="8.1318070">
    <ele>119.4</ele>
    <time>2025-07-08T12:29:50Z</time>
   </trkpt>
   <trkpt lat="62.4836350" lon="8.1317940">
    <ele>119.5</ele>
    <time>2025-07-08T12:29:51Z</time>
   </trkpt>
   <trkpt lat="62.4836170" lon="8.1317650">
    <ele>119.7</ele>
    <time>2025-07-08T12:29:52Z</time>
   </trkpt>
   <trkpt lat="62.4836090" lon="8.1317510">
    <ele>119.8</ele>
    <time>2025-07-08T12:29:53Z</time>
   </trkpt>
   <trkpt lat="62.4836020" lon="8.1317380">
    <ele>119.8</ele>
    <time>2025-07-08T12:29:54Z</time>
   </trkpt>
   <trkpt lat="62.4835800" lon="8.1317230">
    <ele>120.0</ele>
    <time>2025-07-08T12:29:55Z</time>
   </trkpt>
   <trkpt lat="62.4835730" lon="8.1317180">
    <ele>120.0</ele>
    <time>2025-07-08T12:29:56Z</time>
   </trkpt>
   <trkpt lat="62.4835650" lon="8.1317140">
    <ele>120.0</ele>
    <time>2025-07-08T12:29:57Z</time>
   </trkpt>
   <trkpt lat="62.4835560" lon="8.1317050">
    <ele>120.1</ele>
    <time>2025-07-08T12:29:58Z</time>
   </trkpt>
   <trkpt lat="62.4835500" lon="8.1317040">
    <ele>120.1</ele>
    <time>2025-07-08T12:29:59Z</time>
   </trkpt>
   <trkpt lat="62.4835330" lon="8.1316990">
    <ele>120.2</ele>
    <time>2025-07-08T12:30:00Z</time>
   </trkpt>
   <trkpt lat="62.4835230" lon="8.1317030">
    <ele>120.3</ele>
    <time>2025-07-08T12:30:01Z</time>
   </trkpt>
   <trkpt lat="62.4835150" lon="8.1317050">
    <ele>120.3</ele>
    <time>2025-07-08T12:30:02Z</time>
   </trkpt>
   <trkpt lat="62.4834980" lon="8.1316940">
    <ele>120.4</ele>
    <time>2025-07-08T12:30:03Z</time>
   </trkpt>
   <trkpt lat="62.4834680" lon="8.1316870">
    <ele>120.5</ele>
    <time>2025-07-08T12:30:04Z</time>
   </trkpt>
   <trkpt lat="62.4834580" lon="8.1316870">
    <ele>120.6</ele>
    <time>2025-07-08T12:30:05Z</time>
   </trkpt>
   <trkpt lat="62.4834410" lon="8.1316730">
    <ele>120.6</ele>
    <time>2025-07-08T12:30:06Z</time>
   </trkpt>
   <trkpt lat="62.4834250" lon="8.1316790">
    <ele>120.7</ele>
    <time>2025-07-08T12:30:07Z</time>
   </trkpt>
   <trkpt lat="62.4834050" lon="8.1316840">
    <ele>120.8</ele>
    <time>2025-07-08T12:30:08Z</time>
   </trkpt>
   <trkpt lat="62.4833940" lon="8.1316880">
    <ele>120.9</ele>
    <time>2025-07-08T12:30:09Z</time>
   </trkpt>
   <trkpt lat="62.4833840" lon="8.1316910">
    <ele>120.9</ele>
    <time>2025-07-08T12:30:10Z</time>
   </trkpt>
   <trkpt lat="62.4833550" lon="8.1317070">
    <ele>121.1</ele>
    <time>2025-07-08T12:30:11Z</time>
   </trkpt>
   <trkpt lat="62.4833460" lon="8.1317150">
    <ele>121.2</ele>
    <time>2025-07-08T12:30:12Z</time>
   </trkpt>
   <trkpt lat="62.4833340" lon="8.1317220">
    <ele>121.3</ele>
    <time>2025-07-08T12:30:13Z</time>
   </trkpt>
   <trkpt lat="62.4833170" lon="8.1317310">
    <ele>121.5</ele>
    <time>2025-07-08T12:30:14Z</time>
   </trkpt>
   <trkpt lat="62.4832990" lon="8.1317420">
    <ele>121.6</ele>
    <time>2025-07-08T12:30:15Z</time>
   </trkpt>
   <trkpt lat="62.4832900" lon="8.1317450">
    <ele>121.7</ele>
    <time>2025-07-08T12:30:16Z</time>
   </trkpt>
   <trkpt lat="62.4832820" lon="8.1317490">
    <ele>121.8</ele>
    <time>2025-07-08T12:30:17Z</time>
   </trkpt>
   <trkpt lat="62.4832730" lon="8.1317520">
    <ele>121.9</ele>
    <time>2025-07-08T12:30:18Z</time>
   </trkpt>
   <trkpt lat="62.4832580" lon="8.1317460">
    <ele>122.0</ele>
    <time>2025-07-08T12:30:19Z</time>
   </trkpt>
   <trkpt lat="62.4832430" lon="8.1317280">
    <ele>122.1</ele>
    <time>2025-07-08T12:30:20Z</time>
   </trkpt>
   <trkpt lat="62.4832320" lon="8.1317140">
    <ele>122.3</ele>
    <time>2025-07-08T12:30:21Z</time>
   </trkpt>
   <trkpt lat="62.4832230" lon="8.1317000">
    <ele>122.4</ele>
    <time>2025-07-08T12:30:22Z</time>
   </trkpt>
   <trkpt lat="62.4832190" lon="8.1316910">
    <ele>122.4</ele>
    <time>2025-07-08T12:30:23Z</time>
   </trkpt>
   <trkpt lat="62.4832100" lon="8.1316690">
    <ele>122.5</ele>
    <time>2025-07-08T12:30:24Z</time>
   </trkpt>
   <trkpt lat="62.4832000" lon="8.1316470">
    <ele>122.6</ele>
    <time>2025-07-08T12:30:25Z</time>
   </trkpt>
   <trkpt lat="62.4831950" lon="8.1316230">
    <ele>122.7</ele>
    <time>2025-07-08T12:30:26Z</time>
   </trkpt>
   <trkpt lat="62.4831910" lon="8.1316030">
    <ele>122.8</ele>
    <time>2025-07-08T12:30:27Z</time>
   </trkpt>
   <trkpt lat="62.4831810" lon="8.1315880">
    <ele>122.9</ele>
    <time>2025-07-08T12:30:28Z</time>
   </trkpt>
   <trkpt lat="62.4831700" lon="8.1315640">
    <ele>123.0</ele>
    <time>2025-07-08T12:30:29Z</time>
   </trkpt>
   <trkpt lat="62.4831560" lon="8.1315410">
    <ele>123.2</ele>
    <time>2025-07-08T12:30:30Z</time>
   </trkpt>
   <trkpt lat="62.4831390" lon="8.1315300">
    <ele>123.3</ele>
    <time>2025-07-08T12:30:31Z</time>
   </trkpt>
   <trkpt lat="62.4831290" lon="8.1315030">
    <ele>123.4</ele>
    <time>2025-07-08T12:30:32Z</time>
   </trkpt>
   <trkpt lat="62.4831110" lon="8.1314800">
    <ele>123.6</ele>
    <time>2025-07-08T12:30:33Z</time>
   </trkpt>
   <trkpt lat="62.4831040" lon="8.1314710">
    <ele>123.7</ele>
    <time>2025-07-08T12:30:34Z</time>
   </trkpt>
   <trkpt lat="62.4830970" lon="8.1314620">
    <ele>123.7</ele>
    <time>2025-07-08T12:30:35Z</time>
   </trkpt>
   <trkpt lat="62.4830780" lon="8.1314350">
    <ele>123.9</ele>
    <time>2025-07-08T12:30:36Z</time>
   </trkpt>
   <trkpt lat="62.4830730" lon="8.1314230">
    <ele>124.0</ele>
    <time>2025-07-08T12:30:37Z</time>
   </trkpt>
   <trkpt lat="62.4830670" lon="8.1314100">
    <ele>124.1</ele>
    <time>2025-07-08T12:30:38Z</time>
   </trkpt>
   <trkpt lat="62.4830570" lon="8.1314000">
    <ele>124.2</ele>
    <time>2025-07-08T12:30:39Z</time>
   </trkpt>
   <trkpt lat="62.4830440" lon="8.1313870">
    <ele>124.3</ele>
    <time>2025-07-08T12:30:40Z</time>
   </trkpt>
   <trkpt lat="62.4830380" lon="8.1313680">
    <ele>124.4</ele>
    <time>2025-07-08T12:30:41Z</time>
   </trkpt>
   <trkpt lat="62.4830280" lon="8.1313450">
    <ele>124.6</ele>
    <time>2025-07-08T12:30:42Z</time>
   </trkpt>
   <trkpt lat="62.4830190" lon="8.1313320">
    <ele>124.7</ele>
    <time>2025-07-08T12:30:43Z</time>
   </trkpt>
   <trkpt lat="62.4830130" lon="8.1313200">
    <ele>124.8</ele>
    <time>2025-07-08T12:30:44Z</time>
   </trkpt>
   <trkpt lat="62.4830030" lon="8.1312900">
    <ele>124.9</ele>
    <time>2025-07-08T12:30:45Z</time>
   </trkpt>
   <trkpt lat="62.4829930" lon="8.1312680">
    <ele>125.1</ele>
    <time>2025-07-08T12:30:46Z</time>
   </trkpt>
   <trkpt lat="62.4829870" lon="8.1312460">
    <ele>125.2</ele>
    <time>2025-07-08T12:30:47Z</time>
   </trkpt>
   <trkpt lat="62.4829770" lon="8.1312350">
    <ele>125.3</ele>
    <time>2025-07-08T12:30:48Z</time>
   </trkpt>
   <trkpt lat="62.4829680" lon="8.1312270">
    <ele>125.4</ele>
    <time>2025-07-08T12:30:49Z</time>
   </trkpt>
   <trkpt lat="62.4829570" lon="8.1312040">
    <ele>125.5</ele>
    <time>2025-07-08T12:30:50Z</time>
   </trkpt>
   <trkpt lat="62.4829480" lon="8.1311740">
    <ele>125.7</ele>
    <time>2025-07-08T12:30:51Z</time>
   </trkpt>
   <trkpt lat="62.4829360" lon="8.1311560">
    <ele>125.8</ele>
    <time>2025-07-08T12:30:52Z</time>
   </trkpt>
   <trkpt lat="62.4829270" lon="8.1311340">
    <ele>125.9</ele>
    <time>2025-07-08T12:30:53Z</time>
   </trkpt>
   <trkpt lat="62.4829170" lon="8.1311210">
    <ele>126.1</ele>
    <time>2025-07-08T12:30:54Z</time>
   </trkpt>
   <trkpt lat="62.4829080" lon="8.1311120">
    <ele>126.2</ele>
    <time>2025-07-08T12:30:55Z</time>
   </trkpt>
   <trkpt lat="62.4829020" lon="8.1310990">
    <ele>126.2</ele>
    <time>2025-07-08T12:30:56Z</time>
   </trkpt>
   <trkpt lat="62.4828870" lon="8.1310690">
    <ele>126.4</ele>
    <time>2025-07-08T12:30:57Z</time>
   </trkpt>
   <trkpt lat="62.4828760" lon="8.1310540">
    <ele>126.5</ele>
    <time>2025-07-08T12:30:58Z</time>
   </trkpt>
   <trkpt lat="62.4828680" lon="8.1310190">
    <ele>126.7</ele>
    <time>2025-07-08T12:30:59Z</time>
   </trkpt>
   <trkpt lat="62.4828620" lon="8.1309990">
    <ele>126.8</ele>
    <time>2025-07-08T12:31:00Z</time>
   </trkpt>
   <trkpt lat="62.4828540" lon="8.1309790">
    <ele>127.0</ele>
    <time>2025-07-08T12:31:01Z</time>
   </trkpt>
   <trkpt lat="62.4828470" lon="8.1309670">
    <ele>127.0</ele>
    <time>2025-07-08T12:31:02Z</time>
   </trkpt>
   <trkpt lat="62.4828420" lon="8.1309460">
    <ele>127.1</ele>
    <time>2025-07-08T12:31:03Z</time>
   </trkpt>
   <trkpt lat="62.4828270" lon="8.1309030">
    <ele>127.4</ele>
    <time>2025-07-08T12:31:04Z</time>
   </trkpt>
   <trkpt lat="62.4828240" lon="8.1308870">
    <ele>127.5</ele>
    <time>2025-07-08T12:31:05Z</time>
   </trkpt>
   <trkpt lat="62.4828200" lon="8.1308700">
    <ele>127.6</ele>
    <time>2025-07-08T12:31:06Z</time>
   </trkpt>
   <trkpt lat="62.4828140" lon="8.1308420">
    <ele>127.7</ele>
    <time>2025-07-08T12:31:07Z</time>
   </trkpt>
   <trkpt lat="62.4828020" lon="8.1308260">
    <ele>127.9</ele>
    <time>2025-07-08T12:31:08Z</time>
   </trkpt>
   <trkpt lat="62.4827900" lon="8.1307930">
    <ele>128.0</ele>
    <time>2025-07-08T12:31:09Z</time>
   </trkpt>
   <trkpt lat="62.4827860" lon="8.1307770">
    <ele>128.1</ele>
    <time>2025-07-08T12:31:10Z</time>
   </trkpt>
   <trkpt lat="62.4827810" lon="8.1307600">
    <ele>128.2</ele>
    <time>2025-07-08T12:31:11Z</time>
   </trkpt>
   <trkpt lat="62.4827740" lon="8.1307290">
    <ele>128.4</ele>
    <time>2025-07-08T12:31:12Z</time>
   </trkpt>
   <trkpt lat="62.4827650" lon="8.1307050">
    <ele>128.5</ele>
    <time>2025-07-08T12:31:13Z</time>
   </trkpt>
   <trkpt lat="62.4827530" lon="8.1306850">
    <ele>128.6</ele>
    <time>2025-07-08T12:31:14Z</time>
   </trkpt>
   <trkpt lat="62.4827370" lon="8.1306790">
    <ele>128.8</ele>
    <time>2025-07-08T12:31:15Z</time>
   </trkpt>
   <trkpt lat="62.4827180" lon="8.1306540">
    <ele>129.0</ele>
    <time>2025-07-08T12:31:16Z</time>
   </trkpt>
   <trkpt lat="62.4827120" lon="8.1306400">
    <ele>129.0</ele>
    <time>2025-07-08T12:31:17Z</time>
   </trkpt>
   <trkpt lat="62.4827050" lon="8.1306250">
    <ele>129.1</ele>
    <time>2025-07-08T12:31:18Z</time>
   </trkpt>
   <trkpt lat="62.4826960" lon="8.1305970">
    <ele>129.3</ele>
    <time>2025-07-08T12:31:19Z</time>
   </trkpt>
   <trkpt lat="62.4826890" lon="8.1305860">
    <ele>129.3</ele>
    <time>2025-07-08T12:31:20Z</time>
   </trkpt>
   <trkpt lat="62.4826820" lon="8.1305820">
    <ele>129.4</ele>
    <time>2025-07-08T12:31:21Z</time>
   </trkpt>
   <trkpt lat="62.4826720" lon="8.1305570">
    <ele>129.5</ele>
    <time>2025-07-08T12:31:22Z</time>
   </trkpt>
   <trkpt lat="62.4826650" lon="8.1305440">
    <ele>129.6</ele>
    <time>2025-07-08T12:31:23Z</time>
   </trkpt>
   <trkpt lat="62.4826590" lon="8.1305240">
    <ele>129.7</ele>
    <time>2025-07-08T12:31:24Z</time>
   </trkpt>
   <trkpt lat="62.4826460" lon="8.1305010">
    <ele>129.9</ele>
    <time>2025-07-08T12:31:25Z</time>
   </trkpt>
   <trkpt lat="62.4826360" lon="8.1304910">
    <ele>130.0</ele>
    <time>2025-07-08T12:31:26Z</time>
   </trkpt>
   <trkpt lat="62.4826260" lon="8.1304810">
    <ele>130.1</ele>
    <time>2025-07-08T12:31:27Z</time>
   </trkpt>
   <trkpt lat="62.4826190" lon="8.1304820">
    <ele>130.1</ele>
    <time>2025-07-08T12:31:28Z</time>
   </trkpt>
   <trkpt lat="62.4826050" lon="8.1304700">
    <ele>130.3</ele>
    <time>2025-07-08T12:31:29Z</time>
   </trkpt>
   <trkpt lat="62.4825760" lon="8.1304400">
    <ele>130.6</ele>
    <time>2025-07-08T12:31:30Z</time>
   </trkpt>
   <trkpt lat="62.4825680" lon="8.1304310">
    <ele>130.7</ele>
    <time>2025-07-08T12:31:31Z</time>
   </trkpt>
   <trkpt lat="62.4825450" lon="8.1304150">
    <ele>131.1</ele>
    <time>2025-07-08T12:31:32Z</time>
   </trkpt>
   <trkpt lat="62.4825370" lon="8.1304130">
    <ele>131.2</ele>
    <time>2025-07-08T12:31:33Z</time>
   </trkpt>
   <trkpt lat="62.4825290" lon="8.1304120">
    <ele>131.3</ele>
    <time>2025-07-08T12:31:34Z</time>
   </trkpt>
   <trkpt lat="62.4825060" lon="8.1303870">
    <ele>131.6</ele>
    <time>2025-07-08T12:31:35Z</time>
   </trkpt>
   <trkpt lat="62.4824970" lon="8.1303800">
    <ele>131.8</ele>
    <time>2025-07-08T12:31:36Z</time>
   </trkpt>
   <trkpt lat="62.4824890" lon="8.1303720">
    <ele>131.9</ele>
    <time>2025-07-08T12:31:37Z</time>
   </trkpt>
   <trkpt lat="62.4824740" lon="8.1303660">
    <ele>132.1</ele>
    <time>2025-07-08T12:31:38Z</time>
   </trkpt>
   <trkpt lat="62.4824550" lon="8.1303570">
    <ele>132.5</ele>
    <time>2025-07-08T12:31:39Z</time>
   </trkpt>
   <trkpt lat="62.4824420" lon="8.1303440">
    <ele>132.7</ele>
    <time>2025-07-08T12:31:40Z</time>
   </trkpt>
   <trkpt lat="62.4824370" lon="8.1303380">
    <ele>132.8</ele>
    <time>2025-07-08T12:31:41Z</time>
   </trkpt>
   <trkpt lat="62.4824270" lon="8.1303230">
    <ele>133.0</ele>
    <time>2025-07-08T12:31:42Z</time>
   </trkpt>
   <trkpt lat="62.4824190" lon="8.1303110">
    <ele>133.2</ele>
    <time>2025-07-08T12:31:43Z</time>
   </trkpt>
   <trkpt lat="62.4824110" lon="8.1302970">
    <ele>133.4</ele>
    <time>2025-07-08T12:31:44Z</time>
   </trkpt>
   <trkpt lat="62.4824060" lon="8.1303000">
    <ele>133.4</ele>
    <time>2025-07-08T12:31:45Z</time>
   </trkpt>
   <trkpt lat="62.4823950" lon="8.1303000">
    <ele>133.6</ele>
    <time>2025-07-08T12:31:46Z</time>
   </trkpt>
   <trkpt lat="62.4823840" lon="8.1302910">
    <ele>133.9</ele>
    <time>2025-07-08T12:31:47Z</time>
   </trkpt>
   <trkpt lat="62.4823770" lon="8.1302690">
    <ele>134.1</ele>
    <time>2025-07-08T12:31:48Z</time>
   </trkpt>
   <trkpt lat="62.4823710" lon="8.1302530">
    <ele>134.2</ele>
    <time>2025-07-08T12:31:49Z</time>
   </trkpt>
   <trkpt lat="62.4823640" lon="8.1302470">
    <ele>134.4</ele>
    <time>2025-07-08T12:31:50Z</time>
   </trkpt>
   <trkpt lat="62.4823580" lon="8.1302330">
    <ele>134.5</ele>
    <time>2025-07-08T12:31:51Z</time>
   </trkpt>
   <trkpt lat="62.4823490" lon="8.1302190">
    <ele>134.7</ele>
    <time>2025-07-08T12:31:52Z</time>
   </trkpt>
   <trkpt lat="62.4823420" lon="8.1302070">
    <ele>134.9</ele>
    <time>2025-07-08T12:31:53Z</time>
   </trkpt>
   <trkpt lat="62.4823380" lon="8.1302020">
    <ele>135.0</ele>
    <time>2025-07-08T12:31:54Z</time>
   </trkpt>
   <trkpt lat="62.4823360" lon="8.1301970">
    <ele>135.0</ele>
    <time>2025-07-08T12:31:55Z</time>
   </trkpt>
   <trkpt lat="62.4823300" lon="8.1301730">
    <ele>135.3</ele>
    <time>2025-07-08T12:31:56Z</time>
   </trkpt>
   <trkpt lat="62.4823250" lon="8.1301360">
    <ele>135.6</ele>
    <time>2025-07-08T12:31:57Z</time>
   </trkpt>
   <trkpt lat="62.4823160" lon="8.1301290">
    <ele>135.8</ele>
    <time>2025-07-08T12:31:58Z</time>
   </trkpt>
   <trkpt lat="62.4823130" lon="8.1301150">
    <ele>135.9</ele>
    <time>2025-07-08T12:31:59Z</time>
   </trkpt>
   <trkpt lat="62.4823090" lon="8.1300890">
    <ele>136.1</ele>
    <time>2025-07-08T12:32:00Z</time>
   </trkpt>
   <trkpt lat="62.4823050" lon="8.1300680">
    <ele>136.2</ele>
    <time>2025-07-08T12:32:01Z</time>
   </trkpt>
   <trkpt lat="62.4823020" lon="8.1300440">
    <ele>136.4</ele>
    <time>2025-07-08T12:32:02Z</time>
   </trkpt>
   <trkpt lat="62.4822990" lon="8.1300340">
    <ele>136.5</ele>
    <time>2025-07-08T12:32:03Z</time>
   </trkpt>
   <trkpt lat="62.4823000" lon="8.1300120">
    <ele>136.7</ele>
    <time>2025-07-08T12:32:04Z</time>
   </trkpt>
   <trkpt lat="62.4823050" lon="8.1299820">
    <ele>136.9</ele>
    <time>2025-07-08T12:32:05Z</time>
   </trkpt>
   <trkpt lat="62.4823010" lon="8.1299340">
    <ele>137.2</ele>
    <time>2025-07-08T12:32:06Z</time>
   </trkpt>
   <trkpt lat="62.4822970" lon="8.1299160">
    <ele>137.3</ele>
    <time>2025-07-08T12:32:07Z</time>
   </trkpt>
   <trkpt lat="62.4822860" lon="8.1298960">
    <ele>137.5</ele>
    <time>2025-07-08T12:32:08Z</time>
   </trkpt>
   <trkpt lat="62.4822770" lon="8.1298940">
    <ele>137.6</ele>
    <time>2025-07-08T12:32:09Z</time>
   </trkpt>
   <trkpt lat="62.4822700" lon="8.1298760">
    <ele>137.8</ele>
    <time>2025-07-08T12:32:10Z</time>
   </trkpt>
   <trkpt lat="62.4822630" lon="8.1298500">
    <ele>138.0</ele>
    <time>2025-07-08T12:32:11Z</time>
   </trkpt>
   <trkpt lat="62.4822550" lon="8.1298230">
    <ele>138.2</ele>
    <time>2025-07-08T12:32:12Z</time>
   </trkpt>
   <trkpt lat="62.4822430" lon="8.1297950">
    <ele>138.4</ele>
    <time>2025-07-08T12:32:13Z</time>
   </trkpt>
   <trkpt lat="62.4822340" lon="8.1297810">
    <ele>138.5</ele>
    <time>2025-07-08T12:32:14Z</time>
   </trkpt>
   <trkpt lat="62.4822280" lon="8.1297620">
    <ele>138.6</ele>
    <time>2025-07-08T12:32:15Z</time>
   </trkpt>
   <trkpt lat="62.4822210" lon="8.1297500">
    <ele>138.7</ele>
    <time>2025-07-08T12:32:16Z</time>
   </trkpt>
   <trkpt lat="62.4822120" lon="8.1297270">
    <ele>138.8</ele>
    <time>2025-07-08T12:32:17Z</time>
   </trkpt>
   <trkpt lat="62.4821960" lon="8.1297030">
    <ele>139.0</ele>
    <time>2025-07-08T12:32:18Z</time>
   </trkpt>
   <trkpt lat="62.4821860" lon="8.1296890">
    <ele>139.2</ele>
    <time>2025-07-08T12:32:19Z</time>
   </trkpt>
   <trkpt lat="62.4821830" lon="8.1296700">
    <ele>139.2</ele>
    <time>2025-07-08T12:32:20Z</time>
   </trkpt>
   <trkpt lat="62.4821760" lon="8.1296540">
    <ele>139.3</ele>
    <time>2025-07-08T12:32:21Z</time>
   </trkpt>
   <trkpt lat="62.4821660" lon="8.1296390">
    <ele>139.5</ele>
    <time>2025-07-08T12:32:22Z</time>
   </trkpt>
   <trkpt lat="62.4821540" lon="8.1296130">
    <ele>139.6</ele>
    <time>2025-07-08T12:32:23Z</time>
   </trkpt>
   <trkpt lat="62.4821520" lon="8.1296010">
    <ele>139.7</ele>
    <time>2025-07-08T12:32:24Z</time>
   </trkpt>
   <trkpt lat="62.4821450" lon="8.1295820">
    <ele>139.8</ele>
    <time>2025-07-08T12:32:25Z</time>
   </trkpt>
   <trkpt lat="62.4821340" lon="8.1295600">
    <ele>139.9</ele>
    <time>2025-07-08T12:32:26Z</time>
   </trkpt>
   <trkpt lat="62.4821220" lon="8.1295360">
    <ele>140.0</ele>
    <time>2025-07-08T12:32:27Z</time>
   </trkpt>
   <trkpt lat="62.4821110" lon="8.1295080">
    <ele>140.2</ele>
    <time>2025-07-08T12:32:28Z</time>
   </trkpt>
   <trkpt lat="62.4821030" lon="8.1294910">
    <ele>140.3</ele>
    <time>2025-07-08T12:32:29Z</time>
   </trkpt>
   <trkpt lat="62.4820940" lon="8.1294720">
    <ele>140.4</ele>
    <time>2025-07-08T12:32:30Z</time>
   </trkpt>
   <trkpt lat="62.4820850" lon="8.1294470">
    <ele>140.5</ele>
    <time>2025-07-08T12:32:31Z</time>
   </trkpt>
   <trkpt lat="62.4820760" lon="8.1294250">
    <ele>140.6</ele>
    <time>2025-07-08T12:32:32Z</time>
   </trkpt>
   <trkpt lat="62.4820700" lon="8.1294040">
    <ele>140.7</ele>
    <time>2025-07-08T12:32:33Z</time>
   </trkpt>
   <trkpt lat="62.4820590" lon="8.1293930">
    <ele>140.9</ele>
    <time>2025-07-08T12:32:34Z</time>
   </trkpt>
   <trkpt lat="62.4820490" lon="8.1293850">
    <ele>140.9</ele>
    <time>2025-07-08T12:32:35Z</time>
   </trkpt>
   <trkpt lat="62.4820440" lon="8.1293700">
    <ele>141.0</ele>
    <time>2025-07-08T12:32:36Z</time>
   </trkpt>
   <trkpt lat="62.4820350" lon="8.1293500">
    <ele>141.1</ele>
    <time>2025-07-08T12:32:37Z</time>
   </trkpt>
   <trkpt lat="62.4820240" lon="8.1293310">
    <ele>141.3</ele>
    <time>2025-07-08T12:32:38Z</time>
   </trkpt>
   <trkpt lat="62.4820150" lon="8.1293070">
    <ele>141.4</ele>
    <time>2025-07-08T12:32:39Z</time>
   </trkpt>
   <trkpt lat="62.4820040" lon="8.1292840">
    <ele>141.5</ele>
    <time>2025-07-08T12:32:40Z</time>
   </trkpt>
   <trkpt lat="62.4820000" lon="8.1292740">
    <ele>141.6</ele>
    <time>2025-07-08T12:32:41Z</time>
   </trkpt>
   <trkpt lat="62.4819940" lon="8.1292470">
    <ele>141.7</ele>
    <time>2025-07-08T12:32:42Z</time>
   </trkpt>
   <trkpt lat="62.4819850" lon="8.1292240">
    <ele>141.8</ele>
    <time>2025-07-08T12:32:43Z</time>
   </trkpt>
   <trkpt lat="62.4819740" lon="8.1292000">
    <ele>141.9</ele>
    <time>2025-07-08T12:32:44Z</time>
   </trkpt>
   <trkpt lat="62.4819630" lon="8.1291650">
    <ele>142.1</ele>
    <time>2025-07-08T12:32:45Z</time>
   </trkpt>
   <trkpt lat="62.4819600" lon="8.1291450">
    <ele>142.2</ele>
    <time>2025-07-08T12:32:46Z</time>
   </trkpt>
   <trkpt lat="62.4819450" lon="8.1291250">
    <ele>142.4</ele>
    <time>2025-07-08T12:32:47Z</time>
   </trkpt>
   <trkpt lat="62.4819310" lon="8.1291020">
    <ele>142.5</ele>
    <time>2025-07-08T12:32:48Z</time>
   </trkpt>
   <trkpt lat="62.4819190" lon="8.1290840">
    <ele>142.6</ele>
    <time>2025-07-08T12:32:49Z</time>
   </trkpt>
   <trkpt lat="62.4819110" lon="8.1290580">
    <ele>142.8</ele>
    <time>2025-07-08T12:32:50Z</time>
   </trkpt>
   <trkpt lat="62.4819030" lon="8.1290340">
    <ele>142.9</ele>
    <time>2025-07-08T12:32:51Z</time>
   </trkpt>
   <trkpt lat="62.4818960" lon="8.1290150">
    <ele>143.0</ele>
    <time>2025-07-08T12:32:52Z</time>
   </trkpt>
   <trkpt lat="62.4818900" lon="8.1290020">
    <ele>143.1</ele>
    <time>2025-07-08T12:32:53Z</time>
   </trkpt>
   <trkpt lat="62.4818820" lon="8.1289800">
    <ele>143.3</ele>
    <time>2025-07-08T12:32:54Z</time>
   </trkpt>
   <trkpt lat="62.4818740" lon="8.1289560">
    <ele>143.4</ele>
    <time>2025-07-08T12:32:55Z</time>
   </trkpt>
   <trkpt lat="62.4818650" lon="8.1289320">
    <ele>143.6</ele>
    <time>2025-07-08T12:32:56Z</time>
   </trkpt>
   <trkpt lat="62.4818570" lon="8.1289070">
    <ele>143.8</ele>
    <time>2025-07-08T12:32:57Z</time>
   </trkpt>
   <trkpt lat="62.4818520" lon="8.1288890">
    <ele>143.9</ele>
    <time>2025-07-08T12:32:58Z</time>
   </trkpt>
   <trkpt lat="62.4818460" lon="8.1288700">
    <ele>144.0</ele>
    <time>2025-07-08T12:32:59Z</time>
   </trkpt>
   <trkpt lat="62.4818340" lon="8.1288480">
    <ele>144.2</ele>
    <time>2025-07-08T12:33:00Z</time>
   </trkpt>
   <trkpt lat="62.4818270" lon="8.1288360">
    <ele>144.4</ele>
    <time>2025-07-08T12:33:01Z</time>
   </trkpt>
   <trkpt lat="62.4818250" lon="8.1288200">
    <ele>144.5</ele>
    <time>2025-07-08T12:33:02Z</time>
   </trkpt>
   <trkpt lat="62.4818200" lon="8.1287980">
    <ele>144.6</ele>
    <time>2025-07-08T12:33:03Z</time>
   </trkpt>
   <trkpt lat="62.4818190" lon="8.1287610">
    <ele>144.9</ele>
    <time>2025-07-08T12:33:04Z</time>
   </trkpt>
   <trkpt lat="62.4818140" lon="8.1287300">
    <ele>145.2</ele>
    <time>2025-07-08T12:33:05Z</time>
   </trkpt>
   <trkpt lat="62.4818090" lon="8.1286910">
    <ele>145.5</ele>
    <time>2025-07-08T12:33:06Z</time>
   </trkpt>
   <trkpt lat="62.4818070" lon="8.1286720">
    <ele>145.6</ele>
    <time>2025-07-08T12:33:07Z</time>
   </trkpt>
   <trkpt lat="62.4818050" lon="8.1286540">
    <ele>145.8</ele>
    <time>2025-07-08T12:33:08Z</time>
   </trkpt>
   <trkpt lat="62.4817970" lon="8.1286270">
    <ele>146.0</ele>
    <time>2025-07-08T12:33:09Z</time>
   </trkpt>
   <trkpt lat="62.4817900" lon="8.1285990">
    <ele>146.3</ele>
    <time>2025-07-08T12:33:10Z</time>
   </trkpt>
   <trkpt lat="62.4817820" lon="8.1285770">
    <ele>146.5</ele>
    <time>2025-07-08T12:33:11Z</time>
   </trkpt>
   <trkpt lat="62.4817770" lon="8.1285680">
    <ele>146.7</ele>
    <time>2025-07-08T12:33:12Z</time>
   </trkpt>
   <trkpt lat="62.4817730" lon="8.1285620">
    <ele>146.8</ele>
    <time>2025-07-08T12:33:13Z</time>
   </trkpt>
   <trkpt lat="62.4817660" lon="8.1285460">
    <ele>147.0</ele>
    <time>2025-07-08T12:33:14Z</time>
   </trkpt>
   <trkpt lat="62.4817550" lon="8.1285140">
    <ele>147.3</ele>
    <time>2025-07-08T12:33:15Z</time>
   </trkpt>
   <trkpt lat="62.4817490" lon="8.1284920">
    <ele>147.6</ele>
    <time>2025-07-08T12:33:16Z</time>
   </trkpt>
   <trkpt lat="62.4817430" lon="8.1284860">
    <ele>147.7</ele>
    <time>2025-07-08T12:33:17Z</time>
   </trkpt>
   <trkpt lat="62.4817360" lon="8.1284770">
    <ele>147.9</ele>
    <time>2025-07-08T12:33:18Z</time>
   </trkpt>
   <trkpt lat="62.4817300" lon="8.1284590">
    <ele>148.1</ele>
    <time>2025-07-08T12:33:19Z</time>
   </trkpt>
   <trkpt lat="62.4817260" lon="8.1284420">
    <ele>148.3</ele>
    <time>2025-07-08T12:33:20Z</time>
   </trkpt>
   <trkpt lat="62.4817180" lon="8.1284150">
    <ele>148.6</ele>
    <time>2025-07-08T12:33:21Z</time>
   </trkpt>
   <trkpt lat="62.4817100" lon="8.1283950">
    <ele>148.9</ele>
    <time>2025-07-08T12:33:22Z</time>
   </trkpt>
   <trkpt lat="62.4817060" lon="8.1283910">
    <ele>149.0</ele>
    <time>2025-07-08T12:33:23Z</time>
   </trkpt>
   <trkpt lat="62.4817010" lon="8.1283750">
    <ele>149.2</ele>
    <time>2025-07-08T12:33:24Z</time>
   </trkpt>
   <trkpt lat="62.4816910" lon="8.1283570">
    <ele>149.5</ele>
    <time>2025-07-08T12:33:25Z</time>
   </trkpt>
   <trkpt lat="62.4816840" lon="8.1283330">
    <ele>149.8</ele>
    <time>2025-07-08T12:33:26Z</time>
   </trkpt>
   <trkpt lat="62.4816770" lon="8.1283030">
    <ele>150.1</ele>
    <time>2025-07-08T12:33:27Z</time>
   </trkpt>
   <trkpt lat="62.4816740" lon="8.1282890">
    <ele>150.3</ele>
    <time>2025-07-08T12:33:28Z</time>
   </trkpt>
   <trkpt lat="62.4816700" lon="8.1282760">
    <ele>150.4</ele>
    <time>2025-07-08T12:33:29Z</time>
   </trkpt>
   <trkpt lat="62.4816660" lon="8.1282620">
    <ele>150.6</ele>
    <time>2025-07-08T12:33:30Z</time>
   </trkpt>
   <trkpt lat="62.4816520" lon="8.1282490">
    <ele>150.9</ele>
    <time>2025-07-08T12:33:31Z</time>
   </trkpt>
   <trkpt lat="62.4816400" lon="8.1282240">
    <ele>151.3</ele>
    <time>2025-07-08T12:33:32Z</time>
   </trkpt>
   <trkpt lat="62.4816390" lon="8.1282100">
    <ele>151.4</ele>
    <time>2025-07-08T12:33:33Z</time>
   </trkpt>
   <trkpt lat="62.4816400" lon="8.1281930">
    <ele>151.6</ele>
    <time>2025-07-08T12:33:34Z</time>
   </trkpt>
   <trkpt lat="62.4816410" lon="8.1281630">
    <ele>151.9</ele>
    <time>2025-07-08T12:33:35Z</time>
   </trkpt>
   <trkpt lat="62.4816440" lon="8.1281280">
    <ele>152.2</ele>
    <time>2025-07-08T12:33:36Z</time>
   </trkpt>
   <trkpt lat="62.4816480" lon="8.1281050">
    <ele>152.5</ele>
    <time>2025-07-08T12:33:37Z</time>
   </trkpt>
   <trkpt lat="62.4816450" lon="8.1280750">
    <ele>152.7</ele>
    <time>2025-07-08T12:33:38Z</time>
   </trkpt>
   <trkpt lat="62.4816450" lon="8.1280580">
    <ele>152.9</ele>
    <time>2025-07-08T12:33:39Z</time>
   </trkpt>
   <trkpt lat="62.4816440" lon="8.1280410">
    <ele>153.0</ele>
    <time>2025-07-08T12:33:40Z</time>
   </trkpt>
   <trkpt lat="62.4816440" lon="8.1280240">
    <ele>153.2</ele>
    <time>2025-07-08T12:33:41Z</time>
   </trkpt>
   <trkpt lat="62.4816370" lon="8.1280030">
    <ele>153.4</ele>
    <time>2025-07-08T12:33:42Z</time>
   </trkpt>
   <trkpt lat="62.4816310" lon="8.1279970">
    <ele>153.5</ele>
    <time>2025-07-08T12:33:43Z</time>
   </trkpt>
   <trkpt lat="62.4816270" lon="8.1279770">
    <ele>153.7</ele>
    <time>2025-07-08T12:33:44Z</time>
   </trkpt>
   <trkpt lat="62.4816220" lon="8.1279520">
    <ele>153.9</ele>
    <time>2025-07-08T12:33:45Z</time>
   </trkpt>
   <trkpt lat="62.4816160" lon="8.1279230">
    <ele>154.2</ele>
    <time>2025-07-08T12:33:46Z</time>
   </trkpt>
   <trkpt lat="62.4816060" lon="8.1278850">
    <ele>154.5</ele>
    <time>2025-07-08T12:33:47Z</time>
   </trkpt>
   <trkpt lat="62.4816030" lon="8.1278730">
    <ele>154.6</ele>
    <time>2025-07-08T12:33:48Z</time>
   </trkpt>
   <trkpt lat="62.4816000" lon="8.1278620">
    <ele>154.7</ele>
    <time>2025-07-08T12:33:49Z</time>
   </trkpt>
   <trkpt lat="62.4815970" lon="8.1278500">
    <ele>154.7</ele>
    <time>2025-07-08T12:33:50Z</time>
   </trkpt>
   <trkpt lat="62.4815950" lon="8.1278240">
    <ele>154.9</ele>
    <time>2025-07-08T12:33:51Z</time>
   </trkpt>
   <trkpt lat="62.4815880" lon="8.1277860">
    <ele>155.1</ele>
    <time>2025-07-08T12:33:52Z</time>
   </trkpt>
   <trkpt lat="62.4815820" lon="8.1277540">
    <ele>155.3</ele>
    <time>2025-07-08T12:33:53Z</time>
   </trkpt>
   <trkpt lat="62.4815770" lon="8.1277390">
    <ele>155.4</ele>
    <time>2025-07-08T12:33:54Z</time>
   </trkpt>
   <trkpt lat="62.4815730" lon="8.1277250">
    <ele>155.5</ele>
    <time>2025-07-08T12:33:55Z</time>
   </trkpt>
   <trkpt lat="62.4815680" lon="8.1277100">
    <ele>155.6</ele>
    <time>2025-07-08T12:33:56Z</time>
   </trkpt>
   <trkpt lat="62.4815600" lon="8.1276700">
    <ele>155.8</ele>
    <time>2025-07-08T12:33:57Z</time>
   </trkpt>
   <trkpt lat="62.4815510" lon="8.1276500">
    <ele>156.0</ele>
    <time>2025-07-08T12:33:58Z</time>
   </trkpt>
   <trkpt lat="62.4815450" lon="8.1276280">
    <ele>156.1</ele>
    <time>2025-07-08T12:33:59Z</time>
   </trkpt>
   <trkpt lat="62.4815440" lon="8.1276130">
    <ele>156.1</ele>
    <time>2025-07-08T12:34:00Z</time>
   </trkpt>
   <trkpt lat="62.4815370" lon="8.1275850">
    <ele>156.3</ele>
    <time>2025-07-08T12:34:01Z</time>
   </trkpt>
   <trkpt lat="62.4815330" lon="8.1275500">
    <ele>156.4</ele>
    <time>2025-07-08T12:34:02Z</time>
   </trkpt>
   <trkpt lat="62.4815260" lon="8.1275130">
    <ele>156.5</ele>
    <time>2025-07-08T12:34:03Z</time>
   </trkpt>
   <trkpt lat="62.4815150" lon="8.1274920">
    <ele>156.7</ele>
    <time>2025-07-08T12:34:04Z</time>
   </trkpt>
   <trkpt lat="62.4815040" lon="8.1274730">
    <ele>156.8</ele>
    <time>2025-07-08T12:34:05Z</time>
   </trkpt>
   <trkpt lat="62.4814990" lon="8.1274470">
    <ele>156.9</ele>
    <time>2025-07-08T12:34:06Z</time>
   </trkpt>
   <trkpt lat="62.4815010" lon="8.1274230">
    <ele>157.0</ele>
    <time>2025-07-08T12:34:07Z</time>
   </trkpt>
   <trkpt lat="62.4815000" lon="8.1274010">
    <ele>157.1</ele>
    <time>2025-07-08T12:34:08Z</time>
   </trkpt>
   <trkpt lat="62.4814990" lon="8.1273660">
    <ele>157.2</ele>
    <time>2025-07-08T12:34:09Z</time>
   </trkpt>
   <trkpt lat="62.4814970" lon="8.1273350">
    <ele>157.3</ele>
    <time>2025-07-08T12:34:10Z</time>
   </trkpt>
   <trkpt lat="62.4814890" lon="8.1273080">
    <ele>157.4</ele>
    <time>2025-07-08T12:34:11Z</time>
   </trkpt>
   <trkpt lat="62.4814840" lon="8.1272870">
    <ele>157.5</ele>
    <time>2025-07-08T12:34:12Z</time>
   </trkpt>
   <trkpt lat="62.4814810" lon="8.1272670">
    <ele>157.6</ele>
    <time>2025-07-08T12:34:13Z</time>
   </trkpt>
   <trkpt lat="62.4814780" lon="8.1272440">
    <ele>157.7</ele>
    <time>2025-07-08T12:34:14Z</time>
   </trkpt>
   <trkpt lat="62.4814770" lon="8.1272160">
    <ele>157.8</ele>
    <time>2025-07-08T12:34:15Z</time>
   </trkpt>
   <trkpt lat="62.4814770" lon="8.1271880">
    <ele>157.9</ele>
    <time>2025-07-08T12:34:16Z</time>
   </trkpt>
   <trkpt lat="62.4814720" lon="8.1271620">
    <ele>158.1</ele>
    <time>2025-07-08T12:34:17Z</time>
   </trkpt>
   <trkpt lat="62.4814670" lon="8.1271520">
    <ele>158.1</ele>
    <time>2025-07-08T12:34:18Z</time>
   </trkpt>
   <trkpt lat="62.4814630" lon="8.1271300">
    <ele>158.2</ele>
    <time>2025-07-08T12:34:19Z</time>
   </trkpt>
   <trkpt lat="62.4814620" lon="8.1270970">
    <ele>158.4</ele>
    <time>2025-07-08T12:34:20Z</time>
   </trkpt>
   <trkpt lat="62.4814600" lon="8.1270690">
    <ele>158.5</ele>
    <time>2025-07-08T12:34:21Z</time>
   </trkpt>
   <trkpt lat="62.4814570" lon="8.1270450">
    <ele>158.7</ele>
    <time>2025-07-08T12:34:22Z</time>
   </trkpt>
   <trkpt lat="62.4814540" lon="8.1270200">
    <ele>158.8</ele>
    <time>2025-07-08T12:34:23Z</time>
   </trkpt>
   <trkpt lat="62.4814540" lon="8.1269990">
    <ele>158.9</ele>
    <time>2025-07-08T12:34:24Z</time>
   </trkpt>
   <trkpt lat="62.4814550" lon="8.1269560">
    <ele>159.1</ele>
    <time>2025-07-08T12:34:25Z</time>
   </trkpt>
   <trkpt lat="62.4814540" lon="8.1269370">
    <ele>159.3</ele>
    <time>2025-07-08T12:34:26Z</time>
   </trkpt>
   <trkpt lat="62.4814530" lon="8.1269180">
    <ele>159.4</ele>
    <time>2025-07-08T12:34:27Z</time>
   </trkpt>
   <trkpt lat="62.4814520" lon="8.1268970">
    <ele>159.5</ele>
    <time>2025-07-08T12:34:28Z</time>
   </trkpt>
   <trkpt lat="62.4814450" lon="8.1268720">
    <ele>159.7</ele>
    <time>2025-07-08T12:34:29Z</time>
   </trkpt>
   <trkpt lat="62.4814380" lon="8.1268550">
    <ele>159.8</ele>
    <time>2025-07-08T12:34:30Z</time>
   </trkpt>
   <trkpt lat="62.4814440" lon="8.1268410">
    <ele>160.0</ele>
    <time>2025-07-08T12:34:31Z</time>
   </trkpt>
   <trkpt lat="62.4814450" lon="8.1268050">
    <ele>160.2</ele>
    <time>2025-07-08T12:34:32Z</time>
   </trkpt>
   <trkpt lat="62.4814400" lon="8.1267820">
    <ele>160.4</ele>
    <time>2025-07-08T12:34:33Z</time>
   </trkpt>
   <trkpt lat="62.4814380" lon="8.1267590">
    <ele>160.5</ele>
    <time>2025-07-08T12:34:34Z</time>
   </trkpt>
   <trkpt lat="62.4814340" lon="8.1267410">
    <ele>160.7</ele>
    <time>2025-07-08T12:34:35Z</time>
   </trkpt>
   <trkpt lat="62.4814320" lon="8.1267130">
    <ele>160.9</ele>
    <time>2025-07-08T12:34:36Z</time>
   </trkpt>
   <trkpt lat="62.4814330" lon="8.1266850">
    <ele>161.1</ele>
    <time>2025-07-08T12:34:37Z</time>
   </trkpt>
   <trkpt lat="62.4814330" lon="8.1266670">
    <ele>161.2</ele>
    <time>2025-07-08T12:34:38Z</time>
   </trkpt>
   <trkpt lat="62.4814320" lon="8.1266470">
    <ele>161.3</ele>
    <time>2025-07-08T12:34:39Z</time>
   </trkpt>
   <trkpt lat="62.4814320" lon="8.1266130">
    <ele>161.6</ele>
    <time>2025-07-08T12:34:40Z</time>
   </trkpt>
   <trkpt lat="62.4814310" lon="8.1265920">
    <ele>161.7</ele>
    <time>2025-07-08T12:34:41Z</time>
   </trkpt>
   <trkpt lat="62.4814310" lon="8.1265720">
    <ele>161.8</ele>
    <time>2025-07-08T12:34:42Z</time>
   </trkpt>
   <trkpt lat="62.4814300" lon="8.1265530">
    <ele>162.0</ele>
    <time>2025-07-08T12:34:43Z</time>
   </trkpt>
   <trkpt lat="62.4814290" lon="8.1265210">
    <ele>162.2</ele>
    <time>2025-07-08T12:34:44Z</time>
   </trkpt>
   <trkpt lat="62.4814260" lon="8.1265050">
    <ele>162.3</ele>
    <time>2025-07-08T12:34:45Z</time>
   </trkpt>
   <trkpt lat="62.4814280" lon="8.1264740">
    <ele>162.5</ele>
    <time>2025-07-08T12:34:46Z</time>
   </trkpt>
   <trkpt lat="62.4814340" lon="8.1264420">
    <ele>162.7</ele>
    <time>2025-07-08T12:34:47Z</time>
   </trkpt>
   <trkpt lat="62.4814370" lon="8.1264240">
    <ele>162.8</ele>
    <time>2025-07-08T12:34:48Z</time>
   </trkpt>
   <trkpt lat="62.4814430" lon="8.1264070">
    <ele>162.9</ele>
    <time>2025-07-08T12:34:49Z</time>
   </trkpt>
   <trkpt lat="62.4814420" lon="8.1263800">
    <ele>163.1</ele>
    <time>2025-07-08T12:34:50Z</time>
   </trkpt>
   <trkpt lat="62.4814430" lon="8.1263500">
    <ele>163.2</ele>
    <time>2025-07-08T12:34:51Z</time>
   </trkpt>
   <trkpt lat="62.4814430" lon="8.1263540">
    <ele>163.2</ele>
    <time>2025-07-08T12:34:52Z</time>
   </trkpt>
   <trkpt lat="62.4814420" lon="8.1263400">
    <ele>163.3</ele>
    <time>2025-07-08T12:34:53Z</time>
   </trkpt>
   <trkpt lat="62.4814530" lon="8.1263230">
    <ele>163.5</ele>
    <time>2025-07-08T12:34:54Z</time>
   </trkpt>
   <trkpt lat="62.4814620" lon="8.1262860">
    <ele>163.7</ele>
    <time>2025-07-08T12:34:55Z</time>
   </trkpt>
   <trkpt lat="62.4814680" lon="8.1262680">
    <ele>163.8</ele>
    <time>2025-07-08T12:34:56Z</time>
   </trkpt>
   <trkpt lat="62.4814770" lon="8.1262430">
    <ele>163.9</ele>
    <time>2025-07-08T12:34:57Z</time>
   </trkpt>
   <trkpt lat="62.4814860" lon="8.1262210">
    <ele>164.0</ele>
    <time>2025-07-08T12:34:58Z</time>
   </trkpt>
   <trkpt lat="62.4814920" lon="8.1262050">
    <ele>164.1</ele>
    <time>2025-07-08T12:34:59Z</time>
   </trkpt>
   <trkpt lat="62.4815000" lon="8.1261870">
    <ele>164.3</ele>
    <time>2025-07-08T12:35:00Z</time>
   </trkpt>
   <trkpt lat="62.4815130" lon="8.1261690">
    <ele>164.4</ele>
    <time>2025-07-08T12:35:01Z</time>
   </trkpt>
   <trkpt lat="62.4815210" lon="8.1261470">
    <ele>164.5</ele>
    <time>2025-07-08T12:35:02Z</time>
   </trkpt>
   <trkpt lat="62.4815270" lon="8.1261340">
    <ele>164.6</ele>
    <time>2025-07-08T12:35:03Z</time>
   </trkpt>
   <trkpt lat="62.4815320" lon="8.1261230">
    <ele>164.7</ele>
    <time>2025-07-08T12:35:04Z</time>
   </trkpt>
   <trkpt lat="62.4815460" lon="8.1261020">
    <ele>164.9</ele>
    <time>2025-07-08T12:35:05Z</time>
   </trkpt>
   <trkpt lat="62.4815540" lon="8.1260890">
    <ele>165.0</ele>
    <time>2025-07-08T12:35:06Z</time>
   </trkpt>
   <trkpt lat="62.4815610" lon="8.1260750">
    <ele>165.1</ele>
    <time>2025-07-08T12:35:07Z</time>
   </trkpt>
   <trkpt lat="62.4815690" lon="8.1260600">
    <ele>165.2</ele>
    <time>2025-07-08T12:35:08Z</time>
   </trkpt>
   <trkpt lat="62.4815820" lon="8.1260300">
    <ele>165.4</ele>
    <time>2025-07-08T12:35:09Z</time>
   </trkpt>
   <trkpt lat="62.4815930" lon="8.1259920">
    <ele>165.6</ele>
    <time>2025-07-08T12:35:10Z</time>
   </trkpt>
   <trkpt lat="62.4815980" lon="8.1259780">
    <ele>165.7</ele>
    <time>2025-07-08T12:35:11Z</time>
   </trkpt>
   <trkpt lat="62.4816040" lon="8.1259640">
    <ele>165.8</ele>
    <time>2025-07-08T12:35:12Z</time>
   </trkpt>
   <trkpt lat="62.4816080" lon="8.1259370">
    <ele>165.9</ele>
    <time>2025-07-08T12:35:13Z</time>
   </trkpt>
   <trkpt lat="62.4816170" lon="8.1259010">
    <ele>166.1</ele>
    <time>2025-07-08T12:35:14Z</time>
   </trkpt>
   <trkpt lat="62.4816170" lon="8.1258720">
    <ele>166.3</ele>
    <time>2025-07-08T12:35:15Z</time>
   </trkpt>
   <trkpt lat="62.4816170" lon="8.1258340">
    <ele>166.5</ele>
    <time>2025-07-08T12:35:16Z</time>
   </trkpt>
   <trkpt lat="62.4816120" lon="8.1258170">
    <ele>166.6</ele>
    <time>2025-07-08T12:35:17Z</time>
   </trkpt>
   <trkpt lat="62.4816100" lon="8.1257950">
    <ele>166.7</ele>
    <time>2025-07-08T12:35:18Z</time>
   </trkpt>
   <trkpt lat="62.4816150" lon="8.1257680">
    <ele>166.9</ele>
    <time>2025-07-08T12:35:19Z</time>
   </trkpt>
   <trkpt lat="62.4816140" lon="8.1257300">
    <ele>167.1</ele>
    <time>2025-07-08T12:35:20Z</time>
   </trkpt>
   <trkpt lat="62.4816100" lon="8.1257020">
    <ele>167.2</ele>
    <time>2025-07-08T12:35:21Z</time>
   </trkpt>
   <trkpt lat="62.4816070" lon="8.1256730">
    <ele>167.4</ele>
    <time>2025-07-08T12:35:22Z</time>
   </trkpt>
   <trkpt lat="62.4816000" lon="8.1256560">
    <ele>167.5</ele>
    <time>2025-07-08T12:35:23Z</time>
   </trkpt>
   <trkpt lat="62.4815950" lon="8.1256360">
    <ele>167.6</ele>
    <time>2025-07-08T12:35:24Z</time>
   </trkpt>
   <trkpt lat="62.4815910" lon="8.1256130">
    <ele>167.8</ele>
    <time>2025-07-08T12:35:25Z</time>
   </trkpt>
   <trkpt lat="62.4815810" lon="8.1255860">
    <ele>168.0</ele>
    <time>2025-07-08T12:35:26Z</time>
   </trkpt>
   <trkpt lat="62.4815680" lon="8.1255460">
    <ele>168.2</ele>
    <time>2025-07-08T12:35:27Z</time>
   </trkpt>
   <trkpt lat="62.4815610" lon="8.1255310">
    <ele>168.4</ele>
    <time>2025-07-08T12:35:28Z</time>
   </trkpt>
   <trkpt lat="62.4815570" lon="8.1255170">
    <ele>168.5</ele>
    <time>2025-07-08T12:35:29Z</time>
   </trkpt>
   <trkpt lat="62.4815540" lon="8.1254990">
    <ele>168.6</ele>
    <time>2025-07-08T12:35:30Z</time>
   </trkpt>
   <trkpt lat="62.4815490" lon="8.1254720">
    <ele>168.7</ele>
    <time>2025-07-08T12:35:31Z</time>
   </trkpt>
   <trkpt lat="62.4815470" lon="8.1254310">
    <ele>169.0</ele>
    <time>2025-07-08T12:35:32Z</time>
   </trkpt>
   <trkpt lat="62.4815460" lon="8.1254100">
    <ele>169.1</ele>
    <time>2025-07-08T12:35:33Z</time>
   </trkpt>
   <trkpt lat="62.4815450" lon="8.1253900">
    <ele>169.2</ele>
    <time>2025-07-08T12:35:34Z</time>
   </trkpt>
   <trkpt lat="62.4815430" lon="8.1253610">
    <ele>169.4</ele>
    <time>2025-07-08T12:35:35Z</time>
   </trkpt>
   <trkpt lat="62.4815410" lon="8.1253380">
    <ele>169.5</ele>
    <time>2025-07-08T12:35:36Z</time>
   </trkpt>
   <trkpt lat="62.4815380" lon="8.1253270">
    <ele>169.6</ele>
    <time>2025-07-08T12:35:37Z</time>
   </trkpt>
   <trkpt lat="62.4815340" lon="8.1252980">
    <ele>169.8</ele>
    <time>2025-07-08T12:35:38Z</time>
   </trkpt>
   <trkpt lat="62.4815300" lon="8.1252720">
    <ele>169.9</ele>
    <time>2025-07-08T12:35:39Z</time>
   </trkpt>
   <trkpt lat="62.4815220" lon="8.1252590">
    <ele>170.1</ele>
    <time>2025-07-08T12:35:40Z</time>
   </trkpt>
   <trkpt lat="62.4815100" lon="8.1252210">
    <ele>170.3</ele>
    <time>2025-07-08T12:35:41Z</time>
   </trkpt>
   <trkpt lat="62.4815070" lon="8.1252050">
    <ele>170.4</ele>
    <time>2025-07-08T12:35:42Z</time>
   </trkpt>
   <trkpt lat="62.4815030" lon="8.1251900">
    <ele>170.5</ele>
    <time>2025-07-08T12:35:43Z</time>
   </trkpt>
   <trkpt lat="62.4815020" lon="8.1251700">
    <ele>170.7</ele>
    <time>2025-07-08T12:35:44Z</time>
   </trkpt>
   <trkpt lat="62.4814960" lon="8.1251440">
    <ele>170.8</ele>
    <time>2025-07-08T12:35:45Z</time>
   </trkpt>
   <trkpt lat="62.4814920" lon="8.1251180">
    <ele>171.0</ele>
    <time>2025-07-08T12:35:46Z</time>
   </trkpt>
   <trkpt lat="62.4814870" lon="8.1250990">
    <ele>171.1</ele>
    <time>2025-07-08T12:35:47Z</time>
   </trkpt>
   <trkpt lat="62.4814860" lon="8.1250860">
    <ele>171.2</ele>
    <time>2025-07-08T12:35:48Z</time>
   </trkpt>
   <trkpt lat="62.4814820" lon="8.1250560">
    <ele>171.4</ele>
    <time>2025-07-08T12:35:49Z</time>
   </trkpt>
   <trkpt lat="62.4814750" lon="8.1250130">
    <ele>171.6</ele>
    <time>2025-07-08T12:35:50Z</time>
   </trkpt>
   <trkpt lat="62.4814720" lon="8.1249970">
    <ele>171.7</ele>
    <time>2025-07-08T12:35:51Z</time>
   </trkpt>
   <trkpt lat="62.4814690" lon="8.1249820">
    <ele>171.8</ele>
    <time>2025-07-08T12:35:52Z</time>
   </trkpt>
   <trkpt lat="62.4814670" lon="8.1249340">
    <ele>172.1</ele>
    <time>2025-07-08T12:35:53Z</time>
   </trkpt>
   <trkpt lat="62.4814670" lon="8.1249140">
    <ele>172.2</ele>
    <time>2025-07-08T12:35:54Z</time>
   </trkpt>
   <trkpt lat="62.4814670" lon="8.1248930">
    <ele>172.3</ele>
    <time>2025-07-08T12:35:55Z</time>
   </trkpt>
   <trkpt lat="62.4814670" lon="8.1248720">
    <ele>172.4</ele>
    <time>2025-07-08T12:35:56Z</time>
   </trkpt>
   <trkpt lat="62.4814680" lon="8.1248470">
    <ele>172.6</ele>
    <time>2025-07-08T12:35:57Z</time>
   </trkpt>
   <trkpt lat="62.4814660" lon="8.1248170">
    <ele>172.7</ele>
    <time>2025-07-08T12:35:58Z</time>
   </trkpt>
   <trkpt lat="62.4814680" lon="8.1247690">
    <ele>173.0</ele>
    <time>2025-07-08T12:35:59Z</time>
   </trkpt>
   <trkpt lat="62.4814700" lon="8.1247480">
    <ele>173.1</ele>
    <time>2025-07-08T12:36:00Z</time>
   </trkpt>
   <trkpt lat="62.4814720" lon="8.1247260">
    <ele>173.2</ele>
    <time>2025-07-08T12:36:01Z</time>
   </trkpt>
   <trkpt lat="62.4814730" lon="8.1246780">
    <ele>173.4</ele>
    <time>2025-07-08T12:36:02Z</time>
   </trkpt>
   <trkpt lat="62.4814730" lon="8.1246590">
    <ele>173.5</ele>
    <time>2025-07-08T12:36:03Z</time>
   </trkpt>
   <trkpt lat="62.4814740" lon="8.1246400">
    <ele>173.6</ele>
    <time>2025-07-08T12:36:04Z</time>
   </trkpt>
   <trkpt lat="62.4814730" lon="8.1246120">
    <ele>173.7</ele>
    <time>2025-07-08T12:36:05Z</time>
   </trkpt>
   <trkpt lat="62.4814700" lon="8.1245920">
    <ele>173.8</ele>
    <time>2025-07-08T12:36:06Z</time>
   </trkpt>
   <trkpt lat="62.4814630" lon="8.1245680">
    <ele>173.9</ele>
    <time>2025-07-08T12:36:07Z</time>
   </trkpt>
   <trkpt lat="62.4814620" lon="8.1245340">
    <ele>174.1</ele>
    <time>2025-07-08T12:36:08Z</time>
   </trkpt>
   <trkpt lat="62.4814620" lon="8.1245000">
    <ele>174.2</ele>
    <time>2025-07-08T12:36:09Z</time>
   </trkpt>
   <trkpt lat="62.4814610" lon="8.1244730">
    <ele>174.4</ele>
    <time>2025-07-08T12:36:10Z</time>
   </trkpt>
   <trkpt lat="62.4814600" lon="8.1244540">
    <ele>174.5</ele>
    <time>2025-07-08T12:36:11Z</time>
   </trkpt>
   <trkpt lat="62.4814610" lon="8.1244480">
    <ele>174.5</ele>
    <time>2025-07-08T12:36:12Z</time>
   </trkpt>
   <trkpt lat="62.4814590" lon="8.1244130">
    <ele>174.7</ele>
    <time>2025-07-08T12:36:14Z</time>
   </trkpt>
   <trkpt lat="62.4814580" lon="8.1243700">
    <ele>174.8</ele>
    <time>2025-07-08T12:36:15Z</time>
   </trkpt>
   <trkpt lat="62.4814550" lon="8.1243370">
    <ele>175.0</ele>
    <time>2025-07-08T12:36:16Z</time>
   </trkpt>
   <trkpt lat="62.4814490" lon="8.1243140">
    <ele>175.1</ele>
    <time>2025-07-08T12:36:17Z</time>
   </trkpt>
   <trkpt lat="62.4814430" lon="8.1242900">
    <ele>175.3</ele>
    <time>2025-07-08T12:36:18Z</time>
   </trkpt>
   <trkpt lat="62.4814380" lon="8.1242680">
    <ele>175.4</ele>
    <time>2025-07-08T12:36:19Z</time>
   </trkpt>
   <trkpt lat="62.4814320" lon="8.1242290">
    <ele>175.6</ele>
    <time>2025-07-08T12:36:20Z</time>
   </trkpt>
   <trkpt lat="62.4814290" lon="8.1242120">
    <ele>175.7</ele>
    <time>2025-07-08T12:36:21Z</time>
   </trkpt>
   <trkpt lat="62.4814260" lon="8.1241940">
    <ele>175.8</ele>
    <time>2025-07-08T12:36:22Z</time>
   </trkpt>
   <trkpt lat="62.4814220" lon="8.1241670">
    <ele>176.0</ele>
    <time>2025-07-08T12:36:23Z</time>
   </trkpt>
   <trkpt lat="62.4814130" lon="8.1241380">
    <ele>176.2</ele>
    <time>2025-07-08T12:36:24Z</time>
   </trkpt>
   <trkpt lat="62.4814120" lon="8.1241220">
    <ele>176.3</ele>
    <time>2025-07-08T12:36:25Z</time>
   </trkpt>
   <trkpt lat="62.4814040" lon="8.1240940">
    <ele>176.5</ele>
    <time>2025-07-08T12:36:26Z</time>
   </trkpt>
   <trkpt lat="62.4813990" lon="8.1240760">
    <ele>176.7</ele>
    <time>2025-07-08T12:36:27Z</time>
   </trkpt>
   <trkpt lat="62.4813950" lon="8.1240530">
    <ele>176.8</ele>
    <time>2025-07-08T12:36:28Z</time>
   </trkpt>
   <trkpt lat="62.4813830" lon="8.1240310">
    <ele>177.1</ele>
    <time>2025-07-08T12:36:29Z</time>
   </trkpt>
   <trkpt lat="62.4813830" lon="8.1240180">
    <ele>177.2</ele>
    <time>2025-07-08T12:36:30Z</time>
   </trkpt>
   <trkpt lat="62.4813820" lon="8.1239970">
    <ele>177.3</ele>
    <time>2025-07-08T12:36:31Z</time>
   </trkpt>
   <trkpt lat="62.4813820" lon="8.1239660">
    <ele>177.5</ele>
    <time>2025-07-08T12:36:32Z</time>
   </trkpt>
   <trkpt lat="62.4813800" lon="8.1239390">
    <ele>177.7</ele>
    <time>2025-07-08T12:36:33Z</time>
   </trkpt>
   <trkpt lat="62.4813740" lon="8.1239110">
    <ele>178.0</ele>
    <time>2025-07-08T12:36:34Z</time>
   </trkpt>
   <trkpt lat="62.4813730" lon="8.1239010">
    <ele>178.1</ele>
    <time>2025-07-08T12:36:35Z</time>
   </trkpt>
   <trkpt lat="62.4813700" lon="8.1238780">
    <ele>178.2</ele>
    <time>2025-07-08T12:36:36Z</time>
   </trkpt>
   <trkpt lat="62.4813680" lon="8.1238460">
    <ele>178.5</ele>
    <time>2025-07-08T12:36:37Z</time>
   </trkpt>
   <trkpt lat="62.4813620" lon="8.1238150">
    <ele>178.8</ele>
    <time>2025-07-08T12:36:38Z</time>
   </trkpt>
   <trkpt lat="62.4813590" lon="8.1237900">
    <ele>179.0</ele>
    <time>2025-07-08T12:36:39Z</time>
   </trkpt>
   <trkpt lat="62.4813580" lon="8.1237730">
    <ele>179.1</ele>
    <time>2025-07-08T12:36:40Z</time>
   </trkpt>
   <trkpt lat="62.4813590" lon="8.1237420">
    <ele>179.4</ele>
    <time>2025-07-08T12:36:41Z</time>
   </trkpt>
   <trkpt lat="62.4813570" lon="8.1237210">
    <ele>179.6</ele>
    <time>2025-07-08T12:36:42Z</time>
   </trkpt>
   <trkpt lat="62.4813550" lon="8.1236910">
    <ele>179.8</ele>
    <time>2025-07-08T12:36:43Z</time>
   </trkpt>
   <trkpt lat="62.4813530" lon="8.1236750">
    <ele>180.0</ele>
    <time>2025-07-08T12:36:44Z</time>
   </trkpt>
   <trkpt lat="62.4813510" lon="8.1236580">
    <ele>180.1</ele>
    <time>2025-07-08T12:36:45Z</time>
   </trkpt>
   <trkpt lat="62.4813500" lon="8.1236450">
    <ele>180.2</ele>
    <time>2025-07-08T12:36:46Z</time>
   </trkpt>
   <trkpt lat="62.4813480" lon="8.1236350">
    <ele>180.3</ele>
    <time>2025-07-08T12:36:47Z</time>
   </trkpt>
   <trkpt lat="62.4813450" lon="8.1236080">
    <ele>180.5</ele>
    <time>2025-07-08T12:36:48Z</time>
   </trkpt>
   <trkpt lat="62.4813420" lon="8.1235870">
    <ele>180.7</ele>
    <time>2025-07-08T12:36:49Z</time>
   </trkpt>
   <trkpt lat="62.4813400" lon="8.1235620">
    <ele>181.0</ele>
    <time>2025-07-08T12:36:50Z</time>
   </trkpt>
   <trkpt lat="62.4813380" lon="8.1235430">
    <ele>181.1</ele>
    <time>2025-07-08T12:36:51Z</time>
   </trkpt>
   <trkpt lat="62.4813320" lon="8.1235350">
    <ele>181.3</ele>
    <time>2025-07-08T12:36:52Z</time>
   </trkpt>
   <trkpt lat="62.4813300" lon="8.1235180">
    <ele>181.4</ele>
    <time>2025-07-08T12:36:53Z</time>
   </trkpt>
   <trkpt lat="62.4813290" lon="8.1234870">
    <ele>181.7</ele>
    <time>2025-07-08T12:36:54Z</time>
   </trkpt>
   <trkpt lat="62.4813240" lon="8.1234550">
    <ele>182.0</ele>
    <time>2025-07-08T12:36:55Z</time>
   </trkpt>
   <trkpt lat="62.4813190" lon="8.1234400">
    <ele>182.2</ele>
    <time>2025-07-08T12:36:56Z</time>
   </trkpt>
   <trkpt lat="62.4813210" lon="8.1234260">
    <ele>182.3</ele>
    <time>2025-07-08T12:36:57Z</time>
   </trkpt>
   <trkpt lat="62.4813200" lon="8.1233870">
    <ele>182.6</ele>
    <time>2025-07-08T12:36:58Z</time>
   </trkpt>
   <trkpt lat="62.4813200" lon="8.1233630">
    <ele>182.8</ele>
    <time>2025-07-08T12:36:59Z</time>
   </trkpt>
   <trkpt lat="62.4813190" lon="8.1233400">
    <ele>183.0</ele>
    <time>2025-07-08T12:37:00Z</time>
   </trkpt>
   <trkpt lat="62.4813140" lon="8.1233160">
    <ele>183.3</ele>
    <time>2025-07-08T12:37:01Z</time>
   </trkpt>
   <trkpt lat="62.4813090" lon="8.1233010">
    <ele>183.4</ele>
    <time>2025-07-08T12:37:02Z</time>
   </trkpt>
   <trkpt lat="62.4813010" lon="8.1232830">
    <ele>183.6</ele>
    <time>2025-07-08T12:37:03Z</time>
   </trkpt>
   <trkpt lat="62.4812940" lon="8.1232600">
    <ele>183.9</ele>
    <time>2025-07-08T12:37:04Z</time>
   </trkpt>
   <trkpt lat="62.4812870" lon="8.1232330">
    <ele>184.1</ele>
    <time>2025-07-08T12:37:05Z</time>
   </trkpt>
   <trkpt lat="62.4812850" lon="8.1232090">
    <ele>184.3</ele>
    <time>2025-07-08T12:37:06Z</time>
   </trkpt>
   <trkpt lat="62.4812750" lon="8.1231880">
    <ele>184.5</ele>
    <time>2025-07-08T12:37:07Z</time>
   </trkpt>
   <trkpt lat="62.4812670" lon="8.1231860">
    <ele>184.7</ele>
    <time>2025-07-08T12:37:08Z</time>
   </trkpt>
   <trkpt lat="62.4812500" lon="8.1231560">
    <ele>185.0</ele>
    <time>2025-07-08T12:37:09Z</time>
   </trkpt>
   <trkpt lat="62.4812410" lon="8.1231400">
    <ele>185.2</ele>
    <time>2025-07-08T12:37:10Z</time>
   </trkpt>
   <trkpt lat="62.4812330" lon="8.1231230">
    <ele>185.4</ele>
    <time>2025-07-08T12:37:11Z</time>
   </trkpt>
   <trkpt lat="62.4812180" lon="8.1231110">
    <ele>185.7</ele>
    <time>2025-07-08T12:37:12Z</time>
   </trkpt>
   <trkpt lat="62.4812100" lon="8.1231120">
    <ele>185.7</ele>
    <time>2025-07-08T12:37:13Z</time>
   </trkpt>
   <trkpt lat="62.4812020" lon="8.1231050">
    <ele>185.7</ele>
    <time>2025-07-08T12:37:14Z</time>
   </trkpt>
   <trkpt lat="62.4811870" lon="8.1230920">
    <ele>185.7</ele>
    <time>2025-07-08T12:37:15Z</time>
   </trkpt>
   <trkpt lat="62.4811700" lon="8.1230750">
    <ele>185.7</ele>
    <time>2025-07-08T12:37:16Z</time>
   </trkpt>
   <trkpt lat="62.4811520" lon="8.1230730">
    <ele>185.7</ele>
    <time>2025-07-08T12:37:17Z</time>
   </trkpt>
   <trkpt lat="62.4811440" lon="8.1230700">
    <ele>185.7</ele>
    <time>2025-07-08T12:37:18Z</time>
   </trkpt>
   <trkpt lat="62.4811350" lon="8.1230680">
    <ele>185.7</ele>
    <time>2025-07-08T12:37:19Z</time>
   </trkpt>
   <trkpt lat="62.4811270" lon="8.1230650">
    <ele>185.8</ele>
    <time>2025-07-08T12:37:20Z</time>
   </trkpt>
   <trkpt lat="62.4811250" lon="8.1230710">
    <ele>185.8</ele>
    <time>2025-07-08T12:37:21Z</time>
   </trkpt>
   <trkpt lat="62.4811230" lon="8.1230660">
    <ele>185.8</ele>
    <time>2025-07-08T12:37:22Z</time>
   </trkpt>
   <trkpt lat="62.4811210" lon="8.1230700">
    <ele>185.8</ele>
    <time>2025-07-08T12:37:23Z</time>
   </trkpt>
   <trkpt lat="62.4811220" lon="8.1230670">
    <ele>185.8</ele>
    <time>2025-07-08T12:37:24Z</time>
   </trkpt>
   <trkpt lat="62.4811150" lon="8.1230620">
    <ele>185.8</ele>
    <time>2025-07-08T12:37:25Z</time>
   </trkpt>
   <trkpt lat="62.4811120" lon="8.1230600">
    <ele>185.8</ele>
    <time>2025-07-08T12:37:26Z</time>
   </trkpt>
   <trkpt lat="62.4811080" lon="8.1230540">
    <ele>185.8</ele>
    <time>2025-07-08T12:37:27Z</time>
   </trkpt>
   <trkpt lat="62.4811040" lon="8.1230430">
    <ele>185.8</ele>
    <time>2025-07-08T12:37:28Z</time>
   </trkpt>
   <trkpt lat="62.4811010" lon="8.1230440">
    <ele>185.8</ele>
    <time>2025-07-08T12:37:29Z</time>
   </trkpt>
   <trkpt lat="62.4810960" lon="8.1230390">
    <ele>185.8</ele>
    <time>2025-07-08T12:37:30Z</time>
   </trkpt>
   <trkpt lat="62.4810890" lon="8.1230380">
    <ele>185.8</ele>
    <time>2025-07-08T12:37:31Z</time>
   </trkpt>
   <trkpt lat="62.4810830" lon="8.1230360">
    <ele>185.8</ele>
    <time>2025-07-08T12:37:32Z</time>
   </trkpt>
   <trkpt lat="62.4810770" lon="8.1230340">
    <ele>185.8</ele>
    <time>2025-07-08T12:37:33Z</time>
   </trkpt>
   <trkpt lat="62.4810700" lon="8.1230330">
    <ele>185.8</ele>
    <time>2025-07-08T12:37:34Z</time>
   </trkpt>
   <trkpt lat="62.4810640" lon="8.1230310">
    <ele>185.8</ele>
    <time>2025-07-08T12:37:35Z</time>
   </trkpt>
   <trkpt lat="62.4810600" lon="8.1230320">
    <ele>185.8</ele>
    <time>2025-07-08T12:37:36Z</time>
   </trkpt>
   <trkpt lat="62.4810530" lon="8.1230300">
    <ele>185.8</ele>
    <time>2025-07-08T12:37:37Z</time>
   </trkpt>
   <trkpt lat="62.4810450" lon="8.1230230">
    <ele>185.8</ele>
    <time>2025-07-08T12:37:38Z</time>
   </trkpt>
   <trkpt lat="62.4810330" lon="8.1230240">
    <ele>185.8</ele>
    <time>2025-07-08T12:37:39Z</time>
   </trkpt>
   <trkpt lat="62.4810090" lon="8.1230280">
    <ele>185.9</ele>
    <time>2025-07-08T12:37:40Z</time>
   </trkpt>
   <trkpt lat="62.4810010" lon="8.1230330">
    <ele>185.9</ele>
    <time>2025-07-08T12:37:41Z</time>
   </trkpt>
   <trkpt lat="62.4809930" lon="8.1230370">
    <ele>185.9</ele>
    <time>2025-07-08T12:37:42Z</time>
   </trkpt>
   <trkpt lat="62.4809900" lon="8.1230580">
    <ele>185.9</ele>
    <time>2025-07-08T12:37:43Z</time>
   </trkpt>
   <trkpt lat="62.4809830" lon="8.1230650">
    <ele>185.9</ele>
    <time>2025-07-08T12:37:44Z</time>
   </trkpt>
   <trkpt lat="62.4809770" lon="8.1230660">
    <ele>185.9</ele>
    <time>2025-07-08T12:37:45Z</time>
   </trkpt>
   <trkpt lat="62.4809650" lon="8.1230750">
    <ele>185.9</ele>
    <time>2025-07-08T12:37:46Z</time>
   </trkpt>
   <trkpt lat="62.4809510" lon="8.1230820">
    <ele>185.9</ele>
    <time>2025-07-08T12:37:47Z</time>
   </trkpt>
   <trkpt lat="62.4809430" lon="8.1230860">
    <ele>185.9</ele>
    <time>2025-07-08T12:37:48Z</time>
   </trkpt>
   <trkpt lat="62.4809350" lon="8.1230890">
    <ele>185.9</ele>
    <time>2025-07-08T12:37:49Z</time>
   </trkpt>
   <trkpt lat="62.4809270" lon="8.1230930">
    <ele>185.9</ele>
    <time>2025-07-08T12:37:50Z</time>
   </trkpt>
   <trkpt lat="62.4809110" lon="8.1230950">
    <ele>185.9</ele>
    <time>2025-07-08T12:37:51Z</time>
   </trkpt>
   <trkpt lat="62.4808960" lon="8.1231040">
    <ele>185.9</ele>
    <time>2025-07-08T12:37:52Z</time>
   </trkpt>
   <trkpt lat="62.4808850" lon="8.1231080">
    <ele>185.9</ele>
    <time>2025-07-08T12:37:53Z</time>
   </trkpt>
   <trkpt lat="62.4808820" lon="8.1231040">
    <ele>185.9</ele>
    <time>2025-07-08T12:37:54Z</time>
   </trkpt>
   <trkpt lat="62.4808830" lon="8.1231060">
    <ele>185.9</ele>
    <time>2025-07-08T12:37:55Z</time>
   </trkpt>
   <trkpt lat="62.4808800" lon="8.1231020">
    <ele>185.9</ele>
    <time>2025-07-08T12:37:56Z</time>
   </trkpt>
   <trkpt lat="62.4808670" lon="8.1231010">
    <ele>185.9</ele>
    <time>2025-07-08T12:37:57Z</time>
   </trkpt>
   <trkpt lat="62.4808500" lon="8.1231060">
    <ele>185.9</ele>
    <time>2025-07-08T12:37:58Z</time>
   </trkpt>
   <trkpt lat="62.4808330" lon="8.1231060">
    <ele>185.9</ele>
    <time>2025-07-08T12:37:59Z</time>
   </trkpt>
   <trkpt lat="62.4808310" lon="8.1231100">
    <ele>186.0</ele>
    <time>2025-07-08T12:38:00Z</time>
   </trkpt>
   <trkpt lat="62.4808170" lon="8.1231000">
    <ele>186.0</ele>
    <time>2025-07-08T12:38:01Z</time>
   </trkpt>
   <trkpt lat="62.4808030" lon="8.1230940">
    <ele>186.0</ele>
    <time>2025-07-08T12:38:02Z</time>
   </trkpt>
   <trkpt lat="62.4807990" lon="8.1230930">
    <ele>186.0</ele>
    <time>2025-07-08T12:38:03Z</time>
   </trkpt>
   <trkpt lat="62.4807990" lon="8.1230870">
    <ele>186.1</ele>
    <time>2025-07-08T12:38:04Z</time>
   </trkpt>
   <trkpt lat="62.4807920" lon="8.1230800">
    <ele>186.1</ele>
    <time>2025-07-08T12:38:05Z</time>
   </trkpt>
   <trkpt lat="62.4807880" lon="8.1230780">
    <ele>186.1</ele>
    <time>2025-07-08T12:38:06Z</time>
   </trkpt>
   <trkpt lat="62.4807880" lon="8.1230770">
    <ele>186.1</ele>
    <time>2025-07-08T12:38:07Z</time>
   </trkpt>
   <trkpt lat="62.4807840" lon="8.1230780">
    <ele>186.1</ele>
    <time>2025-07-08T12:38:08Z</time>
   </trkpt>
   <trkpt lat="62.4807820" lon="8.1230780">
    <ele>186.2</ele>
    <time>2025-07-08T12:38:09Z</time>
   </trkpt>
   <trkpt lat="62.4807810" lon="8.1230750">
    <ele>186.2</ele>
    <time>2025-07-08T12:38:10Z</time>
   </trkpt>
   <trkpt lat="62.4807760" lon="8.1230680">
    <ele>186.2</ele>
    <time>2025-07-08T12:38:11Z</time>
   </trkpt>
   <trkpt lat="62.4807680" lon="8.1230680">
    <ele>186.3</ele>
    <time>2025-07-08T12:38:12Z</time>
   </trkpt>
   <trkpt lat="62.4807620" lon="8.1230680">
    <ele>186.3</ele>
    <time>2025-07-08T12:38:13Z</time>
   </trkpt>
   <trkpt lat="62.4807510" lon="8.1230750">
    <ele>186.4</ele>
    <time>2025-07-08T12:38:14Z</time>
   </trkpt>
   <trkpt lat="62.4807430" lon="8.1230640">
    <ele>186.5</ele>
    <time>2025-07-08T12:38:15Z</time>
   </trkpt>
   <trkpt lat="62.4807400" lon="8.1230710">
    <ele>186.5</ele>
    <time>2025-07-08T12:38:16Z</time>
   </trkpt>
   <trkpt lat="62.4807320" lon="8.1230750">
    <ele>186.6</ele>
    <time>2025-07-08T12:38:17Z</time>
   </trkpt>
   <trkpt lat="62.4807210" lon="8.1230750">
    <ele>186.7</ele>
    <time>2025-07-08T12:38:18Z</time>
   </trkpt>
   <trkpt lat="62.4807110" lon="8.1230750">
    <ele>186.8</ele>
    <time>2025-07-08T12:38:19Z</time>
   </trkpt>
   <trkpt lat="62.4807020" lon="8.1230790">
    <ele>186.9</ele>
    <time>2025-07-08T12:38:20Z</time>
   </trkpt>
   <trkpt lat="62.4806980" lon="8.1230820">
    <ele>187.0</ele>
    <time>2025-07-08T12:38:21Z</time>
   </trkpt>
   <trkpt lat="62.4806930" lon="8.1230890">
    <ele>187.1</ele>
    <time>2025-07-08T12:38:22Z</time>
   </trkpt>
   <trkpt lat="62.4806800" lon="8.1230840">
    <ele>187.3</ele>
    <time>2025-07-08T12:38:23Z</time>
   </trkpt>
   <trkpt lat="62.4806680" lon="8.1230790">
    <ele>187.5</ele>
    <time>2025-07-08T12:38:24Z</time>
   </trkpt>
   <trkpt lat="62.4806570" lon="8.1230760">
    <ele>187.6</ele>
    <time>2025-07-08T12:38:25Z</time>
   </trkpt>
   <trkpt lat="62.4806460" lon="8.1230740">
    <ele>187.8</ele>
    <time>2025-07-08T12:38:26Z</time>
   </trkpt>
   <trkpt lat="62.4806340" lon="8.1230760">
    <ele>188.0</ele>
    <time>2025-07-08T12:38:27Z</time>
   </trkpt>
   <trkpt lat="62.4806270" lon="8.1230790">
    <ele>188.2</ele>
    <time>2025-07-08T12:38:28Z</time>
   </trkpt>
   <trkpt lat="62.4806220" lon="8.1230880">
    <ele>188.3</ele>
    <time>2025-07-08T12:38:29Z</time>
   </trkpt>
   <trkpt lat="62.4806120" lon="8.1230870">
    <ele>188.5</ele>
    <time>2025-07-08T12:38:30Z</time>
   </trkpt>
   <trkpt lat="62.4806040" lon="8.1230920">
    <ele>188.7</ele>
    <time>2025-07-08T12:38:31Z</time>
   </trkpt>
   <trkpt lat="62.4805980" lon="8.1230940">
    <ele>188.8</ele>
    <time>2025-07-08T12:38:32Z</time>
   </trkpt>
   <trkpt lat="62.4805900" lon="8.1230950">
    <ele>188.9</ele>
    <time>2025-07-08T12:38:33Z</time>
   </trkpt>
   <trkpt lat="62.4805790" lon="8.1231090">
    <ele>189.2</ele>
    <time>2025-07-08T12:38:34Z</time>
   </trkpt>
   <trkpt lat="62.4805670" lon="8.1231210">
    <ele>189.4</ele>
    <time>2025-07-08T12:38:35Z</time>
   </trkpt>
   <trkpt lat="62.4805570" lon="8.1231200">
    <ele>189.6</ele>
    <time>2025-07-08T12:38:36Z</time>
   </trkpt>
   <trkpt lat="62.4805460" lon="8.1231200">
    <ele>189.9</ele>
    <time>2025-07-08T12:38:37Z</time>
   </trkpt>
   <trkpt lat="62.4805310" lon="8.1231270">
    <ele>190.2</ele>
    <time>2025-07-08T12:38:38Z</time>
   </trkpt>
   <trkpt lat="62.4805250" lon="8.1231370">
    <ele>190.3</ele>
    <time>2025-07-08T12:38:39Z</time>
   </trkpt>
   <trkpt lat="62.4805180" lon="8.1231420">
    <ele>190.5</ele>
    <time>2025-07-08T12:38:40Z</time>
   </trkpt>
   <trkpt lat="62.4805070" lon="8.1231470">
    <ele>190.7</ele>
    <time>2025-07-08T12:38:41Z</time>
   </trkpt>
   <trkpt lat="62.4804970" lon="8.1231430">
    <ele>190.9</ele>
    <time>2025-07-08T12:38:42Z</time>
   </trkpt>
   <trkpt lat="62.4804850" lon="8.1231440">
    <ele>191.1</ele>
    <time>2025-07-08T12:38:43Z</time>
   </trkpt>
   <trkpt lat="62.4804660" lon="8.1231470">
    <ele>191.5</ele>
    <time>2025-07-08T12:38:44Z</time>
   </trkpt>
   <trkpt lat="62.4804560" lon="8.1231540">
    <ele>191.7</ele>
    <time>2025-07-08T12:38:45Z</time>
   </trkpt>
   <trkpt lat="62.4804460" lon="8.1231620">
    <ele>191.9</ele>
    <time>2025-07-08T12:38:46Z</time>
   </trkpt>
   <trkpt lat="62.4804340" lon="8.1231710">
    <ele>192.1</ele>
    <time>2025-07-08T12:38:47Z</time>
   </trkpt>
   <trkpt lat="62.4804230" lon="8.1231780">
    <ele>192.3</ele>
    <time>2025-07-08T12:38:48Z</time>
   </trkpt>
   <trkpt lat="62.4804150" lon="8.1231920">
    <ele>192.4</ele>
    <time>2025-07-08T12:38:49Z</time>
   </trkpt>
   <trkpt lat="62.4804030" lon="8.1231980">
    <ele>192.6</ele>
    <time>2025-07-08T12:38:50Z</time>
   </trkpt>
   <trkpt lat="62.4803850" lon="8.1232080">
    <ele>192.9</ele>
    <time>2025-07-08T12:38:51Z</time>
   </trkpt>
   <trkpt lat="62.4803670" lon="8.1232260">
    <ele>193.2</ele>
    <time>2025-07-08T12:38:52Z</time>
   </trkpt>
   <trkpt lat="62.4803590" lon="8.1232360">
    <ele>193.3</ele>
    <time>2025-07-08T12:38:53Z</time>
   </trkpt>
   <trkpt lat="62.4803520" lon="8.1232450">
    <ele>193.5</ele>
    <time>2025-07-08T12:38:54Z</time>
   </trkpt>
   <trkpt lat="62.4803310" lon="8.1232740">
    <ele>193.8</ele>
    <time>2025-07-08T12:38:55Z</time>
   </trkpt>
   <trkpt lat="62.4803200" lon="8.1232890">
    <ele>193.9</ele>
    <time>2025-07-08T12:38:56Z</time>
   </trkpt>
   <trkpt lat="62.4803120" lon="8.1232990">
    <ele>194.1</ele>
    <time>2025-07-08T12:38:57Z</time>
   </trkpt>
   <trkpt lat="62.4803050" lon="8.1233160">
    <ele>194.2</ele>
    <time>2025-07-08T12:38:58Z</time>
   </trkpt>
   <trkpt lat="62.4803040" lon="8.1233280">
    <ele>194.3</ele>
    <time>2025-07-08T12:38:59Z</time>
   </trkpt>
   <trkpt lat="62.4802980" lon="8.1233430">
    <ele>194.4</ele>
    <time>2025-07-08T12:39:00Z</time>
   </trkpt>
   <trkpt lat="62.4802850" lon="8.1233640">
    <ele>194.6</ele>
    <time>2025-07-08T12:39:01Z</time>
   </trkpt>
   <trkpt lat="62.4802790" lon="8.1233910">
    <ele>194.8</ele>
    <time>2025-07-08T12:39:02Z</time>
   </trkpt>
   <trkpt lat="62.4802780" lon="8.1234200">
    <ele>195.0</ele>
    <time>2025-07-08T12:39:03Z</time>
   </trkpt>
   <trkpt lat="62.4802780" lon="8.1234430">
    <ele>195.1</ele>
    <time>2025-07-08T12:39:04Z</time>
   </trkpt>
   <trkpt lat="62.4802800" lon="8.1234600">
    <ele>195.2</ele>
    <time>2025-07-08T12:39:05Z</time>
   </trkpt>
   <trkpt lat="62.4802840" lon="8.1234930">
    <ele>195.5</ele>
    <time>2025-07-08T12:39:06Z</time>
   </trkpt>
   <trkpt lat="62.4802850" lon="8.1235200">
    <ele>195.7</ele>
    <time>2025-07-08T12:39:07Z</time>
   </trkpt>
   <trkpt lat="62.4802860" lon="8.1235510">
    <ele>195.9</ele>
    <time>2025-07-08T12:39:08Z</time>
   </trkpt>
   <trkpt lat="62.4802930" lon="8.1235710">
    <ele>196.1</ele>
    <time>2025-07-08T12:39:09Z</time>
   </trkpt>
   <trkpt lat="62.4802980" lon="8.1235840">
    <ele>196.2</ele>
    <time>2025-07-08T12:39:10Z</time>
   </trkpt>
   <trkpt lat="62.4802980" lon="8.1236040">
    <ele>196.4</ele>
    <time>2025-07-08T12:39:11Z</time>
   </trkpt>
   <trkpt lat="62.4802960" lon="8.1236230">
    <ele>196.5</ele>
    <time>2025-07-08T12:39:12Z</time>
   </trkpt>
   <trkpt lat="62.4802950" lon="8.1236500">
    <ele>196.7</ele>
    <time>2025-07-08T12:39:13Z</time>
   </trkpt>
   <trkpt lat="62.4802840" lon="8.1236900">
    <ele>197.1</ele>
    <time>2025-07-08T12:39:14Z</time>
   </trkpt>
   <trkpt lat="62.4802780" lon="8.1237060">
    <ele>197.3</ele>
    <time>2025-07-08T12:39:15Z</time>
   </trkpt>
   <trkpt lat="62.4802740" lon="8.1236930">
    <ele>197.4</ele>
    <time>2025-07-08T12:39:16Z</time>
   </trkpt>
   <trkpt lat="62.4802730" lon="8.1236890">
    <ele>197.5</ele>
    <time>2025-07-08T12:39:17Z</time>
   </trkpt>
   <trkpt lat="62.4802730" lon="8.1236900">
    <ele>197.5</ele>
    <time>2025-07-08T12:39:18Z</time>
   </trkpt>
   <trkpt lat="62.4802670" lon="8.1236520">
    <ele>197.8</ele>
    <time>2025-07-08T12:39:19Z</time>
   </trkpt>
   <trkpt lat="62.4802640" lon="8.1236420">
    <ele>197.9</ele>
    <time>2025-07-08T12:39:20Z</time>
   </trkpt>
   <trkpt lat="62.4802560" lon="8.1236390">
    <ele>198.1</ele>
    <time>2025-07-08T12:39:21Z</time>
   </trkpt>
   <trkpt lat="62.4802560" lon="8.1236290">
    <ele>198.2</ele>
    <time>2025-07-08T12:39:22Z</time>
   </trkpt>
   <trkpt lat="62.4802490" lon="8.1236170">
    <ele>198.3</ele>
    <time>2025-07-08T12:39:23Z</time>
   </trkpt>
   <trkpt lat="62.4802370" lon="8.1236090">
    <ele>198.6</ele>
    <time>2025-07-08T12:39:24Z</time>
   </trkpt>
   <trkpt lat="62.4802290" lon="8.1236070">
    <ele>198.7</ele>
    <time>2025-07-08T12:39:25Z</time>
   </trkpt>
   <trkpt lat="62.4802180" lon="8.1236020">
    <ele>198.9</ele>
    <time>2025-07-08T12:39:26Z</time>
   </trkpt>
   <trkpt lat="62.4802060" lon="8.1236150">
    <ele>199.2</ele>
    <time>2025-07-08T12:39:27Z</time>
   </trkpt>
   <trkpt lat="62.4801950" lon="8.1236150">
    <ele>199.4</ele>
    <time>2025-07-08T12:39:28Z</time>
   </trkpt>
   <trkpt lat="62.4801790" lon="8.1236310">
    <ele>199.7</ele>
    <time>2025-07-08T12:39:29Z</time>
   </trkpt>
   <trkpt lat="62.4801580" lon="8.1236560">
    <ele>200.1</ele>
    <time>2025-07-08T12:39:30Z</time>
   </trkpt>
   <trkpt lat="62.4801520" lon="8.1236620">
    <ele>200.2</ele>
    <time>2025-07-08T12:39:31Z</time>
   </trkpt>
   <trkpt lat="62.4801460" lon="8.1236670">
    <ele>200.3</ele>
    <time>2025-07-08T12:39:32Z</time>
   </trkpt>
   <trkpt lat="62.4801350" lon="8.1236820">
    <ele>200.5</ele>
    <time>2025-07-08T12:39:33Z</time>
   </trkpt>
   <trkpt lat="62.4801250" lon="8.1237020">
    <ele>200.6</ele>
    <time>2025-07-08T12:39:34Z</time>
   </trkpt>
   <trkpt lat="62.4801160" lon="8.1237110">
    <ele>200.8</ele>
    <time>2025-07-08T12:39:35Z</time>
   </trkpt>
   <trkpt lat="62.4801030" lon="8.1237210">
    <ele>201.0</ele>
    <time>2025-07-08T12:39:36Z</time>
   </trkpt>
   <trkpt lat="62.4800970" lon="8.1237260">
    <ele>201.0</ele>
    <time>2025-07-08T12:39:37Z</time>
   </trkpt>
   <trkpt lat="62.4800910" lon="8.1237300">
    <ele>201.1</ele>
    <time>2025-07-08T12:39:38Z</time>
   </trkpt>
   <trkpt lat="62.4800790" lon="8.1237430">
    <ele>201.3</ele>
    <time>2025-07-08T12:39:39Z</time>
   </trkpt>
   <trkpt lat="62.4800700" lon="8.1237450">
    <ele>201.5</ele>
    <time>2025-07-08T12:39:40Z</time>
   </trkpt>
   <trkpt lat="62.4800640" lon="8.1237460">
    <ele>201.6</ele>
    <time>2025-07-08T12:39:41Z</time>
   </trkpt>
   <trkpt lat="62.4800580" lon="8.1237500">
    <ele>201.7</ele>
    <time>2025-07-08T12:39:42Z</time>
   </trkpt>
   <trkpt lat="62.4800490" lon="8.1237550">
    <ele>201.8</ele>
    <time>2025-07-08T12:39:43Z</time>
   </trkpt>
   <trkpt lat="62.4800390" lon="8.1237590">
    <ele>202.0</ele>
    <time>2025-07-08T12:39:44Z</time>
   </trkpt>
   <trkpt lat="62.4800350" lon="8.1237650">
    <ele>202.0</ele>
    <time>2025-07-08T12:39:45Z</time>
   </trkpt>
   <trkpt lat="62.4800280" lon="8.1237620">
    <ele>202.2</ele>
    <time>2025-07-08T12:39:46Z</time>
   </trkpt>
   <trkpt lat="62.4800130" lon="8.1237620">
    <ele>202.5</ele>
    <time>2025-07-08T12:39:47Z</time>
   </trkpt>
   <trkpt lat="62.4800030" lon="8.1237640">
    <ele>202.6</ele>
    <time>2025-07-08T12:39:48Z</time>
   </trkpt>
   <trkpt lat="62.4800000" lon="8.1237620">
    <ele>202.7</ele>
    <time>2025-07-08T12:39:49Z</time>
   </trkpt>
   <trkpt lat="62.4799930" lon="8.1237650">
    <ele>202.8</ele>
    <time>2025-07-08T12:39:50Z</time>
   </trkpt>
   <trkpt lat="62.4799860" lon="8.1237670">
    <ele>203.0</ele>
    <time>2025-07-08T12:39:51Z</time>
   </trkpt>
   <trkpt lat="62.4799800" lon="8.1237650">
    <ele>203.1</ele>
    <time>2025-07-08T12:39:52Z</time>
   </trkpt>
   <trkpt lat="62.4799680" lon="8.1237640">
    <ele>203.3</ele>
    <time>2025-07-08T12:39:53Z</time>
   </trkpt>
   <trkpt lat="62.4799550" lon="8.1237670">
    <ele>203.6</ele>
    <time>2025-07-08T12:39:54Z</time>
   </trkpt>
   <trkpt lat="62.4799470" lon="8.1237610">
    <ele>203.8</ele>
    <time>2025-07-08T12:39:55Z</time>
   </trkpt>
   <trkpt lat="62.4799350" lon="8.1237530">
    <ele>204.1</ele>
    <time>2025-07-08T12:39:56Z</time>
   </trkpt>
   <trkpt lat="62.4799310" lon="8.1237630">
    <ele>204.2</ele>
    <time>2025-07-08T12:39:57Z</time>
   </trkpt>
   <trkpt lat="62.4799280" lon="8.1237640">
    <ele>204.3</ele>
    <time>2025-07-08T12:39:58Z</time>
   </trkpt>
   <trkpt lat="62.4799180" lon="8.1237620">
    <ele>204.5</ele>
    <time>2025-07-08T12:39:59Z</time>
   </trkpt>
   <trkpt lat="62.4799060" lon="8.1237540">
    <ele>204.7</ele>
    <time>2025-07-08T12:40:00Z</time>
   </trkpt>
   <trkpt lat="62.4798990" lon="8.1237450">
    <ele>204.9</ele>
    <time>2025-07-08T12:40:01Z</time>
   </trkpt>
   <trkpt lat="62.4798940" lon="8.1237380">
    <ele>205.0</ele>
    <time>2025-07-08T12:40:02Z</time>
   </trkpt>
   <trkpt lat="62.4798930" lon="8.1237290">
    <ele>205.1</ele>
    <time>2025-07-08T12:40:03Z</time>
   </trkpt>
   <trkpt lat="62.4798850" lon="8.1237150">
    <ele>205.3</ele>
    <time>2025-07-08T12:40:04Z</time>
   </trkpt>
   <trkpt lat="62.4798820" lon="8.1236830">
    <ele>205.6</ele>
    <time>2025-07-08T12:40:05Z</time>
   </trkpt>
   <trkpt lat="62.4798770" lon="8.1236690">
    <ele>205.8</ele>
    <time>2025-07-08T12:40:06Z</time>
   </trkpt>
   <trkpt lat="62.4798730" lon="8.1236560">
    <ele>206.0</ele>
    <time>2025-07-08T12:40:07Z</time>
   </trkpt>
   <trkpt lat="62.4798680" lon="8.1236430">
    <ele>206.1</ele>
    <time>2025-07-08T12:40:08Z</time>
   </trkpt>
   <trkpt lat="62.4798630" lon="8.1236260">
    <ele>206.3</ele>
    <time>2025-07-08T12:40:09Z</time>
   </trkpt>
   <trkpt lat="62.4798540" lon="8.1236070">
    <ele>206.5</ele>
    <time>2025-07-08T12:40:10Z</time>
   </trkpt>
   <trkpt lat="62.4798460" lon="8.1235890">
    <ele>206.7</ele>
    <time>2025-07-08T12:40:11Z</time>
   </trkpt>
   <trkpt lat="62.4798430" lon="8.1235810">
    <ele>206.8</ele>
    <time>2025-07-08T12:40:12Z</time>
   </trkpt>
   <trkpt lat="62.4798320" lon="8.1235660">
    <ele>207.0</ele>
    <time>2025-07-08T12:40:13Z</time>
   </trkpt>
   <trkpt lat="62.4798190" lon="8.1235500">
    <ele>207.3</ele>
    <time>2025-07-08T12:40:14Z</time>
   </trkpt>
   <trkpt lat="62.4798140" lon="8.1235300">
    <ele>207.5</ele>
    <time>2025-07-08T12:40:15Z</time>
   </trkpt>
   <trkpt lat="62.4798090" lon="8.1235120">
    <ele>207.7</ele>
    <time>2025-07-08T12:40:16Z</time>
   </trkpt>
   <trkpt lat="62.4798010" lon="8.1234940">
    <ele>207.9</ele>
    <time>2025-07-08T12:40:17Z</time>
   </trkpt>
   <trkpt lat="62.4797830" lon="8.1234710">
    <ele>208.3</ele>
    <time>2025-07-08T12:40:18Z</time>
   </trkpt>
   <trkpt lat="62.4797760" lon="8.1234650">
    <ele>208.4</ele>
    <time>2025-07-08T12:40:19Z</time>
   </trkpt>
   <trkpt lat="62.4797680" lon="8.1234590">
    <ele>208.5</ele>
    <time>2025-07-08T12:40:20Z</time>
   </trkpt>
   <trkpt lat="62.4797540" lon="8.1234380">
    <ele>208.8</ele>
    <time>2025-07-08T12:40:21Z</time>
   </trkpt>
   <trkpt lat="62.4797480" lon="8.1234270">
    <ele>209.0</ele>
    <time>2025-07-08T12:40:22Z</time>
   </trkpt>
   <trkpt lat="62.4797420" lon="8.1234170">
    <ele>209.1</ele>
    <time>2025-07-08T12:40:23Z</time>
   </trkpt>
   <trkpt lat="62.4797360" lon="8.1234070">
    <ele>209.2</ele>
    <time>2025-07-08T12:40:24Z</time>
   </trkpt>
   <trkpt lat="62.4797290" lon="8.1233980">
    <ele>209.4</ele>
    <time>2025-07-08T12:40:25Z</time>
   </trkpt>
   <trkpt lat="62.4797200" lon="8.1233940">
    <ele>209.6</ele>
    <time>2025-07-08T12:40:26Z</time>
   </trkpt>
   <trkpt lat="62.4797110" lon="8.1233900">
    <ele>209.7</ele>
    <time>2025-07-08T12:40:27Z</time>
   </trkpt>
   <trkpt lat="62.4797060" lon="8.1233840">
    <ele>209.8</ele>
    <time>2025-07-08T12:40:28Z</time>
   </trkpt>
   <trkpt lat="62.4796950" lon="8.1233690">
    <ele>210.1</ele>
    <time>2025-07-08T12:40:29Z</time>
   </trkpt>
   <trkpt lat="62.4796870" lon="8.1233580">
    <ele>210.3</ele>
    <time>2025-07-08T12:40:30Z</time>
   </trkpt>
   <trkpt lat="62.4796800" lon="8.1233470">
    <ele>210.5</ele>
    <time>2025-07-08T12:40:31Z</time>
   </trkpt>
   <trkpt lat="62.4796720" lon="8.1233360">
    <ele>210.6</ele>
    <time>2025-07-08T12:40:32Z</time>
   </trkpt>
   <trkpt lat="62.4796570" lon="8.1233300">
    <ele>211.0</ele>
    <time>2025-07-08T12:40:33Z</time>
   </trkpt>
   <trkpt lat="62.4796450" lon="8.1233190">
    <ele>211.2</ele>
    <time>2025-07-08T12:40:34Z</time>
   </trkpt>
   <trkpt lat="62.4796370" lon="8.1233130">
    <ele>211.4</ele>
    <time>2025-07-08T12:40:35Z</time>
   </trkpt>
   <trkpt lat="62.4796250" lon="8.1233080">
    <ele>211.7</ele>
    <time>2025-07-08T12:40:36Z</time>
   </trkpt>
   <trkpt lat="62.4796150" lon="8.1233040">
    <ele>211.9</ele>
    <time>2025-07-08T12:40:37Z</time>
   </trkpt>
   <trkpt lat="62.4796090" lon="8.1233070">
    <ele>212.0</ele>
    <time>2025-07-08T12:40:38Z</time>
   </trkpt>
   <trkpt lat="62.4795960" lon="8.1233060">
    <ele>212.3</ele>
    <time>2025-07-08T12:40:39Z</time>
   </trkpt>
   <trkpt lat="62.4795820" lon="8.1232960">
    <ele>212.6</ele>
    <time>2025-07-08T12:40:40Z</time>
   </trkpt>
   <trkpt lat="62.4795630" lon="8.1232930">
    <ele>213.1</ele>
    <time>2025-07-08T12:40:41Z</time>
   </trkpt>
   <trkpt lat="62.4795570" lon="8.1232930">
    <ele>213.2</ele>
    <time>2025-07-08T12:40:42Z</time>
   </trkpt>
   <trkpt lat="62.4795500" lon="8.1232920">
    <ele>213.3</ele>
    <time>2025-07-08T12:40:43Z</time>
   </trkpt>
   <trkpt lat="62.4795430" lon="8.1232920">
    <ele>213.5</ele>
    <time>2025-07-08T12:40:44Z</time>
   </trkpt>
   <trkpt lat="62.4795320" lon="8.1232840">
    <ele>213.7</ele>
    <time>2025-07-08T12:40:45Z</time>
   </trkpt>
   <trkpt lat="62.4795240" lon="8.1232810">
    <ele>213.9</ele>
    <time>2025-07-08T12:40:46Z</time>
   </trkpt>
   <trkpt lat="62.4795120" lon="8.1232930">
    <ele>214.2</ele>
    <time>2025-07-08T12:40:47Z</time>
   </trkpt>
   <trkpt lat="62.4795020" lon="8.1232960">
    <ele>214.4</ele>
    <time>2025-07-08T12:40:48Z</time>
   </trkpt>
   <trkpt lat="62.4794970" lon="8.1232970">
    <ele>214.5</ele>
    <time>2025-07-08T12:40:49Z</time>
   </trkpt>
   <trkpt lat="62.4794910" lon="8.1232920">
    <ele>214.7</ele>
    <time>2025-07-08T12:40:50Z</time>
   </trkpt>
   <trkpt lat="62.4794840" lon="8.1232890">
    <ele>214.8</ele>
    <time>2025-07-08T12:40:51Z</time>
   </trkpt>
   <trkpt lat="62.4794680" lon="8.1232720">
    <ele>215.2</ele>
    <time>2025-07-08T12:40:52Z</time>
   </trkpt>
   <trkpt lat="62.4794610" lon="8.1232610">
    <ele>215.4</ele>
    <time>2025-07-08T12:40:53Z</time>
   </trkpt>
   <trkpt lat="62.4794530" lon="8.1232500">
    <ele>215.6</ele>
    <time>2025-07-08T12:40:54Z</time>
   </trkpt>
   <trkpt lat="62.4794450" lon="8.1232410">
    <ele>215.8</ele>
    <time>2025-07-08T12:40:55Z</time>
   </trkpt>
   <trkpt lat="62.4794340" lon="8.1232260">
    <ele>216.0</ele>
    <time>2025-07-08T12:40:56Z</time>
   </trkpt>
   <trkpt lat="62.4794230" lon="8.1232210">
    <ele>216.3</ele>
    <time>2025-07-08T12:40:57Z</time>
   </trkpt>
   <trkpt lat="62.4794100" lon="8.1232200">
    <ele>216.5</ele>
    <time>2025-07-08T12:40:58Z</time>
   </trkpt>
   <trkpt lat="62.4793950" lon="8.1232200">
    <ele>216.8</ele>
    <time>2025-07-08T12:40:59Z</time>
   </trkpt>
   <trkpt lat="62.4793870" lon="8.1232150">
    <ele>217.0</ele>
    <time>2025-07-08T12:41:00Z</time>
   </trkpt>
   <trkpt lat="62.4793810" lon="8.1232070">
    <ele>217.1</ele>
    <time>2025-07-08T12:41:01Z</time>
   </trkpt>
   <trkpt lat="62.4793730" lon="8.1231980">
    <ele>217.3</ele>
    <time>2025-07-08T12:41:02Z</time>
   </trkpt>
   <trkpt lat="62.4793700" lon="8.1231950">
    <ele>217.3</ele>
    <time>2025-07-08T12:41:03Z</time>
   </trkpt>
   <trkpt lat="62.4793500" lon="8.1231830">
    <ele>217.7</ele>
    <time>2025-07-08T12:41:04Z</time>
   </trkpt>
   <trkpt lat="62.4793400" lon="8.1231780">
    <ele>217.9</ele>
    <time>2025-07-08T12:41:05Z</time>
   </trkpt>
   <trkpt lat="62.4793300" lon="8.1231740">
    <ele>218.1</ele>
    <time>2025-07-08T12:41:06Z</time>
   </trkpt>
   <trkpt lat="62.4793150" lon="8.1231640">
    <ele>218.4</ele>
    <time>2025-07-08T12:41:07Z</time>
   </trkpt>
   <trkpt lat="62.4793090" lon="8.1231580">
    <ele>218.5</ele>
    <time>2025-07-08T12:41:08Z</time>
   </trkpt>
   <trkpt lat="62.4793040" lon="8.1231510">
    <ele>218.6</ele>
    <time>2025-07-08T12:41:09Z</time>
   </trkpt>
   <trkpt lat="62.4792980" lon="8.1231450">
    <ele>218.8</ele>
    <time>2025-07-08T12:41:10Z</time>
   </trkpt>
   <trkpt lat="62.4792930" lon="8.1231380">
    <ele>218.9</ele>
    <time>2025-07-08T12:41:11Z</time>
   </trkpt>
   <trkpt lat="62.4792750" lon="8.1231220">
    <ele>219.3</ele>
    <time>2025-07-08T12:41:12Z</time>
   </trkpt>
   <trkpt lat="62.4792690" lon="8.1231200">
    <ele>219.4</ele>
    <time>2025-07-08T12:41:13Z</time>
   </trkpt>
   <trkpt lat="62.4792620" lon="8.1231170">
    <ele>219.5</ele>
    <time>2025-07-08T12:41:14Z</time>
   </trkpt>
   <trkpt lat="62.4792550" lon="8.1231150">
    <ele>219.7</ele>
    <time>2025-07-08T12:41:15Z</time>
   </trkpt>
   <trkpt lat="62.4792460" lon="8.1231140">
    <ele>219.8</ele>
    <time>2025-07-08T12:41:16Z</time>
   </trkpt>
   <trkpt lat="62.4792370" lon="8.1231180">
    <ele>220.0</ele>
    <time>2025-07-08T12:41:17Z</time>
   </trkpt>
   <trkpt lat="62.4792290" lon="8.1231050">
    <ele>220.2</ele>
    <time>2025-07-08T12:41:18Z</time>
   </trkpt>
   <trkpt lat="62.4792210" lon="8.1231040">
    <ele>220.4</ele>
    <time>2025-07-08T12:41:19Z</time>
   </trkpt>
   <trkpt lat="62.4792220" lon="8.1231020">
    <ele>220.4</ele>
    <time>2025-07-08T12:41:20Z</time>
   </trkpt>
   <trkpt lat="62.4792110" lon="8.1230930">
    <ele>220.7</ele>
    <time>2025-07-08T12:41:21Z</time>
   </trkpt>
   <trkpt lat="62.4792060" lon="8.1230720">
    <ele>220.9</ele>
    <time>2025-07-08T12:41:22Z</time>
   </trkpt>
   <trkpt lat="62.4792020" lon="8.1230570">
    <ele>221.1</ele>
    <time>2025-07-08T12:41:23Z</time>
   </trkpt>
   <trkpt lat="62.4791960" lon="8.1230460">
    <ele>221.3</ele>
    <time>2025-07-08T12:41:24Z</time>
   </trkpt>
   <trkpt lat="62.4791870" lon="8.1230300">
    <ele>221.5</ele>
    <time>2025-07-08T12:41:25Z</time>
   </trkpt>
   <trkpt lat="62.4791840" lon="8.1230250">
    <ele>221.6</ele>
    <time>2025-07-08T12:41:26Z</time>
   </trkpt>
   <trkpt lat="62.4791760" lon="8.1230130">
    <ele>221.8</ele>
    <time>2025-07-08T12:41:27Z</time>
   </trkpt>
   <trkpt lat="62.4791600" lon="8.1229870">
    <ele>222.2</ele>
    <time>2025-07-08T12:41:28Z</time>
   </trkpt>
   <trkpt lat="62.4791560" lon="8.1229780">
    <ele>222.4</ele>
    <time>2025-07-08T12:41:29Z</time>
   </trkpt>
   <trkpt lat="62.4791520" lon="8.1229700">
    <ele>222.5</ele>
    <time>2025-07-08T12:41:30Z</time>
   </trkpt>
   <trkpt lat="62.4791480" lon="8.1229620">
    <ele>222.6</ele>
    <time>2025-07-08T12:41:31Z</time>
   </trkpt>
   <trkpt lat="62.4791430" lon="8.1229410">
    <ele>222.9</ele>
    <time>2025-07-08T12:41:32Z</time>
   </trkpt>
   <trkpt lat="62.4791320" lon="8.1229460">
    <ele>223.1</ele>
    <time>2025-07-08T12:41:33Z</time>
   </trkpt>
   <trkpt lat="62.4791200" lon="8.1229440">
    <ele>223.4</ele>
    <time>2025-07-08T12:41:34Z</time>
   </trkpt>
   <trkpt lat="62.4791060" lon="8.1229400">
    <ele>223.7</ele>
    <time>2025-07-08T12:41:35Z</time>
   </trkpt>
   <trkpt lat="62.4790940" lon="8.1229220">
    <ele>224.0</ele>
    <time>2025-07-08T12:41:36Z</time>
   </trkpt>
   <trkpt lat="62.4790880" lon="8.1229090">
    <ele>224.2</ele>
    <time>2025-07-08T12:41:37Z</time>
   </trkpt>
   <trkpt lat="62.4790880" lon="8.1229180">
    <ele>224.3</ele>
    <time>2025-07-08T12:41:38Z</time>
   </trkpt>
   <trkpt lat="62.4790850" lon="8.1229170">
    <ele>224.3</ele>
    <time>2025-07-08T12:41:39Z</time>
   </trkpt>
   <trkpt lat="62.4790740" lon="8.1229060">
    <ele>224.6</ele>
    <time>2025-07-08T12:41:40Z</time>
   </trkpt>
   <trkpt lat="62.4790650" lon="8.1228880">
    <ele>224.9</ele>
    <time>2025-07-08T12:41:41Z</time>
   </trkpt>
   <trkpt lat="62.4790590" lon="8.1228890">
    <ele>225.0</ele>
    <time>2025-07-08T12:41:42Z</time>
   </trkpt>
   <trkpt lat="62.4790510" lon="8.1228830">
    <ele>225.2</ele>
    <time>2025-07-08T12:41:43Z</time>
   </trkpt>
   <trkpt lat="62.4790440" lon="8.1228780">
    <ele>225.3</ele>
    <time>2025-07-08T12:41:44Z</time>
   </trkpt>
   <trkpt lat="62.4790360" lon="8.1228720">
    <ele>225.5</ele>
    <time>2025-07-08T12:41:45Z</time>
   </trkpt>
   <trkpt lat="62.4790280" lon="8.1228670">
    <ele>225.7</ele>
    <time>2025-07-08T12:41:46Z</time>
   </trkpt>
   <trkpt lat="62.4790200" lon="8.1228670">
    <ele>225.9</ele>
    <time>2025-07-08T12:41:47Z</time>
   </trkpt>
   <trkpt lat="62.4790130" lon="8.1228740">
    <ele>226.1</ele>
    <time>2025-07-08T12:41:48Z</time>
   </trkpt>
   <trkpt lat="62.4790040" lon="8.1228650">
    <ele>226.3</ele>
    <time>2025-07-08T12:41:49Z</time>
   </trkpt>
   <trkpt lat="62.4789930" lon="8.1228570">
    <ele>226.5</ele>
    <time>2025-07-08T12:41:50Z</time>
   </trkpt>
   <trkpt lat="62.4789720" lon="8.1228550">
    <ele>227.0</ele>
    <time>2025-07-08T12:41:51Z</time>
   </trkpt>
   <trkpt lat="62.4789680" lon="8.1228540">
    <ele>227.1</ele>
    <time>2025-07-08T12:41:52Z</time>
   </trkpt>
   <trkpt lat="62.4789620" lon="8.1228610">
    <ele>227.2</ele>
    <time>2025-07-08T12:41:53Z</time>
   </trkpt>
   <trkpt lat="62.4789470" lon="8.1228620">
    <ele>227.5</ele>
    <time>2025-07-08T12:41:54Z</time>
   </trkpt>
   <trkpt lat="62.4789390" lon="8.1228660">
    <ele>227.7</ele>
    <time>2025-07-08T12:41:55Z</time>
   </trkpt>
   <trkpt lat="62.4789320" lon="8.1228690">
    <ele>227.9</ele>
    <time>2025-07-08T12:41:56Z</time>
   </trkpt>
   <trkpt lat="62.4789240" lon="8.1228720">
    <ele>228.0</ele>
    <time>2025-07-08T12:41:57Z</time>
   </trkpt>
   <trkpt lat="62.4789130" lon="8.1228760">
    <ele>228.3</ele>
    <time>2025-07-08T12:41:58Z</time>
   </trkpt>
   <trkpt lat="62.4789010" lon="8.1228840">
    <ele>228.5</ele>
    <time>2025-07-08T12:41:59Z</time>
   </trkpt>
   <trkpt lat="62.4788940" lon="8.1228920">
    <ele>228.7</ele>
    <time>2025-07-08T12:42:00Z</time>
   </trkpt>
   <trkpt lat="62.4788870" lon="8.1229070">
    <ele>228.9</ele>
    <time>2025-07-08T12:42:01Z</time>
   </trkpt>
   <trkpt lat="62.4788830" lon="8.1229200">
    <ele>229.1</ele>
    <time>2025-07-08T12:42:02Z</time>
   </trkpt>
   <trkpt lat="62.4788800" lon="8.1229210">
    <ele>229.1</ele>
    <time>2025-07-08T12:42:03Z</time>
   </trkpt>
   <trkpt lat="62.4788730" lon="8.1229340">
    <ele>229.3</ele>
    <time>2025-07-08T12:42:04Z</time>
   </trkpt>
   <trkpt lat="62.4788680" lon="8.1229500">
    <ele>229.5</ele>
    <time>2025-07-08T12:42:05Z</time>
   </trkpt>
   <trkpt lat="62.4788620" lon="8.1229560">
    <ele>229.7</ele>
    <time>2025-07-08T12:42:06Z</time>
   </trkpt>
   <trkpt lat="62.4788540" lon="8.1229580">
    <ele>229.8</ele>
    <time>2025-07-08T12:42:07Z</time>
   </trkpt>
   <trkpt lat="62.4788540" lon="8.1229640">
    <ele>229.9</ele>
    <time>2025-07-08T12:42:08Z</time>
   </trkpt>
   <trkpt lat="62.4788500" lon="8.1229620">
    <ele>230.0</ele>
    <time>2025-07-08T12:42:09Z</time>
   </trkpt>
   <trkpt lat="62.4788470" lon="8.1229640">
    <ele>230.0</ele>
    <time>2025-07-08T12:42:10Z</time>
   </trkpt>
   <trkpt lat="62.4788380" lon="8.1229560">
    <ele>230.2</ele>
    <time>2025-07-08T12:42:11Z</time>
   </trkpt>
   <trkpt lat="62.4788290" lon="8.1229660">
    <ele>230.5</ele>
    <time>2025-07-08T12:42:12Z</time>
   </trkpt>
   <trkpt lat="62.4788190" lon="8.1229710">
    <ele>230.7</ele>
    <time>2025-07-08T12:42:13Z</time>
   </trkpt>
   <trkpt lat="62.4788110" lon="8.1229700">
    <ele>230.8</ele>
    <time>2025-07-08T12:42:14Z</time>
   </trkpt>
   <trkpt lat="62.4788020" lon="8.1229610">
    <ele>231.1</ele>
    <time>2025-07-08T12:42:15Z</time>
   </trkpt>
   <trkpt lat="62.4787870" lon="8.1229520">
    <ele>231.4</ele>
    <time>2025-07-08T12:42:16Z</time>
   </trkpt>
   <trkpt lat="62.4787760" lon="8.1229340">
    <ele>231.7</ele>
    <time>2025-07-08T12:42:17Z</time>
   </trkpt>
   <trkpt lat="62.4787720" lon="8.1229250">
    <ele>231.8</ele>
    <time>2025-07-08T12:42:18Z</time>
   </trkpt>
   <trkpt lat="62.4787680" lon="8.1229150">
    <ele>231.9</ele>
    <time>2025-07-08T12:42:19Z</time>
   </trkpt>
   <trkpt lat="62.4787640" lon="8.1229060">
    <ele>232.1</ele>
    <time>2025-07-08T12:42:20Z</time>
   </trkpt>
   <trkpt lat="62.4787600" lon="8.1228970">
    <ele>232.2</ele>
    <time>2025-07-08T12:42:21Z</time>
   </trkpt>
   <trkpt lat="62.4787460" lon="8.1229050">
    <ele>232.5</ele>
    <time>2025-07-08T12:42:22Z</time>
   </trkpt>
   <trkpt lat="62.4787420" lon="8.1229160">
    <ele>232.6</ele>
    <time>2025-07-08T12:42:23Z</time>
   </trkpt>
   <trkpt lat="62.4787390" lon="8.1229300">
    <ele>232.8</ele>
    <time>2025-07-08T12:42:24Z</time>
   </trkpt>
   <trkpt lat="62.4787330" lon="8.1229320">
    <ele>232.9</ele>
    <time>2025-07-08T12:42:25Z</time>
   </trkpt>
   <trkpt lat="62.4787220" lon="8.1229420">
    <ele>233.2</ele>
    <time>2025-07-08T12:42:26Z</time>
   </trkpt>
   <trkpt lat="62.4787150" lon="8.1229470">
    <ele>233.3</ele>
    <time>2025-07-08T12:42:27Z</time>
   </trkpt>
   <trkpt lat="62.4787030" lon="8.1229490">
    <ele>233.6</ele>
    <time>2025-07-08T12:42:28Z</time>
   </trkpt>
   <trkpt lat="62.4786920" lon="8.1229530">
    <ele>233.9</ele>
    <time>2025-07-08T12:42:29Z</time>
   </trkpt>
   <trkpt lat="62.4786880" lon="8.1229510">
    <ele>233.9</ele>
    <time>2025-07-08T12:42:30Z</time>
   </trkpt>
   <trkpt lat="62.4786830" lon="8.1229480">
    <ele>234.1</ele>
    <time>2025-07-08T12:42:31Z</time>
   </trkpt>
   <trkpt lat="62.4786790" lon="8.1229450">
    <ele>234.2</ele>
    <time>2025-07-08T12:42:32Z</time>
   </trkpt>
   <trkpt lat="62.4786740" lon="8.1229420">
    <ele>234.3</ele>
    <time>2025-07-08T12:42:33Z</time>
   </trkpt>
   <trkpt lat="62.4786700" lon="8.1229400">
    <ele>234.4</ele>
    <time>2025-07-08T12:42:34Z</time>
   </trkpt>
   <trkpt lat="62.4786650" lon="8.1229370">
    <ele>234.5</ele>
    <time>2025-07-08T12:42:35Z</time>
   </trkpt>
   <trkpt lat="62.4786590" lon="8.1229420">
    <ele>234.6</ele>
    <time>2025-07-08T12:42:36Z</time>
   </trkpt>
   <trkpt lat="62.4786550" lon="8.1229370">
    <ele>234.7</ele>
    <time>2025-07-08T12:42:37Z</time>
   </trkpt>
   <trkpt lat="62.4786470" lon="8.1229290">
    <ele>234.9</ele>
    <time>2025-07-08T12:42:38Z</time>
   </trkpt>
   <trkpt lat="62.4786380" lon="8.1229340">
    <ele>235.1</ele>
    <time>2025-07-08T12:42:39Z</time>
   </trkpt>
   <trkpt lat="62.4786310" lon="8.1229240">
    <ele>235.3</ele>
    <time>2025-07-08T12:42:40Z</time>
   </trkpt>
   <trkpt lat="62.4786220" lon="8.1229150">
    <ele>235.5</ele>
    <time>2025-07-08T12:42:41Z</time>
   </trkpt>
   <trkpt lat="62.4786120" lon="8.1229130">
    <ele>235.7</ele>
    <time>2025-07-08T12:42:42Z</time>
   </trkpt>
   <trkpt lat="62.4786000" lon="8.1229120">
    <ele>236.0</ele>
    <time>2025-07-08T12:42:43Z</time>
   </trkpt>
   <trkpt lat="62.4785920" lon="8.1229120">
    <ele>236.2</ele>
    <time>2025-07-08T12:42:44Z</time>
   </trkpt>
   <trkpt lat="62.4785860" lon="8.1229170">
    <ele>236.3</ele>
    <time>2025-07-08T12:42:45Z</time>
   </trkpt>
   <trkpt lat="62.4785740" lon="8.1229300">
    <ele>236.6</ele>
    <time>2025-07-08T12:42:46Z</time>
   </trkpt>
   <trkpt lat="62.4785650" lon="8.1229430">
    <ele>236.8</ele>
    <time>2025-07-08T12:42:47Z</time>
   </trkpt>
   <trkpt lat="62.4785590" lon="8.1229400">
    <ele>236.9</ele>
    <time>2025-07-08T12:42:48Z</time>
   </trkpt>
   <trkpt lat="62.4785540" lon="8.1229370">
    <ele>237.0</ele>
    <time>2025-07-08T12:42:49Z</time>
   </trkpt>
   <trkpt lat="62.4785480" lon="8.1229340">
    <ele>237.1</ele>
    <time>2025-07-08T12:42:50Z</time>
   </trkpt>
   <trkpt lat="62.4785430" lon="8.1229310">
    <ele>237.2</ele>
    <time>2025-07-08T12:42:51Z</time>
   </trkpt>
   <trkpt lat="62.4785370" lon="8.1229280">
    <ele>237.4</ele>
    <time>2025-07-08T12:42:52Z</time>
   </trkpt>
   <trkpt lat="62.4785260" lon="8.1229230">
    <ele>237.6</ele>
    <time>2025-07-08T12:42:53Z</time>
   </trkpt>
   <trkpt lat="62.4785200" lon="8.1229210">
    <ele>237.7</ele>
    <time>2025-07-08T12:42:54Z</time>
   </trkpt>
   <trkpt lat="62.4785060" lon="8.1229190">
    <ele>238.0</ele>
    <time>2025-07-08T12:42:55Z</time>
   </trkpt>
   <trkpt lat="62.4784900" lon="8.1229190">
    <ele>238.3</ele>
    <time>2025-07-08T12:42:56Z</time>
   </trkpt>
   <trkpt lat="62.4784810" lon="8.1229180">
    <ele>238.5</ele>
    <time>2025-07-08T12:42:57Z</time>
   </trkpt>
   <trkpt lat="62.4784730" lon="8.1229160">
    <ele>238.7</ele>
    <time>2025-07-08T12:42:58Z</time>
   </trkpt>
   <trkpt lat="62.4784640" lon="8.1229150">
    <ele>238.8</ele>
    <time>2025-07-08T12:42:59Z</time>
   </trkpt>
   <trkpt lat="62.4784580" lon="8.1229060">
    <ele>239.0</ele>
    <time>2025-07-08T12:43:00Z</time>
   </trkpt>
   <trkpt lat="62.4784560" lon="8.1228990">
    <ele>239.1</ele>
    <time>2025-07-08T12:43:01Z</time>
   </trkpt>
   <trkpt lat="62.4784520" lon="8.1229000">
    <ele>239.1</ele>
    <time>2025-07-08T12:43:02Z</time>
   </trkpt>
   <trkpt lat="62.4784530" lon="8.1228980">
    <ele>239.2</ele>
    <time>2025-07-08T12:43:03Z</time>
   </trkpt>
   <trkpt lat="62.4784530" lon="8.1228870">
    <ele>239.3</ele>
    <time>2025-07-08T12:43:04Z</time>
   </trkpt>
   <trkpt lat="62.4784480" lon="8.1229000">
    <ele>239.4</ele>
    <time>2025-07-08T12:43:05Z</time>
   </trkpt>
   <trkpt lat="62.4784450" lon="8.1229080">
    <ele>239.5</ele>
    <time>2025-07-08T12:43:06Z</time>
   </trkpt>
   <trkpt lat="62.4784380" lon="8.1229210">
    <ele>239.7</ele>
    <time>2025-07-08T12:43:07Z</time>
   </trkpt>
   <trkpt lat="62.4784320" lon="8.1229330">
    <ele>239.9</ele>
    <time>2025-07-08T12:43:08Z</time>
   </trkpt>
   <trkpt lat="62.4784370" lon="8.1229330">
    <ele>240.0</ele>
    <time>2025-07-08T12:43:09Z</time>
   </trkpt>
   <trkpt lat="62.4784390" lon="8.1229320">
    <ele>240.1</ele>
    <time>2025-07-08T12:43:10Z</time>
   </trkpt>
   <trkpt lat="62.4784400" lon="8.1229310">
    <ele>240.1</ele>
    <time>2025-07-08T12:43:11Z</time>
   </trkpt>
   <trkpt lat="62.4784400" lon="8.1229310">
    <ele>240.1</ele>
    <time>2025-07-08T12:43:12Z</time>
   </trkpt>
   <trkpt lat="62.4784400" lon="8.1229310">
    <ele>240.1</ele>
    <time>2025-07-08T12:43:13Z</time>
   </trkpt>
   <trkpt lat="62.4784440" lon="8.1229280">
    <ele>240.2</ele>
    <time>2025-07-08T12:43:14Z</time>
   </trkpt>
   <trkpt lat="62.4784440" lon="8.1229280">
    <ele>240.2</ele>
    <time>2025-07-08T12:43:15Z</time>
   </trkpt>
   <trkpt lat="62.4784440" lon="8.1229280">
    <ele>240.2</ele>
    <time>2025-07-08T12:43:16Z</time>
   </trkpt>
   <trkpt lat="62.4784440" lon="8.1229280">
    <ele>240.2</ele>
    <time>2025-07-08T12:43:17Z</time>
   </trkpt>
   <trkpt lat="62.4784410" lon="8.1229290">
    <ele>240.3</ele>
    <time>2025-07-08T12:43:18Z</time>
   </trkpt>
   <trkpt lat="62.4784280" lon="8.1229260">
    <ele>240.6</ele>
    <time>2025-07-08T12:43:19Z</time>
   </trkpt>
   <trkpt lat="62.4784180" lon="8.1229250">
    <ele>240.8</ele>
    <time>2025-07-08T12:43:20Z</time>
   </trkpt>
   <trkpt lat="62.4784080" lon="8.1229300">
    <ele>241.0</ele>
    <time>2025-07-08T12:43:21Z</time>
   </trkpt>
   <trkpt lat="62.4783990" lon="8.1229370">
    <ele>241.3</ele>
    <time>2025-07-08T12:43:22Z</time>
   </trkpt>
   <trkpt lat="62.4783870" lon="8.1229480">
    <ele>241.6</ele>
    <time>2025-07-08T12:43:23Z</time>
   </trkpt>
   <trkpt lat="62.4783750" lon="8.1229640">
    <ele>241.9</ele>
    <time>2025-07-08T12:43:24Z</time>
   </trkpt>
   <trkpt lat="62.4783660" lon="8.1229720">
    <ele>242.2</ele>
    <time>2025-07-08T12:43:25Z</time>
   </trkpt>
   <trkpt lat="62.4783590" lon="8.1229740">
    <ele>242.3</ele>
    <time>2025-07-08T12:43:26Z</time>
   </trkpt>
   <trkpt lat="62.4783530" lon="8.1229770">
    <ele>242.5</ele>
    <time>2025-07-08T12:43:27Z</time>
   </trkpt>
   <trkpt lat="62.4783460" lon="8.1229790">
    <ele>242.7</ele>
    <time>2025-07-08T12:43:28Z</time>
   </trkpt>
   <trkpt lat="62.4783400" lon="8.1229820">
    <ele>242.8</ele>
    <time>2025-07-08T12:43:29Z</time>
   </trkpt>
   <trkpt lat="62.4783340" lon="8.1229880">
    <ele>242.9</ele>
    <time>2025-07-08T12:43:30Z</time>
   </trkpt>
   <trkpt lat="62.4783250" lon="8.1229940">
    <ele>243.0</ele>
    <time>2025-07-08T12:43:31Z</time>
   </trkpt>
   <trkpt lat="62.4783170" lon="8.1230070">
    <ele>243.1</ele>
    <time>2025-07-08T12:43:32Z</time>
   </trkpt>
   <trkpt lat="62.4783070" lon="8.1230140">
    <ele>243.2</ele>
    <time>2025-07-08T12:43:33Z</time>
   </trkpt>
   <trkpt lat="62.4783000" lon="8.1230190">
    <ele>243.2</ele>
    <time>2025-07-08T12:43:34Z</time>
   </trkpt>
   <trkpt lat="62.4782910" lon="8.1230190">
    <ele>243.3</ele>
    <time>2025-07-08T12:43:35Z</time>
   </trkpt>
   <trkpt lat="62.4782790" lon="8.1230160">
    <ele>243.5</ele>
    <time>2025-07-08T12:43:36Z</time>
   </trkpt>
   <trkpt lat="62.4782670" lon="8.1230080">
    <ele>243.6</ele>
    <time>2025-07-08T12:43:37Z</time>
   </trkpt>
   <trkpt lat="62.4782520" lon="8.1229970">
    <ele>243.8</ele>
    <time>2025-07-08T12:43:38Z</time>
   </trkpt>
   <trkpt lat="62.4782460" lon="8.1229910">
    <ele>243.8</ele>
    <time>2025-07-08T12:43:39Z</time>
   </trkpt>
   <trkpt lat="62.4782400" lon="8.1229910">
    <ele>243.9</ele>
    <time>2025-07-08T12:43:40Z</time>
   </trkpt>
   <trkpt lat="62.4782470" lon="8.1229990">
    <ele>244.0</ele>
    <time>2025-07-08T12:43:41Z</time>
   </trkpt>
   <trkpt lat="62.4782530" lon="8.1229770">
    <ele>244.1</ele>
    <time>2025-07-08T12:43:42Z</time>
   </trkpt>
   <trkpt lat="62.4782660" lon="8.1229640">
    <ele>244.3</ele>
    <time>2025-07-08T12:43:43Z</time>
   </trkpt>
   <trkpt lat="62.4782690" lon="8.1229420">
    <ele>244.4</ele>
    <time>2025-07-08T12:43:44Z</time>
   </trkpt>
   <trkpt lat="62.4782610" lon="8.1229720">
    <ele>244.5</ele>
    <time>2025-07-08T12:43:45Z</time>
   </trkpt>
   <trkpt lat="62.4782570" lon="8.1229700">
    <ele>244.6</ele>
    <time>2025-07-08T12:43:46Z</time>
   </trkpt>
   <trkpt lat="62.4782550" lon="8.1229770">
    <ele>244.6</ele>
    <time>2025-07-08T12:43:47Z</time>
   </trkpt>
   <trkpt lat="62.4782540" lon="8.1229790">
    <ele>244.6</ele>
    <time>2025-07-08T12:43:48Z</time>
   </trkpt>
   <trkpt lat="62.4782540" lon="8.1229870">
    <ele>244.7</ele>
    <time>2025-07-08T12:43:49Z</time>
   </trkpt>
   <trkpt lat="62.4782520" lon="8.1230000">
    <ele>244.8</ele>
    <time>2025-07-08T12:43:50Z</time>
   </trkpt>
   <trkpt lat="62.4782540" lon="8.1230060">
    <ele>244.8</ele>
    <time>2025-07-08T12:43:51Z</time>
   </trkpt>
   <trkpt lat="62.4782520" lon="8.1230210">
    <ele>244.9</ele>
    <time>2025-07-08T12:43:52Z</time>
   </trkpt>
   <trkpt lat="62.4782470" lon="8.1230260">
    <ele>244.9</ele>
    <time>2025-07-08T12:43:53Z</time>
   </trkpt>
   <trkpt lat="62.4782500" lon="8.1230450">
    <ele>245.0</ele>
    <time>2025-07-08T12:43:54Z</time>
   </trkpt>
   <trkpt lat="62.4782570" lon="8.1230570">
    <ele>245.1</ele>
    <time>2025-07-08T12:43:55Z</time>
   </trkpt>
   <trkpt lat="62.4782470" lon="8.1230620">
    <ele>245.2</ele>
    <time>2025-07-08T12:43:56Z</time>
   </trkpt>
   <trkpt lat="62.4782440" lon="8.1230680">
    <ele>245.3</ele>
    <time>2025-07-08T12:43:57Z</time>
   </trkpt>
   <trkpt lat="62.4782400" lon="8.1230740">
    <ele>245.3</ele>
    <time>2025-07-08T12:43:58Z</time>
   </trkpt>
   <trkpt lat="62.4782360" lon="8.1230800">
    <ele>245.4</ele>
    <time>2025-07-08T12:43:59Z</time>
   </trkpt>
   <trkpt lat="62.4782320" lon="8.1230860">
    <ele>245.5</ele>
    <time>2025-07-08T12:44:00Z</time>
   </trkpt>
   <trkpt lat="62.4782290" lon="8.1230920">
    <ele>245.5</ele>
    <time>2025-07-08T12:44:01Z</time>
   </trkpt>
   <trkpt lat="62.4782250" lon="8.1230980">
    <ele>245.6</ele>
    <time>2025-07-08T12:44:02Z</time>
   </trkpt>
   <trkpt lat="62.4782210" lon="8.1231040">
    <ele>245.6</ele>
    <time>2025-07-08T12:44:03Z</time>
   </trkpt>
   <trkpt lat="62.4782170" lon="8.1231100">
    <ele>245.7</ele>
    <time>2025-07-08T12:44:04Z</time>
   </trkpt>
   <trkpt lat="62.4782140" lon="8.1231160">
    <ele>245.7</ele>
    <time>2025-07-08T12:44:05Z</time>
   </trkpt>
   <trkpt lat="62.4782100" lon="8.1231220">
    <ele>245.8</ele>
    <time>2025-07-08T12:44:06Z</time>
   </trkpt>
   <trkpt lat="62.4782080" lon="8.1231340">
    <ele>245.9</ele>
    <time>2025-07-08T12:44:07Z</time>
   </trkpt>
   <trkpt lat="62.4782050" lon="8.1231570">
    <ele>246.0</ele>
    <time>2025-07-08T12:44:08Z</time>
   </trkpt>
   <trkpt lat="62.4782090" lon="8.1231840">
    <ele>246.1</ele>
    <time>2025-07-08T12:44:09Z</time>
   </trkpt>
   <trkpt lat="62.4782080" lon="8.1232010">
    <ele>246.2</ele>
    <time>2025-07-08T12:44:10Z</time>
   </trkpt>
   <trkpt lat="62.4782180" lon="8.1231910">
    <ele>246.4</ele>
    <time>2025-07-08T12:44:11Z</time>
   </trkpt>
   <trkpt lat="62.4782080" lon="8.1232020">
    <ele>246.5</ele>
    <time>2025-07-08T12:44:12Z</time>
   </trkpt>
   <trkpt lat="62.4782000" lon="8.1232060">
    <ele>246.6</ele>
    <time>2025-07-08T12:44:13Z</time>
   </trkpt>
   <trkpt lat="62.4781980" lon="8.1232250">
    <ele>246.7</ele>
    <time>2025-07-08T12:44:14Z</time>
   </trkpt>
   <trkpt lat="62.4781990" lon="8.1232430">
    <ele>246.8</ele>
    <time>2025-07-08T12:44:15Z</time>
   </trkpt>
   <trkpt lat="62.4782030" lon="8.1232450">
    <ele>246.9</ele>
    <time>2025-07-08T12:44:16Z</time>
   </trkpt>
   <trkpt lat="62.4782040" lon="8.1232390">
    <ele>246.9</ele>
    <time>2025-07-08T12:44:17Z</time>
   </trkpt>
   <trkpt lat="62.4782090" lon="8.1232710">
    <ele>247.1</ele>
    <time>2025-07-08T12:44:18Z</time>
   </trkpt>
   <trkpt lat="62.4782020" lon="8.1232730">
    <ele>247.2</ele>
    <time>2025-07-08T12:44:19Z</time>
   </trkpt>
   <trkpt lat="62.4781980" lon="8.1232820">
    <ele>247.3</ele>
    <time>2025-07-08T12:44:20Z</time>
   </trkpt>
   <trkpt lat="62.4781920" lon="8.1232830">
    <ele>247.3</ele>
    <time>2025-07-08T12:44:21Z</time>
   </trkpt>
   <trkpt lat="62.4781920" lon="8.1232820">
    <ele>247.3</ele>
    <time>2025-07-08T12:44:22Z</time>
   </trkpt>
   <trkpt lat="62.4781860" lon="8.1232900">
    <ele>247.4</ele>
    <time>2025-07-08T12:44:23Z</time>
   </trkpt>
   <trkpt lat="62.4781770" lon="8.1232960">
    <ele>247.5</ele>
    <time>2025-07-08T12:44:24Z</time>
   </trkpt>
   <trkpt lat="62.4781740" lon="8.1232770">
    <ele>247.7</ele>
    <time>2025-07-08T12:44:25Z</time>
   </trkpt>
   <trkpt lat="62.4781750" lon="8.1232780">
    <ele>247.7</ele>
    <time>2025-07-08T12:44:26Z</time>
   </trkpt>
   <trkpt lat="62.4781670" lon="8.1232780">
    <ele>247.8</ele>
    <time>2025-07-08T12:44:27Z</time>
   </trkpt>
   <trkpt lat="62.4781620" lon="8.1232840">
    <ele>247.8</ele>
    <time>2025-07-08T12:44:28Z</time>
   </trkpt>
   <trkpt lat="62.4781620" lon="8.1232910">
    <ele>247.9</ele>
    <time>2025-07-08T12:44:29Z</time>
   </trkpt>
   <trkpt lat="62.4781570" lon="8.1232930">
    <ele>248.0</ele>
    <time>2025-07-08T12:44:30Z</time>
   </trkpt>
   <trkpt lat="62.4781550" lon="8.1232910">
    <ele>248.0</ele>
    <time>2025-07-08T12:44:31Z</time>
   </trkpt>
   <trkpt lat="62.4781510" lon="8.1232890">
    <ele>248.0</ele>
    <time>2025-07-08T12:44:32Z</time>
   </trkpt>
   <trkpt lat="62.4781480" lon="8.1233220">
    <ele>248.2</ele>
    <time>2025-07-08T12:44:33Z</time>
   </trkpt>
   <trkpt lat="62.4781380" lon="8.1233340">
    <ele>248.4</ele>
    <time>2025-07-08T12:44:34Z</time>
   </trkpt>
   <trkpt lat="62.4781370" lon="8.1233230">
    <ele>248.4</ele>
    <time>2025-07-08T12:44:35Z</time>
   </trkpt>
   <trkpt lat="62.4781300" lon="8.1233270">
    <ele>248.5</ele>
    <time>2025-07-08T12:44:36Z</time>
   </trkpt>
   <trkpt lat="62.4781280" lon="8.1233390">
    <ele>248.6</ele>
    <time>2025-07-08T12:44:37Z</time>
   </trkpt>
   <trkpt lat="62.4781200" lon="8.1233410">
    <ele>248.7</ele>
    <time>2025-07-08T12:44:38Z</time>
   </trkpt>
   <trkpt lat="62.4781130" lon="8.1233350">
    <ele>248.8</ele>
    <time>2025-07-08T12:44:39Z</time>
   </trkpt>
   <trkpt lat="62.4781000" lon="8.1233300">
    <ele>249.0</ele>
    <time>2025-07-08T12:44:40Z</time>
   </trkpt>
   <trkpt lat="62.4780970" lon="8.1233380">
    <ele>249.0</ele>
    <time>2025-07-08T12:44:41Z</time>
   </trkpt>
   <trkpt lat="62.4780960" lon="8.1233340">
    <ele>249.0</ele>
    <time>2025-07-08T12:44:42Z</time>
   </trkpt>
   <trkpt lat="62.4780850" lon="8.1233320">
    <ele>249.2</ele>
    <time>2025-07-08T12:44:43Z</time>
   </trkpt>
   <trkpt lat="62.4780790" lon="8.1233090">
    <ele>249.3</ele>
    <time>2025-07-08T12:44:44Z</time>
   </trkpt>
   <trkpt lat="62.4780690" lon="8.1233100">
    <ele>249.5</ele>
    <time>2025-07-08T12:44:45Z</time>
   </trkpt>
   <trkpt lat="62.4780570" lon="8.1233170">
    <ele>249.6</ele>
    <time>2025-07-08T12:44:46Z</time>
   </trkpt>
   <trkpt lat="62.4780450" lon="8.1233310">
    <ele>249.8</ele>
    <time>2025-07-08T12:44:47Z</time>
   </trkpt>
   <trkpt lat="62.4780410" lon="8.1233370">
    <ele>249.8</ele>
    <time>2025-07-08T12:44:48Z</time>
   </trkpt>
   <trkpt lat="62.4780380" lon="8.1233440">
    <ele>249.9</ele>
    <time>2025-07-08T12:44:49Z</time>
   </trkpt>
   <trkpt lat="62.4780340" lon="8.1233500">
    <ele>250.0</ele>
    <time>2025-07-08T12:44:50Z</time>
   </trkpt>
   <trkpt lat="62.4780300" lon="8.1233560">
    <ele>250.0</ele>
    <time>2025-07-08T12:44:51Z</time>
   </trkpt>
   <trkpt lat="62.4780260" lon="8.1233620">
    <ele>250.1</ele>
    <time>2025-07-08T12:44:52Z</time>
   </trkpt>
   <trkpt lat="62.4780240" lon="8.1233740">
    <ele>250.1</ele>
    <time>2025-07-08T12:44:53Z</time>
   </trkpt>
   <trkpt lat="62.4780220" lon="8.1233780">
    <ele>250.2</ele>
    <time>2025-07-08T12:44:54Z</time>
   </trkpt>
   <trkpt lat="62.4780190" lon="8.1233660">
    <ele>250.3</ele>
    <time>2025-07-08T12:44:55Z</time>
   </trkpt>
   <trkpt lat="62.4780140" lon="8.1233730">
    <ele>250.3</ele>
    <time>2025-07-08T12:44:56Z</time>
   </trkpt>
   <trkpt lat="62.4780140" lon="8.1233810">
    <ele>250.4</ele>
    <time>2025-07-08T12:44:57Z</time>
   </trkpt>
   <trkpt lat="62.4780090" lon="8.1233890">
    <ele>250.5</ele>
    <time>2025-07-08T12:44:58Z</time>
   </trkpt>
   <trkpt lat="62.4780050" lon="8.1233940">
    <ele>250.5</ele>
    <time>2025-07-08T12:44:59Z</time>
   </trkpt>
   <trkpt lat="62.4779960" lon="8.1233980">
    <ele>250.6</ele>
    <time>2025-07-08T12:45:00Z</time>
   </trkpt>
   <trkpt lat="62.4779940" lon="8.1234040">
    <ele>250.7</ele>
    <time>2025-07-08T12:45:01Z</time>
   </trkpt>
   <trkpt lat="62.4779930" lon="8.1233970">
    <ele>250.7</ele>
    <time>2025-07-08T12:45:02Z</time>
   </trkpt>
   <trkpt lat="62.4779890" lon="8.1233950">
    <ele>250.8</ele>
    <time>2025-07-08T12:45:03Z</time>
   </trkpt>
   <trkpt lat="62.4779790" lon="8.1234060">
    <ele>250.9</ele>
    <time>2025-07-08T12:45:04Z</time>
   </trkpt>
   <trkpt lat="62.4779750" lon="8.1233960">
    <ele>251.0</ele>
    <time>2025-07-08T12:45:05Z</time>
   </trkpt>
   <trkpt lat="62.4779740" lon="8.1234020">
    <ele>251.0</ele>
    <time>2025-07-08T12:45:06Z</time>
   </trkpt>
   <trkpt lat="62.4779630" lon="8.1233920">
    <ele>251.2</ele>
    <time>2025-07-08T12:45:07Z</time>
   </trkpt>
   <trkpt lat="62.4779550" lon="8.1233870">
    <ele>251.3</ele>
    <time>2025-07-08T12:45:08Z</time>
   </trkpt>
   <trkpt lat="62.4779440" lon="8.1233900">
    <ele>251.4</ele>
    <time>2025-07-08T12:45:09Z</time>
   </trkpt>
   <trkpt lat="62.4779350" lon="8.1234060">
    <ele>251.6</ele>
    <time>2025-07-08T12:45:10Z</time>
   </trkpt>
   <trkpt lat="62.4779260" lon="8.1234080">
    <ele>251.7</ele>
    <time>2025-07-08T12:45:11Z</time>
   </trkpt>
   <trkpt lat="62.4779290" lon="8.1234100">
    <ele>251.7</ele>
    <time>2025-07-08T12:45:12Z</time>
   </trkpt>
   <trkpt lat="62.4779320" lon="8.1234080">
    <ele>251.7</ele>
    <time>2025-07-08T12:45:13Z</time>
   </trkpt>
   <trkpt lat="62.4779340" lon="8.1234100">
    <ele>251.8</ele>
    <time>2025-07-08T12:45:14Z</time>
   </trkpt>
   <trkpt lat="62.4779280" lon="8.1234190">
    <ele>251.9</ele>
    <time>2025-07-08T12:45:15Z</time>
   </trkpt>
   <trkpt lat="62.4779210" lon="8.1234300">
    <ele>252.0</ele>
    <time>2025-07-08T12:45:16Z</time>
   </trkpt>
   <trkpt lat="62.4779270" lon="8.1234250">
    <ele>252.0</ele>
    <time>2025-07-08T12:45:17Z</time>
   </trkpt>
   <trkpt lat="62.4779280" lon="8.1234240">
    <ele>252.0</ele>
    <time>2025-07-08T12:45:18Z</time>
   </trkpt>
   <trkpt lat="62.4779250" lon="8.1234180">
    <ele>252.1</ele>
    <time>2025-07-08T12:45:19Z</time>
   </trkpt>
   <trkpt lat="62.4779220" lon="8.1234180">
    <ele>252.1</ele>
    <time>2025-07-08T12:45:20Z</time>
   </trkpt>
   <trkpt lat="62.4779230" lon="8.1234170">
    <ele>252.1</ele>
    <time>2025-07-08T12:45:21Z</time>
   </trkpt>
   <trkpt lat="62.4779210" lon="8.1234190">
    <ele>252.2</ele>
    <time>2025-07-08T12:45:22Z</time>
   </trkpt>
   <trkpt lat="62.4779200" lon="8.1234190">
    <ele>252.2</ele>
    <time>2025-07-08T12:45:23Z</time>
   </trkpt>
   <trkpt lat="62.4779200" lon="8.1234170">
    <ele>252.2</ele>
    <time>2025-07-08T12:45:24Z</time>
   </trkpt>
   <trkpt lat="62.4779160" lon="8.1234140">
    <ele>252.2</ele>
    <time>2025-07-08T12:45:25Z</time>
   </trkpt>
   <trkpt lat="62.4779000" lon="8.1234030">
    <ele>252.4</ele>
    <time>2025-07-08T12:45:26Z</time>
   </trkpt>
   <trkpt lat="62.4778820" lon="8.1234200">
    <ele>252.7</ele>
    <time>2025-07-08T12:45:27Z</time>
   </trkpt>
   <trkpt lat="62.4778660" lon="8.1234100">
    <ele>252.9</ele>
    <time>2025-07-08T12:45:28Z</time>
   </trkpt>
   <trkpt lat="62.4778600" lon="8.1234240">
    <ele>253.0</ele>
    <time>2025-07-08T12:45:29Z</time>
   </trkpt>
   <trkpt lat="62.4778520" lon="8.1234250">
    <ele>253.1</ele>
    <time>2025-07-08T12:45:30Z</time>
   </trkpt>
   <trkpt lat="62.4778500" lon="8.1234270">
    <ele>253.1</ele>
    <time>2025-07-08T12:45:31Z</time>
   </trkpt>
   <trkpt lat="62.4778490" lon="8.1234230">
    <ele>253.1</ele>
    <time>2025-07-08T12:45:32Z</time>
   </trkpt>
   <trkpt lat="62.4778380" lon="8.1234160">
    <ele>253.2</ele>
    <time>2025-07-08T12:45:33Z</time>
   </trkpt>
   <trkpt lat="62.4778310" lon="8.1234160">
    <ele>253.3</ele>
    <time>2025-07-08T12:45:34Z</time>
   </trkpt>
   <trkpt lat="62.4778290" lon="8.1234180">
    <ele>253.3</ele>
    <time>2025-07-08T12:45:35Z</time>
   </trkpt>
   <trkpt lat="62.4778160" lon="8.1234090">
    <ele>253.5</ele>
    <time>2025-07-08T12:45:36Z</time>
   </trkpt>
   <trkpt lat="62.4778090" lon="8.1234060">
    <ele>253.6</ele>
    <time>2025-07-08T12:45:37Z</time>
   </trkpt>
   <trkpt lat="62.4778110" lon="8.1234090">
    <ele>253.6</ele>
    <time>2025-07-08T12:45:38Z</time>
   </trkpt>
   <trkpt lat="62.4778090" lon="8.1234060">
    <ele>253.6</ele>
    <time>2025-07-08T12:45:39Z</time>
   </trkpt>
   <trkpt lat="62.4778010" lon="8.1234090">
    <ele>253.7</ele>
    <time>2025-07-08T12:45:40Z</time>
   </trkpt>
   <trkpt lat="62.4778060" lon="8.1233920">
    <ele>253.8</ele>
    <time>2025-07-08T12:45:41Z</time>
   </trkpt>
   <trkpt lat="62.4778000" lon="8.1233790">
    <ele>253.9</ele>
    <time>2025-07-08T12:45:42Z</time>
   </trkpt>
   <trkpt lat="62.4777840" lon="8.1233580">
    <ele>254.1</ele>
    <time>2025-07-08T12:45:43Z</time>
   </trkpt>
   <trkpt lat="62.4777650" lon="8.1233390">
    <ele>254.4</ele>
    <time>2025-07-08T12:45:44Z</time>
   </trkpt>
   <trkpt lat="62.4777590" lon="8.1233360">
    <ele>254.4</ele>
    <time>2025-07-08T12:45:45Z</time>
   </trkpt>
   <trkpt lat="62.4777530" lon="8.1233340">
    <ele>254.5</ele>
    <time>2025-07-08T12:45:46Z</time>
   </trkpt>
   <trkpt lat="62.4777470" lon="8.1233320">
    <ele>254.5</ele>
    <time>2025-07-08T12:45:47Z</time>
   </trkpt>
   <trkpt lat="62.4777460" lon="8.1233250">
    <ele>254.6</ele>
    <time>2025-07-08T12:45:48Z</time>
   </trkpt>
   <trkpt lat="62.4777330" lon="8.1233190">
    <ele>254.7</ele>
    <time>2025-07-08T12:45:49Z</time>
   </trkpt>
   <trkpt lat="62.4777250" lon="8.1233190">
    <ele>254.8</ele>
    <time>2025-07-08T12:45:50Z</time>
   </trkpt>
   <trkpt lat="62.4777190" lon="8.1233140">
    <ele>254.8</ele>
    <time>2025-07-08T12:45:51Z</time>
   </trkpt>
   <trkpt lat="62.4777000" lon="8.1233160">
    <ele>255.0</ele>
    <time>2025-07-08T12:45:52Z</time>
   </trkpt>
   <trkpt lat="62.4776940" lon="8.1233190">
    <ele>255.1</ele>
    <time>2025-07-08T12:45:53Z</time>
   </trkpt>
   <trkpt lat="62.4776890" lon="8.1233230">
    <ele>255.1</ele>
    <time>2025-07-08T12:45:54Z</time>
   </trkpt>
   <trkpt lat="62.4776830" lon="8.1233260">
    <ele>255.2</ele>
    <time>2025-07-08T12:45:55Z</time>
   </trkpt>
   <trkpt lat="62.4776780" lon="8.1233430">
    <ele>255.3</ele>
    <time>2025-07-08T12:45:56Z</time>
   </trkpt>
   <trkpt lat="62.4776740" lon="8.1233420">
    <ele>255.3</ele>
    <time>2025-07-08T12:45:57Z</time>
   </trkpt>
   <trkpt lat="62.4776660" lon="8.1233470">
    <ele>255.4</ele>
    <time>2025-07-08T12:45:58Z</time>
   </trkpt>
   <trkpt lat="62.4776600" lon="8.1233610">
    <ele>255.5</ele>
    <time>2025-07-08T12:45:59Z</time>
   </trkpt>
   <trkpt lat="62.4776600" lon="8.1233620">
    <ele>255.5</ele>
    <time>2025-07-08T12:46:00Z</time>
   </trkpt>
   <trkpt lat="62.4776510" lon="8.1233610">
    <ele>255.5</ele>
    <time>2025-07-08T12:46:01Z</time>
   </trkpt>
   <trkpt lat="62.4776430" lon="8.1233680">
    <ele>255.6</ele>
    <time>2025-07-08T12:46:02Z</time>
   </trkpt>
   <trkpt lat="62.4776310" lon="8.1233700">
    <ele>255.7</ele>
    <time>2025-07-08T12:46:03Z</time>
   </trkpt>
   <trkpt lat="62.4776240" lon="8.1233770">
    <ele>255.7</ele>
    <time>2025-07-08T12:46:04Z</time>
   </trkpt>
   <trkpt lat="62.4776150" lon="8.1233760">
    <ele>255.8</ele>
    <time>2025-07-08T12:46:05Z</time>
   </trkpt>
   <trkpt lat="62.4776060" lon="8.1233850">
    <ele>255.9</ele>
    <time>2025-07-08T12:46:06Z</time>
   </trkpt>
   <trkpt lat="62.4775990" lon="8.1233860">
    <ele>255.9</ele>
    <time>2025-07-08T12:46:07Z</time>
   </trkpt>
   <trkpt lat="62.4776010" lon="8.1233720">
    <ele>256.0</ele>
    <time>2025-07-08T12:46:08Z</time>
   </trkpt>
   <trkpt lat="62.4775880" lon="8.1233640">
    <ele>256.1</ele>
    <time>2025-07-08T12:46:09Z</time>
   </trkpt>
   <trkpt lat="62.4775820" lon="8.1233760">
    <ele>256.1</ele>
    <time>2025-07-08T12:46:10Z</time>
   </trkpt>
   <trkpt lat="62.4775720" lon="8.1233990">
    <ele>256.2</ele>
    <time>2025-07-08T12:46:11Z</time>
   </trkpt>
   <trkpt lat="62.4775650" lon="8.1234130">
    <ele>256.3</ele>
    <time>2025-07-08T12:46:12Z</time>
   </trkpt>
   <trkpt lat="62.4775600" lon="8.1234150">
    <ele>256.3</ele>
    <time>2025-07-08T12:46:13Z</time>
   </trkpt>
   <trkpt lat="62.4775560" lon="8.1234180">
    <ele>256.3</ele>
    <time>2025-07-08T12:46:14Z</time>
   </trkpt>
   <trkpt lat="62.4775510" lon="8.1234200">
    <ele>256.4</ele>
    <time>2025-07-08T12:46:15Z</time>
   </trkpt>
   <trkpt lat="62.4775470" lon="8.1234230">
    <ele>256.4</ele>
    <time>2025-07-08T12:46:16Z</time>
   </trkpt>
   <trkpt lat="62.4775420" lon="8.1234250">
    <ele>256.4</ele>
    <time>2025-07-08T12:46:17Z</time>
   </trkpt>
   <trkpt lat="62.4775380" lon="8.1234280">
    <ele>256.4</ele>
    <time>2025-07-08T12:46:18Z</time>
   </trkpt>
   <trkpt lat="62.4775360" lon="8.1234270">
    <ele>256.4</ele>
    <time>2025-07-08T12:46:19Z</time>
   </trkpt>
   <trkpt lat="62.4775350" lon="8.1234270">
    <ele>256.4</ele>
    <time>2025-07-08T12:46:20Z</time>
   </trkpt>
   <trkpt lat="62.4775350" lon="8.1234260">
    <ele>256.4</ele>
    <time>2025-07-08T12:46:21Z</time>
   </trkpt>
   <trkpt lat="62.4775220" lon="8.1234230">
    <ele>256.5</ele>
    <time>2025-07-08T12:46:22Z</time>
   </trkpt>
   <trkpt lat="62.4775080" lon="8.1234340">
    <ele>256.6</ele>
    <time>2025-07-08T12:46:23Z</time>
   </trkpt>
   <trkpt lat="62.4775050" lon="8.1234430">
    <ele>256.6</ele>
    <time>2025-07-08T12:46:24Z</time>
   </trkpt>
   <trkpt lat="62.4775010" lon="8.1234340">
    <ele>256.6</ele>
    <time>2025-07-08T12:46:25Z</time>
   </trkpt>
   <trkpt lat="62.4774980" lon="8.1234300">
    <ele>256.6</ele>
    <time>2025-07-08T12:46:26Z</time>
   </trkpt>
   <trkpt lat="62.4774880" lon="8.1234310">
    <ele>256.7</ele>
    <time>2025-07-08T12:46:27Z</time>
   </trkpt>
   <trkpt lat="62.4774860" lon="8.1234280">
    <ele>256.7</ele>
    <time>2025-07-08T12:46:28Z</time>
   </trkpt>
   <trkpt lat="62.4774830" lon="8.1234310">
    <ele>256.7</ele>
    <time>2025-07-08T12:46:29Z</time>
   </trkpt>
   <trkpt lat="62.4774840" lon="8.1234330">
    <ele>256.7</ele>
    <time>2025-07-08T12:46:30Z</time>
   </trkpt>
   <trkpt lat="62.4774830" lon="8.1234350">
    <ele>256.7</ele>
    <time>2025-07-08T12:46:31Z</time>
   </trkpt>
   <trkpt lat="62.4774820" lon="8.1234360">
    <ele>256.7</ele>
    <time>2025-07-08T12:46:32Z</time>
   </trkpt>
   <trkpt lat="62.4774820" lon="8.1234360">
    <ele>256.7</ele>
    <time>2025-07-08T12:46:33Z</time>
   </trkpt>
   <trkpt lat="62.4774810" lon="8.1234390">
    <ele>256.7</ele>
    <time>2025-07-08T12:46:34Z</time>
   </trkpt>
   <trkpt lat="62.4774810" lon="8.1234390">
    <ele>256.7</ele>
    <time>2025-07-08T12:46:35Z</time>
   </trkpt>
   <trkpt lat="62.4774800" lon="8.1234460">
    <ele>256.7</ele>
    <time>2025-07-08T12:46:36Z</time>
   </trkpt>
   <trkpt lat="62.4774810" lon="8.1234510">
    <ele>256.7</ele>
    <time>2025-07-08T12:46:37Z</time>
   </trkpt>
   <trkpt lat="62.4774760" lon="8.1234570">
    <ele>256.8</ele>
    <time>2025-07-08T12:46:38Z</time>
   </trkpt>
   <trkpt lat="62.4774660" lon="8.1234710">
    <ele>256.8</ele>
    <time>2025-07-08T12:46:39Z</time>
   </trkpt>
   <trkpt lat="62.4774580" lon="8.1234790">
    <ele>256.8</ele>
    <time>2025-07-08T12:46:40Z</time>
   </trkpt>
   <trkpt lat="62.4774620" lon="8.1234900">
    <ele>256.9</ele>
    <time>2025-07-08T12:46:41Z</time>
   </trkpt>
   <trkpt lat="62.4774680" lon="8.1235010">
    <ele>256.9</ele>
    <time>2025-07-08T12:46:42Z</time>
   </trkpt>
   <trkpt lat="62.4774620" lon="8.1235240">
    <ele>256.9</ele>
    <time>2025-07-08T12:46:43Z</time>
   </trkpt>
   <trkpt lat="62.4774600" lon="8.1235460">
    <ele>256.9</ele>
    <time>2025-07-08T12:46:44Z</time>
   </trkpt>
   <trkpt lat="62.4774650" lon="8.1235600">
    <ele>256.9</ele>
    <time>2025-07-08T12:46:45Z</time>
   </trkpt>
   <trkpt lat="62.4774650" lon="8.1235610">
    <ele>256.9</ele>
    <time>2025-07-08T12:46:46Z</time>
   </trkpt>
   <trkpt lat="62.4774680" lon="8.1235490">
    <ele>256.9</ele>
    <time>2025-07-08T12:46:47Z</time>
   </trkpt>
   <trkpt lat="62.4774670" lon="8.1235480">
    <ele>257.0</ele>
    <time>2025-07-08T12:46:48Z</time>
   </trkpt>
   <trkpt lat="62.4774650" lon="8.1235590">
    <ele>257.0</ele>
    <time>2025-07-08T12:46:49Z</time>
   </trkpt>
   <trkpt lat="62.4774660" lon="8.1235740">
    <ele>257.0</ele>
    <time>2025-07-08T12:46:50Z</time>
   </trkpt>
   <trkpt lat="62.4774580" lon="8.1235760">
    <ele>257.0</ele>
    <time>2025-07-08T12:46:51Z</time>
   </trkpt>
   <trkpt lat="62.4774510" lon="8.1235820">
    <ele>257.0</ele>
    <time>2025-07-08T12:46:52Z</time>
   </trkpt>
   <trkpt lat="62.4774410" lon="8.1235890">
    <ele>257.0</ele>
    <time>2025-07-08T12:46:53Z</time>
   </trkpt>
   <trkpt lat="62.4774400" lon="8.1235970">
    <ele>257.0</ele>
    <time>2025-07-08T12:46:54Z</time>
   </trkpt>
   <trkpt lat="62.4774380" lon="8.1235940">
    <ele>257.0</ele>
    <time>2025-07-08T12:46:55Z</time>
   </trkpt>
   <trkpt lat="62.4774320" lon="8.1235940">
    <ele>257.1</ele>
    <time>2025-07-08T12:46:56Z</time>
   </trkpt>
   <trkpt lat="62.4774260" lon="8.1235940">
    <ele>257.1</ele>
    <time>2025-07-08T12:46:57Z</time>
   </trkpt>
   <trkpt lat="62.4774270" lon="8.1236070">
    <ele>257.1</ele>
    <time>2025-07-08T12:46:58Z</time>
   </trkpt>
   <trkpt lat="62.4774230" lon="8.1236220">
    <ele>257.1</ele>
    <time>2025-07-08T12:46:59Z</time>
   </trkpt>
   <trkpt lat="62.4774180" lon="8.1236330">
    <ele>257.1</ele>
    <time>2025-07-08T12:47:00Z</time>
   </trkpt>
   <trkpt lat="62.4774130" lon="8.1236440">
    <ele>257.1</ele>
    <time>2025-07-08T12:47:01Z</time>
   </trkpt>
   <trkpt lat="62.4774130" lon="8.1236620">
    <ele>257.1</ele>
    <time>2025-07-08T12:47:02Z</time>
   </trkpt>
   <trkpt lat="62.4774150" lon="8.1236720">
    <ele>257.1</ele>
    <time>2025-07-08T12:47:03Z</time>
   </trkpt>
   <trkpt lat="62.4774150" lon="8.1236890">
    <ele>257.1</ele>
    <time>2025-07-08T12:47:04Z</time>
   </trkpt>
   <trkpt lat="62.4774180" lon="8.1236750">
    <ele>257.1</ele>
    <time>2025-07-08T12:47:05Z</time>
   </trkpt>
   <trkpt lat="62.4774190" lon="8.1236720">
    <ele>257.1</ele>
    <time>2025-07-08T12:47:06Z</time>
   </trkpt>
   <trkpt lat="62.4774210" lon="8.1236700">
    <ele>257.1</ele>
    <time>2025-07-08T12:47:07Z</time>
   </trkpt>
   <trkpt lat="62.4774230" lon="8.1236650">
    <ele>257.1</ele>
    <time>2025-07-08T12:47:08Z</time>
   </trkpt>
   <trkpt lat="62.4774210" lon="8.1236740">
    <ele>257.1</ele>
    <time>2025-07-08T12:47:09Z</time>
   </trkpt>
   <trkpt lat="62.4774200" lon="8.1236720">
    <ele>257.1</ele>
    <time>2025-07-08T12:47:10Z</time>
   </trkpt>
   <trkpt lat="62.4774180" lon="8.1236730">
    <ele>257.1</ele>
    <time>2025-07-08T12:47:11Z</time>
   </trkpt>
   <trkpt lat="62.4774160" lon="8.1236700">
    <ele>257.1</ele>
    <time>2025-07-08T12:47:12Z</time>
   </trkpt>
   <trkpt lat="62.4774160" lon="8.1236690">
    <ele>257.1</ele>
    <time>2025-07-08T12:47:13Z</time>
   </trkpt>
   <trkpt lat="62.4774140" lon="8.1236710">
    <ele>257.1</ele>
    <time>2025-07-08T12:47:14Z</time>
   </trkpt>
   <trkpt lat="62.4774160" lon="8.1236730">
    <ele>257.1</ele>
    <time>2025-07-08T12:47:15Z</time>
   </trkpt>
   <trkpt lat="62.4774160" lon="8.1236730">
    <ele>257.1</ele>
    <time>2025-07-08T12:47:16Z</time>
   </trkpt>
   <trkpt lat="62.4774110" lon="8.1236730">
    <ele>257.1</ele>
    <time>2025-07-08T12:47:17Z</time>
   </trkpt>
   <trkpt lat="62.4774110" lon="8.1236720">
    <ele>257.1</ele>
    <time>2025-07-08T12:47:18Z</time>
   </trkpt>
   <trkpt lat="62.4774120" lon="8.1236650">
    <ele>257.1</ele>
    <time>2025-07-08T12:47:19Z</time>
   </trkpt>
   <trkpt lat="62.4774130" lon="8.1236600">
    <ele>257.1</ele>
    <time>2025-07-08T12:47:20Z</time>
   </trkpt>
   <trkpt lat="62.4774140" lon="8.1236650">
    <ele>257.1</ele>
    <time>2025-07-08T12:47:21Z</time>
   </trkpt>
   <trkpt lat="62.4774110" lon="8.1236650">
    <ele>257.1</ele>
    <time>2025-07-08T12:47:22Z</time>
   </trkpt>
   <trkpt lat="62.4774150" lon="8.1236670">
    <ele>257.1</ele>
    <time>2025-07-08T12:47:23Z</time>
   </trkpt>
   <trkpt lat="62.4774170" lon="8.1236650">
    <ele>257.1</ele>
    <time>2025-07-08T12:47:24Z</time>
   </trkpt>
   <trkpt lat="62.4774170" lon="8.1236520">
    <ele>257.1</ele>
    <time>2025-07-08T12:47:25Z</time>
   </trkpt>
   <trkpt lat="62.4774210" lon="8.1236460">
    <ele>257.1</ele>
    <time>2025-07-08T12:47:26Z</time>
   </trkpt>
   <trkpt lat="62.4774230" lon="8.1236380">
    <ele>257.1</ele>
    <time>2025-07-08T12:47:27Z</time>
   </trkpt>
   <trkpt lat="62.4774200" lon="8.1236270">
    <ele>257.1</ele>
    <time>2025-07-08T12:47:28Z</time>
   </trkpt>
   <trkpt lat="62.4774190" lon="8.1236240">
    <ele>257.1</ele>
    <time>2025-07-08T12:47:29Z</time>
   </trkpt>
   <trkpt lat="62.4774220" lon="8.1236270">
    <ele>257.2</ele>
    <time>2025-07-08T12:47:30Z</time>
   </trkpt>
   <trkpt lat="62.4774230" lon="8.1236270">
    <ele>257.2</ele>
    <time>2025-07-08T12:47:31Z</time>
   </trkpt>
   <trkpt lat="62.4774220" lon="8.1236240">
    <ele>257.2</ele>
    <time>2025-07-08T12:47:32Z</time>
   </trkpt>
   <trkpt lat="62.4774230" lon="8.1236250">
    <ele>257.2</ele>
    <time>2025-07-08T12:47:33Z</time>
   </trkpt>
   <trkpt lat="62.4774230" lon="8.1236240">
    <ele>257.2</ele>
    <time>2025-07-08T12:47:34Z</time>
   </trkpt>
   <trkpt lat="62.4774240" lon="8.1236240">
    <ele>257.2</ele>
    <time>2025-07-08T12:47:35Z</time>
   </trkpt>
   <trkpt lat="62.4774240" lon="8.1236220">
    <ele>257.2</ele>
    <time>2025-07-08T12:47:36Z</time>
   </trkpt>
   <trkpt lat="62.4774250" lon="8.1236200">
    <ele>257.2</ele>
    <time>2025-07-08T12:47:37Z</time>
   </trkpt>
   <trkpt lat="62.4774240" lon="8.1236200">
    <ele>257.2</ele>
    <time>2025-07-08T12:47:38Z</time>
   </trkpt>
   <trkpt lat="62.4774250" lon="8.1236180">
    <ele>257.2</ele>
    <time>2025-07-08T12:47:39Z</time>
   </trkpt>
   <trkpt lat="62.4774260" lon="8.1236190">
    <ele>257.2</ele>
    <time>2025-07-08T12:47:40Z</time>
   </trkpt>
   <trkpt lat="62.4774260" lon="8.1236180">
    <ele>257.2</ele>
    <time>2025-07-08T12:47:41Z</time>
   </trkpt>
   <trkpt lat="62.4774200" lon="8.1236210">
    <ele>257.2</ele>
    <time>2025-07-08T12:47:42Z</time>
   </trkpt>
   <trkpt lat="62.4774200" lon="8.1236190">
    <ele>257.2</ele>
    <time>2025-07-08T12:47:43Z</time>
   </trkpt>
   <trkpt lat="62.4774230" lon="8.1236180">
    <ele>257.2</ele>
    <time>2025-07-08T12:47:44Z</time>
   </trkpt>
   <trkpt lat="62.4774220" lon="8.1236190">
    <ele>257.2</ele>
    <time>2025-07-08T12:47:45Z</time>
   </trkpt>
   <trkpt lat="62.4774230" lon="8.1236190">
    <ele>257.2</ele>
    <time>2025-07-08T12:47:46Z</time>
   </trkpt>
   <trkpt lat="62.4774230" lon="8.1236190">
    <ele>257.2</ele>
    <time>2025-07-08T12:47:47Z</time>
   </trkpt>
   <trkpt lat="62.4774240" lon="8.1236200">
    <ele>257.2</ele>
    <time>2025-07-08T12:47:48Z</time>
   </trkpt>
   <trkpt lat="62.4774240" lon="8.1236210">
    <ele>257.2</ele>
    <time>2025-07-08T12:47:49Z</time>
   </trkpt>
   <trkpt lat="62.4774240" lon="8.1236200">
    <ele>257.2</ele>
    <time>2025-07-08T12:47:50Z</time>
   </trkpt>
   <trkpt lat="62.4774240" lon="8.1236200">
    <ele>257.2</ele>
    <time>2025-07-08T12:47:51Z</time>
   </trkpt>
   <trkpt lat="62.4774250" lon="8.1236170">
    <ele>257.2</ele>
    <time>2025-07-08T12:47:52Z</time>
   </trkpt>
   <trkpt lat="62.4774250" lon="8.1236160">
    <ele>257.2</ele>
    <time>2025-07-08T12:47:53Z</time>
   </trkpt>
   <trkpt lat="62.4774250" lon="8.1236160">
    <ele>257.2</ele>
    <time>2025-07-08T12:47:54Z</time>
   </trkpt>
   <trkpt lat="62.4774250" lon="8.1236160">
    <ele>257.2</ele>
    <time>2025-07-08T12:47:55Z</time>
   </trkpt>
   <trkpt lat="62.4774260" lon="8.1236160">
    <ele>257.2</ele>
    <time>2025-07-08T12:47:56Z</time>
   </trkpt>
   <trkpt lat="62.4774260" lon="8.1236160">
    <ele>257.2</ele>
    <time>2025-07-08T12:47:57Z</time>
   </trkpt>
   <trkpt lat="62.4774270" lon="8.1236160">
    <ele>257.2</ele>
    <time>2025-07-08T12:47:58Z</time>
   </trkpt>
   <trkpt lat="62.4774270" lon="8.1236150">
    <ele>257.2</ele>
    <time>2025-07-08T12:47:59Z</time>
   </trkpt>
   <trkpt lat="62.4774270" lon="8.1236150">
    <ele>257.2</ele>
    <time>2025-07-08T12:48:00Z</time>
   </trkpt>
   <trkpt lat="62.4774280" lon="8.1236150">
    <ele>257.2</ele>
    <time>2025-07-08T12:48:01Z</time>
   </trkpt>
   <trkpt lat="62.4774270" lon="8.1236150">
    <ele>257.2</ele>
    <time>2025-07-08T12:48:02Z</time>
   </trkpt>
   <trkpt lat="62.4774270" lon="8.1236130">
    <ele>257.2</ele>
    <time>2025-07-08T12:48:03Z</time>
   </trkpt>
   <trkpt lat="62.4774270" lon="8.1236140">
    <ele>257.2</ele>
    <time>2025-07-08T12:48:04Z</time>
   </trkpt>
   <trkpt lat="62.4774260" lon="8.1236180">
    <ele>257.2</ele>
    <time>2025-07-08T12:48:05Z</time>
   </trkpt>
   <trkpt lat="62.4774270" lon="8.1236180">
    <ele>257.2</ele>
    <time>2025-07-08T12:48:06Z</time>
   </trkpt>
   <trkpt lat="62.4774270" lon="8.1236150">
    <ele>257.2</ele>
    <time>2025-07-08T12:48:07Z</time>
   </trkpt>
   <trkpt lat="62.4774260" lon="8.1236150">
    <ele>257.2</ele>
    <time>2025-07-08T12:48:08Z</time>
   </trkpt>
   <trkpt lat="62.4774260" lon="8.1236140">
    <ele>257.2</ele>
    <time>2025-07-08T12:48:09Z</time>
   </trkpt>
   <trkpt lat="62.4774250" lon="8.1236110">
    <ele>257.2</ele>
    <time>2025-07-08T12:48:10Z</time>
   </trkpt>
   <trkpt lat="62.4774260" lon="8.1236110">
    <ele>257.2</ele>
    <time>2025-07-08T12:48:11Z</time>
   </trkpt>
   <trkpt lat="62.4774270" lon="8.1236100">
    <ele>257.2</ele>
    <time>2025-07-08T12:48:12Z</time>
   </trkpt>
   <trkpt lat="62.4774280" lon="8.1236090">
    <ele>257.2</ele>
    <time>2025-07-08T12:48:13Z</time>
   </trkpt>
   <trkpt lat="62.4774280" lon="8.1236100">
    <ele>257.2</ele>
    <time>2025-07-08T12:48:14Z</time>
   </trkpt>
   <trkpt lat="62.4774270" lon="8.1236110">
    <ele>257.2</ele>
    <time>2025-07-08T12:48:15Z</time>
   </trkpt>
   <trkpt lat="62.4774270" lon="8.1236110">
    <ele>257.2</ele>
    <time>2025-07-08T12:48:16Z</time>
   </trkpt>
   <trkpt lat="62.4774260" lon="8.1236110">
    <ele>257.2</ele>
    <time>2025-07-08T12:48:17Z</time>
   </trkpt>
   <trkpt lat="62.4774270" lon="8.1236120">
    <ele>257.2</ele>
    <time>2025-07-08T12:48:18Z</time>
   </trkpt>
   <trkpt lat="62.4774280" lon="8.1236120">
    <ele>257.2</ele>
    <time>2025-07-08T12:48:19Z</time>
   </trkpt>
   <trkpt lat="62.4774280" lon="8.1236110">
    <ele>257.2</ele>
    <time>2025-07-08T12:48:20Z</time>
   </trkpt>
   <trkpt lat="62.4774280" lon="8.1236110">
    <ele>257.2</ele>
    <time>2025-07-08T12:48:21Z</time>
   </trkpt>
   <trkpt lat="62.4774290" lon="8.1236130">
    <ele>257.2</ele>
    <time>2025-07-08T12:48:22Z</time>
   </trkpt>
   <trkpt lat="62.4774290" lon="8.1236120">
    <ele>257.2</ele>
    <time>2025-07-08T12:48:23Z</time>
   </trkpt>
   <trkpt lat="62.4774260" lon="8.1236200">
    <ele>257.2</ele>
    <time>2025-07-08T12:48:24Z</time>
   </trkpt>
   <trkpt lat="62.4774260" lon="8.1236200">
    <ele>257.2</ele>
    <time>2025-07-08T12:48:25Z</time>
   </trkpt>
   <trkpt lat="62.4774260" lon="8.1236200">
    <ele>257.2</ele>
    <time>2025-07-08T12:48:26Z</time>
   </trkpt>
   <trkpt lat="62.4774270" lon="8.1236190">
    <ele>257.2</ele>
    <time>2025-07-08T12:48:27Z</time>
   </trkpt>
   <trkpt lat="62.4774270" lon="8.1236190">
    <ele>257.2</ele>
    <time>2025-07-08T12:48:28Z</time>
   </trkpt>
   <trkpt lat="62.4774270" lon="8.1236190">
    <ele>257.2</ele>
    <time>2025-07-08T12:48:29Z</time>
   </trkpt>
   <trkpt lat="62.4774270" lon="8.1236180">
    <ele>257.2</ele>
    <time>2025-07-08T12:48:30Z</time>
   </trkpt>
   <trkpt lat="62.4774270" lon="8.1236180">
    <ele>257.2</ele>
    <time>2025-07-08T12:48:31Z</time>
   </trkpt>
   <trkpt lat="62.4774270" lon="8.1236170">
    <ele>257.2</ele>
    <time>2025-07-08T12:48:32Z</time>
   </trkpt>
   <trkpt lat="62.4774280" lon="8.1236170">
    <ele>257.2</ele>
    <time>2025-07-08T12:48:33Z</time>
   </trkpt>
   <trkpt lat="62.4774280" lon="8.1236170">
    <ele>257.2</ele>
    <time>2025-07-08T12:48:34Z</time>
   </trkpt>
   <trkpt lat="62.4774300" lon="8.1236090">
    <ele>257.2</ele>
    <time>2025-07-08T12:48:35Z</time>
   </trkpt>
   <trkpt lat="62.4774310" lon="8.1236160">
    <ele>257.2</ele>
    <time>2025-07-08T12:48:36Z</time>
   </trkpt>
   <trkpt lat="62.4774340" lon="8.1236170">
    <ele>257.2</ele>
    <time>2025-07-08T12:48:37Z</time>
   </trkpt>
   <trkpt lat="62.4774350" lon="8.1236160">
    <ele>257.2</ele>
    <time>2025-07-08T12:48:38Z</time>
   </trkpt>
   <trkpt lat="62.4774380" lon="8.1236150">
    <ele>257.2</ele>
    <time>2025-07-08T12:48:39Z</time>
   </trkpt>
   <trkpt lat="62.4774300" lon="8.1236450">
    <ele>257.2</ele>
    <time>2025-07-08T12:48:40Z</time>
   </trkpt>
   <trkpt lat="62.4774350" lon="8.1236310">
    <ele>257.2</ele>
    <time>2025-07-08T12:48:41Z</time>
   </trkpt>
   <trkpt lat="62.4774360" lon="8.1236300">
    <ele>257.2</ele>
    <time>2025-07-08T12:48:42Z</time>
   </trkpt>
   <trkpt lat="62.4774360" lon="8.1236320">
    <ele>257.2</ele>
    <time>2025-07-08T12:48:43Z</time>
   </trkpt>
   <trkpt lat="62.4774350" lon="8.1236290">
    <ele>257.2</ele>
    <time>2025-07-08T12:48:44Z</time>
   </trkpt>
   <trkpt lat="62.4774350" lon="8.1236290">
    <ele>257.2</ele>
    <time>2025-07-08T12:48:45Z</time>
   </trkpt>
   <trkpt lat="62.4774350" lon="8.1236290">
    <ele>257.2</ele>
    <time>2025-07-08T12:48:46Z</time>
   </trkpt>
   <trkpt lat="62.4774350" lon="8.1236290">
    <ele>257.2</ele>
    <time>2025-07-08T12:48:47Z</time>
   </trkpt>
   <trkpt lat="62.4774350" lon="8.1236290">
    <ele>257.2</ele>
    <time>2025-07-08T12:48:48Z</time>
   </trkpt>
   <trkpt lat="62.4774350" lon="8.1236290">
    <ele>257.2</ele>
    <time>2025-07-08T12:48:49Z</time>
   </trkpt>
   <trkpt lat="62.4774350" lon="8.1236290">
    <ele>257.2</ele>
    <time>2025-07-08T12:48:50Z</time>
   </trkpt>
   <trkpt lat="62.4774350" lon="8.1236290">
    <ele>257.2</ele>
    <time>2025-07-08T12:48:51Z</time>
   </trkpt>
   <trkpt lat="62.4774290" lon="8.1236290">
    <ele>257.2</ele>
    <time>2025-07-08T12:48:52Z</time>
   </trkpt>
   <trkpt lat="62.4774300" lon="8.1236260">
    <ele>257.2</ele>
    <time>2025-07-08T12:48:53Z</time>
   </trkpt>
   <trkpt lat="62.4774300" lon="8.1236260">
    <ele>257.2</ele>
    <time>2025-07-08T12:48:54Z</time>
   </trkpt>
   <trkpt lat="62.4774300" lon="8.1236260">
    <ele>257.2</ele>
    <time>2025-07-08T12:48:55Z</time>
   </trkpt>
   <trkpt lat="62.4774300" lon="8.1236260">
    <ele>257.2</ele>
    <time>2025-07-08T12:48:56Z</time>
   </trkpt>
   <trkpt lat="62.4774300" lon="8.1236260">
    <ele>257.2</ele>
    <time>2025-07-08T12:48:57Z</time>
   </trkpt>
   <trkpt lat="62.4774300" lon="8.1236260">
    <ele>257.2</ele>
    <time>2025-07-08T12:48:58Z</time>
   </trkpt>
   <trkpt lat="62.4774330" lon="8.1236240">
    <ele>257.2</ele>
    <time>2025-07-08T12:48:59Z</time>
   </trkpt>
   <trkpt lat="62.4774290" lon="8.1236310">
    <ele>257.2</ele>
    <time>2025-07-08T12:49:00Z</time>
   </trkpt>
   <trkpt lat="62.4774290" lon="8.1236310">
    <ele>257.2</ele>
    <time>2025-07-08T12:49:01Z</time>
   </trkpt>
   <trkpt lat="62.4774290" lon="8.1236310">
    <ele>257.2</ele>
    <time>2025-07-08T12:49:02Z</time>
   </trkpt>
   <trkpt lat="62.4774290" lon="8.1236310">
    <ele>257.2</ele>
    <time>2025-07-08T12:49:03Z</time>
   </trkpt>
   <trkpt lat="62.4774290" lon="8.1236310">
    <ele>257.2</ele>
    <time>2025-07-08T12:49:04Z</time>
   </trkpt>
   <trkpt lat="62.4774320" lon="8.1236220">
    <ele>257.2</ele>
    <time>2025-07-08T12:49:05Z</time>
   </trkpt>
   <trkpt lat="62.4774320" lon="8.1236220">
    <ele>257.2</ele>
    <time>2025-07-08T12:49:06Z</time>
   </trkpt>
   <trkpt lat="62.4774320" lon="8.1236220">
    <ele>257.2</ele>
    <time>2025-07-08T12:49:07Z</time>
   </trkpt>
   <trkpt lat="62.4774330" lon="8.1236180">
    <ele>257.2</ele>
    <time>2025-07-08T12:49:08Z</time>
   </trkpt>
   <trkpt lat="62.4774320" lon="8.1236170">
    <ele>257.2</ele>
    <time>2025-07-08T12:49:09Z</time>
   </trkpt>
   <trkpt lat="62.4774280" lon="8.1236210">
    <ele>257.3</ele>
    <time>2025-07-08T12:49:10Z</time>
   </trkpt>
   <trkpt lat="62.4774250" lon="8.1236240">
    <ele>257.3</ele>
    <time>2025-07-08T12:49:11Z</time>
   </trkpt>
   <trkpt lat="62.4774180" lon="8.1236380">
    <ele>257.3</ele>
    <time>2025-07-08T12:49:12Z</time>
   </trkpt>
   <trkpt lat="62.4774210" lon="8.1236340">
    <ele>257.3</ele>
    <time>2025-07-08T12:49:13Z</time>
   </trkpt>
   <trkpt lat="62.4774230" lon="8.1236310">
    <ele>257.3</ele>
    <time>2025-07-08T12:49:14Z</time>
   </trkpt>
   <trkpt lat="62.4774220" lon="8.1236300">
    <ele>257.3</ele>
    <time>2025-07-08T12:49:15Z</time>
   </trkpt>
   <trkpt lat="62.4774220" lon="8.1236290">
    <ele>257.3</ele>
    <time>2025-07-08T12:49:16Z</time>
   </trkpt>
   <trkpt lat="62.4774220" lon="8.1236270">
    <ele>257.3</ele>
    <time>2025-07-08T12:49:17Z</time>
   </trkpt>
   <trkpt lat="62.4774210" lon="8.1236280">
    <ele>257.3</ele>
    <time>2025-07-08T12:49:18Z</time>
   </trkpt>
   <trkpt lat="62.4774200" lon="8.1236290">
    <ele>257.3</ele>
    <time>2025-07-08T12:49:19Z</time>
   </trkpt>
   <trkpt lat="62.4774210" lon="8.1236280">
    <ele>257.3</ele>
    <time>2025-07-08T12:49:20Z</time>
   </trkpt>
   <trkpt lat="62.4774210" lon="8.1236280">
    <ele>257.3</ele>
    <time>2025-07-08T12:49:21Z</time>
   </trkpt>
   <trkpt lat="62.4774210" lon="8.1236280">
    <ele>257.3</ele>
    <time>2025-07-08T12:49:22Z</time>
   </trkpt>
   <trkpt lat="62.4774210" lon="8.1236280">
    <ele>257.3</ele>
    <time>2025-07-08T12:49:23Z</time>
   </trkpt>
   <trkpt lat="62.4774210" lon="8.1236280">
    <ele>257.3</ele>
    <time>2025-07-08T12:49:24Z</time>
   </trkpt>
   <trkpt lat="62.4774210" lon="8.1236280">
    <ele>257.3</ele>
    <time>2025-07-08T12:49:25Z</time>
   </trkpt>
   <trkpt lat="62.4774210" lon="8.1236280">
    <ele>257.3</ele>
    <time>2025-07-08T12:49:26Z</time>
   </trkpt>
   <trkpt lat="62.4774200" lon="8.1236360">
    <ele>257.3</ele>
    <time>2025-07-08T12:49:27Z</time>
   </trkpt>
   <trkpt lat="62.4774210" lon="8.1236280">
    <ele>257.3</ele>
    <time>2025-07-08T12:49:28Z</time>
   </trkpt>
   <trkpt lat="62.4774160" lon="8.1236260">
    <ele>257.3</ele>
    <time>2025-07-08T12:49:29Z</time>
   </trkpt>
   <trkpt lat="62.4774150" lon="8.1236290">
    <ele>257.3</ele>
    <time>2025-07-08T12:49:30Z</time>
   </trkpt>
   <trkpt lat="62.4774100" lon="8.1236350">
    <ele>257.4</ele>
    <time>2025-07-08T12:49:31Z</time>
   </trkpt>
   <trkpt lat="62.4774080" lon="8.1236410">
    <ele>257.4</ele>
    <time>2025-07-08T12:49:32Z</time>
   </trkpt>
   <trkpt lat="62.4774080" lon="8.1236470">
    <ele>257.4</ele>
    <time>2025-07-08T12:49:33Z</time>
   </trkpt>
   <trkpt lat="62.4774120" lon="8.1236490">
    <ele>257.4</ele>
    <time>2025-07-08T12:49:34Z</time>
   </trkpt>
   <trkpt lat="62.4774130" lon="8.1236540">
    <ele>257.4</ele>
    <time>2025-07-08T12:49:35Z</time>
   </trkpt>
   <trkpt lat="62.4774140" lon="8.1236530">
    <ele>257.4</ele>
    <time>2025-07-08T12:49:36Z</time>
   </trkpt>
   <trkpt lat="62.4774140" lon="8.1236530">
    <ele>257.4</ele>
    <time>2025-07-08T12:49:37Z</time>
   </trkpt>
   <trkpt lat="62.4774150" lon="8.1236570">
    <ele>257.4</ele>
    <time>2025-07-08T12:49:38Z</time>
   </trkpt>
   <trkpt lat="62.4774160" lon="8.1236590">
    <ele>257.4</ele>
    <time>2025-07-08T12:49:39Z</time>
   </trkpt>
   <trkpt lat="62.4774150" lon="8.1236600">
    <ele>257.4</ele>
    <time>2025-07-08T12:49:40Z</time>
   </trkpt>
   <trkpt lat="62.4774170" lon="8.1236590">
    <ele>257.4</ele>
    <time>2025-07-08T12:49:41Z</time>
   </trkpt>
   <trkpt lat="62.4774160" lon="8.1236620">
    <ele>257.4</ele>
    <time>2025-07-08T12:49:42Z</time>
   </trkpt>
   <trkpt lat="62.4774170" lon="8.1236560">
    <ele>257.4</ele>
    <time>2025-07-08T12:49:43Z</time>
   </trkpt>
   <trkpt lat="62.4774210" lon="8.1236550">
    <ele>257.4</ele>
    <time>2025-07-08T12:49:44Z</time>
   </trkpt>
   <trkpt lat="62.4774220" lon="8.1236530">
    <ele>257.4</ele>
    <time>2025-07-08T12:49:45Z</time>
   </trkpt>
   <trkpt lat="62.4774240" lon="8.1236510">
    <ele>257.4</ele>
    <time>2025-07-08T12:49:46Z</time>
   </trkpt>
   <trkpt lat="62.4774230" lon="8.1236510">
    <ele>257.4</ele>
    <time>2025-07-08T12:49:47Z</time>
   </trkpt>
   <trkpt lat="62.4774230" lon="8.1236510">
    <ele>257.4</ele>
    <time>2025-07-08T12:49:48Z</time>
   </trkpt>
   <trkpt lat="62.4774240" lon="8.1236510">
    <ele>257.4</ele>
    <time>2025-07-08T12:49:49Z</time>
   </trkpt>
   <trkpt lat="62.4774240" lon="8.1236510">
    <ele>257.4</ele>
    <time>2025-07-08T12:49:50Z</time>
   </trkpt>
   <trkpt lat="62.4774220" lon="8.1236500">
    <ele>257.4</ele>
    <time>2025-07-08T12:49:51Z</time>
   </trkpt>
   <trkpt lat="62.4774220" lon="8.1236490">
    <ele>257.4</ele>
    <time>2025-07-08T12:49:52Z</time>
   </trkpt>
   <trkpt lat="62.4774230" lon="8.1236470">
    <ele>257.4</ele>
    <time>2025-07-08T12:49:53Z</time>
   </trkpt>
   <trkpt lat="62.4774240" lon="8.1236440">
    <ele>257.5</ele>
    <time>2025-07-08T12:49:54Z</time>
   </trkpt>
   <trkpt lat="62.4774210" lon="8.1236420">
    <ele>257.5</ele>
    <time>2025-07-08T12:49:55Z</time>
   </trkpt>
   <trkpt lat="62.4774220" lon="8.1236430">
    <ele>257.5</ele>
    <time>2025-07-08T12:49:56Z</time>
   </trkpt>
   <trkpt lat="62.4774220" lon="8.1236430">
    <ele>257.5</ele>
    <time>2025-07-08T12:49:57Z</time>
   </trkpt>
   <trkpt lat="62.4774210" lon="8.1236420">
    <ele>257.5</ele>
    <time>2025-07-08T12:49:58Z</time>
   </trkpt>
   <trkpt lat="62.4774210" lon="8.1236420">
    <ele>257.5</ele>
    <time>2025-07-08T12:49:59Z</time>
   </trkpt>
   <trkpt lat="62.4774210" lon="8.1236420">
    <ele>257.5</ele>
    <time>2025-07-08T12:50:00Z</time>
   </trkpt>
   <trkpt lat="62.4774220" lon="8.1236430">
    <ele>257.5</ele>
    <time>2025-07-08T12:50:01Z</time>
   </trkpt>
   <trkpt lat="62.4774220" lon="8.1236430">
    <ele>257.5</ele>
    <time>2025-07-08T12:50:02Z</time>
   </trkpt>
   <trkpt lat="62.4774220" lon="8.1236430">
    <ele>257.5</ele>
    <time>2025-07-08T12:50:03Z</time>
   </trkpt>
   <trkpt lat="62.4774220" lon="8.1236430">
    <ele>257.5</ele>
    <time>2025-07-08T12:50:04Z</time>
   </trkpt>
   <trkpt lat="62.4774210" lon="8.1236490">
    <ele>257.5</ele>
    <time>2025-07-08T12:50:05Z</time>
   </trkpt>
   <trkpt lat="62.4774210" lon="8.1236450">
    <ele>257.5</ele>
    <time>2025-07-08T12:50:06Z</time>
   </trkpt>
   <trkpt lat="62.4774210" lon="8.1236440">
    <ele>257.5</ele>
    <time>2025-07-08T12:50:07Z</time>
   </trkpt>
   <trkpt lat="62.4774210" lon="8.1236420">
    <ele>257.5</ele>
    <time>2025-07-08T12:50:08Z</time>
   </trkpt>
   <trkpt lat="62.4774210" lon="8.1236410">
    <ele>257.5</ele>
    <time>2025-07-08T12:50:09Z</time>
   </trkpt>
   <trkpt lat="62.4774210" lon="8.1236410">
    <ele>257.5</ele>
    <time>2025-07-08T12:50:10Z</time>
   </trkpt>
   <trkpt lat="62.4774200" lon="8.1236400">
    <ele>257.5</ele>
    <time>2025-07-08T12:50:11Z</time>
   </trkpt>
   <trkpt lat="62.4774200" lon="8.1236400">
    <ele>257.5</ele>
    <time>2025-07-08T12:50:12Z</time>
   </trkpt>
   <trkpt lat="62.4774200" lon="8.1236390">
    <ele>257.5</ele>
    <time>2025-07-08T12:50:13Z</time>
   </trkpt>
   <trkpt lat="62.4774210" lon="8.1236390">
    <ele>257.5</ele>
    <time>2025-07-08T12:50:14Z</time>
   </trkpt>
   <trkpt lat="62.4774210" lon="8.1236400">
    <ele>257.5</ele>
    <time>2025-07-08T12:50:15Z</time>
   </trkpt>
   <trkpt lat="62.4774210" lon="8.1236390">
    <ele>257.5</ele>
    <time>2025-07-08T12:50:16Z</time>
   </trkpt>
   <trkpt lat="62.4774210" lon="8.1236390">
    <ele>257.5</ele>
    <time>2025-07-08T12:50:17Z</time>
   </trkpt>
   <trkpt lat="62.4774210" lon="8.1236390">
    <ele>257.5</ele>
    <time>2025-07-08T12:50:18Z</time>
   </trkpt>
   <trkpt lat="62.4774210" lon="8.1236390">
    <ele>257.5</ele>
    <time>2025-07-08T12:50:19Z</time>
   </trkpt>
   <trkpt lat="62.4774210" lon="8.1236390">
    <ele>257.5</ele>
    <time>2025-07-08T12:50:20Z</time>
   </trkpt>
   <trkpt lat="62.4774210" lon="8.1236390">
    <ele>257.5</ele>
    <time>2025-07-08T12:50:21Z</time>
   </trkpt>
   <trkpt lat="62.4774190" lon="8.1236420">
    <ele>257.5</ele>
    <time>2025-07-08T12:50:22Z</time>
   </trkpt>
   <trkpt lat="62.4774190" lon="8.1236420">
    <ele>257.5</ele>
    <time>2025-07-08T12:50:23Z</time>
   </trkpt>
   <trkpt lat="62.4774190" lon="8.1236420">
    <ele>257.5</ele>
    <time>2025-07-08T12:50:24Z</time>
   </trkpt>
   <trkpt lat="62.4774210" lon="8.1236390">
    <ele>257.5</ele>
    <time>2025-07-08T12:50:25Z</time>
   </trkpt>
   <trkpt lat="62.4774210" lon="8.1236390">
    <ele>257.5</ele>
    <time>2025-07-08T12:50:26Z</time>
   </trkpt>
   <trkpt lat="62.4774210" lon="8.1236390">
    <ele>257.5</ele>
    <time>2025-07-08T12:50:27Z</time>
   </trkpt>
   <trkpt lat="62.4774210" lon="8.1236390">
    <ele>257.5</ele>
    <time>2025-07-08T12:50:28Z</time>
   </trkpt>
   <trkpt lat="62.4774210" lon="8.1236390">
    <ele>257.5</ele>
    <time>2025-07-08T12:50:29Z</time>
   </trkpt>
   <trkpt lat="62.4774210" lon="8.1236390">
    <ele>257.5</ele>
    <time>2025-07-08T12:50:30Z</time>
   </trkpt>
   <trkpt lat="62.4774230" lon="8.1236400">
    <ele>257.5</ele>
    <time>2025-07-08T12:50:31Z</time>
   </trkpt>
   <trkpt lat="62.4774230" lon="8.1236400">
    <ele>257.5</ele>
    <time>2025-07-08T12:50:32Z</time>
   </trkpt>
   <trkpt lat="62.4774240" lon="8.1236390">
    <ele>257.5</ele>
    <time>2025-07-08T12:50:33Z</time>
   </trkpt>
   <trkpt lat="62.4774240" lon="8.1236390">
    <ele>257.5</ele>
    <time>2025-07-08T12:50:34Z</time>
   </trkpt>
   <trkpt lat="62.4774240" lon="8.1236390">
    <ele>257.5</ele>
    <time>2025-07-08T12:50:35Z</time>
   </trkpt>
   <trkpt lat="62.4774240" lon="8.1236390">
    <ele>257.5</ele>
    <time>2025-07-08T12:50:36Z</time>
   </trkpt>
   <trkpt lat="62.4774240" lon="8.1236390">
    <ele>257.5</ele>
    <time>2025-07-08T12:50:37Z</time>
   </trkpt>
   <trkpt lat="62.4774250" lon="8.1236390">
    <ele>257.5</ele>
    <time>2025-07-08T12:50:38Z</time>
   </trkpt>
   <trkpt lat="62.4774240" lon="8.1236400">
    <ele>257.5</ele>
    <time>2025-07-08T12:50:39Z</time>
   </trkpt>
   <trkpt lat="62.4774250" lon="8.1236390">
    <ele>257.5</ele>
    <time>2025-07-08T12:50:40Z</time>
   </trkpt>
   <trkpt lat="62.4774250" lon="8.1236380">
    <ele>257.5</ele>
    <time>2025-07-08T12:50:41Z</time>
   </trkpt>
   <trkpt lat="62.4774250" lon="8.1236380">
    <ele>257.5</ele>
    <time>2025-07-08T12:50:42Z</time>
   </trkpt>
   <trkpt lat="62.4774250" lon="8.1236380">
    <ele>257.5</ele>
    <time>2025-07-08T12:50:43Z</time>
   </trkpt>
   <trkpt lat="62.4774250" lon="8.1236380">
    <ele>257.5</ele>
    <time>2025-07-08T12:50:44Z</time>
   </trkpt>
   <trkpt lat="62.4774250" lon="8.1236390">
    <ele>257.5</ele>
    <time>2025-07-08T12:50:45Z</time>
   </trkpt>
   <trkpt lat="62.4774250" lon="8.1236390">
    <ele>257.5</ele>
    <time>2025-07-08T12:50:46Z</time>
   </trkpt>
   <trkpt lat="62.4774250" lon="8.1236390">
    <ele>257.5</ele>
    <time>2025-07-08T12:50:47Z</time>
   </trkpt>
   <trkpt lat="62.4774250" lon="8.1236390">
    <ele>257.5</ele>
    <time>2025-07-08T12:50:48Z</time>
   </trkpt>
   <trkpt lat="62.4774260" lon="8.1236390">
    <ele>257.5</ele>
    <time>2025-07-08T12:50:49Z</time>
   </trkpt>
   <trkpt lat="62.4774260" lon="8.1236380">
    <ele>257.5</ele>
    <time>2025-07-08T12:50:50Z</time>
   </trkpt>
   <trkpt lat="62.4774260" lon="8.1236380">
    <ele>257.5</ele>
    <time>2025-07-08T12:50:51Z</time>
   </trkpt>
   <trkpt lat="62.4774260" lon="8.1236380">
    <ele>257.5</ele>
    <time>2025-07-08T12:50:52Z</time>
   </trkpt>
   <trkpt lat="62.4774260" lon="8.1236380">
    <ele>257.5</ele>
    <time>2025-07-08T12:50:53Z</time>
   </trkpt>
   <trkpt lat="62.4774260" lon="8.1236380">
    <ele>257.5</ele>
    <time>2025-07-08T12:50:54Z</time>
   </trkpt>
   <trkpt lat="62.4774260" lon="8.1236380">
    <ele>257.5</ele>
    <time>2025-07-08T12:50:55Z</time>
   </trkpt>
   <trkpt lat="62.4774260" lon="8.1236380">
    <ele>257.5</ele>
    <time>2025-07-08T12:50:56Z</time>
   </trkpt>
   <trkpt lat="62.4774260" lon="8.1236380">
    <ele>257.5</ele>
    <time>2025-07-08T12:50:57Z</time>
   </trkpt>
   <trkpt lat="62.4774260" lon="8.1236380">
    <ele>257.5</ele>
    <time>2025-07-08T12:50:58Z</time>
   </trkpt>
   <trkpt lat="62.4774260" lon="8.1236380">
    <ele>257.5</ele>
    <time>2025-07-08T12:50:59Z</time>
   </trkpt>
   <trkpt lat="62.4774260" lon="8.1236380">
    <ele>257.5</ele>
    <time>2025-07-08T12:51:00Z</time>
   </trkpt>
   <trkpt lat="62.4774260" lon="8.1236380">
    <ele>257.5</ele>
    <time>2025-07-08T12:51:01Z</time>
   </trkpt>
   <trkpt lat="62.4774250" lon="8.1236470">
    <ele>257.5</ele>
    <time>2025-07-08T12:51:02Z</time>
   </trkpt>
   <trkpt lat="62.4774260" lon="8.1236450">
    <ele>257.6</ele>
    <time>2025-07-08T12:51:03Z</time>
   </trkpt>
   <trkpt lat="62.4774250" lon="8.1236450">
    <ele>257.6</ele>
    <time>2025-07-08T12:51:04Z</time>
   </trkpt>
   <trkpt lat="62.4774240" lon="8.1236570">
    <ele>257.6</ele>
    <time>2025-07-08T12:51:05Z</time>
   </trkpt>
   <trkpt lat="62.4774200" lon="8.1236760">
    <ele>257.6</ele>
    <time>2025-07-08T12:51:06Z</time>
   </trkpt>
   <trkpt lat="62.4774170" lon="8.1236830">
    <ele>257.6</ele>
    <time>2025-07-08T12:51:07Z</time>
   </trkpt>
   <trkpt lat="62.4774220" lon="8.1236770">
    <ele>257.7</ele>
    <time>2025-07-08T12:51:08Z</time>
   </trkpt>
   <trkpt lat="62.4774240" lon="8.1236740">
    <ele>257.7</ele>
    <time>2025-07-08T12:51:09Z</time>
   </trkpt>
   <trkpt lat="62.4774240" lon="8.1236760">
    <ele>257.7</ele>
    <time>2025-07-08T12:51:10Z</time>
   </trkpt>
   <trkpt lat="62.4774240" lon="8.1236750">
    <ele>257.7</ele>
    <time>2025-07-08T12:51:11Z</time>
   </trkpt>
   <trkpt lat="62.4774240" lon="8.1236750">
    <ele>257.7</ele>
    <time>2025-07-08T12:51:12Z</time>
   </trkpt>
   <trkpt lat="62.4774230" lon="8.1236780">
    <ele>257.7</ele>
    <time>2025-07-08T12:51:13Z</time>
   </trkpt>
   <trkpt lat="62.4774240" lon="8.1236760">
    <ele>257.7</ele>
    <time>2025-07-08T12:51:14Z</time>
   </trkpt>
   <trkpt lat="62.4774230" lon="8.1236800">
    <ele>257.7</ele>
    <time>2025-07-08T12:51:15Z</time>
   </trkpt>
   <trkpt lat="62.4774180" lon="8.1237010">
    <ele>257.7</ele>
    <time>2025-07-08T12:51:16Z</time>
   </trkpt>
   <trkpt lat="62.4774150" lon="8.1237100">
    <ele>257.8</ele>
    <time>2025-07-08T12:51:17Z</time>
   </trkpt>
   <trkpt lat="62.4774120" lon="8.1237070">
    <ele>257.8</ele>
    <time>2025-07-08T12:51:18Z</time>
   </trkpt>
   <trkpt lat="62.4774120" lon="8.1237030">
    <ele>257.8</ele>
    <time>2025-07-08T12:51:19Z</time>
   </trkpt>
   <trkpt lat="62.4774140" lon="8.1236980">
    <ele>257.8</ele>
    <time>2025-07-08T12:51:20Z</time>
   </trkpt>
   <trkpt lat="62.4774130" lon="8.1237020">
    <ele>257.8</ele>
    <time>2025-07-08T12:51:21Z</time>
   </trkpt>
   <trkpt lat="62.4774130" lon="8.1237020">
    <ele>257.8</ele>
    <time>2025-07-08T12:51:22Z</time>
   </trkpt>
   <trkpt lat="62.4774130" lon="8.1237020">
    <ele>257.8</ele>
    <time>2025-07-08T12:51:23Z</time>
   </trkpt>
   <trkpt lat="62.4774130" lon="8.1236990">
    <ele>257.8</ele>
    <time>2025-07-08T12:51:24Z</time>
   </trkpt>
   <trkpt lat="62.4774130" lon="8.1237010">
    <ele>257.8</ele>
    <time>2025-07-08T12:51:25Z</time>
   </trkpt>
   <trkpt lat="62.4774130" lon="8.1237010">
    <ele>257.8</ele>
    <time>2025-07-08T12:51:26Z</time>
   </trkpt>
   <trkpt lat="62.4774120" lon="8.1237010">
    <ele>257.8</ele>
    <time>2025-07-08T12:51:27Z</time>
   </trkpt>
   <trkpt lat="62.4774140" lon="8.1237020">
    <ele>257.8</ele>
    <time>2025-07-08T12:51:28Z</time>
   </trkpt>
   <trkpt lat="62.4774140" lon="8.1236990">
    <ele>257.8</ele>
    <time>2025-07-08T12:51:29Z</time>
   </trkpt>
   <trkpt lat="62.4774140" lon="8.1236980">
    <ele>257.8</ele>
    <time>2025-07-08T12:51:30Z</time>
   </trkpt>
   <trkpt lat="62.4774140" lon="8.1236980">
    <ele>257.8</ele>
    <time>2025-07-08T12:51:31Z</time>
   </trkpt>
   <trkpt lat="62.4774130" lon="8.1236990">
    <ele>257.9</ele>
    <time>2025-07-08T12:51:32Z</time>
   </trkpt>
   <trkpt lat="62.4774150" lon="8.1236980">
    <ele>257.9</ele>
    <time>2025-07-08T12:51:33Z</time>
   </trkpt>
   <trkpt lat="62.4774190" lon="8.1236920">
    <ele>257.9</ele>
    <time>2025-07-08T12:51:34Z</time>
   </trkpt>
   <trkpt lat="62.4774230" lon="8.1236850">
    <ele>257.9</ele>
    <time>2025-07-08T12:51:35Z</time>
   </trkpt>
   <trkpt lat="62.4774240" lon="8.1236820">
    <ele>257.9</ele>
    <time>2025-07-08T12:51:36Z</time>
   </trkpt>
   <trkpt lat="62.4774240" lon="8.1236820">
    <ele>257.9</ele>
    <time>2025-07-08T12:51:37Z</time>
   </trkpt>
   <trkpt lat="62.4774250" lon="8.1236800">
    <ele>257.9</ele>
    <time>2025-07-08T12:51:38Z</time>
   </trkpt>
   <trkpt lat="62.4774270" lon="8.1236760">
    <ele>257.9</ele>
    <time>2025-07-08T12:51:39Z</time>
   </trkpt>
   <trkpt lat="62.4774300" lon="8.1236750">
    <ele>257.9</ele>
    <time>2025-07-08T12:51:40Z</time>
   </trkpt>
   <trkpt lat="62.4774300" lon="8.1236770">
    <ele>257.9</ele>
    <time>2025-07-08T12:51:41Z</time>
   </trkpt>
   <trkpt lat="62.4774300" lon="8.1236780">
    <ele>257.9</ele>
    <time>2025-07-08T12:51:42Z</time>
   </trkpt>
   <trkpt lat="62.4774310" lon="8.1236790">
    <ele>258.0</ele>
    <time>2025-07-08T12:51:43Z</time>
   </trkpt>
   <trkpt lat="62.4774320" lon="8.1236790">
    <ele>258.0</ele>
    <time>2025-07-08T12:51:44Z</time>
   </trkpt>
   <trkpt lat="62.4774320" lon="8.1236790">
    <ele>258.0</ele>
    <time>2025-07-08T12:51:45Z</time>
   </trkpt>
   <trkpt lat="62.4774310" lon="8.1236790">
    <ele>258.0</ele>
    <time>2025-07-08T12:51:46Z</time>
   </trkpt>
   <trkpt lat="62.4774320" lon="8.1236790">
    <ele>258.0</ele>
    <time>2025-07-08T12:51:47Z</time>
   </trkpt>
   <trkpt lat="62.4774310" lon="8.1236800">
    <ele>258.0</ele>
    <time>2025-07-08T12:51:48Z</time>
   </trkpt>
   <trkpt lat="62.4774320" lon="8.1236800">
    <ele>258.0</ele>
    <time>2025-07-08T12:51:49Z</time>
   </trkpt>
   <trkpt lat="62.4774320" lon="8.1236800">
    <ele>258.0</ele>
    <time>2025-07-08T12:51:50Z</time>
   </trkpt>
   <trkpt lat="62.4774320" lon="8.1236800">
    <ele>258.0</ele>
    <time>2025-07-08T12:51:51Z</time>
   </trkpt>
   <trkpt lat="62.4774340" lon="8.1236800">
    <ele>258.0</ele>
    <time>2025-07-08T12:51:52Z</time>
   </trkpt>
   <trkpt lat="62.4774340" lon="8.1236800">
    <ele>258.0</ele>
    <time>2025-07-08T12:51:53Z</time>
   </trkpt>
   <trkpt lat="62.4774340" lon="8.1236800">
    <ele>258.0</ele>
    <time>2025-07-08T12:51:54Z</time>
   </trkpt>
   <trkpt lat="62.4774340" lon="8.1236780">
    <ele>258.0</ele>
    <time>2025-07-08T12:51:55Z</time>
   </trkpt>
   <trkpt lat="62.4774340" lon="8.1236760">
    <ele>258.0</ele>
    <time>2025-07-08T12:51:56Z</time>
   </trkpt>
   <trkpt lat="62.4774340" lon="8.1236760">
    <ele>258.0</ele>
    <time>2025-07-08T12:51:57Z</time>
   </trkpt>
   <trkpt lat="62.4774340" lon="8.1236760">
    <ele>258.0</ele>
    <time>2025-07-08T12:51:58Z</time>
   </trkpt>
   <trkpt lat="62.4774340" lon="8.1236760">
    <ele>258.0</ele>
    <time>2025-07-08T12:51:59Z</time>
   </trkpt>
   <trkpt lat="62.4774340" lon="8.1236740">
    <ele>258.0</ele>
    <time>2025-07-08T12:52:00Z</time>
   </trkpt>
   <trkpt lat="62.4774340" lon="8.1236740">
    <ele>258.0</ele>
    <time>2025-07-08T12:52:01Z</time>
   </trkpt>
   <trkpt lat="62.4774340" lon="8.1236740">
    <ele>258.0</ele>
    <time>2025-07-08T12:52:02Z</time>
   </trkpt>
   <trkpt lat="62.4774340" lon="8.1236730">
    <ele>258.0</ele>
    <time>2025-07-08T12:52:03Z</time>
   </trkpt>
   <trkpt lat="62.4774340" lon="8.1236730">
    <ele>258.0</ele>
    <time>2025-07-08T12:52:04Z</time>
   </trkpt>
   <trkpt lat="62.4774340" lon="8.1236730">
    <ele>258.0</ele>
    <time>2025-07-08T12:52:05Z</time>
   </trkpt>
   <trkpt lat="62.4774340" lon="8.1236730">
    <ele>258.0</ele>
    <time>2025-07-08T12:52:06Z</time>
   </trkpt>
   <trkpt lat="62.4774340" lon="8.1236730">
    <ele>258.0</ele>
    <time>2025-07-08T12:52:07Z</time>
   </trkpt>
   <trkpt lat="62.4774340" lon="8.1236730">
    <ele>258.0</ele>
    <time>2025-07-08T12:52:08Z</time>
   </trkpt>
   <trkpt lat="62.4774320" lon="8.1236770">
    <ele>258.0</ele>
    <time>2025-07-08T12:52:09Z</time>
   </trkpt>
   <trkpt lat="62.4774200" lon="8.1237000">
    <ele>258.1</ele>
    <time>2025-07-08T12:52:10Z</time>
   </trkpt>
   <trkpt lat="62.4774230" lon="8.1236990">
    <ele>258.1</ele>
    <time>2025-07-08T12:52:11Z</time>
   </trkpt>
   <trkpt lat="62.4774280" lon="8.1236910">
    <ele>258.2</ele>
    <time>2025-07-08T12:52:12Z</time>
   </trkpt>
   <trkpt lat="62.4774270" lon="8.1236840">
    <ele>258.2</ele>
    <time>2025-07-08T12:52:13Z</time>
   </trkpt>
   <trkpt lat="62.4774250" lon="8.1236690">
    <ele>258.2</ele>
    <time>2025-07-08T12:52:14Z</time>
   </trkpt>
   <trkpt lat="62.4774270" lon="8.1236620">
    <ele>258.2</ele>
    <time>2025-07-08T12:52:15Z</time>
   </trkpt>
   <trkpt lat="62.4774290" lon="8.1236760">
    <ele>258.3</ele>
    <time>2025-07-08T12:52:16Z</time>
   </trkpt>
   <trkpt lat="62.4774190" lon="8.1236900">
    <ele>258.4</ele>
    <time>2025-07-08T12:52:17Z</time>
   </trkpt>
   <trkpt lat="62.4774060" lon="8.1237000">
    <ele>258.5</ele>
    <time>2025-07-08T12:52:18Z</time>
   </trkpt>
   <trkpt lat="62.4774100" lon="8.1236930">
    <ele>258.5</ele>
    <time>2025-07-08T12:52:19Z</time>
   </trkpt>
   <trkpt lat="62.4774120" lon="8.1236930">
    <ele>258.5</ele>
    <time>2025-07-08T12:52:20Z</time>
   </trkpt>
   <trkpt lat="62.4774130" lon="8.1236900">
    <ele>258.5</ele>
    <time>2025-07-08T12:52:21Z</time>
   </trkpt>
   <trkpt lat="62.4774210" lon="8.1236870">
    <ele>258.6</ele>
    <time>2025-07-08T12:52:22Z</time>
   </trkpt>
   <trkpt lat="62.4774170" lon="8.1236900">
    <ele>258.6</ele>
    <time>2025-07-08T12:52:23Z</time>
   </trkpt>
   <trkpt lat="62.4774160" lon="8.1236860">
    <ele>258.6</ele>
    <time>2025-07-08T12:52:24Z</time>
   </trkpt>
   <trkpt lat="62.4774190" lon="8.1236870">
    <ele>258.6</ele>
    <time>2025-07-08T12:52:25Z</time>
   </trkpt>
   <trkpt lat="62.4774190" lon="8.1236870">
    <ele>258.6</ele>
    <time>2025-07-08T12:52:26Z</time>
   </trkpt>
   <trkpt lat="62.4774170" lon="8.1236860">
    <ele>258.6</ele>
    <time>2025-07-08T12:52:27Z</time>
   </trkpt>
   <trkpt lat="62.4774180" lon="8.1236840">
    <ele>258.6</ele>
    <time>2025-07-08T12:52:28Z</time>
   </trkpt>
   <trkpt lat="62.4774180" lon="8.1236870">
    <ele>258.7</ele>
    <time>2025-07-08T12:52:29Z</time>
   </trkpt>
   <trkpt lat="62.4774190" lon="8.1236900">
    <ele>258.7</ele>
    <time>2025-07-08T12:52:30Z</time>
   </trkpt>
   <trkpt lat="62.4774090" lon="8.1236870">
    <ele>258.7</ele>
    <time>2025-07-08T12:52:31Z</time>
   </trkpt>
   <trkpt lat="62.4774140" lon="8.1236910">
    <ele>258.8</ele>
    <time>2025-07-08T12:52:32Z</time>
   </trkpt>
   <trkpt lat="62.4774130" lon="8.1236930">
    <ele>258.8</ele>
    <time>2025-07-08T12:52:33Z</time>
   </trkpt>
   <trkpt lat="62.4774100" lon="8.1236900">
    <ele>258.8</ele>
    <time>2025-07-08T12:52:34Z</time>
   </trkpt>
   <trkpt lat="62.4774140" lon="8.1236910">
    <ele>258.8</ele>
    <time>2025-07-08T12:52:35Z</time>
   </trkpt>
   <trkpt lat="62.4774160" lon="8.1236930">
    <ele>258.8</ele>
    <time>2025-07-08T12:52:36Z</time>
   </trkpt>
   <trkpt lat="62.4774150" lon="8.1236980">
    <ele>258.9</ele>
    <time>2025-07-08T12:52:37Z</time>
   </trkpt>
   <trkpt lat="62.4774150" lon="8.1236980">
    <ele>258.9</ele>
    <time>2025-07-08T12:52:38Z</time>
   </trkpt>
   <trkpt lat="62.4774160" lon="8.1237010">
    <ele>258.9</ele>
    <time>2025-07-08T12:52:39Z</time>
   </trkpt>
   <trkpt lat="62.4774150" lon="8.1237000">
    <ele>258.9</ele>
    <time>2025-07-08T12:52:40Z</time>
   </trkpt>
   <trkpt lat="62.4774170" lon="8.1237040">
    <ele>258.9</ele>
    <time>2025-07-08T12:52:41Z</time>
   </trkpt>
   <trkpt lat="62.4774170" lon="8.1237080">
    <ele>258.9</ele>
    <time>2025-07-08T12:52:42Z</time>
   </trkpt>
   <trkpt lat="62.4774170" lon="8.1237070">
    <ele>258.9</ele>
    <time>2025-07-08T12:52:43Z</time>
   </trkpt>
   <trkpt lat="62.4774180" lon="8.1237070">
    <ele>258.9</ele>
    <time>2025-07-08T12:52:44Z</time>
   </trkpt>
   <trkpt lat="62.4774170" lon="8.1237060">
    <ele>258.9</ele>
    <time>2025-07-08T12:52:45Z</time>
   </trkpt>
   <trkpt lat="62.4774170" lon="8.1237070">
    <ele>258.9</ele>
    <time>2025-07-08T12:52:46Z</time>
   </trkpt>
   <trkpt lat="62.4774170" lon="8.1237070">
    <ele>258.9</ele>
    <time>2025-07-08T12:52:47Z</time>
   </trkpt>
   <trkpt lat="62.4774160" lon="8.1237070">
    <ele>258.9</ele>
    <time>2025-07-08T12:52:48Z</time>
   </trkpt>
   <trkpt lat="62.4774160" lon="8.1237070">
    <ele>258.9</ele>
    <time>2025-07-08T12:52:49Z</time>
   </trkpt>
   <trkpt lat="62.4774150" lon="8.1237050">
    <ele>259.0</ele>
    <time>2025-07-08T12:52:50Z</time>
   </trkpt>
   <trkpt lat="62.4774150" lon="8.1237050">
    <ele>259.0</ele>
    <time>2025-07-08T12:52:51Z</time>
   </trkpt>
   <trkpt lat="62.4774150" lon="8.1237070">
    <ele>259.0</ele>
    <time>2025-07-08T12:52:52Z</time>
   </trkpt>
   <trkpt lat="62.4774160" lon="8.1237040">
    <ele>259.0</ele>
    <time>2025-07-08T12:52:53Z</time>
   </trkpt>
   <trkpt lat="62.4774140" lon="8.1237020">
    <ele>259.0</ele>
    <time>2025-07-08T12:52:54Z</time>
   </trkpt>
   <trkpt lat="62.4774150" lon="8.1237020">
    <ele>259.0</ele>
    <time>2025-07-08T12:52:55Z</time>
   </trkpt>
   <trkpt lat="62.4774140" lon="8.1237000">
    <ele>259.0</ele>
    <time>2025-07-08T12:52:56Z</time>
   </trkpt>
   <trkpt lat="62.4774160" lon="8.1237000">
    <ele>259.0</ele>
    <time>2025-07-08T12:52:57Z</time>
   </trkpt>
   <trkpt lat="62.4774170" lon="8.1236960">
    <ele>259.0</ele>
    <time>2025-07-08T12:52:58Z</time>
   </trkpt>
   <trkpt lat="62.4774170" lon="8.1236920">
    <ele>259.1</ele>
    <time>2025-07-08T12:52:59Z</time>
   </trkpt>
   <trkpt lat="62.4774180" lon="8.1236930">
    <ele>259.1</ele>
    <time>2025-07-08T12:53:00Z</time>
   </trkpt>
   <trkpt lat="62.4774170" lon="8.1236920">
    <ele>259.1</ele>
    <time>2025-07-08T12:53:01Z</time>
   </trkpt>
   <trkpt lat="62.4774180" lon="8.1236940">
    <ele>259.1</ele>
    <time>2025-07-08T12:53:02Z</time>
   </trkpt>
   <trkpt lat="62.4774180" lon="8.1236940">
    <ele>259.1</ele>
    <time>2025-07-08T12:53:03Z</time>
   </trkpt>
   <trkpt lat="62.4774180" lon="8.1236940">
    <ele>259.1</ele>
    <time>2025-07-08T12:53:04Z</time>
   </trkpt>
   <trkpt lat="62.4774180" lon="8.1236940">
    <ele>259.1</ele>
    <time>2025-07-08T12:53:05Z</time>
   </trkpt>
   <trkpt lat="62.4774180" lon="8.1236970">
    <ele>259.1</ele>
    <time>2025-07-08T12:53:06Z</time>
   </trkpt>
   <trkpt lat="62.4774200" lon="8.1236970">
    <ele>259.1</ele>
    <time>2025-07-08T12:53:07Z</time>
   </trkpt>
   <trkpt lat="62.4774200" lon="8.1236970">
    <ele>259.1</ele>
    <time>2025-07-08T12:53:08Z</time>
   </trkpt>
   <trkpt lat="62.4774200" lon="8.1236960">
    <ele>259.1</ele>
    <time>2025-07-08T12:53:09Z</time>
   </trkpt>
   <trkpt lat="62.4774200" lon="8.1236960">
    <ele>259.1</ele>
    <time>2025-07-08T12:53:10Z</time>
   </trkpt>
   <trkpt lat="62.4774210" lon="8.1236950">
    <ele>259.1</ele>
    <time>2025-07-08T12:53:11Z</time>
   </trkpt>
   <trkpt lat="62.4774210" lon="8.1236950">
    <ele>259.1</ele>
    <time>2025-07-08T12:53:12Z</time>
   </trkpt>
   <trkpt lat="62.4774210" lon="8.1236950">
    <ele>259.1</ele>
    <time>2025-07-08T12:53:13Z</time>
   </trkpt>
   <trkpt lat="62.4774210" lon="8.1236950">
    <ele>259.1</ele>
    <time>2025-07-08T12:53:14Z</time>
   </trkpt>
   <trkpt lat="62.4774210" lon="8.1236950">
    <ele>259.1</ele>
    <time>2025-07-08T12:53:15Z</time>
   </trkpt>
   <trkpt lat="62.4774240" lon="8.1236960">
    <ele>259.2</ele>
    <time>2025-07-08T12:53:16Z</time>
   </trkpt>
   <trkpt lat="62.4774230" lon="8.1236950">
    <ele>259.2</ele>
    <time>2025-07-08T12:53:17Z</time>
   </trkpt>
   <trkpt lat="62.4774230" lon="8.1236950">
    <ele>259.2</ele>
    <time>2025-07-08T12:53:18Z</time>
   </trkpt>
   <trkpt lat="62.4774220" lon="8.1236960">
    <ele>259.2</ele>
    <time>2025-07-08T12:53:19Z</time>
   </trkpt>
   <trkpt lat="62.4774240" lon="8.1236950">
    <ele>259.2</ele>
    <time>2025-07-08T12:53:20Z</time>
   </trkpt>
   <trkpt lat="62.4774250" lon="8.1236950">
    <ele>259.2</ele>
    <time>2025-07-08T12:53:21Z</time>
   </trkpt>
   <trkpt lat="62.4774250" lon="8.1236960">
    <ele>259.2</ele>
    <time>2025-07-08T12:53:22Z</time>
   </trkpt>
   <trkpt lat="62.4774250" lon="8.1236960">
    <ele>259.2</ele>
    <time>2025-07-08T12:53:23Z</time>
   </trkpt>
   <trkpt lat="62.4774250" lon="8.1236930">
    <ele>259.2</ele>
    <time>2025-07-08T12:53:24Z</time>
   </trkpt>
   <trkpt lat="62.4774250" lon="8.1236930">
    <ele>259.2</ele>
    <time>2025-07-08T12:53:25Z</time>
   </trkpt>
   <trkpt lat="62.4774250" lon="8.1236930">
    <ele>259.2</ele>
    <time>2025-07-08T12:53:26Z</time>
   </trkpt>
   <trkpt lat="62.4774250" lon="8.1236930">
    <ele>259.2</ele>
    <time>2025-07-08T12:53:27Z</time>
   </trkpt>
   <trkpt lat="62.4774250" lon="8.1236930">
    <ele>259.2</ele>
    <time>2025-07-08T12:53:28Z</time>
   </trkpt>
   <trkpt lat="62.4774250" lon="8.1236950">
    <ele>259.2</ele>
    <time>2025-07-08T12:53:29Z</time>
   </trkpt>
   <trkpt lat="62.4774250" lon="8.1236940">
    <ele>259.2</ele>
    <time>2025-07-08T12:53:30Z</time>
   </trkpt>
   <trkpt lat="62.4774250" lon="8.1236950">
    <ele>259.2</ele>
    <time>2025-07-08T12:53:31Z</time>
   </trkpt>
   <trkpt lat="62.4774260" lon="8.1236940">
    <ele>259.2</ele>
    <time>2025-07-08T12:53:32Z</time>
   </trkpt>
   <trkpt lat="62.4774260" lon="8.1236960">
    <ele>259.2</ele>
    <time>2025-07-08T12:53:33Z</time>
   </trkpt>
   <trkpt lat="62.4774260" lon="8.1236950">
    <ele>259.2</ele>
    <time>2025-07-08T12:53:34Z</time>
   </trkpt>
   <trkpt lat="62.4774260" lon="8.1236960">
    <ele>259.3</ele>
    <time>2025-07-08T12:53:35Z</time>
   </trkpt>
   <trkpt lat="62.4774260" lon="8.1236960">
    <ele>259.3</ele>
    <time>2025-07-08T12:53:36Z</time>
   </trkpt>
   <trkpt lat="62.4774260" lon="8.1236920">
    <ele>259.3</ele>
    <time>2025-07-08T12:53:37Z</time>
   </trkpt>
   <trkpt lat="62.4774260" lon="8.1236920">
    <ele>259.3</ele>
    <time>2025-07-08T12:53:38Z</time>
   </trkpt>
   <trkpt lat="62.4774260" lon="8.1236920">
    <ele>259.3</ele>
    <time>2025-07-08T12:53:39Z</time>
   </trkpt>
   <trkpt lat="62.4774260" lon="8.1236920">
    <ele>259.3</ele>
    <time>2025-07-08T12:53:40Z</time>
   </trkpt>
   <trkpt lat="62.4774250" lon="8.1236920">
    <ele>259.3</ele>
    <time>2025-07-08T12:53:41Z</time>
   </trkpt>
   <trkpt lat="62.4774250" lon="8.1236920">
    <ele>259.3</ele>
    <time>2025-07-08T12:53:42Z</time>
   </trkpt>
   <trkpt lat="62.4774260" lon="8.1236850">
    <ele>259.3</ele>
    <time>2025-07-08T12:53:43Z</time>
   </trkpt>
   <trkpt lat="62.4774270" lon="8.1236850">
    <ele>259.3</ele>
    <time>2025-07-08T12:53:44Z</time>
   </trkpt>
   <trkpt lat="62.4774270" lon="8.1236850">
    <ele>259.3</ele>
    <time>2025-07-08T12:53:45Z</time>
   </trkpt>
   <trkpt lat="62.4774270" lon="8.1236850">
    <ele>259.3</ele>
    <time>2025-07-08T12:53:46Z</time>
   </trkpt>
   <trkpt lat="62.4774260" lon="8.1236840">
    <ele>259.3</ele>
    <time>2025-07-08T12:53:47Z</time>
   </trkpt>
   <trkpt lat="62.4774260" lon="8.1236840">
    <ele>259.3</ele>
    <time>2025-07-08T12:53:48Z</time>
   </trkpt>
   <trkpt lat="62.4774260" lon="8.1236840">
    <ele>259.3</ele>
    <time>2025-07-08T12:53:49Z</time>
   </trkpt>
   <trkpt lat="62.4774260" lon="8.1236840">
    <ele>259.3</ele>
    <time>2025-07-08T12:53:50Z</time>
   </trkpt>
   <trkpt lat="62.4774180" lon="8.1236850">
    <ele>259.4</ele>
    <time>2025-07-08T12:53:51Z</time>
   </trkpt>
   <trkpt lat="62.4774180" lon="8.1236850">
    <ele>259.4</ele>
    <time>2025-07-08T12:53:52Z</time>
   </trkpt>
   <trkpt lat="62.4774180" lon="8.1236850">
    <ele>259.4</ele>
    <time>2025-07-08T12:53:53Z</time>
   </trkpt>
   <trkpt lat="62.4774180" lon="8.1236850">
    <ele>259.4</ele>
    <time>2025-07-08T12:53:54Z</time>
   </trkpt>
   <trkpt lat="62.4774180" lon="8.1236850">
    <ele>259.4</ele>
    <time>2025-07-08T12:53:55Z</time>
   </trkpt>
   <trkpt lat="62.4774180" lon="8.1236850">
    <ele>259.4</ele>
    <time>2025-07-08T12:53:56Z</time>
   </trkpt>
   <trkpt lat="62.4774180" lon="8.1236850">
    <ele>259.4</ele>
    <time>2025-07-08T12:53:57Z</time>
   </trkpt>
   <trkpt lat="62.4774240" lon="8.1236830">
    <ele>259.4</ele>
    <time>2025-07-08T12:53:58Z</time>
   </trkpt>
   <trkpt lat="62.4774230" lon="8.1236830">
    <ele>259.4</ele>
    <time>2025-07-08T12:53:59Z</time>
   </trkpt>
   <trkpt lat="62.4774230" lon="8.1236830">
    <ele>259.4</ele>
    <time>2025-07-08T12:54:00Z</time>
   </trkpt>
   <trkpt lat="62.4774230" lon="8.1236830">
    <ele>259.4</ele>
    <time>2025-07-08T12:54:01Z</time>
   </trkpt>
   <trkpt lat="62.4774230" lon="8.1236830">
    <ele>259.4</ele>
    <time>2025-07-08T12:54:02Z</time>
   </trkpt>
   <trkpt lat="62.4774230" lon="8.1236830">
    <ele>259.4</ele>
    <time>2025-07-08T12:54:03Z</time>
   </trkpt>
   <trkpt lat="62.4774230" lon="8.1236830">
    <ele>259.4</ele>
    <time>2025-07-08T12:54:04Z</time>
   </trkpt>
   <trkpt lat="62.4774230" lon="8.1236830">
    <ele>259.4</ele>
    <time>2025-07-08T12:54:05Z</time>
   </trkpt>
   <trkpt lat="62.4774220" lon="8.1236820">
    <ele>259.4</ele>
    <time>2025-07-08T12:54:06Z</time>
   </trkpt>
   <trkpt lat="62.4774220" lon="8.1236820">
    <ele>259.4</ele>
    <time>2025-07-08T12:54:07Z</time>
   </trkpt>
   <trkpt lat="62.4774220" lon="8.1236820">
    <ele>259.4</ele>
    <time>2025-07-08T12:54:08Z</time>
   </trkpt>
   <trkpt lat="62.4774230" lon="8.1236850">
    <ele>259.5</ele>
    <time>2025-07-08T12:54:09Z</time>
   </trkpt>
   <trkpt lat="62.4774250" lon="8.1236820">
    <ele>259.5</ele>
    <time>2025-07-08T12:54:10Z</time>
   </trkpt>
   <trkpt lat="62.4774250" lon="8.1236820">
    <ele>259.5</ele>
    <time>2025-07-08T12:54:11Z</time>
   </trkpt>
   <trkpt lat="62.4774250" lon="8.1236820">
    <ele>259.5</ele>
    <time>2025-07-08T12:54:12Z</time>
   </trkpt>
   <trkpt lat="62.4774250" lon="8.1236820">
    <ele>259.5</ele>
    <time>2025-07-08T12:54:13Z</time>
   </trkpt>
   <trkpt lat="62.4774250" lon="8.1236820">
    <ele>259.5</ele>
    <time>2025-07-08T12:54:14Z</time>
   </trkpt>
   <trkpt lat="62.4774250" lon="8.1236820">
    <ele>259.5</ele>
    <time>2025-07-08T12:54:15Z</time>
   </trkpt>
   <trkpt lat="62.4774250" lon="8.1236820">
    <ele>259.5</ele>
    <time>2025-07-08T12:54:16Z</time>
   </trkpt>
   <trkpt lat="62.4774250" lon="8.1236820">
    <ele>259.5</ele>
    <time>2025-07-08T12:54:17Z</time>
   </trkpt>
   <trkpt lat="62.4774250" lon="8.1236820">
    <ele>259.5</ele>
    <time>2025-07-08T12:54:18Z</time>
   </trkpt>
   <trkpt lat="62.4774250" lon="8.1236820">
    <ele>259.5</ele>
    <time>2025-07-08T12:54:19Z</time>
   </trkpt>
   <trkpt lat="62.4774250" lon="8.1236820">
    <ele>259.5</ele>
    <time>2025-07-08T12:54:20Z</time>
   </trkpt>
   <trkpt lat="62.4774250" lon="8.1236820">
    <ele>259.5</ele>
    <time>2025-07-08T12:54:21Z</time>
   </trkpt>
   <trkpt lat="62.4774250" lon="8.1236820">
    <ele>259.5</ele>
    <time>2025-07-08T12:54:22Z</time>
   </trkpt>
   <trkpt lat="62.4774250" lon="8.1236820">
    <ele>259.5</ele>
    <time>2025-07-08T12:54:23Z</time>
   </trkpt>
   <trkpt lat="62.4774250" lon="8.1236820">
    <ele>259.5</ele>
    <time>2025-07-08T12:54:24Z</time>
   </trkpt>
   <trkpt lat="62.4774250" lon="8.1236820">
    <ele>259.5</ele>
    <time>2025-07-08T12:54:25Z</time>
   </trkpt>
   <trkpt lat="62.4774250" lon="8.1236820">
    <ele>259.5</ele>
    <time>2025-07-08T12:54:26Z</time>
   </trkpt>
   <trkpt lat="62.4774250" lon="8.1236820">
    <ele>259.5</ele>
    <time>2025-07-08T12:54:27Z</time>
   </trkpt>
   <trkpt lat="62.4774190" lon="8.1236920">
    <ele>259.5</ele>
    <time>2025-07-08T12:54:28Z</time>
   </trkpt>
   <trkpt lat="62.4774190" lon="8.1236930">
    <ele>259.5</ele>
    <time>2025-07-08T12:54:29Z</time>
   </trkpt>
   <trkpt lat="62.4774190" lon="8.1236940">
    <ele>259.5</ele>
    <time>2025-07-08T12:54:30Z</time>
   </trkpt>
   <trkpt lat="62.4774190" lon="8.1236950">
    <ele>259.5</ele>
    <time>2025-07-08T12:54:31Z</time>
   </trkpt>
   <trkpt lat="62.4774190" lon="8.1236950">
    <ele>259.5</ele>
    <time>2025-07-08T12:54:32Z</time>
   </trkpt>
   <trkpt lat="62.4774190" lon="8.1236950">
    <ele>259.5</ele>
    <time>2025-07-08T12:54:33Z</time>
   </trkpt>
   <trkpt lat="62.4774190" lon="8.1236950">
    <ele>259.5</ele>
    <time>2025-07-08T12:54:34Z</time>
   </trkpt>
   <trkpt lat="62.4774190" lon="8.1236950">
    <ele>259.5</ele>
    <time>2025-07-08T12:54:35Z</time>
   </trkpt>
   <trkpt lat="62.4774190" lon="8.1236950">
    <ele>259.5</ele>
    <time>2025-07-08T12:54:36Z</time>
   </trkpt>
   <trkpt lat="62.4774170" lon="8.1237030">
    <ele>259.6</ele>
    <time>2025-07-08T12:54:37Z</time>
   </trkpt>
   <trkpt lat="62.4774170" lon="8.1237030">
    <ele>259.6</ele>
    <time>2025-07-08T12:54:38Z</time>
   </trkpt>
   <trkpt lat="62.4774170" lon="8.1237030">
    <ele>259.6</ele>
    <time>2025-07-08T12:54:39Z</time>
   </trkpt>
   <trkpt lat="62.4774160" lon="8.1237070">
    <ele>259.6</ele>
    <time>2025-07-08T12:54:40Z</time>
   </trkpt>
   <trkpt lat="62.4774160" lon="8.1237070">
    <ele>259.6</ele>
    <time>2025-07-08T12:54:41Z</time>
   </trkpt>
   <trkpt lat="62.4774160" lon="8.1237070">
    <ele>259.6</ele>
    <time>2025-07-08T12:54:42Z</time>
   </trkpt>
   <trkpt lat="62.4774170" lon="8.1237050">
    <ele>259.6</ele>
    <time>2025-07-08T12:54:43Z</time>
   </trkpt>
   <trkpt lat="62.4774170" lon="8.1237050">
    <ele>259.6</ele>
    <time>2025-07-08T12:54:44Z</time>
   </trkpt>
   <trkpt lat="62.4774170" lon="8.1237050">
    <ele>259.6</ele>
    <time>2025-07-08T12:54:45Z</time>
   </trkpt>
   <trkpt lat="62.4774170" lon="8.1237050">
    <ele>259.6</ele>
    <time>2025-07-08T12:54:46Z</time>
   </trkpt>
   <trkpt lat="62.4774170" lon="8.1237050">
    <ele>259.6</ele>
    <time>2025-07-08T12:54:47Z</time>
   </trkpt>
   <trkpt lat="62.4774160" lon="8.1237070">
    <ele>259.6</ele>
    <time>2025-07-08T12:54:48Z</time>
   </trkpt>
   <trkpt lat="62.4774160" lon="8.1237070">
    <ele>259.6</ele>
    <time>2025-07-08T12:54:49Z</time>
   </trkpt>
   <trkpt lat="62.4774070" lon="8.1237170">
    <ele>259.7</ele>
    <time>2025-07-08T12:54:50Z</time>
   </trkpt>
   <trkpt lat="62.4774070" lon="8.1237170">
    <ele>259.7</ele>
    <time>2025-07-08T12:54:51Z</time>
   </trkpt>
   <trkpt lat="62.4774070" lon="8.1237170">
    <ele>259.7</ele>
    <time>2025-07-08T12:54:52Z</time>
   </trkpt>
   <trkpt lat="62.4774070" lon="8.1237170">
    <ele>259.7</ele>
    <time>2025-07-08T12:54:53Z</time>
   </trkpt>
   <trkpt lat="62.4774110" lon="8.1237120">
    <ele>259.7</ele>
    <time>2025-07-08T12:54:54Z</time>
   </trkpt>
   <trkpt lat="62.4774070" lon="8.1237170">
    <ele>259.8</ele>
    <time>2025-07-08T12:54:55Z</time>
   </trkpt>
   <trkpt lat="62.4774070" lon="8.1237170">
    <ele>259.8</ele>
    <time>2025-07-08T12:54:56Z</time>
   </trkpt>
   <trkpt lat="62.4774070" lon="8.1237170">
    <ele>259.8</ele>
    <time>2025-07-08T12:54:57Z</time>
   </trkpt>
   <trkpt lat="62.4774070" lon="8.1237170">
    <ele>259.8</ele>
    <time>2025-07-08T12:54:58Z</time>
   </trkpt>
   <trkpt lat="62.4774070" lon="8.1237170">
    <ele>259.8</ele>
    <time>2025-07-08T12:54:59Z</time>
   </trkpt>
   <trkpt lat="62.4774090" lon="8.1237150">
    <ele>259.8</ele>
    <time>2025-07-08T12:55:00Z</time>
   </trkpt>
   <trkpt lat="62.4774090" lon="8.1237140">
    <ele>259.8</ele>
    <time>2025-07-08T12:55:01Z</time>
   </trkpt>
   <trkpt lat="62.4774100" lon="8.1237140">
    <ele>259.8</ele>
    <time>2025-07-08T12:55:02Z</time>
   </trkpt>
   <trkpt lat="62.4774100" lon="8.1237150">
    <ele>259.8</ele>
    <time>2025-07-08T12:55:03Z</time>
   </trkpt>
   <trkpt lat="62.4774100" lon="8.1237150">
    <ele>259.8</ele>
    <time>2025-07-08T12:55:04Z</time>
   </trkpt>
   <trkpt lat="62.4774100" lon="8.1237150">
    <ele>259.8</ele>
    <time>2025-07-08T12:55:05Z</time>
   </trkpt>
   <trkpt lat="62.4774100" lon="8.1237150">
    <ele>259.8</ele>
    <time>2025-07-08T12:55:06Z</time>
   </trkpt>
   <trkpt lat="62.4774100" lon="8.1237150">
    <ele>259.8</ele>
    <time>2025-07-08T12:55:07Z</time>
   </trkpt>
   <trkpt lat="62.4774100" lon="8.1237140">
    <ele>259.8</ele>
    <time>2025-07-08T12:55:08Z</time>
   </trkpt>
   <trkpt lat="62.4774100" lon="8.1237140">
    <ele>259.8</ele>
    <time>2025-07-08T12:55:09Z</time>
   </trkpt>
   <trkpt lat="62.4774100" lon="8.1237140">
    <ele>259.8</ele>
    <time>2025-07-08T12:55:10Z</time>
   </trkpt>
   <trkpt lat="62.4774100" lon="8.1237140">
    <ele>259.8</ele>
    <time>2025-07-08T12:55:11Z</time>
   </trkpt>
   <trkpt lat="62.4774100" lon="8.1237140">
    <ele>259.8</ele>
    <time>2025-07-08T12:55:12Z</time>
   </trkpt>
   <trkpt lat="62.4774100" lon="8.1237140">
    <ele>259.8</ele>
    <time>2025-07-08T12:55:13Z</time>
   </trkpt>
   <trkpt lat="62.4774100" lon="8.1237140">
    <ele>259.8</ele>
    <time>2025-07-08T12:55:14Z</time>
   </trkpt>
   <trkpt lat="62.4774100" lon="8.1237140">
    <ele>259.8</ele>
    <time>2025-07-08T12:55:15Z</time>
   </trkpt>
   <trkpt lat="62.4774100" lon="8.1237140">
    <ele>259.8</ele>
    <time>2025-07-08T12:55:16Z</time>
   </trkpt>
   <trkpt lat="62.4774100" lon="8.1237150">
    <ele>259.8</ele>
    <time>2025-07-08T12:55:17Z</time>
   </trkpt>
   <trkpt lat="62.4774100" lon="8.1237150">
    <ele>259.8</ele>
    <time>2025-07-08T12:55:18Z</time>
   </trkpt>
   <trkpt lat="62.4774100" lon="8.1237150">
    <ele>259.8</ele>
    <time>2025-07-08T12:55:19Z</time>
   </trkpt>
   <trkpt lat="62.4774070" lon="8.1237200">
    <ele>259.9</ele>
    <time>2025-07-08T12:55:20Z</time>
   </trkpt>
   <trkpt lat="62.4774070" lon="8.1237190">
    <ele>259.9</ele>
    <time>2025-07-08T12:55:21Z</time>
   </trkpt>
   <trkpt lat="62.4774080" lon="8.1237160">
    <ele>259.9</ele>
    <time>2025-07-08T12:55:22Z</time>
   </trkpt>
   <trkpt lat="62.4774090" lon="8.1237150">
    <ele>259.9</ele>
    <time>2025-07-08T12:55:23Z</time>
   </trkpt>
   <trkpt lat="62.4774100" lon="8.1237130">
    <ele>259.9</ele>
    <time>2025-07-08T12:55:24Z</time>
   </trkpt>
   <trkpt lat="62.4774110" lon="8.1237120">
    <ele>259.9</ele>
    <time>2025-07-08T12:55:25Z</time>
   </trkpt>
   <trkpt lat="62.4774120" lon="8.1237120">
    <ele>259.9</ele>
    <time>2025-07-08T12:55:26Z</time>
   </trkpt>
   <trkpt lat="62.4774120" lon="8.1237120">
    <ele>259.9</ele>
    <time>2025-07-08T12:55:27Z</time>
   </trkpt>
   <trkpt lat="62.4774130" lon="8.1237080">
    <ele>259.9</ele>
    <time>2025-07-08T12:55:28Z</time>
   </trkpt>
   <trkpt lat="62.4774140" lon="8.1237050">
    <ele>259.9</ele>
    <time>2025-07-08T12:55:29Z</time>
   </trkpt>
   <trkpt lat="62.4774150" lon="8.1237050">
    <ele>260.0</ele>
    <time>2025-07-08T12:55:30Z</time>
   </trkpt>
   <trkpt lat="62.4774110" lon="8.1237040">
    <ele>260.0</ele>
    <time>2025-07-08T12:55:31Z</time>
   </trkpt>
   <trkpt lat="62.4773980" lon="8.1237020">
    <ele>260.1</ele>
    <time>2025-07-08T12:55:32Z</time>
   </trkpt>
   <trkpt lat="62.4773920" lon="8.1236870">
    <ele>260.2</ele>
    <time>2025-07-08T12:55:33Z</time>
   </trkpt>
   <trkpt lat="62.4773790" lon="8.1236650">
    <ele>260.3</ele>
    <time>2025-07-08T12:55:34Z</time>
   </trkpt>
   <trkpt lat="62.4773800" lon="8.1236470">
    <ele>260.4</ele>
    <time>2025-07-08T12:55:35Z</time>
   </trkpt>
   <trkpt lat="62.4773780" lon="8.1236490">
    <ele>260.4</ele>
    <time>2025-07-08T12:55:36Z</time>
   </trkpt>
   <trkpt lat="62.4773790" lon="8.1236600">
    <ele>260.5</ele>
    <time>2025-07-08T12:55:37Z</time>
   </trkpt>
   <trkpt lat="62.4773790" lon="8.1236570">
    <ele>260.5</ele>
    <time>2025-07-08T12:55:38Z</time>
   </trkpt>
   <trkpt lat="62.4773820" lon="8.1236580">
    <ele>260.5</ele>
    <time>2025-07-08T12:55:39Z</time>
   </trkpt>
   <trkpt lat="62.4773810" lon="8.1236550">
    <ele>260.5</ele>
    <time>2025-07-08T12:55:40Z</time>
   </trkpt>
   <trkpt lat="62.4773810" lon="8.1236550">
    <ele>260.5</ele>
    <time>2025-07-08T12:55:41Z</time>
   </trkpt>
   <trkpt lat="62.4773810" lon="8.1236550">
    <ele>260.5</ele>
    <time>2025-07-08T12:55:42Z</time>
   </trkpt>
   <trkpt lat="62.4773810" lon="8.1236550">
    <ele>260.5</ele>
    <time>2025-07-08T12:55:43Z</time>
   </trkpt>
   <trkpt lat="62.4773810" lon="8.1236550">
    <ele>260.5</ele>
    <time>2025-07-08T12:55:44Z</time>
   </trkpt>
   <trkpt lat="62.4773810" lon="8.1236550">
    <ele>260.5</ele>
    <time>2025-07-08T12:55:45Z</time>
   </trkpt>
   <trkpt lat="62.4773810" lon="8.1236550">
    <ele>260.5</ele>
    <time>2025-07-08T12:55:46Z</time>
   </trkpt>
   <trkpt lat="62.4773810" lon="8.1236550">
    <ele>260.5</ele>
    <time>2025-07-08T12:55:47Z</time>
   </trkpt>
   <trkpt lat="62.4773810" lon="8.1236550">
    <ele>260.5</ele>
    <time>2025-07-08T12:55:48Z</time>
   </trkpt>
   <trkpt lat="62.4773810" lon="8.1236550">
    <ele>260.5</ele>
    <time>2025-07-08T12:55:49Z</time>
   </trkpt>
   <trkpt lat="62.4773810" lon="8.1236550">
    <ele>260.5</ele>
    <time>2025-07-08T12:55:50Z</time>
   </trkpt>
   <trkpt lat="62.4773810" lon="8.1236550">
    <ele>260.5</ele>
    <time>2025-07-08T12:55:51Z</time>
   </trkpt>
   <trkpt lat="62.4773810" lon="8.1236550">
    <ele>260.5</ele>
    <time>2025-07-08T12:55:52Z</time>
   </trkpt>
   <trkpt lat="62.4773820" lon="8.1236620">
    <ele>260.6</ele>
    <time>2025-07-08T12:55:53Z</time>
   </trkpt>
   <trkpt lat="62.4773820" lon="8.1236620">
    <ele>260.6</ele>
    <time>2025-07-08T12:55:54Z</time>
   </trkpt>
   <trkpt lat="62.4773830" lon="8.1236630">
    <ele>260.6</ele>
    <time>2025-07-08T12:55:55Z</time>
   </trkpt>
   <trkpt lat="62.4773830" lon="8.1236640">
    <ele>260.6</ele>
    <time>2025-07-08T12:55:56Z</time>
   </trkpt>
   <trkpt lat="62.4773850" lon="8.1236650">
    <ele>260.6</ele>
    <time>2025-07-08T12:55:57Z</time>
   </trkpt>
   <trkpt lat="62.4773850" lon="8.1236650">
    <ele>260.6</ele>
    <time>2025-07-08T12:55:58Z</time>
   </trkpt>
   <trkpt lat="62.4773850" lon="8.1236650">
    <ele>260.6</ele>
    <time>2025-07-08T12:55:59Z</time>
   </trkpt>
   <trkpt lat="62.4773850" lon="8.1236650">
    <ele>260.6</ele>
    <time>2025-07-08T12:56:00Z</time>
   </trkpt>
   <trkpt lat="62.4773850" lon="8.1236650">
    <ele>260.6</ele>
    <time>2025-07-08T12:56:01Z</time>
   </trkpt>
   <trkpt lat="62.4773850" lon="8.1236650">
    <ele>260.6</ele>
    <time>2025-07-08T12:56:02Z</time>
   </trkpt>
   <trkpt lat="62.4773850" lon="8.1236650">
    <ele>260.6</ele>
    <time>2025-07-08T12:56:03Z</time>
   </trkpt>
   <trkpt lat="62.4773850" lon="8.1236650">
    <ele>260.6</ele>
    <time>2025-07-08T12:56:04Z</time>
   </trkpt>
   <trkpt lat="62.4773850" lon="8.1236650">
    <ele>260.6</ele>
    <time>2025-07-08T12:56:05Z</time>
   </trkpt>
   <trkpt lat="62.4773850" lon="8.1236650">
    <ele>260.6</ele>
    <time>2025-07-08T12:56:06Z</time>
   </trkpt>
   <trkpt lat="62.4773850" lon="8.1236650">
    <ele>260.6</ele>
    <time>2025-07-08T12:56:07Z</time>
   </trkpt>
   <trkpt lat="62.4773790" lon="8.1236620">
    <ele>260.7</ele>
    <time>2025-07-08T12:56:08Z</time>
   </trkpt>
   <trkpt lat="62.4773740" lon="8.1236600">
    <ele>260.7</ele>
    <time>2025-07-08T12:56:09Z</time>
   </trkpt>
   <trkpt lat="62.4773740" lon="8.1236610">
    <ele>260.7</ele>
    <time>2025-07-08T12:56:10Z</time>
   </trkpt>
   <trkpt lat="62.4773740" lon="8.1236610">
    <ele>260.7</ele>
    <time>2025-07-08T12:56:11Z</time>
   </trkpt>
   <trkpt lat="62.4773740" lon="8.1236610">
    <ele>260.7</ele>
    <time>2025-07-08T12:56:12Z</time>
   </trkpt>
   <trkpt lat="62.4773740" lon="8.1236610">
    <ele>260.7</ele>
    <time>2025-07-08T12:56:13Z</time>
   </trkpt>
   <trkpt lat="62.4773740" lon="8.1236610">
    <ele>260.7</ele>
    <time>2025-07-08T12:56:14Z</time>
   </trkpt>
   <trkpt lat="62.4773740" lon="8.1236610">
    <ele>260.7</ele>
    <time>2025-07-08T12:56:15Z</time>
   </trkpt>
   <trkpt lat="62.4773740" lon="8.1236610">
    <ele>260.7</ele>
    <time>2025-07-08T12:56:16Z</time>
   </trkpt>
   <trkpt lat="62.4773800" lon="8.1236580">
    <ele>260.8</ele>
    <time>2025-07-08T12:56:17Z</time>
   </trkpt>
   <trkpt lat="62.4773800" lon="8.1236580">
    <ele>260.8</ele>
    <time>2025-07-08T12:56:18Z</time>
   </trkpt>
   <trkpt lat="62.4773800" lon="8.1236590">
    <ele>260.8</ele>
    <time>2025-07-08T12:56:19Z</time>
   </trkpt>
   <trkpt lat="62.4773800" lon="8.1236590">
    <ele>260.8</ele>
    <time>2025-07-08T12:56:20Z</time>
   </trkpt>
   <trkpt lat="62.4773800" lon="8.1236590">
    <ele>260.8</ele>
    <time>2025-07-08T12:56:21Z</time>
   </trkpt>
   <trkpt lat="62.4773800" lon="8.1236560">
    <ele>260.8</ele>
    <time>2025-07-08T12:56:22Z</time>
   </trkpt>
   <trkpt lat="62.4773800" lon="8.1236560">
    <ele>260.8</ele>
    <time>2025-07-08T12:56:23Z</time>
   </trkpt>
   <trkpt lat="62.4773820" lon="8.1236580">
    <ele>260.8</ele>
    <time>2025-07-08T12:56:24Z</time>
   </trkpt>
   <trkpt lat="62.4773810" lon="8.1236560">
    <ele>260.8</ele>
    <time>2025-07-08T12:56:25Z</time>
   </trkpt>
   <trkpt lat="62.4773820" lon="8.1236570">
    <ele>260.8</ele>
    <time>2025-07-08T12:56:26Z</time>
   </trkpt>
   <trkpt lat="62.4773830" lon="8.1236550">
    <ele>260.8</ele>
    <time>2025-07-08T12:56:27Z</time>
   </trkpt>
   <trkpt lat="62.4773830" lon="8.1236540">
    <ele>260.8</ele>
    <time>2025-07-08T12:56:28Z</time>
   </trkpt>
   <trkpt lat="62.4773840" lon="8.1236560">
    <ele>260.9</ele>
    <time>2025-07-08T12:56:29Z</time>
   </trkpt>
   <trkpt lat="62.4773880" lon="8.1236640">
    <ele>260.9</ele>
    <time>2025-07-08T12:56:30Z</time>
   </trkpt>
   <trkpt lat="62.4773920" lon="8.1236710">
    <ele>261.0</ele>
    <time>2025-07-08T12:56:31Z</time>
   </trkpt>
   <trkpt lat="62.4773970" lon="8.1236800">
    <ele>261.0</ele>
    <time>2025-07-08T12:56:32Z</time>
   </trkpt>
   <trkpt lat="62.4774020" lon="8.1236890">
    <ele>261.1</ele>
    <time>2025-07-08T12:56:33Z</time>
   </trkpt>
   <trkpt lat="62.4774050" lon="8.1237000">
    <ele>261.1</ele>
    <time>2025-07-08T12:56:34Z</time>
   </trkpt>
   <trkpt lat="62.4774070" lon="8.1236910">
    <ele>261.2</ele>
    <time>2025-07-08T12:56:35Z</time>
   </trkpt>
   <trkpt lat="62.4774080" lon="8.1236860">
    <ele>261.2</ele>
    <time>2025-07-08T12:56:36Z</time>
   </trkpt>
   <trkpt lat="62.4774070" lon="8.1236920">
    <ele>261.2</ele>
    <time>2025-07-08T12:56:37Z</time>
   </trkpt>
   <trkpt lat="62.4774090" lon="8.1236970">
    <ele>261.3</ele>
    <time>2025-07-08T12:56:38Z</time>
   </trkpt>
   <trkpt lat="62.4774090" lon="8.1236990">
    <ele>261.3</ele>
    <time>2025-07-08T12:56:39Z</time>
   </trkpt>
   <trkpt lat="62.4774080" lon="8.1236990">
    <ele>261.3</ele>
    <time>2025-07-08T12:56:40Z</time>
   </trkpt>
   <trkpt lat="62.4774080" lon="8.1237000">
    <ele>261.3</ele>
    <time>2025-07-08T12:56:41Z</time>
   </trkpt>
   <trkpt lat="62.4774070" lon="8.1237040">
    <ele>261.3</ele>
    <time>2025-07-08T12:56:42Z</time>
   </trkpt>
   <trkpt lat="62.4774070" lon="8.1237040">
    <ele>261.3</ele>
    <time>2025-07-08T12:56:43Z</time>
   </trkpt>
   <trkpt lat="62.4774070" lon="8.1237040">
    <ele>261.3</ele>
    <time>2025-07-08T12:56:44Z</time>
   </trkpt>
   <trkpt lat="62.4774070" lon="8.1237040">
    <ele>261.3</ele>
    <time>2025-07-08T12:56:45Z</time>
   </trkpt>
   <trkpt lat="62.4774070" lon="8.1237040">
    <ele>261.3</ele>
    <time>2025-07-08T12:56:46Z</time>
   </trkpt>
   <trkpt lat="62.4774070" lon="8.1236980">
    <ele>261.3</ele>
    <time>2025-07-08T12:56:47Z</time>
   </trkpt>
   <trkpt lat="62.4774070" lon="8.1236990">
    <ele>261.3</ele>
    <time>2025-07-08T12:56:48Z</time>
   </trkpt>
   <trkpt lat="62.4774070" lon="8.1236990">
    <ele>261.3</ele>
    <time>2025-07-08T12:56:49Z</time>
   </trkpt>
   <trkpt lat="62.4774070" lon="8.1236990">
    <ele>261.3</ele>
    <time>2025-07-08T12:56:50Z</time>
   </trkpt>
   <trkpt lat="62.4774070" lon="8.1237000">
    <ele>261.3</ele>
    <time>2025-07-08T12:56:51Z</time>
   </trkpt>
   <trkpt lat="62.4774070" lon="8.1237000">
    <ele>261.3</ele>
    <time>2025-07-08T12:56:52Z</time>
   </trkpt>
   <trkpt lat="62.4774070" lon="8.1237040">
    <ele>261.4</ele>
    <time>2025-07-08T12:56:53Z</time>
   </trkpt>
   <trkpt lat="62.4774070" lon="8.1237040">
    <ele>261.4</ele>
    <time>2025-07-08T12:56:54Z</time>
   </trkpt>
   <trkpt lat="62.4774070" lon="8.1237040">
    <ele>261.4</ele>
    <time>2025-07-08T12:56:55Z</time>
   </trkpt>
   <trkpt lat="62.4774070" lon="8.1237040">
    <ele>261.4</ele>
    <time>2025-07-08T12:56:56Z</time>
   </trkpt>
   <trkpt lat="62.4774070" lon="8.1237040">
    <ele>261.4</ele>
    <time>2025-07-08T12:56:57Z</time>
   </trkpt>
   <trkpt lat="62.4774070" lon="8.1237040">
    <ele>261.4</ele>
    <time>2025-07-08T12:56:58Z</time>
   </trkpt>
   <trkpt lat="62.4774030" lon="8.1237130">
    <ele>261.4</ele>
    <time>2025-07-08T12:56:59Z</time>
   </trkpt>
   <trkpt lat="62.4774030" lon="8.1237160">
    <ele>261.4</ele>
    <time>2025-07-08T12:57:00Z</time>
   </trkpt>
   <trkpt lat="62.4774040" lon="8.1237130">
    <ele>261.4</ele>
    <time>2025-07-08T12:57:01Z</time>
   </trkpt>
   <trkpt lat="62.4774040" lon="8.1237130">
    <ele>261.4</ele>
    <time>2025-07-08T12:57:02Z</time>
   </trkpt>
   <trkpt lat="62.4774040" lon="8.1237130">
    <ele>261.4</ele>
    <time>2025-07-08T12:57:03Z</time>
   </trkpt>
   <trkpt lat="62.4774040" lon="8.1237130">
    <ele>261.4</ele>
    <time>2025-07-08T12:57:04Z</time>
   </trkpt>
   <trkpt lat="62.4774040" lon="8.1237130">
    <ele>261.4</ele>
    <time>2025-07-08T12:57:05Z</time>
   </trkpt>
   <trkpt lat="62.4774040" lon="8.1237130">
    <ele>261.4</ele>
    <time>2025-07-08T12:57:06Z</time>
   </trkpt>
   <trkpt lat="62.4774040" lon="8.1237150">
    <ele>261.5</ele>
    <time>2025-07-08T12:57:07Z</time>
   </trkpt>
   <trkpt lat="62.4774030" lon="8.1237140">
    <ele>261.5</ele>
    <time>2025-07-08T12:57:08Z</time>
   </trkpt>
   <trkpt lat="62.4774030" lon="8.1237140">
    <ele>261.5</ele>
    <time>2025-07-08T12:57:09Z</time>
   </trkpt>
   <trkpt lat="62.4774030" lon="8.1237140">
    <ele>261.5</ele>
    <time>2025-07-08T12:57:10Z</time>
   </trkpt>
   <trkpt lat="62.4774030" lon="8.1237150">
    <ele>261.5</ele>
    <time>2025-07-08T12:57:11Z</time>
   </trkpt>
   <trkpt lat="62.4774030" lon="8.1237150">
    <ele>261.5</ele>
    <time>2025-07-08T12:57:12Z</time>
   </trkpt>
   <trkpt lat="62.4774030" lon="8.1237150">
    <ele>261.5</ele>
    <time>2025-07-08T12:57:13Z</time>
   </trkpt>
   <trkpt lat="62.4774030" lon="8.1237150">
    <ele>261.5</ele>
    <time>2025-07-08T12:57:14Z</time>
   </trkpt>
   <trkpt lat="62.4774030" lon="8.1237150">
    <ele>261.5</ele>
    <time>2025-07-08T12:57:15Z</time>
   </trkpt>
   <trkpt lat="62.4774030" lon="8.1237150">
    <ele>261.5</ele>
    <time>2025-07-08T12:57:16Z</time>
   </trkpt>
   <trkpt lat="62.4774030" lon="8.1237150">
    <ele>261.5</ele>
    <time>2025-07-08T12:57:17Z</time>
   </trkpt>
   <trkpt lat="62.4774020" lon="8.1237150">
    <ele>261.5</ele>
    <time>2025-07-08T12:57:18Z</time>
   </trkpt>
   <trkpt lat="62.4773990" lon="8.1237150">
    <ele>261.5</ele>
    <time>2025-07-08T12:57:19Z</time>
   </trkpt>
   <trkpt lat="62.4774000" lon="8.1237150">
    <ele>261.5</ele>
    <time>2025-07-08T12:57:20Z</time>
   </trkpt>
   <trkpt lat="62.4774000" lon="8.1237150">
    <ele>261.5</ele>
    <time>2025-07-08T12:57:21Z</time>
   </trkpt>
   <trkpt lat="62.4774000" lon="8.1237150">
    <ele>261.5</ele>
    <time>2025-07-08T12:57:22Z</time>
   </trkpt>
   <trkpt lat="62.4774000" lon="8.1237080">
    <ele>261.6</ele>
    <time>2025-07-08T12:57:23Z</time>
   </trkpt>
   <trkpt lat="62.4773990" lon="8.1237100">
    <ele>261.6</ele>
    <time>2025-07-08T12:57:24Z</time>
   </trkpt>
   <trkpt lat="62.4774000" lon="8.1237100">
    <ele>261.6</ele>
    <time>2025-07-08T12:57:25Z</time>
   </trkpt>
   <trkpt lat="62.4774000" lon="8.1237110">
    <ele>261.6</ele>
    <time>2025-07-08T12:57:26Z</time>
   </trkpt>
   <trkpt lat="62.4774000" lon="8.1237110">
    <ele>261.6</ele>
    <time>2025-07-08T12:57:27Z</time>
   </trkpt>
   <trkpt lat="62.4774000" lon="8.1237110">
    <ele>261.6</ele>
    <time>2025-07-08T12:57:28Z</time>
   </trkpt>
   <trkpt lat="62.4774000" lon="8.1237110">
    <ele>261.6</ele>
    <time>2025-07-08T12:57:29Z</time>
   </trkpt>
   <trkpt lat="62.4774000" lon="8.1237110">
    <ele>261.6</ele>
    <time>2025-07-08T12:57:30Z</time>
   </trkpt>
   <trkpt lat="62.4773990" lon="8.1237130">
    <ele>261.6</ele>
    <time>2025-07-08T12:57:31Z</time>
   </trkpt>
   <trkpt lat="62.4773990" lon="8.1237130">
    <ele>261.6</ele>
    <time>2025-07-08T12:57:32Z</time>
   </trkpt>
   <trkpt lat="62.4773990" lon="8.1237130">
    <ele>261.6</ele>
    <time>2025-07-08T12:57:33Z</time>
   </trkpt>
   <trkpt lat="62.4773990" lon="8.1237130">
    <ele>261.6</ele>
    <time>2025-07-08T12:57:34Z</time>
   </trkpt>
   <trkpt lat="62.4773990" lon="8.1237130">
    <ele>261.6</ele>
    <time>2025-07-08T12:57:35Z</time>
   </trkpt>
   <trkpt lat="62.4773990" lon="8.1237130">
    <ele>261.6</ele>
    <time>2025-07-08T12:57:36Z</time>
   </trkpt>
   <trkpt lat="62.4773990" lon="8.1237130">
    <ele>261.6</ele>
    <time>2025-07-08T12:57:37Z</time>
   </trkpt>
   <trkpt lat="62.4773990" lon="8.1237120">
    <ele>261.6</ele>
    <time>2025-07-08T12:57:38Z</time>
   </trkpt>
   <trkpt lat="62.4774010" lon="8.1237150">
    <ele>261.6</ele>
    <time>2025-07-08T12:57:39Z</time>
   </trkpt>
   <trkpt lat="62.4774020" lon="8.1237150">
    <ele>261.6</ele>
    <time>2025-07-08T12:57:40Z</time>
   </trkpt>
   <trkpt lat="62.4774030" lon="8.1237140">
    <ele>261.6</ele>
    <time>2025-07-08T12:57:41Z</time>
   </trkpt>
   <trkpt lat="62.4774020" lon="8.1237120">
    <ele>261.7</ele>
    <time>2025-07-08T12:57:42Z</time>
   </trkpt>
   <trkpt lat="62.4774030" lon="8.1237130">
    <ele>261.7</ele>
    <time>2025-07-08T12:57:43Z</time>
   </trkpt>
   <trkpt lat="62.4774020" lon="8.1237080">
    <ele>261.7</ele>
    <time>2025-07-08T12:57:44Z</time>
   </trkpt>
   <trkpt lat="62.4774030" lon="8.1237100">
    <ele>261.7</ele>
    <time>2025-07-08T12:57:45Z</time>
   </trkpt>
   <trkpt lat="62.4774020" lon="8.1237110">
    <ele>261.7</ele>
    <time>2025-07-08T12:57:46Z</time>
   </trkpt>
   <trkpt lat="62.4774010" lon="8.1237120">
    <ele>261.7</ele>
    <time>2025-07-08T12:57:47Z</time>
   </trkpt>
   <trkpt lat="62.4774020" lon="8.1237100">
    <ele>261.7</ele>
    <time>2025-07-08T12:57:48Z</time>
   </trkpt>
   <trkpt lat="62.4774000" lon="8.1237070">
    <ele>261.8</ele>
    <time>2025-07-08T12:57:49Z</time>
   </trkpt>
   <trkpt lat="62.4774010" lon="8.1237080">
    <ele>261.8</ele>
    <time>2025-07-08T12:57:50Z</time>
   </trkpt>
   <trkpt lat="62.4773990" lon="8.1237070">
    <ele>261.8</ele>
    <time>2025-07-08T12:57:51Z</time>
   </trkpt>
   <trkpt lat="62.4773990" lon="8.1237070">
    <ele>261.8</ele>
    <time>2025-07-08T12:57:52Z</time>
   </trkpt>
   <trkpt lat="62.4773990" lon="8.1237070">
    <ele>261.8</ele>
    <time>2025-07-08T12:57:53Z</time>
   </trkpt>
   <trkpt lat="62.4773950" lon="8.1237030">
    <ele>261.8</ele>
    <time>2025-07-08T12:57:54Z</time>
   </trkpt>
   <trkpt lat="62.4773950" lon="8.1237070">
    <ele>261.9</ele>
    <time>2025-07-08T12:57:55Z</time>
   </trkpt>
   <trkpt lat="62.4773950" lon="8.1237060">
    <ele>261.9</ele>
    <time>2025-07-08T12:57:56Z</time>
   </trkpt>
   <trkpt lat="62.4773950" lon="8.1237040">
    <ele>261.9</ele>
    <time>2025-07-08T12:57:57Z</time>
   </trkpt>
   <trkpt lat="62.4773960" lon="8.1237050">
    <ele>261.9</ele>
    <time>2025-07-08T12:57:58Z</time>
   </trkpt>
   <trkpt lat="62.4773960" lon="8.1237050">
    <ele>261.9</ele>
    <time>2025-07-08T12:57:59Z</time>
   </trkpt>
   <trkpt lat="62.4773960" lon="8.1237050">
    <ele>261.9</ele>
    <time>2025-07-08T12:58:00Z</time>
   </trkpt>
   <trkpt lat="62.4773960" lon="8.1237050">
    <ele>261.9</ele>
    <time>2025-07-08T12:58:01Z</time>
   </trkpt>
   <trkpt lat="62.4773960" lon="8.1237010">
    <ele>261.9</ele>
    <time>2025-07-08T12:58:02Z</time>
   </trkpt>
   <trkpt lat="62.4773960" lon="8.1237010">
    <ele>261.9</ele>
    <time>2025-07-08T12:58:03Z</time>
   </trkpt>
   <trkpt lat="62.4773970" lon="8.1236980">
    <ele>261.9</ele>
    <time>2025-07-08T12:58:04Z</time>
   </trkpt>
   <trkpt lat="62.4773970" lon="8.1237000">
    <ele>261.9</ele>
    <time>2025-07-08T12:58:05Z</time>
   </trkpt>
   <trkpt lat="62.4773980" lon="8.1236970">
    <ele>261.9</ele>
    <time>2025-07-08T12:58:06Z</time>
   </trkpt>
   <trkpt lat="62.4773990" lon="8.1236980">
    <ele>262.0</ele>
    <time>2025-07-08T12:58:07Z</time>
   </trkpt>
   <trkpt lat="62.4774010" lon="8.1237000">
    <ele>262.0</ele>
    <time>2025-07-08T12:58:08Z</time>
   </trkpt>
   <trkpt lat="62.4774010" lon="8.1237000">
    <ele>262.0</ele>
    <time>2025-07-08T12:58:09Z</time>
   </trkpt>
   <trkpt lat="62.4774010" lon="8.1237000">
    <ele>262.0</ele>
    <time>2025-07-08T12:58:10Z</time>
   </trkpt>
   <trkpt lat="62.4774010" lon="8.1236870">
    <ele>262.0</ele>
    <time>2025-07-08T12:58:11Z</time>
   </trkpt>
   <trkpt lat="62.4774010" lon="8.1236810">
    <ele>262.1</ele>
    <time>2025-07-08T12:58:12Z</time>
   </trkpt>
   <trkpt lat="62.4774020" lon="8.1236850">
    <ele>262.1</ele>
    <time>2025-07-08T12:58:13Z</time>
   </trkpt>
   <trkpt lat="62.4774020" lon="8.1236850">
    <ele>262.1</ele>
    <time>2025-07-08T12:58:14Z</time>
   </trkpt>
   <trkpt lat="62.4774020" lon="8.1236850">
    <ele>262.1</ele>
    <time>2025-07-08T12:58:15Z</time>
   </trkpt>
   <trkpt lat="62.4774020" lon="8.1236850">
    <ele>262.1</ele>
    <time>2025-07-08T12:58:16Z</time>
   </trkpt>
   <trkpt lat="62.4774020" lon="8.1236850">
    <ele>262.1</ele>
    <time>2025-07-08T12:58:17Z</time>
   </trkpt>
   <trkpt lat="62.4774020" lon="8.1236850">
    <ele>262.1</ele>
    <time>2025-07-08T12:58:18Z</time>
   </trkpt>
   <trkpt lat="62.4774020" lon="8.1236850">
    <ele>262.1</ele>
    <time>2025-07-08T12:58:19Z</time>
   </trkpt>
   <trkpt lat="62.4774010" lon="8.1236850">
    <ele>262.1</ele>
    <time>2025-07-08T12:58:20Z</time>
   </trkpt>
   <trkpt lat="62.4774010" lon="8.1236850">
    <ele>262.1</ele>
    <time>2025-07-08T12:58:21Z</time>
   </trkpt>
   <trkpt lat="62.4774010" lon="8.1236850">
    <ele>262.1</ele>
    <time>2025-07-08T12:58:22Z</time>
   </trkpt>
   <trkpt lat="62.4774010" lon="8.1236850">
    <ele>262.1</ele>
    <time>2025-07-08T12:58:23Z</time>
   </trkpt>
   <trkpt lat="62.4774030" lon="8.1236800">
    <ele>262.1</ele>
    <time>2025-07-08T12:58:24Z</time>
   </trkpt>
   <trkpt lat="62.4774030" lon="8.1236800">
    <ele>262.1</ele>
    <time>2025-07-08T12:58:25Z</time>
   </trkpt>
   <trkpt lat="62.4774030" lon="8.1236800">
    <ele>262.1</ele>
    <time>2025-07-08T12:58:26Z</time>
   </trkpt>
   <trkpt lat="62.4774030" lon="8.1236800">
    <ele>262.1</ele>
    <time>2025-07-08T12:58:27Z</time>
   </trkpt>
   <trkpt lat="62.4774030" lon="8.1236800">
    <ele>262.1</ele>
    <time>2025-07-08T12:58:28Z</time>
   </trkpt>
   <trkpt lat="62.4774030" lon="8.1236800">
    <ele>262.1</ele>
    <time>2025-07-08T12:58:29Z</time>
   </trkpt>
   <trkpt lat="62.4774030" lon="8.1236800">
    <ele>262.1</ele>
    <time>2025-07-08T12:58:30Z</time>
   </trkpt>
   <trkpt lat="62.4774030" lon="8.1236800">
    <ele>262.1</ele>
    <time>2025-07-08T12:58:31Z</time>
   </trkpt>
   <trkpt lat="62.4774000" lon="8.1236630">
    <ele>262.2</ele>
    <time>2025-07-08T12:58:32Z</time>
   </trkpt>
   <trkpt lat="62.4773980" lon="8.1236430">
    <ele>262.3</ele>
    <time>2025-07-08T12:58:33Z</time>
   </trkpt>
   <trkpt lat="62.4773980" lon="8.1236470">
    <ele>262.3</ele>
    <time>2025-07-08T12:58:34Z</time>
   </trkpt>
   <trkpt lat="62.4773990" lon="8.1236520">
    <ele>262.3</ele>
    <time>2025-07-08T12:58:35Z</time>
   </trkpt>
   <trkpt lat="62.4773990" lon="8.1236510">
    <ele>262.3</ele>
    <time>2025-07-08T12:58:36Z</time>
   </trkpt>
   <trkpt lat="62.4773990" lon="8.1236490">
    <ele>262.4</ele>
    <time>2025-07-08T12:58:37Z</time>
   </trkpt>
   <trkpt lat="62.4773980" lon="8.1236510">
    <ele>262.4</ele>
    <time>2025-07-08T12:58:38Z</time>
   </trkpt>
   <trkpt lat="62.4773980" lon="8.1236510">
    <ele>262.4</ele>
    <time>2025-07-08T12:58:39Z</time>
   </trkpt>
   <trkpt lat="62.4773970" lon="8.1236520">
    <ele>262.4</ele>
    <time>2025-07-08T12:58:40Z</time>
   </trkpt>
   <trkpt lat="62.4773980" lon="8.1236550">
    <ele>262.4</ele>
    <time>2025-07-08T12:58:41Z</time>
   </trkpt>
   <trkpt lat="62.4773990" lon="8.1236590">
    <ele>262.4</ele>
    <time>2025-07-08T12:58:42Z</time>
   </trkpt>
   <trkpt lat="62.4774020" lon="8.1236700">
    <ele>262.5</ele>
    <time>2025-07-08T12:58:43Z</time>
   </trkpt>
   <trkpt lat="62.4774030" lon="8.1236770">
    <ele>262.5</ele>
    <time>2025-07-08T12:58:44Z</time>
   </trkpt>
   <trkpt lat="62.4774020" lon="8.1236860">
    <ele>262.5</ele>
    <time>2025-07-08T12:58:45Z</time>
   </trkpt>
   <trkpt lat="62.4774010" lon="8.1236870">
    <ele>262.6</ele>
    <time>2025-07-08T12:58:46Z</time>
   </trkpt>
   <trkpt lat="62.4774010" lon="8.1236880">
    <ele>262.6</ele>
    <time>2025-07-08T12:58:47Z</time>
   </trkpt>
   <trkpt lat="62.4774020" lon="8.1236880">
    <ele>262.6</ele>
    <time>2025-07-08T12:58:48Z</time>
   </trkpt>
   <trkpt lat="62.4774010" lon="8.1236880">
    <ele>262.6</ele>
    <time>2025-07-08T12:58:49Z</time>
   </trkpt>
   <trkpt lat="62.4774010" lon="8.1236890">
    <ele>262.6</ele>
    <time>2025-07-08T12:58:50Z</time>
   </trkpt>
   <trkpt lat="62.4774010" lon="8.1236890">
    <ele>262.6</ele>
    <time>2025-07-08T12:58:51Z</time>
   </trkpt>
   <trkpt lat="62.4774010" lon="8.1236910">
    <ele>262.6</ele>
    <time>2025-07-08T12:58:52Z</time>
   </trkpt>
   <trkpt lat="62.4774010" lon="8.1236910">
    <ele>262.6</ele>
    <time>2025-07-08T12:58:53Z</time>
   </trkpt>
   <trkpt lat="62.4774010" lon="8.1236890">
    <ele>262.6</ele>
    <time>2025-07-08T12:58:54Z</time>
   </trkpt>
   <trkpt lat="62.4774070" lon="8.1236800">
    <ele>262.7</ele>
    <time>2025-07-08T12:58:55Z</time>
   </trkpt>
   <trkpt lat="62.4774100" lon="8.1236830">
    <ele>262.7</ele>
    <time>2025-07-08T12:58:56Z</time>
   </trkpt>
   <trkpt lat="62.4774130" lon="8.1236840">
    <ele>262.7</ele>
    <time>2025-07-08T12:58:57Z</time>
   </trkpt>
   <trkpt lat="62.4774100" lon="8.1236880">
    <ele>262.8</ele>
    <time>2025-07-08T12:58:58Z</time>
   </trkpt>
   <trkpt lat="62.4774100" lon="8.1236840">
    <ele>262.8</ele>
    <time>2025-07-08T12:58:59Z</time>
   </trkpt>
   <trkpt lat="62.4774120" lon="8.1236890">
    <ele>262.8</ele>
    <time>2025-07-08T12:59:00Z</time>
   </trkpt>
   <trkpt lat="62.4774110" lon="8.1236840">
    <ele>262.8</ele>
    <time>2025-07-08T12:59:01Z</time>
   </trkpt>
   <trkpt lat="62.4774100" lon="8.1236840">
    <ele>262.9</ele>
    <time>2025-07-08T12:59:02Z</time>
   </trkpt>
   <trkpt lat="62.4774090" lon="8.1236780">
    <ele>262.9</ele>
    <time>2025-07-08T12:59:03Z</time>
   </trkpt>
   <trkpt lat="62.4774090" lon="8.1236760">
    <ele>262.9</ele>
    <time>2025-07-08T12:59:04Z</time>
   </trkpt>
   <trkpt lat="62.4774100" lon="8.1236760">
    <ele>262.9</ele>
    <time>2025-07-08T12:59:05Z</time>
   </trkpt>
   <trkpt lat="62.4774110" lon="8.1236800">
    <ele>262.9</ele>
    <time>2025-07-08T12:59:06Z</time>
   </trkpt>
   <trkpt lat="62.4774140" lon="8.1236690">
    <ele>263.0</ele>
    <time>2025-07-08T12:59:07Z</time>
   </trkpt>
   <trkpt lat="62.4774140" lon="8.1236690">
    <ele>263.0</ele>
    <time>2025-07-08T12:59:08Z</time>
   </trkpt>
   <trkpt lat="62.4774150" lon="8.1236740">
    <ele>263.0</ele>
    <time>2025-07-08T12:59:09Z</time>
   </trkpt>
   <trkpt lat="62.4774110" lon="8.1236720">
    <ele>263.0</ele>
    <time>2025-07-08T12:59:10Z</time>
   </trkpt>
   <trkpt lat="62.4774120" lon="8.1236790">
    <ele>263.1</ele>
    <time>2025-07-08T12:59:11Z</time>
   </trkpt>
   <trkpt lat="62.4774110" lon="8.1236800">
    <ele>263.1</ele>
    <time>2025-07-08T12:59:12Z</time>
   </trkpt>
   <trkpt lat="62.4774100" lon="8.1236790">
    <ele>263.1</ele>
    <time>2025-07-08T12:59:13Z</time>
   </trkpt>
   <trkpt lat="62.4774100" lon="8.1236780">
    <ele>263.1</ele>
    <time>2025-07-08T12:59:14Z</time>
   </trkpt>
   <trkpt lat="62.4774130" lon="8.1236710">
    <ele>263.1</ele>
    <time>2025-07-08T12:59:15Z</time>
   </trkpt>
   <trkpt lat="62.4774150" lon="8.1236630">
    <ele>263.2</ele>
    <time>2025-07-08T12:59:16Z</time>
   </trkpt>
   <trkpt lat="62.4774150" lon="8.1236690">
    <ele>263.2</ele>
    <time>2025-07-08T12:59:17Z</time>
   </trkpt>
   <trkpt lat="62.4774150" lon="8.1236680">
    <ele>263.2</ele>
    <time>2025-07-08T12:59:18Z</time>
   </trkpt>
   <trkpt lat="62.4774160" lon="8.1236690">
    <ele>263.2</ele>
    <time>2025-07-08T12:59:19Z</time>
   </trkpt>
   <trkpt lat="62.4774160" lon="8.1236720">
    <ele>263.2</ele>
    <time>2025-07-08T12:59:20Z</time>
   </trkpt>
   <trkpt lat="62.4774150" lon="8.1236720">
    <ele>263.3</ele>
    <time>2025-07-08T12:59:21Z</time>
   </trkpt>
   <trkpt lat="62.4774140" lon="8.1236710">
    <ele>263.3</ele>
    <time>2025-07-08T12:59:22Z</time>
   </trkpt>
   <trkpt lat="62.4774140" lon="8.1236720">
    <ele>263.3</ele>
    <time>2025-07-08T12:59:23Z</time>
   </trkpt>
   <trkpt lat="62.4774130" lon="8.1236760">
    <ele>263.3</ele>
    <time>2025-07-08T12:59:24Z</time>
   </trkpt>
   <trkpt lat="62.4774150" lon="8.1236720">
    <ele>263.3</ele>
    <time>2025-07-08T12:59:25Z</time>
   </trkpt>
   <trkpt lat="62.4774140" lon="8.1236730">
    <ele>263.3</ele>
    <time>2025-07-08T12:59:26Z</time>
   </trkpt>
   <trkpt lat="62.4774140" lon="8.1236730">
    <ele>263.3</ele>
    <time>2025-07-08T12:59:27Z</time>
   </trkpt>
   <trkpt lat="62.4774130" lon="8.1236750">
    <ele>263.3</ele>
    <time>2025-07-08T12:59:28Z</time>
   </trkpt>
   <trkpt lat="62.4774120" lon="8.1236740">
    <ele>263.3</ele>
    <time>2025-07-08T12:59:29Z</time>
   </trkpt>
   <trkpt lat="62.4774110" lon="8.1236750">
    <ele>263.4</ele>
    <time>2025-07-08T12:59:30Z</time>
   </trkpt>
   <trkpt lat="62.4774120" lon="8.1236750">
    <ele>263.4</ele>
    <time>2025-07-08T12:59:31Z</time>
   </trkpt>
   <trkpt lat="62.4774130" lon="8.1236770">
    <ele>263.4</ele>
    <time>2025-07-08T12:59:32Z</time>
   </trkpt>
   <trkpt lat="62.4774140" lon="8.1236760">
    <ele>263.4</ele>
    <time>2025-07-08T12:59:33Z</time>
   </trkpt>
   <trkpt lat="62.4774180" lon="8.1236750">
    <ele>263.4</ele>
    <time>2025-07-08T12:59:34Z</time>
   </trkpt>
   <trkpt lat="62.4774180" lon="8.1236770">
    <ele>263.4</ele>
    <time>2025-07-08T12:59:35Z</time>
   </trkpt>
   <trkpt lat="62.4774180" lon="8.1236770">
    <ele>263.4</ele>
    <time>2025-07-08T12:59:36Z</time>
   </trkpt>
   <trkpt lat="62.4774180" lon="8.1236770">
    <ele>263.4</ele>
    <time>2025-07-08T12:59:37Z</time>
   </trkpt>
   <trkpt lat="62.4774180" lon="8.1236770">
    <ele>263.4</ele>
    <time>2025-07-08T12:59:38Z</time>
   </trkpt>
   <trkpt lat="62.4774180" lon="8.1236770">
    <ele>263.4</ele>
    <time>2025-07-08T12:59:39Z</time>
   </trkpt>
   <trkpt lat="62.4774180" lon="8.1236770">
    <ele>263.4</ele>
    <time>2025-07-08T12:59:40Z</time>
   </trkpt>
   <trkpt lat="62.4774160" lon="8.1236700">
    <ele>263.5</ele>
    <time>2025-07-08T12:59:41Z</time>
   </trkpt>
   <trkpt lat="62.4774190" lon="8.1236710">
    <ele>263.5</ele>
    <time>2025-07-08T12:59:42Z</time>
   </trkpt>
   <trkpt lat="62.4774200" lon="8.1236720">
    <ele>263.5</ele>
    <time>2025-07-08T12:59:43Z</time>
   </trkpt>
   <trkpt lat="62.4774200" lon="8.1236720">
    <ele>263.5</ele>
    <time>2025-07-08T12:59:44Z</time>
   </trkpt>
   <trkpt lat="62.4774200" lon="8.1236720">
    <ele>263.5</ele>
    <time>2025-07-08T12:59:45Z</time>
   </trkpt>
   <trkpt lat="62.4774200" lon="8.1236720">
    <ele>263.5</ele>
    <time>2025-07-08T12:59:46Z</time>
   </trkpt>
   <trkpt lat="62.4774210" lon="8.1236720">
    <ele>263.5</ele>
    <time>2025-07-08T12:59:47Z</time>
   </trkpt>
   <trkpt lat="62.4774210" lon="8.1236720">
    <ele>263.5</ele>
    <time>2025-07-08T12:59:48Z</time>
   </trkpt>
   <trkpt lat="62.4774210" lon="8.1236720">
    <ele>263.5</ele>
    <time>2025-07-08T12:59:49Z</time>
   </trkpt>
   <trkpt lat="62.4774220" lon="8.1236730">
    <ele>263.5</ele>
    <time>2025-07-08T12:59:50Z</time>
   </trkpt>
   <trkpt lat="62.4774240" lon="8.1236730">
    <ele>263.6</ele>
    <time>2025-07-08T12:59:51Z</time>
   </trkpt>
   <trkpt lat="62.4774240" lon="8.1236730">
    <ele>263.6</ele>
    <time>2025-07-08T12:59:52Z</time>
   </trkpt>
   <trkpt lat="62.4774240" lon="8.1236730">
    <ele>263.6</ele>
    <time>2025-07-08T12:59:53Z</time>
   </trkpt>
   <trkpt lat="62.4774240" lon="8.1236730">
    <ele>263.6</ele>
    <time>2025-07-08T12:59:54Z</time>
   </trkpt>
   <trkpt lat="62.4774240" lon="8.1236730">
    <ele>263.6</ele>
    <time>2025-07-08T12:59:55Z</time>
   </trkpt>
   <trkpt lat="62.4774240" lon="8.1236730">
    <ele>263.6</ele>
    <time>2025-07-08T12:59:56Z</time>
   </trkpt>
   <trkpt lat="62.4774240" lon="8.1236730">
    <ele>263.6</ele>
    <time>2025-07-08T12:59:57Z</time>
   </trkpt>
   <trkpt lat="62.4774240" lon="8.1236730">
    <ele>263.6</ele>
    <time>2025-07-08T12:59:58Z</time>
   </trkpt>
   <trkpt lat="62.4774370" lon="8.1236690">
    <ele>263.7</ele>
    <time>2025-07-08T12:59:59Z</time>
   </trkpt>
   <trkpt lat="62.4774270" lon="8.1236720">
    <ele>263.8</ele>
    <time>2025-07-08T13:00:00Z</time>
   </trkpt>
   <trkpt lat="62.4774280" lon="8.1236710">
    <ele>263.8</ele>
    <time>2025-07-08T13:00:01Z</time>
   </trkpt>
   <trkpt lat="62.4774310" lon="8.1236690">
    <ele>263.8</ele>
    <time>2025-07-08T13:00:02Z</time>
   </trkpt>
   <trkpt lat="62.4774310" lon="8.1236680">
    <ele>263.8</ele>
    <time>2025-07-08T13:00:03Z</time>
   </trkpt>
   <trkpt lat="62.4774310" lon="8.1236690">
    <ele>263.8</ele>
    <time>2025-07-08T13:00:04Z</time>
   </trkpt>
   <trkpt lat="62.4774340" lon="8.1236690">
    <ele>263.9</ele>
    <time>2025-07-08T13:00:05Z</time>
   </trkpt>
   <trkpt lat="62.4774340" lon="8.1236690">
    <ele>263.9</ele>
    <time>2025-07-08T13:00:06Z</time>
   </trkpt>
   <trkpt lat="62.4774350" lon="8.1236690">
    <ele>263.9</ele>
    <time>2025-07-08T13:00:07Z</time>
   </trkpt>
   <trkpt lat="62.4774360" lon="8.1236680">
    <ele>263.9</ele>
    <time>2025-07-08T13:00:08Z</time>
   </trkpt>
   <trkpt lat="62.4774360" lon="8.1236680">
    <ele>263.9</ele>
    <time>2025-07-08T13:00:09Z</time>
   </trkpt>
   <trkpt lat="62.4774350" lon="8.1236680">
    <ele>263.9</ele>
    <time>2025-07-08T13:00:10Z</time>
   </trkpt>
   <trkpt lat="62.4774390" lon="8.1236610">
    <ele>263.9</ele>
    <time>2025-07-08T13:00:11Z</time>
   </trkpt>
   <trkpt lat="62.4774370" lon="8.1236650">
    <ele>264.0</ele>
    <time>2025-07-08T13:00:12Z</time>
   </trkpt>
   <trkpt lat="62.4774370" lon="8.1236660">
    <ele>264.0</ele>
    <time>2025-07-08T13:00:13Z</time>
   </trkpt>
   <trkpt lat="62.4774360" lon="8.1236660">
    <ele>264.0</ele>
    <time>2025-07-08T13:00:14Z</time>
   </trkpt>
   <trkpt lat="62.4774360" lon="8.1236660">
    <ele>264.0</ele>
    <time>2025-07-08T13:00:15Z</time>
   </trkpt>
   <trkpt lat="62.4774360" lon="8.1236660">
    <ele>264.0</ele>
    <time>2025-07-08T13:00:16Z</time>
   </trkpt>
   <trkpt lat="62.4774350" lon="8.1236630">
    <ele>264.0</ele>
    <time>2025-07-08T13:00:17Z</time>
   </trkpt>
   <trkpt lat="62.4774340" lon="8.1236660">
    <ele>264.0</ele>
    <time>2025-07-08T13:00:18Z</time>
   </trkpt>
   <trkpt lat="62.4774340" lon="8.1236640">
    <ele>264.0</ele>
    <time>2025-07-08T13:00:19Z</time>
   </trkpt>
   <trkpt lat="62.4774330" lon="8.1236650">
    <ele>264.0</ele>
    <time>2025-07-08T13:00:20Z</time>
   </trkpt>
   <trkpt lat="62.4774350" lon="8.1236630">
    <ele>264.1</ele>
    <time>2025-07-08T13:00:21Z</time>
   </trkpt>
   <trkpt lat="62.4774330" lon="8.1236650">
    <ele>264.1</ele>
    <time>2025-07-08T13:00:22Z</time>
   </trkpt>
   <trkpt lat="62.4774320" lon="8.1236680">
    <ele>264.1</ele>
    <time>2025-07-08T13:00:23Z</time>
   </trkpt>
   <trkpt lat="62.4774340" lon="8.1236620">
    <ele>264.1</ele>
    <time>2025-07-08T13:00:24Z</time>
   </trkpt>
   <trkpt lat="62.4774410" lon="8.1236630">
    <ele>264.2</ele>
    <time>2025-07-08T13:00:25Z</time>
   </trkpt>
   <trkpt lat="62.4774370" lon="8.1236630">
    <ele>264.2</ele>
    <time>2025-07-08T13:00:26Z</time>
   </trkpt>
   <trkpt lat="62.4774370" lon="8.1236650">
    <ele>264.3</ele>
    <time>2025-07-08T13:00:27Z</time>
   </trkpt>
   <trkpt lat="62.4774370" lon="8.1236650">
    <ele>264.3</ele>
    <time>2025-07-08T13:00:28Z</time>
   </trkpt>
   <trkpt lat="62.4774370" lon="8.1236650">
    <ele>264.3</ele>
    <time>2025-07-08T13:00:29Z</time>
   </trkpt>
   <trkpt lat="62.4774370" lon="8.1236650">
    <ele>264.3</ele>
    <time>2025-07-08T13:00:30Z</time>
   </trkpt>
   <trkpt lat="62.4774370" lon="8.1236650">
    <ele>264.3</ele>
    <time>2025-07-08T13:00:31Z</time>
   </trkpt>
   <trkpt lat="62.4774370" lon="8.1236650">
    <ele>264.3</ele>
    <time>2025-07-08T13:00:32Z</time>
   </trkpt>
   <trkpt lat="62.4774370" lon="8.1236640">
    <ele>264.3</ele>
    <time>2025-07-08T13:00:33Z</time>
   </trkpt>
   <trkpt lat="62.4774370" lon="8.1236640">
    <ele>264.3</ele>
    <time>2025-07-08T13:00:34Z</time>
   </trkpt>
   <trkpt lat="62.4774350" lon="8.1236660">
    <ele>264.3</ele>
    <time>2025-07-08T13:00:35Z</time>
   </trkpt>
   <trkpt lat="62.4774350" lon="8.1236670">
    <ele>264.3</ele>
    <time>2025-07-08T13:00:36Z</time>
   </trkpt>
   <trkpt lat="62.4774350" lon="8.1236670">
    <ele>264.3</ele>
    <time>2025-07-08T13:00:37Z</time>
   </trkpt>
   <trkpt lat="62.4774350" lon="8.1236680">
    <ele>264.3</ele>
    <time>2025-07-08T13:00:38Z</time>
   </trkpt>
   <trkpt lat="62.4774360" lon="8.1236740">
    <ele>264.3</ele>
    <time>2025-07-08T13:00:39Z</time>
   </trkpt>
   <trkpt lat="62.4774340" lon="8.1236720">
    <ele>264.3</ele>
    <time>2025-07-08T13:00:40Z</time>
   </trkpt>
   <trkpt lat="62.4774340" lon="8.1236730">
    <ele>264.3</ele>
    <time>2025-07-08T13:00:41Z</time>
   </trkpt>
   <trkpt lat="62.4774340" lon="8.1236730">
    <ele>264.3</ele>
    <time>2025-07-08T13:00:42Z</time>
   </trkpt>
   <trkpt lat="62.4774340" lon="8.1236730">
    <ele>264.3</ele>
    <time>2025-07-08T13:00:43Z</time>
   </trkpt>
   <trkpt lat="62.4774340" lon="8.1236690">
    <ele>264.4</ele>
    <time>2025-07-08T13:00:44Z</time>
   </trkpt>
   <trkpt lat="62.4774340" lon="8.1236730">
    <ele>264.4</ele>
    <time>2025-07-08T13:00:45Z</time>
   </trkpt>
   <trkpt lat="62.4774340" lon="8.1236730">
    <ele>264.4</ele>
    <time>2025-07-08T13:00:46Z</time>
   </trkpt>
   <trkpt lat="62.4774300" lon="8.1236750">
    <ele>264.4</ele>
    <time>2025-07-08T13:00:47Z</time>
   </trkpt>
   <trkpt lat="62.4774300" lon="8.1236760">
    <ele>264.4</ele>
    <time>2025-07-08T13:00:48Z</time>
   </trkpt>
   <trkpt lat="62.4774290" lon="8.1236730">
    <ele>264.4</ele>
    <time>2025-07-08T13:00:49Z</time>
   </trkpt>
   <trkpt lat="62.4774300" lon="8.1236740">
    <ele>264.4</ele>
    <time>2025-07-08T13:00:50Z</time>
   </trkpt>
   <trkpt lat="62.4774310" lon="8.1236730">
    <ele>264.5</ele>
    <time>2025-07-08T13:00:51Z</time>
   </trkpt>
   <trkpt lat="62.4774340" lon="8.1236660">
    <ele>264.5</ele>
    <time>2025-07-08T13:00:52Z</time>
   </trkpt>
   <trkpt lat="62.4774360" lon="8.1236610">
    <ele>264.5</ele>
    <time>2025-07-08T13:00:53Z</time>
   </trkpt>
   <trkpt lat="62.4774390" lon="8.1236760">
    <ele>264.6</ele>
    <time>2025-07-08T13:00:54Z</time>
   </trkpt>
   <trkpt lat="62.4774400" lon="8.1236770">
    <ele>264.6</ele>
    <time>2025-07-08T13:00:55Z</time>
   </trkpt>
   <trkpt lat="62.4774400" lon="8.1236770">
    <ele>264.6</ele>
    <time>2025-07-08T13:00:56Z</time>
   </trkpt>
   <trkpt lat="62.4774340" lon="8.1236670">
    <ele>264.7</ele>
    <time>2025-07-08T13:00:57Z</time>
   </trkpt>
   <trkpt lat="62.4774340" lon="8.1236700">
    <ele>264.7</ele>
    <time>2025-07-08T13:00:58Z</time>
   </trkpt>
   <trkpt lat="62.4774330" lon="8.1236680">
    <ele>264.7</ele>
    <time>2025-07-08T13:00:59Z</time>
   </trkpt>
   <trkpt lat="62.4774320" lon="8.1236680">
    <ele>264.7</ele>
    <time>2025-07-08T13:01:00Z</time>
   </trkpt>
   <trkpt lat="62.4774330" lon="8.1236690">
    <ele>264.7</ele>
    <time>2025-07-08T13:01:01Z</time>
   </trkpt>
   <trkpt lat="62.4774330" lon="8.1236700">
    <ele>264.7</ele>
    <time>2025-07-08T13:01:02Z</time>
   </trkpt>
   <trkpt lat="62.4774310" lon="8.1236670">
    <ele>264.7</ele>
    <time>2025-07-08T13:01:03Z</time>
   </trkpt>
   <trkpt lat="62.4774370" lon="8.1236700">
    <ele>264.8</ele>
    <time>2025-07-08T13:01:04Z</time>
   </trkpt>
   <trkpt lat="62.4774350" lon="8.1236720">
    <ele>264.8</ele>
    <time>2025-07-08T13:01:05Z</time>
   </trkpt>
   <trkpt lat="62.4774340" lon="8.1236690">
    <ele>264.8</ele>
    <time>2025-07-08T13:01:06Z</time>
   </trkpt>
   <trkpt lat="62.4774350" lon="8.1236690">
    <ele>264.8</ele>
    <time>2025-07-08T13:01:07Z</time>
   </trkpt>
   <trkpt lat="62.4774370" lon="8.1236700">
    <ele>264.9</ele>
    <time>2025-07-08T13:01:08Z</time>
   </trkpt>
   <trkpt lat="62.4774340" lon="8.1236690">
    <ele>264.9</ele>
    <time>2025-07-08T13:01:09Z</time>
   </trkpt>
   <trkpt lat="62.4774350" lon="8.1236700">
    <ele>264.9</ele>
    <time>2025-07-08T13:01:10Z</time>
   </trkpt>
   <trkpt lat="62.4774340" lon="8.1236720">
    <ele>264.9</ele>
    <time>2025-07-08T13:01:11Z</time>
   </trkpt>
   <trkpt lat="62.4774210" lon="8.1236860">
    <ele>265.0</ele>
    <time>2025-07-08T13:01:12Z</time>
   </trkpt>
   <trkpt lat="62.4774170" lon="8.1237100">
    <ele>265.1</ele>
    <time>2025-07-08T13:01:13Z</time>
   </trkpt>
   <trkpt lat="62.4774170" lon="8.1237230">
    <ele>265.2</ele>
    <time>2025-07-08T13:01:14Z</time>
   </trkpt>
   <trkpt lat="62.4774190" lon="8.1237250">
    <ele>265.2</ele>
    <time>2025-07-08T13:01:15Z</time>
   </trkpt>
   <trkpt lat="62.4774180" lon="8.1237160">
    <ele>265.3</ele>
    <time>2025-07-08T13:01:16Z</time>
   </trkpt>
   <trkpt lat="62.4774170" lon="8.1237150">
    <ele>265.3</ele>
    <time>2025-07-08T13:01:17Z</time>
   </trkpt>
   <trkpt lat="62.4774160" lon="8.1237120">
    <ele>265.3</ele>
    <time>2025-07-08T13:01:18Z</time>
   </trkpt>
   <trkpt lat="62.4774150" lon="8.1237140">
    <ele>265.3</ele>
    <time>2025-07-08T13:01:19Z</time>
   </trkpt>
   <trkpt lat="62.4774150" lon="8.1237150">
    <ele>265.3</ele>
    <time>2025-07-08T13:01:20Z</time>
   </trkpt>
   <trkpt lat="62.4774150" lon="8.1237140">
    <ele>265.3</ele>
    <time>2025-07-08T13:01:21Z</time>
   </trkpt>
   <trkpt lat="62.4774150" lon="8.1237150">
    <ele>265.3</ele>
    <time>2025-07-08T13:01:22Z</time>
   </trkpt>
   <trkpt lat="62.4774130" lon="8.1237160">
    <ele>265.3</ele>
    <time>2025-07-08T13:01:23Z</time>
   </trkpt>
   <trkpt lat="62.4774120" lon="8.1237150">
    <ele>265.3</ele>
    <time>2025-07-08T13:01:24Z</time>
   </trkpt>
   <trkpt lat="62.4774130" lon="8.1237150">
    <ele>265.3</ele>
    <time>2025-07-08T13:01:25Z</time>
   </trkpt>
   <trkpt lat="62.4774110" lon="8.1237180">
    <ele>265.4</ele>
    <time>2025-07-08T13:01:26Z</time>
   </trkpt>
   <trkpt lat="62.4774100" lon="8.1237170">
    <ele>265.4</ele>
    <time>2025-07-08T13:01:27Z</time>
   </trkpt>
   <trkpt lat="62.4774100" lon="8.1237170">
    <ele>265.4</ele>
    <time>2025-07-08T13:01:28Z</time>
   </trkpt>
   <trkpt lat="62.4774100" lon="8.1237190">
    <ele>265.4</ele>
    <time>2025-07-08T13:01:29Z</time>
   </trkpt>
   <trkpt lat="62.4774100" lon="8.1237190">
    <ele>265.4</ele>
    <time>2025-07-08T13:01:30Z</time>
   </trkpt>
   <trkpt lat="62.4774130" lon="8.1237110">
    <ele>265.4</ele>
    <time>2025-07-08T13:01:31Z</time>
   </trkpt>
   <trkpt lat="62.4774170" lon="8.1237000">
    <ele>265.5</ele>
    <time>2025-07-08T13:01:32Z</time>
   </trkpt>
   <trkpt lat="62.4774220" lon="8.1236850">
    <ele>265.6</ele>
    <time>2025-07-08T13:01:33Z</time>
   </trkpt>
   <trkpt lat="62.4774250" lon="8.1236820">
    <ele>265.6</ele>
    <time>2025-07-08T13:01:34Z</time>
   </trkpt>
   <trkpt lat="62.4774250" lon="8.1236820">
    <ele>265.6</ele>
    <time>2025-07-08T13:01:35Z</time>
   </trkpt>
   <trkpt lat="62.4774240" lon="8.1236790">
    <ele>265.6</ele>
    <time>2025-07-08T13:01:36Z</time>
   </trkpt>
   <trkpt lat="62.4774240" lon="8.1236760">
    <ele>265.6</ele>
    <time>2025-07-08T13:01:37Z</time>
   </trkpt>
   <trkpt lat="62.4774250" lon="8.1236700">
    <ele>265.6</ele>
    <time>2025-07-08T13:01:38Z</time>
   </trkpt>
   <trkpt lat="62.4774260" lon="8.1236710">
    <ele>265.7</ele>
    <time>2025-07-08T13:01:39Z</time>
   </trkpt>
   <trkpt lat="62.4774270" lon="8.1236630">
    <ele>265.7</ele>
    <time>2025-07-08T13:01:40Z</time>
   </trkpt>
   <trkpt lat="62.4774270" lon="8.1236650">
    <ele>265.7</ele>
    <time>2025-07-08T13:01:41Z</time>
   </trkpt>
   <trkpt lat="62.4774280" lon="8.1236640">
    <ele>265.7</ele>
    <time>2025-07-08T13:01:42Z</time>
   </trkpt>
   <trkpt lat="62.4774280" lon="8.1236620">
    <ele>265.7</ele>
    <time>2025-07-08T13:01:43Z</time>
   </trkpt>
   <trkpt lat="62.4774280" lon="8.1236600">
    <ele>265.7</ele>
    <time>2025-07-08T13:01:44Z</time>
   </trkpt>
   <trkpt lat="62.4774290" lon="8.1236550">
    <ele>265.7</ele>
    <time>2025-07-08T13:01:45Z</time>
   </trkpt>
   <trkpt lat="62.4774280" lon="8.1236500">
    <ele>265.8</ele>
    <time>2025-07-08T13:01:46Z</time>
   </trkpt>
   <trkpt lat="62.4774260" lon="8.1236500">
    <ele>265.8</ele>
    <time>2025-07-08T13:01:47Z</time>
   </trkpt>
   <trkpt lat="62.4774280" lon="8.1236500">
    <ele>265.8</ele>
    <time>2025-07-08T13:01:48Z</time>
   </trkpt>
   <trkpt lat="62.4774260" lon="8.1236450">
    <ele>265.8</ele>
    <time>2025-07-08T13:01:49Z</time>
   </trkpt>
   <trkpt lat="62.4774250" lon="8.1236420">
    <ele>265.8</ele>
    <time>2025-07-08T13:01:50Z</time>
   </trkpt>
   <trkpt lat="62.4774260" lon="8.1236420">
    <ele>265.8</ele>
    <time>2025-07-08T13:01:51Z</time>
   </trkpt>
   <trkpt lat="62.4774230" lon="8.1236400">
    <ele>265.9</ele>
    <time>2025-07-08T13:01:52Z</time>
   </trkpt>
   <trkpt lat="62.4774230" lon="8.1236390">
    <ele>265.9</ele>
    <time>2025-07-08T13:01:53Z</time>
   </trkpt>
   <trkpt lat="62.4774230" lon="8.1236390">
    <ele>265.9</ele>
    <time>2025-07-08T13:01:54Z</time>
   </trkpt>
   <trkpt lat="62.4774230" lon="8.1236390">
    <ele>265.9</ele>
    <time>2025-07-08T13:01:55Z</time>
   </trkpt>
   <trkpt lat="62.4774230" lon="8.1236390">
    <ele>265.9</ele>
    <time>2025-07-08T13:01:56Z</time>
   </trkpt>
   <trkpt lat="62.4774220" lon="8.1236350">
    <ele>265.9</ele>
    <time>2025-07-08T13:01:57Z</time>
   </trkpt>
   <trkpt lat="62.4774220" lon="8.1236380">
    <ele>265.9</ele>
    <time>2025-07-08T13:01:58Z</time>
   </trkpt>
   <trkpt lat="62.4774220" lon="8.1236380">
    <ele>265.9</ele>
    <time>2025-07-08T13:01:59Z</time>
   </trkpt>
   <trkpt lat="62.4774230" lon="8.1236420">
    <ele>265.9</ele>
    <time>2025-07-08T13:02:00Z</time>
   </trkpt>
   <trkpt lat="62.4774230" lon="8.1236410">
    <ele>265.9</ele>
    <time>2025-07-08T13:02:01Z</time>
   </trkpt>
   <trkpt lat="62.4774230" lon="8.1236410">
    <ele>265.9</ele>
    <time>2025-07-08T13:02:02Z</time>
   </trkpt>
   <trkpt lat="62.4774220" lon="8.1236410">
    <ele>265.9</ele>
    <time>2025-07-08T13:02:03Z</time>
   </trkpt>
   <trkpt lat="62.4774200" lon="8.1236300">
    <ele>266.0</ele>
    <time>2025-07-08T13:02:04Z</time>
   </trkpt>
   <trkpt lat="62.4774200" lon="8.1236290">
    <ele>266.0</ele>
    <time>2025-07-08T13:02:05Z</time>
   </trkpt>
   <trkpt lat="62.4774200" lon="8.1236260">
    <ele>266.0</ele>
    <time>2025-07-08T13:02:06Z</time>
   </trkpt>
   <trkpt lat="62.4774190" lon="8.1236310">
    <ele>266.0</ele>
    <time>2025-07-08T13:02:07Z</time>
   </trkpt>
   <trkpt lat="62.4774200" lon="8.1236300">
    <ele>266.0</ele>
    <time>2025-07-08T13:02:08Z</time>
   </trkpt>
   <trkpt lat="62.4774200" lon="8.1236280">
    <ele>266.0</ele>
    <time>2025-07-08T13:02:09Z</time>
   </trkpt>
   <trkpt lat="62.4774200" lon="8.1236270">
    <ele>266.0</ele>
    <time>2025-07-08T13:02:10Z</time>
   </trkpt>
   <trkpt lat="62.4774190" lon="8.1236330">
    <ele>266.1</ele>
    <time>2025-07-08T13:02:11Z</time>
   </trkpt>
   <trkpt lat="62.4774190" lon="8.1236300">
    <ele>266.1</ele>
    <time>2025-07-08T13:02:12Z</time>
   </trkpt>
   <trkpt lat="62.4774220" lon="8.1236310">
    <ele>266.1</ele>
    <time>2025-07-08T13:02:13Z</time>
   </trkpt>
   <trkpt lat="62.4774210" lon="8.1236330">
    <ele>266.1</ele>
    <time>2025-07-08T13:02:14Z</time>
   </trkpt>
   <trkpt lat="62.4774220" lon="8.1236340">
    <ele>266.1</ele>
    <time>2025-07-08T13:02:15Z</time>
   </trkpt>
   <trkpt lat="62.4774220" lon="8.1236330">
    <ele>266.1</ele>
    <time>2025-07-08T13:02:16Z</time>
   </trkpt>
   <trkpt lat="62.4774220" lon="8.1236330">
    <ele>266.1</ele>
    <time>2025-07-08T13:02:17Z</time>
   </trkpt>
   <trkpt lat="62.4774220" lon="8.1236330">
    <ele>266.1</ele>
    <time>2025-07-08T13:02:18Z</time>
   </trkpt>
   <trkpt lat="62.4774220" lon="8.1236330">
    <ele>266.1</ele>
    <time>2025-07-08T13:02:19Z</time>
   </trkpt>
   <trkpt lat="62.4774220" lon="8.1236350">
    <ele>266.1</ele>
    <time>2025-07-08T13:02:20Z</time>
   </trkpt>
   <trkpt lat="62.4774220" lon="8.1236340">
    <ele>266.1</ele>
    <time>2025-07-08T13:02:21Z</time>
   </trkpt>
   <trkpt lat="62.4774220" lon="8.1236340">
    <ele>266.1</ele>
    <time>2025-07-08T13:02:22Z</time>
   </trkpt>
   <trkpt lat="62.4774220" lon="8.1236340">
    <ele>266.1</ele>
    <time>2025-07-08T13:02:23Z</time>
   </trkpt>
   <trkpt lat="62.4774220" lon="8.1236340">
    <ele>266.1</ele>
    <time>2025-07-08T13:02:24Z</time>
   </trkpt>
   <trkpt lat="62.4774230" lon="8.1236310">
    <ele>266.1</ele>
    <time>2025-07-08T13:02:25Z</time>
   </trkpt>
   <trkpt lat="62.4774230" lon="8.1236310">
    <ele>266.1</ele>
    <time>2025-07-08T13:02:26Z</time>
   </trkpt>
   <trkpt lat="62.4774230" lon="8.1236340">
    <ele>266.2</ele>
    <time>2025-07-08T13:02:27Z</time>
   </trkpt>
   <trkpt lat="62.4774230" lon="8.1236340">
    <ele>266.2</ele>
    <time>2025-07-08T13:02:28Z</time>
   </trkpt>
   <trkpt lat="62.4774230" lon="8.1236330">
    <ele>266.2</ele>
    <time>2025-07-08T13:02:29Z</time>
   </trkpt>
   <trkpt lat="62.4774230" lon="8.1236330">
    <ele>266.2</ele>
    <time>2025-07-08T13:02:30Z</time>
   </trkpt>
   <trkpt lat="62.4774230" lon="8.1236330">
    <ele>266.2</ele>
    <time>2025-07-08T13:02:31Z</time>
   </trkpt>
   <trkpt lat="62.4774230" lon="8.1236330">
    <ele>266.2</ele>
    <time>2025-07-08T13:02:32Z</time>
   </trkpt>
   <trkpt lat="62.4774230" lon="8.1236330">
    <ele>266.2</ele>
    <time>2025-07-08T13:02:33Z</time>
   </trkpt>
   <trkpt lat="62.4774230" lon="8.1236330">
    <ele>266.2</ele>
    <time>2025-07-08T13:02:34Z</time>
   </trkpt>
   <trkpt lat="62.4774230" lon="8.1236330">
    <ele>266.2</ele>
    <time>2025-07-08T13:02:35Z</time>
   </trkpt>
   <trkpt lat="62.4774230" lon="8.1236330">
    <ele>266.2</ele>
    <time>2025-07-08T13:02:36Z</time>
   </trkpt>
   <trkpt lat="62.4774230" lon="8.1236330">
    <ele>266.2</ele>
    <time>2025-07-08T13:02:37Z</time>
   </trkpt>
   <trkpt lat="62.4774230" lon="8.1236330">
    <ele>266.2</ele>
    <time>2025-07-08T13:02:38Z</time>
   </trkpt>
   <trkpt lat="62.4774230" lon="8.1236330">
    <ele>266.2</ele>
    <time>2025-07-08T13:02:39Z</time>
   </trkpt>
   <trkpt lat="62.4774230" lon="8.1236330">
    <ele>266.2</ele>
    <time>2025-07-08T13:02:40Z</time>
   </trkpt>
   <trkpt lat="62.4774230" lon="8.1236320">
    <ele>266.2</ele>
    <time>2025-07-08T13:02:41Z</time>
   </trkpt>
   <trkpt lat="62.4774230" lon="8.1236320">
    <ele>266.2</ele>
    <time>2025-07-08T13:02:42Z</time>
   </trkpt>
   <trkpt lat="62.4774230" lon="8.1236320">
    <ele>266.2</ele>
    <time>2025-07-08T13:02:43Z</time>
   </trkpt>
   <trkpt lat="62.4774240" lon="8.1236350">
    <ele>266.2</ele>
    <time>2025-07-08T13:02:44Z</time>
   </trkpt>
   <trkpt lat="62.4774240" lon="8.1236350">
    <ele>266.2</ele>
    <time>2025-07-08T13:02:45Z</time>
   </trkpt>
   <trkpt lat="62.4774240" lon="8.1236350">
    <ele>266.2</ele>
    <time>2025-07-08T13:02:46Z</time>
   </trkpt>
   <trkpt lat="62.4774250" lon="8.1236350">
    <ele>266.2</ele>
    <time>2025-07-08T13:02:47Z</time>
   </trkpt>
   <trkpt lat="62.4774250" lon="8.1236350">
    <ele>266.2</ele>
    <time>2025-07-08T13:02:48Z</time>
   </trkpt>
   <trkpt lat="62.4774250" lon="8.1236350">
    <ele>266.2</ele>
    <time>2025-07-08T13:02:49Z</time>
   </trkpt>
   <trkpt lat="62.4774240" lon="8.1236410">
    <ele>266.2</ele>
    <time>2025-07-08T13:02:50Z</time>
   </trkpt>
   <trkpt lat="62.4774220" lon="8.1236510">
    <ele>266.2</ele>
    <time>2025-07-08T13:02:51Z</time>
   </trkpt>
   <trkpt lat="62.4774170" lon="8.1236570">
    <ele>266.3</ele>
    <time>2025-07-08T13:02:52Z</time>
   </trkpt>
   <trkpt lat="62.4774200" lon="8.1236650">
    <ele>266.3</ele>
    <time>2025-07-08T13:02:53Z</time>
   </trkpt>
   <trkpt lat="62.4774220" lon="8.1236650">
    <ele>266.3</ele>
    <time>2025-07-08T13:02:54Z</time>
   </trkpt>
   <trkpt lat="62.4774210" lon="8.1236650">
    <ele>266.4</ele>
    <time>2025-07-08T13:02:55Z</time>
   </trkpt>
   <trkpt lat="62.4774200" lon="8.1236650">
    <ele>266.4</ele>
    <time>2025-07-08T13:02:56Z</time>
   </trkpt>
   <trkpt lat="62.4774200" lon="8.1236680">
    <ele>266.4</ele>
    <time>2025-07-08T13:02:57Z</time>
   </trkpt>
   <trkpt lat="62.4774200" lon="8.1236690">
    <ele>266.4</ele>
    <time>2025-07-08T13:02:58Z</time>
   </trkpt>
   <trkpt lat="62.4774200" lon="8.1236700">
    <ele>266.4</ele>
    <time>2025-07-08T13:02:59Z</time>
   </trkpt>
   <trkpt lat="62.4774200" lon="8.1236700">
    <ele>266.4</ele>
    <time>2025-07-08T13:03:00Z</time>
   </trkpt>
   <trkpt lat="62.4774200" lon="8.1236700">
    <ele>266.4</ele>
    <time>2025-07-08T13:03:01Z</time>
   </trkpt>
   <trkpt lat="62.4774220" lon="8.1236740">
    <ele>266.4</ele>
    <time>2025-07-08T13:03:02Z</time>
   </trkpt>
   <trkpt lat="62.4774220" lon="8.1236740">
    <ele>266.4</ele>
    <time>2025-07-08T13:03:03Z</time>
   </trkpt>
   <trkpt lat="62.4774240" lon="8.1236730">
    <ele>266.4</ele>
    <time>2025-07-08T13:03:04Z</time>
   </trkpt>
   <trkpt lat="62.4774230" lon="8.1236670">
    <ele>266.4</ele>
    <time>2025-07-08T13:03:05Z</time>
   </trkpt>
   <trkpt lat="62.4774230" lon="8.1236670">
    <ele>266.4</ele>
    <time>2025-07-08T13:03:06Z</time>
   </trkpt>
   <trkpt lat="62.4774230" lon="8.1236660">
    <ele>266.5</ele>
    <time>2025-07-08T13:03:07Z</time>
   </trkpt>
   <trkpt lat="62.4774220" lon="8.1236660">
    <ele>266.5</ele>
    <time>2025-07-08T13:03:08Z</time>
   </trkpt>
   <trkpt lat="62.4774220" lon="8.1236670">
    <ele>266.5</ele>
    <time>2025-07-08T13:03:09Z</time>
   </trkpt>
   <trkpt lat="62.4774230" lon="8.1236680">
    <ele>266.5</ele>
    <time>2025-07-08T13:03:10Z</time>
   </trkpt>
   <trkpt lat="62.4774230" lon="8.1236660">
    <ele>266.5</ele>
    <time>2025-07-08T13:03:11Z</time>
   </trkpt>
   <trkpt lat="62.4774230" lon="8.1236670">
    <ele>266.5</ele>
    <time>2025-07-08T13:03:12Z</time>
   </trkpt>
   <trkpt lat="62.4774220" lon="8.1236650">
    <ele>266.5</ele>
    <time>2025-07-08T13:03:13Z</time>
   </trkpt>
   <trkpt lat="62.4774240" lon="8.1236640">
    <ele>266.5</ele>
    <time>2025-07-08T13:03:14Z</time>
   </trkpt>
   <trkpt lat="62.4774240" lon="8.1236630">
    <ele>266.5</ele>
    <time>2025-07-08T13:03:15Z</time>
   </trkpt>
   <trkpt lat="62.4774240" lon="8.1236630">
    <ele>266.5</ele>
    <time>2025-07-08T13:03:16Z</time>
   </trkpt>
   <trkpt lat="62.4774240" lon="8.1236720">
    <ele>266.6</ele>
    <time>2025-07-08T13:03:17Z</time>
   </trkpt>
   <trkpt lat="62.4774230" lon="8.1236750">
    <ele>266.6</ele>
    <time>2025-07-08T13:03:18Z</time>
   </trkpt>
   <trkpt lat="62.4774230" lon="8.1236760">
    <ele>266.6</ele>
    <time>2025-07-08T13:03:19Z</time>
   </trkpt>
   <trkpt lat="62.4774230" lon="8.1236760">
    <ele>266.6</ele>
    <time>2025-07-08T13:03:20Z</time>
   </trkpt>
   <trkpt lat="62.4774240" lon="8.1236730">
    <ele>266.6</ele>
    <time>2025-07-08T13:03:21Z</time>
   </trkpt>
   <trkpt lat="62.4774230" lon="8.1236720">
    <ele>266.6</ele>
    <time>2025-07-08T13:03:22Z</time>
   </trkpt>
   <trkpt lat="62.4774230" lon="8.1236710">
    <ele>266.6</ele>
    <time>2025-07-08T13:03:23Z</time>
   </trkpt>
   <trkpt lat="62.4774240" lon="8.1236700">
    <ele>266.6</ele>
    <time>2025-07-08T13:03:24Z</time>
   </trkpt>
   <trkpt lat="62.4774230" lon="8.1236690">
    <ele>266.6</ele>
    <time>2025-07-08T13:03:25Z</time>
   </trkpt>
   <trkpt lat="62.4774230" lon="8.1236690">
    <ele>266.6</ele>
    <time>2025-07-08T13:03:27Z</time>
   </trkpt>
   <trkpt lat="62.4774240" lon="8.1236710">
    <ele>266.6</ele>
    <time>2025-07-08T13:03:28Z</time>
   </trkpt>
   <trkpt lat="62.4774240" lon="8.1236660">
    <ele>266.6</ele>
    <time>2025-07-08T13:03:29Z</time>
   </trkpt>
   <trkpt lat="62.4774230" lon="8.1236580">
    <ele>266.7</ele>
    <time>2025-07-08T13:03:30Z</time>
   </trkpt>
   <trkpt lat="62.4774240" lon="8.1236520">
    <ele>266.7</ele>
    <time>2025-07-08T13:03:31Z</time>
   </trkpt>
   <trkpt lat="62.4774260" lon="8.1236500">
    <ele>266.7</ele>
    <time>2025-07-08T13:03:32Z</time>
   </trkpt>
   <trkpt lat="62.4774210" lon="8.1236430">
    <ele>266.8</ele>
    <time>2025-07-08T13:03:33Z</time>
   </trkpt>
   <trkpt lat="62.4774200" lon="8.1236390">
    <ele>266.8</ele>
    <time>2025-07-08T13:03:34Z</time>
   </trkpt>
   <trkpt lat="62.4774220" lon="8.1236410">
    <ele>266.8</ele>
    <time>2025-07-08T13:03:35Z</time>
   </trkpt>
   <trkpt lat="62.4774220" lon="8.1236410">
    <ele>266.8</ele>
    <time>2025-07-08T13:03:36Z</time>
   </trkpt>
   <trkpt lat="62.4774220" lon="8.1236410">
    <ele>266.8</ele>
    <time>2025-07-08T13:03:37Z</time>
   </trkpt>
   <trkpt lat="62.4774220" lon="8.1236410">
    <ele>266.8</ele>
    <time>2025-07-08T13:03:38Z</time>
   </trkpt>
   <trkpt lat="62.4774220" lon="8.1236410">
    <ele>266.8</ele>
    <time>2025-07-08T13:03:39Z</time>
   </trkpt>
   <trkpt lat="62.4774220" lon="8.1236400">
    <ele>266.8</ele>
    <time>2025-07-08T13:03:40Z</time>
   </trkpt>
   <trkpt lat="62.4774220" lon="8.1236400">
    <ele>266.8</ele>
    <time>2025-07-08T13:03:41Z</time>
   </trkpt>
   <trkpt lat="62.4774220" lon="8.1236410">
    <ele>266.8</ele>
    <time>2025-07-08T13:03:42Z</time>
   </trkpt>
   <trkpt lat="62.4774220" lon="8.1236410">
    <ele>266.8</ele>
    <time>2025-07-08T13:03:43Z</time>
   </trkpt>
   <trkpt lat="62.4774220" lon="8.1236410">
    <ele>266.8</ele>
    <time>2025-07-08T13:03:44Z</time>
   </trkpt>
   <trkpt lat="62.4774220" lon="8.1236410">
    <ele>266.8</ele>
    <time>2025-07-08T13:03:45Z</time>
   </trkpt>
   <trkpt lat="62.4774220" lon="8.1236410">
    <ele>266.8</ele>
    <time>2025-07-08T13:03:46Z</time>
   </trkpt>
   <trkpt lat="62.4774220" lon="8.1236410">
    <ele>266.8</ele>
    <time>2025-07-08T13:03:47Z</time>
   </trkpt>
   <trkpt lat="62.4774220" lon="8.1236410">
    <ele>266.8</ele>
    <time>2025-07-08T13:03:48Z</time>
   </trkpt>
   <trkpt lat="62.4774220" lon="8.1236410">
    <ele>266.8</ele>
    <time>2025-07-08T13:03:49Z</time>
   </trkpt>
   <trkpt lat="62.4774220" lon="8.1236410">
    <ele>266.8</ele>
    <time>2025-07-08T13:03:50Z</time>
   </trkpt>
   <trkpt lat="62.4774220" lon="8.1236410">
    <ele>266.8</ele>
    <time>2025-07-08T13:03:51Z</time>
   </trkpt>
   <trkpt lat="62.4774220" lon="8.1236410">
    <ele>266.8</ele>
    <time>2025-07-08T13:03:52Z</time>
   </trkpt>
   <trkpt lat="62.4774220" lon="8.1236410">
    <ele>266.8</ele>
    <time>2025-07-08T13:03:53Z</time>
   </trkpt>
   <trkpt lat="62.4774220" lon="8.1236410">
    <ele>266.8</ele>
    <time>2025-07-08T13:03:54Z</time>
   </trkpt>
   <trkpt lat="62.4774220" lon="8.1236410">
    <ele>266.8</ele>
    <time>2025-07-08T13:03:55Z</time>
   </trkpt>
   <trkpt lat="62.4774220" lon="8.1236410">
    <ele>266.8</ele>
    <time>2025-07-08T13:03:56Z</time>
   </trkpt>
   <trkpt lat="62.4774220" lon="8.1236410">
    <ele>266.8</ele>
    <time>2025-07-08T13:03:57Z</time>
   </trkpt>
   <trkpt lat="62.4774220" lon="8.1236410">
    <ele>266.8</ele>
    <time>2025-07-08T13:03:58Z</time>
   </trkpt>
   <trkpt lat="62.4774220" lon="8.1236410">
    <ele>266.8</ele>
    <time>2025-07-08T13:03:59Z</time>
   </trkpt>
   <trkpt lat="62.4774220" lon="8.1236410">
    <ele>266.8</ele>
    <time>2025-07-08T13:04:00Z</time>
   </trkpt>
   <trkpt lat="62.4774220" lon="8.1236410">
    <ele>266.8</ele>
    <time>2025-07-08T13:04:01Z</time>
   </trkpt>
   <trkpt lat="62.4774220" lon="8.1236410">
    <ele>266.8</ele>
    <time>2025-07-08T13:04:02Z</time>
   </trkpt>
   <trkpt lat="62.4774220" lon="8.1236410">
    <ele>266.8</ele>
    <time>2025-07-08T13:04:03Z</time>
   </trkpt>
   <trkpt lat="62.4774220" lon="8.1236400">
    <ele>266.8</ele>
    <time>2025-07-08T13:04:04Z</time>
   </trkpt>
   <trkpt lat="62.4774220" lon="8.1236410">
    <ele>266.8</ele>
    <time>2025-07-08T13:04:05Z</time>
   </trkpt>
   <trkpt lat="62.4774210" lon="8.1236480">
    <ele>266.8</ele>
    <time>2025-07-08T13:04:06Z</time>
   </trkpt>
   <trkpt lat="62.4774210" lon="8.1236540">
    <ele>266.8</ele>
    <time>2025-07-08T13:04:07Z</time>
   </trkpt>
   <trkpt lat="62.4774170" lon="8.1236700">
    <ele>266.9</ele>
    <time>2025-07-08T13:04:08Z</time>
   </trkpt>
   <trkpt lat="62.4774170" lon="8.1236700">
    <ele>266.9</ele>
    <time>2025-07-08T13:04:09Z</time>
   </trkpt>
   <trkpt lat="62.4774170" lon="8.1236640">
    <ele>266.9</ele>
    <time>2025-07-08T13:04:10Z</time>
   </trkpt>
   <trkpt lat="62.4774180" lon="8.1236640">
    <ele>266.9</ele>
    <time>2025-07-08T13:04:11Z</time>
   </trkpt>
   <trkpt lat="62.4774170" lon="8.1236660">
    <ele>267.0</ele>
    <time>2025-07-08T13:04:12Z</time>
   </trkpt>
   <trkpt lat="62.4774160" lon="8.1236600">
    <ele>267.0</ele>
    <time>2025-07-08T13:04:13Z</time>
   </trkpt>
   <trkpt lat="62.4774160" lon="8.1236680">
    <ele>267.0</ele>
    <time>2025-07-08T13:04:14Z</time>
   </trkpt>
   <trkpt lat="62.4774110" lon="8.1236770">
    <ele>267.1</ele>
    <time>2025-07-08T13:04:15Z</time>
   </trkpt>
   <trkpt lat="62.4774110" lon="8.1236750">
    <ele>267.1</ele>
    <time>2025-07-08T13:04:16Z</time>
   </trkpt>
   <trkpt lat="62.4774100" lon="8.1236860">
    <ele>267.1</ele>
    <time>2025-07-08T13:04:17Z</time>
   </trkpt>
   <trkpt lat="62.4774090" lon="8.1236880">
    <ele>267.1</ele>
    <time>2025-07-08T13:04:18Z</time>
   </trkpt>
   <trkpt lat="62.4774070" lon="8.1236910">
    <ele>267.1</ele>
    <time>2025-07-08T13:04:19Z</time>
   </trkpt>
   <trkpt lat="62.4774080" lon="8.1236940">
    <ele>267.1</ele>
    <time>2025-07-08T13:04:20Z</time>
   </trkpt>
   <trkpt lat="62.4774090" lon="8.1236970">
    <ele>267.2</ele>
    <time>2025-07-08T13:04:21Z</time>
   </trkpt>
   <trkpt lat="62.4774090" lon="8.1236950">
    <ele>267.2</ele>
    <time>2025-07-08T13:04:22Z</time>
   </trkpt>
   <trkpt lat="62.4774090" lon="8.1236950">
    <ele>267.2</ele>
    <time>2025-07-08T13:04:23Z</time>
   </trkpt>
   <trkpt lat="62.4774090" lon="8.1236950">
    <ele>267.2</ele>
    <time>2025-07-08T13:04:24Z</time>
   </trkpt>
   <trkpt lat="62.4774090" lon="8.1236950">
    <ele>267.2</ele>
    <time>2025-07-08T13:04:25Z</time>
   </trkpt>
   <trkpt lat="62.4774090" lon="8.1236950">
    <ele>267.2</ele>
    <time>2025-07-08T13:04:26Z</time>
   </trkpt>
   <trkpt lat="62.4774100" lon="8.1236920">
    <ele>267.2</ele>
    <time>2025-07-08T13:04:27Z</time>
   </trkpt>
   <trkpt lat="62.4774080" lon="8.1236820">
    <ele>267.2</ele>
    <time>2025-07-08T13:04:28Z</time>
   </trkpt>
   <trkpt lat="62.4774080" lon="8.1236860">
    <ele>267.2</ele>
    <time>2025-07-08T13:04:29Z</time>
   </trkpt>
   <trkpt lat="62.4774100" lon="8.1236820">
    <ele>267.2</ele>
    <time>2025-07-08T13:04:30Z</time>
   </trkpt>
   <trkpt lat="62.4774060" lon="8.1236800">
    <ele>267.3</ele>
    <time>2025-07-08T13:04:31Z</time>
   </trkpt>
   <trkpt lat="62.4774050" lon="8.1236830">
    <ele>267.3</ele>
    <time>2025-07-08T13:04:32Z</time>
   </trkpt>
   <trkpt lat="62.4774060" lon="8.1236850">
    <ele>267.3</ele>
    <time>2025-07-08T13:04:33Z</time>
   </trkpt>
   <trkpt lat="62.4774060" lon="8.1236840">
    <ele>267.3</ele>
    <time>2025-07-08T13:04:34Z</time>
   </trkpt>
   <trkpt lat="62.4774060" lon="8.1236840">
    <ele>267.3</ele>
    <time>2025-07-08T13:04:35Z</time>
   </trkpt>
   <trkpt lat="62.4774060" lon="8.1236840">
    <ele>267.3</ele>
    <time>2025-07-08T13:04:36Z</time>
   </trkpt>
   <trkpt lat="62.4774010" lon="8.1236880">
    <ele>267.3</ele>
    <time>2025-07-08T13:04:37Z</time>
   </trkpt>
   <trkpt lat="62.4774010" lon="8.1236880">
    <ele>267.3</ele>
    <time>2025-07-08T13:04:38Z</time>
   </trkpt>
   <trkpt lat="62.4774010" lon="8.1236880">
    <ele>267.3</ele>
    <time>2025-07-08T13:04:39Z</time>
   </trkpt>
   <trkpt lat="62.4774010" lon="8.1236880">
    <ele>267.3</ele>
    <time>2025-07-08T13:04:40Z</time>
   </trkpt>
   <trkpt lat="62.4774030" lon="8.1236920">
    <ele>267.4</ele>
    <time>2025-07-08T13:04:41Z</time>
   </trkpt>
   <trkpt lat="62.4774030" lon="8.1236910">
    <ele>267.4</ele>
    <time>2025-07-08T13:04:42Z</time>
   </trkpt>
   <trkpt lat="62.4774030" lon="8.1236910">
    <ele>267.4</ele>
    <time>2025-07-08T13:04:43Z</time>
   </trkpt>
   <trkpt lat="62.4773940" lon="8.1236920">
    <ele>267.4</ele>
    <time>2025-07-08T13:04:44Z</time>
   </trkpt>
   <trkpt lat="62.4773930" lon="8.1236890">
    <ele>267.5</ele>
    <time>2025-07-08T13:04:45Z</time>
   </trkpt>
   <trkpt lat="62.4773930" lon="8.1236890">
    <ele>267.5</ele>
    <time>2025-07-08T13:04:46Z</time>
   </trkpt>
   <trkpt lat="62.4773900" lon="8.1236880">
    <ele>267.5</ele>
    <time>2025-07-08T13:04:47Z</time>
   </trkpt>
   <trkpt lat="62.4773900" lon="8.1236880">
    <ele>267.5</ele>
    <time>2025-07-08T13:04:48Z</time>
   </trkpt>
   <trkpt lat="62.4773910" lon="8.1236850">
    <ele>267.5</ele>
    <time>2025-07-08T13:04:49Z</time>
   </trkpt>
   <trkpt lat="62.4773910" lon="8.1236840">
    <ele>267.5</ele>
    <time>2025-07-08T13:04:50Z</time>
   </trkpt>
   <trkpt lat="62.4773910" lon="8.1236840">
    <ele>267.5</ele>
    <time>2025-07-08T13:04:51Z</time>
   </trkpt>
   <trkpt lat="62.4773910" lon="8.1236840">
    <ele>267.5</ele>
    <time>2025-07-08T13:04:52Z</time>
   </trkpt>
   <trkpt lat="62.4773910" lon="8.1236840">
    <ele>267.5</ele>
    <time>2025-07-08T13:04:53Z</time>
   </trkpt>
   <trkpt lat="62.4773920" lon="8.1236800">
    <ele>267.5</ele>
    <time>2025-07-08T13:04:54Z</time>
   </trkpt>
   <trkpt lat="62.4773950" lon="8.1236820">
    <ele>267.5</ele>
    <time>2025-07-08T13:04:55Z</time>
   </trkpt>
   <trkpt lat="62.4773930" lon="8.1236830">
    <ele>267.5</ele>
    <time>2025-07-08T13:04:56Z</time>
   </trkpt>
   <trkpt lat="62.4773930" lon="8.1236840">
    <ele>267.5</ele>
    <time>2025-07-08T13:04:57Z</time>
   </trkpt>
   <trkpt lat="62.4773950" lon="8.1236740">
    <ele>267.6</ele>
    <time>2025-07-08T13:04:58Z</time>
   </trkpt>
   <trkpt lat="62.4773960" lon="8.1236730">
    <ele>267.6</ele>
    <time>2025-07-08T13:04:59Z</time>
   </trkpt>
   <trkpt lat="62.4773890" lon="8.1236700">
    <ele>267.6</ele>
    <time>2025-07-08T13:05:00Z</time>
   </trkpt>
   <trkpt lat="62.4773800" lon="8.1236730">
    <ele>267.7</ele>
    <time>2025-07-08T13:05:01Z</time>
   </trkpt>
   <trkpt lat="62.4773700" lon="8.1236850">
    <ele>267.8</ele>
    <time>2025-07-08T13:05:02Z</time>
   </trkpt>
   <trkpt lat="62.4773640" lon="8.1236960">
    <ele>267.9</ele>
    <time>2025-07-08T13:05:03Z</time>
   </trkpt>
   <trkpt lat="62.4773560" lon="8.1236860">
    <ele>267.9</ele>
    <time>2025-07-08T13:05:04Z</time>
   </trkpt>
   <trkpt lat="62.4773400" lon="8.1236840">
    <ele>268.1</ele>
    <time>2025-07-08T13:05:05Z</time>
   </trkpt>
   <trkpt lat="62.4773350" lon="8.1236930">
    <ele>268.1</ele>
    <time>2025-07-08T13:05:06Z</time>
   </trkpt>
   <trkpt lat="62.4773250" lon="8.1237160">
    <ele>268.2</ele>
    <time>2025-07-08T13:05:07Z</time>
   </trkpt>
   <trkpt lat="62.4773130" lon="8.1237300">
    <ele>268.3</ele>
    <time>2025-07-08T13:05:08Z</time>
   </trkpt>
   <trkpt lat="62.4773010" lon="8.1237410">
    <ele>268.5</ele>
    <time>2025-07-08T13:05:09Z</time>
   </trkpt>
   <trkpt lat="62.4772930" lon="8.1237360">
    <ele>268.5</ele>
    <time>2025-07-08T13:05:10Z</time>
   </trkpt>
   <trkpt lat="62.4772920" lon="8.1237270">
    <ele>268.5</ele>
    <time>2025-07-08T13:05:11Z</time>
   </trkpt>
   <trkpt lat="62.4772840" lon="8.1237060">
    <ele>268.6</ele>
    <time>2025-07-08T13:05:12Z</time>
   </trkpt>
   <trkpt lat="62.4772730" lon="8.1236820">
    <ele>268.7</ele>
    <time>2025-07-08T13:05:13Z</time>
   </trkpt>
   <trkpt lat="62.4772640" lon="8.1236740">
    <ele>268.8</ele>
    <time>2025-07-08T13:05:14Z</time>
   </trkpt>
   <trkpt lat="62.4772510" lon="8.1236660">
    <ele>268.9</ele>
    <time>2025-07-08T13:05:15Z</time>
   </trkpt>
   <trkpt lat="62.4772400" lon="8.1236640">
    <ele>268.9</ele>
    <time>2025-07-08T13:05:16Z</time>
   </trkpt>
   <trkpt lat="62.4772290" lon="8.1236650">
    <ele>269.0</ele>
    <time>2025-07-08T13:05:17Z</time>
   </trkpt>
   <trkpt lat="62.4772200" lon="8.1236600">
    <ele>269.1</ele>
    <time>2025-07-08T13:05:18Z</time>
   </trkpt>
   <trkpt lat="62.4772180" lon="8.1236720">
    <ele>269.1</ele>
    <time>2025-07-08T13:05:19Z</time>
   </trkpt>
   <trkpt lat="62.4772050" lon="8.1236840">
    <ele>269.2</ele>
    <time>2025-07-08T13:05:20Z</time>
   </trkpt>
   <trkpt lat="62.4772010" lon="8.1236910">
    <ele>269.2</ele>
    <time>2025-07-08T13:05:21Z</time>
   </trkpt>
   <trkpt lat="62.4771960" lon="8.1236920">
    <ele>269.3</ele>
    <time>2025-07-08T13:05:22Z</time>
   </trkpt>
   <trkpt lat="62.4771860" lon="8.1236830">
    <ele>269.3</ele>
    <time>2025-07-08T13:05:23Z</time>
   </trkpt>
   <trkpt lat="62.4771730" lon="8.1236800">
    <ele>269.4</ele>
    <time>2025-07-08T13:05:24Z</time>
   </trkpt>
   <trkpt lat="62.4771580" lon="8.1236740">
    <ele>269.5</ele>
    <time>2025-07-08T13:05:25Z</time>
   </trkpt>
   <trkpt lat="62.4771510" lon="8.1236750">
    <ele>269.6</ele>
    <time>2025-07-08T13:05:26Z</time>
   </trkpt>
   <trkpt lat="62.4771440" lon="8.1236750">
    <ele>269.6</ele>
    <time>2025-07-08T13:05:27Z</time>
   </trkpt>
   <trkpt lat="62.4771370" lon="8.1236760">
    <ele>269.7</ele>
    <time>2025-07-08T13:05:28Z</time>
   </trkpt>
   <trkpt lat="62.4771320" lon="8.1236760">
    <ele>269.7</ele>
    <time>2025-07-08T13:05:29Z</time>
   </trkpt>
   <trkpt lat="62.4771340" lon="8.1236670">
    <ele>269.7</ele>
    <time>2025-07-08T13:05:30Z</time>
   </trkpt>
   <trkpt lat="62.4771250" lon="8.1236640">
    <ele>269.8</ele>
    <time>2025-07-08T13:05:31Z</time>
   </trkpt>
   <trkpt lat="62.4771110" lon="8.1236690">
    <ele>269.9</ele>
    <time>2025-07-08T13:05:33Z</time>
   </trkpt>
   <trkpt lat="62.4771060" lon="8.1236690">
    <ele>269.9</ele>
    <time>2025-07-08T13:05:34Z</time>
   </trkpt>
   <trkpt lat="62.4770850" lon="8.1236630">
    <ele>270.1</ele>
    <time>2025-07-08T13:05:35Z</time>
   </trkpt>
   <trkpt lat="62.4770760" lon="8.1236600">
    <ele>270.2</ele>
    <time>2025-07-08T13:05:36Z</time>
   </trkpt>
   <trkpt lat="62.4770670" lon="8.1236570">
    <ele>270.2</ele>
    <time>2025-07-08T13:05:37Z</time>
   </trkpt>
   <trkpt lat="62.4770730" lon="8.1236560">
    <ele>270.3</ele>
    <time>2025-07-08T13:05:38Z</time>
   </trkpt>
   <trkpt lat="62.4770570" lon="8.1236570">
    <ele>270.4</ele>
    <time>2025-07-08T13:05:39Z</time>
   </trkpt>
   <trkpt lat="62.4770630" lon="8.1236520">
    <ele>270.5</ele>
    <time>2025-07-08T13:05:40Z</time>
   </trkpt>
   <trkpt lat="62.4770710" lon="8.1236580">
    <ele>270.5</ele>
    <time>2025-07-08T13:05:41Z</time>
   </trkpt>
   <trkpt lat="62.4770620" lon="8.1236490">
    <ele>270.6</ele>
    <time>2025-07-08T13:05:42Z</time>
   </trkpt>
   <trkpt lat="62.4770530" lon="8.1236330">
    <ele>270.7</ele>
    <time>2025-07-08T13:05:43Z</time>
   </trkpt>
   <trkpt lat="62.4770450" lon="8.1236320">
    <ele>270.8</ele>
    <time>2025-07-08T13:05:44Z</time>
   </trkpt>
   <trkpt lat="62.4770400" lon="8.1236220">
    <ele>270.9</ele>
    <time>2025-07-08T13:05:45Z</time>
   </trkpt>
   <trkpt lat="62.4770240" lon="8.1236220">
    <ele>271.0</ele>
    <time>2025-07-08T13:05:46Z</time>
   </trkpt>
   <trkpt lat="62.4770170" lon="8.1236210">
    <ele>271.1</ele>
    <time>2025-07-08T13:05:47Z</time>
   </trkpt>
   <trkpt lat="62.4770090" lon="8.1236210">
    <ele>271.1</ele>
    <time>2025-07-08T13:05:48Z</time>
   </trkpt>
   <trkpt lat="62.4770020" lon="8.1236210">
    <ele>271.2</ele>
    <time>2025-07-08T13:05:49Z</time>
   </trkpt>
   <trkpt lat="62.4769980" lon="8.1236180">
    <ele>271.3</ele>
    <time>2025-07-08T13:05:50Z</time>
   </trkpt>
   <trkpt lat="62.4769860" lon="8.1236170">
    <ele>271.4</ele>
    <time>2025-07-08T13:05:51Z</time>
   </trkpt>
   <trkpt lat="62.4769770" lon="8.1236210">
    <ele>271.5</ele>
    <time>2025-07-08T13:05:52Z</time>
   </trkpt>
   <trkpt lat="62.4769700" lon="8.1236260">
    <ele>271.5</ele>
    <time>2025-07-08T13:05:53Z</time>
   </trkpt>
   <trkpt lat="62.4769590" lon="8.1236400">
    <ele>271.7</ele>
    <time>2025-07-08T13:05:54Z</time>
   </trkpt>
   <trkpt lat="62.4769520" lon="8.1236400">
    <ele>271.7</ele>
    <time>2025-07-08T13:05:55Z</time>
   </trkpt>
   <trkpt lat="62.4769540" lon="8.1236330">
    <ele>271.8</ele>
    <time>2025-07-08T13:05:56Z</time>
   </trkpt>
   <trkpt lat="62.4769410" lon="8.1236300">
    <ele>271.9</ele>
    <time>2025-07-08T13:05:57Z</time>
   </trkpt>
   <trkpt lat="62.4769290" lon="8.1236270">
    <ele>272.0</ele>
    <time>2025-07-08T13:05:58Z</time>
   </trkpt>
   <trkpt lat="62.4769140" lon="8.1236290">
    <ele>272.2</ele>
    <time>2025-07-08T13:05:59Z</time>
   </trkpt>
   <trkpt lat="62.4769100" lon="8.1236300">
    <ele>272.2</ele>
    <time>2025-07-08T13:06:00Z</time>
   </trkpt>
   <trkpt lat="62.4769000" lon="8.1236320">
    <ele>272.3</ele>
    <time>2025-07-08T13:06:01Z</time>
   </trkpt>
   <trkpt lat="62.4768880" lon="8.1236260">
    <ele>272.4</ele>
    <time>2025-07-08T13:06:02Z</time>
   </trkpt>
   <trkpt lat="62.4768810" lon="8.1236310">
    <ele>272.5</ele>
    <time>2025-07-08T13:06:03Z</time>
   </trkpt>
   <trkpt lat="62.4768710" lon="8.1236310">
    <ele>272.6</ele>
    <time>2025-07-08T13:06:04Z</time>
   </trkpt>
   <trkpt lat="62.4768650" lon="8.1236220">
    <ele>272.7</ele>
    <time>2025-07-08T13:06:05Z</time>
   </trkpt>
   <trkpt lat="62.4768580" lon="8.1236240">
    <ele>272.8</ele>
    <time>2025-07-08T13:06:06Z</time>
   </trkpt>
   <trkpt lat="62.4768450" lon="8.1236300">
    <ele>272.9</ele>
    <time>2025-07-08T13:06:07Z</time>
   </trkpt>
   <trkpt lat="62.4768410" lon="8.1236290">
    <ele>272.9</ele>
    <time>2025-07-08T13:06:08Z</time>
   </trkpt>
   <trkpt lat="62.4768330" lon="8.1236270">
    <ele>273.0</ele>
    <time>2025-07-08T13:06:09Z</time>
   </trkpt>
   <trkpt lat="62.4768110" lon="8.1236220">
    <ele>273.2</ele>
    <time>2025-07-08T13:06:10Z</time>
   </trkpt>
   <trkpt lat="62.4767990" lon="8.1236270">
    <ele>273.4</ele>
    <time>2025-07-08T13:06:11Z</time>
   </trkpt>
   <trkpt lat="62.4767940" lon="8.1236270">
    <ele>273.4</ele>
    <time>2025-07-08T13:06:12Z</time>
   </trkpt>
   <trkpt lat="62.4767900" lon="8.1236280">
    <ele>273.5</ele>
    <time>2025-07-08T13:06:13Z</time>
   </trkpt>
   <trkpt lat="62.4767850" lon="8.1236290">
    <ele>273.5</ele>
    <time>2025-07-08T13:06:14Z</time>
   </trkpt>
   <trkpt lat="62.4767800" lon="8.1236290">
    <ele>273.6</ele>
    <time>2025-07-08T13:06:15Z</time>
   </trkpt>
   <trkpt lat="62.4767750" lon="8.1236300">
    <ele>273.6</ele>
    <time>2025-07-08T13:06:16Z</time>
   </trkpt>
   <trkpt lat="62.4767710" lon="8.1236280">
    <ele>273.7</ele>
    <time>2025-07-08T13:06:17Z</time>
   </trkpt>
   <trkpt lat="62.4767650" lon="8.1236240">
    <ele>273.7</ele>
    <time>2025-07-08T13:06:18Z</time>
   </trkpt>
   <trkpt lat="62.4767590" lon="8.1236410">
    <ele>273.8</ele>
    <time>2025-07-08T13:06:19Z</time>
   </trkpt>
   <trkpt lat="62.4767490" lon="8.1236370">
    <ele>273.9</ele>
    <time>2025-07-08T13:06:20Z</time>
   </trkpt>
   <trkpt lat="62.4767410" lon="8.1236240">
    <ele>274.0</ele>
    <time>2025-07-08T13:06:21Z</time>
   </trkpt>
   <trkpt lat="62.4767420" lon="8.1236190">
    <ele>274.1</ele>
    <time>2025-07-08T13:06:22Z</time>
   </trkpt>
   <trkpt lat="62.4767320" lon="8.1236210">
    <ele>274.2</ele>
    <time>2025-07-08T13:06:23Z</time>
   </trkpt>
   <trkpt lat="62.4767090" lon="8.1236230">
    <ele>274.4</ele>
    <time>2025-07-08T13:06:24Z</time>
   </trkpt>
   <trkpt lat="62.4767020" lon="8.1236250">
    <ele>274.5</ele>
    <time>2025-07-08T13:06:25Z</time>
   </trkpt>
   <trkpt lat="62.4766950" lon="8.1236250">
    <ele>274.6</ele>
    <time>2025-07-08T13:06:26Z</time>
   </trkpt>
   <trkpt lat="62.4766880" lon="8.1236250">
    <ele>274.6</ele>
    <time>2025-07-08T13:06:27Z</time>
   </trkpt>
   <trkpt lat="62.4766820" lon="8.1236250">
    <ele>274.7</ele>
    <time>2025-07-08T13:06:28Z</time>
   </trkpt>
   <trkpt lat="62.4766750" lon="8.1236250">
    <ele>274.8</ele>
    <time>2025-07-08T13:06:29Z</time>
   </trkpt>
   <trkpt lat="62.4766690" lon="8.1236250">
    <ele>274.8</ele>
    <time>2025-07-08T13:06:30Z</time>
   </trkpt>
   <trkpt lat="62.4766650" lon="8.1236230">
    <ele>274.9</ele>
    <time>2025-07-08T13:06:31Z</time>
   </trkpt>
   <trkpt lat="62.4766640" lon="8.1236070">
    <ele>274.9</ele>
    <time>2025-07-08T13:06:32Z</time>
   </trkpt>
   <trkpt lat="62.4766590" lon="8.1235980">
    <ele>275.0</ele>
    <time>2025-07-08T13:06:33Z</time>
   </trkpt>
   <trkpt lat="62.4766430" lon="8.1236000">
    <ele>275.2</ele>
    <time>2025-07-08T13:06:34Z</time>
   </trkpt>
   <trkpt lat="62.4766400" lon="8.1235960">
    <ele>275.2</ele>
    <time>2025-07-08T13:06:35Z</time>
   </trkpt>
   <trkpt lat="62.4766460" lon="8.1235990">
    <ele>275.3</ele>
    <time>2025-07-08T13:06:36Z</time>
   </trkpt>
   <trkpt lat="62.4766450" lon="8.1236030">
    <ele>275.3</ele>
    <time>2025-07-08T13:06:37Z</time>
   </trkpt>
   <trkpt lat="62.4766420" lon="8.1236010">
    <ele>275.4</ele>
    <time>2025-07-08T13:06:38Z</time>
   </trkpt>
   <trkpt lat="62.4766330" lon="8.1236010">
    <ele>275.5</ele>
    <time>2025-07-08T13:06:39Z</time>
   </trkpt>
   <trkpt lat="62.4766260" lon="8.1235990">
    <ele>275.5</ele>
    <time>2025-07-08T13:06:40Z</time>
   </trkpt>
   <trkpt lat="62.4766210" lon="8.1235990">
    <ele>275.6</ele>
    <time>2025-07-08T13:06:41Z</time>
   </trkpt>
   <trkpt lat="62.4766200" lon="8.1235970">
    <ele>275.6</ele>
    <time>2025-07-08T13:06:42Z</time>
   </trkpt>
   <trkpt lat="62.4766140" lon="8.1236020">
    <ele>275.7</ele>
    <time>2025-07-08T13:06:43Z</time>
   </trkpt>
   <trkpt lat="62.4766120" lon="8.1236030">
    <ele>275.7</ele>
    <time>2025-07-08T13:06:44Z</time>
   </trkpt>
   <trkpt lat="62.4765990" lon="8.1235900">
    <ele>275.9</ele>
    <time>2025-07-08T13:06:45Z</time>
   </trkpt>
   <trkpt lat="62.4765930" lon="8.1235940">
    <ele>275.9</ele>
    <time>2025-07-08T13:06:46Z</time>
   </trkpt>
   <trkpt lat="62.4765810" lon="8.1235990">
    <ele>276.1</ele>
    <time>2025-07-08T13:06:47Z</time>
   </trkpt>
   <trkpt lat="62.4765890" lon="8.1235840">
    <ele>276.2</ele>
    <time>2025-07-08T13:06:48Z</time>
   </trkpt>
   <trkpt lat="62.4765800" lon="8.1235860">
    <ele>276.3</ele>
    <time>2025-07-08T13:06:49Z</time>
   </trkpt>
   <trkpt lat="62.4765690" lon="8.1235860">
    <ele>276.4</ele>
    <time>2025-07-08T13:06:50Z</time>
   </trkpt>
   <trkpt lat="62.4765670" lon="8.1235860">
    <ele>276.4</ele>
    <time>2025-07-08T13:06:51Z</time>
   </trkpt>
   <trkpt lat="62.4765630" lon="8.1235830">
    <ele>276.5</ele>
    <time>2025-07-08T13:06:52Z</time>
   </trkpt>
   <trkpt lat="62.4765460" lon="8.1235770">
    <ele>276.7</ele>
    <time>2025-07-08T13:06:53Z</time>
   </trkpt>
   <trkpt lat="62.4765330" lon="8.1235710">
    <ele>276.8</ele>
    <time>2025-07-08T13:06:54Z</time>
   </trkpt>
   <trkpt lat="62.4765210" lon="8.1235700">
    <ele>276.9</ele>
    <time>2025-07-08T13:06:55Z</time>
   </trkpt>
   <trkpt lat="62.4765190" lon="8.1235760">
    <ele>277.0</ele>
    <time>2025-07-08T13:06:56Z</time>
   </trkpt>
   <trkpt lat="62.4765050" lon="8.1235640">
    <ele>277.2</ele>
    <time>2025-07-08T13:06:57Z</time>
   </trkpt>
   <trkpt lat="62.4764990" lon="8.1235620">
    <ele>277.2</ele>
    <time>2025-07-08T13:06:58Z</time>
   </trkpt>
   <trkpt lat="62.4764940" lon="8.1235610">
    <ele>277.3</ele>
    <time>2025-07-08T13:06:59Z</time>
   </trkpt>
   <trkpt lat="62.4764880" lon="8.1235590">
    <ele>277.3</ele>
    <time>2025-07-08T13:07:00Z</time>
   </trkpt>
   <trkpt lat="62.4764830" lon="8.1235570">
    <ele>277.4</ele>
    <time>2025-07-08T13:07:01Z</time>
   </trkpt>
   <trkpt lat="62.4764850" lon="8.1235560">
    <ele>277.4</ele>
    <time>2025-07-08T13:07:02Z</time>
   </trkpt>
   <trkpt lat="62.4764790" lon="8.1235580">
    <ele>277.5</ele>
    <time>2025-07-08T13:07:03Z</time>
   </trkpt>
   <trkpt lat="62.4764720" lon="8.1235570">
    <ele>277.6</ele>
    <time>2025-07-08T13:07:04Z</time>
   </trkpt>
   <trkpt lat="62.4764620" lon="8.1235520">
    <ele>277.7</ele>
    <time>2025-07-08T13:07:05Z</time>
   </trkpt>
   <trkpt lat="62.4764450" lon="8.1235550">
    <ele>277.9</ele>
    <time>2025-07-08T13:07:06Z</time>
   </trkpt>
   <trkpt lat="62.4764440" lon="8.1235560">
    <ele>277.9</ele>
    <time>2025-07-08T13:07:07Z</time>
   </trkpt>
   <trkpt lat="62.4764440" lon="8.1235630">
    <ele>277.9</ele>
    <time>2025-07-08T13:07:08Z</time>
   </trkpt>
   <trkpt lat="62.4764420" lon="8.1235600">
    <ele>277.9</ele>
    <time>2025-07-08T13:07:09Z</time>
   </trkpt>
   <trkpt lat="62.4764410" lon="8.1235570">
    <ele>278.0</ele>
    <time>2025-07-08T13:07:10Z</time>
   </trkpt>
   <trkpt lat="62.4764420" lon="8.1235460">
    <ele>278.0</ele>
    <time>2025-07-08T13:07:11Z</time>
   </trkpt>
   <trkpt lat="62.4764420" lon="8.1235410">
    <ele>278.0</ele>
    <time>2025-07-08T13:07:12Z</time>
   </trkpt>
   <trkpt lat="62.4764420" lon="8.1235410">
    <ele>278.0</ele>
    <time>2025-07-08T13:07:13Z</time>
   </trkpt>
   <trkpt lat="62.4764400" lon="8.1235410">
    <ele>278.1</ele>
    <time>2025-07-08T13:07:14Z</time>
   </trkpt>
   <trkpt lat="62.4764330" lon="8.1235440">
    <ele>278.2</ele>
    <time>2025-07-08T13:07:15Z</time>
   </trkpt>
   <trkpt lat="62.4764280" lon="8.1235470">
    <ele>278.2</ele>
    <time>2025-07-08T13:07:16Z</time>
   </trkpt>
   <trkpt lat="62.4764270" lon="8.1235390">
    <ele>278.3</ele>
    <time>2025-07-08T13:07:17Z</time>
   </trkpt>
   <trkpt lat="62.4764310" lon="8.1235390">
    <ele>278.3</ele>
    <time>2025-07-08T13:07:18Z</time>
   </trkpt>
   <trkpt lat="62.4764260" lon="8.1235470">
    <ele>278.4</ele>
    <time>2025-07-08T13:07:19Z</time>
   </trkpt>
   <trkpt lat="62.4764210" lon="8.1235470">
    <ele>278.4</ele>
    <time>2025-07-08T13:07:20Z</time>
   </trkpt>
   <trkpt lat="62.4764160" lon="8.1235510">
    <ele>278.5</ele>
    <time>2025-07-08T13:07:21Z</time>
   </trkpt>
   <trkpt lat="62.4764210" lon="8.1235540">
    <ele>278.6</ele>
    <time>2025-07-08T13:07:22Z</time>
   </trkpt>
   <trkpt lat="62.4764190" lon="8.1235540">
    <ele>278.6</ele>
    <time>2025-07-08T13:07:23Z</time>
   </trkpt>
   <trkpt lat="62.4764200" lon="8.1235540">
    <ele>278.6</ele>
    <time>2025-07-08T13:07:24Z</time>
   </trkpt>
   <trkpt lat="62.4764190" lon="8.1235500">
    <ele>278.6</ele>
    <time>2025-07-08T13:07:25Z</time>
   </trkpt>
   <trkpt lat="62.4764200" lon="8.1235460">
    <ele>278.6</ele>
    <time>2025-07-08T13:07:26Z</time>
   </trkpt>
   <trkpt lat="62.4764200" lon="8.1235460">
    <ele>278.6</ele>
    <time>2025-07-08T13:07:27Z</time>
   </trkpt>
   <trkpt lat="62.4764210" lon="8.1235420">
    <ele>278.7</ele>
    <time>2025-07-08T13:07:28Z</time>
   </trkpt>
   <trkpt lat="62.4764210" lon="8.1235420">
    <ele>278.7</ele>
    <time>2025-07-08T13:07:29Z</time>
   </trkpt>
   <trkpt lat="62.4764230" lon="8.1235370">
    <ele>278.7</ele>
    <time>2025-07-08T13:07:30Z</time>
   </trkpt>
   <trkpt lat="62.4764240" lon="8.1235360">
    <ele>278.7</ele>
    <time>2025-07-08T13:07:31Z</time>
   </trkpt>
   <trkpt lat="62.4764260" lon="8.1235320">
    <ele>278.7</ele>
    <time>2025-07-08T13:07:32Z</time>
   </trkpt>
   <trkpt lat="62.4764300" lon="8.1235330">
    <ele>278.8</ele>
    <time>2025-07-08T13:07:33Z</time>
   </trkpt>
   <trkpt lat="62.4764310" lon="8.1235290">
    <ele>278.8</ele>
    <time>2025-07-08T13:07:34Z</time>
   </trkpt>
   <trkpt lat="62.4764260" lon="8.1235270">
    <ele>278.9</ele>
    <time>2025-07-08T13:07:35Z</time>
   </trkpt>
   <trkpt lat="62.4764320" lon="8.1235270">
    <ele>278.9</ele>
    <time>2025-07-08T13:07:36Z</time>
   </trkpt>
   <trkpt lat="62.4764350" lon="8.1235260">
    <ele>279.0</ele>
    <time>2025-07-08T13:07:37Z</time>
   </trkpt>
   <trkpt lat="62.4764350" lon="8.1235250">
    <ele>279.0</ele>
    <time>2025-07-08T13:07:39Z</time>
   </trkpt>
   <trkpt lat="62.4764360" lon="8.1235250">
    <ele>279.0</ele>
    <time>2025-07-08T13:07:40Z</time>
   </trkpt>
   <trkpt lat="62.4764370" lon="8.1235240">
    <ele>279.0</ele>
    <time>2025-07-08T13:07:41Z</time>
   </trkpt>
   <trkpt lat="62.4764340" lon="8.1235210">
    <ele>279.0</ele>
    <time>2025-07-08T13:07:42Z</time>
   </trkpt>
   <trkpt lat="62.4764350" lon="8.1235190">
    <ele>279.1</ele>
    <time>2025-07-08T13:07:43Z</time>
   </trkpt>
   <trkpt lat="62.4764400" lon="8.1235190">
    <ele>279.1</ele>
    <time>2025-07-08T13:07:44Z</time>
   </trkpt>
   <trkpt lat="62.4764410" lon="8.1235140">
    <ele>279.1</ele>
    <time>2025-07-08T13:07:45Z</time>
   </trkpt>
   <trkpt lat="62.4764390" lon="8.1235140">
    <ele>279.2</ele>
    <time>2025-07-08T13:07:46Z</time>
   </trkpt>
   <trkpt lat="62.4764390" lon="8.1235190">
    <ele>279.2</ele>
    <time>2025-07-08T13:07:47Z</time>
   </trkpt>
   <trkpt lat="62.4764360" lon="8.1235230">
    <ele>279.2</ele>
    <time>2025-07-08T13:07:48Z</time>
   </trkpt>
   <trkpt lat="62.4764380" lon="8.1235240">
    <ele>279.3</ele>
    <time>2025-07-08T13:07:49Z</time>
   </trkpt>
   <trkpt lat="62.4764390" lon="8.1235240">
    <ele>279.3</ele>
    <time>2025-07-08T13:07:50Z</time>
   </trkpt>
   <trkpt lat="62.4764380" lon="8.1235250">
    <ele>279.3</ele>
    <time>2025-07-08T13:07:51Z</time>
   </trkpt>
   <trkpt lat="62.4764380" lon="8.1235250">
    <ele>279.3</ele>
    <time>2025-07-08T13:07:52Z</time>
   </trkpt>
   <trkpt lat="62.4764380" lon="8.1235250">
    <ele>279.3</ele>
    <time>2025-07-08T13:07:53Z</time>
   </trkpt>
   <trkpt lat="62.4764420" lon="8.1235240">
    <ele>279.3</ele>
    <time>2025-07-08T13:07:54Z</time>
   </trkpt>
   <trkpt lat="62.4764430" lon="8.1235240">
    <ele>279.3</ele>
    <time>2025-07-08T13:07:55Z</time>
   </trkpt>
   <trkpt lat="62.4764440" lon="8.1235240">
    <ele>279.4</ele>
    <time>2025-07-08T13:07:56Z</time>
   </trkpt>
   <trkpt lat="62.4764450" lon="8.1235220">
    <ele>279.4</ele>
    <time>2025-07-08T13:07:57Z</time>
   </trkpt>
   <trkpt lat="62.4764450" lon="8.1235220">
    <ele>279.4</ele>
    <time>2025-07-08T13:07:58Z</time>
   </trkpt>
   <trkpt lat="62.4764450" lon="8.1235220">
    <ele>279.4</ele>
    <time>2025-07-08T13:07:59Z</time>
   </trkpt>
   <trkpt lat="62.4764450" lon="8.1235220">
    <ele>279.4</ele>
    <time>2025-07-08T13:08:00Z</time>
   </trkpt>
   <trkpt lat="62.4764450" lon="8.1235220">
    <ele>279.4</ele>
    <time>2025-07-08T13:08:01Z</time>
   </trkpt>
   <trkpt lat="62.4764450" lon="8.1235220">
    <ele>279.4</ele>
    <time>2025-07-08T13:08:02Z</time>
   </trkpt>
   <trkpt lat="62.4764450" lon="8.1235220">
    <ele>279.4</ele>
    <time>2025-07-08T13:08:03Z</time>
   </trkpt>
   <trkpt lat="62.4764450" lon="8.1235220">
    <ele>279.4</ele>
    <time>2025-07-08T13:08:04Z</time>
   </trkpt>
   <trkpt lat="62.4764450" lon="8.1235220">
    <ele>279.4</ele>
    <time>2025-07-08T13:08:05Z</time>
   </trkpt>
   <trkpt lat="62.4764450" lon="8.1235220">
    <ele>279.4</ele>
    <time>2025-07-08T13:08:06Z</time>
   </trkpt>
   <trkpt lat="62.4764450" lon="8.1235220">
    <ele>279.4</ele>
    <time>2025-07-08T13:08:07Z</time>
   </trkpt>
   <trkpt lat="62.4764450" lon="8.1235220">
    <ele>279.4</ele>
    <time>2025-07-08T13:08:08Z</time>
   </trkpt>
   <trkpt lat="62.4764450" lon="8.1235220">
    <ele>279.4</ele>
    <time>2025-07-08T13:08:09Z</time>
   </trkpt>
   <trkpt lat="62.4764450" lon="8.1235220">
    <ele>279.4</ele>
    <time>2025-07-08T13:08:10Z</time>
   </trkpt>
   <trkpt lat="62.4764450" lon="8.1235220">
    <ele>279.4</ele>
    <time>2025-07-08T13:08:11Z</time>
   </trkpt>
   <trkpt lat="62.4764450" lon="8.1235220">
    <ele>279.4</ele>
    <time>2025-07-08T13:08:12Z</time>
   </trkpt>
   <trkpt lat="62.4764450" lon="8.1235220">
    <ele>279.4</ele>
    <time>2025-07-08T13:08:13Z</time>
   </trkpt>
   <trkpt lat="62.4764450" lon="8.1235220">
    <ele>279.4</ele>
    <time>2025-07-08T13:08:14Z</time>
   </trkpt>
   <trkpt lat="62.4764440" lon="8.1235180">
    <ele>279.4</ele>
    <time>2025-07-08T13:08:15Z</time>
   </trkpt>
   <trkpt lat="62.4764440" lon="8.1235180">
    <ele>279.4</ele>
    <time>2025-07-08T13:08:16Z</time>
   </trkpt>
   <trkpt lat="62.4764440" lon="8.1235180">
    <ele>279.4</ele>
    <time>2025-07-08T13:08:17Z</time>
   </trkpt>
   <trkpt lat="62.4764440" lon="8.1235180">
    <ele>279.4</ele>
    <time>2025-07-08T13:08:18Z</time>
   </trkpt>
   <trkpt lat="62.4764440" lon="8.1235180">
    <ele>279.4</ele>
    <time>2025-07-08T13:08:19Z</time>
   </trkpt>
   <trkpt lat="62.4764440" lon="8.1235180">
    <ele>279.4</ele>
    <time>2025-07-08T13:08:20Z</time>
   </trkpt>
   <trkpt lat="62.4764440" lon="8.1235200">
    <ele>279.4</ele>
    <time>2025-07-08T13:08:21Z</time>
   </trkpt>
   <trkpt lat="62.4764440" lon="8.1235200">
    <ele>279.4</ele>
    <time>2025-07-08T13:08:22Z</time>
   </trkpt>
   <trkpt lat="62.4764450" lon="8.1235190">
    <ele>279.4</ele>
    <time>2025-07-08T13:08:23Z</time>
   </trkpt>
   <trkpt lat="62.4764450" lon="8.1235190">
    <ele>279.4</ele>
    <time>2025-07-08T13:08:24Z</time>
   </trkpt>
   <trkpt lat="62.4764450" lon="8.1235190">
    <ele>279.4</ele>
    <time>2025-07-08T13:08:25Z</time>
   </trkpt>
   <trkpt lat="62.4764450" lon="8.1235190">
    <ele>279.4</ele>
    <time>2025-07-08T13:08:26Z</time>
   </trkpt>
   <trkpt lat="62.4764450" lon="8.1235190">
    <ele>279.4</ele>
    <time>2025-07-08T13:08:27Z</time>
   </trkpt>
   <trkpt lat="62.4764440" lon="8.1235180">
    <ele>279.4</ele>
    <time>2025-07-08T13:08:28Z</time>
   </trkpt>
   <trkpt lat="62.4764430" lon="8.1235180">
    <ele>279.4</ele>
    <time>2025-07-08T13:08:29Z</time>
   </trkpt>
   <trkpt lat="62.4764410" lon="8.1235190">
    <ele>279.5</ele>
    <time>2025-07-08T13:08:30Z</time>
   </trkpt>
   <trkpt lat="62.4764420" lon="8.1235210">
    <ele>279.5</ele>
    <time>2025-07-08T13:08:31Z</time>
   </trkpt>
   <trkpt lat="62.4764310" lon="8.1235210">
    <ele>279.6</ele>
    <time>2025-07-08T13:08:32Z</time>
   </trkpt>
   <trkpt lat="62.4764330" lon="8.1235170">
    <ele>279.6</ele>
    <time>2025-07-08T13:08:33Z</time>
   </trkpt>
   <trkpt lat="62.4764190" lon="8.1235290">
    <ele>279.8</ele>
    <time>2025-07-08T13:08:34Z</time>
   </trkpt>
   <trkpt lat="62.4764130" lon="8.1235360">
    <ele>279.9</ele>
    <time>2025-07-08T13:08:35Z</time>
   </trkpt>
   <trkpt lat="62.4764100" lon="8.1235400">
    <ele>279.9</ele>
    <time>2025-07-08T13:08:36Z</time>
   </trkpt>
   <trkpt lat="62.4764060" lon="8.1235420">
    <ele>280.0</ele>
    <time>2025-07-08T13:08:37Z</time>
   </trkpt>
   <trkpt lat="62.4764020" lon="8.1235520">
    <ele>280.0</ele>
    <time>2025-07-08T13:08:38Z</time>
   </trkpt>
   <trkpt lat="62.4764000" lon="8.1235570">
    <ele>280.1</ele>
    <time>2025-07-08T13:08:39Z</time>
   </trkpt>
   <trkpt lat="62.4763980" lon="8.1235630">
    <ele>280.1</ele>
    <time>2025-07-08T13:08:40Z</time>
   </trkpt>
   <trkpt lat="62.4763950" lon="8.1235680">
    <ele>280.2</ele>
    <time>2025-07-08T13:08:41Z</time>
   </trkpt>
   <trkpt lat="62.4763850" lon="8.1235650">
    <ele>280.3</ele>
    <time>2025-07-08T13:08:42Z</time>
   </trkpt>
   <trkpt lat="62.4763730" lon="8.1235690">
    <ele>280.4</ele>
    <time>2025-07-08T13:08:43Z</time>
   </trkpt>
   <trkpt lat="62.4763680" lon="8.1235660">
    <ele>280.5</ele>
    <time>2025-07-08T13:08:44Z</time>
   </trkpt>
   <trkpt lat="62.4763530" lon="8.1235550">
    <ele>280.7</ele>
    <time>2025-07-08T13:08:45Z</time>
   </trkpt>
   <trkpt lat="62.4763440" lon="8.1235440">
    <ele>280.8</ele>
    <time>2025-07-08T13:08:46Z</time>
   </trkpt>
   <trkpt lat="62.4763340" lon="8.1235340">
    <ele>280.9</ele>
    <time>2025-07-08T13:08:47Z</time>
   </trkpt>
   <trkpt lat="62.4763290" lon="8.1235360">
    <ele>281.0</ele>
    <time>2025-07-08T13:08:48Z</time>
   </trkpt>
   <trkpt lat="62.4763260" lon="8.1235280">
    <ele>281.1</ele>
    <time>2025-07-08T13:08:49Z</time>
   </trkpt>
   <trkpt lat="62.4763240" lon="8.1235140">
    <ele>281.1</ele>
    <time>2025-07-08T13:08:50Z</time>
   </trkpt>
   <trkpt lat="62.4763180" lon="8.1235120">
    <ele>281.2</ele>
    <time>2025-07-08T13:08:51Z</time>
   </trkpt>
   <trkpt lat="62.4763110" lon="8.1235060">
    <ele>281.3</ele>
    <time>2025-07-08T13:08:52Z</time>
   </trkpt>
   <trkpt lat="62.4762990" lon="8.1234940">
    <ele>281.5</ele>
    <time>2025-07-08T13:08:53Z</time>
   </trkpt>
   <trkpt lat="62.4762860" lon="8.1234920">
    <ele>281.6</ele>
    <time>2025-07-08T13:08:54Z</time>
   </trkpt>
   <trkpt lat="62.4762770" lon="8.1234860">
    <ele>281.8</ele>
    <time>2025-07-08T13:08:55Z</time>
   </trkpt>
   <trkpt lat="62.4762630" lon="8.1234890">
    <ele>281.9</ele>
    <time>2025-07-08T13:08:56Z</time>
   </trkpt>
   <trkpt lat="62.4762520" lon="8.1234830">
    <ele>282.1</ele>
    <time>2025-07-08T13:08:57Z</time>
   </trkpt>
   <trkpt lat="62.4762440" lon="8.1234740">
    <ele>282.2</ele>
    <time>2025-07-08T13:08:58Z</time>
   </trkpt>
   <trkpt lat="62.4762390" lon="8.1234700">
    <ele>282.3</ele>
    <time>2025-07-08T13:08:59Z</time>
   </trkpt>
   <trkpt lat="62.4762390" lon="8.1234730">
    <ele>282.3</ele>
    <time>2025-07-08T13:09:00Z</time>
   </trkpt>
   <trkpt lat="62.4762360" lon="8.1234740">
    <ele>282.3</ele>
    <time>2025-07-08T13:09:01Z</time>
   </trkpt>
   <trkpt lat="62.4762360" lon="8.1234680">
    <ele>282.4</ele>
    <time>2025-07-08T13:09:02Z</time>
   </trkpt>
   <trkpt lat="62.4762400" lon="8.1234640">
    <ele>282.4</ele>
    <time>2025-07-08T13:09:03Z</time>
   </trkpt>
   <trkpt lat="62.4762400" lon="8.1234650">
    <ele>282.5</ele>
    <time>2025-07-08T13:09:04Z</time>
   </trkpt>
   <trkpt lat="62.4762400" lon="8.1234650">
    <ele>282.5</ele>
    <time>2025-07-08T13:09:05Z</time>
   </trkpt>
   <trkpt lat="62.4762350" lon="8.1234590">
    <ele>282.5</ele>
    <time>2025-07-08T13:09:06Z</time>
   </trkpt>
   <trkpt lat="62.4762290" lon="8.1234500">
    <ele>282.6</ele>
    <time>2025-07-08T13:09:07Z</time>
   </trkpt>
   <trkpt lat="62.4762200" lon="8.1234480">
    <ele>282.8</ele>
    <time>2025-07-08T13:09:08Z</time>
   </trkpt>
   <trkpt lat="62.4761980" lon="8.1234320">
    <ele>283.1</ele>
    <time>2025-07-08T13:09:09Z</time>
   </trkpt>
   <trkpt lat="62.4761880" lon="8.1234250">
    <ele>283.3</ele>
    <time>2025-07-08T13:09:10Z</time>
   </trkpt>
   <trkpt lat="62.4761780" lon="8.1234170">
    <ele>283.4</ele>
    <time>2025-07-08T13:09:11Z</time>
   </trkpt>
   <trkpt lat="62.4762010" lon="8.1234360">
    <ele>283.8</ele>
    <time>2025-07-08T13:09:12Z</time>
   </trkpt>
   <trkpt lat="62.4762030" lon="8.1234420">
    <ele>283.8</ele>
    <time>2025-07-08T13:09:13Z</time>
   </trkpt>
   <trkpt lat="62.4762110" lon="8.1234470">
    <ele>284.0</ele>
    <time>2025-07-08T13:09:14Z</time>
   </trkpt>
   <trkpt lat="62.4762210" lon="8.1234650">
    <ele>284.2</ele>
    <time>2025-07-08T13:09:15Z</time>
   </trkpt>
   <trkpt lat="62.4762220" lon="8.1234660">
    <ele>284.2</ele>
    <time>2025-07-08T13:09:16Z</time>
   </trkpt>
   <trkpt lat="62.4762150" lon="8.1234570">
    <ele>284.3</ele>
    <time>2025-07-08T13:09:17Z</time>
   </trkpt>
   <trkpt lat="62.4762130" lon="8.1234600">
    <ele>284.3</ele>
    <time>2025-07-08T13:09:18Z</time>
   </trkpt>
   <trkpt lat="62.4762160" lon="8.1234580">
    <ele>284.4</ele>
    <time>2025-07-08T13:09:19Z</time>
   </trkpt>
   <trkpt lat="62.4762170" lon="8.1234580">
    <ele>284.4</ele>
    <time>2025-07-08T13:09:20Z</time>
   </trkpt>
   <trkpt lat="62.4762130" lon="8.1234520">
    <ele>284.5</ele>
    <time>2025-07-08T13:09:21Z</time>
   </trkpt>
   <trkpt lat="62.4762070" lon="8.1234510">
    <ele>284.6</ele>
    <time>2025-07-08T13:09:22Z</time>
   </trkpt>
   <trkpt lat="62.4762060" lon="8.1234530">
    <ele>284.6</ele>
    <time>2025-07-08T13:09:23Z</time>
   </trkpt>
   <trkpt lat="62.4762070" lon="8.1234480">
    <ele>284.6</ele>
    <time>2025-07-08T13:09:24Z</time>
   </trkpt>
   <trkpt lat="62.4762100" lon="8.1234500">
    <ele>284.7</ele>
    <time>2025-07-08T13:09:25Z</time>
   </trkpt>
   <trkpt lat="62.4762100" lon="8.1234460">
    <ele>284.7</ele>
    <time>2025-07-08T13:09:26Z</time>
   </trkpt>
   <trkpt lat="62.4762190" lon="8.1234500">
    <ele>284.9</ele>
    <time>2025-07-08T13:09:27Z</time>
   </trkpt>
   <trkpt lat="62.4762250" lon="8.1234430">
    <ele>285.0</ele>
    <time>2025-07-08T13:09:28Z</time>
   </trkpt>
   <trkpt lat="62.4762220" lon="8.1234600">
    <ele>285.1</ele>
    <time>2025-07-08T13:09:29Z</time>
   </trkpt>
   <trkpt lat="62.4762160" lon="8.1234560">
    <ele>285.2</ele>
    <time>2025-07-08T13:09:30Z</time>
   </trkpt>
   <trkpt lat="62.4762290" lon="8.1234500">
    <ele>285.4</ele>
    <time>2025-07-08T13:09:31Z</time>
   </trkpt>
   <trkpt lat="62.4762220" lon="8.1234640">
    <ele>285.6</ele>
    <time>2025-07-08T13:09:32Z</time>
   </trkpt>
   <trkpt lat="62.4762260" lon="8.1234680">
    <ele>285.7</ele>
    <time>2025-07-08T13:09:33Z</time>
   </trkpt>
   <trkpt lat="62.4762330" lon="8.1234650">
    <ele>285.8</ele>
    <time>2025-07-08T13:09:34Z</time>
   </trkpt>
   <trkpt lat="62.4762440" lon="8.1234670">
    <ele>286.0</ele>
    <time>2025-07-08T13:09:35Z</time>
   </trkpt>
   <trkpt lat="62.4762520" lon="8.1234630">
    <ele>286.1</ele>
    <time>2025-07-08T13:09:36Z</time>
   </trkpt>
   <trkpt lat="62.4762610" lon="8.1234740">
    <ele>286.3</ele>
    <time>2025-07-08T13:09:37Z</time>
   </trkpt>
   <trkpt lat="62.4762780" lon="8.1234840">
    <ele>286.6</ele>
    <time>2025-07-08T13:09:38Z</time>
   </trkpt>
   <trkpt lat="62.4762890" lon="8.1234870">
    <ele>286.8</ele>
    <time>2025-07-08T13:09:39Z</time>
   </trkpt>
   <trkpt lat="62.4763010" lon="8.1234910">
    <ele>287.0</ele>
    <time>2025-07-08T13:09:40Z</time>
   </trkpt>
   <trkpt lat="62.4763300" lon="8.1234860">
    <ele>286.4</ele>
    <time>2025-07-08T13:09:41Z</time>
   </trkpt>
   <trkpt lat="62.4763190" lon="8.1234950">
    <ele>286.3</ele>
    <time>2025-07-08T13:09:42Z</time>
   </trkpt>
   <trkpt lat="62.4763100" lon="8.1235060">
    <ele>286.1</ele>
    <time>2025-07-08T13:09:43Z</time>
   </trkpt>
   <trkpt lat="62.4763220" lon="8.1235080">
    <ele>285.9</ele>
    <time>2025-07-08T13:09:45Z</time>
   </trkpt>
   <trkpt lat="62.4763220" lon="8.1235250">
    <ele>285.8</ele>
    <time>2025-07-08T13:09:46Z</time>
   </trkpt>
   <trkpt lat="62.4763280" lon="8.1235280">
    <ele>285.7</ele>
    <time>2025-07-08T13:09:47Z</time>
   </trkpt>
   <trkpt lat="62.4763370" lon="8.1235290">
    <ele>285.5</ele>
    <time>2025-07-08T13:09:48Z</time>
   </trkpt>
   <trkpt lat="62.4763400" lon="8.1235300">
    <ele>285.5</ele>
    <time>2025-07-08T13:09:49Z</time>
   </trkpt>
   <trkpt lat="62.4763430" lon="8.1235300">
    <ele>285.4</ele>
    <time>2025-07-08T13:09:50Z</time>
   </trkpt>
   <trkpt lat="62.4763520" lon="8.1235380">
    <ele>285.3</ele>
    <time>2025-07-08T13:09:51Z</time>
   </trkpt>
   <trkpt lat="62.4763550" lon="8.1235410">
    <ele>285.2</ele>
    <time>2025-07-08T13:09:52Z</time>
   </trkpt>
   <trkpt lat="62.4763670" lon="8.1235530">
    <ele>285.0</ele>
    <time>2025-07-08T13:09:53Z</time>
   </trkpt>
   <trkpt lat="62.4763710" lon="8.1235620">
    <ele>284.9</ele>
    <time>2025-07-08T13:09:54Z</time>
   </trkpt>
   <trkpt lat="62.4763690" lon="8.1235610">
    <ele>284.9</ele>
    <time>2025-07-08T13:09:55Z</time>
   </trkpt>
   <trkpt lat="62.4763730" lon="8.1235650">
    <ele>284.8</ele>
    <time>2025-07-08T13:09:56Z</time>
   </trkpt>
   <trkpt lat="62.4763790" lon="8.1235620">
    <ele>284.7</ele>
    <time>2025-07-08T13:09:57Z</time>
   </trkpt>
   <trkpt lat="62.4763880" lon="8.1235600">
    <ele>284.6</ele>
    <time>2025-07-08T13:09:58Z</time>
   </trkpt>
   <trkpt lat="62.4763930" lon="8.1235660">
    <ele>284.5</ele>
    <time>2025-07-08T13:09:59Z</time>
   </trkpt>
   <trkpt lat="62.4763990" lon="8.1235680">
    <ele>284.4</ele>
    <time>2025-07-08T13:10:00Z</time>
   </trkpt>
   <trkpt lat="62.4764040" lon="8.1235660">
    <ele>284.3</ele>
    <time>2025-07-08T13:10:01Z</time>
   </trkpt>
   <trkpt lat="62.4764080" lon="8.1235550">
    <ele>284.2</ele>
    <time>2025-07-08T13:10:02Z</time>
   </trkpt>
   <trkpt lat="62.4764050" lon="8.1235470">
    <ele>284.1</ele>
    <time>2025-07-08T13:10:03Z</time>
   </trkpt>
   <trkpt lat="62.4763980" lon="8.1235430">
    <ele>284.0</ele>
    <time>2025-07-08T13:10:04Z</time>
   </trkpt>
   <trkpt lat="62.4763980" lon="8.1235370">
    <ele>284.0</ele>
    <time>2025-07-08T13:10:05Z</time>
   </trkpt>
   <trkpt lat="62.4763930" lon="8.1235490">
    <ele>283.9</ele>
    <time>2025-07-08T13:10:06Z</time>
   </trkpt>
   <trkpt lat="62.4763970" lon="8.1235610">
    <ele>283.8</ele>
    <time>2025-07-08T13:10:07Z</time>
   </trkpt>
   <trkpt lat="62.4764060" lon="8.1235670">
    <ele>283.6</ele>
    <time>2025-07-08T13:10:08Z</time>
   </trkpt>
   <trkpt lat="62.4763990" lon="8.1235620">
    <ele>283.5</ele>
    <time>2025-07-08T13:10:09Z</time>
   </trkpt>
   <trkpt lat="62.4763990" lon="8.1235620">
    <ele>283.5</ele>
    <time>2025-07-08T13:10:10Z</time>
   </trkpt>
   <trkpt lat="62.4763990" lon="8.1235620">
    <ele>283.5</ele>
    <time>2025-07-08T13:10:11Z</time>
   </trkpt>
   <trkpt lat="62.4763970" lon="8.1235520">
    <ele>283.4</ele>
    <time>2025-07-08T13:10:12Z</time>
   </trkpt>
   <trkpt lat="62.4763980" lon="8.1235620">
    <ele>283.4</ele>
    <time>2025-07-08T13:10:13Z</time>
   </trkpt>
   <trkpt lat="62.4764050" lon="8.1235680">
    <ele>283.3</ele>
    <time>2025-07-08T13:10:14Z</time>
   </trkpt>
   <trkpt lat="62.4764040" lon="8.1235710">
    <ele>283.3</ele>
    <time>2025-07-08T13:10:15Z</time>
   </trkpt>
   <trkpt lat="62.4764130" lon="8.1235630">
    <ele>283.1</ele>
    <time>2025-07-08T13:10:16Z</time>
   </trkpt>
   <trkpt lat="62.4764220" lon="8.1235350">
    <ele>282.9</ele>
    <time>2025-07-08T13:10:17Z</time>
   </trkpt>
   <trkpt lat="62.4764280" lon="8.1235340">
    <ele>282.8</ele>
    <time>2025-07-08T13:10:18Z</time>
   </trkpt>
   <trkpt lat="62.4764140" lon="8.1235230">
    <ele>282.6</ele>
    <time>2025-07-08T13:10:19Z</time>
   </trkpt>
   <trkpt lat="62.4764200" lon="8.1235190">
    <ele>282.5</ele>
    <time>2025-07-08T13:10:20Z</time>
   </trkpt>
   <trkpt lat="62.4764230" lon="8.1235230">
    <ele>282.5</ele>
    <time>2025-07-08T13:10:21Z</time>
   </trkpt>
   <trkpt lat="62.4764230" lon="8.1235190">
    <ele>282.4</ele>
    <time>2025-07-08T13:10:22Z</time>
   </trkpt>
   <trkpt lat="62.4764320" lon="8.1235200">
    <ele>282.3</ele>
    <time>2025-07-08T13:10:23Z</time>
   </trkpt>
   <trkpt lat="62.4764420" lon="8.1235200">
    <ele>282.2</ele>
    <time>2025-07-08T13:10:24Z</time>
   </trkpt>
   <trkpt lat="62.4764450" lon="8.1235200">
    <ele>282.2</ele>
    <time>2025-07-08T13:10:25Z</time>
   </trkpt>
   <trkpt lat="62.4764490" lon="8.1235210">
    <ele>282.1</ele>
    <time>2025-07-08T13:10:26Z</time>
   </trkpt>
   <trkpt lat="62.4764520" lon="8.1235220">
    <ele>282.1</ele>
    <time>2025-07-08T13:10:27Z</time>
   </trkpt>
   <trkpt lat="62.4764560" lon="8.1235220">
    <ele>282.0</ele>
    <time>2025-07-08T13:10:28Z</time>
   </trkpt>
   <trkpt lat="62.4764600" lon="8.1235230">
    <ele>282.0</ele>
    <time>2025-07-08T13:10:29Z</time>
   </trkpt>
   <trkpt lat="62.4764630" lon="8.1235240">
    <ele>281.9</ele>
    <time>2025-07-08T13:10:30Z</time>
   </trkpt>
   <trkpt lat="62.4764670" lon="8.1235250">
    <ele>281.9</ele>
    <time>2025-07-08T13:10:31Z</time>
   </trkpt>
   <trkpt lat="62.4764700" lon="8.1235250">
    <ele>281.8</ele>
    <time>2025-07-08T13:10:32Z</time>
   </trkpt>
   <trkpt lat="62.4764740" lon="8.1235260">
    <ele>281.8</ele>
    <time>2025-07-08T13:10:33Z</time>
   </trkpt>
   <trkpt lat="62.4764830" lon="8.1235180">
    <ele>281.7</ele>
    <time>2025-07-08T13:10:34Z</time>
   </trkpt>
   <trkpt lat="62.4764920" lon="8.1235220">
    <ele>281.5</ele>
    <time>2025-07-08T13:10:35Z</time>
   </trkpt>
   <trkpt lat="62.4764840" lon="8.1235250">
    <ele>281.4</ele>
    <time>2025-07-08T13:10:36Z</time>
   </trkpt>
   <trkpt lat="62.4764890" lon="8.1235230">
    <ele>281.4</ele>
    <time>2025-07-08T13:10:37Z</time>
   </trkpt>
   <trkpt lat="62.4764890" lon="8.1235230">
    <ele>281.4</ele>
    <time>2025-07-08T13:10:38Z</time>
   </trkpt>
   <trkpt lat="62.4764910" lon="8.1235200">
    <ele>281.3</ele>
    <time>2025-07-08T13:10:39Z</time>
   </trkpt>
   <trkpt lat="62.4764890" lon="8.1235190">
    <ele>281.3</ele>
    <time>2025-07-08T13:10:40Z</time>
   </trkpt>
   <trkpt lat="62.4764870" lon="8.1235210">
    <ele>281.3</ele>
    <time>2025-07-08T13:10:41Z</time>
   </trkpt>
   <trkpt lat="62.4764880" lon="8.1235190">
    <ele>281.3</ele>
    <time>2025-07-08T13:10:42Z</time>
   </trkpt>
   <trkpt lat="62.4764880" lon="8.1235180">
    <ele>281.3</ele>
    <time>2025-07-08T13:10:43Z</time>
   </trkpt>
   <trkpt lat="62.4764890" lon="8.1235180">
    <ele>281.3</ele>
    <time>2025-07-08T13:10:44Z</time>
   </trkpt>
   <trkpt lat="62.4764890" lon="8.1235210">
    <ele>281.2</ele>
    <time>2025-07-08T13:10:45Z</time>
   </trkpt>
   <trkpt lat="62.4764890" lon="8.1235210">
    <ele>281.2</ele>
    <time>2025-07-08T13:10:46Z</time>
   </trkpt>
   <trkpt lat="62.4764890" lon="8.1235210">
    <ele>281.2</ele>
    <time>2025-07-08T13:10:47Z</time>
   </trkpt>
   <trkpt lat="62.4764890" lon="8.1235210">
    <ele>281.2</ele>
    <time>2025-07-08T13:10:48Z</time>
   </trkpt>
   <trkpt lat="62.4764890" lon="8.1235210">
    <ele>281.2</ele>
    <time>2025-07-08T13:10:49Z</time>
   </trkpt>
   <trkpt lat="62.4764890" lon="8.1235210">
    <ele>281.2</ele>
    <time>2025-07-08T13:10:50Z</time>
   </trkpt>
   <trkpt lat="62.4764920" lon="8.1235250">
    <ele>281.2</ele>
    <time>2025-07-08T13:10:51Z</time>
   </trkpt>
   <trkpt lat="62.4764910" lon="8.1235260">
    <ele>281.2</ele>
    <time>2025-07-08T13:10:52Z</time>
   </trkpt>
   <trkpt lat="62.4764910" lon="8.1235260">
    <ele>281.2</ele>
    <time>2025-07-08T13:10:53Z</time>
   </trkpt>
   <trkpt lat="62.4764910" lon="8.1235260">
    <ele>281.2</ele>
    <time>2025-07-08T13:10:54Z</time>
   </trkpt>
   <trkpt lat="62.4764910" lon="8.1235260">
    <ele>281.2</ele>
    <time>2025-07-08T13:10:55Z</time>
   </trkpt>
   <trkpt lat="62.4764910" lon="8.1235260">
    <ele>281.2</ele>
    <time>2025-07-08T13:10:56Z</time>
   </trkpt>
   <trkpt lat="62.4764930" lon="8.1235250">
    <ele>281.2</ele>
    <time>2025-07-08T13:10:57Z</time>
   </trkpt>
   <trkpt lat="62.4764930" lon="8.1235250">
    <ele>281.2</ele>
    <time>2025-07-08T13:10:58Z</time>
   </trkpt>
   <trkpt lat="62.4764930" lon="8.1235250">
    <ele>281.2</ele>
    <time>2025-07-08T13:10:59Z</time>
   </trkpt>
   <trkpt lat="62.4764930" lon="8.1235250">
    <ele>281.2</ele>
    <time>2025-07-08T13:11:00Z</time>
   </trkpt>
   <trkpt lat="62.4764930" lon="8.1235250">
    <ele>281.2</ele>
    <time>2025-07-08T13:11:01Z</time>
   </trkpt>
   <trkpt lat="62.4764930" lon="8.1235250">
    <ele>281.2</ele>
    <time>2025-07-08T13:11:02Z</time>
   </trkpt>
   <trkpt lat="62.4764930" lon="8.1235250">
    <ele>281.2</ele>
    <time>2025-07-08T13:11:03Z</time>
   </trkpt>
   <trkpt lat="62.4764930" lon="8.1235250">
    <ele>281.2</ele>
    <time>2025-07-08T13:11:04Z</time>
   </trkpt>
   <trkpt lat="62.4764930" lon="8.1235250">
    <ele>281.2</ele>
    <time>2025-07-08T13:11:05Z</time>
   </trkpt>
   <trkpt lat="62.4764930" lon="8.1235250">
    <ele>281.2</ele>
    <time>2025-07-08T13:11:06Z</time>
   </trkpt>
   <trkpt lat="62.4764930" lon="8.1235250">
    <ele>281.2</ele>
    <time>2025-07-08T13:11:07Z</time>
   </trkpt>
   <trkpt lat="62.4764920" lon="8.1235250">
    <ele>281.2</ele>
    <time>2025-07-08T13:11:08Z</time>
   </trkpt>
   <trkpt lat="62.4764920" lon="8.1235250">
    <ele>281.2</ele>
    <time>2025-07-08T13:11:09Z</time>
   </trkpt>
   <trkpt lat="62.4764920" lon="8.1235250">
    <ele>281.2</ele>
    <time>2025-07-08T13:11:10Z</time>
   </trkpt>
   <trkpt lat="62.4764920" lon="8.1235250">
    <ele>281.2</ele>
    <time>2025-07-08T13:11:11Z</time>
   </trkpt>
   <trkpt lat="62.4764920" lon="8.1235250">
    <ele>281.2</ele>
    <time>2025-07-08T13:11:12Z</time>
   </trkpt>
   <trkpt lat="62.4764930" lon="8.1235250">
    <ele>281.1</ele>
    <time>2025-07-08T13:11:13Z</time>
   </trkpt>
   <trkpt lat="62.4764930" lon="8.1235250">
    <ele>281.1</ele>
    <time>2025-07-08T13:11:14Z</time>
   </trkpt>
   <trkpt lat="62.4764930" lon="8.1235250">
    <ele>281.1</ele>
    <time>2025-07-08T13:11:15Z</time>
   </trkpt>
   <trkpt lat="62.4764930" lon="8.1235250">
    <ele>281.1</ele>
    <time>2025-07-08T13:11:16Z</time>
   </trkpt>
   <trkpt lat="62.4764930" lon="8.1235250">
    <ele>281.1</ele>
    <time>2025-07-08T13:11:17Z</time>
   </trkpt>
   <trkpt lat="62.4764940" lon="8.1235250">
    <ele>281.1</ele>
    <time>2025-07-08T13:11:18Z</time>
   </trkpt>
   <trkpt lat="62.4764970" lon="8.1235270">
    <ele>281.1</ele>
    <time>2025-07-08T13:11:19Z</time>
   </trkpt>
   <trkpt lat="62.4764990" lon="8.1235310">
    <ele>281.1</ele>
    <time>2025-07-08T13:11:20Z</time>
   </trkpt>
   <trkpt lat="62.4764980" lon="8.1235320">
    <ele>281.0</ele>
    <time>2025-07-08T13:11:21Z</time>
   </trkpt>
   <trkpt lat="62.4764970" lon="8.1235320">
    <ele>281.0</ele>
    <time>2025-07-08T13:11:22Z</time>
   </trkpt>
   <trkpt lat="62.4764980" lon="8.1235300">
    <ele>281.0</ele>
    <time>2025-07-08T13:11:23Z</time>
   </trkpt>
   <trkpt lat="62.4764970" lon="8.1235300">
    <ele>281.0</ele>
    <time>2025-07-08T13:11:24Z</time>
   </trkpt>
   <trkpt lat="62.4764970" lon="8.1235290">
    <ele>281.0</ele>
    <time>2025-07-08T13:11:25Z</time>
   </trkpt>
   <trkpt lat="62.4764960" lon="8.1235280">
    <ele>281.0</ele>
    <time>2025-07-08T13:11:26Z</time>
   </trkpt>
   <trkpt lat="62.4764960" lon="8.1235270">
    <ele>281.0</ele>
    <time>2025-07-08T13:11:27Z</time>
   </trkpt>
   <trkpt lat="62.4764960" lon="8.1235270">
    <ele>281.0</ele>
    <time>2025-07-08T13:11:28Z</time>
   </trkpt>
   <trkpt lat="62.4764950" lon="8.1235260">
    <ele>281.0</ele>
    <time>2025-07-08T13:11:29Z</time>
   </trkpt>
   <trkpt lat="62.4764950" lon="8.1235260">
    <ele>281.0</ele>
    <time>2025-07-08T13:11:30Z</time>
   </trkpt>
   <trkpt lat="62.4764950" lon="8.1235260">
    <ele>281.0</ele>
    <time>2025-07-08T13:11:31Z</time>
   </trkpt>
   <trkpt lat="62.4764940" lon="8.1235260">
    <ele>281.0</ele>
    <time>2025-07-08T13:11:32Z</time>
   </trkpt>
   <trkpt lat="62.4764960" lon="8.1235290">
    <ele>280.9</ele>
    <time>2025-07-08T13:11:33Z</time>
   </trkpt>
   <trkpt lat="62.4764960" lon="8.1235320">
    <ele>280.9</ele>
    <time>2025-07-08T13:11:34Z</time>
   </trkpt>
   <trkpt lat="62.4764980" lon="8.1235340">
    <ele>280.9</ele>
    <time>2025-07-08T13:11:35Z</time>
   </trkpt>
   <trkpt lat="62.4765010" lon="8.1235380">
    <ele>280.8</ele>
    <time>2025-07-08T13:11:36Z</time>
   </trkpt>
   <trkpt lat="62.4765000" lon="8.1235360">
    <ele>280.8</ele>
    <time>2025-07-08T13:11:37Z</time>
   </trkpt>
   <trkpt lat="62.4765000" lon="8.1235370">
    <ele>280.8</ele>
    <time>2025-07-08T13:11:38Z</time>
   </trkpt>
   <trkpt lat="62.4765000" lon="8.1235360">
    <ele>280.8</ele>
    <time>2025-07-08T13:11:39Z</time>
   </trkpt>
   <trkpt lat="62.4765000" lon="8.1235360">
    <ele>280.8</ele>
    <time>2025-07-08T13:11:40Z</time>
   </trkpt>
   <trkpt lat="62.4765000" lon="8.1235370">
    <ele>280.8</ele>
    <time>2025-07-08T13:11:41Z</time>
   </trkpt>
   <trkpt lat="62.4765070" lon="8.1235330">
    <ele>280.7</ele>
    <time>2025-07-08T13:11:42Z</time>
   </trkpt>
   <trkpt lat="62.4765180" lon="8.1235360">
    <ele>280.6</ele>
    <time>2025-07-08T13:11:43Z</time>
   </trkpt>
   <trkpt lat="62.4765320" lon="8.1235460">
    <ele>280.4</ele>
    <time>2025-07-08T13:11:44Z</time>
   </trkpt>
   <trkpt lat="62.4765350" lon="8.1235640">
    <ele>280.3</ele>
    <time>2025-07-08T13:11:45Z</time>
   </trkpt>
   <trkpt lat="62.4765440" lon="8.1235670">
    <ele>280.2</ele>
    <time>2025-07-08T13:11:46Z</time>
   </trkpt>
   <trkpt lat="62.4765510" lon="8.1235730">
    <ele>280.1</ele>
    <time>2025-07-08T13:11:47Z</time>
   </trkpt>
   <trkpt lat="62.4765620" lon="8.1235780">
    <ele>280.0</ele>
    <time>2025-07-08T13:11:48Z</time>
   </trkpt>
   <trkpt lat="62.4765660" lon="8.1235820">
    <ele>280.0</ele>
    <time>2025-07-08T13:11:49Z</time>
   </trkpt>
   <trkpt lat="62.4765640" lon="8.1235840">
    <ele>279.9</ele>
    <time>2025-07-08T13:11:51Z</time>
   </trkpt>
   <trkpt lat="62.4765700" lon="8.1235890">
    <ele>279.9</ele>
    <time>2025-07-08T13:11:52Z</time>
   </trkpt>
   <trkpt lat="62.4765830" lon="8.1235910">
    <ele>279.7</ele>
    <time>2025-07-08T13:11:53Z</time>
   </trkpt>
   <trkpt lat="62.4765850" lon="8.1235880">
    <ele>279.7</ele>
    <time>2025-07-08T13:11:54Z</time>
   </trkpt>
   <trkpt lat="62.4765920" lon="8.1235970">
    <ele>279.6</ele>
    <time>2025-07-08T13:11:55Z</time>
   </trkpt>
   <trkpt lat="62.4765930" lon="8.1235980">
    <ele>279.6</ele>
    <time>2025-07-08T13:11:56Z</time>
   </trkpt>
   <trkpt lat="62.4765910" lon="8.1235940">
    <ele>279.6</ele>
    <time>2025-07-08T13:11:57Z</time>
   </trkpt>
   <trkpt lat="62.4765870" lon="8.1235980">
    <ele>279.5</ele>
    <time>2025-07-08T13:11:58Z</time>
   </trkpt>
   <trkpt lat="62.4765880" lon="8.1235960">
    <ele>279.5</ele>
    <time>2025-07-08T13:11:59Z</time>
   </trkpt>
   <trkpt lat="62.4765930" lon="8.1235910">
    <ele>279.4</ele>
    <time>2025-07-08T13:12:00Z</time>
   </trkpt>
   <trkpt lat="62.4766040" lon="8.1235860">
    <ele>279.3</ele>
    <time>2025-07-08T13:12:01Z</time>
   </trkpt>
   <trkpt lat="62.4766070" lon="8.1235920">
    <ele>279.3</ele>
    <time>2025-07-08T13:12:02Z</time>
   </trkpt>
   <trkpt lat="62.4766150" lon="8.1235990">
    <ele>279.2</ele>
    <time>2025-07-08T13:12:03Z</time>
   </trkpt>
   <trkpt lat="62.4766200" lon="8.1235900">
    <ele>279.1</ele>
    <time>2025-07-08T13:12:04Z</time>
   </trkpt>
   <trkpt lat="62.4766280" lon="8.1235830">
    <ele>279.0</ele>
    <time>2025-07-08T13:12:05Z</time>
   </trkpt>
   <trkpt lat="62.4766360" lon="8.1235910">
    <ele>278.9</ele>
    <time>2025-07-08T13:12:06Z</time>
   </trkpt>
   <trkpt lat="62.4766470" lon="8.1236080">
    <ele>278.7</ele>
    <time>2025-07-08T13:12:07Z</time>
   </trkpt>
   <trkpt lat="62.4766560" lon="8.1236150">
    <ele>278.6</ele>
    <time>2025-07-08T13:12:08Z</time>
   </trkpt>
   <trkpt lat="62.4766650" lon="8.1236230">
    <ele>278.5</ele>
    <time>2025-07-08T13:12:09Z</time>
   </trkpt>
   <trkpt lat="62.4766700" lon="8.1236280">
    <ele>278.5</ele>
    <time>2025-07-08T13:12:10Z</time>
   </trkpt>
   <trkpt lat="62.4766810" lon="8.1236270">
    <ele>278.3</ele>
    <time>2025-07-08T13:12:11Z</time>
   </trkpt>
   <trkpt lat="62.4766880" lon="8.1236260">
    <ele>278.3</ele>
    <time>2025-07-08T13:12:12Z</time>
   </trkpt>
   <trkpt lat="62.4767030" lon="8.1236240">
    <ele>278.1</ele>
    <time>2025-07-08T13:12:13Z</time>
   </trkpt>
   <trkpt lat="62.4767120" lon="8.1236170">
    <ele>278.0</ele>
    <time>2025-07-08T13:12:14Z</time>
   </trkpt>
   <trkpt lat="62.4767130" lon="8.1236090">
    <ele>277.9</ele>
    <time>2025-07-08T13:12:15Z</time>
   </trkpt>
   <trkpt lat="62.4767180" lon="8.1236160">
    <ele>277.9</ele>
    <time>2025-07-08T13:12:16Z</time>
   </trkpt>
   <trkpt lat="62.4767320" lon="8.1236130">
    <ele>277.7</ele>
    <time>2025-07-08T13:12:17Z</time>
   </trkpt>
   <trkpt lat="62.4767450" lon="8.1236180">
    <ele>277.6</ele>
    <time>2025-07-08T13:12:18Z</time>
   </trkpt>
   <trkpt lat="62.4767440" lon="8.1236180">
    <ele>277.6</ele>
    <time>2025-07-08T13:12:19Z</time>
   </trkpt>
   <trkpt lat="62.4767510" lon="8.1236160">
    <ele>277.5</ele>
    <time>2025-07-08T13:12:20Z</time>
   </trkpt>
   <trkpt lat="62.4767600" lon="8.1236220">
    <ele>277.4</ele>
    <time>2025-07-08T13:12:21Z</time>
   </trkpt>
   <trkpt lat="62.4767720" lon="8.1236330">
    <ele>277.3</ele>
    <time>2025-07-08T13:12:22Z</time>
   </trkpt>
   <trkpt lat="62.4767870" lon="8.1236470">
    <ele>277.1</ele>
    <time>2025-07-08T13:12:23Z</time>
   </trkpt>
   <trkpt lat="62.4767930" lon="8.1236380">
    <ele>277.0</ele>
    <time>2025-07-08T13:12:24Z</time>
   </trkpt>
   <trkpt lat="62.4768010" lon="8.1236340">
    <ele>276.9</ele>
    <time>2025-07-08T13:12:25Z</time>
   </trkpt>
   <trkpt lat="62.4768090" lon="8.1236330">
    <ele>276.8</ele>
    <time>2025-07-08T13:12:26Z</time>
   </trkpt>
   <trkpt lat="62.4768180" lon="8.1236290">
    <ele>276.7</ele>
    <time>2025-07-08T13:12:27Z</time>
   </trkpt>
   <trkpt lat="62.4768320" lon="8.1236420">
    <ele>276.6</ele>
    <time>2025-07-08T13:12:28Z</time>
   </trkpt>
   <trkpt lat="62.4768360" lon="8.1236490">
    <ele>276.5</ele>
    <time>2025-07-08T13:12:29Z</time>
   </trkpt>
   <trkpt lat="62.4768430" lon="8.1236450">
    <ele>276.4</ele>
    <time>2025-07-08T13:12:30Z</time>
   </trkpt>
   <trkpt lat="62.4768420" lon="8.1236370">
    <ele>276.4</ele>
    <time>2025-07-08T13:12:31Z</time>
   </trkpt>
   <trkpt lat="62.4768390" lon="8.1236380">
    <ele>276.4</ele>
    <time>2025-07-08T13:12:32Z</time>
   </trkpt>
   <trkpt lat="62.4768410" lon="8.1236340">
    <ele>276.3</ele>
    <time>2025-07-08T13:12:33Z</time>
   </trkpt>
   <trkpt lat="62.4768480" lon="8.1236270">
    <ele>276.2</ele>
    <time>2025-07-08T13:12:34Z</time>
   </trkpt>
   <trkpt lat="62.4768530" lon="8.1236200">
    <ele>276.2</ele>
    <time>2025-07-08T13:12:35Z</time>
   </trkpt>
   <trkpt lat="62.4768590" lon="8.1236230">
    <ele>276.1</ele>
    <time>2025-07-08T13:12:36Z</time>
   </trkpt>
   <trkpt lat="62.4768700" lon="8.1236280">
    <ele>276.0</ele>
    <time>2025-07-08T13:12:37Z</time>
   </trkpt>
   <trkpt lat="62.4768810" lon="8.1236290">
    <ele>275.9</ele>
    <time>2025-07-08T13:12:38Z</time>
   </trkpt>
   <trkpt lat="62.4768880" lon="8.1236420">
    <ele>275.8</ele>
    <time>2025-07-08T13:12:39Z</time>
   </trkpt>
   <trkpt lat="62.4768990" lon="8.1236400">
    <ele>275.7</ele>
    <time>2025-07-08T13:12:40Z</time>
   </trkpt>
   <trkpt lat="62.4769060" lon="8.1236360">
    <ele>275.6</ele>
    <time>2025-07-08T13:12:41Z</time>
   </trkpt>
   <trkpt lat="62.4769130" lon="8.1236440">
    <ele>275.5</ele>
    <time>2025-07-08T13:12:42Z</time>
   </trkpt>
   <trkpt lat="62.4769200" lon="8.1236460">
    <ele>275.4</ele>
    <time>2025-07-08T13:12:43Z</time>
   </trkpt>
   <trkpt lat="62.4769270" lon="8.1236430">
    <ele>275.3</ele>
    <time>2025-07-08T13:12:44Z</time>
   </trkpt>
   <trkpt lat="62.4769370" lon="8.1236350">
    <ele>275.2</ele>
    <time>2025-07-08T13:12:45Z</time>
   </trkpt>
   <trkpt lat="62.4769440" lon="8.1236320">
    <ele>275.1</ele>
    <time>2025-07-08T13:12:46Z</time>
   </trkpt>
   <trkpt lat="62.4769540" lon="8.1236340">
    <ele>275.0</ele>
    <time>2025-07-08T13:12:47Z</time>
   </trkpt>
   <trkpt lat="62.4769630" lon="8.1236460">
    <ele>274.9</ele>
    <time>2025-07-08T13:12:48Z</time>
   </trkpt>
   <trkpt lat="62.4769560" lon="8.1236490">
    <ele>274.9</ele>
    <time>2025-07-08T13:12:49Z</time>
   </trkpt>
   <trkpt lat="62.4769560" lon="8.1236510">
    <ele>274.8</ele>
    <time>2025-07-08T13:12:50Z</time>
   </trkpt>
   <trkpt lat="62.4769560" lon="8.1236520">
    <ele>274.8</ele>
    <time>2025-07-08T13:12:51Z</time>
   </trkpt>
   <trkpt lat="62.4769560" lon="8.1236520">
    <ele>274.8</ele>
    <time>2025-07-08T13:12:52Z</time>
   </trkpt>
   <trkpt lat="62.4769570" lon="8.1236500">
    <ele>274.8</ele>
    <time>2025-07-08T13:12:53Z</time>
   </trkpt>
   <trkpt lat="62.4769570" lon="8.1236490">
    <ele>274.8</ele>
    <time>2025-07-08T13:12:54Z</time>
   </trkpt>
   <trkpt lat="62.4769600" lon="8.1236480">
    <ele>274.8</ele>
    <time>2025-07-08T13:12:55Z</time>
   </trkpt>
   <trkpt lat="62.4769610" lon="8.1236540">
    <ele>274.8</ele>
    <time>2025-07-08T13:12:56Z</time>
   </trkpt>
   <trkpt lat="62.4769630" lon="8.1236440">
    <ele>274.7</ele>
    <time>2025-07-08T13:12:57Z</time>
   </trkpt>
   <trkpt lat="62.4769630" lon="8.1236450">
    <ele>274.7</ele>
    <time>2025-07-08T13:12:58Z</time>
   </trkpt>
   <trkpt lat="62.4769630" lon="8.1236450">
    <ele>274.7</ele>
    <time>2025-07-08T13:12:59Z</time>
   </trkpt>
   <trkpt lat="62.4769640" lon="8.1236440">
    <ele>274.7</ele>
    <time>2025-07-08T13:13:00Z</time>
   </trkpt>
   <trkpt lat="62.4769640" lon="8.1236440">
    <ele>274.7</ele>
    <time>2025-07-08T13:13:01Z</time>
   </trkpt>
   <trkpt lat="62.4769650" lon="8.1236420">
    <ele>274.7</ele>
    <time>2025-07-08T13:13:02Z</time>
   </trkpt>
   <trkpt lat="62.4769650" lon="8.1236430">
    <ele>274.7</ele>
    <time>2025-07-08T13:13:03Z</time>
   </trkpt>
   <trkpt lat="62.4769650" lon="8.1236430">
    <ele>274.7</ele>
    <time>2025-07-08T13:13:04Z</time>
   </trkpt>
   <trkpt lat="62.4769650" lon="8.1236430">
    <ele>274.7</ele>
    <time>2025-07-08T13:13:05Z</time>
   </trkpt>
   <trkpt lat="62.4769650" lon="8.1236430">
    <ele>274.7</ele>
    <time>2025-07-08T13:13:06Z</time>
   </trkpt>
   <trkpt lat="62.4769650" lon="8.1236430">
    <ele>274.7</ele>
    <time>2025-07-08T13:13:07Z</time>
   </trkpt>
   <trkpt lat="62.4769650" lon="8.1236430">
    <ele>274.7</ele>
    <time>2025-07-08T13:13:08Z</time>
   </trkpt>
   <trkpt lat="62.4769650" lon="8.1236430">
    <ele>274.7</ele>
    <time>2025-07-08T13:13:09Z</time>
   </trkpt>
   <trkpt lat="62.4769650" lon="8.1236430">
    <ele>274.7</ele>
    <time>2025-07-08T13:13:10Z</time>
   </trkpt>
   <trkpt lat="62.4769650" lon="8.1236430">
    <ele>274.7</ele>
    <time>2025-07-08T13:13:11Z</time>
   </trkpt>
   <trkpt lat="62.4769650" lon="8.1236430">
    <ele>274.7</ele>
    <time>2025-07-08T13:13:12Z</time>
   </trkpt>
   <trkpt lat="62.4769730" lon="8.1236370">
    <ele>274.6</ele>
    <time>2025-07-08T13:13:13Z</time>
   </trkpt>
   <trkpt lat="62.4769780" lon="8.1236350">
    <ele>274.5</ele>
    <time>2025-07-08T13:13:14Z</time>
   </trkpt>
   <trkpt lat="62.4769830" lon="8.1236340">
    <ele>274.5</ele>
    <time>2025-07-08T13:13:15Z</time>
   </trkpt>
   <trkpt lat="62.4769890" lon="8.1236300">
    <ele>274.4</ele>
    <time>2025-07-08T13:13:16Z</time>
   </trkpt>
   <trkpt lat="62.4769920" lon="8.1236230">
    <ele>274.4</ele>
    <time>2025-07-08T13:13:17Z</time>
   </trkpt>
   <trkpt lat="62.4769960" lon="8.1236200">
    <ele>274.3</ele>
    <time>2025-07-08T13:13:18Z</time>
   </trkpt>
   <trkpt lat="62.4769970" lon="8.1236200">
    <ele>274.3</ele>
    <time>2025-07-08T13:13:19Z</time>
   </trkpt>
   <trkpt lat="62.4769950" lon="8.1236230">
    <ele>274.3</ele>
    <time>2025-07-08T13:13:20Z</time>
   </trkpt>
   <trkpt lat="62.4769940" lon="8.1236200">
    <ele>274.3</ele>
    <time>2025-07-08T13:13:21Z</time>
   </trkpt>
   <trkpt lat="62.4769910" lon="8.1236250">
    <ele>274.2</ele>
    <time>2025-07-08T13:13:22Z</time>
   </trkpt>
   <trkpt lat="62.4769920" lon="8.1236250">
    <ele>274.2</ele>
    <time>2025-07-08T13:13:23Z</time>
   </trkpt>
   <trkpt lat="62.4769920" lon="8.1236190">
    <ele>274.2</ele>
    <time>2025-07-08T13:13:24Z</time>
   </trkpt>
   <trkpt lat="62.4769880" lon="8.1236240">
    <ele>274.2</ele>
    <time>2025-07-08T13:13:25Z</time>
   </trkpt>
   <trkpt lat="62.4769840" lon="8.1236260">
    <ele>274.1</ele>
    <time>2025-07-08T13:13:26Z</time>
   </trkpt>
   <trkpt lat="62.4769850" lon="8.1236280">
    <ele>274.1</ele>
    <time>2025-07-08T13:13:27Z</time>
   </trkpt>
   <trkpt lat="62.4769850" lon="8.1236270">
    <ele>274.1</ele>
    <time>2025-07-08T13:13:28Z</time>
   </trkpt>
   <trkpt lat="62.4769840" lon="8.1236290">
    <ele>274.1</ele>
    <time>2025-07-08T13:13:29Z</time>
   </trkpt>
   <trkpt lat="62.4769820" lon="8.1236310">
    <ele>274.1</ele>
    <time>2025-07-08T13:13:30Z</time>
   </trkpt>
   <trkpt lat="62.4769840" lon="8.1236320">
    <ele>274.0</ele>
    <time>2025-07-08T13:13:31Z</time>
   </trkpt>
   <trkpt lat="62.4769840" lon="8.1236320">
    <ele>274.0</ele>
    <time>2025-07-08T13:13:32Z</time>
   </trkpt>
   <trkpt lat="62.4769820" lon="8.1236340">
    <ele>274.0</ele>
    <time>2025-07-08T13:13:33Z</time>
   </trkpt>
   <trkpt lat="62.4769840" lon="8.1236360">
    <ele>274.0</ele>
    <time>2025-07-08T13:13:34Z</time>
   </trkpt>
   <trkpt lat="62.4769840" lon="8.1236330">
    <ele>274.0</ele>
    <time>2025-07-08T13:13:35Z</time>
   </trkpt>
   <trkpt lat="62.4769820" lon="8.1236210">
    <ele>273.9</ele>
    <time>2025-07-08T13:13:36Z</time>
   </trkpt>
   <trkpt lat="62.4769810" lon="8.1236220">
    <ele>273.9</ele>
    <time>2025-07-08T13:13:37Z</time>
   </trkpt>
   <trkpt lat="62.4769900" lon="8.1236410">
    <ele>273.8</ele>
    <time>2025-07-08T13:13:38Z</time>
   </trkpt>
   <trkpt lat="62.4769800" lon="8.1236320">
    <ele>273.7</ele>
    <time>2025-07-08T13:13:39Z</time>
   </trkpt>
   <trkpt lat="62.4769840" lon="8.1236240">
    <ele>273.6</ele>
    <time>2025-07-08T13:13:40Z</time>
   </trkpt>
   <trkpt lat="62.4769900" lon="8.1236350">
    <ele>273.5</ele>
    <time>2025-07-08T13:13:41Z</time>
   </trkpt>
   <trkpt lat="62.4769980" lon="8.1236300">
    <ele>273.5</ele>
    <time>2025-07-08T13:13:42Z</time>
   </trkpt>
   <trkpt lat="62.4769970" lon="8.1236030">
    <ele>273.3</ele>
    <time>2025-07-08T13:13:43Z</time>
   </trkpt>
   <trkpt lat="62.4770000" lon="8.1236300">
    <ele>273.2</ele>
    <time>2025-07-08T13:13:44Z</time>
   </trkpt>
   <trkpt lat="62.4769980" lon="8.1236260">
    <ele>273.2</ele>
    <time>2025-07-08T13:13:45Z</time>
   </trkpt>
   <trkpt lat="62.4769960" lon="8.1236160">
    <ele>273.1</ele>
    <time>2025-07-08T13:13:46Z</time>
   </trkpt>
   <trkpt lat="62.4769970" lon="8.1236130">
    <ele>273.1</ele>
    <time>2025-07-08T13:13:47Z</time>
   </trkpt>
   <trkpt lat="62.4769980" lon="8.1236160">
    <ele>273.1</ele>
    <time>2025-07-08T13:13:48Z</time>
   </trkpt>
   <trkpt lat="62.4769970" lon="8.1236160">
    <ele>273.1</ele>
    <time>2025-07-08T13:13:49Z</time>
   </trkpt>
   <trkpt lat="62.4770000" lon="8.1236110">
    <ele>273.0</ele>
    <time>2025-07-08T13:13:50Z</time>
   </trkpt>
   <trkpt lat="62.4770010" lon="8.1236180">
    <ele>273.0</ele>
    <time>2025-07-08T13:13:51Z</time>
   </trkpt>
   <trkpt lat="62.4770030" lon="8.1236230">
    <ele>273.0</ele>
    <time>2025-07-08T13:13:52Z</time>
   </trkpt>
   <trkpt lat="62.4770030" lon="8.1236220">
    <ele>273.0</ele>
    <time>2025-07-08T13:13:53Z</time>
   </trkpt>
   <trkpt lat="62.4770080" lon="8.1236300">
    <ele>272.9</ele>
    <time>2025-07-08T13:13:54Z</time>
   </trkpt>
   <trkpt lat="62.4770180" lon="8.1236360">
    <ele>272.8</ele>
    <time>2025-07-08T13:13:55Z</time>
   </trkpt>
   <trkpt lat="62.4770350" lon="8.1236430">
    <ele>272.7</ele>
    <time>2025-07-08T13:13:57Z</time>
   </trkpt>
   <trkpt lat="62.4770420" lon="8.1236440">
    <ele>272.6</ele>
    <time>2025-07-08T13:13:58Z</time>
   </trkpt>
   <trkpt lat="62.4770490" lon="8.1236460">
    <ele>272.5</ele>
    <time>2025-07-08T13:13:59Z</time>
   </trkpt>
   <trkpt lat="62.4770560" lon="8.1236480">
    <ele>272.4</ele>
    <time>2025-07-08T13:14:00Z</time>
   </trkpt>
   <trkpt lat="62.4770540" lon="8.1236510">
    <ele>272.4</ele>
    <time>2025-07-08T13:14:01Z</time>
   </trkpt>
   <trkpt lat="62.4770460" lon="8.1236480">
    <ele>272.3</ele>
    <time>2025-07-08T13:14:02Z</time>
   </trkpt>
   <trkpt lat="62.4770490" lon="8.1236500">
    <ele>272.3</ele>
    <time>2025-07-08T13:14:03Z</time>
   </trkpt>
   <trkpt lat="62.4770580" lon="8.1236400">
    <ele>272.2</ele>
    <time>2025-07-08T13:14:04Z</time>
   </trkpt>
   <trkpt lat="62.4770640" lon="8.1236440">
    <ele>272.2</ele>
    <time>2025-07-08T13:14:05Z</time>
   </trkpt>
   <trkpt lat="62.4770700" lon="8.1236610">
    <ele>272.1</ele>
    <time>2025-07-08T13:14:06Z</time>
   </trkpt>
   <trkpt lat="62.4770710" lon="8.1236670">
    <ele>272.0</ele>
    <time>2025-07-08T13:14:07Z</time>
   </trkpt>
   <trkpt lat="62.4770750" lon="8.1236710">
    <ele>272.0</ele>
    <time>2025-07-08T13:14:08Z</time>
   </trkpt>
   <trkpt lat="62.4770760" lon="8.1236660">
    <ele>272.0</ele>
    <time>2025-07-08T13:14:09Z</time>
   </trkpt>
   <trkpt lat="62.4770840" lon="8.1236570">
    <ele>271.9</ele>
    <time>2025-07-08T13:14:10Z</time>
   </trkpt>
   <trkpt lat="62.4771070" lon="8.1236440">
    <ele>271.6</ele>
    <time>2025-07-08T13:14:11Z</time>
   </trkpt>
   <trkpt lat="62.4771150" lon="8.1236600">
    <ele>271.5</ele>
    <time>2025-07-08T13:14:12Z</time>
   </trkpt>
   <trkpt lat="62.4771060" lon="8.1236600">
    <ele>271.4</ele>
    <time>2025-07-08T13:14:13Z</time>
   </trkpt>
   <trkpt lat="62.4771060" lon="8.1236560">
    <ele>271.4</ele>
    <time>2025-07-08T13:14:14Z</time>
   </trkpt>
   <trkpt lat="62.4771180" lon="8.1236410">
    <ele>271.3</ele>
    <time>2025-07-08T13:14:15Z</time>
   </trkpt>
   <trkpt lat="62.4771220" lon="8.1236320">
    <ele>271.2</ele>
    <time>2025-07-08T13:14:16Z</time>
   </trkpt>
   <trkpt lat="62.4771270" lon="8.1236370">
    <ele>271.2</ele>
    <time>2025-07-08T13:14:17Z</time>
   </trkpt>
   <trkpt lat="62.4771320" lon="8.1236370">
    <ele>271.1</ele>
    <time>2025-07-08T13:14:18Z</time>
   </trkpt>
   <trkpt lat="62.4771370" lon="8.1236440">
    <ele>271.1</ele>
    <time>2025-07-08T13:14:19Z</time>
   </trkpt>
   <trkpt lat="62.4771370" lon="8.1236460">
    <ele>271.1</ele>
    <time>2025-07-08T13:14:20Z</time>
   </trkpt>
   <trkpt lat="62.4771340" lon="8.1236430">
    <ele>271.0</ele>
    <time>2025-07-08T13:14:21Z</time>
   </trkpt>
   <trkpt lat="62.4771320" lon="8.1236420">
    <ele>271.0</ele>
    <time>2025-07-08T13:14:22Z</time>
   </trkpt>
   <trkpt lat="62.4771300" lon="8.1236420">
    <ele>271.0</ele>
    <time>2025-07-08T13:14:23Z</time>
   </trkpt>
   <trkpt lat="62.4771280" lon="8.1236340">
    <ele>271.0</ele>
    <time>2025-07-08T13:14:24Z</time>
   </trkpt>
   <trkpt lat="62.4771300" lon="8.1236380">
    <ele>270.9</ele>
    <time>2025-07-08T13:14:25Z</time>
   </trkpt>
   <trkpt lat="62.4771280" lon="8.1236380">
    <ele>270.9</ele>
    <time>2025-07-08T13:14:26Z</time>
   </trkpt>
   <trkpt lat="62.4771300" lon="8.1236430">
    <ele>270.9</ele>
    <time>2025-07-08T13:14:27Z</time>
   </trkpt>
   <trkpt lat="62.4771290" lon="8.1236430">
    <ele>270.9</ele>
    <time>2025-07-08T13:14:28Z</time>
   </trkpt>
   <trkpt lat="62.4771280" lon="8.1236430">
    <ele>270.9</ele>
    <time>2025-07-08T13:14:29Z</time>
   </trkpt>
   <trkpt lat="62.4771300" lon="8.1236420">
    <ele>270.9</ele>
    <time>2025-07-08T13:14:30Z</time>
   </trkpt>
   <trkpt lat="62.4771290" lon="8.1236420">
    <ele>270.9</ele>
    <time>2025-07-08T13:14:31Z</time>
   </trkpt>
   <trkpt lat="62.4771290" lon="8.1236420">
    <ele>270.9</ele>
    <time>2025-07-08T13:14:32Z</time>
   </trkpt>
   <trkpt lat="62.4771290" lon="8.1236420">
    <ele>270.9</ele>
    <time>2025-07-08T13:14:33Z</time>
   </trkpt>
   <trkpt lat="62.4771290" lon="8.1236420">
    <ele>270.9</ele>
    <time>2025-07-08T13:14:34Z</time>
   </trkpt>
   <trkpt lat="62.4771290" lon="8.1236420">
    <ele>270.9</ele>
    <time>2025-07-08T13:14:35Z</time>
   </trkpt>
   <trkpt lat="62.4771290" lon="8.1236420">
    <ele>270.9</ele>
    <time>2025-07-08T13:14:36Z</time>
   </trkpt>
   <trkpt lat="62.4771290" lon="8.1236420">
    <ele>270.9</ele>
    <time>2025-07-08T13:14:37Z</time>
   </trkpt>
   <trkpt lat="62.4771340" lon="8.1236360">
    <ele>270.8</ele>
    <time>2025-07-08T13:14:38Z</time>
   </trkpt>
   <trkpt lat="62.4771330" lon="8.1236360">
    <ele>270.8</ele>
    <time>2025-07-08T13:14:39Z</time>
   </trkpt>
   <trkpt lat="62.4771320" lon="8.1236360">
    <ele>270.8</ele>
    <time>2025-07-08T13:14:40Z</time>
   </trkpt>
   <trkpt lat="62.4771320" lon="8.1236380">
    <ele>270.8</ele>
    <time>2025-07-08T13:14:41Z</time>
   </trkpt>
   <trkpt lat="62.4771320" lon="8.1236370">
    <ele>270.8</ele>
    <time>2025-07-08T13:14:42Z</time>
   </trkpt>
   <trkpt lat="62.4771310" lon="8.1236400">
    <ele>270.8</ele>
    <time>2025-07-08T13:14:43Z</time>
   </trkpt>
   <trkpt lat="62.4771310" lon="8.1236400">
    <ele>270.8</ele>
    <time>2025-07-08T13:14:44Z</time>
   </trkpt>
   <trkpt lat="62.4771300" lon="8.1236420">
    <ele>270.7</ele>
    <time>2025-07-08T13:14:45Z</time>
   </trkpt>
   <trkpt lat="62.4771300" lon="8.1236420">
    <ele>270.7</ele>
    <time>2025-07-08T13:14:46Z</time>
   </trkpt>
   <trkpt lat="62.4771300" lon="8.1236420">
    <ele>270.7</ele>
    <time>2025-07-08T13:14:47Z</time>
   </trkpt>
   <trkpt lat="62.4771300" lon="8.1236420">
    <ele>270.7</ele>
    <time>2025-07-08T13:14:48Z</time>
   </trkpt>
   <trkpt lat="62.4771290" lon="8.1236430">
    <ele>270.7</ele>
    <time>2025-07-08T13:14:49Z</time>
   </trkpt>
   <trkpt lat="62.4771290" lon="8.1236430">
    <ele>270.7</ele>
    <time>2025-07-08T13:14:50Z</time>
   </trkpt>
   <trkpt lat="62.4771290" lon="8.1236430">
    <ele>270.7</ele>
    <time>2025-07-08T13:14:51Z</time>
   </trkpt>
   <trkpt lat="62.4771300" lon="8.1236450">
    <ele>270.7</ele>
    <time>2025-07-08T13:14:52Z</time>
   </trkpt>
   <trkpt lat="62.4771300" lon="8.1236450">
    <ele>270.7</ele>
    <time>2025-07-08T13:14:53Z</time>
   </trkpt>
   <trkpt lat="62.4771310" lon="8.1236460">
    <ele>270.7</ele>
    <time>2025-07-08T13:14:54Z</time>
   </trkpt>
   <trkpt lat="62.4771320" lon="8.1236460">
    <ele>270.7</ele>
    <time>2025-07-08T13:14:55Z</time>
   </trkpt>
   <trkpt lat="62.4771310" lon="8.1236470">
    <ele>270.7</ele>
    <time>2025-07-08T13:14:56Z</time>
   </trkpt>
   <trkpt lat="62.4771310" lon="8.1236470">
    <ele>270.7</ele>
    <time>2025-07-08T13:14:57Z</time>
   </trkpt>
   <trkpt lat="62.4771320" lon="8.1236470">
    <ele>270.7</ele>
    <time>2025-07-08T13:14:58Z</time>
   </trkpt>
   <trkpt lat="62.4771320" lon="8.1236460">
    <ele>270.7</ele>
    <time>2025-07-08T13:14:59Z</time>
   </trkpt>
   <trkpt lat="62.4771320" lon="8.1236460">
    <ele>270.7</ele>
    <time>2025-07-08T13:15:00Z</time>
   </trkpt>
   <trkpt lat="62.4771320" lon="8.1236450">
    <ele>270.7</ele>
    <time>2025-07-08T13:15:01Z</time>
   </trkpt>
   <trkpt lat="62.4771320" lon="8.1236450">
    <ele>270.7</ele>
    <time>2025-07-08T13:15:02Z</time>
   </trkpt>
   <trkpt lat="62.4771320" lon="8.1236450">
    <ele>270.7</ele>
    <time>2025-07-08T13:15:03Z</time>
   </trkpt>
   <trkpt lat="62.4771320" lon="8.1236450">
    <ele>270.7</ele>
    <time>2025-07-08T13:15:04Z</time>
   </trkpt>
   <trkpt lat="62.4771320" lon="8.1236450">
    <ele>270.7</ele>
    <time>2025-07-08T13:15:05Z</time>
   </trkpt>
   <trkpt lat="62.4771320" lon="8.1236450">
    <ele>270.7</ele>
    <time>2025-07-08T13:15:06Z</time>
   </trkpt>
   <trkpt lat="62.4771320" lon="8.1236450">
    <ele>270.7</ele>
    <time>2025-07-08T13:15:07Z</time>
   </trkpt>
   <trkpt lat="62.4771320" lon="8.1236450">
    <ele>270.7</ele>
    <time>2025-07-08T13:15:08Z</time>
   </trkpt>
   <trkpt lat="62.4771320" lon="8.1236450">
    <ele>270.7</ele>
    <time>2025-07-08T13:15:09Z</time>
   </trkpt>
   <trkpt lat="62.4771340" lon="8.1236470">
    <ele>270.7</ele>
    <time>2025-07-08T13:15:10Z</time>
   </trkpt>
   <trkpt lat="62.4771340" lon="8.1236470">
    <ele>270.7</ele>
    <time>2025-07-08T13:15:11Z</time>
   </trkpt>
   <trkpt lat="62.4771340" lon="8.1236470">
    <ele>270.7</ele>
    <time>2025-07-08T13:15:12Z</time>
   </trkpt>
   <trkpt lat="62.4771340" lon="8.1236470">
    <ele>270.7</ele>
    <time>2025-07-08T13:15:13Z</time>
   </trkpt>
   <trkpt lat="62.4771340" lon="8.1236470">
    <ele>270.7</ele>
    <time>2025-07-08T13:15:14Z</time>
   </trkpt>
   <trkpt lat="62.4771340" lon="8.1236470">
    <ele>270.7</ele>
    <time>2025-07-08T13:15:15Z</time>
   </trkpt>
   <trkpt lat="62.4771340" lon="8.1236470">
    <ele>270.7</ele>
    <time>2025-07-08T13:15:16Z</time>
   </trkpt>
   <trkpt lat="62.4771340" lon="8.1236470">
    <ele>270.7</ele>
    <time>2025-07-08T13:15:17Z</time>
   </trkpt>
   <trkpt lat="62.4771340" lon="8.1236470">
    <ele>270.7</ele>
    <time>2025-07-08T13:15:18Z</time>
   </trkpt>
   <trkpt lat="62.4771340" lon="8.1236470">
    <ele>270.7</ele>
    <time>2025-07-08T13:15:19Z</time>
   </trkpt>
   <trkpt lat="62.4771340" lon="8.1236470">
    <ele>270.7</ele>
    <time>2025-07-08T13:15:20Z</time>
   </trkpt>
   <trkpt lat="62.4771330" lon="8.1236470">
    <ele>270.7</ele>
    <time>2025-07-08T13:15:21Z</time>
   </trkpt>
   <trkpt lat="62.4771330" lon="8.1236470">
    <ele>270.7</ele>
    <time>2025-07-08T13:15:22Z</time>
   </trkpt>
   <trkpt lat="62.4771330" lon="8.1236470">
    <ele>270.7</ele>
    <time>2025-07-08T13:15:23Z</time>
   </trkpt>
   <trkpt lat="62.4771330" lon="8.1236480">
    <ele>270.6</ele>
    <time>2025-07-08T13:15:24Z</time>
   </trkpt>
   <trkpt lat="62.4771330" lon="8.1236490">
    <ele>270.6</ele>
    <time>2025-07-08T13:15:25Z</time>
   </trkpt>
   <trkpt lat="62.4771360" lon="8.1236510">
    <ele>270.6</ele>
    <time>2025-07-08T13:15:26Z</time>
   </trkpt>
   <trkpt lat="62.4771350" lon="8.1236460">
    <ele>270.6</ele>
    <time>2025-07-08T13:15:27Z</time>
   </trkpt>
   <trkpt lat="62.4771340" lon="8.1236430">
    <ele>270.6</ele>
    <time>2025-07-08T13:15:28Z</time>
   </trkpt>
   <trkpt lat="62.4771350" lon="8.1236430">
    <ele>270.6</ele>
    <time>2025-07-08T13:15:29Z</time>
   </trkpt>
   <trkpt lat="62.4771360" lon="8.1236440">
    <ele>270.6</ele>
    <time>2025-07-08T13:15:30Z</time>
   </trkpt>
   <trkpt lat="62.4771350" lon="8.1236420">
    <ele>270.5</ele>
    <time>2025-07-08T13:15:31Z</time>
   </trkpt>
   <trkpt lat="62.4771340" lon="8.1236430">
    <ele>270.5</ele>
    <time>2025-07-08T13:15:32Z</time>
   </trkpt>
   <trkpt lat="62.4771350" lon="8.1236460">
    <ele>270.5</ele>
    <time>2025-07-08T13:15:33Z</time>
   </trkpt>
   <trkpt lat="62.4771340" lon="8.1236460">
    <ele>270.5</ele>
    <time>2025-07-08T13:15:34Z</time>
   </trkpt>
   <trkpt lat="62.4771340" lon="8.1236440">
    <ele>270.5</ele>
    <time>2025-07-08T13:15:35Z</time>
   </trkpt>
   <trkpt lat="62.4771340" lon="8.1236440">
    <ele>270.5</ele>
    <time>2025-07-08T13:15:36Z</time>
   </trkpt>
   <trkpt lat="62.4771350" lon="8.1236450">
    <ele>270.5</ele>
    <time>2025-07-08T13:15:37Z</time>
   </trkpt>
   <trkpt lat="62.4771350" lon="8.1236450">
    <ele>270.5</ele>
    <time>2025-07-08T13:15:38Z</time>
   </trkpt>
   <trkpt lat="62.4771350" lon="8.1236450">
    <ele>270.5</ele>
    <time>2025-07-08T13:15:39Z</time>
   </trkpt>
   <trkpt lat="62.4771350" lon="8.1236470">
    <ele>270.5</ele>
    <time>2025-07-08T13:15:40Z</time>
   </trkpt>
   <trkpt lat="62.4771340" lon="8.1236460">
    <ele>270.5</ele>
    <time>2025-07-08T13:15:41Z</time>
   </trkpt>
   <trkpt lat="62.4771340" lon="8.1236470">
    <ele>270.5</ele>
    <time>2025-07-08T13:15:42Z</time>
   </trkpt>
   <trkpt lat="62.4771340" lon="8.1236480">
    <ele>270.5</ele>
    <time>2025-07-08T13:15:43Z</time>
   </trkpt>
   <trkpt lat="62.4771340" lon="8.1236490">
    <ele>270.5</ele>
    <time>2025-07-08T13:15:44Z</time>
   </trkpt>
   <trkpt lat="62.4771360" lon="8.1236490">
    <ele>270.4</ele>
    <time>2025-07-08T13:15:45Z</time>
   </trkpt>
   <trkpt lat="62.4771350" lon="8.1236460">
    <ele>270.4</ele>
    <time>2025-07-08T13:15:46Z</time>
   </trkpt>
   <trkpt lat="62.4771370" lon="8.1236460">
    <ele>270.4</ele>
    <time>2025-07-08T13:15:47Z</time>
   </trkpt>
   <trkpt lat="62.4771360" lon="8.1236450">
    <ele>270.4</ele>
    <time>2025-07-08T13:15:48Z</time>
   </trkpt>
   <trkpt lat="62.4771360" lon="8.1236440">
    <ele>270.4</ele>
    <time>2025-07-08T13:15:49Z</time>
   </trkpt>
   <trkpt lat="62.4771360" lon="8.1236440">
    <ele>270.4</ele>
    <time>2025-07-08T13:15:50Z</time>
   </trkpt>
   <trkpt lat="62.4771360" lon="8.1236440">
    <ele>270.4</ele>
    <time>2025-07-08T13:15:51Z</time>
   </trkpt>
   <trkpt lat="62.4771380" lon="8.1236440">
    <ele>270.4</ele>
    <time>2025-07-08T13:15:52Z</time>
   </trkpt>
   <trkpt lat="62.4771390" lon="8.1236430">
    <ele>270.4</ele>
    <time>2025-07-08T13:15:53Z</time>
   </trkpt>
   <trkpt lat="62.4771390" lon="8.1236440">
    <ele>270.4</ele>
    <time>2025-07-08T13:15:54Z</time>
   </trkpt>
   <trkpt lat="62.4771380" lon="8.1236430">
    <ele>270.4</ele>
    <time>2025-07-08T13:15:55Z</time>
   </trkpt>
   <trkpt lat="62.4771390" lon="8.1236440">
    <ele>270.4</ele>
    <time>2025-07-08T13:15:56Z</time>
   </trkpt>
   <trkpt lat="62.4771380" lon="8.1236430">
    <ele>270.4</ele>
    <time>2025-07-08T13:15:57Z</time>
   </trkpt>
   <trkpt lat="62.4771380" lon="8.1236440">
    <ele>270.4</ele>
    <time>2025-07-08T13:15:58Z</time>
   </trkpt>
   <trkpt lat="62.4771390" lon="8.1236460">
    <ele>270.3</ele>
    <time>2025-07-08T13:15:59Z</time>
   </trkpt>
   <trkpt lat="62.4771390" lon="8.1236460">
    <ele>270.3</ele>
    <time>2025-07-08T13:16:00Z</time>
   </trkpt>
   <trkpt lat="62.4771390" lon="8.1236460">
    <ele>270.3</ele>
    <time>2025-07-08T13:16:01Z</time>
   </trkpt>
   <trkpt lat="62.4771390" lon="8.1236460">
    <ele>270.3</ele>
    <time>2025-07-08T13:16:03Z</time>
   </trkpt>
   <trkpt lat="62.4771390" lon="8.1236460">
    <ele>270.3</ele>
    <time>2025-07-08T13:16:04Z</time>
   </trkpt>
   <trkpt lat="62.4771400" lon="8.1236500">
    <ele>270.3</ele>
    <time>2025-07-08T13:16:05Z</time>
   </trkpt>
   <trkpt lat="62.4771400" lon="8.1236500">
    <ele>270.3</ele>
    <time>2025-07-08T13:16:06Z</time>
   </trkpt>
   <trkpt lat="62.4771400" lon="8.1236460">
    <ele>270.4</ele>
    <time>2025-07-08T13:16:07Z</time>
   </trkpt>
   <trkpt lat="62.4771390" lon="8.1236460">
    <ele>270.4</ele>
    <time>2025-07-08T13:16:08Z</time>
   </trkpt>
   <trkpt lat="62.4771380" lon="8.1236460">
    <ele>270.4</ele>
    <time>2025-07-08T13:16:09Z</time>
   </trkpt>
   <trkpt lat="62.4771390" lon="8.1236460">
    <ele>270.4</ele>
    <time>2025-07-08T13:16:10Z</time>
   </trkpt>
   <trkpt lat="62.4771390" lon="8.1236460">
    <ele>270.4</ele>
    <time>2025-07-08T13:16:11Z</time>
   </trkpt>
   <trkpt lat="62.4771390" lon="8.1236460">
    <ele>270.4</ele>
    <time>2025-07-08T13:16:12Z</time>
   </trkpt>
   <trkpt lat="62.4771390" lon="8.1236460">
    <ele>270.4</ele>
    <time>2025-07-08T13:16:13Z</time>
   </trkpt>
   <trkpt lat="62.4771390" lon="8.1236460">
    <ele>270.4</ele>
    <time>2025-07-08T13:16:14Z</time>
   </trkpt>
   <trkpt lat="62.4771400" lon="8.1236490">
    <ele>270.4</ele>
    <time>2025-07-08T13:16:15Z</time>
   </trkpt>
   <trkpt lat="62.4771360" lon="8.1236370">
    <ele>270.5</ele>
    <time>2025-07-08T13:16:16Z</time>
   </trkpt>
   <trkpt lat="62.4771340" lon="8.1236340">
    <ele>270.5</ele>
    <time>2025-07-08T13:16:17Z</time>
   </trkpt>
   <trkpt lat="62.4771330" lon="8.1236380">
    <ele>270.5</ele>
    <time>2025-07-08T13:16:18Z</time>
   </trkpt>
   <trkpt lat="62.4771310" lon="8.1236340">
    <ele>270.6</ele>
    <time>2025-07-08T13:16:19Z</time>
   </trkpt>
   <trkpt lat="62.4771280" lon="8.1236350">
    <ele>270.6</ele>
    <time>2025-07-08T13:16:20Z</time>
   </trkpt>
   <trkpt lat="62.4771270" lon="8.1236330">
    <ele>270.6</ele>
    <time>2025-07-08T13:16:21Z</time>
   </trkpt>
   <trkpt lat="62.4771250" lon="8.1236310">
    <ele>270.7</ele>
    <time>2025-07-08T13:16:22Z</time>
   </trkpt>
   <trkpt lat="62.4771210" lon="8.1236320">
    <ele>270.7</ele>
    <time>2025-07-08T13:16:23Z</time>
   </trkpt>
   <trkpt lat="62.4771200" lon="8.1236310">
    <ele>270.7</ele>
    <time>2025-07-08T13:16:24Z</time>
   </trkpt>
   <trkpt lat="62.4771200" lon="8.1236300">
    <ele>270.7</ele>
    <time>2025-07-08T13:16:25Z</time>
   </trkpt>
   <trkpt lat="62.4771200" lon="8.1236300">
    <ele>270.7</ele>
    <time>2025-07-08T13:16:26Z</time>
   </trkpt>
   <trkpt lat="62.4771200" lon="8.1236300">
    <ele>270.7</ele>
    <time>2025-07-08T13:16:27Z</time>
   </trkpt>
   <trkpt lat="62.4771200" lon="8.1236310">
    <ele>270.7</ele>
    <time>2025-07-08T13:16:28Z</time>
   </trkpt>
   <trkpt lat="62.4771190" lon="8.1236310">
    <ele>270.7</ele>
    <time>2025-07-08T13:16:29Z</time>
   </trkpt>
   <trkpt lat="62.4771190" lon="8.1236310">
    <ele>270.7</ele>
    <time>2025-07-08T13:16:30Z</time>
   </trkpt>
   <trkpt lat="62.4771190" lon="8.1236310">
    <ele>270.7</ele>
    <time>2025-07-08T13:16:31Z</time>
   </trkpt>
   <trkpt lat="62.4771310" lon="8.1236410">
    <ele>270.9</ele>
    <time>2025-07-08T13:16:32Z</time>
   </trkpt>
   <trkpt lat="62.4771310" lon="8.1236410">
    <ele>270.9</ele>
    <time>2025-07-08T13:16:33Z</time>
   </trkpt>
   <trkpt lat="62.4771310" lon="8.1236410">
    <ele>270.9</ele>
    <time>2025-07-08T13:16:34Z</time>
   </trkpt>
   <trkpt lat="62.4771310" lon="8.1236410">
    <ele>270.9</ele>
    <time>2025-07-08T13:16:35Z</time>
   </trkpt>
   <trkpt lat="62.4771300" lon="8.1236400">
    <ele>270.9</ele>
    <time>2025-07-08T13:16:36Z</time>
   </trkpt>
   <trkpt lat="62.4771190" lon="8.1236270">
    <ele>271.1</ele>
    <time>2025-07-08T13:16:37Z</time>
   </trkpt>
   <trkpt lat="62.4771170" lon="8.1236260">
    <ele>271.1</ele>
    <time>2025-07-08T13:16:38Z</time>
   </trkpt>
   <trkpt lat="62.4771170" lon="8.1236260">
    <ele>271.1</ele>
    <time>2025-07-08T13:16:39Z</time>
   </trkpt>
   <trkpt lat="62.4771170" lon="8.1236260">
    <ele>271.1</ele>
    <time>2025-07-08T13:16:40Z</time>
   </trkpt>
   <trkpt lat="62.4771170" lon="8.1236260">
    <ele>271.1</ele>
    <time>2025-07-08T13:16:41Z</time>
   </trkpt>
   <trkpt lat="62.4771170" lon="8.1236260">
    <ele>271.1</ele>
    <time>2025-07-08T13:16:42Z</time>
   </trkpt>
   <trkpt lat="62.4771170" lon="8.1236260">
    <ele>271.1</ele>
    <time>2025-07-08T13:16:43Z</time>
   </trkpt>
   <trkpt lat="62.4771230" lon="8.1236330">
    <ele>271.2</ele>
    <time>2025-07-08T13:16:44Z</time>
   </trkpt>
   <trkpt lat="62.4771230" lon="8.1236330">
    <ele>271.2</ele>
    <time>2025-07-08T13:16:45Z</time>
   </trkpt>
   <trkpt lat="62.4771220" lon="8.1236320">
    <ele>271.2</ele>
    <time>2025-07-08T13:16:46Z</time>
   </trkpt>
   <trkpt lat="62.4771140" lon="8.1236210">
    <ele>271.3</ele>
    <time>2025-07-08T13:16:47Z</time>
   </trkpt>
   <trkpt lat="62.4771140" lon="8.1236220">
    <ele>271.3</ele>
    <time>2025-07-08T13:16:48Z</time>
   </trkpt>
   <trkpt lat="62.4771120" lon="8.1236220">
    <ele>271.3</ele>
    <time>2025-07-08T13:16:49Z</time>
   </trkpt>
   <trkpt lat="62.4771130" lon="8.1236210">
    <ele>271.4</ele>
    <time>2025-07-08T13:16:50Z</time>
   </trkpt>
   <trkpt lat="62.4771130" lon="8.1236210">
    <ele>271.4</ele>
    <time>2025-07-08T13:16:51Z</time>
   </trkpt>
   <trkpt lat="62.4771130" lon="8.1236210">
    <ele>271.4</ele>
    <time>2025-07-08T13:16:52Z</time>
   </trkpt>
   <trkpt lat="62.4771130" lon="8.1236210">
    <ele>271.4</ele>
    <time>2025-07-08T13:16:53Z</time>
   </trkpt>
   <trkpt lat="62.4771120" lon="8.1236210">
    <ele>271.4</ele>
    <time>2025-07-08T13:16:54Z</time>
   </trkpt>
   <trkpt lat="62.4771120" lon="8.1236200">
    <ele>271.4</ele>
    <time>2025-07-08T13:16:55Z</time>
   </trkpt>
   <trkpt lat="62.4771120" lon="8.1236190">
    <ele>271.4</ele>
    <time>2025-07-08T13:16:56Z</time>
   </trkpt>
   <trkpt lat="62.4771120" lon="8.1236170">
    <ele>271.4</ele>
    <time>2025-07-08T13:16:57Z</time>
   </trkpt>
   <trkpt lat="62.4771110" lon="8.1236180">
    <ele>271.4</ele>
    <time>2025-07-08T13:16:58Z</time>
   </trkpt>
   <trkpt lat="62.4771100" lon="8.1236160">
    <ele>271.4</ele>
    <time>2025-07-08T13:16:59Z</time>
   </trkpt>
   <trkpt lat="62.4771100" lon="8.1236160">
    <ele>271.4</ele>
    <time>2025-07-08T13:17:00Z</time>
   </trkpt>
   <trkpt lat="62.4771100" lon="8.1236160">
    <ele>271.4</ele>
    <time>2025-07-08T13:17:01Z</time>
   </trkpt>
   <trkpt lat="62.4771100" lon="8.1236160">
    <ele>271.4</ele>
    <time>2025-07-08T13:17:02Z</time>
   </trkpt>
   <trkpt lat="62.4771090" lon="8.1236150">
    <ele>271.4</ele>
    <time>2025-07-08T13:17:03Z</time>
   </trkpt>
   <trkpt lat="62.4771080" lon="8.1236130">
    <ele>271.5</ele>
    <time>2025-07-08T13:17:04Z</time>
   </trkpt>
   <trkpt lat="62.4771080" lon="8.1236130">
    <ele>271.5</ele>
    <time>2025-07-08T13:17:05Z</time>
   </trkpt>
   <trkpt lat="62.4771080" lon="8.1236120">
    <ele>271.5</ele>
    <time>2025-07-08T13:17:06Z</time>
   </trkpt>
   <trkpt lat="62.4771090" lon="8.1236130">
    <ele>271.5</ele>
    <time>2025-07-08T13:17:07Z</time>
   </trkpt>
   <trkpt lat="62.4771090" lon="8.1236120">
    <ele>271.5</ele>
    <time>2025-07-08T13:17:08Z</time>
   </trkpt>
   <trkpt lat="62.4771090" lon="8.1236130">
    <ele>271.5</ele>
    <time>2025-07-08T13:17:09Z</time>
   </trkpt>
   <trkpt lat="62.4771080" lon="8.1236140">
    <ele>271.5</ele>
    <time>2025-07-08T13:17:10Z</time>
   </trkpt>
   <trkpt lat="62.4771080" lon="8.1236150">
    <ele>271.5</ele>
    <time>2025-07-08T13:17:11Z</time>
   </trkpt>
   <trkpt lat="62.4771070" lon="8.1236120">
    <ele>271.5</ele>
    <time>2025-07-08T13:17:12Z</time>
   </trkpt>
   <trkpt lat="62.4771070" lon="8.1236120">
    <ele>271.5</ele>
    <time>2025-07-08T13:17:13Z</time>
   </trkpt>
   <trkpt lat="62.4771070" lon="8.1236110">
    <ele>271.5</ele>
    <time>2025-07-08T13:17:14Z</time>
   </trkpt>
   <trkpt lat="62.4771070" lon="8.1236110">
    <ele>271.5</ele>
    <time>2025-07-08T13:17:15Z</time>
   </trkpt>
   <trkpt lat="62.4771070" lon="8.1236110">
    <ele>271.5</ele>
    <time>2025-07-08T13:17:16Z</time>
   </trkpt>
   <trkpt lat="62.4771080" lon="8.1236100">
    <ele>271.5</ele>
    <time>2025-07-08T13:17:17Z</time>
   </trkpt>
   <trkpt lat="62.4771070" lon="8.1236110">
    <ele>271.6</ele>
    <time>2025-07-08T13:17:18Z</time>
   </trkpt>
   <trkpt lat="62.4771080" lon="8.1236120">
    <ele>271.6</ele>
    <time>2025-07-08T13:17:19Z</time>
   </trkpt>
   <trkpt lat="62.4771070" lon="8.1236110">
    <ele>271.6</ele>
    <time>2025-07-08T13:17:20Z</time>
   </trkpt>
   <trkpt lat="62.4771070" lon="8.1236110">
    <ele>271.6</ele>
    <time>2025-07-08T13:17:21Z</time>
   </trkpt>
   <trkpt lat="62.4771070" lon="8.1236100">
    <ele>271.6</ele>
    <time>2025-07-08T13:17:22Z</time>
   </trkpt>
   <trkpt lat="62.4771070" lon="8.1236100">
    <ele>271.6</ele>
    <time>2025-07-08T13:17:23Z</time>
   </trkpt>
   <trkpt lat="62.4771070" lon="8.1236100">
    <ele>271.6</ele>
    <time>2025-07-08T13:17:24Z</time>
   </trkpt>
   <trkpt lat="62.4771070" lon="8.1236100">
    <ele>271.6</ele>
    <time>2025-07-08T13:17:25Z</time>
   </trkpt>
   <trkpt lat="62.4771070" lon="8.1236100">
    <ele>271.6</ele>
    <time>2025-07-08T13:17:26Z</time>
   </trkpt>
   <trkpt lat="62.4771060" lon="8.1236100">
    <ele>271.6</ele>
    <time>2025-07-08T13:17:27Z</time>
   </trkpt>
   <trkpt lat="62.4771070" lon="8.1236110">
    <ele>271.6</ele>
    <time>2025-07-08T13:17:28Z</time>
   </trkpt>
   <trkpt lat="62.4771080" lon="8.1236140">
    <ele>271.6</ele>
    <time>2025-07-08T13:17:29Z</time>
   </trkpt>
   <trkpt lat="62.4771090" lon="8.1236160">
    <ele>271.7</ele>
    <time>2025-07-08T13:17:30Z</time>
   </trkpt>
   <trkpt lat="62.4771040" lon="8.1236190">
    <ele>271.7</ele>
    <time>2025-07-08T13:17:31Z</time>
   </trkpt>
   <trkpt lat="62.4770990" lon="8.1236290">
    <ele>271.8</ele>
    <time>2025-07-08T13:17:32Z</time>
   </trkpt>
   <trkpt lat="62.4771010" lon="8.1236340">
    <ele>271.9</ele>
    <time>2025-07-08T13:17:33Z</time>
   </trkpt>
   <trkpt lat="62.4770990" lon="8.1236270">
    <ele>271.9</ele>
    <time>2025-07-08T13:17:34Z</time>
   </trkpt>
   <trkpt lat="62.4771000" lon="8.1236270">
    <ele>271.9</ele>
    <time>2025-07-08T13:17:35Z</time>
   </trkpt>
   <trkpt lat="62.4771000" lon="8.1236300">
    <ele>271.9</ele>
    <time>2025-07-08T13:17:36Z</time>
   </trkpt>
   <trkpt lat="62.4770990" lon="8.1236340">
    <ele>272.0</ele>
    <time>2025-07-08T13:17:37Z</time>
   </trkpt>
   <trkpt lat="62.4770980" lon="8.1236330">
    <ele>272.0</ele>
    <time>2025-07-08T13:17:38Z</time>
   </trkpt>
   <trkpt lat="62.4770980" lon="8.1236330">
    <ele>272.0</ele>
    <time>2025-07-08T13:17:39Z</time>
   </trkpt>
   <trkpt lat="62.4770980" lon="8.1236330">
    <ele>272.0</ele>
    <time>2025-07-08T13:17:40Z</time>
   </trkpt>
   <trkpt lat="62.4770980" lon="8.1236330">
    <ele>272.0</ele>
    <time>2025-07-08T13:17:41Z</time>
   </trkpt>
   <trkpt lat="62.4770980" lon="8.1236330">
    <ele>272.0</ele>
    <time>2025-07-08T13:17:42Z</time>
   </trkpt>
   <trkpt lat="62.4770980" lon="8.1236330">
    <ele>272.0</ele>
    <time>2025-07-08T13:17:43Z</time>
   </trkpt>
   <trkpt lat="62.4770980" lon="8.1236330">
    <ele>272.0</ele>
    <time>2025-07-08T13:17:44Z</time>
   </trkpt>
   <trkpt lat="62.4771150" lon="8.1236430">
    <ele>272.2</ele>
    <time>2025-07-08T13:17:45Z</time>
   </trkpt>
   <trkpt lat="62.4771150" lon="8.1236440">
    <ele>272.2</ele>
    <time>2025-07-08T13:17:46Z</time>
   </trkpt>
   <trkpt lat="62.4771150" lon="8.1236450">
    <ele>272.2</ele>
    <time>2025-07-08T13:17:47Z</time>
   </trkpt>
   <trkpt lat="62.4770940" lon="8.1236570">
    <ele>272.5</ele>
    <time>2025-07-08T13:17:48Z</time>
   </trkpt>
   <trkpt lat="62.4770930" lon="8.1236560">
    <ele>272.5</ele>
    <time>2025-07-08T13:17:49Z</time>
   </trkpt>
   <trkpt lat="62.4770930" lon="8.1236560">
    <ele>272.5</ele>
    <time>2025-07-08T13:17:50Z</time>
   </trkpt>
   <trkpt lat="62.4770930" lon="8.1236560">
    <ele>272.5</ele>
    <time>2025-07-08T13:17:51Z</time>
   </trkpt>
   <trkpt lat="62.4770940" lon="8.1236550">
    <ele>272.5</ele>
    <time>2025-07-08T13:17:52Z</time>
   </trkpt>
   <trkpt lat="62.4770960" lon="8.1236580">
    <ele>272.6</ele>
    <time>2025-07-08T13:17:53Z</time>
   </trkpt>
   <trkpt lat="62.4770950" lon="8.1236580">
    <ele>272.6</ele>
    <time>2025-07-08T13:17:54Z</time>
   </trkpt>
   <trkpt lat="62.4770950" lon="8.1236570">
    <ele>272.6</ele>
    <time>2025-07-08T13:17:55Z</time>
   </trkpt>
   <trkpt lat="62.4770950" lon="8.1236570">
    <ele>272.6</ele>
    <time>2025-07-08T13:17:56Z</time>
   </trkpt>
   <trkpt lat="62.4770960" lon="8.1236580">
    <ele>272.6</ele>
    <time>2025-07-08T13:17:57Z</time>
   </trkpt>
   <trkpt lat="62.4770960" lon="8.1236580">
    <ele>272.6</ele>
    <time>2025-07-08T13:17:58Z</time>
   </trkpt>
   <trkpt lat="62.4770980" lon="8.1236580">
    <ele>272.6</ele>
    <time>2025-07-08T13:17:59Z</time>
   </trkpt>
   <trkpt lat="62.4770990" lon="8.1236590">
    <ele>272.7</ele>
    <time>2025-07-08T13:18:00Z</time>
   </trkpt>
   <trkpt lat="62.4770990" lon="8.1236610">
    <ele>272.7</ele>
    <time>2025-07-08T13:18:01Z</time>
   </trkpt>
   <trkpt lat="62.4771000" lon="8.1236650">
    <ele>272.7</ele>
    <time>2025-07-08T13:18:02Z</time>
   </trkpt>
   <trkpt lat="62.4770990" lon="8.1236710">
    <ele>272.7</ele>
    <time>2025-07-08T13:18:03Z</time>
   </trkpt>
   <trkpt lat="62.4770920" lon="8.1236680">
    <ele>272.8</ele>
    <time>2025-07-08T13:18:04Z</time>
   </trkpt>
   <trkpt lat="62.4770860" lon="8.1236780">
    <ele>272.9</ele>
    <time>2025-07-08T13:18:05Z</time>
   </trkpt>
   <trkpt lat="62.4770700" lon="8.1236830">
    <ele>273.1</ele>
    <time>2025-07-08T13:18:06Z</time>
   </trkpt>
   <trkpt lat="62.4770550" lon="8.1236810">
    <ele>273.3</ele>
    <time>2025-07-08T13:18:07Z</time>
   </trkpt>
   <trkpt lat="62.4770600" lon="8.1236880">
    <ele>273.4</ele>
    <time>2025-07-08T13:18:09Z</time>
   </trkpt>
   <trkpt lat="62.4770590" lon="8.1236690">
    <ele>273.5</ele>
    <time>2025-07-08T13:18:10Z</time>
   </trkpt>
   <trkpt lat="62.4770580" lon="8.1236540">
    <ele>273.6</ele>
    <time>2025-07-08T13:18:11Z</time>
   </trkpt>
   <trkpt lat="62.4770550" lon="8.1236250">
    <ele>273.8</ele>
    <time>2025-07-08T13:18:12Z</time>
   </trkpt>
   <trkpt lat="62.4770390" lon="8.1236250">
    <ele>274.0</ele>
    <time>2025-07-08T13:18:13Z</time>
   </trkpt>
   <trkpt lat="62.4770070" lon="8.1236420">
    <ele>274.5</ele>
    <time>2025-07-08T13:18:14Z</time>
   </trkpt>
   <trkpt lat="62.4769950" lon="8.1236320">
    <ele>274.7</ele>
    <time>2025-07-08T13:18:15Z</time>
   </trkpt>
   <trkpt lat="62.4769740" lon="8.1236160">
    <ele>275.0</ele>
    <time>2025-07-08T13:18:16Z</time>
   </trkpt>
   <trkpt lat="62.4769680" lon="8.1236260">
    <ele>275.1</ele>
    <time>2025-07-08T13:18:17Z</time>
   </trkpt>
   <trkpt lat="62.4769460" lon="8.1236340">
    <ele>275.4</ele>
    <time>2025-07-08T13:18:18Z</time>
   </trkpt>
   <trkpt lat="62.4769390" lon="8.1236280">
    <ele>275.5</ele>
    <time>2025-07-08T13:18:19Z</time>
   </trkpt>
   <trkpt lat="62.4769310" lon="8.1236220">
    <ele>275.6</ele>
    <time>2025-07-08T13:18:20Z</time>
   </trkpt>
   <trkpt lat="62.4769200" lon="8.1236260">
    <ele>275.8</ele>
    <time>2025-07-08T13:18:21Z</time>
   </trkpt>
   <trkpt lat="62.4769020" lon="8.1236320">
    <ele>276.1</ele>
    <time>2025-07-08T13:18:22Z</time>
   </trkpt>
   <trkpt lat="62.4768990" lon="8.1236350">
    <ele>276.1</ele>
    <time>2025-07-08T13:18:23Z</time>
   </trkpt>
   <trkpt lat="62.4768880" lon="8.1236300">
    <ele>276.3</ele>
    <time>2025-07-08T13:18:24Z</time>
   </trkpt>
   <trkpt lat="62.4768830" lon="8.1236360">
    <ele>276.4</ele>
    <time>2025-07-08T13:18:25Z</time>
   </trkpt>
   <trkpt lat="62.4768770" lon="8.1236200">
    <ele>276.5</ele>
    <time>2025-07-08T13:18:26Z</time>
   </trkpt>
   <trkpt lat="62.4768670" lon="8.1236200">
    <ele>276.6</ele>
    <time>2025-07-08T13:18:27Z</time>
   </trkpt>
   <trkpt lat="62.4768470" lon="8.1236210">
    <ele>276.9</ele>
    <time>2025-07-08T13:18:28Z</time>
   </trkpt>
   <trkpt lat="62.4768360" lon="8.1236260">
    <ele>277.1</ele>
    <time>2025-07-08T13:18:29Z</time>
   </trkpt>
   <trkpt lat="62.4768350" lon="8.1236340">
    <ele>277.2</ele>
    <time>2025-07-08T13:18:30Z</time>
   </trkpt>
   <trkpt lat="62.4768190" lon="8.1236320">
    <ele>277.4</ele>
    <time>2025-07-08T13:18:31Z</time>
   </trkpt>
   <trkpt lat="62.4768140" lon="8.1236240">
    <ele>277.5</ele>
    <time>2025-07-08T13:18:32Z</time>
   </trkpt>
   <trkpt lat="62.4768090" lon="8.1236210">
    <ele>277.6</ele>
    <time>2025-07-08T13:18:33Z</time>
   </trkpt>
   <trkpt lat="62.4767930" lon="8.1236240">
    <ele>277.8</ele>
    <time>2025-07-08T13:18:34Z</time>
   </trkpt>
   <trkpt lat="62.4767910" lon="8.1236130">
    <ele>277.9</ele>
    <time>2025-07-08T13:18:35Z</time>
   </trkpt>
   <trkpt lat="62.4767920" lon="8.1236030">
    <ele>277.9</ele>
    <time>2025-07-08T13:18:36Z</time>
   </trkpt>
   <trkpt lat="62.4767870" lon="8.1235940">
    <ele>278.0</ele>
    <time>2025-07-08T13:18:37Z</time>
   </trkpt>
   <trkpt lat="62.4767840" lon="8.1235920">
    <ele>278.1</ele>
    <time>2025-07-08T13:18:38Z</time>
   </trkpt>
   <trkpt lat="62.4767830" lon="8.1235950">
    <ele>278.1</ele>
    <time>2025-07-08T13:18:39Z</time>
   </trkpt>
   <trkpt lat="62.4767780" lon="8.1236010">
    <ele>278.2</ele>
    <time>2025-07-08T13:18:40Z</time>
   </trkpt>
   <trkpt lat="62.4767730" lon="8.1236050">
    <ele>278.3</ele>
    <time>2025-07-08T13:18:41Z</time>
   </trkpt>
   <trkpt lat="62.4767650" lon="8.1236130">
    <ele>278.4</ele>
    <time>2025-07-08T13:18:42Z</time>
   </trkpt>
   <trkpt lat="62.4767560" lon="8.1235920">
    <ele>278.6</ele>
    <time>2025-07-08T13:18:43Z</time>
   </trkpt>
   <trkpt lat="62.4767290" lon="8.1235930">
    <ele>279.0</ele>
    <time>2025-07-08T13:18:44Z</time>
   </trkpt>
   <trkpt lat="62.4767190" lon="8.1236000">
    <ele>279.2</ele>
    <time>2025-07-08T13:18:45Z</time>
   </trkpt>
   <trkpt lat="62.4767070" lon="8.1236000">
    <ele>279.4</ele>
    <time>2025-07-08T13:18:46Z</time>
   </trkpt>
   <trkpt lat="62.4766960" lon="8.1235890">
    <ele>279.5</ele>
    <time>2025-07-08T13:18:47Z</time>
   </trkpt>
   <trkpt lat="62.4766900" lon="8.1235930">
    <ele>279.6</ele>
    <time>2025-07-08T13:18:48Z</time>
   </trkpt>
   <trkpt lat="62.4766630" lon="8.1235900">
    <ele>280.0</ele>
    <time>2025-07-08T13:18:49Z</time>
   </trkpt>
   <trkpt lat="62.4766580" lon="8.1235820">
    <ele>280.1</ele>
    <time>2025-07-08T13:18:50Z</time>
   </trkpt>
   <trkpt lat="62.4766530" lon="8.1235750">
    <ele>280.2</ele>
    <time>2025-07-08T13:18:51Z</time>
   </trkpt>
   <trkpt lat="62.4766440" lon="8.1235700">
    <ele>280.4</ele>
    <time>2025-07-08T13:18:52Z</time>
   </trkpt>
   <trkpt lat="62.4766300" lon="8.1235690">
    <ele>280.6</ele>
    <time>2025-07-08T13:18:53Z</time>
   </trkpt>
   <trkpt lat="62.4766190" lon="8.1235640">
    <ele>280.8</ele>
    <time>2025-07-08T13:18:54Z</time>
   </trkpt>
   <trkpt lat="62.4766100" lon="8.1235730">
    <ele>280.9</ele>
    <time>2025-07-08T13:18:55Z</time>
   </trkpt>
   <trkpt lat="62.4766060" lon="8.1235740">
    <ele>281.0</ele>
    <time>2025-07-08T13:18:56Z</time>
   </trkpt>
   <trkpt lat="62.4766000" lon="8.1235620">
    <ele>281.1</ele>
    <time>2025-07-08T13:18:57Z</time>
   </trkpt>
   <trkpt lat="62.4765840" lon="8.1235700">
    <ele>281.4</ele>
    <time>2025-07-08T13:18:58Z</time>
   </trkpt>
   <trkpt lat="62.4765820" lon="8.1235790">
    <ele>281.5</ele>
    <time>2025-07-08T13:18:59Z</time>
   </trkpt>
   <trkpt lat="62.4765780" lon="8.1235780">
    <ele>281.5</ele>
    <time>2025-07-08T13:19:00Z</time>
   </trkpt>
   <trkpt lat="62.4765680" lon="8.1235800">
    <ele>281.7</ele>
    <time>2025-07-08T13:19:01Z</time>
   </trkpt>
   <trkpt lat="62.4765610" lon="8.1235720">
    <ele>281.8</ele>
    <time>2025-07-08T13:19:02Z</time>
   </trkpt>
   <trkpt lat="62.4765510" lon="8.1235640">
    <ele>282.0</ele>
    <time>2025-07-08T13:19:03Z</time>
   </trkpt>
   <trkpt lat="62.4765420" lon="8.1235570">
    <ele>282.2</ele>
    <time>2025-07-08T13:19:04Z</time>
   </trkpt>
   <trkpt lat="62.4765310" lon="8.1235530">
    <ele>282.4</ele>
    <time>2025-07-08T13:19:05Z</time>
   </trkpt>
   <trkpt lat="62.4765170" lon="8.1235470">
    <ele>282.6</ele>
    <time>2025-07-08T13:19:06Z</time>
   </trkpt>
   <trkpt lat="62.4764960" lon="8.1235400">
    <ele>283.0</ele>
    <time>2025-07-08T13:19:07Z</time>
   </trkpt>
   <trkpt lat="62.4764910" lon="8.1235400">
    <ele>283.1</ele>
    <time>2025-07-08T13:19:08Z</time>
   </trkpt>
   <trkpt lat="62.4764860" lon="8.1235390">
    <ele>283.2</ele>
    <time>2025-07-08T13:19:09Z</time>
   </trkpt>
   <trkpt lat="62.4764810" lon="8.1235390">
    <ele>283.3</ele>
    <time>2025-07-08T13:19:10Z</time>
   </trkpt>
   <trkpt lat="62.4764690" lon="8.1235310">
    <ele>283.6</ele>
    <time>2025-07-08T13:19:11Z</time>
   </trkpt>
   <trkpt lat="62.4764570" lon="8.1235290">
    <ele>283.8</ele>
    <time>2025-07-08T13:19:12Z</time>
   </trkpt>
   <trkpt lat="62.4764440" lon="8.1235260">
    <ele>284.1</ele>
    <time>2025-07-08T13:19:13Z</time>
   </trkpt>
   <trkpt lat="62.4764410" lon="8.1235280">
    <ele>284.1</ele>
    <time>2025-07-08T13:19:14Z</time>
   </trkpt>
   <trkpt lat="62.4764470" lon="8.1235330">
    <ele>284.3</ele>
    <time>2025-07-08T13:19:15Z</time>
   </trkpt>
   <trkpt lat="62.4764470" lon="8.1235270">
    <ele>284.3</ele>
    <time>2025-07-08T13:19:16Z</time>
   </trkpt>
   <trkpt lat="62.4764430" lon="8.1235300">
    <ele>284.4</ele>
    <time>2025-07-08T13:19:17Z</time>
   </trkpt>
   <trkpt lat="62.4764270" lon="8.1235200">
    <ele>284.8</ele>
    <time>2025-07-08T13:19:18Z</time>
   </trkpt>
   <trkpt lat="62.4764190" lon="8.1235220">
    <ele>284.9</ele>
    <time>2025-07-08T13:19:19Z</time>
   </trkpt>
   <trkpt lat="62.4764170" lon="8.1235310">
    <ele>285.0</ele>
    <time>2025-07-08T13:19:20Z</time>
   </trkpt>
   <trkpt lat="62.4763950" lon="8.1235460">
    <ele>285.5</ele>
    <time>2025-07-08T13:19:21Z</time>
   </trkpt>
   <trkpt lat="62.4763930" lon="8.1235660">
    <ele>285.7</ele>
    <time>2025-07-08T13:19:22Z</time>
   </trkpt>
   <trkpt lat="62.4763800" lon="8.1235780">
    <ele>286.1</ele>
    <time>2025-07-08T13:19:23Z</time>
   </trkpt>
   <trkpt lat="62.4763810" lon="8.1235660">
    <ele>286.2</ele>
    <time>2025-07-08T13:19:24Z</time>
   </trkpt>
   <trkpt lat="62.4763730" lon="8.1235530">
    <ele>286.4</ele>
    <time>2025-07-08T13:19:25Z</time>
   </trkpt>
   <trkpt lat="62.4763660" lon="8.1235470">
    <ele>286.6</ele>
    <time>2025-07-08T13:19:26Z</time>
   </trkpt>
   <trkpt lat="62.4763630" lon="8.1235410">
    <ele>286.7</ele>
    <time>2025-07-08T13:19:27Z</time>
   </trkpt>
   <trkpt lat="62.4763570" lon="8.1235290">
    <ele>286.8</ele>
    <time>2025-07-08T13:19:28Z</time>
   </trkpt>
   <trkpt lat="62.4763530" lon="8.1235210">
    <ele>286.9</ele>
    <time>2025-07-08T13:19:29Z</time>
   </trkpt>
   <trkpt lat="62.4763420" lon="8.1235160">
    <ele>287.2</ele>
    <time>2025-07-08T13:19:30Z</time>
   </trkpt>
   <trkpt lat="62.4763310" lon="8.1235160">
    <ele>287.4</ele>
    <time>2025-07-08T13:19:31Z</time>
   </trkpt>
   <trkpt lat="62.4763230" lon="8.1235000">
    <ele>287.7</ele>
    <time>2025-07-08T13:19:32Z</time>
   </trkpt>
   <trkpt lat="62.4763220" lon="8.1234900">
    <ele>287.8</ele>
    <time>2025-07-08T13:19:33Z</time>
   </trkpt>
   <trkpt lat="62.4763120" lon="8.1234900">
    <ele>288.0</ele>
    <time>2025-07-08T13:19:34Z</time>
   </trkpt>
   <trkpt lat="62.4763090" lon="8.1234860">
    <ele>288.1</ele>
    <time>2025-07-08T13:19:35Z</time>
   </trkpt>
   <trkpt lat="62.4763000" lon="8.1234830">
    <ele>288.3</ele>
    <time>2025-07-08T13:19:36Z</time>
   </trkpt>
   <trkpt lat="62.4762800" lon="8.1234710">
    <ele>288.7</ele>
    <time>2025-07-08T13:19:37Z</time>
   </trkpt>
   <trkpt lat="62.4762700" lon="8.1234620">
    <ele>289.0</ele>
    <time>2025-07-08T13:19:38Z</time>
   </trkpt>
   <trkpt lat="62.4762680" lon="8.1234710">
    <ele>289.1</ele>
    <time>2025-07-08T13:19:39Z</time>
   </trkpt>
   <trkpt lat="62.4762690" lon="8.1234700">
    <ele>289.1</ele>
    <time>2025-07-08T13:19:40Z</time>
   </trkpt>
   <trkpt lat="62.4762540" lon="8.1234610">
    <ele>289.4</ele>
    <time>2025-07-08T13:19:41Z</time>
   </trkpt>
   <trkpt lat="62.4762440" lon="8.1234620">
    <ele>289.6</ele>
    <time>2025-07-08T13:19:42Z</time>
   </trkpt>
   <trkpt lat="62.4762350" lon="8.1234650">
    <ele>289.8</ele>
    <time>2025-07-08T13:19:43Z</time>
   </trkpt>
   <trkpt lat="62.4762370" lon="8.1234720">
    <ele>289.9</ele>
    <time>2025-07-08T13:19:44Z</time>
   </trkpt>
   <trkpt lat="62.4762360" lon="8.1234670">
    <ele>290.0</ele>
    <time>2025-07-08T13:19:45Z</time>
   </trkpt>
   <trkpt lat="62.4762300" lon="8.1234530">
    <ele>290.1</ele>
    <time>2025-07-08T13:19:46Z</time>
   </trkpt>
   <trkpt lat="62.4762260" lon="8.1234530">
    <ele>290.2</ele>
    <time>2025-07-08T13:19:47Z</time>
   </trkpt>
   <trkpt lat="62.4762150" lon="8.1234290">
    <ele>290.5</ele>
    <time>2025-07-08T13:19:48Z</time>
   </trkpt>
   <trkpt lat="62.4762040" lon="8.1234070">
    <ele>290.9</ele>
    <time>2025-07-08T13:19:49Z</time>
   </trkpt>
   <trkpt lat="62.4761840" lon="8.1234080">
    <ele>291.3</ele>
    <time>2025-07-08T13:19:50Z</time>
   </trkpt>
   <trkpt lat="62.4761770" lon="8.1234120">
    <ele>291.4</ele>
    <time>2025-07-08T13:19:51Z</time>
   </trkpt>
   <trkpt lat="62.4761580" lon="8.1234270">
    <ele>291.8</ele>
    <time>2025-07-08T13:19:52Z</time>
   </trkpt>
   <trkpt lat="62.4761460" lon="8.1234450">
    <ele>292.1</ele>
    <time>2025-07-08T13:19:53Z</time>
   </trkpt>
   <trkpt lat="62.4761450" lon="8.1234490">
    <ele>292.2</ele>
    <time>2025-07-08T13:19:54Z</time>
   </trkpt>
   <trkpt lat="62.4761330" lon="8.1234520">
    <ele>292.4</ele>
    <time>2025-07-08T13:19:55Z</time>
   </trkpt>
   <trkpt lat="62.4761320" lon="8.1234640">
    <ele>292.5</ele>
    <time>2025-07-08T13:19:56Z</time>
   </trkpt>
   <trkpt lat="62.4761360" lon="8.1234690">
    <ele>292.6</ele>
    <time>2025-07-08T13:19:57Z</time>
   </trkpt>
   <trkpt lat="62.4761250" lon="8.1234730">
    <ele>292.8</ele>
    <time>2025-07-08T13:19:58Z</time>
   </trkpt>
   <trkpt lat="62.4761210" lon="8.1234690">
    <ele>292.9</ele>
    <time>2025-07-08T13:19:59Z</time>
   </trkpt>
   <trkpt lat="62.4761120" lon="8.1234710">
    <ele>293.1</ele>
    <time>2025-07-08T13:20:00Z</time>
   </trkpt>
   <trkpt lat="62.4761080" lon="8.1234760">
    <ele>293.1</ele>
    <time>2025-07-08T13:20:01Z</time>
   </trkpt>
   <trkpt lat="62.4761080" lon="8.1234780">
    <ele>293.2</ele>
    <time>2025-07-08T13:20:02Z</time>
   </trkpt>
   <trkpt lat="62.4760990" lon="8.1234950">
    <ele>293.4</ele>
    <time>2025-07-08T13:20:03Z</time>
   </trkpt>
   <trkpt lat="62.4760870" lon="8.1235070">
    <ele>293.6</ele>
    <time>2025-07-08T13:20:04Z</time>
   </trkpt>
   <trkpt lat="62.4760780" lon="8.1235090">
    <ele>293.8</ele>
    <time>2025-07-08T13:20:05Z</time>
   </trkpt>
   <trkpt lat="62.4760760" lon="8.1235100">
    <ele>293.8</ele>
    <time>2025-07-08T13:20:06Z</time>
   </trkpt>
   <trkpt lat="62.4760690" lon="8.1235200">
    <ele>294.0</ele>
    <time>2025-07-08T13:20:07Z</time>
   </trkpt>
   <trkpt lat="62.4760690" lon="8.1235190">
    <ele>294.0</ele>
    <time>2025-07-08T13:20:08Z</time>
   </trkpt>
   <trkpt lat="62.4760650" lon="8.1235220">
    <ele>294.0</ele>
    <time>2025-07-08T13:20:09Z</time>
   </trkpt>
   <trkpt lat="62.4760510" lon="8.1235270">
    <ele>294.3</ele>
    <time>2025-07-08T13:20:10Z</time>
   </trkpt>
   <trkpt lat="62.4760380" lon="8.1235280">
    <ele>294.5</ele>
    <time>2025-07-08T13:20:11Z</time>
   </trkpt>
   <trkpt lat="62.4760310" lon="8.1235200">
    <ele>294.6</ele>
    <time>2025-07-08T13:20:12Z</time>
   </trkpt>
   <trkpt lat="62.4760240" lon="8.1235310">
    <ele>294.8</ele>
    <time>2025-07-08T13:20:13Z</time>
   </trkpt>
   <trkpt lat="62.4760190" lon="8.1235300">
    <ele>294.8</ele>
    <time>2025-07-08T13:20:15Z</time>
   </trkpt>
   <trkpt lat="62.4760130" lon="8.1235220">
    <ele>295.0</ele>
    <time>2025-07-08T13:20:16Z</time>
   </trkpt>
   <trkpt lat="62.4760010" lon="8.1235170">
    <ele>295.2</ele>
    <time>2025-07-08T13:20:17Z</time>
   </trkpt>
   <trkpt lat="62.4759880" lon="8.1235150">
    <ele>295.4</ele>
    <time>2025-07-08T13:20:18Z</time>
   </trkpt>
   <trkpt lat="62.4759720" lon="8.1235140">
    <ele>295.6</ele>
    <time>2025-07-08T13:20:19Z</time>
   </trkpt>
   <trkpt lat="62.4759650" lon="8.1235140">
    <ele>295.7</ele>
    <time>2025-07-08T13:20:20Z</time>
   </trkpt>
   <trkpt lat="62.4759580" lon="8.1235140">
    <ele>295.9</ele>
    <time>2025-07-08T13:20:21Z</time>
   </trkpt>
   <trkpt lat="62.4759510" lon="8.1235140">
    <ele>296.0</ele>
    <time>2025-07-08T13:20:22Z</time>
   </trkpt>
   <trkpt lat="62.4759380" lon="8.1235260">
    <ele>296.3</ele>
    <time>2025-07-08T13:20:23Z</time>
   </trkpt>
   <trkpt lat="62.4759370" lon="8.1235300">
    <ele>296.4</ele>
    <time>2025-07-08T13:20:24Z</time>
   </trkpt>
   <trkpt lat="62.4759330" lon="8.1235330">
    <ele>296.5</ele>
    <time>2025-07-08T13:20:25Z</time>
   </trkpt>
   <trkpt lat="62.4759150" lon="8.1235290">
    <ele>296.9</ele>
    <time>2025-07-08T13:20:26Z</time>
   </trkpt>
   <trkpt lat="62.4759070" lon="8.1235180">
    <ele>297.1</ele>
    <time>2025-07-08T13:20:27Z</time>
   </trkpt>
   <trkpt lat="62.4759020" lon="8.1235160">
    <ele>297.2</ele>
    <time>2025-07-08T13:20:28Z</time>
   </trkpt>
   <trkpt lat="62.4758880" lon="8.1235140">
    <ele>297.5</ele>
    <time>2025-07-08T13:20:29Z</time>
   </trkpt>
   <trkpt lat="62.4758820" lon="8.1235050">
    <ele>297.6</ele>
    <time>2025-07-08T13:20:30Z</time>
   </trkpt>
   <trkpt lat="62.4758670" lon="8.1235080">
    <ele>297.9</ele>
    <time>2025-07-08T13:20:31Z</time>
   </trkpt>
   <trkpt lat="62.4758570" lon="8.1235040">
    <ele>298.1</ele>
    <time>2025-07-08T13:20:32Z</time>
   </trkpt>
   <trkpt lat="62.4758580" lon="8.1235090">
    <ele>298.2</ele>
    <time>2025-07-08T13:20:33Z</time>
   </trkpt>
   <trkpt lat="62.4758560" lon="8.1235080">
    <ele>298.2</ele>
    <time>2025-07-08T13:20:34Z</time>
   </trkpt>
   <trkpt lat="62.4758530" lon="8.1235100">
    <ele>298.3</ele>
    <time>2025-07-08T13:20:35Z</time>
   </trkpt>
   <trkpt lat="62.4758400" lon="8.1235100">
    <ele>298.5</ele>
    <time>2025-07-08T13:20:36Z</time>
   </trkpt>
   <trkpt lat="62.4758350" lon="8.1235280">
    <ele>298.7</ele>
    <time>2025-07-08T13:20:37Z</time>
   </trkpt>
   <trkpt lat="62.4758370" lon="8.1235230">
    <ele>298.8</ele>
    <time>2025-07-08T13:20:38Z</time>
   </trkpt>
   <trkpt lat="62.4758400" lon="8.1235190">
    <ele>298.9</ele>
    <time>2025-07-08T13:20:39Z</time>
   </trkpt>
   <trkpt lat="62.4758400" lon="8.1235170">
    <ele>298.9</ele>
    <time>2025-07-08T13:20:40Z</time>
   </trkpt>
   <trkpt lat="62.4758350" lon="8.1235100">
    <ele>299.0</ele>
    <time>2025-07-08T13:20:41Z</time>
   </trkpt>
   <trkpt lat="62.4758300" lon="8.1235040">
    <ele>299.1</ele>
    <time>2025-07-08T13:20:42Z</time>
   </trkpt>
   <trkpt lat="62.4758270" lon="8.1235010">
    <ele>299.2</ele>
    <time>2025-07-08T13:20:43Z</time>
   </trkpt>
   <trkpt lat="62.4758100" lon="8.1234950">
    <ele>299.5</ele>
    <time>2025-07-08T13:20:44Z</time>
   </trkpt>
   <trkpt lat="62.4757980" lon="8.1234880">
    <ele>299.7</ele>
    <time>2025-07-08T13:20:45Z</time>
   </trkpt>
   <trkpt lat="62.4757900" lon="8.1234790">
    <ele>299.9</ele>
    <time>2025-07-08T13:20:46Z</time>
   </trkpt>
   <trkpt lat="62.4757780" lon="8.1234640">
    <ele>300.1</ele>
    <time>2025-07-08T13:20:47Z</time>
   </trkpt>
   <trkpt lat="62.4757700" lon="8.1234600">
    <ele>300.3</ele>
    <time>2025-07-08T13:20:48Z</time>
   </trkpt>
   <trkpt lat="62.4757610" lon="8.1234490">
    <ele>300.5</ele>
    <time>2025-07-08T13:20:49Z</time>
   </trkpt>
   <trkpt lat="62.4757590" lon="8.1234490">
    <ele>300.5</ele>
    <time>2025-07-08T13:20:50Z</time>
   </trkpt>
   <trkpt lat="62.4757380" lon="8.1234280">
    <ele>300.9</ele>
    <time>2025-07-08T13:20:51Z</time>
   </trkpt>
   <trkpt lat="62.4757320" lon="8.1234260">
    <ele>301.0</ele>
    <time>2025-07-08T13:20:52Z</time>
   </trkpt>
   <trkpt lat="62.4757150" lon="8.1234410">
    <ele>301.4</ele>
    <time>2025-07-08T13:20:53Z</time>
   </trkpt>
   <trkpt lat="62.4757190" lon="8.1234450">
    <ele>301.4</ele>
    <time>2025-07-08T13:20:54Z</time>
   </trkpt>
   <trkpt lat="62.4757160" lon="8.1234440">
    <ele>301.5</ele>
    <time>2025-07-08T13:20:55Z</time>
   </trkpt>
   <trkpt lat="62.4757090" lon="8.1234350">
    <ele>301.6</ele>
    <time>2025-07-08T13:20:56Z</time>
   </trkpt>
   <trkpt lat="62.4757060" lon="8.1234300">
    <ele>301.7</ele>
    <time>2025-07-08T13:20:57Z</time>
   </trkpt>
   <trkpt lat="62.4756970" lon="8.1234240">
    <ele>301.9</ele>
    <time>2025-07-08T13:20:58Z</time>
   </trkpt>
   <trkpt lat="62.4757000" lon="8.1234240">
    <ele>301.9</ele>
    <time>2025-07-08T13:20:59Z</time>
   </trkpt>
   <trkpt lat="62.4756830" lon="8.1234120">
    <ele>302.2</ele>
    <time>2025-07-08T13:21:00Z</time>
   </trkpt>
   <trkpt lat="62.4756770" lon="8.1234110">
    <ele>302.3</ele>
    <time>2025-07-08T13:21:01Z</time>
   </trkpt>
   <trkpt lat="62.4756760" lon="8.1234110">
    <ele>302.3</ele>
    <time>2025-07-08T13:21:02Z</time>
   </trkpt>
   <trkpt lat="62.4756830" lon="8.1234110">
    <ele>302.5</ele>
    <time>2025-07-08T13:21:03Z</time>
   </trkpt>
   <trkpt lat="62.4756830" lon="8.1234100">
    <ele>302.5</ele>
    <time>2025-07-08T13:21:04Z</time>
   </trkpt>
   <trkpt lat="62.4756780" lon="8.1234040">
    <ele>302.6</ele>
    <time>2025-07-08T13:21:05Z</time>
   </trkpt>
   <trkpt lat="62.4756720" lon="8.1234030">
    <ele>302.7</ele>
    <time>2025-07-08T13:21:06Z</time>
   </trkpt>
   <trkpt lat="62.4756630" lon="8.1234060">
    <ele>302.8</ele>
    <time>2025-07-08T13:21:07Z</time>
   </trkpt>
   <trkpt lat="62.4756520" lon="8.1234190">
    <ele>303.0</ele>
    <time>2025-07-08T13:21:08Z</time>
   </trkpt>
   <trkpt lat="62.4756380" lon="8.1234430">
    <ele>303.3</ele>
    <time>2025-07-08T13:21:09Z</time>
   </trkpt>
   <trkpt lat="62.4756290" lon="8.1234530">
    <ele>303.5</ele>
    <time>2025-07-08T13:21:10Z</time>
   </trkpt>
   <trkpt lat="62.4756190" lon="8.1234640">
    <ele>303.7</ele>
    <time>2025-07-08T13:21:11Z</time>
   </trkpt>
   <trkpt lat="62.4756110" lon="8.1234520">
    <ele>303.8</ele>
    <time>2025-07-08T13:21:12Z</time>
   </trkpt>
   <trkpt lat="62.4756110" lon="8.1234530">
    <ele>303.8</ele>
    <time>2025-07-08T13:21:13Z</time>
   </trkpt>
   <trkpt lat="62.4756100" lon="8.1234530">
    <ele>303.8</ele>
    <time>2025-07-08T13:21:14Z</time>
   </trkpt>
   <trkpt lat="62.4756090" lon="8.1234530">
    <ele>303.9</ele>
    <time>2025-07-08T13:21:15Z</time>
   </trkpt>
   <trkpt lat="62.4756090" lon="8.1234540">
    <ele>303.9</ele>
    <time>2025-07-08T13:21:16Z</time>
   </trkpt>
   <trkpt lat="62.4756080" lon="8.1234540">
    <ele>303.9</ele>
    <time>2025-07-08T13:21:17Z</time>
   </trkpt>
   <trkpt lat="62.4756080" lon="8.1234540">
    <ele>303.9</ele>
    <time>2025-07-08T13:21:18Z</time>
   </trkpt>
   <trkpt lat="62.4756070" lon="8.1234550">
    <ele>303.9</ele>
    <time>2025-07-08T13:21:19Z</time>
   </trkpt>
   <trkpt lat="62.4756060" lon="8.1234550">
    <ele>303.9</ele>
    <time>2025-07-08T13:21:20Z</time>
   </trkpt>
   <trkpt lat="62.4756060" lon="8.1234550">
    <ele>303.9</ele>
    <time>2025-07-08T13:21:21Z</time>
   </trkpt>
   <trkpt lat="62.4756050" lon="8.1234550">
    <ele>303.9</ele>
    <time>2025-07-08T13:21:22Z</time>
   </trkpt>
   <trkpt lat="62.4756040" lon="8.1234560">
    <ele>303.9</ele>
    <time>2025-07-08T13:21:23Z</time>
   </trkpt>
   <trkpt lat="62.4756040" lon="8.1234560">
    <ele>303.9</ele>
    <time>2025-07-08T13:21:24Z</time>
   </trkpt>
   <trkpt lat="62.4756030" lon="8.1234560">
    <ele>304.0</ele>
    <time>2025-07-08T13:21:25Z</time>
   </trkpt>
   <trkpt lat="62.4756030" lon="8.1234570">
    <ele>304.0</ele>
    <time>2025-07-08T13:21:26Z</time>
   </trkpt>
   <trkpt lat="62.4756020" lon="8.1234570">
    <ele>304.0</ele>
    <time>2025-07-08T13:21:27Z</time>
   </trkpt>
   <trkpt lat="62.4756010" lon="8.1234570">
    <ele>304.0</ele>
    <time>2025-07-08T13:21:28Z</time>
   </trkpt>
   <trkpt lat="62.4756010" lon="8.1234580">
    <ele>304.0</ele>
    <time>2025-07-08T13:21:29Z</time>
   </trkpt>
   <trkpt lat="62.4756000" lon="8.1234580">
    <ele>304.0</ele>
    <time>2025-07-08T13:21:30Z</time>
   </trkpt>
   <trkpt lat="62.4755990" lon="8.1234580">
    <ele>304.0</ele>
    <time>2025-07-08T13:21:31Z</time>
   </trkpt>
   <trkpt lat="62.4755990" lon="8.1234590">
    <ele>304.1</ele>
    <time>2025-07-08T13:21:32Z</time>
   </trkpt>
   <trkpt lat="62.4755980" lon="8.1234590">
    <ele>304.1</ele>
    <time>2025-07-08T13:21:33Z</time>
   </trkpt>
   <trkpt lat="62.4755980" lon="8.1234590">
    <ele>304.1</ele>
    <time>2025-07-08T13:21:34Z</time>
   </trkpt>
   <trkpt lat="62.4755970" lon="8.1234600">
    <ele>304.1</ele>
    <time>2025-07-08T13:21:35Z</time>
   </trkpt>
   <trkpt lat="62.4755960" lon="8.1234600">
    <ele>304.1</ele>
    <time>2025-07-08T13:21:36Z</time>
   </trkpt>
   <trkpt lat="62.4755960" lon="8.1234600">
    <ele>304.1</ele>
    <time>2025-07-08T13:21:37Z</time>
   </trkpt>
   <trkpt lat="62.4755950" lon="8.1234610">
    <ele>304.1</ele>
    <time>2025-07-08T13:21:38Z</time>
   </trkpt>
   <trkpt lat="62.4755940" lon="8.1234610">
    <ele>304.1</ele>
    <time>2025-07-08T13:21:39Z</time>
   </trkpt>
   <trkpt lat="62.4755940" lon="8.1234610">
    <ele>304.1</ele>
    <time>2025-07-08T13:21:40Z</time>
   </trkpt>
   <trkpt lat="62.4755930" lon="8.1234610">
    <ele>304.2</ele>
    <time>2025-07-08T13:21:41Z</time>
   </trkpt>
   <trkpt lat="62.4755920" lon="8.1234620">
    <ele>304.2</ele>
    <time>2025-07-08T13:21:42Z</time>
   </trkpt>
   <trkpt lat="62.4755920" lon="8.1234620">
    <ele>304.2</ele>
    <time>2025-07-08T13:21:43Z</time>
   </trkpt>
   <trkpt lat="62.4755910" lon="8.1234620">
    <ele>304.2</ele>
    <time>2025-07-08T13:21:44Z</time>
   </trkpt>
   <trkpt lat="62.4755910" lon="8.1234630">
    <ele>304.2</ele>
    <time>2025-07-08T13:21:45Z</time>
   </trkpt>
   <trkpt lat="62.4755900" lon="8.1234630">
    <ele>304.2</ele>
    <time>2025-07-08T13:21:46Z</time>
   </trkpt>
   <trkpt lat="62.4755890" lon="8.1234630">
    <ele>304.2</ele>
    <time>2025-07-08T13:21:47Z</time>
   </trkpt>
   <trkpt lat="62.4755890" lon="8.1234640">
    <ele>304.2</ele>
    <time>2025-07-08T13:21:48Z</time>
   </trkpt>
   <trkpt lat="62.4755880" lon="8.1234640">
    <ele>304.3</ele>
    <time>2025-07-08T13:21:49Z</time>
   </trkpt>
   <trkpt lat="62.4755870" lon="8.1234640">
    <ele>304.3</ele>
    <time>2025-07-08T13:21:50Z</time>
   </trkpt>
   <trkpt lat="62.4755870" lon="8.1234650">
    <ele>304.3</ele>
    <time>2025-07-08T13:21:51Z</time>
   </trkpt>
   <trkpt lat="62.4755860" lon="8.1234650">
    <ele>304.3</ele>
    <time>2025-07-08T13:21:52Z</time>
   </trkpt>
   <trkpt lat="62.4755860" lon="8.1234650">
    <ele>304.3</ele>
    <time>2025-07-08T13:21:53Z</time>
   </trkpt>
   <trkpt lat="62.4755850" lon="8.1234660">
    <ele>304.3</ele>
    <time>2025-07-08T13:21:54Z</time>
   </trkpt>
   <trkpt lat="62.4755840" lon="8.1234660">
    <ele>304.3</ele>
    <time>2025-07-08T13:21:55Z</time>
   </trkpt>
   <trkpt lat="62.4755840" lon="8.1234660">
    <ele>304.3</ele>
    <time>2025-07-08T13:21:56Z</time>
   </trkpt>
   <trkpt lat="62.4755830" lon="8.1234660">
    <ele>304.3</ele>
    <time>2025-07-08T13:21:57Z</time>
   </trkpt>
   <trkpt lat="62.4755820" lon="8.1234670">
    <ele>304.4</ele>
    <time>2025-07-08T13:21:58Z</time>
   </trkpt>
   <trkpt lat="62.4755820" lon="8.1234670">
    <ele>304.4</ele>
    <time>2025-07-08T13:21:59Z</time>
   </trkpt>
   <trkpt lat="62.4755810" lon="8.1234670">
    <ele>304.4</ele>
    <time>2025-07-08T13:22:00Z</time>
   </trkpt>
   <trkpt lat="62.4755810" lon="8.1234680">
    <ele>304.4</ele>
    <time>2025-07-08T13:22:01Z</time>
   </trkpt>
   <trkpt lat="62.4755800" lon="8.1234680">
    <ele>304.4</ele>
    <time>2025-07-08T13:22:02Z</time>
   </trkpt>
   <trkpt lat="62.4755790" lon="8.1234680">
    <ele>304.4</ele>
    <time>2025-07-08T13:22:03Z</time>
   </trkpt>
   <trkpt lat="62.4755790" lon="8.1234690">
    <ele>304.4</ele>
    <time>2025-07-08T13:22:04Z</time>
   </trkpt>
   <trkpt lat="62.4755780" lon="8.1234690">
    <ele>304.4</ele>
    <time>2025-07-08T13:22:05Z</time>
   </trkpt>
   <trkpt lat="62.4755650" lon="8.1234650">
    <ele>304.6</ele>
    <time>2025-07-08T13:22:06Z</time>
   </trkpt>
   <trkpt lat="62.4755700" lon="8.1234730">
    <ele>304.7</ele>
    <time>2025-07-08T13:22:07Z</time>
   </trkpt>
   <trkpt lat="62.4756030" lon="8.1235130">
    <ele>305.3</ele>
    <time>2025-07-08T13:22:08Z</time>
   </trkpt>
   <trkpt lat="62.4755980" lon="8.1235380">
    <ele>305.1</ele>
    <time>2025-07-08T13:22:09Z</time>
   </trkpt>
   <trkpt lat="62.4756270" lon="8.1235380">
    <ele>304.6</ele>
    <time>2025-07-08T13:22:10Z</time>
   </trkpt>
   <trkpt lat="62.4756200" lon="8.1234980">
    <ele>304.3</ele>
    <time>2025-07-08T13:22:11Z</time>
   </trkpt>
   <trkpt lat="62.4756150" lon="8.1234920">
    <ele>304.2</ele>
    <time>2025-07-08T13:22:12Z</time>
   </trkpt>
   <trkpt lat="62.4756030" lon="8.1235090">
    <ele>304.0</ele>
    <time>2025-07-08T13:22:13Z</time>
   </trkpt>
   <trkpt lat="62.4756140" lon="8.1235040">
    <ele>303.8</ele>
    <time>2025-07-08T13:22:14Z</time>
   </trkpt>
   <trkpt lat="62.4756140" lon="8.1235010">
    <ele>303.7</ele>
    <time>2025-07-08T13:22:15Z</time>
   </trkpt>
   <trkpt lat="62.4756100" lon="8.1235060">
    <ele>303.7</ele>
    <time>2025-07-08T13:22:16Z</time>
   </trkpt>
   <trkpt lat="62.4756160" lon="8.1235090">
    <ele>303.6</ele>
    <time>2025-07-08T13:22:17Z</time>
   </trkpt>
   <trkpt lat="62.4756180" lon="8.1235060">
    <ele>303.5</ele>
    <time>2025-07-08T13:22:18Z</time>
   </trkpt>
   <trkpt lat="62.4756200" lon="8.1235020">
    <ele>303.5</ele>
    <time>2025-07-08T13:22:19Z</time>
   </trkpt>
   <trkpt lat="62.4756320" lon="8.1234920">
    <ele>303.3</ele>
    <time>2025-07-08T13:22:21Z</time>
   </trkpt>
   <trkpt lat="62.4756350" lon="8.1234870">
    <ele>303.2</ele>
    <time>2025-07-08T13:22:22Z</time>
   </trkpt>
   <trkpt lat="62.4756470" lon="8.1234820">
    <ele>303.0</ele>
    <time>2025-07-08T13:22:23Z</time>
   </trkpt>
   <trkpt lat="62.4756440" lon="8.1234900">
    <ele>302.9</ele>
    <time>2025-07-08T13:22:24Z</time>
   </trkpt>
   <trkpt lat="62.4756480" lon="8.1234890">
    <ele>302.8</ele>
    <time>2025-07-08T13:22:25Z</time>
   </trkpt>
   <trkpt lat="62.4756530" lon="8.1234820">
    <ele>302.7</ele>
    <time>2025-07-08T13:22:26Z</time>
   </trkpt>
   <trkpt lat="62.4756620" lon="8.1234700">
    <ele>302.6</ele>
    <time>2025-07-08T13:22:27Z</time>
   </trkpt>
   <trkpt lat="62.4756560" lon="8.1234670">
    <ele>302.5</ele>
    <time>2025-07-08T13:22:28Z</time>
   </trkpt>
   <trkpt lat="62.4756560" lon="8.1234650">
    <ele>302.4</ele>
    <time>2025-07-08T13:22:29Z</time>
   </trkpt>
   <trkpt lat="62.4756650" lon="8.1234560">
    <ele>302.3</ele>
    <time>2025-07-08T13:22:30Z</time>
   </trkpt>
   <trkpt lat="62.4756760" lon="8.1234570">
    <ele>302.1</ele>
    <time>2025-07-08T13:22:31Z</time>
   </trkpt>
   <trkpt lat="62.4756910" lon="8.1234630">
    <ele>301.8</ele>
    <time>2025-07-08T13:22:32Z</time>
   </trkpt>
   <trkpt lat="62.4757010" lon="8.1234750">
    <ele>301.6</ele>
    <time>2025-07-08T13:22:33Z</time>
   </trkpt>
   <trkpt lat="62.4757020" lon="8.1234770">
    <ele>301.6</ele>
    <time>2025-07-08T13:22:34Z</time>
   </trkpt>
   <trkpt lat="62.4757110" lon="8.1234750">
    <ele>301.4</ele>
    <time>2025-07-08T13:22:35Z</time>
   </trkpt>
   <trkpt lat="62.4757200" lon="8.1234690">
    <ele>301.2</ele>
    <time>2025-07-08T13:22:36Z</time>
   </trkpt>
   <trkpt lat="62.4757220" lon="8.1234620">
    <ele>301.2</ele>
    <time>2025-07-08T13:22:37Z</time>
   </trkpt>
   <trkpt lat="62.4757380" lon="8.1234590">
    <ele>300.9</ele>
    <time>2025-07-08T13:22:38Z</time>
   </trkpt>
   <trkpt lat="62.4757410" lon="8.1234800">
    <ele>300.7</ele>
    <time>2025-07-08T13:22:39Z</time>
   </trkpt>
   <trkpt lat="62.4757500" lon="8.1234870">
    <ele>300.5</ele>
    <time>2025-07-08T13:22:40Z</time>
   </trkpt>
   <trkpt lat="62.4757600" lon="8.1234950">
    <ele>300.3</ele>
    <time>2025-07-08T13:22:41Z</time>
   </trkpt>
   <trkpt lat="62.4757690" lon="8.1235020">
    <ele>300.1</ele>
    <time>2025-07-08T13:22:42Z</time>
   </trkpt>
   <trkpt lat="62.4757780" lon="8.1235100">
    <ele>300.0</ele>
    <time>2025-07-08T13:22:43Z</time>
   </trkpt>
   <trkpt lat="62.4757920" lon="8.1235170">
    <ele>299.7</ele>
    <time>2025-07-08T13:22:44Z</time>
   </trkpt>
   <trkpt lat="62.4758030" lon="8.1235240">
    <ele>299.5</ele>
    <time>2025-07-08T13:22:45Z</time>
   </trkpt>
   <trkpt lat="62.4758140" lon="8.1235300">
    <ele>299.2</ele>
    <time>2025-07-08T13:22:46Z</time>
   </trkpt>
   <trkpt lat="62.4758100" lon="8.1235300">
    <ele>299.2</ele>
    <time>2025-07-08T13:22:47Z</time>
   </trkpt>
   <trkpt lat="62.4758170" lon="8.1235320">
    <ele>299.0</ele>
    <time>2025-07-08T13:22:48Z</time>
   </trkpt>
   <trkpt lat="62.4758270" lon="8.1235340">
    <ele>298.8</ele>
    <time>2025-07-08T13:22:49Z</time>
   </trkpt>
   <trkpt lat="62.4758360" lon="8.1235320">
    <ele>298.6</ele>
    <time>2025-07-08T13:22:50Z</time>
   </trkpt>
   <trkpt lat="62.4758460" lon="8.1235300">
    <ele>298.4</ele>
    <time>2025-07-08T13:22:51Z</time>
   </trkpt>
   <trkpt lat="62.4758610" lon="8.1235300">
    <ele>298.1</ele>
    <time>2025-07-08T13:22:52Z</time>
   </trkpt>
   <trkpt lat="62.4758690" lon="8.1235330">
    <ele>298.0</ele>
    <time>2025-07-08T13:22:53Z</time>
   </trkpt>
   <trkpt lat="62.4758770" lon="8.1235350">
    <ele>297.8</ele>
    <time>2025-07-08T13:22:54Z</time>
   </trkpt>
   <trkpt lat="62.4758850" lon="8.1235380">
    <ele>297.6</ele>
    <time>2025-07-08T13:22:55Z</time>
   </trkpt>
   <trkpt lat="62.4759040" lon="8.1235360">
    <ele>297.2</ele>
    <time>2025-07-08T13:22:56Z</time>
   </trkpt>
   <trkpt lat="62.4759140" lon="8.1235410">
    <ele>297.0</ele>
    <time>2025-07-08T13:22:57Z</time>
   </trkpt>
   <trkpt lat="62.4759230" lon="8.1235450">
    <ele>296.8</ele>
    <time>2025-07-08T13:22:58Z</time>
   </trkpt>
   <trkpt lat="62.4759250" lon="8.1235470">
    <ele>296.7</ele>
    <time>2025-07-08T13:22:59Z</time>
   </trkpt>
   <trkpt lat="62.4759310" lon="8.1235480">
    <ele>296.6</ele>
    <time>2025-07-08T13:23:00Z</time>
   </trkpt>
   <trkpt lat="62.4759440" lon="8.1235410">
    <ele>296.3</ele>
    <time>2025-07-08T13:23:01Z</time>
   </trkpt>
   <trkpt lat="62.4759520" lon="8.1235280">
    <ele>296.1</ele>
    <time>2025-07-08T13:23:02Z</time>
   </trkpt>
   <trkpt lat="62.4759560" lon="8.1235180">
    <ele>295.9</ele>
    <time>2025-07-08T13:23:03Z</time>
   </trkpt>
   <trkpt lat="62.4759610" lon="8.1235230">
    <ele>295.8</ele>
    <time>2025-07-08T13:23:04Z</time>
   </trkpt>
   <trkpt lat="62.4759750" lon="8.1235230">
    <ele>295.6</ele>
    <time>2025-07-08T13:23:05Z</time>
   </trkpt>
   <trkpt lat="62.4759810" lon="8.1235180">
    <ele>295.5</ele>
    <time>2025-07-08T13:23:06Z</time>
   </trkpt>
   <trkpt lat="62.4759960" lon="8.1235090">
    <ele>295.3</ele>
    <time>2025-07-08T13:23:07Z</time>
   </trkpt>
   <trkpt lat="62.4760050" lon="8.1235120">
    <ele>295.1</ele>
    <time>2025-07-08T13:23:08Z</time>
   </trkpt>
   <trkpt lat="62.4760080" lon="8.1235180">
    <ele>295.1</ele>
    <time>2025-07-08T13:23:09Z</time>
   </trkpt>
   <trkpt lat="62.4760260" lon="8.1235210">
    <ele>294.8</ele>
    <time>2025-07-08T13:23:10Z</time>
   </trkpt>
   <trkpt lat="62.4760330" lon="8.1235250">
    <ele>294.7</ele>
    <time>2025-07-08T13:23:11Z</time>
   </trkpt>
   <trkpt lat="62.4760400" lon="8.1235290">
    <ele>294.6</ele>
    <time>2025-07-08T13:23:12Z</time>
   </trkpt>
   <trkpt lat="62.4760470" lon="8.1235330">
    <ele>294.5</ele>
    <time>2025-07-08T13:23:13Z</time>
   </trkpt>
   <trkpt lat="62.4760530" lon="8.1235330">
    <ele>294.4</ele>
    <time>2025-07-08T13:23:14Z</time>
   </trkpt>
   <trkpt lat="62.4760600" lon="8.1235340">
    <ele>294.3</ele>
    <time>2025-07-08T13:23:15Z</time>
   </trkpt>
   <trkpt lat="62.4760670" lon="8.1235360">
    <ele>294.2</ele>
    <time>2025-07-08T13:23:16Z</time>
   </trkpt>
   <trkpt lat="62.4760680" lon="8.1235430">
    <ele>294.1</ele>
    <time>2025-07-08T13:23:17Z</time>
   </trkpt>
   <trkpt lat="62.4760770" lon="8.1235450">
    <ele>294.0</ele>
    <time>2025-07-08T13:23:18Z</time>
   </trkpt>
   <trkpt lat="62.4760850" lon="8.1235330">
    <ele>293.8</ele>
    <time>2025-07-08T13:23:19Z</time>
   </trkpt>
   <trkpt lat="62.4760920" lon="8.1235270">
    <ele>293.7</ele>
    <time>2025-07-08T13:23:20Z</time>
   </trkpt>
   <trkpt lat="62.4760980" lon="8.1235200">
    <ele>293.6</ele>
    <time>2025-07-08T13:23:21Z</time>
   </trkpt>
   <trkpt lat="62.4761050" lon="8.1235140">
    <ele>293.5</ele>
    <time>2025-07-08T13:23:22Z</time>
   </trkpt>
   <trkpt lat="62.4761110" lon="8.1235070">
    <ele>293.4</ele>
    <time>2025-07-08T13:23:23Z</time>
   </trkpt>
   <trkpt lat="62.4761090" lon="8.1235060">
    <ele>293.3</ele>
    <time>2025-07-08T13:23:24Z</time>
   </trkpt>
   <trkpt lat="62.4761090" lon="8.1235120">
    <ele>293.3</ele>
    <time>2025-07-08T13:23:25Z</time>
   </trkpt>
   <trkpt lat="62.4761180" lon="8.1235050">
    <ele>293.1</ele>
    <time>2025-07-08T13:23:26Z</time>
   </trkpt>
   <trkpt lat="62.4761190" lon="8.1234870">
    <ele>293.0</ele>
    <time>2025-07-08T13:23:27Z</time>
   </trkpt>
   <trkpt lat="62.4761180" lon="8.1234880">
    <ele>293.0</ele>
    <time>2025-07-08T13:23:28Z</time>
   </trkpt>
   <trkpt lat="62.4761220" lon="8.1234820">
    <ele>292.9</ele>
    <time>2025-07-08T13:23:29Z</time>
   </trkpt>
   <trkpt lat="62.4761270" lon="8.1234870">
    <ele>292.8</ele>
    <time>2025-07-08T13:23:30Z</time>
   </trkpt>
   <trkpt lat="62.4761270" lon="8.1234890">
    <ele>292.8</ele>
    <time>2025-07-08T13:23:31Z</time>
   </trkpt>
   <trkpt lat="62.4761300" lon="8.1234900">
    <ele>292.7</ele>
    <time>2025-07-08T13:23:32Z</time>
   </trkpt>
   <trkpt lat="62.4761380" lon="8.1234860">
    <ele>292.6</ele>
    <time>2025-07-08T13:23:33Z</time>
   </trkpt>
   <trkpt lat="62.4761430" lon="8.1234790">
    <ele>292.5</ele>
    <time>2025-07-08T13:23:34Z</time>
   </trkpt>
   <trkpt lat="62.4761480" lon="8.1234770">
    <ele>292.4</ele>
    <time>2025-07-08T13:23:35Z</time>
   </trkpt>
   <trkpt lat="62.4761520" lon="8.1234670">
    <ele>292.3</ele>
    <time>2025-07-08T13:23:36Z</time>
   </trkpt>
   <trkpt lat="62.4761540" lon="8.1234580">
    <ele>292.2</ele>
    <time>2025-07-08T13:23:37Z</time>
   </trkpt>
   <trkpt lat="62.4761560" lon="8.1234520">
    <ele>292.1</ele>
    <time>2025-07-08T13:23:38Z</time>
   </trkpt>
   <trkpt lat="62.4761600" lon="8.1234520">
    <ele>292.1</ele>
    <time>2025-07-08T13:23:39Z</time>
   </trkpt>
   <trkpt lat="62.4761730" lon="8.1234440">
    <ele>291.8</ele>
    <time>2025-07-08T13:23:40Z</time>
   </trkpt>
   <trkpt lat="62.4761820" lon="8.1234360">
    <ele>291.6</ele>
    <time>2025-07-08T13:23:41Z</time>
   </trkpt>
   <trkpt lat="62.4761890" lon="8.1234340">
    <ele>291.5</ele>
    <time>2025-07-08T13:23:42Z</time>
   </trkpt>
   <trkpt lat="62.4761980" lon="8.1234330">
    <ele>291.3</ele>
    <time>2025-07-08T13:23:43Z</time>
   </trkpt>
   <trkpt lat="62.4762030" lon="8.1234400">
    <ele>291.2</ele>
    <time>2025-07-08T13:23:44Z</time>
   </trkpt>
   <trkpt lat="62.4762050" lon="8.1234530">
    <ele>291.1</ele>
    <time>2025-07-08T13:23:45Z</time>
   </trkpt>
   <trkpt lat="62.4762120" lon="8.1234660">
    <ele>290.9</ele>
    <time>2025-07-08T13:23:46Z</time>
   </trkpt>
   <trkpt lat="62.4762150" lon="8.1234850">
    <ele>290.7</ele>
    <time>2025-07-08T13:23:47Z</time>
   </trkpt>
   <trkpt lat="62.4762220" lon="8.1234960">
    <ele>290.6</ele>
    <time>2025-07-08T13:23:48Z</time>
   </trkpt>
   <trkpt lat="62.4762210" lon="8.1234920">
    <ele>290.5</ele>
    <time>2025-07-08T13:23:49Z</time>
   </trkpt>
   <trkpt lat="62.4762230" lon="8.1234940">
    <ele>290.5</ele>
    <time>2025-07-08T13:23:50Z</time>
   </trkpt>
   <trkpt lat="62.4762250" lon="8.1235030">
    <ele>290.4</ele>
    <time>2025-07-08T13:23:51Z</time>
   </trkpt>
   <trkpt lat="62.4762280" lon="8.1235080">
    <ele>290.3</ele>
    <time>2025-07-08T13:23:52Z</time>
   </trkpt>
   <trkpt lat="62.4762330" lon="8.1235060">
    <ele>290.3</ele>
    <time>2025-07-08T13:23:53Z</time>
   </trkpt>
   <trkpt lat="62.4762430" lon="8.1235000">
    <ele>290.1</ele>
    <time>2025-07-08T13:23:54Z</time>
   </trkpt>
   <trkpt lat="62.4762500" lon="8.1234920">
    <ele>289.9</ele>
    <time>2025-07-08T13:23:55Z</time>
   </trkpt>
   <trkpt lat="62.4762490" lon="8.1234930">
    <ele>289.9</ele>
    <time>2025-07-08T13:23:56Z</time>
   </trkpt>
   <trkpt lat="62.4762540" lon="8.1234930">
    <ele>289.8</ele>
    <time>2025-07-08T13:23:57Z</time>
   </trkpt>
   <trkpt lat="62.4762630" lon="8.1235020">
    <ele>289.6</ele>
    <time>2025-07-08T13:23:58Z</time>
   </trkpt>
   <trkpt lat="62.4762820" lon="8.1235030">
    <ele>289.2</ele>
    <time>2025-07-08T13:23:59Z</time>
   </trkpt>
   <trkpt lat="62.4762910" lon="8.1235000">
    <ele>289.0</ele>
    <time>2025-07-08T13:24:00Z</time>
   </trkpt>
   <trkpt lat="62.4762980" lon="8.1235080">
    <ele>288.9</ele>
    <time>2025-07-08T13:24:01Z</time>
   </trkpt>
   <trkpt lat="62.4763060" lon="8.1235130">
    <ele>288.7</ele>
    <time>2025-07-08T13:24:02Z</time>
   </trkpt>
   <trkpt lat="62.4763070" lon="8.1235180">
    <ele>288.7</ele>
    <time>2025-07-08T13:24:03Z</time>
   </trkpt>
   <trkpt lat="62.4763050" lon="8.1235190">
    <ele>288.6</ele>
    <time>2025-07-08T13:24:04Z</time>
   </trkpt>
   <trkpt lat="62.4763100" lon="8.1235200">
    <ele>288.5</ele>
    <time>2025-07-08T13:24:05Z</time>
   </trkpt>
   <trkpt lat="62.4763150" lon="8.1235220">
    <ele>288.4</ele>
    <time>2025-07-08T13:24:06Z</time>
   </trkpt>
   <trkpt lat="62.4763260" lon="8.1235210">
    <ele>288.2</ele>
    <time>2025-07-08T13:24:07Z</time>
   </trkpt>
   <trkpt lat="62.4763440" lon="8.1235310">
    <ele>287.8</ele>
    <time>2025-07-08T13:24:08Z</time>
   </trkpt>
   <trkpt lat="62.4763480" lon="8.1235430">
    <ele>287.7</ele>
    <time>2025-07-08T13:24:09Z</time>
   </trkpt>
   <trkpt lat="62.4763450" lon="8.1235410">
    <ele>287.6</ele>
    <time>2025-07-08T13:24:10Z</time>
   </trkpt>
   <trkpt lat="62.4763550" lon="8.1235500">
    <ele>287.4</ele>
    <time>2025-07-08T13:24:11Z</time>
   </trkpt>
   <trkpt lat="62.4763600" lon="8.1235610">
    <ele>287.3</ele>
    <time>2025-07-08T13:24:12Z</time>
   </trkpt>
   <trkpt lat="62.4763620" lon="8.1235720">
    <ele>287.2</ele>
    <time>2025-07-08T13:24:13Z</time>
   </trkpt>
   <trkpt lat="62.4763600" lon="8.1235720">
    <ele>287.1</ele>
    <time>2025-07-08T13:24:14Z</time>
   </trkpt>
   <trkpt lat="62.4763650" lon="8.1235710">
    <ele>287.0</ele>
    <time>2025-07-08T13:24:15Z</time>
   </trkpt>
   <trkpt lat="62.4763710" lon="8.1235770">
    <ele>286.9</ele>
    <time>2025-07-08T13:24:16Z</time>
   </trkpt>
   <trkpt lat="62.4763790" lon="8.1235730">
    <ele>286.7</ele>
    <time>2025-07-08T13:24:17Z</time>
   </trkpt>
   <trkpt lat="62.4763840" lon="8.1235710">
    <ele>286.6</ele>
    <time>2025-07-08T13:24:18Z</time>
   </trkpt>
   <trkpt lat="62.4763830" lon="8.1235720">
    <ele>286.6</ele>
    <time>2025-07-08T13:24:19Z</time>
   </trkpt>
   <trkpt lat="62.4763880" lon="8.1235760">
    <ele>286.5</ele>
    <time>2025-07-08T13:24:20Z</time>
   </trkpt>
   <trkpt lat="62.4763980" lon="8.1235640">
    <ele>286.3</ele>
    <time>2025-07-08T13:24:21Z</time>
   </trkpt>
   <trkpt lat="62.4764070" lon="8.1235680">
    <ele>286.1</ele>
    <time>2025-07-08T13:24:22Z</time>
   </trkpt>
   <trkpt lat="62.4764170" lon="8.1235570">
    <ele>285.9</ele>
    <time>2025-07-08T13:24:23Z</time>
   </trkpt>
   <trkpt lat="62.4764090" lon="8.1235520">
    <ele>285.7</ele>
    <time>2025-07-08T13:24:24Z</time>
   </trkpt>
   <trkpt lat="62.4764040" lon="8.1235580">
    <ele>285.6</ele>
    <time>2025-07-08T13:24:26Z</time>
   </trkpt>
   <trkpt lat="62.4764030" lon="8.1235590">
    <ele>285.6</ele>
    <time>2025-07-08T13:24:27Z</time>
   </trkpt>
   <trkpt lat="62.4764030" lon="8.1235490">
    <ele>285.5</ele>
    <time>2025-07-08T13:24:28Z</time>
   </trkpt>
   <trkpt lat="62.4764050" lon="8.1235400">
    <ele>285.4</ele>
    <time>2025-07-08T13:24:29Z</time>
   </trkpt>
   <trkpt lat="62.4764160" lon="8.1235340">
    <ele>285.1</ele>
    <time>2025-07-08T13:24:30Z</time>
   </trkpt>
   <trkpt lat="62.4764260" lon="8.1235300">
    <ele>284.9</ele>
    <time>2025-07-08T13:24:31Z</time>
   </trkpt>
   <trkpt lat="62.4764290" lon="8.1235320">
    <ele>284.9</ele>
    <time>2025-07-08T13:24:32Z</time>
   </trkpt>
   <trkpt lat="62.4764270" lon="8.1235430">
    <ele>284.8</ele>
    <time>2025-07-08T13:24:33Z</time>
   </trkpt>
   <trkpt lat="62.4764320" lon="8.1235460">
    <ele>284.7</ele>
    <time>2025-07-08T13:24:34Z</time>
   </trkpt>
   <trkpt lat="62.4764430" lon="8.1235350">
    <ele>284.4</ele>
    <time>2025-07-08T13:24:35Z</time>
   </trkpt>
   <trkpt lat="62.4764510" lon="8.1235320">
    <ele>284.3</ele>
    <time>2025-07-08T13:24:36Z</time>
   </trkpt>
   <trkpt lat="62.4764590" lon="8.1235270">
    <ele>284.1</ele>
    <time>2025-07-08T13:24:37Z</time>
   </trkpt>
   <trkpt lat="62.4764640" lon="8.1235330">
    <ele>284.0</ele>
    <time>2025-07-08T13:24:38Z</time>
   </trkpt>
   <trkpt lat="62.4764710" lon="8.1235280">
    <ele>283.9</ele>
    <time>2025-07-08T13:24:39Z</time>
   </trkpt>
   <trkpt lat="62.4764870" lon="8.1235350">
    <ele>283.6</ele>
    <time>2025-07-08T13:24:40Z</time>
   </trkpt>
   <trkpt lat="62.4764930" lon="8.1235380">
    <ele>283.5</ele>
    <time>2025-07-08T13:24:41Z</time>
   </trkpt>
   <trkpt lat="62.4764980" lon="8.1235420">
    <ele>283.4</ele>
    <time>2025-07-08T13:24:42Z</time>
   </trkpt>
   <trkpt lat="62.4765040" lon="8.1235450">
    <ele>283.3</ele>
    <time>2025-07-08T13:24:43Z</time>
   </trkpt>
   <trkpt lat="62.4765090" lon="8.1235480">
    <ele>283.2</ele>
    <time>2025-07-08T13:24:44Z</time>
   </trkpt>
   <trkpt lat="62.4765150" lon="8.1235580">
    <ele>283.0</ele>
    <time>2025-07-08T13:24:45Z</time>
   </trkpt>
   <trkpt lat="62.4765270" lon="8.1235660">
    <ele>282.8</ele>
    <time>2025-07-08T13:24:46Z</time>
   </trkpt>
   <trkpt lat="62.4765340" lon="8.1235790">
    <ele>282.7</ele>
    <time>2025-07-08T13:24:47Z</time>
   </trkpt>
   <trkpt lat="62.4765380" lon="8.1235840">
    <ele>282.6</ele>
    <time>2025-07-08T13:24:48Z</time>
   </trkpt>
   <trkpt lat="62.4765420" lon="8.1235840">
    <ele>282.5</ele>
    <time>2025-07-08T13:24:49Z</time>
   </trkpt>
   <trkpt lat="62.4765450" lon="8.1235840">
    <ele>282.5</ele>
    <time>2025-07-08T13:24:50Z</time>
   </trkpt>
   <trkpt lat="62.4765480" lon="8.1235840">
    <ele>282.4</ele>
    <time>2025-07-08T13:24:51Z</time>
   </trkpt>
   <trkpt lat="62.4765520" lon="8.1235840">
    <ele>282.4</ele>
    <time>2025-07-08T13:24:52Z</time>
   </trkpt>
   <trkpt lat="62.4765550" lon="8.1235830">
    <ele>282.3</ele>
    <time>2025-07-08T13:24:53Z</time>
   </trkpt>
   <trkpt lat="62.4765590" lon="8.1235830">
    <ele>282.2</ele>
    <time>2025-07-08T13:24:54Z</time>
   </trkpt>
   <trkpt lat="62.4765620" lon="8.1235830">
    <ele>282.2</ele>
    <time>2025-07-08T13:24:55Z</time>
   </trkpt>
   <trkpt lat="62.4765650" lon="8.1235830">
    <ele>282.2</ele>
    <time>2025-07-08T13:24:56Z</time>
   </trkpt>
   <trkpt lat="62.4765690" lon="8.1235830">
    <ele>282.1</ele>
    <time>2025-07-08T13:24:57Z</time>
   </trkpt>
   <trkpt lat="62.4765720" lon="8.1235830">
    <ele>282.0</ele>
    <time>2025-07-08T13:24:58Z</time>
   </trkpt>
   <trkpt lat="62.4765790" lon="8.1235860">
    <ele>281.9</ele>
    <time>2025-07-08T13:24:59Z</time>
   </trkpt>
   <trkpt lat="62.4765750" lon="8.1235920">
    <ele>281.8</ele>
    <time>2025-07-08T13:25:00Z</time>
   </trkpt>
   <trkpt lat="62.4765820" lon="8.1235950">
    <ele>281.7</ele>
    <time>2025-07-08T13:25:01Z</time>
   </trkpt>
   <trkpt lat="62.4765900" lon="8.1236090">
    <ele>281.6</ele>
    <time>2025-07-08T13:25:02Z</time>
   </trkpt>
   <trkpt lat="62.4765910" lon="8.1236090">
    <ele>281.6</ele>
    <time>2025-07-08T13:25:03Z</time>
   </trkpt>
   <trkpt lat="62.4765930" lon="8.1236010">
    <ele>281.5</ele>
    <time>2025-07-08T13:25:04Z</time>
   </trkpt>
   <trkpt lat="62.4766020" lon="8.1235950">
    <ele>281.4</ele>
    <time>2025-07-08T13:25:05Z</time>
   </trkpt>
   <trkpt lat="62.4765990" lon="8.1235870">
    <ele>281.3</ele>
    <time>2025-07-08T13:25:06Z</time>
   </trkpt>
   <trkpt lat="62.4766010" lon="8.1235840">
    <ele>281.2</ele>
    <time>2025-07-08T13:25:07Z</time>
   </trkpt>
   <trkpt lat="62.4766070" lon="8.1235970">
    <ele>281.1</ele>
    <time>2025-07-08T13:25:08Z</time>
   </trkpt>
   <trkpt lat="62.4766120" lon="8.1235990">
    <ele>281.0</ele>
    <time>2025-07-08T13:25:09Z</time>
   </trkpt>
   <trkpt lat="62.4766130" lon="8.1236000">
    <ele>281.0</ele>
    <time>2025-07-08T13:25:10Z</time>
   </trkpt>
   <trkpt lat="62.4766250" lon="8.1235930">
    <ele>280.8</ele>
    <time>2025-07-08T13:25:11Z</time>
   </trkpt>
   <trkpt lat="62.4766350" lon="8.1235900">
    <ele>280.7</ele>
    <time>2025-07-08T13:25:12Z</time>
   </trkpt>
   <trkpt lat="62.4766480" lon="8.1235850">
    <ele>280.5</ele>
    <time>2025-07-08T13:25:13Z</time>
   </trkpt>
   <trkpt lat="62.4766570" lon="8.1236050">
    <ele>280.3</ele>
    <time>2025-07-08T13:25:14Z</time>
   </trkpt>
   <trkpt lat="62.4766560" lon="8.1236060">
    <ele>280.3</ele>
    <time>2025-07-08T13:25:15Z</time>
   </trkpt>
   <trkpt lat="62.4766620" lon="8.1236090">
    <ele>280.2</ele>
    <time>2025-07-08T13:25:16Z</time>
   </trkpt>
   <trkpt lat="62.4766720" lon="8.1236180">
    <ele>280.1</ele>
    <time>2025-07-08T13:25:17Z</time>
   </trkpt>
   <trkpt lat="62.4766770" lon="8.1236160">
    <ele>280.0</ele>
    <time>2025-07-08T13:25:18Z</time>
   </trkpt>
   <trkpt lat="62.4766790" lon="8.1236210">
    <ele>280.0</ele>
    <time>2025-07-08T13:25:19Z</time>
   </trkpt>
   <trkpt lat="62.4766880" lon="8.1236220">
    <ele>279.8</ele>
    <time>2025-07-08T13:25:20Z</time>
   </trkpt>
   <trkpt lat="62.4766950" lon="8.1236260">
    <ele>279.7</ele>
    <time>2025-07-08T13:25:21Z</time>
   </trkpt>
   <trkpt lat="62.4767040" lon="8.1236250">
    <ele>279.6</ele>
    <time>2025-07-08T13:25:22Z</time>
   </trkpt>
   <trkpt lat="62.4767100" lon="8.1236240">
    <ele>279.5</ele>
    <time>2025-07-08T13:25:23Z</time>
   </trkpt>
   <trkpt lat="62.4767080" lon="8.1236150">
    <ele>279.5</ele>
    <time>2025-07-08T13:25:24Z</time>
   </trkpt>
   <trkpt lat="62.4767260" lon="8.1236130">
    <ele>279.2</ele>
    <time>2025-07-08T13:25:25Z</time>
   </trkpt>
   <trkpt lat="62.4767330" lon="8.1236140">
    <ele>279.1</ele>
    <time>2025-07-08T13:25:26Z</time>
   </trkpt>
   <trkpt lat="62.4767420" lon="8.1236180">
    <ele>279.0</ele>
    <time>2025-07-08T13:25:27Z</time>
   </trkpt>
   <trkpt lat="62.4767420" lon="8.1236130">
    <ele>279.0</ele>
    <time>2025-07-08T13:25:28Z</time>
   </trkpt>
   <trkpt lat="62.4767410" lon="8.1236180">
    <ele>278.9</ele>
    <time>2025-07-08T13:25:29Z</time>
   </trkpt>
   <trkpt lat="62.4767510" lon="8.1236200">
    <ele>278.8</ele>
    <time>2025-07-08T13:25:30Z</time>
   </trkpt>
   <trkpt lat="62.4767550" lon="8.1236240">
    <ele>278.7</ele>
    <time>2025-07-08T13:25:31Z</time>
   </trkpt>
   <trkpt lat="62.4767620" lon="8.1236290">
    <ele>278.6</ele>
    <time>2025-07-08T13:25:32Z</time>
   </trkpt>
   <trkpt lat="62.4767780" lon="8.1236370">
    <ele>278.4</ele>
    <time>2025-07-08T13:25:33Z</time>
   </trkpt>
   <trkpt lat="62.4767880" lon="8.1236390">
    <ele>278.3</ele>
    <time>2025-07-08T13:25:34Z</time>
   </trkpt>
   <trkpt lat="62.4767980" lon="8.1236340">
    <ele>278.1</ele>
    <time>2025-07-08T13:25:35Z</time>
   </trkpt>
   <trkpt lat="62.4768010" lon="8.1236330">
    <ele>278.1</ele>
    <time>2025-07-08T13:25:36Z</time>
   </trkpt>
   <trkpt lat="62.4768070" lon="8.1236330">
    <ele>278.0</ele>
    <time>2025-07-08T13:25:37Z</time>
   </trkpt>
   <trkpt lat="62.4768190" lon="8.1236240">
    <ele>277.8</ele>
    <time>2025-07-08T13:25:38Z</time>
   </trkpt>
   <trkpt lat="62.4768240" lon="8.1236240">
    <ele>277.8</ele>
    <time>2025-07-08T13:25:39Z</time>
   </trkpt>
   <trkpt lat="62.4768350" lon="8.1236380">
    <ele>277.6</ele>
    <time>2025-07-08T13:25:40Z</time>
   </trkpt>
   <trkpt lat="62.4768360" lon="8.1236430">
    <ele>277.5</ele>
    <time>2025-07-08T13:25:41Z</time>
   </trkpt>
   <trkpt lat="62.4768370" lon="8.1236480">
    <ele>277.5</ele>
    <time>2025-07-08T13:25:42Z</time>
   </trkpt>
   <trkpt lat="62.4768480" lon="8.1236590">
    <ele>277.4</ele>
    <time>2025-07-08T13:25:43Z</time>
   </trkpt>
   <trkpt lat="62.4768590" lon="8.1236580">
    <ele>277.2</ele>
    <time>2025-07-08T13:25:44Z</time>
   </trkpt>
   <trkpt lat="62.4768620" lon="8.1236530">
    <ele>277.2</ele>
    <time>2025-07-08T13:25:45Z</time>
   </trkpt>
   <trkpt lat="62.4768680" lon="8.1236520">
    <ele>277.1</ele>
    <time>2025-07-08T13:25:46Z</time>
   </trkpt>
   <trkpt lat="62.4768690" lon="8.1236440">
    <ele>277.0</ele>
    <time>2025-07-08T13:25:47Z</time>
   </trkpt>
   <trkpt lat="62.4768760" lon="8.1236390">
    <ele>276.9</ele>
    <time>2025-07-08T13:25:48Z</time>
   </trkpt>
   <trkpt lat="62.4768890" lon="8.1236360">
    <ele>276.8</ele>
    <time>2025-07-08T13:25:49Z</time>
   </trkpt>
   <trkpt lat="62.4768870" lon="8.1236450">
    <ele>276.7</ele>
    <time>2025-07-08T13:25:50Z</time>
   </trkpt>
   <trkpt lat="62.4768850" lon="8.1236490">
    <ele>276.7</ele>
    <time>2025-07-08T13:25:51Z</time>
   </trkpt>
   <trkpt lat="62.4768830" lon="8.1236510">
    <ele>276.6</ele>
    <time>2025-07-08T13:25:52Z</time>
   </trkpt>
   <trkpt lat="62.4768860" lon="8.1236510">
    <ele>276.6</ele>
    <time>2025-07-08T13:25:53Z</time>
   </trkpt>
   <trkpt lat="62.4768850" lon="8.1236510">
    <ele>276.6</ele>
    <time>2025-07-08T13:25:54Z</time>
   </trkpt>
   <trkpt lat="62.4768910" lon="8.1236570">
    <ele>276.5</ele>
    <time>2025-07-08T13:25:55Z</time>
   </trkpt>
   <trkpt lat="62.4768890" lon="8.1236540">
    <ele>276.5</ele>
    <time>2025-07-08T13:25:56Z</time>
   </trkpt>
   <trkpt lat="62.4768810" lon="8.1236420">
    <ele>276.3</ele>
    <time>2025-07-08T13:25:57Z</time>
   </trkpt>
   <trkpt lat="62.4768790" lon="8.1236490">
    <ele>276.3</ele>
    <time>2025-07-08T13:25:58Z</time>
   </trkpt>
   <trkpt lat="62.4768790" lon="8.1236490">
    <ele>276.3</ele>
    <time>2025-07-08T13:25:59Z</time>
   </trkpt>
   <trkpt lat="62.4768760" lon="8.1236430">
    <ele>276.2</ele>
    <time>2025-07-08T13:26:00Z</time>
   </trkpt>
   <trkpt lat="62.4768790" lon="8.1236410">
    <ele>276.2</ele>
    <time>2025-07-08T13:26:01Z</time>
   </trkpt>
   <trkpt lat="62.4768750" lon="8.1236370">
    <ele>276.1</ele>
    <time>2025-07-08T13:26:02Z</time>
   </trkpt>
   <trkpt lat="62.4768770" lon="8.1236390">
    <ele>276.1</ele>
    <time>2025-07-08T13:26:03Z</time>
   </trkpt>
   <trkpt lat="62.4768720" lon="8.1236290">
    <ele>276.0</ele>
    <time>2025-07-08T13:26:04Z</time>
   </trkpt>
   <trkpt lat="62.4768760" lon="8.1236210">
    <ele>275.9</ele>
    <time>2025-07-08T13:26:05Z</time>
   </trkpt>
   <trkpt lat="62.4768760" lon="8.1236190">
    <ele>275.9</ele>
    <time>2025-07-08T13:26:06Z</time>
   </trkpt>
   <trkpt lat="62.4768820" lon="8.1236180">
    <ele>275.8</ele>
    <time>2025-07-08T13:26:07Z</time>
   </trkpt>
   <trkpt lat="62.4768920" lon="8.1236300">
    <ele>275.7</ele>
    <time>2025-07-08T13:26:08Z</time>
   </trkpt>
   <trkpt lat="62.4768920" lon="8.1236360">
    <ele>275.6</ele>
    <time>2025-07-08T13:26:09Z</time>
   </trkpt>
   <trkpt lat="62.4768980" lon="8.1236430">
    <ele>275.6</ele>
    <time>2025-07-08T13:26:10Z</time>
   </trkpt>
   <trkpt lat="62.4769070" lon="8.1236430">
    <ele>275.4</ele>
    <time>2025-07-08T13:26:11Z</time>
   </trkpt>
   <trkpt lat="62.4768940" lon="8.1236540">
    <ele>275.2</ele>
    <time>2025-07-08T13:26:12Z</time>
   </trkpt>
   <trkpt lat="62.4768930" lon="8.1236460">
    <ele>275.2</ele>
    <time>2025-07-08T13:26:13Z</time>
   </trkpt>
   <trkpt lat="62.4768910" lon="8.1236520">
    <ele>275.2</ele>
    <time>2025-07-08T13:26:14Z</time>
   </trkpt>
   <trkpt lat="62.4768910" lon="8.1236500">
    <ele>275.1</ele>
    <time>2025-07-08T13:26:15Z</time>
   </trkpt>
   <trkpt lat="62.4768940" lon="8.1236500">
    <ele>275.1</ele>
    <time>2025-07-08T13:26:16Z</time>
   </trkpt>
   <trkpt lat="62.4768920" lon="8.1236480">
    <ele>275.1</ele>
    <time>2025-07-08T13:26:17Z</time>
   </trkpt>
   <trkpt lat="62.4768920" lon="8.1236420">
    <ele>275.0</ele>
    <time>2025-07-08T13:26:18Z</time>
   </trkpt>
   <trkpt lat="62.4768920" lon="8.1236430">
    <ele>275.0</ele>
    <time>2025-07-08T13:26:19Z</time>
   </trkpt>
   <trkpt lat="62.4768920" lon="8.1236420">
    <ele>275.0</ele>
    <time>2025-07-08T13:26:20Z</time>
   </trkpt>
   <trkpt lat="62.4768930" lon="8.1236430">
    <ele>275.0</ele>
    <time>2025-07-08T13:26:21Z</time>
   </trkpt>
   <trkpt lat="62.4768890" lon="8.1236560">
    <ele>274.9</ele>
    <time>2025-07-08T13:26:22Z</time>
   </trkpt>
   <trkpt lat="62.4768910" lon="8.1236540">
    <ele>274.9</ele>
    <time>2025-07-08T13:26:23Z</time>
   </trkpt>
   <trkpt lat="62.4768890" lon="8.1236470">
    <ele>274.8</ele>
    <time>2025-07-08T13:26:24Z</time>
   </trkpt>
   <trkpt lat="62.4768910" lon="8.1236540">
    <ele>274.8</ele>
    <time>2025-07-08T13:26:25Z</time>
   </trkpt>
   <trkpt lat="62.4768900" lon="8.1236580">
    <ele>274.8</ele>
    <time>2025-07-08T13:26:26Z</time>
   </trkpt>
   <trkpt lat="62.4768910" lon="8.1236540">
    <ele>274.7</ele>
    <time>2025-07-08T13:26:27Z</time>
   </trkpt>
   <trkpt lat="62.4768930" lon="8.1236520">
    <ele>274.7</ele>
    <time>2025-07-08T13:26:28Z</time>
   </trkpt>
   <trkpt lat="62.4768930" lon="8.1236410">
    <ele>274.6</ele>
    <time>2025-07-08T13:26:29Z</time>
   </trkpt>
   <trkpt lat="62.4768930" lon="8.1236430">
    <ele>274.6</ele>
    <time>2025-07-08T13:26:30Z</time>
   </trkpt>
   <trkpt lat="62.4768940" lon="8.1236460">
    <ele>274.6</ele>
    <time>2025-07-08T13:26:32Z</time>
   </trkpt>
   <trkpt lat="62.4768940" lon="8.1236450">
    <ele>274.6</ele>
    <time>2025-07-08T13:26:33Z</time>
   </trkpt>
   <trkpt lat="62.4768920" lon="8.1236520">
    <ele>274.6</ele>
    <time>2025-07-08T13:26:34Z</time>
   </trkpt>
   <trkpt lat="62.4768920" lon="8.1236520">
    <ele>274.6</ele>
    <time>2025-07-08T13:26:35Z</time>
   </trkpt>
   <trkpt lat="62.4768920" lon="8.1236440">
    <ele>274.5</ele>
    <time>2025-07-08T13:26:36Z</time>
   </trkpt>
   <trkpt lat="62.4768920" lon="8.1236440">
    <ele>274.5</ele>
    <time>2025-07-08T13:26:37Z</time>
   </trkpt>
   <trkpt lat="62.4768920" lon="8.1236440">
    <ele>274.5</ele>
    <time>2025-07-08T13:26:38Z</time>
   </trkpt>
   <trkpt lat="62.4768920" lon="8.1236440">
    <ele>274.5</ele>
    <time>2025-07-08T13:26:39Z</time>
   </trkpt>
   <trkpt lat="62.4768920" lon="8.1236440">
    <ele>274.5</ele>
    <time>2025-07-08T13:26:40Z</time>
   </trkpt>
   <trkpt lat="62.4768920" lon="8.1236440">
    <ele>274.5</ele>
    <time>2025-07-08T13:26:41Z</time>
   </trkpt>
   <trkpt lat="62.4768920" lon="8.1236420">
    <ele>274.5</ele>
    <time>2025-07-08T13:26:42Z</time>
   </trkpt>
   <trkpt lat="62.4768970" lon="8.1236370">
    <ele>274.4</ele>
    <time>2025-07-08T13:26:43Z</time>
   </trkpt>
   <trkpt lat="62.4768990" lon="8.1236360">
    <ele>274.4</ele>
    <time>2025-07-08T13:26:44Z</time>
   </trkpt>
   <trkpt lat="62.4768920" lon="8.1236470">
    <ele>274.3</ele>
    <time>2025-07-08T13:26:45Z</time>
   </trkpt>
   <trkpt lat="62.4768900" lon="8.1236480">
    <ele>274.3</ele>
    <time>2025-07-08T13:26:46Z</time>
   </trkpt>
   <trkpt lat="62.4768870" lon="8.1236500">
    <ele>274.2</ele>
    <time>2025-07-08T13:26:47Z</time>
   </trkpt>
   <trkpt lat="62.4768900" lon="8.1236480">
    <ele>274.2</ele>
    <time>2025-07-08T13:26:48Z</time>
   </trkpt>
   <trkpt lat="62.4768900" lon="8.1236450">
    <ele>274.2</ele>
    <time>2025-07-08T13:26:49Z</time>
   </trkpt>
   <trkpt lat="62.4768920" lon="8.1236400">
    <ele>274.1</ele>
    <time>2025-07-08T13:26:50Z</time>
   </trkpt>
   <trkpt lat="62.4768920" lon="8.1236400">
    <ele>274.1</ele>
    <time>2025-07-08T13:26:51Z</time>
   </trkpt>
   <trkpt lat="62.4768920" lon="8.1236400">
    <ele>274.1</ele>
    <time>2025-07-08T13:26:52Z</time>
   </trkpt>
   <trkpt lat="62.4768920" lon="8.1236400">
    <ele>274.1</ele>
    <time>2025-07-08T13:26:53Z</time>
   </trkpt>
   <trkpt lat="62.4768920" lon="8.1236400">
    <ele>274.1</ele>
    <time>2025-07-08T13:26:54Z</time>
   </trkpt>
   <trkpt lat="62.4768810" lon="8.1236510">
    <ele>274.0</ele>
    <time>2025-07-08T13:26:55Z</time>
   </trkpt>
   <trkpt lat="62.4768830" lon="8.1236530">
    <ele>274.0</ele>
    <time>2025-07-08T13:26:56Z</time>
   </trkpt>
   <trkpt lat="62.4768820" lon="8.1236520">
    <ele>273.9</ele>
    <time>2025-07-08T13:26:57Z</time>
   </trkpt>
   <trkpt lat="62.4768840" lon="8.1236550">
    <ele>273.9</ele>
    <time>2025-07-08T13:26:58Z</time>
   </trkpt>
   <trkpt lat="62.4768840" lon="8.1236550">
    <ele>273.9</ele>
    <time>2025-07-08T13:26:59Z</time>
   </trkpt>
   <trkpt lat="62.4768840" lon="8.1236550">
    <ele>273.9</ele>
    <time>2025-07-08T13:27:00Z</time>
   </trkpt>
   <trkpt lat="62.4768920" lon="8.1236490">
    <ele>273.8</ele>
    <time>2025-07-08T13:27:01Z</time>
   </trkpt>
   <trkpt lat="62.4768950" lon="8.1236450">
    <ele>273.8</ele>
    <time>2025-07-08T13:27:02Z</time>
   </trkpt>
   <trkpt lat="62.4768950" lon="8.1236440">
    <ele>273.8</ele>
    <time>2025-07-08T13:27:03Z</time>
   </trkpt>
   <trkpt lat="62.4768930" lon="8.1236460">
    <ele>273.7</ele>
    <time>2025-07-08T13:27:04Z</time>
   </trkpt>
   <trkpt lat="62.4768930" lon="8.1236460">
    <ele>273.7</ele>
    <time>2025-07-08T13:27:05Z</time>
   </trkpt>
   <trkpt lat="62.4768930" lon="8.1236460">
    <ele>273.7</ele>
    <time>2025-07-08T13:27:06Z</time>
   </trkpt>
   <trkpt lat="62.4768910" lon="8.1236430">
    <ele>273.7</ele>
    <time>2025-07-08T13:27:07Z</time>
   </trkpt>
   <trkpt lat="62.4768910" lon="8.1236390">
    <ele>273.7</ele>
    <time>2025-07-08T13:27:08Z</time>
   </trkpt>
   <trkpt lat="62.4768930" lon="8.1236430">
    <ele>273.6</ele>
    <time>2025-07-08T13:27:09Z</time>
   </trkpt>
   <trkpt lat="62.4768910" lon="8.1236440">
    <ele>273.6</ele>
    <time>2025-07-08T13:27:10Z</time>
   </trkpt>
   <trkpt lat="62.4768910" lon="8.1236440">
    <ele>273.6</ele>
    <time>2025-07-08T13:27:11Z</time>
   </trkpt>
   <trkpt lat="62.4768910" lon="8.1236430">
    <ele>273.6</ele>
    <time>2025-07-08T13:27:12Z</time>
   </trkpt>
   <trkpt lat="62.4768910" lon="8.1236440">
    <ele>273.6</ele>
    <time>2025-07-08T13:27:13Z</time>
   </trkpt>
   <trkpt lat="62.4768910" lon="8.1236440">
    <ele>273.6</ele>
    <time>2025-07-08T13:27:14Z</time>
   </trkpt>
   <trkpt lat="62.4768910" lon="8.1236440">
    <ele>273.6</ele>
    <time>2025-07-08T13:27:15Z</time>
   </trkpt>
   <trkpt lat="62.4768910" lon="8.1236440">
    <ele>273.6</ele>
    <time>2025-07-08T13:27:16Z</time>
   </trkpt>
   <trkpt lat="62.4768910" lon="8.1236440">
    <ele>273.6</ele>
    <time>2025-07-08T13:27:17Z</time>
   </trkpt>
   <trkpt lat="62.4768890" lon="8.1236480">
    <ele>273.6</ele>
    <time>2025-07-08T13:27:18Z</time>
   </trkpt>
   <trkpt lat="62.4768890" lon="8.1236480">
    <ele>273.6</ele>
    <time>2025-07-08T13:27:19Z</time>
   </trkpt>
   <trkpt lat="62.4768890" lon="8.1236480">
    <ele>273.6</ele>
    <time>2025-07-08T13:27:20Z</time>
   </trkpt>
   <trkpt lat="62.4768910" lon="8.1236440">
    <ele>273.5</ele>
    <time>2025-07-08T13:27:21Z</time>
   </trkpt>
   <trkpt lat="62.4768910" lon="8.1236440">
    <ele>273.5</ele>
    <time>2025-07-08T13:27:22Z</time>
   </trkpt>
   <trkpt lat="62.4768910" lon="8.1236440">
    <ele>273.5</ele>
    <time>2025-07-08T13:27:23Z</time>
   </trkpt>
   <trkpt lat="62.4768910" lon="8.1236440">
    <ele>273.5</ele>
    <time>2025-07-08T13:27:24Z</time>
   </trkpt>
   <trkpt lat="62.4768910" lon="8.1236440">
    <ele>273.5</ele>
    <time>2025-07-08T13:27:25Z</time>
   </trkpt>
   <trkpt lat="62.4768910" lon="8.1236440">
    <ele>273.5</ele>
    <time>2025-07-08T13:27:26Z</time>
   </trkpt>
   <trkpt lat="62.4768910" lon="8.1236440">
    <ele>273.5</ele>
    <time>2025-07-08T13:27:27Z</time>
   </trkpt>
   <trkpt lat="62.4768940" lon="8.1236510">
    <ele>273.5</ele>
    <time>2025-07-08T13:27:28Z</time>
   </trkpt>
   <trkpt lat="62.4768920" lon="8.1236520">
    <ele>273.5</ele>
    <time>2025-07-08T13:27:29Z</time>
   </trkpt>
   <trkpt lat="62.4768920" lon="8.1236510">
    <ele>273.4</ele>
    <time>2025-07-08T13:27:30Z</time>
   </trkpt>
   <trkpt lat="62.4768920" lon="8.1236510">
    <ele>273.4</ele>
    <time>2025-07-08T13:27:31Z</time>
   </trkpt>
   <trkpt lat="62.4768920" lon="8.1236490">
    <ele>273.4</ele>
    <time>2025-07-08T13:27:32Z</time>
   </trkpt>
   <trkpt lat="62.4768930" lon="8.1236480">
    <ele>273.4</ele>
    <time>2025-07-08T13:27:33Z</time>
   </trkpt>
   <trkpt lat="62.4768930" lon="8.1236470">
    <ele>273.4</ele>
    <time>2025-07-08T13:27:34Z</time>
   </trkpt>
   <trkpt lat="62.4768930" lon="8.1236470">
    <ele>273.4</ele>
    <time>2025-07-08T13:27:35Z</time>
   </trkpt>
   <trkpt lat="62.4768980" lon="8.1236450">
    <ele>273.4</ele>
    <time>2025-07-08T13:27:36Z</time>
   </trkpt>
   <trkpt lat="62.4769030" lon="8.1236480">
    <ele>273.3</ele>
    <time>2025-07-08T13:27:37Z</time>
   </trkpt>
   <trkpt lat="62.4769090" lon="8.1236550">
    <ele>273.2</ele>
    <time>2025-07-08T13:27:38Z</time>
   </trkpt>
   <trkpt lat="62.4769160" lon="8.1236470">
    <ele>273.1</ele>
    <time>2025-07-08T13:27:39Z</time>
   </trkpt>
   <trkpt lat="62.4769230" lon="8.1236480">
    <ele>273.0</ele>
    <time>2025-07-08T13:27:40Z</time>
   </trkpt>
   <trkpt lat="62.4769190" lon="8.1236460">
    <ele>273.0</ele>
    <time>2025-07-08T13:27:41Z</time>
   </trkpt>
   <trkpt lat="62.4769290" lon="8.1236410">
    <ele>272.9</ele>
    <time>2025-07-08T13:27:42Z</time>
   </trkpt>
   <trkpt lat="62.4769390" lon="8.1236470">
    <ele>272.7</ele>
    <time>2025-07-08T13:27:43Z</time>
   </trkpt>
   <trkpt lat="62.4769580" lon="8.1236580">
    <ele>272.5</ele>
    <time>2025-07-08T13:27:44Z</time>
   </trkpt>
   <trkpt lat="62.4769650" lon="8.1236670">
    <ele>272.4</ele>
    <time>2025-07-08T13:27:45Z</time>
   </trkpt>
   <trkpt lat="62.4769700" lon="8.1236580">
    <ele>272.3</ele>
    <time>2025-07-08T13:27:46Z</time>
   </trkpt>
   <trkpt lat="62.4769790" lon="8.1236490">
    <ele>272.2</ele>
    <time>2025-07-08T13:27:47Z</time>
   </trkpt>
   <trkpt lat="62.4769780" lon="8.1236490">
    <ele>272.2</ele>
    <time>2025-07-08T13:27:48Z</time>
   </trkpt>
   <trkpt lat="62.4769880" lon="8.1236540">
    <ele>272.1</ele>
    <time>2025-07-08T13:27:49Z</time>
   </trkpt>
   <trkpt lat="62.4769980" lon="8.1236620">
    <ele>271.9</ele>
    <time>2025-07-08T13:27:50Z</time>
   </trkpt>
   <trkpt lat="62.4770090" lon="8.1236710">
    <ele>271.8</ele>
    <time>2025-07-08T13:27:51Z</time>
   </trkpt>
   <trkpt lat="62.4770170" lon="8.1236760">
    <ele>271.7</ele>
    <time>2025-07-08T13:27:52Z</time>
   </trkpt>
   <trkpt lat="62.4770270" lon="8.1236790">
    <ele>271.6</ele>
    <time>2025-07-08T13:27:53Z</time>
   </trkpt>
   <trkpt lat="62.4770380" lon="8.1236760">
    <ele>271.4</ele>
    <time>2025-07-08T13:27:54Z</time>
   </trkpt>
   <trkpt lat="62.4770410" lon="8.1236790">
    <ele>271.4</ele>
    <time>2025-07-08T13:27:55Z</time>
   </trkpt>
   <trkpt lat="62.4770410" lon="8.1236750">
    <ele>271.4</ele>
    <time>2025-07-08T13:27:56Z</time>
   </trkpt>
   <trkpt lat="62.4770360" lon="8.1236710">
    <ele>271.3</ele>
    <time>2025-07-08T13:27:57Z</time>
   </trkpt>
   <trkpt lat="62.4770350" lon="8.1236680">
    <ele>271.3</ele>
    <time>2025-07-08T13:27:58Z</time>
   </trkpt>
   <trkpt lat="62.4770390" lon="8.1236660">
    <ele>271.2</ele>
    <time>2025-07-08T13:27:59Z</time>
   </trkpt>
   <trkpt lat="62.4770340" lon="8.1236660">
    <ele>271.2</ele>
    <time>2025-07-08T13:28:00Z</time>
   </trkpt>
   <trkpt lat="62.4770340" lon="8.1236610">
    <ele>271.2</ele>
    <time>2025-07-08T13:28:01Z</time>
   </trkpt>
   <trkpt lat="62.4770320" lon="8.1236550">
    <ele>271.1</ele>
    <time>2025-07-08T13:28:02Z</time>
   </trkpt>
   <trkpt lat="62.4770320" lon="8.1236580">
    <ele>271.1</ele>
    <time>2025-07-08T13:28:03Z</time>
   </trkpt>
   <trkpt lat="62.4770360" lon="8.1236580">
    <ele>271.1</ele>
    <time>2025-07-08T13:28:04Z</time>
   </trkpt>
   <trkpt lat="62.4770400" lon="8.1236550">
    <ele>271.0</ele>
    <time>2025-07-08T13:28:05Z</time>
   </trkpt>
   <trkpt lat="62.4770500" lon="8.1236640">
    <ele>270.9</ele>
    <time>2025-07-08T13:28:06Z</time>
   </trkpt>
   <trkpt lat="62.4770520" lon="8.1236710">
    <ele>270.8</ele>
    <time>2025-07-08T13:28:07Z</time>
   </trkpt>
   <trkpt lat="62.4770630" lon="8.1236760">
    <ele>270.7</ele>
    <time>2025-07-08T13:28:08Z</time>
   </trkpt>
   <trkpt lat="62.4770760" lon="8.1236840">
    <ele>270.6</ele>
    <time>2025-07-08T13:28:09Z</time>
   </trkpt>
   <trkpt lat="62.4770830" lon="8.1236810">
    <ele>270.5</ele>
    <time>2025-07-08T13:28:10Z</time>
   </trkpt>
   <trkpt lat="62.4770960" lon="8.1236810">
    <ele>270.4</ele>
    <time>2025-07-08T13:28:11Z</time>
   </trkpt>
   <trkpt lat="62.4770970" lon="8.1236850">
    <ele>270.3</ele>
    <time>2025-07-08T13:28:12Z</time>
   </trkpt>
   <trkpt lat="62.4771000" lon="8.1236840">
    <ele>270.3</ele>
    <time>2025-07-08T13:28:13Z</time>
   </trkpt>
   <trkpt lat="62.4771110" lon="8.1236800">
    <ele>270.2</ele>
    <time>2025-07-08T13:28:14Z</time>
   </trkpt>
   <trkpt lat="62.4771200" lon="8.1236800">
    <ele>270.1</ele>
    <time>2025-07-08T13:28:15Z</time>
   </trkpt>
   <trkpt lat="62.4771310" lon="8.1236790">
    <ele>270.0</ele>
    <time>2025-07-08T13:28:16Z</time>
   </trkpt>
   <trkpt lat="62.4771440" lon="8.1236780">
    <ele>269.9</ele>
    <time>2025-07-08T13:28:17Z</time>
   </trkpt>
   <trkpt lat="62.4771500" lon="8.1236830">
    <ele>269.9</ele>
    <time>2025-07-08T13:28:18Z</time>
   </trkpt>
   <trkpt lat="62.4771550" lon="8.1236890">
    <ele>269.8</ele>
    <time>2025-07-08T13:28:19Z</time>
   </trkpt>
   <trkpt lat="62.4771610" lon="8.1236940">
    <ele>269.8</ele>
    <time>2025-07-08T13:28:20Z</time>
   </trkpt>
   <trkpt lat="62.4771670" lon="8.1236990">
    <ele>269.7</ele>
    <time>2025-07-08T13:28:21Z</time>
   </trkpt>
   <trkpt lat="62.4771840" lon="8.1237040">
    <ele>269.6</ele>
    <time>2025-07-08T13:28:22Z</time>
   </trkpt>
   <trkpt lat="62.4771930" lon="8.1237090">
    <ele>269.5</ele>
    <time>2025-07-08T13:28:23Z</time>
   </trkpt>
   <trkpt lat="62.4772030" lon="8.1237130">
    <ele>269.4</ele>
    <time>2025-07-08T13:28:24Z</time>
   </trkpt>
   <trkpt lat="62.4772120" lon="8.1237160">
    <ele>269.3</ele>
    <time>2025-07-08T13:28:25Z</time>
   </trkpt>
   <trkpt lat="62.4772100" lon="8.1237090">
    <ele>269.3</ele>
    <time>2025-07-08T13:28:26Z</time>
   </trkpt>
   <trkpt lat="62.4772170" lon="8.1236990">
    <ele>269.2</ele>
    <time>2025-07-08T13:28:27Z</time>
   </trkpt>
   <trkpt lat="62.4772260" lon="8.1237040">
    <ele>269.2</ele>
    <time>2025-07-08T13:28:28Z</time>
   </trkpt>
   <trkpt lat="62.4772330" lon="8.1237150">
    <ele>269.1</ele>
    <time>2025-07-08T13:28:29Z</time>
   </trkpt>
   <trkpt lat="62.4772660" lon="8.1237280">
    <ele>268.8</ele>
    <time>2025-07-08T13:28:30Z</time>
   </trkpt>
   <trkpt lat="62.4772760" lon="8.1237330">
    <ele>268.8</ele>
    <time>2025-07-08T13:28:31Z</time>
   </trkpt>
   <trkpt lat="62.4772880" lon="8.1237540">
    <ele>268.6</ele>
    <time>2025-07-08T13:28:32Z</time>
   </trkpt>
   <trkpt lat="62.4772950" lon="8.1237670">
    <ele>268.6</ele>
    <time>2025-07-08T13:28:33Z</time>
   </trkpt>
   <trkpt lat="62.4773030" lon="8.1237810">
    <ele>268.5</ele>
    <time>2025-07-08T13:28:34Z</time>
   </trkpt>
   <trkpt lat="62.4773100" lon="8.1237940">
    <ele>268.4</ele>
    <time>2025-07-08T13:28:35Z</time>
   </trkpt>
   <trkpt lat="62.4773220" lon="8.1237770">
    <ele>268.2</ele>
    <time>2025-07-08T13:28:36Z</time>
   </trkpt>
   <trkpt lat="62.4773240" lon="8.1237570">
    <ele>268.0</ele>
    <time>2025-07-08T13:28:38Z</time>
   </trkpt>
   <trkpt lat="62.4773340" lon="8.1237520">
    <ele>267.9</ele>
    <time>2025-07-08T13:28:39Z</time>
   </trkpt>
   <trkpt lat="62.4773410" lon="8.1237360">
    <ele>267.7</ele>
    <time>2025-07-08T13:28:40Z</time>
   </trkpt>
   <trkpt lat="62.4773470" lon="8.1237280">
    <ele>267.6</ele>
    <time>2025-07-08T13:28:41Z</time>
   </trkpt>
   <trkpt lat="62.4773460" lon="8.1237290">
    <ele>267.6</ele>
    <time>2025-07-08T13:28:42Z</time>
   </trkpt>
   <trkpt lat="62.4773540" lon="8.1237250">
    <ele>267.5</ele>
    <time>2025-07-08T13:28:43Z</time>
   </trkpt>
   <trkpt lat="62.4773580" lon="8.1237180">
    <ele>267.4</ele>
    <time>2025-07-08T13:28:44Z</time>
   </trkpt>
   <trkpt lat="62.4773630" lon="8.1237170">
    <ele>267.3</ele>
    <time>2025-07-08T13:28:45Z</time>
   </trkpt>
   <trkpt lat="62.4773720" lon="8.1237190">
    <ele>267.2</ele>
    <time>2025-07-08T13:28:46Z</time>
   </trkpt>
   <trkpt lat="62.4773870" lon="8.1237180">
    <ele>266.9</ele>
    <time>2025-07-08T13:28:47Z</time>
   </trkpt>
   <trkpt lat="62.4773870" lon="8.1237160">
    <ele>266.9</ele>
    <time>2025-07-08T13:28:48Z</time>
   </trkpt>
   <trkpt lat="62.4773910" lon="8.1237090">
    <ele>266.8</ele>
    <time>2025-07-08T13:28:49Z</time>
   </trkpt>
   <trkpt lat="62.4774070" lon="8.1237050">
    <ele>266.6</ele>
    <time>2025-07-08T13:28:50Z</time>
   </trkpt>
   <trkpt lat="62.4774190" lon="8.1236980">
    <ele>266.4</ele>
    <time>2025-07-08T13:28:51Z</time>
   </trkpt>
   <trkpt lat="62.4774120" lon="8.1236930">
    <ele>266.2</ele>
    <time>2025-07-08T13:28:52Z</time>
   </trkpt>
   <trkpt lat="62.4774130" lon="8.1236800">
    <ele>266.1</ele>
    <time>2025-07-08T13:28:53Z</time>
   </trkpt>
   <trkpt lat="62.4774190" lon="8.1236710">
    <ele>266.0</ele>
    <time>2025-07-08T13:28:54Z</time>
   </trkpt>
   <trkpt lat="62.4774210" lon="8.1236620">
    <ele>265.9</ele>
    <time>2025-07-08T13:28:55Z</time>
   </trkpt>
   <trkpt lat="62.4774250" lon="8.1236500">
    <ele>265.8</ele>
    <time>2025-07-08T13:28:56Z</time>
   </trkpt>
   <trkpt lat="62.4774320" lon="8.1236290">
    <ele>265.6</ele>
    <time>2025-07-08T13:28:57Z</time>
   </trkpt>
   <trkpt lat="62.4774340" lon="8.1236320">
    <ele>265.6</ele>
    <time>2025-07-08T13:28:58Z</time>
   </trkpt>
   <trkpt lat="62.4774360" lon="8.1236290">
    <ele>265.5</ele>
    <time>2025-07-08T13:28:59Z</time>
   </trkpt>
   <trkpt lat="62.4774440" lon="8.1236140">
    <ele>265.4</ele>
    <time>2025-07-08T13:29:00Z</time>
   </trkpt>
   <trkpt lat="62.4774490" lon="8.1236150">
    <ele>265.3</ele>
    <time>2025-07-08T13:29:01Z</time>
   </trkpt>
   <trkpt lat="62.4774570" lon="8.1236070">
    <ele>265.1</ele>
    <time>2025-07-08T13:29:02Z</time>
   </trkpt>
   <trkpt lat="62.4774620" lon="8.1236010">
    <ele>265.0</ele>
    <time>2025-07-08T13:29:03Z</time>
   </trkpt>
   <trkpt lat="62.4774680" lon="8.1235940">
    <ele>264.9</ele>
    <time>2025-07-08T13:29:04Z</time>
   </trkpt>
   <trkpt lat="62.4774780" lon="8.1235690">
    <ele>264.6</ele>
    <time>2025-07-08T13:29:05Z</time>
   </trkpt>
   <trkpt lat="62.4774780" lon="8.1235400">
    <ele>264.3</ele>
    <time>2025-07-08T13:29:06Z</time>
   </trkpt>
   <trkpt lat="62.4774680" lon="8.1235200">
    <ele>264.1</ele>
    <time>2025-07-08T13:29:07Z</time>
   </trkpt>
   <trkpt lat="62.4774750" lon="8.1235170">
    <ele>263.9</ele>
    <time>2025-07-08T13:29:08Z</time>
   </trkpt>
   <trkpt lat="62.4774780" lon="8.1235100">
    <ele>263.8</ele>
    <time>2025-07-08T13:29:09Z</time>
   </trkpt>
   <trkpt lat="62.4774850" lon="8.1235000">
    <ele>263.7</ele>
    <time>2025-07-08T13:29:10Z</time>
   </trkpt>
   <trkpt lat="62.4774890" lon="8.1234800">
    <ele>263.5</ele>
    <time>2025-07-08T13:29:11Z</time>
   </trkpt>
   <trkpt lat="62.4774850" lon="8.1234790">
    <ele>263.4</ele>
    <time>2025-07-08T13:29:12Z</time>
   </trkpt>
   <trkpt lat="62.4774830" lon="8.1234830">
    <ele>263.3</ele>
    <time>2025-07-08T13:29:13Z</time>
   </trkpt>
   <trkpt lat="62.4774830" lon="8.1234690">
    <ele>263.2</ele>
    <time>2025-07-08T13:29:14Z</time>
   </trkpt>
   <trkpt lat="62.4774840" lon="8.1234680">
    <ele>263.2</ele>
    <time>2025-07-08T13:29:15Z</time>
   </trkpt>
   <trkpt lat="62.4774890" lon="8.1234660">
    <ele>263.1</ele>
    <time>2025-07-08T13:29:16Z</time>
   </trkpt>
   <trkpt lat="62.4774920" lon="8.1234720">
    <ele>263.0</ele>
    <time>2025-07-08T13:29:17Z</time>
   </trkpt>
   <trkpt lat="62.4774980" lon="8.1234690">
    <ele>262.9</ele>
    <time>2025-07-08T13:29:18Z</time>
   </trkpt>
   <trkpt lat="62.4775010" lon="8.1234690">
    <ele>262.8</ele>
    <time>2025-07-08T13:29:19Z</time>
   </trkpt>
   <trkpt lat="62.4775240" lon="8.1234670">
    <ele>262.4</ele>
    <time>2025-07-08T13:29:20Z</time>
   </trkpt>
   <trkpt lat="62.4775340" lon="8.1234590">
    <ele>262.2</ele>
    <time>2025-07-08T13:29:21Z</time>
   </trkpt>
   <trkpt lat="62.4775300" lon="8.1234740">
    <ele>262.0</ele>
    <time>2025-07-08T13:29:22Z</time>
   </trkpt>
   <trkpt lat="62.4775350" lon="8.1234710">
    <ele>261.9</ele>
    <time>2025-07-08T13:29:23Z</time>
   </trkpt>
   <trkpt lat="62.4775510" lon="8.1234670">
    <ele>261.6</ele>
    <time>2025-07-08T13:29:24Z</time>
   </trkpt>
   <trkpt lat="62.4775460" lon="8.1234690">
    <ele>261.5</ele>
    <time>2025-07-08T13:29:25Z</time>
   </trkpt>
   <trkpt lat="62.4775460" lon="8.1234710">
    <ele>261.4</ele>
    <time>2025-07-08T13:29:26Z</time>
   </trkpt>
   <trkpt lat="62.4775530" lon="8.1234740">
    <ele>261.3</ele>
    <time>2025-07-08T13:29:27Z</time>
   </trkpt>
   <trkpt lat="62.4775570" lon="8.1234700">
    <ele>261.2</ele>
    <time>2025-07-08T13:29:28Z</time>
   </trkpt>
   <trkpt lat="62.4775610" lon="8.1234600">
    <ele>261.1</ele>
    <time>2025-07-08T13:29:29Z</time>
   </trkpt>
   <trkpt lat="62.4775690" lon="8.1234530">
    <ele>260.9</ele>
    <time>2025-07-08T13:29:30Z</time>
   </trkpt>
   <trkpt lat="62.4775710" lon="8.1234550">
    <ele>260.9</ele>
    <time>2025-07-08T13:29:31Z</time>
   </trkpt>
   <trkpt lat="62.4775830" lon="8.1234330">
    <ele>260.6</ele>
    <time>2025-07-08T13:29:32Z</time>
   </trkpt>
   <trkpt lat="62.4775910" lon="8.1234210">
    <ele>260.4</ele>
    <time>2025-07-08T13:29:33Z</time>
   </trkpt>
   <trkpt lat="62.4775950" lon="8.1234330">
    <ele>260.3</ele>
    <time>2025-07-08T13:29:34Z</time>
   </trkpt>
   <trkpt lat="62.4775950" lon="8.1234490">
    <ele>260.2</ele>
    <time>2025-07-08T13:29:35Z</time>
   </trkpt>
   <trkpt lat="62.4775960" lon="8.1234500">
    <ele>260.1</ele>
    <time>2025-07-08T13:29:36Z</time>
   </trkpt>
   <trkpt lat="62.4776020" lon="8.1234500">
    <ele>260.0</ele>
    <time>2025-07-08T13:29:37Z</time>
   </trkpt>
   <trkpt lat="62.4776120" lon="8.1234370">
    <ele>259.8</ele>
    <time>2025-07-08T13:29:38Z</time>
   </trkpt>
   <trkpt lat="62.4776280" lon="8.1234150">
    <ele>259.5</ele>
    <time>2025-07-08T13:29:39Z</time>
   </trkpt>
   <trkpt lat="62.4776320" lon="8.1234150">
    <ele>259.4</ele>
    <time>2025-07-08T13:29:40Z</time>
   </trkpt>
   <trkpt lat="62.4776430" lon="8.1234180">
    <ele>259.3</ele>
    <time>2025-07-08T13:29:41Z</time>
   </trkpt>
   <trkpt lat="62.4776560" lon="8.1234100">
    <ele>259.0</ele>
    <time>2025-07-08T13:29:42Z</time>
   </trkpt>
   <trkpt lat="62.4776670" lon="8.1234000">
    <ele>258.8</ele>
    <time>2025-07-08T13:29:43Z</time>
   </trkpt>
   <trkpt lat="62.4776740" lon="8.1233800">
    <ele>258.7</ele>
    <time>2025-07-08T13:29:44Z</time>
   </trkpt>
   <trkpt lat="62.4776820" lon="8.1233770">
    <ele>258.6</ele>
    <time>2025-07-08T13:29:45Z</time>
   </trkpt>
   <trkpt lat="62.4776910" lon="8.1233810">
    <ele>258.5</ele>
    <time>2025-07-08T13:29:46Z</time>
   </trkpt>
   <trkpt lat="62.4776960" lon="8.1233770">
    <ele>258.4</ele>
    <time>2025-07-08T13:29:47Z</time>
   </trkpt>
   <trkpt lat="62.4777030" lon="8.1233720">
    <ele>258.3</ele>
    <time>2025-07-08T13:29:48Z</time>
   </trkpt>
   <trkpt lat="62.4777180" lon="8.1233670">
    <ele>258.1</ele>
    <time>2025-07-08T13:29:49Z</time>
   </trkpt>
   <trkpt lat="62.4777300" lon="8.1233730">
    <ele>258.0</ele>
    <time>2025-07-08T13:29:50Z</time>
   </trkpt>
   <trkpt lat="62.4777370" lon="8.1233790">
    <ele>257.9</ele>
    <time>2025-07-08T13:29:51Z</time>
   </trkpt>
   <trkpt lat="62.4777490" lon="8.1233860">
    <ele>257.8</ele>
    <time>2025-07-08T13:29:52Z</time>
   </trkpt>
   <trkpt lat="62.4777570" lon="8.1233890">
    <ele>257.7</ele>
    <time>2025-07-08T13:29:53Z</time>
   </trkpt>
   <trkpt lat="62.4777660" lon="8.1233910">
    <ele>257.7</ele>
    <time>2025-07-08T13:29:54Z</time>
   </trkpt>
   <trkpt lat="62.4777740" lon="8.1233940">
    <ele>257.6</ele>
    <time>2025-07-08T13:29:55Z</time>
   </trkpt>
   <trkpt lat="62.4777840" lon="8.1234200">
    <ele>257.5</ele>
    <time>2025-07-08T13:29:56Z</time>
   </trkpt>
   <trkpt lat="62.4777880" lon="8.1234350">
    <ele>257.4</ele>
    <time>2025-07-08T13:29:57Z</time>
   </trkpt>
   <trkpt lat="62.4777880" lon="8.1234270">
    <ele>257.4</ele>
    <time>2025-07-08T13:29:58Z</time>
   </trkpt>
   <trkpt lat="62.4777950" lon="8.1234410">
    <ele>257.4</ele>
    <time>2025-07-08T13:29:59Z</time>
   </trkpt>
   <trkpt lat="62.4778170" lon="8.1234480">
    <ele>257.3</ele>
    <time>2025-07-08T13:30:00Z</time>
   </trkpt>
   <trkpt lat="62.4778330" lon="8.1234460">
    <ele>257.2</ele>
    <time>2025-07-08T13:30:01Z</time>
   </trkpt>
   <trkpt lat="62.4778480" lon="8.1234450">
    <ele>257.2</ele>
    <time>2025-07-08T13:30:02Z</time>
   </trkpt>
   <trkpt lat="62.4778640" lon="8.1234500">
    <ele>257.2</ele>
    <time>2025-07-08T13:30:03Z</time>
   </trkpt>
   <trkpt lat="62.4778710" lon="8.1234450">
    <ele>257.2</ele>
    <time>2025-07-08T13:30:04Z</time>
   </trkpt>
   <trkpt lat="62.4778840" lon="8.1234450">
    <ele>257.2</ele>
    <time>2025-07-08T13:30:05Z</time>
   </trkpt>
   <trkpt lat="62.4778930" lon="8.1234360">
    <ele>257.1</ele>
    <time>2025-07-08T13:30:06Z</time>
   </trkpt>
   <trkpt lat="62.4778970" lon="8.1234330">
    <ele>257.1</ele>
    <time>2025-07-08T13:30:07Z</time>
   </trkpt>
   <trkpt lat="62.4779000" lon="8.1234250">
    <ele>257.1</ele>
    <time>2025-07-08T13:30:08Z</time>
   </trkpt>
   <trkpt lat="62.4779060" lon="8.1234190">
    <ele>257.1</ele>
    <time>2025-07-08T13:30:09Z</time>
   </trkpt>
   <trkpt lat="62.4779010" lon="8.1234220">
    <ele>257.1</ele>
    <time>2025-07-08T13:30:10Z</time>
   </trkpt>
   <trkpt lat="62.4779160" lon="8.1234210">
    <ele>257.1</ele>
    <time>2025-07-08T13:30:11Z</time>
   </trkpt>
   <trkpt lat="62.4779370" lon="8.1234220">
    <ele>257.0</ele>
    <time>2025-07-08T13:30:12Z</time>
   </trkpt>
   <trkpt lat="62.4779400" lon="8.1234280">
    <ele>257.0</ele>
    <time>2025-07-08T13:30:13Z</time>
   </trkpt>
   <trkpt lat="62.4779410" lon="8.1234400">
    <ele>257.0</ele>
    <time>2025-07-08T13:30:14Z</time>
   </trkpt>
   <trkpt lat="62.4779510" lon="8.1234360">
    <ele>257.0</ele>
    <time>2025-07-08T13:30:15Z</time>
   </trkpt>
   <trkpt lat="62.4779580" lon="8.1234340">
    <ele>256.9</ele>
    <time>2025-07-08T13:30:16Z</time>
   </trkpt>
   <trkpt lat="62.4779610" lon="8.1234270">
    <ele>256.9</ele>
    <time>2025-07-08T13:30:17Z</time>
   </trkpt>
   <trkpt lat="62.4779690" lon="8.1234290">
    <ele>256.9</ele>
    <time>2025-07-08T13:30:18Z</time>
   </trkpt>
   <trkpt lat="62.4779720" lon="8.1234370">
    <ele>256.9</ele>
    <time>2025-07-08T13:30:19Z</time>
   </trkpt>
   <trkpt lat="62.4779840" lon="8.1234610">
    <ele>256.8</ele>
    <time>2025-07-08T13:30:20Z</time>
   </trkpt>
   <trkpt lat="62.4779940" lon="8.1234620">
    <ele>256.7</ele>
    <time>2025-07-08T13:30:21Z</time>
   </trkpt>
   <trkpt lat="62.4779990" lon="8.1234550">
    <ele>256.6</ele>
    <time>2025-07-08T13:30:22Z</time>
   </trkpt>
   <trkpt lat="62.4780060" lon="8.1234500">
    <ele>256.6</ele>
    <time>2025-07-08T13:30:23Z</time>
   </trkpt>
   <trkpt lat="62.4780010" lon="8.1234290">
    <ele>256.5</ele>
    <time>2025-07-08T13:30:24Z</time>
   </trkpt>
   <trkpt lat="62.4780040" lon="8.1234100">
    <ele>256.4</ele>
    <time>2025-07-08T13:30:25Z</time>
   </trkpt>
   <trkpt lat="62.4780130" lon="8.1234040">
    <ele>256.3</ele>
    <time>2025-07-08T13:30:26Z</time>
   </trkpt>
   <trkpt lat="62.4780130" lon="8.1234040">
    <ele>256.3</ele>
    <time>2025-07-08T13:30:27Z</time>
   </trkpt>
   <trkpt lat="62.4780160" lon="8.1233910">
    <ele>256.2</ele>
    <time>2025-07-08T13:30:28Z</time>
   </trkpt>
   <trkpt lat="62.4780230" lon="8.1233710">
    <ele>256.0</ele>
    <time>2025-07-08T13:30:29Z</time>
   </trkpt>
   <trkpt lat="62.4780260" lon="8.1233740">
    <ele>256.0</ele>
    <time>2025-07-08T13:30:30Z</time>
   </trkpt>
   <trkpt lat="62.4780370" lon="8.1233930">
    <ele>255.8</ele>
    <time>2025-07-08T13:30:31Z</time>
   </trkpt>
   <trkpt lat="62.4780460" lon="8.1233970">
    <ele>255.6</ele>
    <time>2025-07-08T13:30:32Z</time>
   </trkpt>
   <trkpt lat="62.4780550" lon="8.1234000">
    <ele>255.5</ele>
    <time>2025-07-08T13:30:33Z</time>
   </trkpt>
   <trkpt lat="62.4780640" lon="8.1234040">
    <ele>255.4</ele>
    <time>2025-07-08T13:30:34Z</time>
   </trkpt>
   <trkpt lat="62.4780660" lon="8.1234030">
    <ele>255.3</ele>
    <time>2025-07-08T13:30:35Z</time>
   </trkpt>
   <trkpt lat="62.4780670" lon="8.1233940">
    <ele>255.2</ele>
    <time>2025-07-08T13:30:36Z</time>
   </trkpt>
   <trkpt lat="62.4780800" lon="8.1233910">
    <ele>255.0</ele>
    <time>2025-07-08T13:30:37Z</time>
   </trkpt>
   <trkpt lat="62.4780710" lon="8.1233850">
    <ele>254.8</ele>
    <time>2025-07-08T13:30:38Z</time>
   </trkpt>
   <trkpt lat="62.4780780" lon="8.1233660">
    <ele>254.6</ele>
    <time>2025-07-08T13:30:39Z</time>
   </trkpt>
   <trkpt lat="62.4780890" lon="8.1233560">
    <ele>254.3</ele>
    <time>2025-07-08T13:30:40Z</time>
   </trkpt>
   <trkpt lat="62.4781100" lon="8.1233660">
    <ele>253.9</ele>
    <time>2025-07-08T13:30:41Z</time>
   </trkpt>
   <trkpt lat="62.4781100" lon="8.1233780">
    <ele>253.7</ele>
    <time>2025-07-08T13:30:42Z</time>
   </trkpt>
   <trkpt lat="62.4781040" lon="8.1233720">
    <ele>253.6</ele>
    <time>2025-07-08T13:30:44Z</time>
   </trkpt>
   <trkpt lat="62.4781110" lon="8.1233520">
    <ele>253.3</ele>
    <time>2025-07-08T13:30:45Z</time>
   </trkpt>
   <trkpt lat="62.4781130" lon="8.1233340">
    <ele>253.1</ele>
    <time>2025-07-08T13:30:46Z</time>
   </trkpt>
   <trkpt lat="62.4781080" lon="8.1233400">
    <ele>253.0</ele>
    <time>2025-07-08T13:30:47Z</time>
   </trkpt>
   <trkpt lat="62.4781120" lon="8.1233430">
    <ele>252.9</ele>
    <time>2025-07-08T13:30:48Z</time>
   </trkpt>
   <trkpt lat="62.4781110" lon="8.1233390">
    <ele>252.9</ele>
    <time>2025-07-08T13:30:49Z</time>
   </trkpt>
   <trkpt lat="62.4781110" lon="8.1233200">
    <ele>252.6</ele>
    <time>2025-07-08T13:30:50Z</time>
   </trkpt>
   <trkpt lat="62.4781100" lon="8.1233190">
    <ele>252.6</ele>
    <time>2025-07-08T13:30:51Z</time>
   </trkpt>
   <trkpt lat="62.4781060" lon="8.1233250">
    <ele>252.5</ele>
    <time>2025-07-08T13:30:52Z</time>
   </trkpt>
   <trkpt lat="62.4781050" lon="8.1233230">
    <ele>252.5</ele>
    <time>2025-07-08T13:30:53Z</time>
   </trkpt>
   <trkpt lat="62.4781100" lon="8.1233230">
    <ele>252.3</ele>
    <time>2025-07-08T13:30:54Z</time>
   </trkpt>
   <trkpt lat="62.4781170" lon="8.1233190">
    <ele>252.2</ele>
    <time>2025-07-08T13:30:55Z</time>
   </trkpt>
   <trkpt lat="62.4781180" lon="8.1233140">
    <ele>252.1</ele>
    <time>2025-07-08T13:30:56Z</time>
   </trkpt>
   <trkpt lat="62.4781160" lon="8.1233170">
    <ele>252.0</ele>
    <time>2025-07-08T13:30:57Z</time>
   </trkpt>
   <trkpt lat="62.4781200" lon="8.1233040">
    <ele>251.9</ele>
    <time>2025-07-08T13:30:58Z</time>
   </trkpt>
   <trkpt lat="62.4781200" lon="8.1233030">
    <ele>251.9</ele>
    <time>2025-07-08T13:30:59Z</time>
   </trkpt>
   <trkpt lat="62.4781150" lon="8.1233050">
    <ele>251.7</ele>
    <time>2025-07-08T13:31:00Z</time>
   </trkpt>
   <trkpt lat="62.4781150" lon="8.1233080">
    <ele>251.7</ele>
    <time>2025-07-08T13:31:01Z</time>
   </trkpt>
   <trkpt lat="62.4781190" lon="8.1233030">
    <ele>251.6</ele>
    <time>2025-07-08T13:31:02Z</time>
   </trkpt>
   <trkpt lat="62.4781170" lon="8.1233110">
    <ele>251.5</ele>
    <time>2025-07-08T13:31:03Z</time>
   </trkpt>
   <trkpt lat="62.4781240" lon="8.1233120">
    <ele>251.3</ele>
    <time>2025-07-08T13:31:04Z</time>
   </trkpt>
   <trkpt lat="62.4781240" lon="8.1233140">
    <ele>251.3</ele>
    <time>2025-07-08T13:31:05Z</time>
   </trkpt>
   <trkpt lat="62.4781270" lon="8.1233020">
    <ele>251.1</ele>
    <time>2025-07-08T13:31:06Z</time>
   </trkpt>
   <trkpt lat="62.4781280" lon="8.1233020">
    <ele>251.1</ele>
    <time>2025-07-08T13:31:07Z</time>
   </trkpt>
   <trkpt lat="62.4781330" lon="8.1232920">
    <ele>250.9</ele>
    <time>2025-07-08T13:31:08Z</time>
   </trkpt>
   <trkpt lat="62.4781350" lon="8.1233000">
    <ele>250.8</ele>
    <time>2025-07-08T13:31:09Z</time>
   </trkpt>
   <trkpt lat="62.4781440" lon="8.1232990">
    <ele>250.6</ele>
    <time>2025-07-08T13:31:10Z</time>
   </trkpt>
   <trkpt lat="62.4781530" lon="8.1233000">
    <ele>250.4</ele>
    <time>2025-07-08T13:31:11Z</time>
   </trkpt>
   <trkpt lat="62.4781650" lon="8.1232970">
    <ele>250.1</ele>
    <time>2025-07-08T13:31:12Z</time>
   </trkpt>
   <trkpt lat="62.4781690" lon="8.1233030">
    <ele>249.9</ele>
    <time>2025-07-08T13:31:13Z</time>
   </trkpt>
   <trkpt lat="62.4781660" lon="8.1233010">
    <ele>249.8</ele>
    <time>2025-07-08T13:31:14Z</time>
   </trkpt>
   <trkpt lat="62.4781740" lon="8.1232990">
    <ele>249.6</ele>
    <time>2025-07-08T13:31:15Z</time>
   </trkpt>
   <trkpt lat="62.4781810" lon="8.1232990">
    <ele>249.5</ele>
    <time>2025-07-08T13:31:16Z</time>
   </trkpt>
   <trkpt lat="62.4781860" lon="8.1232820">
    <ele>249.2</ele>
    <time>2025-07-08T13:31:17Z</time>
   </trkpt>
   <trkpt lat="62.4781840" lon="8.1232840">
    <ele>249.2</ele>
    <time>2025-07-08T13:31:18Z</time>
   </trkpt>
   <trkpt lat="62.4781820" lon="8.1232690">
    <ele>249.0</ele>
    <time>2025-07-08T13:31:19Z</time>
   </trkpt>
   <trkpt lat="62.4781830" lon="8.1232670">
    <ele>249.0</ele>
    <time>2025-07-08T13:31:20Z</time>
   </trkpt>
   <trkpt lat="62.4781850" lon="8.1232700">
    <ele>248.9</ele>
    <time>2025-07-08T13:31:21Z</time>
   </trkpt>
   <trkpt lat="62.4781840" lon="8.1232630">
    <ele>248.8</ele>
    <time>2025-07-08T13:31:22Z</time>
   </trkpt>
   <trkpt lat="62.4781860" lon="8.1232530">
    <ele>248.7</ele>
    <time>2025-07-08T13:31:23Z</time>
   </trkpt>
   <trkpt lat="62.4781890" lon="8.1232500">
    <ele>248.6</ele>
    <time>2025-07-08T13:31:24Z</time>
   </trkpt>
   <trkpt lat="62.4781910" lon="8.1232420">
    <ele>248.5</ele>
    <time>2025-07-08T13:31:25Z</time>
   </trkpt>
   <trkpt lat="62.4781920" lon="8.1232420">
    <ele>248.5</ele>
    <time>2025-07-08T13:31:26Z</time>
   </trkpt>
   <trkpt lat="62.4781970" lon="8.1232210">
    <ele>248.2</ele>
    <time>2025-07-08T13:31:27Z</time>
   </trkpt>
   <trkpt lat="62.4781980" lon="8.1232270">
    <ele>248.1</ele>
    <time>2025-07-08T13:31:28Z</time>
   </trkpt>
   <trkpt lat="62.4782050" lon="8.1232090">
    <ele>247.8</ele>
    <time>2025-07-08T13:31:29Z</time>
   </trkpt>
   <trkpt lat="62.4782150" lon="8.1231790">
    <ele>247.4</ele>
    <time>2025-07-08T13:31:30Z</time>
   </trkpt>
   <trkpt lat="62.4782170" lon="8.1231780">
    <ele>247.4</ele>
    <time>2025-07-08T13:31:31Z</time>
   </trkpt>
   <trkpt lat="62.4782150" lon="8.1231800">
    <ele>247.3</ele>
    <time>2025-07-08T13:31:32Z</time>
   </trkpt>
   <trkpt lat="62.4782190" lon="8.1231730">
    <ele>247.2</ele>
    <time>2025-07-08T13:31:33Z</time>
   </trkpt>
   <trkpt lat="62.4782220" lon="8.1231620">
    <ele>247.0</ele>
    <time>2025-07-08T13:31:34Z</time>
   </trkpt>
   <trkpt lat="62.4782190" lon="8.1231620">
    <ele>246.9</ele>
    <time>2025-07-08T13:31:35Z</time>
   </trkpt>
   <trkpt lat="62.4782260" lon="8.1231600">
    <ele>246.8</ele>
    <time>2025-07-08T13:31:36Z</time>
   </trkpt>
   <trkpt lat="62.4782200" lon="8.1231560">
    <ele>246.6</ele>
    <time>2025-07-08T13:31:37Z</time>
   </trkpt>
   <trkpt lat="62.4782200" lon="8.1231570">
    <ele>246.6</ele>
    <time>2025-07-08T13:31:38Z</time>
   </trkpt>
   <trkpt lat="62.4782200" lon="8.1231520">
    <ele>246.5</ele>
    <time>2025-07-08T13:31:39Z</time>
   </trkpt>
   <trkpt lat="62.4782170" lon="8.1231490">
    <ele>246.5</ele>
    <time>2025-07-08T13:31:40Z</time>
   </trkpt>
   <trkpt lat="62.4782200" lon="8.1231380">
    <ele>246.3</ele>
    <time>2025-07-08T13:31:41Z</time>
   </trkpt>
   <trkpt lat="62.4782260" lon="8.1231320">
    <ele>246.2</ele>
    <time>2025-07-08T13:31:42Z</time>
   </trkpt>
   <trkpt lat="62.4782320" lon="8.1231300">
    <ele>246.0</ele>
    <time>2025-07-08T13:31:43Z</time>
   </trkpt>
   <trkpt lat="62.4782250" lon="8.1231290">
    <ele>245.8</ele>
    <time>2025-07-08T13:31:44Z</time>
   </trkpt>
   <trkpt lat="62.4782240" lon="8.1231020">
    <ele>245.5</ele>
    <time>2025-07-08T13:31:45Z</time>
   </trkpt>
   <trkpt lat="62.4782240" lon="8.1230900">
    <ele>245.4</ele>
    <time>2025-07-08T13:31:46Z</time>
   </trkpt>
   <trkpt lat="62.4782260" lon="8.1230910">
    <ele>245.4</ele>
    <time>2025-07-08T13:31:47Z</time>
   </trkpt>
   <trkpt lat="62.4782320" lon="8.1230910">
    <ele>245.2</ele>
    <time>2025-07-08T13:31:48Z</time>
   </trkpt>
   <trkpt lat="62.4782350" lon="8.1230960">
    <ele>245.1</ele>
    <time>2025-07-08T13:31:49Z</time>
   </trkpt>
   <trkpt lat="62.4782380" lon="8.1230930">
    <ele>245.1</ele>
    <time>2025-07-08T13:31:50Z</time>
   </trkpt>
   <trkpt lat="62.4782530" lon="8.1230860">
    <ele>244.7</ele>
    <time>2025-07-08T13:31:51Z</time>
   </trkpt>
   <trkpt lat="62.4782610" lon="8.1230770">
    <ele>244.5</ele>
    <time>2025-07-08T13:31:52Z</time>
   </trkpt>
   <trkpt lat="62.4782760" lon="8.1230660">
    <ele>244.2</ele>
    <time>2025-07-08T13:31:53Z</time>
   </trkpt>
   <trkpt lat="62.4782860" lon="8.1230600">
    <ele>243.9</ele>
    <time>2025-07-08T13:31:54Z</time>
   </trkpt>
   <trkpt lat="62.4782970" lon="8.1230510">
    <ele>243.7</ele>
    <time>2025-07-08T13:31:55Z</time>
   </trkpt>
   <trkpt lat="62.4783070" lon="8.1230410">
    <ele>243.5</ele>
    <time>2025-07-08T13:31:56Z</time>
   </trkpt>
   <trkpt lat="62.4783180" lon="8.1230250">
    <ele>243.2</ele>
    <time>2025-07-08T13:31:57Z</time>
   </trkpt>
   <trkpt lat="62.4783220" lon="8.1230150">
    <ele>243.0</ele>
    <time>2025-07-08T13:31:58Z</time>
   </trkpt>
   <trkpt lat="62.4783350" lon="8.1230010">
    <ele>242.8</ele>
    <time>2025-07-08T13:31:59Z</time>
   </trkpt>
   <trkpt lat="62.4783430" lon="8.1229940">
    <ele>242.5</ele>
    <time>2025-07-08T13:32:00Z</time>
   </trkpt>
   <trkpt lat="62.4783530" lon="8.1229850">
    <ele>242.2</ele>
    <time>2025-07-08T13:32:01Z</time>
   </trkpt>
   <trkpt lat="62.4783610" lon="8.1229780">
    <ele>242.0</ele>
    <time>2025-07-08T13:32:02Z</time>
   </trkpt>
   <trkpt lat="62.4783680" lon="8.1229710">
    <ele>241.8</ele>
    <time>2025-07-08T13:32:03Z</time>
   </trkpt>
   <trkpt lat="62.4783760" lon="8.1229640">
    <ele>241.6</ele>
    <time>2025-07-08T13:32:04Z</time>
   </trkpt>
   <trkpt lat="62.4783860" lon="8.1229580">
    <ele>241.4</ele>
    <time>2025-07-08T13:32:05Z</time>
   </trkpt>
   <trkpt lat="62.4783920" lon="8.1229530">
    <ele>241.2</ele>
    <time>2025-07-08T13:32:06Z</time>
   </trkpt>
   <trkpt lat="62.4783990" lon="8.1229500">
    <ele>241.0</ele>
    <time>2025-07-08T13:32:07Z</time>
   </trkpt>
   <trkpt lat="62.4784090" lon="8.1229470">
    <ele>240.8</ele>
    <time>2025-07-08T13:32:08Z</time>
   </trkpt>
   <trkpt lat="62.4784150" lon="8.1229520">
    <ele>240.6</ele>
    <time>2025-07-08T13:32:09Z</time>
   </trkpt>
   <trkpt lat="62.4784250" lon="8.1229520">
    <ele>240.4</ele>
    <time>2025-07-08T13:32:10Z</time>
   </trkpt>
   <trkpt lat="62.4784270" lon="8.1229650">
    <ele>240.2</ele>
    <time>2025-07-08T13:32:11Z</time>
   </trkpt>
   <trkpt lat="62.4784400" lon="8.1229670">
    <ele>239.9</ele>
    <time>2025-07-08T13:32:12Z</time>
   </trkpt>
   <trkpt lat="62.4784530" lon="8.1229670">
    <ele>239.7</ele>
    <time>2025-07-08T13:32:13Z</time>
   </trkpt>
   <trkpt lat="62.4784600" lon="8.1229600">
    <ele>239.5</ele>
    <time>2025-07-08T13:32:14Z</time>
   </trkpt>
   <trkpt lat="62.4784690" lon="8.1229490">
    <ele>239.3</ele>
    <time>2025-07-08T13:32:15Z</time>
   </trkpt>
   <trkpt lat="62.4784790" lon="8.1229470">
    <ele>239.0</ele>
    <time>2025-07-08T13:32:16Z</time>
   </trkpt>
   <trkpt lat="62.4784870" lon="8.1229570">
    <ele>238.9</ele>
    <time>2025-07-08T13:32:17Z</time>
   </trkpt>
   <trkpt lat="62.4784960" lon="8.1229560">
    <ele>238.7</ele>
    <time>2025-07-08T13:32:18Z</time>
   </trkpt>
   <trkpt lat="62.4785120" lon="8.1229550">
    <ele>238.3</ele>
    <time>2025-07-08T13:32:19Z</time>
   </trkpt>
   <trkpt lat="62.4785130" lon="8.1229600">
    <ele>238.3</ele>
    <time>2025-07-08T13:32:20Z</time>
   </trkpt>
   <trkpt lat="62.4785270" lon="8.1229640">
    <ele>238.0</ele>
    <time>2025-07-08T13:32:21Z</time>
   </trkpt>
   <trkpt lat="62.4785480" lon="8.1229690">
    <ele>237.6</ele>
    <time>2025-07-08T13:32:22Z</time>
   </trkpt>
   <trkpt lat="62.4785570" lon="8.1229680">
    <ele>237.4</ele>
    <time>2025-07-08T13:32:23Z</time>
   </trkpt>
   <trkpt lat="62.4785670" lon="8.1229680">
    <ele>237.2</ele>
    <time>2025-07-08T13:32:24Z</time>
   </trkpt>
   <trkpt lat="62.4785800" lon="8.1229750">
    <ele>236.9</ele>
    <time>2025-07-08T13:32:25Z</time>
   </trkpt>
   <trkpt lat="62.4785850" lon="8.1229720">
    <ele>236.8</ele>
    <time>2025-07-08T13:32:26Z</time>
   </trkpt>
   <trkpt lat="62.4785950" lon="8.1229640">
    <ele>236.6</ele>
    <time>2025-07-08T13:32:27Z</time>
   </trkpt>
   <trkpt lat="62.4786040" lon="8.1229650">
    <ele>236.4</ele>
    <time>2025-07-08T13:32:28Z</time>
   </trkpt>
   <trkpt lat="62.4786090" lon="8.1229680">
    <ele>236.3</ele>
    <time>2025-07-08T13:32:29Z</time>
   </trkpt>
   <trkpt lat="62.4786280" lon="8.1229720">
    <ele>235.9</ele>
    <time>2025-07-08T13:32:30Z</time>
   </trkpt>
   <trkpt lat="62.4786330" lon="8.1229680">
    <ele>235.7</ele>
    <time>2025-07-08T13:32:31Z</time>
   </trkpt>
   <trkpt lat="62.4786430" lon="8.1229740">
    <ele>235.5</ele>
    <time>2025-07-08T13:32:32Z</time>
   </trkpt>
   <trkpt lat="62.4786510" lon="8.1229730">
    <ele>235.3</ele>
    <time>2025-07-08T13:32:33Z</time>
   </trkpt>
   <trkpt lat="62.4786590" lon="8.1229650">
    <ele>235.1</ele>
    <time>2025-07-08T13:32:34Z</time>
   </trkpt>
   <trkpt lat="62.4786560" lon="8.1229500">
    <ele>235.0</ele>
    <time>2025-07-08T13:32:35Z</time>
   </trkpt>
   <trkpt lat="62.4786550" lon="8.1229350">
    <ele>234.8</ele>
    <time>2025-07-08T13:32:36Z</time>
   </trkpt>
   <trkpt lat="62.4786590" lon="8.1229380">
    <ele>234.7</ele>
    <time>2025-07-08T13:32:37Z</time>
   </trkpt>
   <trkpt lat="62.4786720" lon="8.1229420">
    <ele>234.4</ele>
    <time>2025-07-08T13:32:38Z</time>
   </trkpt>
   <trkpt lat="62.4786800" lon="8.1229470">
    <ele>234.2</ele>
    <time>2025-07-08T13:32:39Z</time>
   </trkpt>
   <trkpt lat="62.4786890" lon="8.1229470">
    <ele>234.0</ele>
    <time>2025-07-08T13:32:40Z</time>
   </trkpt>
   <trkpt lat="62.4786960" lon="8.1229460">
    <ele>233.9</ele>
    <time>2025-07-08T13:32:41Z</time>
   </trkpt>
   <trkpt lat="62.4787110" lon="8.1229510">
    <ele>233.5</ele>
    <time>2025-07-08T13:32:42Z</time>
   </trkpt>
   <trkpt lat="62.4787220" lon="8.1229480">
    <ele>233.3</ele>
    <time>2025-07-08T13:32:43Z</time>
   </trkpt>
   <trkpt lat="62.4787360" lon="8.1229420">
    <ele>232.9</ele>
    <time>2025-07-08T13:32:44Z</time>
   </trkpt>
   <trkpt lat="62.4787480" lon="8.1229390">
    <ele>232.7</ele>
    <time>2025-07-08T13:32:45Z</time>
   </trkpt>
   <trkpt lat="62.4787630" lon="8.1229530">
    <ele>232.3</ele>
    <time>2025-07-08T13:32:46Z</time>
   </trkpt>
   <trkpt lat="62.4787740" lon="8.1229640">
    <ele>232.0</ele>
    <time>2025-07-08T13:32:47Z</time>
   </trkpt>
   <trkpt lat="62.4787830" lon="8.1229850">
    <ele>231.7</ele>
    <time>2025-07-08T13:32:48Z</time>
   </trkpt>
   <trkpt lat="62.4787990" lon="8.1229940">
    <ele>231.4</ele>
    <time>2025-07-08T13:32:50Z</time>
   </trkpt>
   <trkpt lat="62.4788100" lon="8.1230030">
    <ele>231.1</ele>
    <time>2025-07-08T13:32:51Z</time>
   </trkpt>
   <trkpt lat="62.4788120" lon="8.1229950">
    <ele>231.0</ele>
    <time>2025-07-08T13:32:52Z</time>
   </trkpt>
   <trkpt lat="62.4788210" lon="8.1229890">
    <ele>230.8</ele>
    <time>2025-07-08T13:32:53Z</time>
   </trkpt>
   <trkpt lat="62.4788290" lon="8.1229910">
    <ele>230.7</ele>
    <time>2025-07-08T13:32:54Z</time>
   </trkpt>
   <trkpt lat="62.4788400" lon="8.1229780">
    <ele>230.4</ele>
    <time>2025-07-08T13:32:55Z</time>
   </trkpt>
   <trkpt lat="62.4788410" lon="8.1229790">
    <ele>230.4</ele>
    <time>2025-07-08T13:32:56Z</time>
   </trkpt>
   <trkpt lat="62.4788570" lon="8.1229730">
    <ele>230.0</ele>
    <time>2025-07-08T13:32:57Z</time>
   </trkpt>
   <trkpt lat="62.4788630" lon="8.1229740">
    <ele>229.9</ele>
    <time>2025-07-08T13:32:58Z</time>
   </trkpt>
   <trkpt lat="62.4788710" lon="8.1229710">
    <ele>229.7</ele>
    <time>2025-07-08T13:32:59Z</time>
   </trkpt>
   <trkpt lat="62.4788780" lon="8.1229710">
    <ele>229.5</ele>
    <time>2025-07-08T13:33:00Z</time>
   </trkpt>
   <trkpt lat="62.4788840" lon="8.1229700">
    <ele>229.4</ele>
    <time>2025-07-08T13:33:01Z</time>
   </trkpt>
   <trkpt lat="62.4788820" lon="8.1229690">
    <ele>229.4</ele>
    <time>2025-07-08T13:33:02Z</time>
   </trkpt>
   <trkpt lat="62.4788910" lon="8.1229570">
    <ele>229.1</ele>
    <time>2025-07-08T13:33:03Z</time>
   </trkpt>
   <trkpt lat="62.4789060" lon="8.1229370">
    <ele>228.8</ele>
    <time>2025-07-08T13:33:04Z</time>
   </trkpt>
   <trkpt lat="62.4789130" lon="8.1229520">
    <ele>228.5</ele>
    <time>2025-07-08T13:33:05Z</time>
   </trkpt>
   <trkpt lat="62.4789170" lon="8.1229540">
    <ele>228.5</ele>
    <time>2025-07-08T13:33:06Z</time>
   </trkpt>
   <trkpt lat="62.4789230" lon="8.1229500">
    <ele>228.3</ele>
    <time>2025-07-08T13:33:07Z</time>
   </trkpt>
   <trkpt lat="62.4789280" lon="8.1229490">
    <ele>228.2</ele>
    <time>2025-07-08T13:33:08Z</time>
   </trkpt>
   <trkpt lat="62.4789400" lon="8.1229420">
    <ele>227.9</ele>
    <time>2025-07-08T13:33:09Z</time>
   </trkpt>
   <trkpt lat="62.4789430" lon="8.1229390">
    <ele>227.9</ele>
    <time>2025-07-08T13:33:10Z</time>
   </trkpt>
   <trkpt lat="62.4789500" lon="8.1229240">
    <ele>227.7</ele>
    <time>2025-07-08T13:33:11Z</time>
   </trkpt>
   <trkpt lat="62.4789530" lon="8.1229290">
    <ele>227.6</ele>
    <time>2025-07-08T13:33:12Z</time>
   </trkpt>
   <trkpt lat="62.4789610" lon="8.1229260">
    <ele>227.4</ele>
    <time>2025-07-08T13:33:13Z</time>
   </trkpt>
   <trkpt lat="62.4789690" lon="8.1229220">
    <ele>227.2</ele>
    <time>2025-07-08T13:33:14Z</time>
   </trkpt>
   <trkpt lat="62.4789770" lon="8.1229140">
    <ele>227.0</ele>
    <time>2025-07-08T13:33:15Z</time>
   </trkpt>
   <trkpt lat="62.4789820" lon="8.1229100">
    <ele>226.9</ele>
    <time>2025-07-08T13:33:16Z</time>
   </trkpt>
   <trkpt lat="62.4789890" lon="8.1229000">
    <ele>226.7</ele>
    <time>2025-07-08T13:33:17Z</time>
   </trkpt>
   <trkpt lat="62.4790000" lon="8.1228900">
    <ele>226.4</ele>
    <time>2025-07-08T13:33:18Z</time>
   </trkpt>
   <trkpt lat="62.4790120" lon="8.1228840">
    <ele>226.2</ele>
    <time>2025-07-08T13:33:19Z</time>
   </trkpt>
   <trkpt lat="62.4790250" lon="8.1228880">
    <ele>225.9</ele>
    <time>2025-07-08T13:33:20Z</time>
   </trkpt>
   <trkpt lat="62.4790300" lon="8.1228910">
    <ele>225.8</ele>
    <time>2025-07-08T13:33:21Z</time>
   </trkpt>
   <trkpt lat="62.4790450" lon="8.1228910">
    <ele>225.4</ele>
    <time>2025-07-08T13:33:22Z</time>
   </trkpt>
   <trkpt lat="62.4790500" lon="8.1229010">
    <ele>225.3</ele>
    <time>2025-07-08T13:33:23Z</time>
   </trkpt>
   <trkpt lat="62.4790540" lon="8.1229000">
    <ele>225.2</ele>
    <time>2025-07-08T13:33:24Z</time>
   </trkpt>
   <trkpt lat="62.4790650" lon="8.1228930">
    <ele>224.9</ele>
    <time>2025-07-08T13:33:25Z</time>
   </trkpt>
   <trkpt lat="62.4790690" lon="8.1228890">
    <ele>224.8</ele>
    <time>2025-07-08T13:33:26Z</time>
   </trkpt>
   <trkpt lat="62.4790780" lon="8.1228870">
    <ele>224.6</ele>
    <time>2025-07-08T13:33:27Z</time>
   </trkpt>
   <trkpt lat="62.4790890" lon="8.1228920">
    <ele>224.4</ele>
    <time>2025-07-08T13:33:28Z</time>
   </trkpt>
   <trkpt lat="62.4791060" lon="8.1229060">
    <ele>224.0</ele>
    <time>2025-07-08T13:33:29Z</time>
   </trkpt>
   <trkpt lat="62.4791050" lon="8.1229120">
    <ele>223.9</ele>
    <time>2025-07-08T13:33:30Z</time>
   </trkpt>
   <trkpt lat="62.4791100" lon="8.1229250">
    <ele>223.7</ele>
    <time>2025-07-08T13:33:31Z</time>
   </trkpt>
   <trkpt lat="62.4791190" lon="8.1229350">
    <ele>223.5</ele>
    <time>2025-07-08T13:33:32Z</time>
   </trkpt>
   <trkpt lat="62.4791230" lon="8.1229480">
    <ele>223.3</ele>
    <time>2025-07-08T13:33:33Z</time>
   </trkpt>
   <trkpt lat="62.4791350" lon="8.1229660">
    <ele>223.0</ele>
    <time>2025-07-08T13:33:34Z</time>
   </trkpt>
   <trkpt lat="62.4791460" lon="8.1229740">
    <ele>222.7</ele>
    <time>2025-07-08T13:33:35Z</time>
   </trkpt>
   <trkpt lat="62.4791510" lon="8.1229940">
    <ele>222.5</ele>
    <time>2025-07-08T13:33:36Z</time>
   </trkpt>
   <trkpt lat="62.4791660" lon="8.1230110">
    <ele>222.1</ele>
    <time>2025-07-08T13:33:37Z</time>
   </trkpt>
   <trkpt lat="62.4791740" lon="8.1230160">
    <ele>221.9</ele>
    <time>2025-07-08T13:33:38Z</time>
   </trkpt>
   <trkpt lat="62.4791810" lon="8.1230210">
    <ele>221.8</ele>
    <time>2025-07-08T13:33:39Z</time>
   </trkpt>
   <trkpt lat="62.4791880" lon="8.1230260">
    <ele>221.6</ele>
    <time>2025-07-08T13:33:40Z</time>
   </trkpt>
   <trkpt lat="62.4792160" lon="8.1230630">
    <ele>220.9</ele>
    <time>2025-07-08T13:33:41Z</time>
   </trkpt>
   <trkpt lat="62.4792230" lon="8.1230750">
    <ele>220.7</ele>
    <time>2025-07-08T13:33:42Z</time>
   </trkpt>
   <trkpt lat="62.4792340" lon="8.1230940">
    <ele>220.4</ele>
    <time>2025-07-08T13:33:43Z</time>
   </trkpt>
   <trkpt lat="62.4792460" lon="8.1231030">
    <ele>220.1</ele>
    <time>2025-07-08T13:33:44Z</time>
   </trkpt>
   <trkpt lat="62.4792570" lon="8.1231110">
    <ele>219.8</ele>
    <time>2025-07-08T13:33:45Z</time>
   </trkpt>
   <trkpt lat="62.4792630" lon="8.1231210">
    <ele>219.7</ele>
    <time>2025-07-08T13:33:46Z</time>
   </trkpt>
   <trkpt lat="62.4792760" lon="8.1231260">
    <ele>219.4</ele>
    <time>2025-07-08T13:33:47Z</time>
   </trkpt>
   <trkpt lat="62.4792850" lon="8.1231290">
    <ele>219.2</ele>
    <time>2025-07-08T13:33:48Z</time>
   </trkpt>
   <trkpt lat="62.4793030" lon="8.1231340">
    <ele>218.9</ele>
    <time>2025-07-08T13:33:49Z</time>
   </trkpt>
   <trkpt lat="62.4793200" lon="8.1231440">
    <ele>218.5</ele>
    <time>2025-07-08T13:33:50Z</time>
   </trkpt>
   <trkpt lat="62.4793390" lon="8.1231610">
    <ele>218.1</ele>
    <time>2025-07-08T13:33:51Z</time>
   </trkpt>
   <trkpt lat="62.4793470" lon="8.1231670">
    <ele>218.0</ele>
    <time>2025-07-08T13:33:52Z</time>
   </trkpt>
   <trkpt lat="62.4793540" lon="8.1231740">
    <ele>217.8</ele>
    <time>2025-07-08T13:33:53Z</time>
   </trkpt>
   <trkpt lat="62.4793670" lon="8.1231890">
    <ele>217.5</ele>
    <time>2025-07-08T13:33:54Z</time>
   </trkpt>
   <trkpt lat="62.4793840" lon="8.1231980">
    <ele>217.2</ele>
    <time>2025-07-08T13:33:55Z</time>
   </trkpt>
   <trkpt lat="62.4794010" lon="8.1232090">
    <ele>216.8</ele>
    <time>2025-07-08T13:33:56Z</time>
   </trkpt>
   <trkpt lat="62.4794110" lon="8.1232210">
    <ele>216.6</ele>
    <time>2025-07-08T13:33:57Z</time>
   </trkpt>
   <trkpt lat="62.4794170" lon="8.1232240">
    <ele>216.5</ele>
    <time>2025-07-08T13:33:58Z</time>
   </trkpt>
   <trkpt lat="62.4794250" lon="8.1232340">
    <ele>216.3</ele>
    <time>2025-07-08T13:33:59Z</time>
   </trkpt>
   <trkpt lat="62.4794320" lon="8.1232400">
    <ele>216.2</ele>
    <time>2025-07-08T13:34:00Z</time>
   </trkpt>
   <trkpt lat="62.4794430" lon="8.1232510">
    <ele>215.9</ele>
    <time>2025-07-08T13:34:01Z</time>
   </trkpt>
   <trkpt lat="62.4794600" lon="8.1232620">
    <ele>215.5</ele>
    <time>2025-07-08T13:34:02Z</time>
   </trkpt>
   <trkpt lat="62.4794760" lon="8.1232700">
    <ele>215.2</ele>
    <time>2025-07-08T13:34:03Z</time>
   </trkpt>
   <trkpt lat="62.4794990" lon="8.1232740">
    <ele>214.7</ele>
    <time>2025-07-08T13:34:04Z</time>
   </trkpt>
   <trkpt lat="62.4795070" lon="8.1232740">
    <ele>214.5</ele>
    <time>2025-07-08T13:34:05Z</time>
   </trkpt>
   <trkpt lat="62.4795150" lon="8.1232750">
    <ele>214.3</ele>
    <time>2025-07-08T13:34:06Z</time>
   </trkpt>
   <trkpt lat="62.4795310" lon="8.1232880">
    <ele>213.9</ele>
    <time>2025-07-08T13:34:07Z</time>
   </trkpt>
   <trkpt lat="62.4795370" lon="8.1232930">
    <ele>213.8</ele>
    <time>2025-07-08T13:34:08Z</time>
   </trkpt>
   <trkpt lat="62.4795440" lon="8.1232990">
    <ele>213.6</ele>
    <time>2025-07-08T13:34:09Z</time>
   </trkpt>
   <trkpt lat="62.4795500" lon="8.1233050">
    <ele>213.5</ele>
    <time>2025-07-08T13:34:10Z</time>
   </trkpt>
   <trkpt lat="62.4795610" lon="8.1233080">
    <ele>213.2</ele>
    <time>2025-07-08T13:34:11Z</time>
   </trkpt>
   <trkpt lat="62.4795790" lon="8.1233120">
    <ele>212.8</ele>
    <time>2025-07-08T13:34:12Z</time>
   </trkpt>
   <trkpt lat="62.4795850" lon="8.1233150">
    <ele>212.7</ele>
    <time>2025-07-08T13:34:13Z</time>
   </trkpt>
   <trkpt lat="62.4795920" lon="8.1233240">
    <ele>212.5</ele>
    <time>2025-07-08T13:34:14Z</time>
   </trkpt>
   <trkpt lat="62.4795960" lon="8.1233140">
    <ele>212.4</ele>
    <time>2025-07-08T13:34:15Z</time>
   </trkpt>
   <trkpt lat="62.4796070" lon="8.1233190">
    <ele>212.1</ele>
    <time>2025-07-08T13:34:16Z</time>
   </trkpt>
   <trkpt lat="62.4796190" lon="8.1233270">
    <ele>211.8</ele>
    <time>2025-07-08T13:34:17Z</time>
   </trkpt>
   <trkpt lat="62.4796340" lon="8.1233390">
    <ele>211.5</ele>
    <time>2025-07-08T13:34:18Z</time>
   </trkpt>
   <trkpt lat="62.4796600" lon="8.1233570">
    <ele>210.9</ele>
    <time>2025-07-08T13:34:19Z</time>
   </trkpt>
   <trkpt lat="62.4796690" lon="8.1233640">
    <ele>210.7</ele>
    <time>2025-07-08T13:34:20Z</time>
   </trkpt>
   <trkpt lat="62.4796860" lon="8.1233750">
    <ele>210.3</ele>
    <time>2025-07-08T13:34:21Z</time>
   </trkpt>
   <trkpt lat="62.4796940" lon="8.1233840">
    <ele>210.1</ele>
    <time>2025-07-08T13:34:22Z</time>
   </trkpt>
   <trkpt lat="62.4796980" lon="8.1233950">
    <ele>210.0</ele>
    <time>2025-07-08T13:34:23Z</time>
   </trkpt>
   <trkpt lat="62.4797180" lon="8.1234050">
    <ele>209.6</ele>
    <time>2025-07-08T13:34:24Z</time>
   </trkpt>
   <trkpt lat="62.4797260" lon="8.1234160">
    <ele>209.4</ele>
    <time>2025-07-08T13:34:25Z</time>
   </trkpt>
   <trkpt lat="62.4797350" lon="8.1234270">
    <ele>209.2</ele>
    <time>2025-07-08T13:34:26Z</time>
   </trkpt>
   <trkpt lat="62.4797460" lon="8.1234610">
    <ele>208.9</ele>
    <time>2025-07-08T13:34:27Z</time>
   </trkpt>
   <trkpt lat="62.4797550" lon="8.1234770">
    <ele>208.7</ele>
    <time>2025-07-08T13:34:28Z</time>
   </trkpt>
   <trkpt lat="62.4797630" lon="8.1234940">
    <ele>208.5</ele>
    <time>2025-07-08T13:34:29Z</time>
   </trkpt>
   <trkpt lat="62.4797800" lon="8.1235230">
    <ele>208.1</ele>
    <time>2025-07-08T13:34:30Z</time>
   </trkpt>
   <trkpt lat="62.4797860" lon="8.1235340">
    <ele>207.9</ele>
    <time>2025-07-08T13:34:31Z</time>
   </trkpt>
   <trkpt lat="62.4797910" lon="8.1235460">
    <ele>207.8</ele>
    <time>2025-07-08T13:34:32Z</time>
   </trkpt>
   <trkpt lat="62.4798020" lon="8.1235720">
    <ele>207.5</ele>
    <time>2025-07-08T13:34:33Z</time>
   </trkpt>
   <trkpt lat="62.4798050" lon="8.1235930">
    <ele>207.3</ele>
    <time>2025-07-08T13:34:34Z</time>
   </trkpt>
   <trkpt lat="62.4798120" lon="8.1236040">
    <ele>207.1</ele>
    <time>2025-07-08T13:34:35Z</time>
   </trkpt>
   <trkpt lat="62.4798240" lon="8.1236310">
    <ele>206.8</ele>
    <time>2025-07-08T13:34:36Z</time>
   </trkpt>
   <trkpt lat="62.4798290" lon="8.1236500">
    <ele>206.6</ele>
    <time>2025-07-08T13:34:37Z</time>
   </trkpt>
   <trkpt lat="62.4798340" lon="8.1236700">
    <ele>206.4</ele>
    <time>2025-07-08T13:34:38Z</time>
   </trkpt>
   <trkpt lat="62.4798400" lon="8.1236850">
    <ele>206.3</ele>
    <time>2025-07-08T13:34:39Z</time>
   </trkpt>
   <trkpt lat="62.4798500" lon="8.1236990">
    <ele>206.0</ele>
    <time>2025-07-08T13:34:40Z</time>
   </trkpt>
   <trkpt lat="62.4798620" lon="8.1237110">
    <ele>205.8</ele>
    <time>2025-07-08T13:34:41Z</time>
   </trkpt>
   <trkpt lat="62.4798720" lon="8.1237200">
    <ele>205.5</ele>
    <time>2025-07-08T13:34:42Z</time>
   </trkpt>
   <trkpt lat="62.4798800" lon="8.1237270">
    <ele>205.3</ele>
    <time>2025-07-08T13:34:43Z</time>
   </trkpt>
   <trkpt lat="62.4798890" lon="8.1237310">
    <ele>205.1</ele>
    <time>2025-07-08T13:34:44Z</time>
   </trkpt>
   <trkpt lat="62.4799120" lon="8.1237380">
    <ele>204.6</ele>
    <time>2025-07-08T13:34:45Z</time>
   </trkpt>
   <trkpt lat="62.4799210" lon="8.1237380">
    <ele>204.5</ele>
    <time>2025-07-08T13:34:46Z</time>
   </trkpt>
   <trkpt lat="62.4799310" lon="8.1237390">
    <ele>204.2</ele>
    <time>2025-07-08T13:34:47Z</time>
   </trkpt>
   <trkpt lat="62.4799440" lon="8.1237470">
    <ele>203.9</ele>
    <time>2025-07-08T13:34:48Z</time>
   </trkpt>
   <trkpt lat="62.4799580" lon="8.1237570">
    <ele>203.6</ele>
    <time>2025-07-08T13:34:49Z</time>
   </trkpt>
   <trkpt lat="62.4799770" lon="8.1237760">
    <ele>203.2</ele>
    <time>2025-07-08T13:34:50Z</time>
   </trkpt>
   <trkpt lat="62.4799860" lon="8.1237800">
    <ele>203.0</ele>
    <time>2025-07-08T13:34:51Z</time>
   </trkpt>
   <trkpt lat="62.4799950" lon="8.1237830">
    <ele>202.8</ele>
    <time>2025-07-08T13:34:52Z</time>
   </trkpt>
   <trkpt lat="62.4800070" lon="8.1237880">
    <ele>202.6</ele>
    <time>2025-07-08T13:34:53Z</time>
   </trkpt>
   <trkpt lat="62.4800230" lon="8.1237850">
    <ele>202.3</ele>
    <time>2025-07-08T13:34:54Z</time>
   </trkpt>
   <trkpt lat="62.4800440" lon="8.1237720">
    <ele>201.9</ele>
    <time>2025-07-08T13:34:56Z</time>
   </trkpt>
   <trkpt lat="62.4800580" lon="8.1237720">
    <ele>201.6</ele>
    <time>2025-07-08T13:34:57Z</time>
   </trkpt>
   <trkpt lat="62.4800710" lon="8.1237710">
    <ele>201.4</ele>
    <time>2025-07-08T13:34:58Z</time>
   </trkpt>
   <trkpt lat="62.4800850" lon="8.1237680">
    <ele>201.2</ele>
    <time>2025-07-08T13:34:59Z</time>
   </trkpt>
   <trkpt lat="62.4801120" lon="8.1237480">
    <ele>200.8</ele>
    <time>2025-07-08T13:35:00Z</time>
   </trkpt>
   <trkpt lat="62.4801220" lon="8.1237390">
    <ele>200.7</ele>
    <time>2025-07-08T13:35:01Z</time>
   </trkpt>
   <trkpt lat="62.4801420" lon="8.1237340">
    <ele>200.4</ele>
    <time>2025-07-08T13:35:02Z</time>
   </trkpt>
   <trkpt lat="62.4801550" lon="8.1237180">
    <ele>200.2</ele>
    <time>2025-07-08T13:35:03Z</time>
   </trkpt>
   <trkpt lat="62.4801660" lon="8.1237050">
    <ele>200.1</ele>
    <time>2025-07-08T13:35:04Z</time>
   </trkpt>
   <trkpt lat="62.4801810" lon="8.1236920">
    <ele>199.7</ele>
    <time>2025-07-08T13:35:05Z</time>
   </trkpt>
   <trkpt lat="62.4801920" lon="8.1236800">
    <ele>199.5</ele>
    <time>2025-07-08T13:35:06Z</time>
   </trkpt>
   <trkpt lat="62.4802010" lon="8.1236690">
    <ele>199.3</ele>
    <time>2025-07-08T13:35:07Z</time>
   </trkpt>
   <trkpt lat="62.4802150" lon="8.1236760">
    <ele>199.0</ele>
    <time>2025-07-08T13:35:08Z</time>
   </trkpt>
   <trkpt lat="62.4802220" lon="8.1236690">
    <ele>198.8</ele>
    <time>2025-07-08T13:35:09Z</time>
   </trkpt>
   <trkpt lat="62.4802280" lon="8.1236810">
    <ele>198.7</ele>
    <time>2025-07-08T13:35:10Z</time>
   </trkpt>
   <trkpt lat="62.4802310" lon="8.1236840">
    <ele>198.6</ele>
    <time>2025-07-08T13:35:11Z</time>
   </trkpt>
   <trkpt lat="62.4802340" lon="8.1236830">
    <ele>198.5</ele>
    <time>2025-07-08T13:35:12Z</time>
   </trkpt>
   <trkpt lat="62.4802380" lon="8.1236840">
    <ele>198.5</ele>
    <time>2025-07-08T13:35:13Z</time>
   </trkpt>
   <trkpt lat="62.4802410" lon="8.1236950">
    <ele>198.4</ele>
    <time>2025-07-08T13:35:14Z</time>
   </trkpt>
   <trkpt lat="62.4802430" lon="8.1237040">
    <ele>198.3</ele>
    <time>2025-07-08T13:35:15Z</time>
   </trkpt>
   <trkpt lat="62.4802480" lon="8.1237120">
    <ele>198.1</ele>
    <time>2025-07-08T13:35:16Z</time>
   </trkpt>
   <trkpt lat="62.4802680" lon="8.1237250">
    <ele>197.7</ele>
    <time>2025-07-08T13:35:17Z</time>
   </trkpt>
   <trkpt lat="62.4802810" lon="8.1237220">
    <ele>197.5</ele>
    <time>2025-07-08T13:35:18Z</time>
   </trkpt>
   <trkpt lat="62.4802850" lon="8.1237070">
    <ele>197.3</ele>
    <time>2025-07-08T13:35:19Z</time>
   </trkpt>
   <trkpt lat="62.4802850" lon="8.1236890">
    <ele>197.1</ele>
    <time>2025-07-08T13:35:20Z</time>
   </trkpt>
   <trkpt lat="62.4802860" lon="8.1236670">
    <ele>196.9</ele>
    <time>2025-07-08T13:35:21Z</time>
   </trkpt>
   <trkpt lat="62.4802880" lon="8.1236460">
    <ele>196.7</ele>
    <time>2025-07-08T13:35:22Z</time>
   </trkpt>
   <trkpt lat="62.4802890" lon="8.1236260">
    <ele>196.5</ele>
    <time>2025-07-08T13:35:23Z</time>
   </trkpt>
   <trkpt lat="62.4802900" lon="8.1235940">
    <ele>196.3</ele>
    <time>2025-07-08T13:35:24Z</time>
   </trkpt>
   <trkpt lat="62.4802900" lon="8.1235620">
    <ele>196.0</ele>
    <time>2025-07-08T13:35:25Z</time>
   </trkpt>
   <trkpt lat="62.4802940" lon="8.1235330">
    <ele>195.8</ele>
    <time>2025-07-08T13:35:26Z</time>
   </trkpt>
   <trkpt lat="62.4803000" lon="8.1235090">
    <ele>195.5</ele>
    <time>2025-07-08T13:35:27Z</time>
   </trkpt>
   <trkpt lat="62.4803030" lon="8.1234820">
    <ele>195.3</ele>
    <time>2025-07-08T13:35:28Z</time>
   </trkpt>
   <trkpt lat="62.4803070" lon="8.1234640">
    <ele>195.2</ele>
    <time>2025-07-08T13:35:29Z</time>
   </trkpt>
   <trkpt lat="62.4803160" lon="8.1234360">
    <ele>194.9</ele>
    <time>2025-07-08T13:35:30Z</time>
   </trkpt>
   <trkpt lat="62.4803270" lon="8.1234110">
    <ele>194.7</ele>
    <time>2025-07-08T13:35:31Z</time>
   </trkpt>
   <trkpt lat="62.4803470" lon="8.1233670">
    <ele>194.3</ele>
    <time>2025-07-08T13:35:32Z</time>
   </trkpt>
   <trkpt lat="62.4803530" lon="8.1233510">
    <ele>194.2</ele>
    <time>2025-07-08T13:35:33Z</time>
   </trkpt>
   <trkpt lat="62.4803650" lon="8.1233260">
    <ele>193.9</ele>
    <time>2025-07-08T13:35:34Z</time>
   </trkpt>
   <trkpt lat="62.4803770" lon="8.1233020">
    <ele>193.7</ele>
    <time>2025-07-08T13:35:35Z</time>
   </trkpt>
   <trkpt lat="62.4804010" lon="8.1232660">
    <ele>193.3</ele>
    <time>2025-07-08T13:35:36Z</time>
   </trkpt>
   <trkpt lat="62.4804210" lon="8.1232460">
    <ele>192.9</ele>
    <time>2025-07-08T13:35:37Z</time>
   </trkpt>
   <trkpt lat="62.4804280" lon="8.1232370">
    <ele>192.8</ele>
    <time>2025-07-08T13:35:38Z</time>
   </trkpt>
   <trkpt lat="62.4804350" lon="8.1232290">
    <ele>192.7</ele>
    <time>2025-07-08T13:35:39Z</time>
   </trkpt>
   <trkpt lat="62.4804460" lon="8.1232200">
    <ele>192.5</ele>
    <time>2025-07-08T13:35:40Z</time>
   </trkpt>
   <trkpt lat="62.4804560" lon="8.1232070">
    <ele>192.3</ele>
    <time>2025-07-08T13:35:41Z</time>
   </trkpt>
   <trkpt lat="62.4804650" lon="8.1231930">
    <ele>192.1</ele>
    <time>2025-07-08T13:35:42Z</time>
   </trkpt>
   <trkpt lat="62.4804800" lon="8.1231860">
    <ele>191.8</ele>
    <time>2025-07-08T13:35:43Z</time>
   </trkpt>
   <trkpt lat="62.4804890" lon="8.1231790">
    <ele>191.6</ele>
    <time>2025-07-08T13:35:44Z</time>
   </trkpt>
   <trkpt lat="62.4804990" lon="8.1231800">
    <ele>191.4</ele>
    <time>2025-07-08T13:35:45Z</time>
   </trkpt>
   <trkpt lat="62.4805090" lon="8.1231800">
    <ele>191.2</ele>
    <time>2025-07-08T13:35:46Z</time>
   </trkpt>
   <trkpt lat="62.4805190" lon="8.1231770">
    <ele>191.0</ele>
    <time>2025-07-08T13:35:47Z</time>
   </trkpt>
   <trkpt lat="62.4805290" lon="8.1231820">
    <ele>190.8</ele>
    <time>2025-07-08T13:35:48Z</time>
   </trkpt>
   <trkpt lat="62.4805400" lon="8.1231700">
    <ele>190.5</ele>
    <time>2025-07-08T13:35:49Z</time>
   </trkpt>
   <trkpt lat="62.4805480" lon="8.1231650">
    <ele>190.3</ele>
    <time>2025-07-08T13:35:50Z</time>
   </trkpt>
   <trkpt lat="62.4805590" lon="8.1231510">
    <ele>190.0</ele>
    <time>2025-07-08T13:35:51Z</time>
   </trkpt>
   <trkpt lat="62.4805710" lon="8.1231450">
    <ele>189.8</ele>
    <time>2025-07-08T13:35:52Z</time>
   </trkpt>
   <trkpt lat="62.4805860" lon="8.1231400">
    <ele>189.4</ele>
    <time>2025-07-08T13:35:53Z</time>
   </trkpt>
   <trkpt lat="62.4805990" lon="8.1231400">
    <ele>189.1</ele>
    <time>2025-07-08T13:35:54Z</time>
   </trkpt>
   <trkpt lat="62.4806090" lon="8.1231330">
    <ele>188.9</ele>
    <time>2025-07-08T13:35:55Z</time>
   </trkpt>
   <trkpt lat="62.4806180" lon="8.1231190">
    <ele>188.7</ele>
    <time>2025-07-08T13:35:56Z</time>
   </trkpt>
   <trkpt lat="62.4806310" lon="8.1231070">
    <ele>188.4</ele>
    <time>2025-07-08T13:35:57Z</time>
   </trkpt>
   <trkpt lat="62.4806440" lon="8.1231010">
    <ele>188.1</ele>
    <time>2025-07-08T13:35:58Z</time>
   </trkpt>
   <trkpt lat="62.4806660" lon="8.1230990">
    <ele>187.7</ele>
    <time>2025-07-08T13:35:59Z</time>
   </trkpt>
   <trkpt lat="62.4806740" lon="8.1230960">
    <ele>187.6</ele>
    <time>2025-07-08T13:36:00Z</time>
   </trkpt>
   <trkpt lat="62.4806820" lon="8.1230930">
    <ele>187.4</ele>
    <time>2025-07-08T13:36:01Z</time>
   </trkpt>
   <trkpt lat="62.4806930" lon="8.1230910">
    <ele>187.2</ele>
    <time>2025-07-08T13:36:02Z</time>
   </trkpt>
   <trkpt lat="62.4807090" lon="8.1230920">
    <ele>187.0</ele>
    <time>2025-07-08T13:36:03Z</time>
   </trkpt>
   <trkpt lat="62.4807420" lon="8.1230930">
    <ele>186.6</ele>
    <time>2025-07-08T13:36:04Z</time>
   </trkpt>
   <trkpt lat="62.4807530" lon="8.1230940">
    <ele>186.4</ele>
    <time>2025-07-08T13:36:05Z</time>
   </trkpt>
   <trkpt lat="62.4807690" lon="8.1230970">
    <ele>186.3</ele>
    <time>2025-07-08T13:36:06Z</time>
   </trkpt>
   <trkpt lat="62.4807870" lon="8.1231090">
    <ele>186.2</ele>
    <time>2025-07-08T13:36:07Z</time>
   </trkpt>
   <trkpt lat="62.4808150" lon="8.1231160">
    <ele>186.0</ele>
    <time>2025-07-08T13:36:08Z</time>
   </trkpt>
   <trkpt lat="62.4808240" lon="8.1231150">
    <ele>186.0</ele>
    <time>2025-07-08T13:36:09Z</time>
   </trkpt>
   <trkpt lat="62.4808420" lon="8.1231100">
    <ele>185.9</ele>
    <time>2025-07-08T13:36:10Z</time>
   </trkpt>
   <trkpt lat="62.4808600" lon="8.1231060">
    <ele>185.9</ele>
    <time>2025-07-08T13:36:11Z</time>
   </trkpt>
   <trkpt lat="62.4808750" lon="8.1231000">
    <ele>185.9</ele>
    <time>2025-07-08T13:36:12Z</time>
   </trkpt>
   <trkpt lat="62.4808870" lon="8.1231030">
    <ele>185.9</ele>
    <time>2025-07-08T13:36:13Z</time>
   </trkpt>
   <trkpt lat="62.4808970" lon="8.1231010">
    <ele>185.9</ele>
    <time>2025-07-08T13:36:14Z</time>
   </trkpt>
   <trkpt lat="62.4808980" lon="8.1230910">
    <ele>185.9</ele>
    <time>2025-07-08T13:36:15Z</time>
   </trkpt>
   <trkpt lat="62.4808900" lon="8.1230900">
    <ele>185.9</ele>
    <time>2025-07-08T13:36:16Z</time>
   </trkpt>
   <trkpt lat="62.4808880" lon="8.1230930">
    <ele>185.9</ele>
    <time>2025-07-08T13:36:17Z</time>
   </trkpt>
   <trkpt lat="62.4808890" lon="8.1230910">
    <ele>185.9</ele>
    <time>2025-07-08T13:36:18Z</time>
   </trkpt>
   <trkpt lat="62.4808890" lon="8.1230900">
    <ele>185.9</ele>
    <time>2025-07-08T13:36:19Z</time>
   </trkpt>
   <trkpt lat="62.4808910" lon="8.1230880">
    <ele>185.9</ele>
    <time>2025-07-08T13:36:20Z</time>
   </trkpt>
   <trkpt lat="62.4808910" lon="8.1230860">
    <ele>185.9</ele>
    <time>2025-07-08T13:36:21Z</time>
   </trkpt>
   <trkpt lat="62.4808910" lon="8.1230850">
    <ele>185.9</ele>
    <time>2025-07-08T13:36:22Z</time>
   </trkpt>
   <trkpt lat="62.4808920" lon="8.1230840">
    <ele>185.9</ele>
    <time>2025-07-08T13:36:23Z</time>
   </trkpt>
   <trkpt lat="62.4808930" lon="8.1230830">
    <ele>185.9</ele>
    <time>2025-07-08T13:36:24Z</time>
   </trkpt>
   <trkpt lat="62.4808970" lon="8.1230780">
    <ele>185.9</ele>
    <time>2025-07-08T13:36:25Z</time>
   </trkpt>
   <trkpt lat="62.4809160" lon="8.1230720">
    <ele>185.9</ele>
    <time>2025-07-08T13:36:26Z</time>
   </trkpt>
   <trkpt lat="62.4809360" lon="8.1230620">
    <ele>185.9</ele>
    <time>2025-07-08T13:36:27Z</time>
   </trkpt>
   <trkpt lat="62.4809500" lon="8.1230570">
    <ele>185.9</ele>
    <time>2025-07-08T13:36:28Z</time>
   </trkpt>
   <trkpt lat="62.4809600" lon="8.1230590">
    <ele>185.9</ele>
    <time>2025-07-08T13:36:29Z</time>
   </trkpt>
   <trkpt lat="62.4809680" lon="8.1230590">
    <ele>185.9</ele>
    <time>2025-07-08T13:36:30Z</time>
   </trkpt>
   <trkpt lat="62.4809800" lon="8.1230540">
    <ele>185.9</ele>
    <time>2025-07-08T13:36:31Z</time>
   </trkpt>
   <trkpt lat="62.4809920" lon="8.1230490">
    <ele>185.9</ele>
    <time>2025-07-08T13:36:32Z</time>
   </trkpt>
   <trkpt lat="62.4810040" lon="8.1230500">
    <ele>185.9</ele>
    <time>2025-07-08T13:36:33Z</time>
   </trkpt>
   <trkpt lat="62.4810120" lon="8.1230520">
    <ele>185.8</ele>
    <time>2025-07-08T13:36:34Z</time>
   </trkpt>
   <trkpt lat="62.4810130" lon="8.1230490">
    <ele>185.8</ele>
    <time>2025-07-08T13:36:35Z</time>
   </trkpt>
   <trkpt lat="62.4810130" lon="8.1230550">
    <ele>185.8</ele>
    <time>2025-07-08T13:36:36Z</time>
   </trkpt>
   <trkpt lat="62.4810130" lon="8.1230590">
    <ele>185.8</ele>
    <time>2025-07-08T13:36:37Z</time>
   </trkpt>
   <trkpt lat="62.4810270" lon="8.1230600">
    <ele>185.8</ele>
    <time>2025-07-08T13:36:38Z</time>
   </trkpt>
   <trkpt lat="62.4810400" lon="8.1230590">
    <ele>185.8</ele>
    <time>2025-07-08T13:36:39Z</time>
   </trkpt>
   <trkpt lat="62.4810500" lon="8.1230670">
    <ele>185.8</ele>
    <time>2025-07-08T13:36:40Z</time>
   </trkpt>
   <trkpt lat="62.4810610" lon="8.1230700">
    <ele>185.8</ele>
    <time>2025-07-08T13:36:41Z</time>
   </trkpt>
   <trkpt lat="62.4810680" lon="8.1230700">
    <ele>185.8</ele>
    <time>2025-07-08T13:36:42Z</time>
   </trkpt>
   <trkpt lat="62.4810820" lon="8.1230730">
    <ele>185.8</ele>
    <time>2025-07-08T13:36:43Z</time>
   </trkpt>
   <trkpt lat="62.4810950" lon="8.1230830">
    <ele>185.8</ele>
    <time>2025-07-08T13:36:44Z</time>
   </trkpt>
   <trkpt lat="62.4811040" lon="8.1231000">
    <ele>185.8</ele>
    <time>2025-07-08T13:36:45Z</time>
   </trkpt>
   <trkpt lat="62.4811160" lon="8.1231060">
    <ele>185.8</ele>
    <time>2025-07-08T13:36:46Z</time>
   </trkpt>
   <trkpt lat="62.4811280" lon="8.1231110">
    <ele>185.7</ele>
    <time>2025-07-08T13:36:47Z</time>
   </trkpt>
   <trkpt lat="62.4811470" lon="8.1231260">
    <ele>185.7</ele>
    <time>2025-07-08T13:36:48Z</time>
   </trkpt>
   <trkpt lat="62.4811570" lon="8.1231330">
    <ele>185.7</ele>
    <time>2025-07-08T13:36:49Z</time>
   </trkpt>
   <trkpt lat="62.4811660" lon="8.1231390">
    <ele>185.7</ele>
    <time>2025-07-08T13:36:50Z</time>
   </trkpt>
   <trkpt lat="62.4811740" lon="8.1231500">
    <ele>185.7</ele>
    <time>2025-07-08T13:36:51Z</time>
   </trkpt>
   <trkpt lat="62.4811860" lon="8.1231670">
    <ele>185.7</ele>
    <time>2025-07-08T13:36:52Z</time>
   </trkpt>
   <trkpt lat="62.4811920" lon="8.1231860">
    <ele>185.6</ele>
    <time>2025-07-08T13:36:53Z</time>
   </trkpt>
   <trkpt lat="62.4811990" lon="8.1232040">
    <ele>185.5</ele>
    <time>2025-07-08T13:36:54Z</time>
   </trkpt>
   <trkpt lat="62.4812060" lon="8.1232300">
    <ele>185.2</ele>
    <time>2025-07-08T13:36:55Z</time>
   </trkpt>
   <trkpt lat="62.4812090" lon="8.1232490">
    <ele>185.1</ele>
    <time>2025-07-08T13:36:56Z</time>
   </trkpt>
   <trkpt lat="62.4812150" lon="8.1232820">
    <ele>184.8</ele>
    <time>2025-07-08T13:36:57Z</time>
   </trkpt>
   <trkpt lat="62.4812200" lon="8.1233040">
    <ele>184.6</ele>
    <time>2025-07-08T13:36:58Z</time>
   </trkpt>
   <trkpt lat="62.4812250" lon="8.1233250">
    <ele>184.4</ele>
    <time>2025-07-08T13:36:59Z</time>
   </trkpt>
   <trkpt lat="62.4812310" lon="8.1233480">
    <ele>184.2</ele>
    <time>2025-07-08T13:37:00Z</time>
   </trkpt>
   <trkpt lat="62.4812370" lon="8.1233730">
    <ele>184.0</ele>
    <time>2025-07-08T13:37:02Z</time>
   </trkpt>
   <trkpt lat="62.4812420" lon="8.1233930">
    <ele>183.8</ele>
    <time>2025-07-08T13:37:03Z</time>
   </trkpt>
   <trkpt lat="62.4812420" lon="8.1234060">
    <ele>183.7</ele>
    <time>2025-07-08T13:37:04Z</time>
   </trkpt>
   <trkpt lat="62.4812440" lon="8.1234110">
    <ele>183.6</ele>
    <time>2025-07-08T13:37:05Z</time>
   </trkpt>
   <trkpt lat="62.4812490" lon="8.1234330">
    <ele>183.4</ele>
    <time>2025-07-08T13:37:06Z</time>
   </trkpt>
   <trkpt lat="62.4812480" lon="8.1234530">
    <ele>183.3</ele>
    <time>2025-07-08T13:37:07Z</time>
   </trkpt>
   <trkpt lat="62.4812510" lon="8.1234690">
    <ele>183.1</ele>
    <time>2025-07-08T13:37:08Z</time>
   </trkpt>
   <trkpt lat="62.4812520" lon="8.1234900">
    <ele>182.9</ele>
    <time>2025-07-08T13:37:09Z</time>
   </trkpt>
   <trkpt lat="62.4812550" lon="8.1235200">
    <ele>182.6</ele>
    <time>2025-07-08T13:37:10Z</time>
   </trkpt>
   <trkpt lat="62.4812580" lon="8.1235430">
    <ele>182.4</ele>
    <time>2025-07-08T13:37:11Z</time>
   </trkpt>
   <trkpt lat="62.4812630" lon="8.1235710">
    <ele>182.2</ele>
    <time>2025-07-08T13:37:12Z</time>
   </trkpt>
   <trkpt lat="62.4812660" lon="8.1235930">
    <ele>181.9</ele>
    <time>2025-07-08T13:37:13Z</time>
   </trkpt>
   <trkpt lat="62.4812690" lon="8.1236180">
    <ele>181.7</ele>
    <time>2025-07-08T13:37:14Z</time>
   </trkpt>
   <trkpt lat="62.4812660" lon="8.1236340">
    <ele>181.6</ele>
    <time>2025-07-08T13:37:15Z</time>
   </trkpt>
   <trkpt lat="62.4812660" lon="8.1236600">
    <ele>181.3</ele>
    <time>2025-07-08T13:37:16Z</time>
   </trkpt>
   <trkpt lat="62.4812730" lon="8.1236910">
    <ele>181.0</ele>
    <time>2025-07-08T13:37:17Z</time>
   </trkpt>
   <trkpt lat="62.4812750" lon="8.1237180">
    <ele>180.8</ele>
    <time>2025-07-08T13:37:18Z</time>
   </trkpt>
   <trkpt lat="62.4812750" lon="8.1237630">
    <ele>180.4</ele>
    <time>2025-07-08T13:37:19Z</time>
   </trkpt>
   <trkpt lat="62.4812750" lon="8.1237810">
    <ele>180.2</ele>
    <time>2025-07-08T13:37:20Z</time>
   </trkpt>
   <trkpt lat="62.4812740" lon="8.1237980">
    <ele>180.1</ele>
    <time>2025-07-08T13:37:21Z</time>
   </trkpt>
   <trkpt lat="62.4812770" lon="8.1238240">
    <ele>179.8</ele>
    <time>2025-07-08T13:37:22Z</time>
   </trkpt>
   <trkpt lat="62.4812810" lon="8.1238570">
    <ele>179.5</ele>
    <time>2025-07-08T13:37:23Z</time>
   </trkpt>
   <trkpt lat="62.4812800" lon="8.1238860">
    <ele>179.3</ele>
    <time>2025-07-08T13:37:24Z</time>
   </trkpt>
   <trkpt lat="62.4812820" lon="8.1239190">
    <ele>179.0</ele>
    <time>2025-07-08T13:37:25Z</time>
   </trkpt>
   <trkpt lat="62.4812910" lon="8.1239790">
    <ele>178.5</ele>
    <time>2025-07-08T13:37:26Z</time>
   </trkpt>
   <trkpt lat="62.4812940" lon="8.1240010">
    <ele>178.3</ele>
    <time>2025-07-08T13:37:27Z</time>
   </trkpt>
   <trkpt lat="62.4813090" lon="8.1240530">
    <ele>177.8</ele>
    <time>2025-07-08T13:37:28Z</time>
   </trkpt>
   <trkpt lat="62.4813150" lon="8.1240710">
    <ele>177.7</ele>
    <time>2025-07-08T13:37:29Z</time>
   </trkpt>
   <trkpt lat="62.4813260" lon="8.1241000">
    <ele>177.4</ele>
    <time>2025-07-08T13:37:30Z</time>
   </trkpt>
   <trkpt lat="62.4813340" lon="8.1241250">
    <ele>177.2</ele>
    <time>2025-07-08T13:37:31Z</time>
   </trkpt>
   <trkpt lat="62.4813390" lon="8.1241530">
    <ele>177.0</ele>
    <time>2025-07-08T13:37:32Z</time>
   </trkpt>
   <trkpt lat="62.4813470" lon="8.1241810">
    <ele>176.7</ele>
    <time>2025-07-08T13:37:33Z</time>
   </trkpt>
   <trkpt lat="62.4813500" lon="8.1242020">
    <ele>176.6</ele>
    <time>2025-07-08T13:37:34Z</time>
   </trkpt>
   <trkpt lat="62.4813520" lon="8.1242270">
    <ele>176.4</ele>
    <time>2025-07-08T13:37:35Z</time>
   </trkpt>
   <trkpt lat="62.4813520" lon="8.1242480">
    <ele>176.3</ele>
    <time>2025-07-08T13:37:36Z</time>
   </trkpt>
   <trkpt lat="62.4813560" lon="8.1242670">
    <ele>176.1</ele>
    <time>2025-07-08T13:37:37Z</time>
   </trkpt>
   <trkpt lat="62.4813560" lon="8.1242980">
    <ele>176.0</ele>
    <time>2025-07-08T13:37:38Z</time>
   </trkpt>
   <trkpt lat="62.4813570" lon="8.1243170">
    <ele>175.8</ele>
    <time>2025-07-08T13:37:39Z</time>
   </trkpt>
   <trkpt lat="62.4813590" lon="8.1243320">
    <ele>175.8</ele>
    <time>2025-07-08T13:37:40Z</time>
   </trkpt>
   <trkpt lat="62.4813650" lon="8.1243290">
    <ele>175.7</ele>
    <time>2025-07-08T13:37:41Z</time>
   </trkpt>
   <trkpt lat="62.4813670" lon="8.1243360">
    <ele>175.6</ele>
    <time>2025-07-08T13:37:42Z</time>
   </trkpt>
   <trkpt lat="62.4813660" lon="8.1243610">
    <ele>175.5</ele>
    <time>2025-07-08T13:37:43Z</time>
   </trkpt>
   <trkpt lat="62.4813680" lon="8.1243850">
    <ele>175.4</ele>
    <time>2025-07-08T13:37:44Z</time>
   </trkpt>
   <trkpt lat="62.4813660" lon="8.1244230">
    <ele>175.2</ele>
    <time>2025-07-08T13:37:45Z</time>
   </trkpt>
   <trkpt lat="62.4813640" lon="8.1244440">
    <ele>175.0</ele>
    <time>2025-07-08T13:37:46Z</time>
   </trkpt>
   <trkpt lat="62.4813620" lon="8.1244640">
    <ele>175.0</ele>
    <time>2025-07-08T13:37:47Z</time>
   </trkpt>
   <trkpt lat="62.4813610" lon="8.1244730">
    <ele>174.9</ele>
    <time>2025-07-08T13:37:48Z</time>
   </trkpt>
   <trkpt lat="62.4813620" lon="8.1245100">
    <ele>174.7</ele>
    <time>2025-07-08T13:37:49Z</time>
   </trkpt>
   <trkpt lat="62.4813610" lon="8.1245260">
    <ele>174.7</ele>
    <time>2025-07-08T13:37:50Z</time>
   </trkpt>
   <trkpt lat="62.4813600" lon="8.1245450">
    <ele>174.6</ele>
    <time>2025-07-08T13:37:51Z</time>
   </trkpt>
   <trkpt lat="62.4813620" lon="8.1245640">
    <ele>174.5</ele>
    <time>2025-07-08T13:37:52Z</time>
   </trkpt>
   <trkpt lat="62.4813590" lon="8.1245800">
    <ele>174.4</ele>
    <time>2025-07-08T13:37:53Z</time>
   </trkpt>
   <trkpt lat="62.4813580" lon="8.1245950">
    <ele>174.3</ele>
    <time>2025-07-08T13:37:54Z</time>
   </trkpt>
   <trkpt lat="62.4813580" lon="8.1246140">
    <ele>174.2</ele>
    <time>2025-07-08T13:37:55Z</time>
   </trkpt>
   <trkpt lat="62.4813580" lon="8.1246220">
    <ele>174.2</ele>
    <time>2025-07-08T13:37:56Z</time>
   </trkpt>
   <trkpt lat="62.4813580" lon="8.1246590">
    <ele>174.0</ele>
    <time>2025-07-08T13:37:57Z</time>
   </trkpt>
   <trkpt lat="62.4813640" lon="8.1246980">
    <ele>173.8</ele>
    <time>2025-07-08T13:37:58Z</time>
   </trkpt>
   <trkpt lat="62.4813700" lon="8.1247300">
    <ele>173.7</ele>
    <time>2025-07-08T13:37:59Z</time>
   </trkpt>
   <trkpt lat="62.4813730" lon="8.1247350">
    <ele>173.6</ele>
    <time>2025-07-08T13:38:00Z</time>
   </trkpt>
   <trkpt lat="62.4813780" lon="8.1247490">
    <ele>173.6</ele>
    <time>2025-07-08T13:38:01Z</time>
   </trkpt>
   <trkpt lat="62.4813780" lon="8.1247590">
    <ele>173.5</ele>
    <time>2025-07-08T13:38:02Z</time>
   </trkpt>
   <trkpt lat="62.4813810" lon="8.1247640">
    <ele>173.5</ele>
    <time>2025-07-08T13:38:03Z</time>
   </trkpt>
   <trkpt lat="62.4813800" lon="8.1247850">
    <ele>173.4</ele>
    <time>2025-07-08T13:38:04Z</time>
   </trkpt>
   <trkpt lat="62.4813840" lon="8.1248140">
    <ele>173.2</ele>
    <time>2025-07-08T13:38:05Z</time>
   </trkpt>
   <trkpt lat="62.4813860" lon="8.1248320">
    <ele>173.2</ele>
    <time>2025-07-08T13:38:06Z</time>
   </trkpt>
   <trkpt lat="62.4813870" lon="8.1248490">
    <ele>173.1</ele>
    <time>2025-07-08T13:38:07Z</time>
   </trkpt>
   <trkpt lat="62.4813890" lon="8.1248670">
    <ele>173.0</ele>
    <time>2025-07-08T13:38:08Z</time>
   </trkpt>
   <trkpt lat="62.4813940" lon="8.1248840">
    <ele>172.9</ele>
    <time>2025-07-08T13:38:09Z</time>
   </trkpt>
   <trkpt lat="62.4813940" lon="8.1249040">
    <ele>172.8</ele>
    <time>2025-07-08T13:38:10Z</time>
   </trkpt>
   <trkpt lat="62.4813970" lon="8.1249380">
    <ele>172.6</ele>
    <time>2025-07-08T13:38:11Z</time>
   </trkpt>
   <trkpt lat="62.4813980" lon="8.1249740">
    <ele>172.4</ele>
    <time>2025-07-08T13:38:12Z</time>
   </trkpt>
   <trkpt lat="62.4814000" lon="8.1249890">
    <ele>172.3</ele>
    <time>2025-07-08T13:38:13Z</time>
   </trkpt>
   <trkpt lat="62.4814010" lon="8.1250030">
    <ele>172.2</ele>
    <time>2025-07-08T13:38:14Z</time>
   </trkpt>
   <trkpt lat="62.4814030" lon="8.1250180">
    <ele>172.1</ele>
    <time>2025-07-08T13:38:15Z</time>
   </trkpt>
   <trkpt lat="62.4814080" lon="8.1250540">
    <ele>171.9</ele>
    <time>2025-07-08T13:38:16Z</time>
   </trkpt>
   <trkpt lat="62.4814090" lon="8.1250770">
    <ele>171.8</ele>
    <time>2025-07-08T13:38:17Z</time>
   </trkpt>
   <trkpt lat="62.4814110" lon="8.1251000">
    <ele>171.7</ele>
    <time>2025-07-08T13:38:18Z</time>
   </trkpt>
   <trkpt lat="62.4814130" lon="8.1251300">
    <ele>171.5</ele>
    <time>2025-07-08T13:38:19Z</time>
   </trkpt>
   <trkpt lat="62.4814190" lon="8.1251720">
    <ele>171.2</ele>
    <time>2025-07-08T13:38:20Z</time>
   </trkpt>
   <trkpt lat="62.4814230" lon="8.1252090">
    <ele>171.0</ele>
    <time>2025-07-08T13:38:21Z</time>
   </trkpt>
   <trkpt lat="62.4814270" lon="8.1252420">
    <ele>170.8</ele>
    <time>2025-07-08T13:38:22Z</time>
   </trkpt>
   <trkpt lat="62.4814350" lon="8.1252990">
    <ele>170.5</ele>
    <time>2025-07-08T13:38:23Z</time>
   </trkpt>
   <trkpt lat="62.4814380" lon="8.1253170">
    <ele>170.3</ele>
    <time>2025-07-08T13:38:24Z</time>
   </trkpt>
   <trkpt lat="62.4814410" lon="8.1253610">
    <ele>170.1</ele>
    <time>2025-07-08T13:38:25Z</time>
   </trkpt>
   <trkpt lat="62.4814410" lon="8.1253830">
    <ele>169.9</ele>
    <time>2025-07-08T13:38:26Z</time>
   </trkpt>
   <trkpt lat="62.4814410" lon="8.1254060">
    <ele>169.8</ele>
    <time>2025-07-08T13:38:27Z</time>
   </trkpt>
   <trkpt lat="62.4814510" lon="8.1254350">
    <ele>169.6</ele>
    <time>2025-07-08T13:38:28Z</time>
   </trkpt>
   <trkpt lat="62.4814580" lon="8.1254670">
    <ele>169.4</ele>
    <time>2025-07-08T13:38:29Z</time>
   </trkpt>
   <trkpt lat="62.4814630" lon="8.1254940">
    <ele>169.2</ele>
    <time>2025-07-08T13:38:30Z</time>
   </trkpt>
   <trkpt lat="62.4814700" lon="8.1255250">
    <ele>169.0</ele>
    <time>2025-07-08T13:38:31Z</time>
   </trkpt>
   <trkpt lat="62.4814770" lon="8.1255560">
    <ele>168.8</ele>
    <time>2025-07-08T13:38:32Z</time>
   </trkpt>
   <trkpt lat="62.4814770" lon="8.1255760">
    <ele>168.7</ele>
    <time>2025-07-08T13:38:33Z</time>
   </trkpt>
   <trkpt lat="62.4814830" lon="8.1256000">
    <ele>168.5</ele>
    <time>2025-07-08T13:38:34Z</time>
   </trkpt>
   <trkpt lat="62.4814860" lon="8.1256410">
    <ele>168.3</ele>
    <time>2025-07-08T13:38:35Z</time>
   </trkpt>
   <trkpt lat="62.4814890" lon="8.1256580">
    <ele>168.2</ele>
    <time>2025-07-08T13:38:36Z</time>
   </trkpt>
   <trkpt lat="62.4814930" lon="8.1256760">
    <ele>168.1</ele>
    <time>2025-07-08T13:38:37Z</time>
   </trkpt>
   <trkpt lat="62.4814980" lon="8.1257270">
    <ele>167.8</ele>
    <time>2025-07-08T13:38:38Z</time>
   </trkpt>
   <trkpt lat="62.4814980" lon="8.1257490">
    <ele>167.6</ele>
    <time>2025-07-08T13:38:39Z</time>
   </trkpt>
   <trkpt lat="62.4814980" lon="8.1257700">
    <ele>167.5</ele>
    <time>2025-07-08T13:38:40Z</time>
   </trkpt>
   <trkpt lat="62.4814960" lon="8.1258220">
    <ele>167.2</ele>
    <time>2025-07-08T13:38:41Z</time>
   </trkpt>
   <trkpt lat="62.4814920" lon="8.1258430">
    <ele>167.1</ele>
    <time>2025-07-08T13:38:42Z</time>
   </trkpt>
   <trkpt lat="62.4814890" lon="8.1258650">
    <ele>167.0</ele>
    <time>2025-07-08T13:38:43Z</time>
   </trkpt>
   <trkpt lat="62.4814830" lon="8.1258940">
    <ele>166.8</ele>
    <time>2025-07-08T13:38:44Z</time>
   </trkpt>
   <trkpt lat="62.4814800" lon="8.1259240">
    <ele>166.6</ele>
    <time>2025-07-08T13:38:45Z</time>
   </trkpt>
   <trkpt lat="62.4814730" lon="8.1259540">
    <ele>166.4</ele>
    <time>2025-07-08T13:38:46Z</time>
   </trkpt>
   <trkpt lat="62.4814640" lon="8.1259850">
    <ele>166.3</ele>
    <time>2025-07-08T13:38:47Z</time>
   </trkpt>
   <trkpt lat="62.4814580" lon="8.1260180">
    <ele>166.1</ele>
    <time>2025-07-08T13:38:48Z</time>
   </trkpt>
   <trkpt lat="62.4814570" lon="8.1260500">
    <ele>165.9</ele>
    <time>2025-07-08T13:38:49Z</time>
   </trkpt>
   <trkpt lat="62.4814580" lon="8.1260820">
    <ele>165.7</ele>
    <time>2025-07-08T13:38:50Z</time>
   </trkpt>
   <trkpt lat="62.4814570" lon="8.1261040">
    <ele>165.6</ele>
    <time>2025-07-08T13:38:51Z</time>
   </trkpt>
   <trkpt lat="62.4814520" lon="8.1261220">
    <ele>165.5</ele>
    <time>2025-07-08T13:38:52Z</time>
   </trkpt>
   <trkpt lat="62.4814510" lon="8.1261510">
    <ele>165.4</ele>
    <time>2025-07-08T13:38:53Z</time>
   </trkpt>
   <trkpt lat="62.4814410" lon="8.1261760">
    <ele>165.2</ele>
    <time>2025-07-08T13:38:54Z</time>
   </trkpt>
   <trkpt lat="62.4814290" lon="8.1261980">
    <ele>165.1</ele>
    <time>2025-07-08T13:38:55Z</time>
   </trkpt>
   <trkpt lat="62.4814180" lon="8.1262300">
    <ele>164.9</ele>
    <time>2025-07-08T13:38:56Z</time>
   </trkpt>
   <trkpt lat="62.4814080" lon="8.1262590">
    <ele>164.7</ele>
    <time>2025-07-08T13:38:57Z</time>
   </trkpt>
   <trkpt lat="62.4813960" lon="8.1262890">
    <ele>164.5</ele>
    <time>2025-07-08T13:38:58Z</time>
   </trkpt>
   <trkpt lat="62.4813860" lon="8.1263170">
    <ele>164.3</ele>
    <time>2025-07-08T13:38:59Z</time>
   </trkpt>
   <trkpt lat="62.4813750" lon="8.1263440">
    <ele>164.2</ele>
    <time>2025-07-08T13:39:00Z</time>
   </trkpt>
   <trkpt lat="62.4813660" lon="8.1264010">
    <ele>163.9</ele>
    <time>2025-07-08T13:39:01Z</time>
   </trkpt>
   <trkpt lat="62.4813640" lon="8.1264210">
    <ele>163.8</ele>
    <time>2025-07-08T13:39:02Z</time>
   </trkpt>
   <trkpt lat="62.4813580" lon="8.1264510">
    <ele>163.6</ele>
    <time>2025-07-08T13:39:03Z</time>
   </trkpt>
   <trkpt lat="62.4813550" lon="8.1264820">
    <ele>163.5</ele>
    <time>2025-07-08T13:39:04Z</time>
   </trkpt>
   <trkpt lat="62.4813510" lon="8.1265130">
    <ele>163.3</ele>
    <time>2025-07-08T13:39:05Z</time>
   </trkpt>
   <trkpt lat="62.4813490" lon="8.1265380">
    <ele>163.2</ele>
    <time>2025-07-08T13:39:06Z</time>
   </trkpt>
   <trkpt lat="62.4813450" lon="8.1265620">
    <ele>163.0</ele>
    <time>2025-07-08T13:39:08Z</time>
   </trkpt>
   <trkpt lat="62.4813440" lon="8.1266080">
    <ele>162.8</ele>
    <time>2025-07-08T13:39:09Z</time>
   </trkpt>
   <trkpt lat="62.4813470" lon="8.1266300">
    <ele>162.7</ele>
    <time>2025-07-08T13:39:10Z</time>
   </trkpt>
   <trkpt lat="62.4813490" lon="8.1266520">
    <ele>162.5</ele>
    <time>2025-07-08T13:39:11Z</time>
   </trkpt>
   <trkpt lat="62.4813560" lon="8.1266840">
    <ele>162.3</ele>
    <time>2025-07-08T13:39:12Z</time>
   </trkpt>
   <trkpt lat="62.4813570" lon="8.1267110">
    <ele>162.1</ele>
    <time>2025-07-08T13:39:13Z</time>
   </trkpt>
   <trkpt lat="62.4813540" lon="8.1267400">
    <ele>161.9</ele>
    <time>2025-07-08T13:39:14Z</time>
   </trkpt>
   <trkpt lat="62.4813590" lon="8.1267700">
    <ele>161.7</ele>
    <time>2025-07-08T13:39:15Z</time>
   </trkpt>
   <trkpt lat="62.4813570" lon="8.1268010">
    <ele>161.5</ele>
    <time>2025-07-08T13:39:16Z</time>
   </trkpt>
   <trkpt lat="62.4813530" lon="8.1268270">
    <ele>161.3</ele>
    <time>2025-07-08T13:39:17Z</time>
   </trkpt>
   <trkpt lat="62.4813520" lon="8.1268580">
    <ele>161.1</ele>
    <time>2025-07-08T13:39:18Z</time>
   </trkpt>
   <trkpt lat="62.4813510" lon="8.1268900">
    <ele>160.9</ele>
    <time>2025-07-08T13:39:19Z</time>
   </trkpt>
   <trkpt lat="62.4813520" lon="8.1269210">
    <ele>160.7</ele>
    <time>2025-07-08T13:39:20Z</time>
   </trkpt>
   <trkpt lat="62.4813520" lon="8.1269530">
    <ele>160.4</ele>
    <time>2025-07-08T13:39:21Z</time>
   </trkpt>
   <trkpt lat="62.4813540" lon="8.1270000">
    <ele>160.1</ele>
    <time>2025-07-08T13:39:22Z</time>
   </trkpt>
   <trkpt lat="62.4813560" lon="8.1270230">
    <ele>159.9</ele>
    <time>2025-07-08T13:39:23Z</time>
   </trkpt>
   <trkpt lat="62.4813590" lon="8.1270470">
    <ele>159.8</ele>
    <time>2025-07-08T13:39:24Z</time>
   </trkpt>
   <trkpt lat="62.4813740" lon="8.1270990">
    <ele>159.4</ele>
    <time>2025-07-08T13:39:25Z</time>
   </trkpt>
   <trkpt lat="62.4813800" lon="8.1271150">
    <ele>159.3</ele>
    <time>2025-07-08T13:39:26Z</time>
   </trkpt>
   <trkpt lat="62.4813810" lon="8.1271500">
    <ele>159.1</ele>
    <time>2025-07-08T13:39:27Z</time>
   </trkpt>
   <trkpt lat="62.4813820" lon="8.1271800">
    <ele>158.9</ele>
    <time>2025-07-08T13:39:28Z</time>
   </trkpt>
   <trkpt lat="62.4813810" lon="8.1272060">
    <ele>158.7</ele>
    <time>2025-07-08T13:39:29Z</time>
   </trkpt>
   <trkpt lat="62.4813720" lon="8.1272350">
    <ele>158.6</ele>
    <time>2025-07-08T13:39:30Z</time>
   </trkpt>
   <trkpt lat="62.4813720" lon="8.1272700">
    <ele>158.4</ele>
    <time>2025-07-08T13:39:31Z</time>
   </trkpt>
   <trkpt lat="62.4813770" lon="8.1273060">
    <ele>158.2</ele>
    <time>2025-07-08T13:39:32Z</time>
   </trkpt>
   <trkpt lat="62.4813950" lon="8.1273610">
    <ele>157.9</ele>
    <time>2025-07-08T13:39:33Z</time>
   </trkpt>
   <trkpt lat="62.4813970" lon="8.1273770">
    <ele>157.8</ele>
    <time>2025-07-08T13:39:34Z</time>
   </trkpt>
   <trkpt lat="62.4814050" lon="8.1274060">
    <ele>157.7</ele>
    <time>2025-07-08T13:39:35Z</time>
   </trkpt>
   <trkpt lat="62.4814130" lon="8.1274300">
    <ele>157.6</ele>
    <time>2025-07-08T13:39:36Z</time>
   </trkpt>
   <trkpt lat="62.4814260" lon="8.1274590">
    <ele>157.4</ele>
    <time>2025-07-08T13:39:37Z</time>
   </trkpt>
   <trkpt lat="62.4814310" lon="8.1274870">
    <ele>157.3</ele>
    <time>2025-07-08T13:39:38Z</time>
   </trkpt>
   <trkpt lat="62.4814330" lon="8.1275170">
    <ele>157.2</ele>
    <time>2025-07-08T13:39:39Z</time>
   </trkpt>
   <trkpt lat="62.4814440" lon="8.1275450">
    <ele>157.0</ele>
    <time>2025-07-08T13:39:40Z</time>
   </trkpt>
   <trkpt lat="62.4814520" lon="8.1275730">
    <ele>156.9</ele>
    <time>2025-07-08T13:39:41Z</time>
   </trkpt>
   <trkpt lat="62.4814590" lon="8.1275990">
    <ele>156.8</ele>
    <time>2025-07-08T13:39:42Z</time>
   </trkpt>
   <trkpt lat="62.4814630" lon="8.1276340">
    <ele>156.7</ele>
    <time>2025-07-08T13:39:43Z</time>
   </trkpt>
   <trkpt lat="62.4814660" lon="8.1276620">
    <ele>156.6</ele>
    <time>2025-07-08T13:39:44Z</time>
   </trkpt>
   <trkpt lat="62.4814700" lon="8.1276870">
    <ele>156.5</ele>
    <time>2025-07-08T13:39:45Z</time>
   </trkpt>
   <trkpt lat="62.4814810" lon="8.1277090">
    <ele>156.3</ele>
    <time>2025-07-08T13:39:46Z</time>
   </trkpt>
   <trkpt lat="62.4815020" lon="8.1277510">
    <ele>156.1</ele>
    <time>2025-07-08T13:39:47Z</time>
   </trkpt>
   <trkpt lat="62.4815060" lon="8.1277670">
    <ele>156.0</ele>
    <time>2025-07-08T13:39:48Z</time>
   </trkpt>
   <trkpt lat="62.4815230" lon="8.1278300">
    <ele>155.7</ele>
    <time>2025-07-08T13:39:49Z</time>
   </trkpt>
   <trkpt lat="62.4815290" lon="8.1278610">
    <ele>155.5</ele>
    <time>2025-07-08T13:39:50Z</time>
   </trkpt>
   <trkpt lat="62.4815380" lon="8.1278900">
    <ele>155.3</ele>
    <time>2025-07-08T13:39:51Z</time>
   </trkpt>
   <trkpt lat="62.4815450" lon="8.1279190">
    <ele>155.1</ele>
    <time>2025-07-08T13:39:52Z</time>
   </trkpt>
   <trkpt lat="62.4815530" lon="8.1279440">
    <ele>154.9</ele>
    <time>2025-07-08T13:39:53Z</time>
   </trkpt>
   <trkpt lat="62.4815570" lon="8.1279730">
    <ele>154.7</ele>
    <time>2025-07-08T13:39:54Z</time>
   </trkpt>
   <trkpt lat="62.4815600" lon="8.1280000">
    <ele>154.5</ele>
    <time>2025-07-08T13:39:55Z</time>
   </trkpt>
   <trkpt lat="62.4815550" lon="8.1280470">
    <ele>154.2</ele>
    <time>2025-07-08T13:39:56Z</time>
   </trkpt>
   <trkpt lat="62.4815510" lon="8.1280630">
    <ele>154.1</ele>
    <time>2025-07-08T13:39:57Z</time>
   </trkpt>
   <trkpt lat="62.4815480" lon="8.1280800">
    <ele>153.9</ele>
    <time>2025-07-08T13:39:58Z</time>
   </trkpt>
   <trkpt lat="62.4815460" lon="8.1281260">
    <ele>153.5</ele>
    <time>2025-07-08T13:39:59Z</time>
   </trkpt>
   <trkpt lat="62.4815450" lon="8.1281460">
    <ele>153.4</ele>
    <time>2025-07-08T13:40:00Z</time>
   </trkpt>
   <trkpt lat="62.4815450" lon="8.1281650">
    <ele>153.2</ele>
    <time>2025-07-08T13:40:01Z</time>
   </trkpt>
   <trkpt lat="62.4815500" lon="8.1282030">
    <ele>152.9</ele>
    <time>2025-07-08T13:40:02Z</time>
   </trkpt>
   <trkpt lat="62.4815580" lon="8.1282310">
    <ele>152.6</ele>
    <time>2025-07-08T13:40:03Z</time>
   </trkpt>
   <trkpt lat="62.4815610" lon="8.1282620">
    <ele>152.3</ele>
    <time>2025-07-08T13:40:04Z</time>
   </trkpt>
   <trkpt lat="62.4815680" lon="8.1282910">
    <ele>152.0</ele>
    <time>2025-07-08T13:40:05Z</time>
   </trkpt>
   <trkpt lat="62.4815780" lon="8.1283150">
    <ele>151.6</ele>
    <time>2025-07-08T13:40:06Z</time>
   </trkpt>
   <trkpt lat="62.4815970" lon="8.1283330">
    <ele>151.2</ele>
    <time>2025-07-08T13:40:07Z</time>
   </trkpt>
   <trkpt lat="62.4816120" lon="8.1283490">
    <ele>150.8</ele>
    <time>2025-07-08T13:40:08Z</time>
   </trkpt>
   <trkpt lat="62.4816200" lon="8.1283710">
    <ele>150.5</ele>
    <time>2025-07-08T13:40:09Z</time>
   </trkpt>
   <trkpt lat="62.4816290" lon="8.1284020">
    <ele>150.2</ele>
    <time>2025-07-08T13:40:10Z</time>
   </trkpt>
   <trkpt lat="62.4816370" lon="8.1284340">
    <ele>149.8</ele>
    <time>2025-07-08T13:40:11Z</time>
   </trkpt>
   <trkpt lat="62.4816470" lon="8.1284560">
    <ele>149.5</ele>
    <time>2025-07-08T13:40:12Z</time>
   </trkpt>
   <trkpt lat="62.4816560" lon="8.1284820">
    <ele>149.1</ele>
    <time>2025-07-08T13:40:13Z</time>
   </trkpt>
   <trkpt lat="62.4816690" lon="8.1285020">
    <ele>148.8</ele>
    <time>2025-07-08T13:40:14Z</time>
   </trkpt>
   <trkpt lat="62.4816750" lon="8.1285290">
    <ele>148.5</ele>
    <time>2025-07-08T13:40:15Z</time>
   </trkpt>
   <trkpt lat="62.4816850" lon="8.1285680">
    <ele>148.0</ele>
    <time>2025-07-08T13:40:16Z</time>
   </trkpt>
   <trkpt lat="62.4816900" lon="8.1285850">
    <ele>147.8</ele>
    <time>2025-07-08T13:40:17Z</time>
   </trkpt>
   <trkpt lat="62.4816960" lon="8.1286010">
    <ele>147.6</ele>
    <time>2025-07-08T13:40:18Z</time>
   </trkpt>
   <trkpt lat="62.4817020" lon="8.1286310">
    <ele>147.3</ele>
    <time>2025-07-08T13:40:19Z</time>
   </trkpt>
   <trkpt lat="62.4817030" lon="8.1286610">
    <ele>147.0</ele>
    <time>2025-07-08T13:40:20Z</time>
   </trkpt>
   <trkpt lat="62.4817090" lon="8.1287040">
    <ele>146.6</ele>
    <time>2025-07-08T13:40:21Z</time>
   </trkpt>
   <trkpt lat="62.4817160" lon="8.1287200">
    <ele>146.4</ele>
    <time>2025-07-08T13:40:22Z</time>
   </trkpt>
   <trkpt lat="62.4817220" lon="8.1287360">
    <ele>146.2</ele>
    <time>2025-07-08T13:40:23Z</time>
   </trkpt>
   <trkpt lat="62.4817370" lon="8.1287720">
    <ele>145.8</ele>
    <time>2025-07-08T13:40:24Z</time>
   </trkpt>
   <trkpt lat="62.4817440" lon="8.1287860">
    <ele>145.6</ele>
    <time>2025-07-08T13:40:25Z</time>
   </trkpt>
   <trkpt lat="62.4817500" lon="8.1288010">
    <ele>145.5</ele>
    <time>2025-07-08T13:40:26Z</time>
   </trkpt>
   <trkpt lat="62.4817560" lon="8.1288260">
    <ele>145.2</ele>
    <time>2025-07-08T13:40:27Z</time>
   </trkpt>
   <trkpt lat="62.4817640" lon="8.1288540">
    <ele>145.0</ele>
    <time>2025-07-08T13:40:28Z</time>
   </trkpt>
   <trkpt lat="62.4817670" lon="8.1288810">
    <ele>144.8</ele>
    <time>2025-07-08T13:40:29Z</time>
   </trkpt>
   <trkpt lat="62.4817770" lon="8.1289060">
    <ele>144.6</ele>
    <time>2025-07-08T13:40:30Z</time>
   </trkpt>
   <trkpt lat="62.4818020" lon="8.1289360">
    <ele>144.1</ele>
    <time>2025-07-08T13:40:31Z</time>
   </trkpt>
   <trkpt lat="62.4818100" lon="8.1289490">
    <ele>144.0</ele>
    <time>2025-07-08T13:40:32Z</time>
   </trkpt>
   <trkpt lat="62.4818210" lon="8.1289740">
    <ele>143.8</ele>
    <time>2025-07-08T13:40:33Z</time>
   </trkpt>
   <trkpt lat="62.4818340" lon="8.1289950">
    <ele>143.6</ele>
    <time>2025-07-08T13:40:34Z</time>
   </trkpt>
   <trkpt lat="62.4818420" lon="8.1290220">
    <ele>143.4</ele>
    <time>2025-07-08T13:40:35Z</time>
   </trkpt>
   <trkpt lat="62.4818490" lon="8.1290530">
    <ele>143.2</ele>
    <time>2025-07-08T13:40:36Z</time>
   </trkpt>
   <trkpt lat="62.4818640" lon="8.1290750">
    <ele>143.0</ele>
    <time>2025-07-08T13:40:37Z</time>
   </trkpt>
   <trkpt lat="62.4818780" lon="8.1290940">
    <ele>142.9</ele>
    <time>2025-07-08T13:40:38Z</time>
   </trkpt>
   <trkpt lat="62.4818900" lon="8.1291180">
    <ele>142.7</ele>
    <time>2025-07-08T13:40:39Z</time>
   </trkpt>
   <trkpt lat="62.4819030" lon="8.1291410">
    <ele>142.5</ele>
    <time>2025-07-08T13:40:40Z</time>
   </trkpt>
   <trkpt lat="62.4819150" lon="8.1291690">
    <ele>142.4</ele>
    <time>2025-07-08T13:40:41Z</time>
   </trkpt>
   <trkpt lat="62.4819230" lon="8.1291950">
    <ele>142.3</ele>
    <time>2025-07-08T13:40:42Z</time>
   </trkpt>
   <trkpt lat="62.4819270" lon="8.1292280">
    <ele>142.1</ele>
    <time>2025-07-08T13:40:43Z</time>
   </trkpt>
   <trkpt lat="62.4819380" lon="8.1292580">
    <ele>142.0</ele>
    <time>2025-07-08T13:40:44Z</time>
   </trkpt>
   <trkpt lat="62.4819510" lon="8.1292840">
    <ele>141.8</ele>
    <time>2025-07-08T13:40:45Z</time>
   </trkpt>
   <trkpt lat="62.4819620" lon="8.1293120">
    <ele>141.6</ele>
    <time>2025-07-08T13:40:46Z</time>
   </trkpt>
   <trkpt lat="62.4819730" lon="8.1293390">
    <ele>141.5</ele>
    <time>2025-07-08T13:40:47Z</time>
   </trkpt>
   <trkpt lat="62.4819830" lon="8.1293650">
    <ele>141.4</ele>
    <time>2025-07-08T13:40:48Z</time>
   </trkpt>
   <trkpt lat="62.4819920" lon="8.1293900">
    <ele>141.2</ele>
    <time>2025-07-08T13:40:49Z</time>
   </trkpt>
   <trkpt lat="62.4820070" lon="8.1294060">
    <ele>141.1</ele>
    <time>2025-07-08T13:40:50Z</time>
   </trkpt>
   <trkpt lat="62.4820200" lon="8.1294340">
    <ele>140.9</ele>
    <time>2025-07-08T13:40:51Z</time>
   </trkpt>
   <trkpt lat="62.4820280" lon="8.1294620">
    <ele>140.8</ele>
    <time>2025-07-08T13:40:52Z</time>
   </trkpt>
   <trkpt lat="62.4820390" lon="8.1294880">
    <ele>140.6</ele>
    <time>2025-07-08T13:40:53Z</time>
   </trkpt>
   <trkpt lat="62.4820480" lon="8.1295100">
    <ele>140.5</ele>
    <time>2025-07-08T13:40:54Z</time>
   </trkpt>
   <trkpt lat="62.4820610" lon="8.1295410">
    <ele>140.4</ele>
    <time>2025-07-08T13:40:55Z</time>
   </trkpt>
   <trkpt lat="62.4820690" lon="8.1295520">
    <ele>140.3</ele>
    <time>2025-07-08T13:40:56Z</time>
   </trkpt>
   <trkpt lat="62.4820760" lon="8.1295620">
    <ele>140.2</ele>
    <time>2025-07-08T13:40:57Z</time>
   </trkpt>
   <trkpt lat="62.4820890" lon="8.1295800">
    <ele>140.1</ele>
    <time>2025-07-08T13:40:58Z</time>
   </trkpt>
   <trkpt lat="62.4820970" lon="8.1296070">
    <ele>139.9</ele>
    <time>2025-07-08T13:40:59Z</time>
   </trkpt>
   <trkpt lat="62.4821050" lon="8.1296330">
    <ele>139.8</ele>
    <time>2025-07-08T13:41:00Z</time>
   </trkpt>
   <trkpt lat="62.4821140" lon="8.1296520">
    <ele>139.7</ele>
    <time>2025-07-08T13:41:01Z</time>
   </trkpt>
   <trkpt lat="62.4821220" lon="8.1296740">
    <ele>139.6</ele>
    <time>2025-07-08T13:41:02Z</time>
   </trkpt>
   <trkpt lat="62.4821320" lon="8.1296990">
    <ele>139.4</ele>
    <time>2025-07-08T13:41:03Z</time>
   </trkpt>
   <trkpt lat="62.4821440" lon="8.1297240">
    <ele>139.3</ele>
    <time>2025-07-08T13:41:04Z</time>
   </trkpt>
   <trkpt lat="62.4821570" lon="8.1297450">
    <ele>139.1</ele>
    <time>2025-07-08T13:41:05Z</time>
   </trkpt>
   <trkpt lat="62.4821720" lon="8.1297770">
    <ele>138.9</ele>
    <time>2025-07-08T13:41:06Z</time>
   </trkpt>
   <trkpt lat="62.4821790" lon="8.1297880">
    <ele>138.8</ele>
    <time>2025-07-08T13:41:07Z</time>
   </trkpt>
   <trkpt lat="62.4821850" lon="8.1297990">
    <ele>138.7</ele>
    <time>2025-07-08T13:41:08Z</time>
   </trkpt>
   <trkpt lat="62.4821980" lon="8.1298210">
    <ele>138.6</ele>
    <time>2025-07-08T13:41:09Z</time>
   </trkpt>
   <trkpt lat="62.4822100" lon="8.1298390">
    <ele>138.4</ele>
    <time>2025-07-08T13:41:10Z</time>
   </trkpt>
   <trkpt lat="62.4822160" lon="8.1298600">
    <ele>138.3</ele>
    <time>2025-07-08T13:41:11Z</time>
   </trkpt>
   <trkpt lat="62.4822190" lon="8.1298830">
    <ele>138.1</ele>
    <time>2025-07-08T13:41:12Z</time>
   </trkpt>
   <trkpt lat="62.4822210" lon="8.1299110">
    <ele>137.9</ele>
    <time>2025-07-08T13:41:14Z</time>
   </trkpt>
   <trkpt lat="62.4822220" lon="8.1299390">
    <ele>137.8</ele>
    <time>2025-07-08T13:41:15Z</time>
   </trkpt>
   <trkpt lat="62.4822270" lon="8.1299720">
    <ele>137.6</ele>
    <time>2025-07-08T13:41:16Z</time>
   </trkpt>
   <trkpt lat="62.4822300" lon="8.1300030">
    <ele>137.4</ele>
    <time>2025-07-08T13:41:17Z</time>
   </trkpt>
   <trkpt lat="62.4822290" lon="8.1300340">
    <ele>137.2</ele>
    <time>2025-07-08T13:41:18Z</time>
   </trkpt>
   <trkpt lat="62.4822240" lon="8.1300640">
    <ele>137.0</ele>
    <time>2025-07-08T13:41:19Z</time>
   </trkpt>
   <trkpt lat="62.4822250" lon="8.1300950">
    <ele>136.7</ele>
    <time>2025-07-08T13:41:20Z</time>
   </trkpt>
   <trkpt lat="62.4822280" lon="8.1301250">
    <ele>136.5</ele>
    <time>2025-07-08T13:41:21Z</time>
   </trkpt>
   <trkpt lat="62.4822410" lon="8.1301570">
    <ele>136.2</ele>
    <time>2025-07-08T13:41:22Z</time>
   </trkpt>
   <trkpt lat="62.4822510" lon="8.1301830">
    <ele>136.0</ele>
    <time>2025-07-08T13:41:23Z</time>
   </trkpt>
   <trkpt lat="62.4822630" lon="8.1302040">
    <ele>135.7</ele>
    <time>2025-07-08T13:41:24Z</time>
   </trkpt>
   <trkpt lat="62.4822780" lon="8.1302170">
    <ele>135.4</ele>
    <time>2025-07-08T13:41:25Z</time>
   </trkpt>
   <trkpt lat="62.4822950" lon="8.1302330">
    <ele>135.1</ele>
    <time>2025-07-08T13:41:26Z</time>
   </trkpt>
   <trkpt lat="62.4823090" lon="8.1302450">
    <ele>134.8</ele>
    <time>2025-07-08T13:41:27Z</time>
   </trkpt>
   <trkpt lat="62.4823210" lon="8.1302690">
    <ele>134.5</ele>
    <time>2025-07-08T13:41:28Z</time>
   </trkpt>
   <trkpt lat="62.4823330" lon="8.1302930">
    <ele>134.3</ele>
    <time>2025-07-08T13:41:29Z</time>
   </trkpt>
   <trkpt lat="62.4823430" lon="8.1303130">
    <ele>134.0</ele>
    <time>2025-07-08T13:41:30Z</time>
   </trkpt>
   <trkpt lat="62.4823570" lon="8.1303200">
    <ele>133.8</ele>
    <time>2025-07-08T13:41:31Z</time>
   </trkpt>
   <trkpt lat="62.4823680" lon="8.1303300">
    <ele>133.5</ele>
    <time>2025-07-08T13:41:32Z</time>
   </trkpt>
   <trkpt lat="62.4823770" lon="8.1303420">
    <ele>133.3</ele>
    <time>2025-07-08T13:41:33Z</time>
   </trkpt>
   <trkpt lat="62.4823870" lon="8.1303600">
    <ele>133.1</ele>
    <time>2025-07-08T13:41:34Z</time>
   </trkpt>
   <trkpt lat="62.4823960" lon="8.1303720">
    <ele>132.9</ele>
    <time>2025-07-08T13:41:35Z</time>
   </trkpt>
   <trkpt lat="62.4824060" lon="8.1303840">
    <ele>132.7</ele>
    <time>2025-07-08T13:41:36Z</time>
   </trkpt>
   <trkpt lat="62.4824210" lon="8.1303860">
    <ele>132.5</ele>
    <time>2025-07-08T13:41:37Z</time>
   </trkpt>
   <trkpt lat="62.4824350" lon="8.1303930">
    <ele>132.3</ele>
    <time>2025-07-08T13:41:38Z</time>
   </trkpt>
   <trkpt lat="62.4824560" lon="8.1304080">
    <ele>131.9</ele>
    <time>2025-07-08T13:41:39Z</time>
   </trkpt>
   <trkpt lat="62.4824640" lon="8.1304130">
    <ele>131.8</ele>
    <time>2025-07-08T13:41:40Z</time>
   </trkpt>
   <trkpt lat="62.4824730" lon="8.1304190">
    <ele>131.7</ele>
    <time>2025-07-08T13:41:41Z</time>
   </trkpt>
   <trkpt lat="62.4824870" lon="8.1304320">
    <ele>131.4</ele>
    <time>2025-07-08T13:41:42Z</time>
   </trkpt>
   <trkpt lat="62.4825020" lon="8.1304420">
    <ele>131.2</ele>
    <time>2025-07-08T13:41:43Z</time>
   </trkpt>
   <trkpt lat="62.4825140" lon="8.1304550">
    <ele>131.0</ele>
    <time>2025-07-08T13:41:44Z</time>
   </trkpt>
   <trkpt lat="62.4825250" lon="8.1304650">
    <ele>130.9</ele>
    <time>2025-07-08T13:41:45Z</time>
   </trkpt>
   <trkpt lat="62.4825330" lon="8.1304750">
    <ele>130.8</ele>
    <time>2025-07-08T13:41:46Z</time>
   </trkpt>
   <trkpt lat="62.4825410" lon="8.1305090">
    <ele>130.6</ele>
    <time>2025-07-08T13:41:47Z</time>
   </trkpt>
   <trkpt lat="62.4825450" lon="8.1305270">
    <ele>130.5</ele>
    <time>2025-07-08T13:41:48Z</time>
   </trkpt>
   <trkpt lat="62.4825500" lon="8.1305460">
    <ele>130.4</ele>
    <time>2025-07-08T13:41:49Z</time>
   </trkpt>
   <trkpt lat="62.4825650" lon="8.1305650">
    <ele>130.2</ele>
    <time>2025-07-08T13:41:50Z</time>
   </trkpt>
   <trkpt lat="62.4825820" lon="8.1305790">
    <ele>130.0</ele>
    <time>2025-07-08T13:41:51Z</time>
   </trkpt>
   <trkpt lat="62.4826190" lon="8.1306160">
    <ele>129.6</ele>
    <time>2025-07-08T13:41:52Z</time>
   </trkpt>
   <trkpt lat="62.4826470" lon="8.1306340">
    <ele>129.4</ele>
    <time>2025-07-08T13:41:53Z</time>
   </trkpt>
   <trkpt lat="62.4826550" lon="8.1306430">
    <ele>129.3</ele>
    <time>2025-07-08T13:41:54Z</time>
   </trkpt>
   <trkpt lat="62.4826850" lon="8.1306660">
    <ele>129.0</ele>
    <time>2025-07-08T13:41:55Z</time>
   </trkpt>
   <trkpt lat="62.4826930" lon="8.1306770">
    <ele>128.9</ele>
    <time>2025-07-08T13:41:56Z</time>
   </trkpt>
   <trkpt lat="62.4827040" lon="8.1307050">
    <ele>128.8</ele>
    <time>2025-07-08T13:41:57Z</time>
   </trkpt>
   <trkpt lat="62.4827090" lon="8.1307420">
    <ele>128.6</ele>
    <time>2025-07-08T13:41:58Z</time>
   </trkpt>
   <trkpt lat="62.4827090" lon="8.1307780">
    <ele>128.5</ele>
    <time>2025-07-08T13:41:59Z</time>
   </trkpt>
   <trkpt lat="62.4827180" lon="8.1308100">
    <ele>128.3</ele>
    <time>2025-07-08T13:42:00Z</time>
   </trkpt>
   <trkpt lat="62.4827300" lon="8.1308390">
    <ele>128.2</ele>
    <time>2025-07-08T13:42:01Z</time>
   </trkpt>
   <trkpt lat="62.4827420" lon="8.1308620">
    <ele>128.0</ele>
    <time>2025-07-08T13:42:02Z</time>
   </trkpt>
   <trkpt lat="62.4827480" lon="8.1308910">
    <ele>127.9</ele>
    <time>2025-07-08T13:42:03Z</time>
   </trkpt>
   <trkpt lat="62.4827600" lon="8.1309160">
    <ele>127.7</ele>
    <time>2025-07-08T13:42:04Z</time>
   </trkpt>
   <trkpt lat="62.4827700" lon="8.1309410">
    <ele>127.6</ele>
    <time>2025-07-08T13:42:05Z</time>
   </trkpt>
   <trkpt lat="62.4827840" lon="8.1309610">
    <ele>127.4</ele>
    <time>2025-07-08T13:42:06Z</time>
   </trkpt>
   <trkpt lat="62.4827960" lon="8.1309820">
    <ele>127.2</ele>
    <time>2025-07-08T13:42:07Z</time>
   </trkpt>
   <trkpt lat="62.4828040" lon="8.1310090">
    <ele>127.1</ele>
    <time>2025-07-08T13:42:08Z</time>
   </trkpt>
   <trkpt lat="62.4828110" lon="8.1310360">
    <ele>126.9</ele>
    <time>2025-07-08T13:42:09Z</time>
   </trkpt>
   <trkpt lat="62.4828250" lon="8.1310560">
    <ele>126.8</ele>
    <time>2025-07-08T13:42:10Z</time>
   </trkpt>
   <trkpt lat="62.4828350" lon="8.1310780">
    <ele>126.6</ele>
    <time>2025-07-08T13:42:11Z</time>
   </trkpt>
   <trkpt lat="62.4828430" lon="8.1311090">
    <ele>126.5</ele>
    <time>2025-07-08T13:42:12Z</time>
   </trkpt>
   <trkpt lat="62.4828540" lon="8.1311350">
    <ele>126.3</ele>
    <time>2025-07-08T13:42:13Z</time>
   </trkpt>
   <trkpt lat="62.4828660" lon="8.1311500">
    <ele>126.2</ele>
    <time>2025-07-08T13:42:14Z</time>
   </trkpt>
   <trkpt lat="62.4828780" lon="8.1311860">
    <ele>126.0</ele>
    <time>2025-07-08T13:42:15Z</time>
   </trkpt>
   <trkpt lat="62.4828800" lon="8.1312020">
    <ele>125.9</ele>
    <time>2025-07-08T13:42:16Z</time>
   </trkpt>
   <trkpt lat="62.4828830" lon="8.1312190">
    <ele>125.9</ele>
    <time>2025-07-08T13:42:17Z</time>
   </trkpt>
   <trkpt lat="62.4828890" lon="8.1312460">
    <ele>125.7</ele>
    <time>2025-07-08T13:42:18Z</time>
   </trkpt>
   <trkpt lat="62.4829030" lon="8.1312630">
    <ele>125.6</ele>
    <time>2025-07-08T13:42:19Z</time>
   </trkpt>
   <trkpt lat="62.4829280" lon="8.1312910">
    <ele>125.3</ele>
    <time>2025-07-08T13:42:20Z</time>
   </trkpt>
   <trkpt lat="62.4829360" lon="8.1313010">
    <ele>125.2</ele>
    <time>2025-07-08T13:42:21Z</time>
   </trkpt>
   <trkpt lat="62.4829600" lon="8.1313280">
    <ele>125.0</ele>
    <time>2025-07-08T13:42:22Z</time>
   </trkpt>
   <trkpt lat="62.4829680" lon="8.1313400">
    <ele>124.9</ele>
    <time>2025-07-08T13:42:23Z</time>
   </trkpt>
   <trkpt lat="62.4829850" lon="8.1313560">
    <ele>124.7</ele>
    <time>2025-07-08T13:42:24Z</time>
   </trkpt>
   <trkpt lat="62.4830000" lon="8.1313750">
    <ele>124.5</ele>
    <time>2025-07-08T13:42:25Z</time>
   </trkpt>
   <trkpt lat="62.4830160" lon="8.1313950">
    <ele>124.3</ele>
    <time>2025-07-08T13:42:26Z</time>
   </trkpt>
   <trkpt lat="62.4830270" lon="8.1314200">
    <ele>124.2</ele>
    <time>2025-07-08T13:42:27Z</time>
   </trkpt>
   <trkpt lat="62.4830370" lon="8.1314410">
    <ele>124.0</ele>
    <time>2025-07-08T13:42:28Z</time>
   </trkpt>
   <trkpt lat="62.4830510" lon="8.1314620">
    <ele>123.9</ele>
    <time>2025-07-08T13:42:29Z</time>
   </trkpt>
   <trkpt lat="62.4830630" lon="8.1314850">
    <ele>123.8</ele>
    <time>2025-07-08T13:42:30Z</time>
   </trkpt>
   <trkpt lat="62.4830730" lon="8.1315070">
    <ele>123.6</ele>
    <time>2025-07-08T13:42:31Z</time>
   </trkpt>
   <trkpt lat="62.4830830" lon="8.1315280">
    <ele>123.5</ele>
    <time>2025-07-08T13:42:32Z</time>
   </trkpt>
   <trkpt lat="62.4830950" lon="8.1315460">
    <ele>123.4</ele>
    <time>2025-07-08T13:42:33Z</time>
   </trkpt>
   <trkpt lat="62.4831100" lon="8.1315600">
    <ele>123.3</ele>
    <time>2025-07-08T13:42:34Z</time>
   </trkpt>
   <trkpt lat="62.4831190" lon="8.1315840">
    <ele>123.2</ele>
    <time>2025-07-08T13:42:35Z</time>
   </trkpt>
   <trkpt lat="62.4831300" lon="8.1316070">
    <ele>123.1</ele>
    <time>2025-07-08T13:42:36Z</time>
   </trkpt>
   <trkpt lat="62.4831430" lon="8.1316220">
    <ele>122.9</ele>
    <time>2025-07-08T13:42:37Z</time>
   </trkpt>
   <trkpt lat="62.4831490" lon="8.1316490">
    <ele>122.8</ele>
    <time>2025-07-08T13:42:38Z</time>
   </trkpt>
   <trkpt lat="62.4831610" lon="8.1316720">
    <ele>122.7</ele>
    <time>2025-07-08T13:42:39Z</time>
   </trkpt>
   <trkpt lat="62.4831750" lon="8.1316920">
    <ele>122.6</ele>
    <time>2025-07-08T13:42:40Z</time>
   </trkpt>
   <trkpt lat="62.4831860" lon="8.1317180">
    <ele>122.4</ele>
    <time>2025-07-08T13:42:41Z</time>
   </trkpt>
   <trkpt lat="62.4831920" lon="8.1317510">
    <ele>122.3</ele>
    <time>2025-07-08T13:42:42Z</time>
   </trkpt>
   <trkpt lat="62.4832010" lon="8.1317740">
    <ele>122.2</ele>
    <time>2025-07-08T13:42:43Z</time>
   </trkpt>
   <trkpt lat="62.4832140" lon="8.1317910">
    <ele>122.0</ele>
    <time>2025-07-08T13:42:44Z</time>
   </trkpt>
   <trkpt lat="62.4832250" lon="8.1318030">
    <ele>121.9</ele>
    <time>2025-07-08T13:42:45Z</time>
   </trkpt>
   <trkpt lat="62.4832390" lon="8.1318120">
    <ele>121.8</ele>
    <time>2025-07-08T13:42:46Z</time>
   </trkpt>
   <trkpt lat="62.4832540" lon="8.1317990">
    <ele>121.7</ele>
    <time>2025-07-08T13:42:47Z</time>
   </trkpt>
   <trkpt lat="62.4832790" lon="8.1317670">
    <ele>121.4</ele>
    <time>2025-07-08T13:42:48Z</time>
   </trkpt>
   <trkpt lat="62.4832860" lon="8.1317590">
    <ele>121.3</ele>
    <time>2025-07-08T13:42:49Z</time>
   </trkpt>
   <trkpt lat="62.4832990" lon="8.1317490">
    <ele>121.2</ele>
    <time>2025-07-08T13:42:50Z</time>
   </trkpt>
   <trkpt lat="62.4833160" lon="8.1317560">
    <ele>121.1</ele>
    <time>2025-07-08T13:42:51Z</time>
   </trkpt>
   <trkpt lat="62.4833320" lon="8.1317680">
    <ele>121.0</ele>
    <time>2025-07-08T13:42:52Z</time>
   </trkpt>
   <trkpt lat="62.4833470" lon="8.1317500">
    <ele>120.9</ele>
    <time>2025-07-08T13:42:53Z</time>
   </trkpt>
   <trkpt lat="62.4833600" lon="8.1317350">
    <ele>120.8</ele>
    <time>2025-07-08T13:42:54Z</time>
   </trkpt>
   <trkpt lat="62.4833740" lon="8.1317370">
    <ele>120.7</ele>
    <time>2025-07-08T13:42:55Z</time>
   </trkpt>
   <trkpt lat="62.4833900" lon="8.1317320">
    <ele>120.6</ele>
    <time>2025-07-08T13:42:56Z</time>
   </trkpt>
   <trkpt lat="62.4834010" lon="8.1317180">
    <ele>120.6</ele>
    <time>2025-07-08T13:42:57Z</time>
   </trkpt>
   <trkpt lat="62.4834140" lon="8.1317050">
    <ele>120.5</ele>
    <time>2025-07-08T13:42:58Z</time>
   </trkpt>
   <trkpt lat="62.4834280" lon="8.1317160">
    <ele>120.5</ele>
    <time>2025-07-08T13:42:59Z</time>
   </trkpt>
   <trkpt lat="62.4834380" lon="8.1317310">
    <ele>120.4</ele>
    <time>2025-07-08T13:43:00Z</time>
   </trkpt>
   <trkpt lat="62.4834510" lon="8.1317350">
    <ele>120.3</ele>
    <time>2025-07-08T13:43:01Z</time>
   </trkpt>
   <trkpt lat="62.4834590" lon="8.1317340">
    <ele>120.3</ele>
    <time>2025-07-08T13:43:02Z</time>
   </trkpt>
   <trkpt lat="62.4834780" lon="8.1317420">
    <ele>120.2</ele>
    <time>2025-07-08T13:43:03Z</time>
   </trkpt>
   <trkpt lat="62.4834880" lon="8.1317440">
    <ele>120.2</ele>
    <time>2025-07-08T13:43:04Z</time>
   </trkpt>
   <trkpt lat="62.4834980" lon="8.1317470">
    <ele>120.1</ele>
    <time>2025-07-08T13:43:05Z</time>
   </trkpt>
   <trkpt lat="62.4835070" lon="8.1317550">
    <ele>120.1</ele>
    <time>2025-07-08T13:43:06Z</time>
   </trkpt>
   <trkpt lat="62.4835190" lon="8.1317570">
    <ele>120.0</ele>
    <time>2025-07-08T13:43:07Z</time>
   </trkpt>
   <trkpt lat="62.4835330" lon="8.1317610">
    <ele>119.9</ele>
    <time>2025-07-08T13:43:08Z</time>
   </trkpt>
   <trkpt lat="62.4835450" lon="8.1317730">
    <ele>119.9</ele>
    <time>2025-07-08T13:43:09Z</time>
   </trkpt>
   <trkpt lat="62.4835560" lon="8.1317950">
    <ele>119.8</ele>
    <time>2025-07-08T13:43:10Z</time>
   </trkpt>
   <trkpt lat="62.4835650" lon="8.1318180">
    <ele>119.7</ele>
    <time>2025-07-08T13:43:11Z</time>
   </trkpt>
   <trkpt lat="62.4835790" lon="8.1318360">
    <ele>119.6</ele>
    <time>2025-07-08T13:43:12Z</time>
   </trkpt>
   <trkpt lat="62.4835940" lon="8.1318540">
    <ele>119.4</ele>
    <time>2025-07-08T13:43:13Z</time>
   </trkpt>
   <trkpt lat="62.4836090" lon="8.1318660">
    <ele>119.3</ele>
    <time>2025-07-08T13:43:14Z</time>
   </trkpt>
   <trkpt lat="62.4836280" lon="8.1318880">
    <ele>119.1</ele>
    <time>2025-07-08T13:43:15Z</time>
   </trkpt>
   <trkpt lat="62.4836360" lon="8.1318960">
    <ele>119.1</ele>
    <time>2025-07-08T13:43:16Z</time>
   </trkpt>
   <trkpt lat="62.4836440" lon="8.1319030">
    <ele>119.0</ele>
    <time>2025-07-08T13:43:17Z</time>
   </trkpt>
   <trkpt lat="62.4836630" lon="8.1319210">
    <ele>118.9</ele>
    <time>2025-07-08T13:43:18Z</time>
   </trkpt>
   <trkpt lat="62.4836700" lon="8.1319320">
    <ele>118.8</ele>
    <time>2025-07-08T13:43:20Z</time>
   </trkpt>
   <trkpt lat="62.4836780" lon="8.1319420">
    <ele>118.7</ele>
    <time>2025-07-08T13:43:21Z</time>
   </trkpt>
   <trkpt lat="62.4836870" lon="8.1319530">
    <ele>118.6</ele>
    <time>2025-07-08T13:43:22Z</time>
   </trkpt>
   <trkpt lat="62.4837000" lon="8.1319830">
    <ele>118.5</ele>
    <time>2025-07-08T13:43:23Z</time>
   </trkpt>
   <trkpt lat="62.4837130" lon="8.1319990">
    <ele>118.4</ele>
    <time>2025-07-08T13:43:24Z</time>
   </trkpt>
   <trkpt lat="62.4837230" lon="8.1320200">
    <ele>118.3</ele>
    <time>2025-07-08T13:43:25Z</time>
   </trkpt>
   <trkpt lat="62.4837360" lon="8.1320340">
    <ele>118.1</ele>
    <time>2025-07-08T13:43:26Z</time>
   </trkpt>
   <trkpt lat="62.4837510" lon="8.1320490">
    <ele>118.0</ele>
    <time>2025-07-08T13:43:27Z</time>
   </trkpt>
   <trkpt lat="62.4837650" lon="8.1320650">
    <ele>117.9</ele>
    <time>2025-07-08T13:43:28Z</time>
   </trkpt>
   <trkpt lat="62.4837750" lon="8.1320850">
    <ele>117.8</ele>
    <time>2025-07-08T13:43:29Z</time>
   </trkpt>
   <trkpt lat="62.4837900" lon="8.1320970">
    <ele>117.6</ele>
    <time>2025-07-08T13:43:30Z</time>
   </trkpt>
   <trkpt lat="62.4838050" lon="8.1321000">
    <ele>117.5</ele>
    <time>2025-07-08T13:43:31Z</time>
   </trkpt>
   <trkpt lat="62.4838250" lon="8.1321160">
    <ele>117.3</ele>
    <time>2025-07-08T13:43:32Z</time>
   </trkpt>
   <trkpt lat="62.4838350" lon="8.1321230">
    <ele>117.3</ele>
    <time>2025-07-08T13:43:33Z</time>
   </trkpt>
   <trkpt lat="62.4838440" lon="8.1321300">
    <ele>117.2</ele>
    <time>2025-07-08T13:43:34Z</time>
   </trkpt>
   <trkpt lat="62.4838590" lon="8.1321430">
    <ele>117.0</ele>
    <time>2025-07-08T13:43:35Z</time>
   </trkpt>
   <trkpt lat="62.4838760" lon="8.1321540">
    <ele>116.9</ele>
    <time>2025-07-08T13:43:36Z</time>
   </trkpt>
   <trkpt lat="62.4838900" lon="8.1321720">
    <ele>116.7</ele>
    <time>2025-07-08T13:43:37Z</time>
   </trkpt>
   <trkpt lat="62.4839050" lon="8.1321820">
    <ele>116.6</ele>
    <time>2025-07-08T13:43:38Z</time>
   </trkpt>
   <trkpt lat="62.4839200" lon="8.1321980">
    <ele>116.5</ele>
    <time>2025-07-08T13:43:39Z</time>
   </trkpt>
   <trkpt lat="62.4839380" lon="8.1322110">
    <ele>116.3</ele>
    <time>2025-07-08T13:43:40Z</time>
   </trkpt>
   <trkpt lat="62.4839550" lon="8.1322260">
    <ele>116.1</ele>
    <time>2025-07-08T13:43:41Z</time>
   </trkpt>
   <trkpt lat="62.4839710" lon="8.1322400">
    <ele>116.0</ele>
    <time>2025-07-08T13:43:42Z</time>
   </trkpt>
   <trkpt lat="62.4839870" lon="8.1322550">
    <ele>115.8</ele>
    <time>2025-07-08T13:43:43Z</time>
   </trkpt>
   <trkpt lat="62.4840020" lon="8.1322680">
    <ele>115.6</ele>
    <time>2025-07-08T13:43:44Z</time>
   </trkpt>
   <trkpt lat="62.4840140" lon="8.1322870">
    <ele>115.5</ele>
    <time>2025-07-08T13:43:45Z</time>
   </trkpt>
   <trkpt lat="62.4840270" lon="8.1323080">
    <ele>115.3</ele>
    <time>2025-07-08T13:43:46Z</time>
   </trkpt>
   <trkpt lat="62.4840400" lon="8.1323200">
    <ele>115.1</ele>
    <time>2025-07-08T13:43:47Z</time>
   </trkpt>
   <trkpt lat="62.4840530" lon="8.1323320">
    <ele>115.0</ele>
    <time>2025-07-08T13:43:48Z</time>
   </trkpt>
   <trkpt lat="62.4840670" lon="8.1323360">
    <ele>114.8</ele>
    <time>2025-07-08T13:43:49Z</time>
   </trkpt>
   <trkpt lat="62.4840810" lon="8.1323460">
    <ele>114.6</ele>
    <time>2025-07-08T13:43:50Z</time>
   </trkpt>
   <trkpt lat="62.4840920" lon="8.1323630">
    <ele>114.4</ele>
    <time>2025-07-08T13:43:51Z</time>
   </trkpt>
   <trkpt lat="62.4841020" lon="8.1323840">
    <ele>114.3</ele>
    <time>2025-07-08T13:43:52Z</time>
   </trkpt>
   <trkpt lat="62.4841150" lon="8.1323950">
    <ele>114.1</ele>
    <time>2025-07-08T13:43:53Z</time>
   </trkpt>
   <trkpt lat="62.4841240" lon="8.1324050">
    <ele>114.0</ele>
    <time>2025-07-08T13:43:54Z</time>
   </trkpt>
   <trkpt lat="62.4841330" lon="8.1324130">
    <ele>113.8</ele>
    <time>2025-07-08T13:43:55Z</time>
   </trkpt>
   <trkpt lat="62.4841390" lon="8.1324280">
    <ele>113.7</ele>
    <time>2025-07-08T13:43:56Z</time>
   </trkpt>
   <trkpt lat="62.4841470" lon="8.1324390">
    <ele>113.6</ele>
    <time>2025-07-08T13:43:57Z</time>
   </trkpt>
   <trkpt lat="62.4841560" lon="8.1324550">
    <ele>113.4</ele>
    <time>2025-07-08T13:43:58Z</time>
   </trkpt>
   <trkpt lat="62.4841630" lon="8.1324750">
    <ele>113.3</ele>
    <time>2025-07-08T13:43:59Z</time>
   </trkpt>
   <trkpt lat="62.4841680" lon="8.1325010">
    <ele>113.1</ele>
    <time>2025-07-08T13:44:00Z</time>
   </trkpt>
   <trkpt lat="62.4841770" lon="8.1325130">
    <ele>113.0</ele>
    <time>2025-07-08T13:44:01Z</time>
   </trkpt>
   <trkpt lat="62.4841980" lon="8.1325550">
    <ele>112.6</ele>
    <time>2025-07-08T13:44:02Z</time>
   </trkpt>
   <trkpt lat="62.4842070" lon="8.1325760">
    <ele>112.4</ele>
    <time>2025-07-08T13:44:03Z</time>
   </trkpt>
   <trkpt lat="62.4842150" lon="8.1325980">
    <ele>112.2</ele>
    <time>2025-07-08T13:44:04Z</time>
   </trkpt>
   <trkpt lat="62.4842300" lon="8.1326130">
    <ele>112.0</ele>
    <time>2025-07-08T13:44:05Z</time>
   </trkpt>
   <trkpt lat="62.4842410" lon="8.1326380">
    <ele>111.8</ele>
    <time>2025-07-08T13:44:06Z</time>
   </trkpt>
   <trkpt lat="62.4842490" lon="8.1326760">
    <ele>111.6</ele>
    <time>2025-07-08T13:44:07Z</time>
   </trkpt>
   <trkpt lat="62.4842710" lon="8.1327060">
    <ele>111.3</ele>
    <time>2025-07-08T13:44:08Z</time>
   </trkpt>
   <trkpt lat="62.4842810" lon="8.1327130">
    <ele>111.2</ele>
    <time>2025-07-08T13:44:09Z</time>
   </trkpt>
   <trkpt lat="62.4842930" lon="8.1327370">
    <ele>111.1</ele>
    <time>2025-07-08T13:44:10Z</time>
   </trkpt>
   <trkpt lat="62.4843090" lon="8.1327610">
    <ele>110.9</ele>
    <time>2025-07-08T13:44:11Z</time>
   </trkpt>
   <trkpt lat="62.4843180" lon="8.1327880">
    <ele>110.8</ele>
    <time>2025-07-08T13:44:12Z</time>
   </trkpt>
   <trkpt lat="62.4843290" lon="8.1328260">
    <ele>110.6</ele>
    <time>2025-07-08T13:44:13Z</time>
   </trkpt>
   <trkpt lat="62.4843380" lon="8.1328530">
    <ele>110.4</ele>
    <time>2025-07-08T13:44:14Z</time>
   </trkpt>
   <trkpt lat="62.4843470" lon="8.1328780">
    <ele>110.3</ele>
    <time>2025-07-08T13:44:15Z</time>
   </trkpt>
   <trkpt lat="62.4843680" lon="8.1329150">
    <ele>110.1</ele>
    <time>2025-07-08T13:44:16Z</time>
   </trkpt>
   <trkpt lat="62.4843800" lon="8.1329260">
    <ele>110.0</ele>
    <time>2025-07-08T13:44:17Z</time>
   </trkpt>
   <trkpt lat="62.4843980" lon="8.1329400">
    <ele>109.8</ele>
    <time>2025-07-08T13:44:18Z</time>
   </trkpt>
   <trkpt lat="62.4844120" lon="8.1329550">
    <ele>109.7</ele>
    <time>2025-07-08T13:44:19Z</time>
   </trkpt>
   <trkpt lat="62.4844260" lon="8.1329710">
    <ele>109.5</ele>
    <time>2025-07-08T13:44:20Z</time>
   </trkpt>
   <trkpt lat="62.4844420" lon="8.1329780">
    <ele>109.3</ele>
    <time>2025-07-08T13:44:21Z</time>
   </trkpt>
   <trkpt lat="62.4844550" lon="8.1329920">
    <ele>109.2</ele>
    <time>2025-07-08T13:44:22Z</time>
   </trkpt>
   <trkpt lat="62.4844670" lon="8.1330010">
    <ele>109.1</ele>
    <time>2025-07-08T13:44:23Z</time>
   </trkpt>
   <trkpt lat="62.4844870" lon="8.1330220">
    <ele>108.8</ele>
    <time>2025-07-08T13:44:24Z</time>
   </trkpt>
   <trkpt lat="62.4844960" lon="8.1330350">
    <ele>108.7</ele>
    <time>2025-07-08T13:44:25Z</time>
   </trkpt>
   <trkpt lat="62.4845040" lon="8.1330470">
    <ele>108.6</ele>
    <time>2025-07-08T13:44:26Z</time>
   </trkpt>
   <trkpt lat="62.4845170" lon="8.1330660">
    <ele>108.5</ele>
    <time>2025-07-08T13:44:27Z</time>
   </trkpt>
   <trkpt lat="62.4845310" lon="8.1330700">
    <ele>108.3</ele>
    <time>2025-07-08T13:44:28Z</time>
   </trkpt>
   <trkpt lat="62.4845470" lon="8.1330670">
    <ele>108.2</ele>
    <time>2025-07-08T13:44:29Z</time>
   </trkpt>
   <trkpt lat="62.4845640" lon="8.1330640">
    <ele>108.0</ele>
    <time>2025-07-08T13:44:30Z</time>
   </trkpt>
   <trkpt lat="62.4845860" lon="8.1330770">
    <ele>107.8</ele>
    <time>2025-07-08T13:44:31Z</time>
   </trkpt>
   <trkpt lat="62.4845960" lon="8.1330840">
    <ele>107.7</ele>
    <time>2025-07-08T13:44:32Z</time>
   </trkpt>
   <trkpt lat="62.4846050" lon="8.1330900">
    <ele>107.6</ele>
    <time>2025-07-08T13:44:33Z</time>
   </trkpt>
   <trkpt lat="62.4846190" lon="8.1330910">
    <ele>107.5</ele>
    <time>2025-07-08T13:44:34Z</time>
   </trkpt>
   <trkpt lat="62.4846340" lon="8.1330960">
    <ele>107.4</ele>
    <time>2025-07-08T13:44:35Z</time>
   </trkpt>
   <trkpt lat="62.4846490" lon="8.1330980">
    <ele>107.3</ele>
    <time>2025-07-08T13:44:36Z</time>
   </trkpt>
   <trkpt lat="62.4846640" lon="8.1331030">
    <ele>107.2</ele>
    <time>2025-07-08T13:44:37Z</time>
   </trkpt>
   <trkpt lat="62.4846760" lon="8.1331180">
    <ele>107.1</ele>
    <time>2025-07-08T13:44:38Z</time>
   </trkpt>
   <trkpt lat="62.4846900" lon="8.1331270">
    <ele>107.0</ele>
    <time>2025-07-08T13:44:39Z</time>
   </trkpt>
   <trkpt lat="62.4847100" lon="8.1331530">
    <ele>106.8</ele>
    <time>2025-07-08T13:44:40Z</time>
   </trkpt>
   <trkpt lat="62.4847190" lon="8.1331640">
    <ele>106.8</ele>
    <time>2025-07-08T13:44:41Z</time>
   </trkpt>
   <trkpt lat="62.4847270" lon="8.1331750">
    <ele>106.7</ele>
    <time>2025-07-08T13:44:42Z</time>
   </trkpt>
   <trkpt lat="62.4847410" lon="8.1331780">
    <ele>106.6</ele>
    <time>2025-07-08T13:44:43Z</time>
   </trkpt>
   <trkpt lat="62.4847570" lon="8.1331890">
    <ele>106.5</ele>
    <time>2025-07-08T13:44:44Z</time>
   </trkpt>
   <trkpt lat="62.4847760" lon="8.1331930">
    <ele>106.4</ele>
    <time>2025-07-08T13:44:45Z</time>
   </trkpt>
   <trkpt lat="62.4847900" lon="8.1332020">
    <ele>106.3</ele>
    <time>2025-07-08T13:44:46Z</time>
   </trkpt>
   <trkpt lat="62.4848060" lon="8.1332020">
    <ele>106.2</ele>
    <time>2025-07-08T13:44:47Z</time>
   </trkpt>
   <trkpt lat="62.4848220" lon="8.1332110">
    <ele>106.1</ele>
    <time>2025-07-08T13:44:48Z</time>
   </trkpt>
   <trkpt lat="62.4848410" lon="8.1332260">
    <ele>106.0</ele>
    <time>2025-07-08T13:44:49Z</time>
   </trkpt>
   <trkpt lat="62.4848480" lon="8.1332360">
    <ele>106.0</ele>
    <time>2025-07-08T13:44:50Z</time>
   </trkpt>
   <trkpt lat="62.4848560" lon="8.1332460">
    <ele>105.9</ele>
    <time>2025-07-08T13:44:51Z</time>
   </trkpt>
   <trkpt lat="62.4848710" lon="8.1332590">
    <ele>105.8</ele>
    <time>2025-07-08T13:44:52Z</time>
   </trkpt>
   <trkpt lat="62.4848850" lon="8.1332700">
    <ele>105.8</ele>
    <time>2025-07-08T13:44:53Z</time>
   </trkpt>
   <trkpt lat="62.4848990" lon="8.1333010">
    <ele>105.6</ele>
    <time>2025-07-08T13:44:54Z</time>
   </trkpt>
   <trkpt lat="62.4849050" lon="8.1333160">
    <ele>105.6</ele>
    <time>2025-07-08T13:44:55Z</time>
   </trkpt>
   <trkpt lat="62.4849100" lon="8.1333310">
    <ele>105.5</ele>
    <time>2025-07-08T13:44:56Z</time>
   </trkpt>
   <trkpt lat="62.4849160" lon="8.1333520">
    <ele>105.5</ele>
    <time>2025-07-08T13:44:57Z</time>
   </trkpt>
   <trkpt lat="62.4849180" lon="8.1333740">
    <ele>105.4</ele>
    <time>2025-07-08T13:44:58Z</time>
   </trkpt>
   <trkpt lat="62.4849140" lon="8.1334040">
    <ele>105.3</ele>
    <time>2025-07-08T13:44:59Z</time>
   </trkpt>
   <trkpt lat="62.4849230" lon="8.1334410">
    <ele>105.1</ele>
    <time>2025-07-08T13:45:00Z</time>
   </trkpt>
   <trkpt lat="62.4849280" lon="8.1334580">
    <ele>105.1</ele>
    <time>2025-07-08T13:45:01Z</time>
   </trkpt>
   <trkpt lat="62.4849340" lon="8.1334760">
    <ele>105.0</ele>
    <time>2025-07-08T13:45:02Z</time>
   </trkpt>
   <trkpt lat="62.4849470" lon="8.1335070">
    <ele>104.8</ele>
    <time>2025-07-08T13:45:03Z</time>
   </trkpt>
   <trkpt lat="62.4849570" lon="8.1335340">
    <ele>104.7</ele>
    <time>2025-07-08T13:45:04Z</time>
   </trkpt>
   <trkpt lat="62.4849620" lon="8.1335670">
    <ele>104.5</ele>
    <time>2025-07-08T13:45:05Z</time>
   </trkpt>
   <trkpt lat="62.4849660" lon="8.1335960">
    <ele>104.4</ele>
    <time>2025-07-08T13:45:06Z</time>
   </trkpt>
   <trkpt lat="62.4849810" lon="8.1336160">
    <ele>104.2</ele>
    <time>2025-07-08T13:45:07Z</time>
   </trkpt>
   <trkpt lat="62.4849950" lon="8.1336280">
    <ele>104.1</ele>
    <time>2025-07-08T13:45:08Z</time>
   </trkpt>
   <trkpt lat="62.4850000" lon="8.1336520">
    <ele>104.0</ele>
    <time>2025-07-08T13:45:09Z</time>
   </trkpt>
   <trkpt lat="62.4850150" lon="8.1336790">
    <ele>103.8</ele>
    <time>2025-07-08T13:45:10Z</time>
   </trkpt>
   <trkpt lat="62.4850270" lon="8.1337050">
    <ele>103.6</ele>
    <time>2025-07-08T13:45:11Z</time>
   </trkpt>
   <trkpt lat="62.4850380" lon="8.1337250">
    <ele>103.5</ele>
    <time>2025-07-08T13:45:12Z</time>
   </trkpt>
   <trkpt lat="62.4850500" lon="8.1337640">
    <ele>103.3</ele>
    <time>2025-07-08T13:45:13Z</time>
   </trkpt>
   <trkpt lat="62.4850570" lon="8.1337770">
    <ele>103.2</ele>
    <time>2025-07-08T13:45:14Z</time>
   </trkpt>
   <trkpt lat="62.4850630" lon="8.1337900">
    <ele>103.1</ele>
    <time>2025-07-08T13:45:15Z</time>
   </trkpt>
   <trkpt lat="62.4850740" lon="8.1338090">
    <ele>103.0</ele>
    <time>2025-07-08T13:45:16Z</time>
   </trkpt>
   <trkpt lat="62.4850910" lon="8.1338160">
    <ele>102.8</ele>
    <time>2025-07-08T13:45:17Z</time>
   </trkpt>
   <trkpt lat="62.4851080" lon="8.1338410">
    <ele>102.6</ele>
    <time>2025-07-08T13:45:18Z</time>
   </trkpt>
   <trkpt lat="62.4851140" lon="8.1338560">
    <ele>102.6</ele>
    <time>2025-07-08T13:45:19Z</time>
   </trkpt>
   <trkpt lat="62.4851190" lon="8.1338710">
    <ele>102.5</ele>
    <time>2025-07-08T13:45:20Z</time>
   </trkpt>
   <trkpt lat="62.4851300" lon="8.1338880">
    <ele>102.3</ele>
    <time>2025-07-08T13:45:21Z</time>
   </trkpt>
   <trkpt lat="62.4851420" lon="8.1339060">
    <ele>102.2</ele>
    <time>2025-07-08T13:45:22Z</time>
   </trkpt>
   <trkpt lat="62.4851580" lon="8.1339230">
    <ele>102.0</ele>
    <time>2025-07-08T13:45:23Z</time>
   </trkpt>
   <trkpt lat="62.4851700" lon="8.1339470">
    <ele>101.8</ele>
    <time>2025-07-08T13:45:24Z</time>
   </trkpt>
   <trkpt lat="62.4851800" lon="8.1339690">
    <ele>101.7</ele>
    <time>2025-07-08T13:45:26Z</time>
   </trkpt>
   <trkpt lat="62.4851860" lon="8.1340020">
    <ele>101.5</ele>
    <time>2025-07-08T13:45:27Z</time>
   </trkpt>
   <trkpt lat="62.4851920" lon="8.1340300">
    <ele>101.3</ele>
    <time>2025-07-08T13:45:28Z</time>
   </trkpt>
   <trkpt lat="62.4851920" lon="8.1340650">
    <ele>101.1</ele>
    <time>2025-07-08T13:45:29Z</time>
   </trkpt>
   <trkpt lat="62.4851880" lon="8.1340930">
    <ele>101.0</ele>
    <time>2025-07-08T13:45:30Z</time>
   </trkpt>
   <trkpt lat="62.4851770" lon="8.1341170">
    <ele>100.8</ele>
    <time>2025-07-08T13:45:31Z</time>
   </trkpt>
   <trkpt lat="62.4851800" lon="8.1341590">
    <ele>100.5</ele>
    <time>2025-07-08T13:45:32Z</time>
   </trkpt>
   <trkpt lat="62.4851840" lon="8.1341790">
    <ele>100.4</ele>
    <time>2025-07-08T13:45:33Z</time>
   </trkpt>
   <trkpt lat="62.4851890" lon="8.1341980">
    <ele>100.3</ele>
    <time>2025-07-08T13:45:34Z</time>
   </trkpt>
   <trkpt lat="62.4852120" lon="8.1342400">
    <ele>99.9</ele>
    <time>2025-07-08T13:45:35Z</time>
   </trkpt>
   <trkpt lat="62.4852210" lon="8.1342540">
    <ele>99.7</ele>
    <time>2025-07-08T13:45:36Z</time>
   </trkpt>
   <trkpt lat="62.4852330" lon="8.1342790">
    <ele>99.5</ele>
    <time>2025-07-08T13:45:37Z</time>
   </trkpt>
   <trkpt lat="62.4852390" lon="8.1343100">
    <ele>99.3</ele>
    <time>2025-07-08T13:45:38Z</time>
   </trkpt>
   <trkpt lat="62.4852440" lon="8.1343390">
    <ele>99.1</ele>
    <time>2025-07-08T13:45:39Z</time>
   </trkpt>
   <trkpt lat="62.4852460" lon="8.1343670">
    <ele>98.9</ele>
    <time>2025-07-08T13:45:40Z</time>
   </trkpt>
   <trkpt lat="62.4852530" lon="8.1343910">
    <ele>98.7</ele>
    <time>2025-07-08T13:45:41Z</time>
   </trkpt>
   <trkpt lat="62.4852540" lon="8.1344140">
    <ele>98.6</ele>
    <time>2025-07-08T13:45:42Z</time>
   </trkpt>
   <trkpt lat="62.4852530" lon="8.1344410">
    <ele>98.4</ele>
    <time>2025-07-08T13:45:43Z</time>
   </trkpt>
   <trkpt lat="62.4852510" lon="8.1344670">
    <ele>98.2</ele>
    <time>2025-07-08T13:45:44Z</time>
   </trkpt>
   <trkpt lat="62.4852500" lon="8.1344940">
    <ele>98.1</ele>
    <time>2025-07-08T13:45:45Z</time>
   </trkpt>
   <trkpt lat="62.4852460" lon="8.1345160">
    <ele>97.9</ele>
    <time>2025-07-08T13:45:46Z</time>
   </trkpt>
   <trkpt lat="62.4852470" lon="8.1345390">
    <ele>97.8</ele>
    <time>2025-07-08T13:45:47Z</time>
   </trkpt>
   <trkpt lat="62.4852460" lon="8.1345610">
    <ele>97.7</ele>
    <time>2025-07-08T13:45:48Z</time>
   </trkpt>
   <trkpt lat="62.4852480" lon="8.1345880">
    <ele>97.5</ele>
    <time>2025-07-08T13:45:49Z</time>
   </trkpt>
   <trkpt lat="62.4852550" lon="8.1346180">
    <ele>97.3</ele>
    <time>2025-07-08T13:45:50Z</time>
   </trkpt>
   <trkpt lat="62.4852610" lon="8.1346480">
    <ele>97.1</ele>
    <time>2025-07-08T13:45:51Z</time>
   </trkpt>
   <trkpt lat="62.4852680" lon="8.1346810">
    <ele>96.9</ele>
    <time>2025-07-08T13:45:52Z</time>
   </trkpt>
   <trkpt lat="62.4852760" lon="8.1347150">
    <ele>96.7</ele>
    <time>2025-07-08T13:45:53Z</time>
   </trkpt>
   <trkpt lat="62.4852940" lon="8.1347620">
    <ele>96.4</ele>
    <time>2025-07-08T13:45:54Z</time>
   </trkpt>
   <trkpt lat="62.4853010" lon="8.1347760">
    <ele>96.4</ele>
    <time>2025-07-08T13:45:55Z</time>
   </trkpt>
   <trkpt lat="62.4853060" lon="8.1348040">
    <ele>96.2</ele>
    <time>2025-07-08T13:45:56Z</time>
   </trkpt>
   <trkpt lat="62.4853190" lon="8.1348310">
    <ele>96.1</ele>
    <time>2025-07-08T13:45:57Z</time>
   </trkpt>
   <trkpt lat="62.4853290" lon="8.1348580">
    <ele>95.9</ele>
    <time>2025-07-08T13:45:58Z</time>
   </trkpt>
   <trkpt lat="62.4853430" lon="8.1348860">
    <ele>95.8</ele>
    <time>2025-07-08T13:45:59Z</time>
   </trkpt>
   <trkpt lat="62.4853740" lon="8.1349120">
    <ele>95.6</ele>
    <time>2025-07-08T13:46:00Z</time>
   </trkpt>
   <trkpt lat="62.4853840" lon="8.1349220">
    <ele>95.5</ele>
    <time>2025-07-08T13:46:01Z</time>
   </trkpt>
   <trkpt lat="62.4853990" lon="8.1349430">
    <ele>95.4</ele>
    <time>2025-07-08T13:46:02Z</time>
   </trkpt>
   <trkpt lat="62.4854150" lon="8.1349600">
    <ele>95.3</ele>
    <time>2025-07-08T13:46:03Z</time>
   </trkpt>
   <trkpt lat="62.4854280" lon="8.1349790">
    <ele>95.2</ele>
    <time>2025-07-08T13:46:04Z</time>
   </trkpt>
   <trkpt lat="62.4854430" lon="8.1349960">
    <ele>95.1</ele>
    <time>2025-07-08T13:46:05Z</time>
   </trkpt>
   <trkpt lat="62.4854600" lon="8.1350110">
    <ele>95.0</ele>
    <time>2025-07-08T13:46:06Z</time>
   </trkpt>
   <trkpt lat="62.4854750" lon="8.1350270">
    <ele>94.9</ele>
    <time>2025-07-08T13:46:07Z</time>
   </trkpt>
   <trkpt lat="62.4854880" lon="8.1350420">
    <ele>94.8</ele>
    <time>2025-07-08T13:46:08Z</time>
   </trkpt>
   <trkpt lat="62.4854980" lon="8.1350600">
    <ele>94.8</ele>
    <time>2025-07-08T13:46:09Z</time>
   </trkpt>
   <trkpt lat="62.4855060" lon="8.1350770">
    <ele>94.7</ele>
    <time>2025-07-08T13:46:10Z</time>
   </trkpt>
   <trkpt lat="62.4855220" lon="8.1351060">
    <ele>94.6</ele>
    <time>2025-07-08T13:46:11Z</time>
   </trkpt>
   <trkpt lat="62.4855340" lon="8.1351220">
    <ele>94.5</ele>
    <time>2025-07-08T13:46:12Z</time>
   </trkpt>
   <trkpt lat="62.4855510" lon="8.1351380">
    <ele>94.4</ele>
    <time>2025-07-08T13:46:13Z</time>
   </trkpt>
   <trkpt lat="62.4855660" lon="8.1351480">
    <ele>94.3</ele>
    <time>2025-07-08T13:46:14Z</time>
   </trkpt>
   <trkpt lat="62.4855790" lon="8.1351510">
    <ele>94.3</ele>
    <time>2025-07-08T13:46:15Z</time>
   </trkpt>
   <trkpt lat="62.4855920" lon="8.1351580">
    <ele>94.2</ele>
    <time>2025-07-08T13:46:16Z</time>
   </trkpt>
   <trkpt lat="62.4856030" lon="8.1351610">
    <ele>94.1</ele>
    <time>2025-07-08T13:46:17Z</time>
   </trkpt>
   <trkpt lat="62.4856150" lon="8.1351630">
    <ele>94.1</ele>
    <time>2025-07-08T13:46:18Z</time>
   </trkpt>
   <trkpt lat="62.4856250" lon="8.1351650">
    <ele>94.0</ele>
    <time>2025-07-08T13:46:19Z</time>
   </trkpt>
   <trkpt lat="62.4856340" lon="8.1351680">
    <ele>93.9</ele>
    <time>2025-07-08T13:46:20Z</time>
   </trkpt>
   <trkpt lat="62.4856460" lon="8.1351710">
    <ele>93.9</ele>
    <time>2025-07-08T13:46:21Z</time>
   </trkpt>
   <trkpt lat="62.4856570" lon="8.1351780">
    <ele>93.8</ele>
    <time>2025-07-08T13:46:22Z</time>
   </trkpt>
   <trkpt lat="62.4856650" lon="8.1351800">
    <ele>93.8</ele>
    <time>2025-07-08T13:46:23Z</time>
   </trkpt>
   <trkpt lat="62.4856750" lon="8.1351800">
    <ele>93.7</ele>
    <time>2025-07-08T13:46:24Z</time>
   </trkpt>
   <trkpt lat="62.4856890" lon="8.1351860">
    <ele>93.6</ele>
    <time>2025-07-08T13:46:25Z</time>
   </trkpt>
   <trkpt lat="62.4857030" lon="8.1351860">
    <ele>93.5</ele>
    <time>2025-07-08T13:46:26Z</time>
   </trkpt>
   <trkpt lat="62.4857200" lon="8.1351930">
    <ele>93.4</ele>
    <time>2025-07-08T13:46:27Z</time>
   </trkpt>
   <trkpt lat="62.4857350" lon="8.1352090">
    <ele>93.3</ele>
    <time>2025-07-08T13:46:28Z</time>
   </trkpt>
   <trkpt lat="62.4857480" lon="8.1352260">
    <ele>93.2</ele>
    <time>2025-07-08T13:46:29Z</time>
   </trkpt>
   <trkpt lat="62.4857600" lon="8.1352350">
    <ele>93.1</ele>
    <time>2025-07-08T13:46:30Z</time>
   </trkpt>
   <trkpt lat="62.4857730" lon="8.1352440">
    <ele>93.0</ele>
    <time>2025-07-08T13:46:31Z</time>
   </trkpt>
   <trkpt lat="62.4857880" lon="8.1352470">
    <ele>92.8</ele>
    <time>2025-07-08T13:46:32Z</time>
   </trkpt>
   <trkpt lat="62.4858080" lon="8.1352620">
    <ele>92.7</ele>
    <time>2025-07-08T13:46:33Z</time>
   </trkpt>
   <trkpt lat="62.4858160" lon="8.1352670">
    <ele>92.6</ele>
    <time>2025-07-08T13:46:34Z</time>
   </trkpt>
   <trkpt lat="62.4858230" lon="8.1352730">
    <ele>92.6</ele>
    <time>2025-07-08T13:46:35Z</time>
   </trkpt>
   <trkpt lat="62.4858430" lon="8.1352850">
    <ele>92.4</ele>
    <time>2025-07-08T13:46:36Z</time>
   </trkpt>
   <trkpt lat="62.4858520" lon="8.1352900">
    <ele>92.3</ele>
    <time>2025-07-08T13:46:37Z</time>
   </trkpt>
   <trkpt lat="62.4858610" lon="8.1352940">
    <ele>92.2</ele>
    <time>2025-07-08T13:46:38Z</time>
   </trkpt>
   <trkpt lat="62.4858750" lon="8.1352950">
    <ele>92.1</ele>
    <time>2025-07-08T13:46:39Z</time>
   </trkpt>
   <trkpt lat="62.4858890" lon="8.1353060">
    <ele>92.0</ele>
    <time>2025-07-08T13:46:40Z</time>
   </trkpt>
   <trkpt lat="62.4859060" lon="8.1353250">
    <ele>91.8</ele>
    <time>2025-07-08T13:46:41Z</time>
   </trkpt>
   <trkpt lat="62.4859110" lon="8.1353350">
    <ele>91.7</ele>
    <time>2025-07-08T13:46:42Z</time>
   </trkpt>
   <trkpt lat="62.4859170" lon="8.1353450">
    <ele>91.6</ele>
    <time>2025-07-08T13:46:43Z</time>
   </trkpt>
   <trkpt lat="62.4859220" lon="8.1353550">
    <ele>91.6</ele>
    <time>2025-07-08T13:46:44Z</time>
   </trkpt>
   <trkpt lat="62.4859440" lon="8.1353620">
    <ele>91.3</ele>
    <time>2025-07-08T13:46:45Z</time>
   </trkpt>
   <trkpt lat="62.4859510" lon="8.1353680">
    <ele>91.3</ele>
    <time>2025-07-08T13:46:46Z</time>
   </trkpt>
   <trkpt lat="62.4859580" lon="8.1353730">
    <ele>91.2</ele>
    <time>2025-07-08T13:46:47Z</time>
   </trkpt>
   <trkpt lat="62.4859660" lon="8.1353810">
    <ele>91.1</ele>
    <time>2025-07-08T13:46:48Z</time>
   </trkpt>
   <trkpt lat="62.4859820" lon="8.1353740">
    <ele>90.9</ele>
    <time>2025-07-08T13:46:49Z</time>
   </trkpt>
   <trkpt lat="62.4859920" lon="8.1353740">
    <ele>90.8</ele>
    <time>2025-07-08T13:46:50Z</time>
   </trkpt>
   <trkpt lat="62.4860040" lon="8.1353740">
    <ele>90.7</ele>
    <time>2025-07-08T13:46:51Z</time>
   </trkpt>
   <trkpt lat="62.4860130" lon="8.1353820">
    <ele>90.5</ele>
    <time>2025-07-08T13:46:52Z</time>
   </trkpt>
   <trkpt lat="62.4860250" lon="8.1353880">
    <ele>90.4</ele>
    <time>2025-07-08T13:46:53Z</time>
   </trkpt>
   <trkpt lat="62.4860340" lon="8.1353840">
    <ele>90.3</ele>
    <time>2025-07-08T13:46:54Z</time>
   </trkpt>
   <trkpt lat="62.4860390" lon="8.1353850">
    <ele>90.2</ele>
    <time>2025-07-08T13:46:55Z</time>
   </trkpt>
   <trkpt lat="62.4860540" lon="8.1353960">
    <ele>90.0</ele>
    <time>2025-07-08T13:46:56Z</time>
   </trkpt>
   <trkpt lat="62.4860650" lon="8.1353980">
    <ele>89.9</ele>
    <time>2025-07-08T13:46:57Z</time>
   </trkpt>
   <trkpt lat="62.4860660" lon="8.1354070">
    <ele>89.8</ele>
    <time>2025-07-08T13:46:58Z</time>
   </trkpt>
   <trkpt lat="62.4860820" lon="8.1354180">
    <ele>89.6</ele>
    <time>2025-07-08T13:46:59Z</time>
   </trkpt>
   <trkpt lat="62.4861000" lon="8.1354430">
    <ele>89.4</ele>
    <time>2025-07-08T13:47:00Z</time>
   </trkpt>
   <trkpt lat="62.4861070" lon="8.1354580">
    <ele>89.3</ele>
    <time>2025-07-08T13:47:01Z</time>
   </trkpt>
   <trkpt lat="62.4861150" lon="8.1354730">
    <ele>89.1</ele>
    <time>2025-07-08T13:47:02Z</time>
   </trkpt>
   <trkpt lat="62.4861260" lon="8.1354900">
    <ele>89.0</ele>
    <time>2025-07-08T13:47:03Z</time>
   </trkpt>
   <trkpt lat="62.4861390" lon="8.1355160">
    <ele>88.8</ele>
    <time>2025-07-08T13:47:04Z</time>
   </trkpt>
   <trkpt lat="62.4861420" lon="8.1355330">
    <ele>88.7</ele>
    <time>2025-07-08T13:47:05Z</time>
   </trkpt>
   <trkpt lat="62.4861560" lon="8.1355470">
    <ele>88.5</ele>
    <time>2025-07-08T13:47:06Z</time>
   </trkpt>
   <trkpt lat="62.4861670" lon="8.1355620">
    <ele>88.4</ele>
    <time>2025-07-08T13:47:07Z</time>
   </trkpt>
   <trkpt lat="62.4861800" lon="8.1355780">
    <ele>88.2</ele>
    <time>2025-07-08T13:47:08Z</time>
   </trkpt>
   <trkpt lat="62.4861930" lon="8.1356020">
    <ele>88.1</ele>
    <time>2025-07-08T13:47:09Z</time>
   </trkpt>
   <trkpt lat="62.4862050" lon="8.1356250">
    <ele>87.9</ele>
    <time>2025-07-08T13:47:10Z</time>
   </trkpt>
   <trkpt lat="62.4862150" lon="8.1356530">
    <ele>87.8</ele>
    <time>2025-07-08T13:47:11Z</time>
   </trkpt>
   <trkpt lat="62.4862280" lon="8.1356920">
    <ele>87.6</ele>
    <time>2025-07-08T13:47:12Z</time>
   </trkpt>
   <trkpt lat="62.4862330" lon="8.1357020">
    <ele>87.5</ele>
    <time>2025-07-08T13:47:13Z</time>
   </trkpt>
   <trkpt lat="62.4862390" lon="8.1357120">
    <ele>87.5</ele>
    <time>2025-07-08T13:47:14Z</time>
   </trkpt>
   <trkpt lat="62.4862460" lon="8.1357290">
    <ele>87.4</ele>
    <time>2025-07-08T13:47:15Z</time>
   </trkpt>
   <trkpt lat="62.4862620" lon="8.1357550">
    <ele>87.2</ele>
    <time>2025-07-08T13:47:16Z</time>
   </trkpt>
   <trkpt lat="62.4862710" lon="8.1357750">
    <ele>87.1</ele>
    <time>2025-07-08T13:47:17Z</time>
   </trkpt>
   <trkpt lat="62.4862810" lon="8.1357990">
    <ele>87.0</ele>
    <time>2025-07-08T13:47:18Z</time>
   </trkpt>
   <trkpt lat="62.4862870" lon="8.1358280">
    <ele>86.9</ele>
    <time>2025-07-08T13:47:19Z</time>
   </trkpt>
   <trkpt lat="62.4862940" lon="8.1358510">
    <ele>86.8</ele>
    <time>2025-07-08T13:47:20Z</time>
   </trkpt>
   <trkpt lat="62.4863100" lon="8.1358680">
    <ele>86.6</ele>
    <time>2025-07-08T13:47:21Z</time>
   </trkpt>
   <trkpt lat="62.4863220" lon="8.1358880">
    <ele>86.5</ele>
    <time>2025-07-08T13:47:22Z</time>
   </trkpt>
   <trkpt lat="62.4863340" lon="8.1359040">
    <ele>86.4</ele>
    <time>2025-07-08T13:47:23Z</time>
   </trkpt>
   <trkpt lat="62.4863450" lon="8.1359250">
    <ele>86.3</ele>
    <time>2025-07-08T13:47:24Z</time>
   </trkpt>
   <trkpt lat="62.4863580" lon="8.1359430">
    <ele>86.2</ele>
    <time>2025-07-08T13:47:25Z</time>
   </trkpt>
   <trkpt lat="62.4863690" lon="8.1359700">
    <ele>86.0</ele>
    <time>2025-07-08T13:47:26Z</time>
   </trkpt>
   <trkpt lat="62.4863810" lon="8.1359920">
    <ele>85.9</ele>
    <time>2025-07-08T13:47:27Z</time>
   </trkpt>
   <trkpt lat="62.4863890" lon="8.1360110">
    <ele>85.8</ele>
    <time>2025-07-08T13:47:28Z</time>
   </trkpt>
   <trkpt lat="62.4864050" lon="8.1360240">
    <ele>85.6</ele>
    <time>2025-07-08T13:47:29Z</time>
   </trkpt>
   <trkpt lat="62.4864150" lon="8.1360300">
    <ele>85.5</ele>
    <time>2025-07-08T13:47:30Z</time>
   </trkpt>
   <trkpt lat="62.4864260" lon="8.1360350">
    <ele>85.5</ele>
    <time>2025-07-08T13:47:32Z</time>
   </trkpt>
   <trkpt lat="62.4864370" lon="8.1360410">
    <ele>85.4</ele>
    <time>2025-07-08T13:47:33Z</time>
   </trkpt>
   <trkpt lat="62.4864470" lon="8.1360470">
    <ele>85.3</ele>
    <time>2025-07-08T13:47:34Z</time>
   </trkpt>
   <trkpt lat="62.4864580" lon="8.1360530">
    <ele>85.1</ele>
    <time>2025-07-08T13:47:35Z</time>
   </trkpt>
   <trkpt lat="62.4864660" lon="8.1360630">
    <ele>85.1</ele>
    <time>2025-07-08T13:47:36Z</time>
   </trkpt>
   <trkpt lat="62.4864800" lon="8.1360880">
    <ele>84.9</ele>
    <time>2025-07-08T13:47:37Z</time>
   </trkpt>
   <trkpt lat="62.4865020" lon="8.1360980">
    <ele>84.7</ele>
    <time>2025-07-08T13:47:38Z</time>
   </trkpt>
   <trkpt lat="62.4865120" lon="8.1360960">
    <ele>84.6</ele>
    <time>2025-07-08T13:47:39Z</time>
   </trkpt>
   <trkpt lat="62.4865210" lon="8.1360950">
    <ele>84.5</ele>
    <time>2025-07-08T13:47:40Z</time>
   </trkpt>
   <trkpt lat="62.4865340" lon="8.1361090">
    <ele>84.3</ele>
    <time>2025-07-08T13:47:41Z</time>
   </trkpt>
   <trkpt lat="62.4865470" lon="8.1361140">
    <ele>84.2</ele>
    <time>2025-07-08T13:47:42Z</time>
   </trkpt>
   <trkpt lat="62.4865580" lon="8.1361190">
    <ele>84.0</ele>
    <time>2025-07-08T13:47:43Z</time>
   </trkpt>
   <trkpt lat="62.4865660" lon="8.1361260">
    <ele>84.0</ele>
    <time>2025-07-08T13:47:44Z</time>
   </trkpt>
   <trkpt lat="62.4865780" lon="8.1361290">
    <ele>83.8</ele>
    <time>2025-07-08T13:47:45Z</time>
   </trkpt>
   <trkpt lat="62.4865940" lon="8.1361330">
    <ele>83.6</ele>
    <time>2025-07-08T13:47:46Z</time>
   </trkpt>
   <trkpt lat="62.4866100" lon="8.1361360">
    <ele>83.5</ele>
    <time>2025-07-08T13:47:47Z</time>
   </trkpt>
   <trkpt lat="62.4866290" lon="8.1361460">
    <ele>83.3</ele>
    <time>2025-07-08T13:47:48Z</time>
   </trkpt>
   <trkpt lat="62.4866380" lon="8.1361480">
    <ele>83.2</ele>
    <time>2025-07-08T13:47:49Z</time>
   </trkpt>
   <trkpt lat="62.4866460" lon="8.1361510">
    <ele>83.1</ele>
    <time>2025-07-08T13:47:50Z</time>
   </trkpt>
   <trkpt lat="62.4866590" lon="8.1361670">
    <ele>82.9</ele>
    <time>2025-07-08T13:47:51Z</time>
   </trkpt>
   <trkpt lat="62.4866720" lon="8.1361770">
    <ele>82.8</ele>
    <time>2025-07-08T13:47:52Z</time>
   </trkpt>
   <trkpt lat="62.4866850" lon="8.1361840">
    <ele>82.6</ele>
    <time>2025-07-08T13:47:53Z</time>
   </trkpt>
   <trkpt lat="62.4867000" lon="8.1361730">
    <ele>82.5</ele>
    <time>2025-07-08T13:47:54Z</time>
   </trkpt>
   <trkpt lat="62.4867230" lon="8.1361660">
    <ele>82.3</ele>
    <time>2025-07-08T13:47:55Z</time>
   </trkpt>
   <trkpt lat="62.4867330" lon="8.1361670">
    <ele>82.2</ele>
    <time>2025-07-08T13:47:56Z</time>
   </trkpt>
   <trkpt lat="62.4867420" lon="8.1361670">
    <ele>82.1</ele>
    <time>2025-07-08T13:47:57Z</time>
   </trkpt>
   <trkpt lat="62.4867550" lon="8.1361710">
    <ele>82.0</ele>
    <time>2025-07-08T13:47:58Z</time>
   </trkpt>
   <trkpt lat="62.4867680" lon="8.1361800">
    <ele>81.9</ele>
    <time>2025-07-08T13:47:59Z</time>
   </trkpt>
   <trkpt lat="62.4867830" lon="8.1361840">
    <ele>81.7</ele>
    <time>2025-07-08T13:48:00Z</time>
   </trkpt>
   <trkpt lat="62.4867960" lon="8.1361810">
    <ele>81.6</ele>
    <time>2025-07-08T13:48:01Z</time>
   </trkpt>
   <trkpt lat="62.4868100" lon="8.1361760">
    <ele>81.5</ele>
    <time>2025-07-08T13:48:02Z</time>
   </trkpt>
   <trkpt lat="62.4868240" lon="8.1361850">
    <ele>81.4</ele>
    <time>2025-07-08T13:48:03Z</time>
   </trkpt>
   <trkpt lat="62.4868380" lon="8.1361910">
    <ele>81.2</ele>
    <time>2025-07-08T13:48:04Z</time>
   </trkpt>
   <trkpt lat="62.4868520" lon="8.1362050">
    <ele>81.1</ele>
    <time>2025-07-08T13:48:05Z</time>
   </trkpt>
   <trkpt lat="62.4868660" lon="8.1362080">
    <ele>81.0</ele>
    <time>2025-07-08T13:48:06Z</time>
   </trkpt>
   <trkpt lat="62.4868800" lon="8.1362100">
    <ele>80.9</ele>
    <time>2025-07-08T13:48:07Z</time>
   </trkpt>
   <trkpt lat="62.4869040" lon="8.1362170">
    <ele>80.7</ele>
    <time>2025-07-08T13:48:08Z</time>
   </trkpt>
   <trkpt lat="62.4869150" lon="8.1362230">
    <ele>80.6</ele>
    <time>2025-07-08T13:48:09Z</time>
   </trkpt>
   <trkpt lat="62.4869250" lon="8.1362280">
    <ele>80.5</ele>
    <time>2025-07-08T13:48:10Z</time>
   </trkpt>
   <trkpt lat="62.4869410" lon="8.1362470">
    <ele>80.4</ele>
    <time>2025-07-08T13:48:11Z</time>
   </trkpt>
   <trkpt lat="62.4869560" lon="8.1362510">
    <ele>80.2</ele>
    <time>2025-07-08T13:48:12Z</time>
   </trkpt>
   <trkpt lat="62.4869720" lon="8.1362420">
    <ele>80.1</ele>
    <time>2025-07-08T13:48:13Z</time>
   </trkpt>
   <trkpt lat="62.4869860" lon="8.1362470">
    <ele>80.0</ele>
    <time>2025-07-08T13:48:14Z</time>
   </trkpt>
   <trkpt lat="62.4869980" lon="8.1362470">
    <ele>79.9</ele>
    <time>2025-07-08T13:48:15Z</time>
   </trkpt>
   <trkpt lat="62.4870090" lon="8.1362520">
    <ele>79.8</ele>
    <time>2025-07-08T13:48:16Z</time>
   </trkpt>
   <trkpt lat="62.4870200" lon="8.1362490">
    <ele>79.7</ele>
    <time>2025-07-08T13:48:17Z</time>
   </trkpt>
   <trkpt lat="62.4870230" lon="8.1362580">
    <ele>79.7</ele>
    <time>2025-07-08T13:48:18Z</time>
   </trkpt>
   <trkpt lat="62.4870310" lon="8.1362570">
    <ele>79.6</ele>
    <time>2025-07-08T13:48:19Z</time>
   </trkpt>
   <trkpt lat="62.4870470" lon="8.1362640">
    <ele>79.5</ele>
    <time>2025-07-08T13:48:20Z</time>
   </trkpt>
   <trkpt lat="62.4870760" lon="8.1362960">
    <ele>79.3</ele>
    <time>2025-07-08T13:48:21Z</time>
   </trkpt>
   <trkpt lat="62.4870960" lon="8.1363150">
    <ele>79.2</ele>
    <time>2025-07-08T13:48:22Z</time>
   </trkpt>
   <trkpt lat="62.4871030" lon="8.1363210">
    <ele>79.1</ele>
    <time>2025-07-08T13:48:23Z</time>
   </trkpt>
   <trkpt lat="62.4871100" lon="8.1363260">
    <ele>79.1</ele>
    <time>2025-07-08T13:48:24Z</time>
   </trkpt>
   <trkpt lat="62.4871380" lon="8.1363480">
    <ele>78.9</ele>
    <time>2025-07-08T13:48:25Z</time>
   </trkpt>
   <trkpt lat="62.4871470" lon="8.1363550">
    <ele>78.8</ele>
    <time>2025-07-08T13:48:26Z</time>
   </trkpt>
   <trkpt lat="62.4871630" lon="8.1363690">
    <ele>78.7</ele>
    <time>2025-07-08T13:48:27Z</time>
   </trkpt>
   <trkpt lat="62.4871800" lon="8.1363780">
    <ele>78.6</ele>
    <time>2025-07-08T13:48:28Z</time>
   </trkpt>
   <trkpt lat="62.4871960" lon="8.1363820">
    <ele>78.5</ele>
    <time>2025-07-08T13:48:29Z</time>
   </trkpt>
   <trkpt lat="62.4872070" lon="8.1364010">
    <ele>78.4</ele>
    <time>2025-07-08T13:48:30Z</time>
   </trkpt>
   <trkpt lat="62.4872290" lon="8.1364200">
    <ele>78.2</ele>
    <time>2025-07-08T13:48:31Z</time>
   </trkpt>
   <trkpt lat="62.4872370" lon="8.1364280">
    <ele>78.2</ele>
    <time>2025-07-08T13:48:32Z</time>
   </trkpt>
   <trkpt lat="62.4872460" lon="8.1364350">
    <ele>78.1</ele>
    <time>2025-07-08T13:48:33Z</time>
   </trkpt>
   <trkpt lat="62.4872580" lon="8.1364580">
    <ele>78.0</ele>
    <time>2025-07-08T13:48:34Z</time>
   </trkpt>
   <trkpt lat="62.4872660" lon="8.1364780">
    <ele>77.9</ele>
    <time>2025-07-08T13:48:35Z</time>
   </trkpt>
   <trkpt lat="62.4872760" lon="8.1365180">
    <ele>77.8</ele>
    <time>2025-07-08T13:48:36Z</time>
   </trkpt>
   <trkpt lat="62.4872810" lon="8.1365340">
    <ele>77.8</ele>
    <time>2025-07-08T13:48:37Z</time>
   </trkpt>
   <trkpt lat="62.4872860" lon="8.1365490">
    <ele>77.7</ele>
    <time>2025-07-08T13:48:38Z</time>
   </trkpt>
   <trkpt lat="62.4872990" lon="8.1365710">
    <ele>77.6</ele>
    <time>2025-07-08T13:48:39Z</time>
   </trkpt>
   <trkpt lat="62.4873120" lon="8.1365930">
    <ele>77.5</ele>
    <time>2025-07-08T13:48:40Z</time>
   </trkpt>
   <trkpt lat="62.4873220" lon="8.1366170">
    <ele>77.4</ele>
    <time>2025-07-08T13:48:41Z</time>
   </trkpt>
   <trkpt lat="62.4873350" lon="8.1366390">
    <ele>77.3</ele>
    <time>2025-07-08T13:48:42Z</time>
   </trkpt>
   <trkpt lat="62.4873470" lon="8.1366590">
    <ele>77.2</ele>
    <time>2025-07-08T13:48:43Z</time>
   </trkpt>
   <trkpt lat="62.4873570" lon="8.1366810">
    <ele>77.1</ele>
    <time>2025-07-08T13:48:44Z</time>
   </trkpt>
   <trkpt lat="62.4873660" lon="8.1367060">
    <ele>77.0</ele>
    <time>2025-07-08T13:48:45Z</time>
   </trkpt>
   <trkpt lat="62.4873780" lon="8.1367210">
    <ele>77.0</ele>
    <time>2025-07-08T13:48:46Z</time>
   </trkpt>
   <trkpt lat="62.4873970" lon="8.1367400">
    <ele>76.8</ele>
    <time>2025-07-08T13:48:47Z</time>
   </trkpt>
   <trkpt lat="62.4874050" lon="8.1367450">
    <ele>76.8</ele>
    <time>2025-07-08T13:48:48Z</time>
   </trkpt>
   <trkpt lat="62.4874140" lon="8.1367510">
    <ele>76.7</ele>
    <time>2025-07-08T13:48:49Z</time>
   </trkpt>
   <trkpt lat="62.4874260" lon="8.1367660">
    <ele>76.7</ele>
    <time>2025-07-08T13:48:50Z</time>
   </trkpt>
   <trkpt lat="62.4874390" lon="8.1367780">
    <ele>76.6</ele>
    <time>2025-07-08T13:48:51Z</time>
   </trkpt>
   <trkpt lat="62.4874570" lon="8.1368050">
    <ele>76.5</ele>
    <time>2025-07-08T13:48:52Z</time>
   </trkpt>
   <trkpt lat="62.4874640" lon="8.1368190">
    <ele>76.4</ele>
    <time>2025-07-08T13:48:53Z</time>
   </trkpt>
   <trkpt lat="62.4874700" lon="8.1368330">
    <ele>76.4</ele>
    <time>2025-07-08T13:48:54Z</time>
   </trkpt>
   <trkpt lat="62.4874850" lon="8.1368630">
    <ele>76.3</ele>
    <time>2025-07-08T13:48:55Z</time>
   </trkpt>
   <trkpt lat="62.4874930" lon="8.1368690">
    <ele>76.2</ele>
    <time>2025-07-08T13:48:56Z</time>
   </trkpt>
   <trkpt lat="62.4875020" lon="8.1368750">
    <ele>76.2</ele>
    <time>2025-07-08T13:48:57Z</time>
   </trkpt>
   <trkpt lat="62.4875240" lon="8.1368870">
    <ele>76.1</ele>
    <time>2025-07-08T13:48:58Z</time>
   </trkpt>
   <trkpt lat="62.4875350" lon="8.1368930">
    <ele>76.0</ele>
    <time>2025-07-08T13:48:59Z</time>
   </trkpt>
   <trkpt lat="62.4875450" lon="8.1368980">
    <ele>75.9</ele>
    <time>2025-07-08T13:49:00Z</time>
   </trkpt>
   <trkpt lat="62.4875570" lon="8.1369080">
    <ele>75.9</ele>
    <time>2025-07-08T13:49:01Z</time>
   </trkpt>
   <trkpt lat="62.4875720" lon="8.1369140">
    <ele>75.8</ele>
    <time>2025-07-08T13:49:02Z</time>
   </trkpt>
   <trkpt lat="62.4875870" lon="8.1369140">
    <ele>75.7</ele>
    <time>2025-07-08T13:49:03Z</time>
   </trkpt>
   <trkpt lat="62.4876030" lon="8.1369180">
    <ele>75.6</ele>
    <time>2025-07-08T13:49:04Z</time>
   </trkpt>
   <trkpt lat="62.4876180" lon="8.1369240">
    <ele>75.6</ele>
    <time>2025-07-08T13:49:05Z</time>
   </trkpt>
   <trkpt lat="62.4876340" lon="8.1369320">
    <ele>75.5</ele>
    <time>2025-07-08T13:49:06Z</time>
   </trkpt>
   <trkpt lat="62.4876490" lon="8.1369390">
    <ele>75.4</ele>
    <time>2025-07-08T13:49:07Z</time>
   </trkpt>
   <trkpt lat="62.4876630" lon="8.1369510">
    <ele>75.4</ele>
    <time>2025-07-08T13:49:08Z</time>
   </trkpt>
   <trkpt lat="62.4876750" lon="8.1369600">
    <ele>75.3</ele>
    <time>2025-07-08T13:49:09Z</time>
   </trkpt>
   <trkpt lat="62.4876900" lon="8.1369750">
    <ele>75.2</ele>
    <time>2025-07-08T13:49:10Z</time>
   </trkpt>
   <trkpt lat="62.4877070" lon="8.1369770">
    <ele>75.2</ele>
    <time>2025-07-08T13:49:11Z</time>
   </trkpt>
   <trkpt lat="62.4877230" lon="8.1369780">
    <ele>75.1</ele>
    <time>2025-07-08T13:49:12Z</time>
   </trkpt>
   <trkpt lat="62.4877360" lon="8.1369880">
    <ele>75.1</ele>
    <time>2025-07-08T13:49:13Z</time>
   </trkpt>
   <trkpt lat="62.4877510" lon="8.1369930">
    <ele>75.1</ele>
    <time>2025-07-08T13:49:14Z</time>
   </trkpt>
   <trkpt lat="62.4877660" lon="8.1369850">
    <ele>75.1</ele>
    <time>2025-07-08T13:49:15Z</time>
   </trkpt>
   <trkpt lat="62.4877820" lon="8.1369840">
    <ele>75.0</ele>
    <time>2025-07-08T13:49:16Z</time>
   </trkpt>
   <trkpt lat="62.4878030" lon="8.1369950">
    <ele>75.0</ele>
    <time>2025-07-08T13:49:17Z</time>
   </trkpt>
   <trkpt lat="62.4878120" lon="8.1370010">
    <ele>75.0</ele>
    <time>2025-07-08T13:49:18Z</time>
   </trkpt>
   <trkpt lat="62.4878200" lon="8.1370060">
    <ele>75.0</ele>
    <time>2025-07-08T13:49:19Z</time>
   </trkpt>
   <trkpt lat="62.4878330" lon="8.1370130">
    <ele>75.0</ele>
    <time>2025-07-08T13:49:20Z</time>
   </trkpt>
   <trkpt lat="62.4878460" lon="8.1370270">
    <ele>75.0</ele>
    <time>2025-07-08T13:49:21Z</time>
   </trkpt>
   <trkpt lat="62.4878660" lon="8.1370470">
    <ele>74.9</ele>
    <time>2025-07-08T13:49:22Z</time>
   </trkpt>
   <trkpt lat="62.4878750" lon="8.1370500">
    <ele>74.9</ele>
    <time>2025-07-08T13:49:23Z</time>
   </trkpt>
   <trkpt lat="62.4878830" lon="8.1370530">
    <ele>74.9</ele>
    <time>2025-07-08T13:49:24Z</time>
   </trkpt>
   <trkpt lat="62.4879030" lon="8.1370650">
    <ele>74.9</ele>
    <time>2025-07-08T13:49:25Z</time>
   </trkpt>
   <trkpt lat="62.4879110" lon="8.1370720">
    <ele>74.9</ele>
    <time>2025-07-08T13:49:26Z</time>
   </trkpt>
   <trkpt lat="62.4879200" lon="8.1370800">
    <ele>74.8</ele>
    <time>2025-07-08T13:49:27Z</time>
   </trkpt>
   <trkpt lat="62.4879340" lon="8.1370900">
    <ele>74.8</ele>
    <time>2025-07-08T13:49:28Z</time>
   </trkpt>
   <trkpt lat="62.4879480" lon="8.1371010">
    <ele>74.8</ele>
    <time>2025-07-08T13:49:29Z</time>
   </trkpt>
   <trkpt lat="62.4879620" lon="8.1371090">
    <ele>74.7</ele>
    <time>2025-07-08T13:49:30Z</time>
   </trkpt>
   <trkpt lat="62.4879780" lon="8.1371200">
    <ele>74.6</ele>
    <time>2025-07-08T13:49:31Z</time>
   </trkpt>
   <trkpt lat="62.4879910" lon="8.1371340">
    <ele>74.6</ele>
    <time>2025-07-08T13:49:32Z</time>
   </trkpt>
   <trkpt lat="62.4880050" lon="8.1371440">
    <ele>74.5</ele>
    <time>2025-07-08T13:49:33Z</time>
   </trkpt>
   <trkpt lat="62.4880240" lon="8.1371680">
    <ele>74.3</ele>
    <time>2025-07-08T13:49:34Z</time>
   </trkpt>
   <trkpt lat="62.4880320" lon="8.1371770">
    <ele>74.3</ele>
    <time>2025-07-08T13:49:35Z</time>
   </trkpt>
   <trkpt lat="62.4880400" lon="8.1371850">
    <ele>74.2</ele>
    <time>2025-07-08T13:49:36Z</time>
   </trkpt>
   <trkpt lat="62.4880610" lon="8.1371960">
    <ele>74.1</ele>
    <time>2025-07-08T13:49:38Z</time>
   </trkpt>
   <trkpt lat="62.4880680" lon="8.1372030">
    <ele>74.0</ele>
    <time>2025-07-08T13:49:39Z</time>
   </trkpt>
   <trkpt lat="62.4880760" lon="8.1372100">
    <ele>74.0</ele>
    <time>2025-07-08T13:49:40Z</time>
   </trkpt>
   <trkpt lat="62.4880940" lon="8.1372310">
    <ele>73.8</ele>
    <time>2025-07-08T13:49:41Z</time>
   </trkpt>
   <trkpt lat="62.4881020" lon="8.1372380">
    <ele>73.7</ele>
    <time>2025-07-08T13:49:42Z</time>
   </trkpt>
   <trkpt lat="62.4881100" lon="8.1372450">
    <ele>73.6</ele>
    <time>2025-07-08T13:49:43Z</time>
   </trkpt>
   <trkpt lat="62.4881280" lon="8.1372710">
    <ele>73.5</ele>
    <time>2025-07-08T13:49:44Z</time>
   </trkpt>
   <trkpt lat="62.4881360" lon="8.1372770">
    <ele>73.4</ele>
    <time>2025-07-08T13:49:45Z</time>
   </trkpt>
   <trkpt lat="62.4881430" lon="8.1372840">
    <ele>73.3</ele>
    <time>2025-07-08T13:49:46Z</time>
   </trkpt>
   <trkpt lat="62.4881610" lon="8.1373000">
    <ele>73.1</ele>
    <time>2025-07-08T13:49:47Z</time>
   </trkpt>
   <trkpt lat="62.4881690" lon="8.1373100">
    <ele>73.0</ele>
    <time>2025-07-08T13:49:48Z</time>
   </trkpt>
   <trkpt lat="62.4881760" lon="8.1373190">
    <ele>72.9</ele>
    <time>2025-07-08T13:49:49Z</time>
   </trkpt>
   <trkpt lat="62.4881970" lon="8.1373350">
    <ele>72.7</ele>
    <time>2025-07-08T13:49:50Z</time>
   </trkpt>
   <trkpt lat="62.4882050" lon="8.1373390">
    <ele>72.6</ele>
    <time>2025-07-08T13:49:51Z</time>
   </trkpt>
   <trkpt lat="62.4882130" lon="8.1373440">
    <ele>72.5</ele>
    <time>2025-07-08T13:49:52Z</time>
   </trkpt>
   <trkpt lat="62.4882330" lon="8.1373630">
    <ele>72.3</ele>
    <time>2025-07-08T13:49:53Z</time>
   </trkpt>
   <trkpt lat="62.4882400" lon="8.1373710">
    <ele>72.2</ele>
    <time>2025-07-08T13:49:54Z</time>
   </trkpt>
   <trkpt lat="62.4882470" lon="8.1373790">
    <ele>72.1</ele>
    <time>2025-07-08T13:49:55Z</time>
   </trkpt>
   <trkpt lat="62.4882660" lon="8.1373980">
    <ele>71.9</ele>
    <time>2025-07-08T13:49:56Z</time>
   </trkpt>
   <trkpt lat="62.4882740" lon="8.1374050">
    <ele>71.8</ele>
    <time>2025-07-08T13:49:57Z</time>
   </trkpt>
   <trkpt lat="62.4882810" lon="8.1374120">
    <ele>71.7</ele>
    <time>2025-07-08T13:49:58Z</time>
   </trkpt>
   <trkpt lat="62.4882930" lon="8.1374220">
    <ele>71.6</ele>
    <time>2025-07-08T13:49:59Z</time>
   </trkpt>
   <trkpt lat="62.4883030" lon="8.1374320">
    <ele>71.4</ele>
    <time>2025-07-08T13:50:00Z</time>
   </trkpt>
   <trkpt lat="62.4883130" lon="8.1374470">
    <ele>71.3</ele>
    <time>2025-07-08T13:50:01Z</time>
   </trkpt>
   <trkpt lat="62.4883250" lon="8.1374590">
    <ele>71.2</ele>
    <time>2025-07-08T13:50:02Z</time>
   </trkpt>
   <trkpt lat="62.4883360" lon="8.1374650">
    <ele>71.0</ele>
    <time>2025-07-08T13:50:03Z</time>
   </trkpt>
   <trkpt lat="62.4883470" lon="8.1374730">
    <ele>70.9</ele>
    <time>2025-07-08T13:50:04Z</time>
   </trkpt>
   <trkpt lat="62.4883660" lon="8.1374940">
    <ele>70.7</ele>
    <time>2025-07-08T13:50:05Z</time>
   </trkpt>
   <trkpt lat="62.4883740" lon="8.1375000">
    <ele>70.6</ele>
    <time>2025-07-08T13:50:06Z</time>
   </trkpt>
   <trkpt lat="62.4883820" lon="8.1375070">
    <ele>70.5</ele>
    <time>2025-07-08T13:50:07Z</time>
   </trkpt>
   <trkpt lat="62.4883910" lon="8.1375310">
    <ele>70.3</ele>
    <time>2025-07-08T13:50:08Z</time>
   </trkpt>
   <trkpt lat="62.4883980" lon="8.1375580">
    <ele>70.2</ele>
    <time>2025-07-08T13:50:09Z</time>
   </trkpt>
   <trkpt lat="62.4884050" lon="8.1375780">
    <ele>70.0</ele>
    <time>2025-07-08T13:50:10Z</time>
   </trkpt>
   <trkpt lat="62.4884140" lon="8.1375950">
    <ele>69.9</ele>
    <time>2025-07-08T13:50:11Z</time>
   </trkpt>
   <trkpt lat="62.4884210" lon="8.1376150">
    <ele>69.8</ele>
    <time>2025-07-08T13:50:12Z</time>
   </trkpt>
   <trkpt lat="62.4884270" lon="8.1376220">
    <ele>69.7</ele>
    <time>2025-07-08T13:50:13Z</time>
   </trkpt>
   <trkpt lat="62.4884380" lon="8.1376410">
    <ele>69.5</ele>
    <time>2025-07-08T13:50:14Z</time>
   </trkpt>
   <trkpt lat="62.4884530" lon="8.1376860">
    <ele>69.2</ele>
    <time>2025-07-08T13:50:15Z</time>
   </trkpt>
   <trkpt lat="62.4884570" lon="8.1376970">
    <ele>69.2</ele>
    <time>2025-07-08T13:50:16Z</time>
   </trkpt>
   <trkpt lat="62.4884680" lon="8.1377200">
    <ele>69.0</ele>
    <time>2025-07-08T13:50:17Z</time>
   </trkpt>
   <trkpt lat="62.4884760" lon="8.1377430">
    <ele>68.9</ele>
    <time>2025-07-08T13:50:18Z</time>
   </trkpt>
   <trkpt lat="62.4884850" lon="8.1377570">
    <ele>68.7</ele>
    <time>2025-07-08T13:50:19Z</time>
   </trkpt>
   <trkpt lat="62.4884880" lon="8.1377760">
    <ele>68.6</ele>
    <time>2025-07-08T13:50:20Z</time>
   </trkpt>
   <trkpt lat="62.4884910" lon="8.1377950">
    <ele>68.5</ele>
    <time>2025-07-08T13:50:21Z</time>
   </trkpt>
   <trkpt lat="62.4884850" lon="8.1378140">
    <ele>68.4</ele>
    <time>2025-07-08T13:50:22Z</time>
   </trkpt>
   <trkpt lat="62.4884830" lon="8.1378380">
    <ele>68.3</ele>
    <time>2025-07-08T13:50:23Z</time>
   </trkpt>
   <trkpt lat="62.4884830" lon="8.1378470">
    <ele>68.2</ele>
    <time>2025-07-08T13:50:24Z</time>
   </trkpt>
   <trkpt lat="62.4884890" lon="8.1378670">
    <ele>68.1</ele>
    <time>2025-07-08T13:50:25Z</time>
   </trkpt>
   <trkpt lat="62.4884910" lon="8.1378800">
    <ele>68.0</ele>
    <time>2025-07-08T13:50:26Z</time>
   </trkpt>
   <trkpt lat="62.4884920" lon="8.1378950">
    <ele>67.9</ele>
    <time>2025-07-08T13:50:27Z</time>
   </trkpt>
   <trkpt lat="62.4884940" lon="8.1379040">
    <ele>67.9</ele>
    <time>2025-07-08T13:50:28Z</time>
   </trkpt>
   <trkpt lat="62.4885010" lon="8.1379250">
    <ele>67.7</ele>
    <time>2025-07-08T13:50:29Z</time>
   </trkpt>
   <trkpt lat="62.4885120" lon="8.1379400">
    <ele>67.6</ele>
    <time>2025-07-08T13:50:30Z</time>
   </trkpt>
   <trkpt lat="62.4885210" lon="8.1379670">
    <ele>67.4</ele>
    <time>2025-07-08T13:50:31Z</time>
   </trkpt>
   <trkpt lat="62.4885240" lon="8.1379850">
    <ele>67.3</ele>
    <time>2025-07-08T13:50:32Z</time>
   </trkpt>
   <trkpt lat="62.4885250" lon="8.1380070">
    <ele>67.1</ele>
    <time>2025-07-08T13:50:33Z</time>
   </trkpt>
   <trkpt lat="62.4885280" lon="8.1380290">
    <ele>67.0</ele>
    <time>2025-07-08T13:50:34Z</time>
   </trkpt>
   <trkpt lat="62.4885290" lon="8.1380420">
    <ele>66.9</ele>
    <time>2025-07-08T13:50:35Z</time>
   </trkpt>
   <trkpt lat="62.4885370" lon="8.1380630">
    <ele>66.7</ele>
    <time>2025-07-08T13:50:36Z</time>
   </trkpt>
   <trkpt lat="62.4885480" lon="8.1381050">
    <ele>66.4</ele>
    <time>2025-07-08T13:50:37Z</time>
   </trkpt>
   <trkpt lat="62.4885530" lon="8.1381190">
    <ele>66.3</ele>
    <time>2025-07-08T13:50:38Z</time>
   </trkpt>
   <trkpt lat="62.4885570" lon="8.1381340">
    <ele>66.2</ele>
    <time>2025-07-08T13:50:39Z</time>
   </trkpt>
   <trkpt lat="62.4885680" lon="8.1381640">
    <ele>65.9</ele>
    <time>2025-07-08T13:50:40Z</time>
   </trkpt>
   <trkpt lat="62.4885740" lon="8.1381820">
    <ele>65.8</ele>
    <time>2025-07-08T13:50:41Z</time>
   </trkpt>
   <trkpt lat="62.4885790" lon="8.1382000">
    <ele>65.6</ele>
    <time>2025-07-08T13:50:42Z</time>
   </trkpt>
   <trkpt lat="62.4885840" lon="8.1382170">
    <ele>65.5</ele>
    <time>2025-07-08T13:50:43Z</time>
   </trkpt>
   <trkpt lat="62.4885930" lon="8.1382430">
    <ele>65.2</ele>
    <time>2025-07-08T13:50:44Z</time>
   </trkpt>
   <trkpt lat="62.4885990" lon="8.1382650">
    <ele>65.1</ele>
    <time>2025-07-08T13:50:45Z</time>
   </trkpt>
   <trkpt lat="62.4885990" lon="8.1382900">
    <ele>64.9</ele>
    <time>2025-07-08T13:50:46Z</time>
   </trkpt>
   <trkpt lat="62.4885990" lon="8.1383050">
    <ele>64.8</ele>
    <time>2025-07-08T13:50:47Z</time>
   </trkpt>
   <trkpt lat="62.4886020" lon="8.1383220">
    <ele>64.6</ele>
    <time>2025-07-08T13:50:48Z</time>
   </trkpt>
   <trkpt lat="62.4886050" lon="8.1383400">
    <ele>64.5</ele>
    <time>2025-07-08T13:50:49Z</time>
   </trkpt>
   <trkpt lat="62.4886070" lon="8.1383690">
    <ele>64.3</ele>
    <time>2025-07-08T13:50:50Z</time>
   </trkpt>
   <trkpt lat="62.4886080" lon="8.1384050">
    <ele>64.0</ele>
    <time>2025-07-08T13:50:51Z</time>
   </trkpt>
   <trkpt lat="62.4886070" lon="8.1384530">
    <ele>63.7</ele>
    <time>2025-07-08T13:50:52Z</time>
   </trkpt>
   <trkpt lat="62.4886100" lon="8.1384730">
    <ele>63.6</ele>
    <time>2025-07-08T13:50:53Z</time>
   </trkpt>
   <trkpt lat="62.4886080" lon="8.1385310">
    <ele>63.2</ele>
    <time>2025-07-08T13:50:54Z</time>
   </trkpt>
   <trkpt lat="62.4886100" lon="8.1385530">
    <ele>63.1</ele>
    <time>2025-07-08T13:50:55Z</time>
   </trkpt>
   <trkpt lat="62.4886180" lon="8.1386220">
    <ele>62.6</ele>
    <time>2025-07-08T13:50:56Z</time>
   </trkpt>
   <trkpt lat="62.4886230" lon="8.1386430">
    <ele>62.5</ele>
    <time>2025-07-08T13:50:57Z</time>
   </trkpt>
   <trkpt lat="62.4886420" lon="8.1386980">
    <ele>62.1</ele>
    <time>2025-07-08T13:50:58Z</time>
   </trkpt>
   <trkpt lat="62.4886480" lon="8.1387170">
    <ele>62.0</ele>
    <time>2025-07-08T13:50:59Z</time>
   </trkpt>
   <trkpt lat="62.4886630" lon="8.1387430">
    <ele>61.8</ele>
    <time>2025-07-08T13:51:00Z</time>
   </trkpt>
   <trkpt lat="62.4886730" lon="8.1387710">
    <ele>61.6</ele>
    <time>2025-07-08T13:51:01Z</time>
   </trkpt>
   <trkpt lat="62.4886840" lon="8.1387970">
    <ele>61.5</ele>
    <time>2025-07-08T13:51:02Z</time>
   </trkpt>
   <trkpt lat="62.4886950" lon="8.1388250">
    <ele>61.3</ele>
    <time>2025-07-08T13:51:03Z</time>
   </trkpt>
   <trkpt lat="62.4887050" lon="8.1388530">
    <ele>61.2</ele>
    <time>2025-07-08T13:51:04Z</time>
   </trkpt>
   <trkpt lat="62.4887140" lon="8.1388820">
    <ele>61.0</ele>
    <time>2025-07-08T13:51:05Z</time>
   </trkpt>
   <trkpt lat="62.4887260" lon="8.1389080">
    <ele>60.9</ele>
    <time>2025-07-08T13:51:06Z</time>
   </trkpt>
   <trkpt lat="62.4887370" lon="8.1389300">
    <ele>60.8</ele>
    <time>2025-07-08T13:51:07Z</time>
   </trkpt>
   <trkpt lat="62.4887490" lon="8.1389540">
    <ele>60.6</ele>
    <time>2025-07-08T13:51:08Z</time>
   </trkpt>
   <trkpt lat="62.4887600" lon="8.1389780">
    <ele>60.5</ele>
    <time>2025-07-08T13:51:09Z</time>
   </trkpt>
   <trkpt lat="62.4887700" lon="8.1390040">
    <ele>60.4</ele>
    <time>2025-07-08T13:51:10Z</time>
   </trkpt>
   <trkpt lat="62.4887790" lon="8.1390290">
    <ele>60.3</ele>
    <time>2025-07-08T13:51:11Z</time>
   </trkpt>
   <trkpt lat="62.4887880" lon="8.1390550">
    <ele>60.2</ele>
    <time>2025-07-08T13:51:12Z</time>
   </trkpt>
   <trkpt lat="62.4887970" lon="8.1390790">
    <ele>60.1</ele>
    <time>2025-07-08T13:51:13Z</time>
   </trkpt>
   <trkpt lat="62.4888120" lon="8.1391120">
    <ele>59.9</ele>
    <time>2025-07-08T13:51:14Z</time>
   </trkpt>
   <trkpt lat="62.4888160" lon="8.1391270">
    <ele>59.8</ele>
    <time>2025-07-08T13:51:15Z</time>
   </trkpt>
   <trkpt lat="62.4888210" lon="8.1391410">
    <ele>59.8</ele>
    <time>2025-07-08T13:51:16Z</time>
   </trkpt>
   <trkpt lat="62.4888220" lon="8.1391580">
    <ele>59.7</ele>
    <time>2025-07-08T13:51:17Z</time>
   </trkpt>
   <trkpt lat="62.4888300" lon="8.1391720">
    <ele>59.6</ele>
    <time>2025-07-08T13:51:18Z</time>
   </trkpt>
   <trkpt lat="62.4888360" lon="8.1391930">
    <ele>59.5</ele>
    <time>2025-07-08T13:51:19Z</time>
   </trkpt>
   <trkpt lat="62.4888390" lon="8.1392150">
    <ele>59.4</ele>
    <time>2025-07-08T13:51:20Z</time>
   </trkpt>
   <trkpt lat="62.4888460" lon="8.1392310">
    <ele>59.4</ele>
    <time>2025-07-08T13:51:21Z</time>
   </trkpt>
   <trkpt lat="62.4888510" lon="8.1392470">
    <ele>59.3</ele>
    <time>2025-07-08T13:51:22Z</time>
   </trkpt>
   <trkpt lat="62.4888570" lon="8.1392720">
    <ele>59.2</ele>
    <time>2025-07-08T13:51:23Z</time>
   </trkpt>
   <trkpt lat="62.4888660" lon="8.1393050">
    <ele>59.0</ele>
    <time>2025-07-08T13:51:24Z</time>
   </trkpt>
   <trkpt lat="62.4888740" lon="8.1393340">
    <ele>58.9</ele>
    <time>2025-07-08T13:51:25Z</time>
   </trkpt>
   <trkpt lat="62.4888840" lon="8.1393640">
    <ele>58.8</ele>
    <time>2025-07-08T13:51:26Z</time>
   </trkpt>
   <trkpt lat="62.4888910" lon="8.1393920">
    <ele>58.7</ele>
    <time>2025-07-08T13:51:27Z</time>
   </trkpt>
   <trkpt lat="62.4889000" lon="8.1394210">
    <ele>58.6</ele>
    <time>2025-07-08T13:51:28Z</time>
   </trkpt>
   <trkpt lat="62.4889110" lon="8.1394470">
    <ele>58.4</ele>
    <time>2025-07-08T13:51:29Z</time>
   </trkpt>
   <trkpt lat="62.4889170" lon="8.1394790">
    <ele>58.3</ele>
    <time>2025-07-08T13:51:30Z</time>
   </trkpt>
   <trkpt lat="62.4889220" lon="8.1395110">
    <ele>58.2</ele>
    <time>2025-07-08T13:51:31Z</time>
   </trkpt>
   <trkpt lat="62.4889270" lon="8.1395370">
    <ele>58.1</ele>
    <time>2025-07-08T13:51:32Z</time>
   </trkpt>
   <trkpt lat="62.4889310" lon="8.1395660">
    <ele>58.0</ele>
    <time>2025-07-08T13:51:33Z</time>
   </trkpt>
   <trkpt lat="62.4889330" lon="8.1395960">
    <ele>57.9</ele>
    <time>2025-07-08T13:51:34Z</time>
   </trkpt>
   <trkpt lat="62.4889350" lon="8.1396250">
    <ele>57.8</ele>
    <time>2025-07-08T13:51:35Z</time>
   </trkpt>
   <trkpt lat="62.4889360" lon="8.1396550">
    <ele>57.7</ele>
    <time>2025-07-08T13:51:36Z</time>
   </trkpt>
   <trkpt lat="62.4889340" lon="8.1397020">
    <ele>57.6</ele>
    <time>2025-07-08T13:51:37Z</time>
   </trkpt>
   <trkpt lat="62.4889360" lon="8.1397200">
    <ele>57.5</ele>
    <time>2025-07-08T13:51:38Z</time>
   </trkpt>
   <trkpt lat="62.4889370" lon="8.1397370">
    <ele>57.5</ele>
    <time>2025-07-08T13:51:39Z</time>
   </trkpt>
   <trkpt lat="62.4889460" lon="8.1397660">
    <ele>57.4</ele>
    <time>2025-07-08T13:51:40Z</time>
   </trkpt>
   <trkpt lat="62.4889560" lon="8.1397900">
    <ele>57.3</ele>
    <time>2025-07-08T13:51:41Z</time>
   </trkpt>
   <trkpt lat="62.4889700" lon="8.1398110">
    <ele>57.2</ele>
    <time>2025-07-08T13:51:42Z</time>
   </trkpt>
   <trkpt lat="62.4889800" lon="8.1398300">
    <ele>57.1</ele>
    <time>2025-07-08T13:51:44Z</time>
   </trkpt>
   <trkpt lat="62.4889890" lon="8.1398520">
    <ele>57.0</ele>
    <time>2025-07-08T13:51:45Z</time>
   </trkpt>
   <trkpt lat="62.4890010" lon="8.1398740">
    <ele>56.9</ele>
    <time>2025-07-08T13:51:46Z</time>
   </trkpt>
   <trkpt lat="62.4890140" lon="8.1398900">
    <ele>56.8</ele>
    <time>2025-07-08T13:51:47Z</time>
   </trkpt>
   <trkpt lat="62.4890220" lon="8.1399130">
    <ele>56.8</ele>
    <time>2025-07-08T13:51:48Z</time>
   </trkpt>
   <trkpt lat="62.4890330" lon="8.1399300">
    <ele>56.7</ele>
    <time>2025-07-08T13:51:49Z</time>
   </trkpt>
   <trkpt lat="62.4890460" lon="8.1399500">
    <ele>56.6</ele>
    <time>2025-07-08T13:51:50Z</time>
   </trkpt>
   <trkpt lat="62.4890570" lon="8.1399700">
    <ele>56.6</ele>
    <time>2025-07-08T13:51:51Z</time>
   </trkpt>
   <trkpt lat="62.4890680" lon="8.1399920">
    <ele>56.5</ele>
    <time>2025-07-08T13:51:52Z</time>
   </trkpt>
   <trkpt lat="62.4890780" lon="8.1400070">
    <ele>56.5</ele>
    <time>2025-07-08T13:51:53Z</time>
   </trkpt>
   <trkpt lat="62.4890870" lon="8.1400250">
    <ele>56.5</ele>
    <time>2025-07-08T13:51:54Z</time>
   </trkpt>
   <trkpt lat="62.4890960" lon="8.1400360">
    <ele>56.4</ele>
    <time>2025-07-08T13:51:55Z</time>
   </trkpt>
   <trkpt lat="62.4890980" lon="8.1400520">
    <ele>56.4</ele>
    <time>2025-07-08T13:51:56Z</time>
   </trkpt>
   <trkpt lat="62.4891100" lon="8.1400580">
    <ele>56.4</ele>
    <time>2025-07-08T13:51:57Z</time>
   </trkpt>
   <trkpt lat="62.4891160" lon="8.1400870">
    <ele>56.3</ele>
    <time>2025-07-08T13:51:58Z</time>
   </trkpt>
   <trkpt lat="62.4891190" lon="8.1401120">
    <ele>56.3</ele>
    <time>2025-07-08T13:51:59Z</time>
   </trkpt>
   <trkpt lat="62.4891170" lon="8.1401370">
    <ele>56.3</ele>
    <time>2025-07-08T13:52:00Z</time>
   </trkpt>
   <trkpt lat="62.4891230" lon="8.1401570">
    <ele>56.3</ele>
    <time>2025-07-08T13:52:01Z</time>
   </trkpt>
   <trkpt lat="62.4891250" lon="8.1402000">
    <ele>56.2</ele>
    <time>2025-07-08T13:52:02Z</time>
   </trkpt>
   <trkpt lat="62.4891270" lon="8.1402180">
    <ele>56.2</ele>
    <time>2025-07-08T13:52:03Z</time>
   </trkpt>
   <trkpt lat="62.4891300" lon="8.1402350">
    <ele>56.2</ele>
    <time>2025-07-08T13:52:04Z</time>
   </trkpt>
   <trkpt lat="62.4891330" lon="8.1402760">
    <ele>56.1</ele>
    <time>2025-07-08T13:52:05Z</time>
   </trkpt>
   <trkpt lat="62.4891330" lon="8.1402950">
    <ele>56.1</ele>
    <time>2025-07-08T13:52:06Z</time>
   </trkpt>
   <trkpt lat="62.4891340" lon="8.1403150">
    <ele>56.1</ele>
    <time>2025-07-08T13:52:07Z</time>
   </trkpt>
   <trkpt lat="62.4891380" lon="8.1403590">
    <ele>56.1</ele>
    <time>2025-07-08T13:52:08Z</time>
   </trkpt>
   <trkpt lat="62.4891430" lon="8.1403770">
    <ele>56.0</ele>
    <time>2025-07-08T13:52:09Z</time>
   </trkpt>
   <trkpt lat="62.4891470" lon="8.1403940">
    <ele>56.0</ele>
    <time>2025-07-08T13:52:10Z</time>
   </trkpt>
   <trkpt lat="62.4891560" lon="8.1404130">
    <ele>56.0</ele>
    <time>2025-07-08T13:52:11Z</time>
   </trkpt>
   <trkpt lat="62.4891640" lon="8.1404360">
    <ele>56.0</ele>
    <time>2025-07-08T13:52:12Z</time>
   </trkpt>
   <trkpt lat="62.4891630" lon="8.1404570">
    <ele>56.0</ele>
    <time>2025-07-08T13:52:13Z</time>
   </trkpt>
   <trkpt lat="62.4891720" lon="8.1404700">
    <ele>55.9</ele>
    <time>2025-07-08T13:52:14Z</time>
   </trkpt>
   <trkpt lat="62.4891910" lon="8.1404900">
    <ele>55.9</ele>
    <time>2025-07-08T13:52:15Z</time>
   </trkpt>
   <trkpt lat="62.4892040" lon="8.1405080">
    <ele>55.9</ele>
    <time>2025-07-08T13:52:16Z</time>
   </trkpt>
   <trkpt lat="62.4892150" lon="8.1405330">
    <ele>55.8</ele>
    <time>2025-07-08T13:52:17Z</time>
   </trkpt>
   <trkpt lat="62.4892230" lon="8.1405570">
    <ele>55.8</ele>
    <time>2025-07-08T13:52:18Z</time>
   </trkpt>
   <trkpt lat="62.4892330" lon="8.1405810">
    <ele>55.8</ele>
    <time>2025-07-08T13:52:19Z</time>
   </trkpt>
   <trkpt lat="62.4892410" lon="8.1406210">
    <ele>55.7</ele>
    <time>2025-07-08T13:52:20Z</time>
   </trkpt>
   <trkpt lat="62.4892460" lon="8.1406380">
    <ele>55.7</ele>
    <time>2025-07-08T13:52:21Z</time>
   </trkpt>
   <trkpt lat="62.4892500" lon="8.1406550">
    <ele>55.7</ele>
    <time>2025-07-08T13:52:22Z</time>
   </trkpt>
   <trkpt lat="62.4892600" lon="8.1406790">
    <ele>55.7</ele>
    <time>2025-07-08T13:52:23Z</time>
   </trkpt>
   <trkpt lat="62.4892700" lon="8.1407050">
    <ele>55.6</ele>
    <time>2025-07-08T13:52:24Z</time>
   </trkpt>
   <trkpt lat="62.4892910" lon="8.1407530">
    <ele>55.6</ele>
    <time>2025-07-08T13:52:25Z</time>
   </trkpt>
   <trkpt lat="62.4892960" lon="8.1407670">
    <ele>55.6</ele>
    <time>2025-07-08T13:52:26Z</time>
   </trkpt>
   <trkpt lat="62.4893050" lon="8.1407960">
    <ele>55.5</ele>
    <time>2025-07-08T13:52:27Z</time>
   </trkpt>
   <trkpt lat="62.4893140" lon="8.1408220">
    <ele>55.5</ele>
    <time>2025-07-08T13:52:28Z</time>
   </trkpt>
   <trkpt lat="62.4893350" lon="8.1408760">
    <ele>55.4</ele>
    <time>2025-07-08T13:52:29Z</time>
   </trkpt>
   <trkpt lat="62.4893460" lon="8.1409020">
    <ele>55.4</ele>
    <time>2025-07-08T13:52:30Z</time>
   </trkpt>
   <trkpt lat="62.4893560" lon="8.1409240">
    <ele>55.4</ele>
    <time>2025-07-08T13:52:31Z</time>
   </trkpt>
   <trkpt lat="62.4893640" lon="8.1409550">
    <ele>55.3</ele>
    <time>2025-07-08T13:52:32Z</time>
   </trkpt>
   <trkpt lat="62.4893720" lon="8.1409820">
    <ele>55.3</ele>
    <time>2025-07-08T13:52:33Z</time>
   </trkpt>
   <trkpt lat="62.4893970" lon="8.1410180">
    <ele>55.2</ele>
    <time>2025-07-08T13:52:34Z</time>
   </trkpt>
   <trkpt lat="62.4894070" lon="8.1410330">
    <ele>55.2</ele>
    <time>2025-07-08T13:52:35Z</time>
   </trkpt>
   <trkpt lat="62.4894290" lon="8.1410950">
    <ele>55.1</ele>
    <time>2025-07-08T13:52:36Z</time>
   </trkpt>
   <trkpt lat="62.4894330" lon="8.1411130">
    <ele>55.1</ele>
    <time>2025-07-08T13:52:37Z</time>
   </trkpt>
   <trkpt lat="62.4894340" lon="8.1411440">
    <ele>55.0</ele>
    <time>2025-07-08T13:52:38Z</time>
   </trkpt>
   <trkpt lat="62.4894260" lon="8.1411580">
    <ele>55.0</ele>
    <time>2025-07-08T13:52:39Z</time>
   </trkpt>
   <trkpt lat="62.4894220" lon="8.1411750">
    <ele>55.0</ele>
    <time>2025-07-08T13:52:40Z</time>
   </trkpt>
   <trkpt lat="62.4894130" lon="8.1411850">
    <ele>55.0</ele>
    <time>2025-07-08T13:52:41Z</time>
   </trkpt>
   <trkpt lat="62.4894140" lon="8.1411840">
    <ele>55.0</ele>
    <time>2025-07-08T13:52:42Z</time>
   </trkpt>
   <trkpt lat="62.4894160" lon="8.1411860">
    <ele>54.9</ele>
    <time>2025-07-08T13:52:43Z</time>
   </trkpt>
   <trkpt lat="62.4894150" lon="8.1411880">
    <ele>54.9</ele>
    <time>2025-07-08T13:52:44Z</time>
   </trkpt>
   <trkpt lat="62.4894150" lon="8.1411870">
    <ele>54.9</ele>
    <time>2025-07-08T13:52:45Z</time>
   </trkpt>
   <trkpt lat="62.4894140" lon="8.1411880">
    <ele>54.9</ele>
    <time>2025-07-08T13:52:46Z</time>
   </trkpt>
   <trkpt lat="62.4894130" lon="8.1411860">
    <ele>54.9</ele>
    <time>2025-07-08T13:52:47Z</time>
   </trkpt>
   <trkpt lat="62.4894130" lon="8.1411860">
    <ele>54.9</ele>
    <time>2025-07-08T13:52:48Z</time>
   </trkpt>
   <trkpt lat="62.4894130" lon="8.1411860">
    <ele>54.9</ele>
    <time>2025-07-08T13:52:49Z</time>
   </trkpt>
   <trkpt lat="62.4894130" lon="8.1411860">
    <ele>54.9</ele>
    <time>2025-07-08T13:52:50Z</time>
   </trkpt>
   <trkpt lat="62.4894130" lon="8.1411860">
    <ele>54.9</ele>
    <time>2025-07-08T13:52:51Z</time>
   </trkpt>
   <trkpt lat="62.4894130" lon="8.1411850">
    <ele>54.9</ele>
    <time>2025-07-08T13:52:52Z</time>
   </trkpt>
   <trkpt lat="62.4894130" lon="8.1411860">
    <ele>54.9</ele>
    <time>2025-07-08T13:52:53Z</time>
   </trkpt>
   <trkpt lat="62.4894130" lon="8.1411860">
    <ele>54.9</ele>
    <time>2025-07-08T13:52:54Z</time>
   </trkpt>
   <trkpt lat="62.4894130" lon="8.1411860">
    <ele>54.9</ele>
    <time>2025-07-08T13:52:55Z</time>
   </trkpt>
   <trkpt lat="62.4894130" lon="8.1411860">
    <ele>54.9</ele>
    <time>2025-07-08T13:52:56Z</time>
   </trkpt>
   <trkpt lat="62.4894130" lon="8.1411860">
    <ele>54.9</ele>
    <time>2025-07-08T13:52:57Z</time>
   </trkpt>
   <trkpt lat="62.4894130" lon="8.1411860">
    <ele>54.9</ele>
    <time>2025-07-08T13:52:58Z</time>
   </trkpt>
   <trkpt lat="62.4894130" lon="8.1411860">
    <ele>54.9</ele>
    <time>2025-07-08T13:52:59Z</time>
   </trkpt>
   <trkpt lat="62.4894130" lon="8.1411860">
    <ele>54.9</ele>
    <time>2025-07-08T13:53:00Z</time>
   </trkpt>
   <trkpt lat="62.4894130" lon="8.1411860">
    <ele>54.9</ele>
    <time>2025-07-08T13:53:01Z</time>
   </trkpt>
   <trkpt lat="62.4894130" lon="8.1411860">
    <ele>54.9</ele>
    <time>2025-07-08T13:53:02Z</time>
   </trkpt>
   <trkpt lat="62.4894130" lon="8.1411860">
    <ele>54.9</ele>
    <time>2025-07-08T13:53:03Z</time>
   </trkpt>
   <trkpt lat="62.4894130" lon="8.1411860">
    <ele>54.9</ele>
    <time>2025-07-08T13:53:04Z</time>
   </trkpt>
   <trkpt lat="62.4894130" lon="8.1411860">
    <ele>54.9</ele>
    <time>2025-07-08T13:53:05Z</time>
   </trkpt>
   <trkpt lat="62.4894130" lon="8.1411860">
    <ele>54.9</ele>
    <time>2025-07-08T13:53:06Z</time>
   </trkpt>
   <trkpt lat="62.4894130" lon="8.1411860">
    <ele>54.9</ele>
    <time>2025-07-08T13:53:07Z</time>
   </trkpt>
   <trkpt lat="62.4894130" lon="8.1411860">
    <ele>54.9</ele>
    <time>2025-07-08T13:53:08Z</time>
   </trkpt>
   <trkpt lat="62.4894130" lon="8.1411860">
    <ele>54.9</ele>
    <time>2025-07-08T13:53:09Z</time>
   </trkpt>
   <trkpt lat="62.4894130" lon="8.1411860">
    <ele>54.9</ele>
    <time>2025-07-08T13:53:10Z</time>
   </trkpt>
   <trkpt lat="62.4894130" lon="8.1411810">
    <ele>54.9</ele>
    <time>2025-07-08T13:53:11Z</time>
   </trkpt>
   <trkpt lat="62.4894130" lon="8.1411810">
    <ele>54.9</ele>
    <time>2025-07-08T13:53:12Z</time>
   </trkpt>
   <trkpt lat="62.4894140" lon="8.1411810">
    <ele>54.9</ele>
    <time>2025-07-08T13:53:13Z</time>
   </trkpt>
   <trkpt lat="62.4894140" lon="8.1411810">
    <ele>54.9</ele>
    <time>2025-07-08T13:53:14Z</time>
   </trkpt>
   <trkpt lat="62.4894170" lon="8.1411590">
    <ele>54.9</ele>
    <time>2025-07-08T13:53:15Z</time>
   </trkpt>
   <trkpt lat="62.4894140" lon="8.1411590">
    <ele>54.9</ele>
    <time>2025-07-08T13:53:16Z</time>
   </trkpt>
   <trkpt lat="62.4894180" lon="8.1411610">
    <ele>54.9</ele>
    <time>2025-07-08T13:53:17Z</time>
   </trkpt>
   <trkpt lat="62.4894150" lon="8.1411600">
    <ele>54.9</ele>
    <time>2025-07-08T13:53:18Z</time>
   </trkpt>
   <trkpt lat="62.4894170" lon="8.1411570">
    <ele>54.9</ele>
    <time>2025-07-08T13:53:19Z</time>
   </trkpt>
   <trkpt lat="62.4894190" lon="8.1411560">
    <ele>54.9</ele>
    <time>2025-07-08T13:53:20Z</time>
   </trkpt>
   <trkpt lat="62.4894190" lon="8.1411560">
    <ele>54.9</ele>
    <time>2025-07-08T13:53:21Z</time>
   </trkpt>
   <trkpt lat="62.4894190" lon="8.1411560">
    <ele>54.9</ele>
    <time>2025-07-08T13:53:22Z</time>
   </trkpt>
   <trkpt lat="62.4894190" lon="8.1411560">
    <ele>54.9</ele>
    <time>2025-07-08T13:53:23Z</time>
   </trkpt>
   <trkpt lat="62.4894190" lon="8.1411560">
    <ele>54.9</ele>
    <time>2025-07-08T13:53:24Z</time>
   </trkpt>
   <trkpt lat="62.4894190" lon="8.1411560">
    <ele>54.9</ele>
    <time>2025-07-08T13:53:25Z</time>
   </trkpt>
   <trkpt lat="62.4894190" lon="8.1411560">
    <ele>54.9</ele>
    <time>2025-07-08T13:53:26Z</time>
   </trkpt>
   <trkpt lat="62.4894190" lon="8.1411560">
    <ele>54.9</ele>
    <time>2025-07-08T13:53:27Z</time>
   </trkpt>
   <trkpt lat="62.4894120" lon="8.1411780">
    <ele>54.8</ele>
    <time>2025-07-08T13:53:28Z</time>
   </trkpt>
   <trkpt lat="62.4894120" lon="8.1411760">
    <ele>54.8</ele>
    <time>2025-07-08T13:53:29Z</time>
   </trkpt>
   <trkpt lat="62.4894080" lon="8.1411840">
    <ele>54.8</ele>
    <time>2025-07-08T13:53:30Z</time>
   </trkpt>
   <trkpt lat="62.4894090" lon="8.1411820">
    <ele>54.8</ele>
    <time>2025-07-08T13:53:31Z</time>
   </trkpt>
   <trkpt lat="62.4894090" lon="8.1411820">
    <ele>54.8</ele>
    <time>2025-07-08T13:53:32Z</time>
   </trkpt>
   <trkpt lat="62.4894090" lon="8.1411820">
    <ele>54.8</ele>
    <time>2025-07-08T13:53:33Z</time>
   </trkpt>
   <trkpt lat="62.4894090" lon="8.1411820">
    <ele>54.8</ele>
    <time>2025-07-08T13:53:34Z</time>
   </trkpt>
   <trkpt lat="62.4894100" lon="8.1411780">
    <ele>54.8</ele>
    <time>2025-07-08T13:53:35Z</time>
   </trkpt>
   <trkpt lat="62.4894100" lon="8.1411780">
    <ele>54.8</ele>
    <time>2025-07-08T13:53:36Z</time>
   </trkpt>
   <trkpt lat="62.4894100" lon="8.1411760">
    <ele>54.8</ele>
    <time>2025-07-08T13:53:37Z</time>
   </trkpt>
   <trkpt lat="62.4894110" lon="8.1411740">
    <ele>54.8</ele>
    <time>2025-07-08T13:53:38Z</time>
   </trkpt>
   <trkpt lat="62.4894110" lon="8.1411740">
    <ele>54.8</ele>
    <time>2025-07-08T13:53:39Z</time>
   </trkpt>
   <trkpt lat="62.4894110" lon="8.1411740">
    <ele>54.8</ele>
    <time>2025-07-08T13:53:40Z</time>
   </trkpt>
   <trkpt lat="62.4894110" lon="8.1411730">
    <ele>54.8</ele>
    <time>2025-07-08T13:53:41Z</time>
   </trkpt>
   <trkpt lat="62.4894110" lon="8.1411730">
    <ele>54.8</ele>
    <time>2025-07-08T13:53:42Z</time>
   </trkpt>
   <trkpt lat="62.4894110" lon="8.1411730">
    <ele>54.8</ele>
    <time>2025-07-08T13:53:43Z</time>
   </trkpt>
   <trkpt lat="62.4894110" lon="8.1411730">
    <ele>54.8</ele>
    <time>2025-07-08T13:53:44Z</time>
   </trkpt>
   <trkpt lat="62.4894110" lon="8.1411730">
    <ele>54.8</ele>
    <time>2025-07-08T13:53:45Z</time>
   </trkpt>
   <trkpt lat="62.4894110" lon="8.1411730">
    <ele>54.8</ele>
    <time>2025-07-08T13:53:46Z</time>
   </trkpt>
   <trkpt lat="62.4894110" lon="8.1411730">
    <ele>54.8</ele>
    <time>2025-07-08T13:53:47Z</time>
   </trkpt>
   <trkpt lat="62.4894110" lon="8.1411730">
    <ele>54.8</ele>
    <time>2025-07-08T13:53:48Z</time>
   </trkpt>
   <trkpt lat="62.4894110" lon="8.1411720">
    <ele>54.8</ele>
    <time>2025-07-08T13:53:50Z</time>
   </trkpt>
   <trkpt lat="62.4894110" lon="8.1411720">
    <ele>54.8</ele>
    <time>2025-07-08T13:53:51Z</time>
   </trkpt>
   <trkpt lat="62.4894110" lon="8.1411720">
    <ele>54.8</ele>
    <time>2025-07-08T13:53:52Z</time>
   </trkpt>
   <trkpt lat="62.4894110" lon="8.1411720">
    <ele>54.8</ele>
    <time>2025-07-08T13:53:53Z</time>
   </trkpt>
   <trkpt lat="62.4894110" lon="8.1411720">
    <ele>54.8</ele>
    <time>2025-07-08T13:53:54Z</time>
   </trkpt>
   <trkpt lat="62.4894110" lon="8.1411720">
    <ele>54.8</ele>
    <time>2025-07-08T13:53:55Z</time>
   </trkpt>
   <trkpt lat="62.4894110" lon="8.1411710">
    <ele>54.8</ele>
    <time>2025-07-08T13:53:56Z</time>
   </trkpt>
   <trkpt lat="62.4894110" lon="8.1411710">
    <ele>54.8</ele>
    <time>2025-07-08T13:53:57Z</time>
   </trkpt>
   <trkpt lat="62.4894120" lon="8.1411710">
    <ele>54.8</ele>
    <time>2025-07-08T13:53:58Z</time>
   </trkpt>
   <trkpt lat="62.4894120" lon="8.1411700">
    <ele>54.8</ele>
    <time>2025-07-08T13:53:59Z</time>
   </trkpt>
   <trkpt lat="62.4894120" lon="8.1411700">
    <ele>54.8</ele>
    <time>2025-07-08T13:54:00Z</time>
   </trkpt>
   <trkpt lat="62.4894120" lon="8.1411700">
    <ele>54.8</ele>
    <time>2025-07-08T13:54:01Z</time>
   </trkpt>
   <trkpt lat="62.4894130" lon="8.1411680">
    <ele>54.8</ele>
    <time>2025-07-08T13:54:02Z</time>
   </trkpt>
   <trkpt lat="62.4894140" lon="8.1411700">
    <ele>54.8</ele>
    <time>2025-07-08T13:54:03Z</time>
   </trkpt>
   <trkpt lat="62.4894140" lon="8.1411700">
    <ele>54.8</ele>
    <time>2025-07-08T13:54:04Z</time>
   </trkpt>
   <trkpt lat="62.4894180" lon="8.1411700">
    <ele>54.8</ele>
    <time>2025-07-08T13:54:05Z</time>
   </trkpt>
   <trkpt lat="62.4894210" lon="8.1411700">
    <ele>54.8</ele>
    <time>2025-07-08T13:54:06Z</time>
   </trkpt>
   <trkpt lat="62.4894190" lon="8.1411710">
    <ele>54.8</ele>
    <time>2025-07-08T13:54:07Z</time>
   </trkpt>
   <trkpt lat="62.4894210" lon="8.1411690">
    <ele>54.8</ele>
    <time>2025-07-08T13:54:08Z</time>
   </trkpt>
   <trkpt lat="62.4894140" lon="8.1411720">
    <ele>54.8</ele>
    <time>2025-07-08T13:54:09Z</time>
   </trkpt>
   <trkpt lat="62.4894150" lon="8.1411710">
    <ele>54.8</ele>
    <time>2025-07-08T13:54:10Z</time>
   </trkpt>
   <trkpt lat="62.4894150" lon="8.1411710">
    <ele>54.8</ele>
    <time>2025-07-08T13:54:11Z</time>
   </trkpt>
   <trkpt lat="62.4894150" lon="8.1411710">
    <ele>54.8</ele>
    <time>2025-07-08T13:54:12Z</time>
   </trkpt>
   <trkpt lat="62.4894150" lon="8.1411710">
    <ele>54.8</ele>
    <time>2025-07-08T13:54:13Z</time>
   </trkpt>
  </trkseg>
 </trk>
</gpx>
