<?xml version="1.0" encoding="UTF-8" standalone="no" ?>
<gpx xmlns="http://www.topografix.com/GPX/1/1" xmlns:gpxx="http://www.garmin.com/xmlschemas/GpxExtensions/v3" xmlns:gpxtpx="http://www.garmin.com/xmlschemas/TrackPointExtension/v1" creator="mapstogpx.com" version="1.1" xmlns:xsi="http://www.w3.org/2001/XMLSchema-instance" xsi:schemaLocation="http://www.topografix.com/GPX/1/1 http://www.topografix.com/GPX/1/1/gpx.xsd http://www.garmin.com/xmlschemas/GpxExtensions/v3 http://www.garmin.com/xmlschemas/GpxExtensionsv3.xsd http://www.garmin.com/xmlschemas/TrackPointExtension/v1 http://www.garmin.com/xmlschemas/TrackPointExtensionv1.xsd">
  <metadata>
    <link href="http://www.mapstogpx.com">
      <text>Sverrir Sigmundarson</text>
    </link>
    <!--desc>Powered by Google, ©2025 Google</desc-->
    <!--copyright author="Google Inc">
    	<year>2025</year>
    	<license>https://developers.google.com/maps/terms</license>
    </copyright-->
    <!--url>https://www.google.com/maps/dir/46.5701601,11.9327207/Strada+Micur%C3%A0+de+R%C3%BC,+23,+39030+San+Cassiano+BZ,+Italy/46.61378937571399,+12.292810115149386/Strada+Micur%C3%A0+de+R%C3%BC,+23/46.5702142,11.9325565/@46.5451837,12.1358963,16.11z/data=!3m1!5s0x47829c2dbcb700d7:0xbfc71dae1a858805!4m25!4m24!1m5!3m4!1m2!1d11.9291556!2d46.5719016!3s0x47783eb537ac9b3d:0x92c868ce1c078811!1m5!1m1!1s0x4778394aec52359b:0xca436366cb1324b0!2m2!1d11.9317544!2d46.5717742!1m3!2m2!1d12.2928101!2d46.6137894!1m5!1m1!1s0x4778394aec52359b:0xca436366cb1324b0!2m2!1d11.9317544!2d46.5717742!1m0!3e0?entry=tts&g_ep=EgoyMDI1MDkwNy4wKgBIAVAD&skid=6c09ddec-b18e-4bd9-888e-3fa3945042b2&hl=en</url-->
    <time>2025-09-10T13:47:24Z</time>
  </metadata>
  <wpt lat="46.5701601" lon="11.9327207">
    <name>39030 San Cassiano BZ</name>
    <desc>Strada Micurà de Rü, 28, 39030 San Cassiano BZ, Italy</desc>
  </wpt>
  <wpt lat="46.5717742" lon="11.9317544">
    <name>Strada Micurà de Rü</name>
    <desc>Strada Micurà de Rü, 23, 39030 San Cassiano BZ, Italy</desc>
  </wpt>
  <wpt lat="46.6137088" lon="12.292948">
    <name>Auronzo di Cadore</name>
    <desc>Auronzo di Cadore, 32041 Province of Belluno, Italy</desc>
  </wpt>
  <wpt lat="46.5717742" lon="11.9317544">
    <name>Strada Micurà de Rü</name>
    <desc>Strada Micurà de Rü, 23, 39030 San Cassiano BZ, Italy</desc>
  </wpt>
  <wpt lat="46.5702142" lon="11.9325565">
    <name>39030 San Cassiano BZ</name>
    <desc>Strada Micurà de Rü, 39030 San Cassiano BZ, Italy</desc>
  </wpt>
<trk>
  <name>July 27 2025 3 driving</name>
  <number>1</number>
  <trkseg>
  <trkpt lat="46.5702156" lon="11.9327626">
    <name>TP001</name>
  </trkpt>
  <trkpt lat="46.57021" lon="11.93277">
    <name>TP002</name>
  </trkpt>
  <trkpt lat="46.57019" lon="11.93283">
    <name>TP003</name>
  </trkpt>
  <trkpt lat="46.57018" lon="11.93286">
    <name>TP004</name>
  </trkpt>
  <trkpt lat="46.57017" lon="11.93288">
    <name>TP005</name>
  </trkpt>
  <trkpt lat="46.57014" lon="11.9329">
    <name>TP006</name>
  </trkpt>
  <trkpt lat="46.57009" lon="11.93293">
    <name>TP007</name>
  </trkpt>
  <trkpt lat="46.57005" lon="11.93295">
    <name>TP008</name>
  </trkpt>
  <trkpt lat="46.57002" lon="11.93295">
    <name>TP009</name>
  </trkpt>
  <trkpt lat="46.56998" lon="11.93296">
    <name>TP010</name>
  </trkpt>
  <trkpt lat="46.5699781" lon="11.9329591">
    <name>TP011</name>
  </trkpt>
  <trkpt lat="46.57007" lon="11.93238">
    <name>TP012</name>
  </trkpt>
  <trkpt lat="46.5702" lon="11.9319">
    <name>TP013</name>
  </trkpt>
  <trkpt lat="46.57028" lon="11.93171">
    <name>TP014</name>
  </trkpt>
  <trkpt lat="46.57034" lon="11.93159">
    <name>TP015</name>
  </trkpt>
  <trkpt lat="46.57041" lon="11.93147">
    <name>TP016</name>
  </trkpt>
  <trkpt lat="46.5706" lon="11.93122">
    <name>TP017</name>
  </trkpt>
  <trkpt lat="46.57076" lon="11.93108">
    <name>TP018</name>
  </trkpt>
  <trkpt lat="46.57083" lon="11.93103">
    <name>TP019</name>
  </trkpt>
  <trkpt lat="46.57089" lon="11.93097">
    <name>TP020</name>
  </trkpt>
  <trkpt lat="46.57091" lon="11.93094">
    <name>TP021</name>
  </trkpt>
  <trkpt lat="46.57093" lon="11.93091">
    <name>TP022</name>
  </trkpt>
  <trkpt lat="46.57096" lon="11.93086">
    <name>TP023</name>
  </trkpt>
  <trkpt lat="46.57102" lon="11.93074">
    <name>TP024</name>
  </trkpt>
  <trkpt lat="46.57113" lon="11.93053">
    <name>TP025</name>
  </trkpt>
  <trkpt lat="46.57117" lon="11.93046">
    <name>TP026</name>
  </trkpt>
  <trkpt lat="46.57135" lon="11.93012">
    <name>TP027</name>
  </trkpt>
  <trkpt lat="46.57143" lon="11.92991">
    <name>TP028</name>
  </trkpt>
  <trkpt lat="46.57151" lon="11.92971">
    <name>TP029</name>
  </trkpt>
  <trkpt lat="46.57152" lon="11.92969">
    <name>TP030</name>
  </trkpt>
  <trkpt lat="46.57158" lon="11.92959">
    <name>TP031</name>
  </trkpt>
  <trkpt lat="46.57162" lon="11.92952">
    <name>TP032</name>
  </trkpt>
  <trkpt lat="46.5717" lon="11.92938">
    <name>TP033</name>
  </trkpt>
  <trkpt lat="46.57182" lon="11.92923">
    <name>TP034</name>
  </trkpt>
  <trkpt lat="46.5719" lon="11.92916">
    <name>TP035</name>
  </trkpt>
  <trkpt lat="46.57194" lon="11.92912">
    <name>TP036</name>
  </trkpt>
  <trkpt lat="46.57203" lon="11.92904">
    <name>TP037</name>
  </trkpt>
  <trkpt lat="46.57219" lon="11.92889">
    <name>TP038</name>
  </trkpt>
  <trkpt lat="46.57234" lon="11.92879">
    <name>TP039</name>
  </trkpt>
  <trkpt lat="46.57263" lon="11.92862">
    <name>TP040</name>
  </trkpt>
  <trkpt lat="46.57296" lon="11.92841">
    <name>TP041</name>
  </trkpt>
  <trkpt lat="46.5729562" lon="11.9284111">
    <name>TP042</name>
  </trkpt>
  <trkpt lat="46.57295" lon="11.92841">
    <name>TP043</name>
  </trkpt>
  <trkpt lat="46.57295" lon="11.92842">
    <name>TP044</name>
  </trkpt>
  <trkpt lat="46.57295" lon="11.92843">
    <name>TP045</name>
  </trkpt>
  <trkpt lat="46.57294" lon="11.92843">
    <name>TP046</name>
  </trkpt>
  <trkpt lat="46.57294" lon="11.92844">
    <name>TP047</name>
  </trkpt>
  <trkpt lat="46.57294" lon="11.92845">
    <name>TP048</name>
  </trkpt>
  <trkpt lat="46.57294" lon="11.92846">
    <name>TP049</name>
  </trkpt>
  <trkpt lat="46.57294" lon="11.92847">
    <name>TP050</name>
  </trkpt>
  <trkpt lat="46.57294" lon="11.92848">
    <name>TP051</name>
  </trkpt>
  <trkpt lat="46.57294" lon="11.92849">
    <name>TP052</name>
  </trkpt>
  <trkpt lat="46.57294" lon="11.9285">
    <name>TP053</name>
  </trkpt>
  <trkpt lat="46.57294" lon="11.92851">
    <name>TP054</name>
  </trkpt>
  <trkpt lat="46.57294" lon="11.92852">
    <name>TP055</name>
  </trkpt>
  <trkpt lat="46.57294" lon="11.92853">
    <name>TP056</name>
  </trkpt>
  <trkpt lat="46.57294" lon="11.92854">
    <name>TP057</name>
  </trkpt>
  <trkpt lat="46.57295" lon="11.92854">
    <name>TP058</name>
  </trkpt>
  <trkpt lat="46.57295" lon="11.92855">
    <name>TP059</name>
  </trkpt>
  <trkpt lat="46.57295" lon="11.92856">
    <name>TP060</name>
  </trkpt>
  <trkpt lat="46.57296" lon="11.92856">
    <name>TP061</name>
  </trkpt>
  <trkpt lat="46.57296" lon="11.92857">
    <name>TP062</name>
  </trkpt>
  <trkpt lat="46.57297" lon="11.92857">
    <name>TP063</name>
  </trkpt>
  <trkpt lat="46.57297" lon="11.92858">
    <name>TP064</name>
  </trkpt>
  <trkpt lat="46.57298" lon="11.92858">
    <name>TP065</name>
  </trkpt>
  <trkpt lat="46.57298" lon="11.92859">
    <name>TP066</name>
  </trkpt>
  <trkpt lat="46.57299" lon="11.92859">
    <name>TP067</name>
  </trkpt>
  <trkpt lat="46.573" lon="11.92859">
    <name>TP068</name>
  </trkpt>
  <trkpt lat="46.5729" lon="11.92881">
    <name>TP069</name>
  </trkpt>
  <trkpt lat="46.57287" lon="11.92886">
    <name>TP070</name>
  </trkpt>
  <trkpt lat="46.57286" lon="11.92888">
    <name>TP071</name>
  </trkpt>
  <trkpt lat="46.57285" lon="11.92891">
    <name>TP072</name>
  </trkpt>
  <trkpt lat="46.57282" lon="11.92896">
    <name>TP073</name>
  </trkpt>
  <trkpt lat="46.57278" lon="11.92901">
    <name>TP074</name>
  </trkpt>
  <trkpt lat="46.57276" lon="11.92903">
    <name>TP075</name>
  </trkpt>
  <trkpt lat="46.57271" lon="11.9291">
    <name>TP076</name>
  </trkpt>
  <trkpt lat="46.57251" lon="11.92935">
    <name>TP077</name>
  </trkpt>
  <trkpt lat="46.57246" lon="11.92942">
    <name>TP078</name>
  </trkpt>
  <trkpt lat="46.57241" lon="11.92948">
    <name>TP079</name>
  </trkpt>
  <trkpt lat="46.57237" lon="11.92952">
    <name>TP080</name>
  </trkpt>
  <trkpt lat="46.57228" lon="11.92964">
    <name>TP081</name>
  </trkpt>
  <trkpt lat="46.57197" lon="11.93001">
    <name>TP082</name>
  </trkpt>
  <trkpt lat="46.57194" lon="11.93006">
    <name>TP083</name>
  </trkpt>
  <trkpt lat="46.57192" lon="11.93013">
    <name>TP084</name>
  </trkpt>
  <trkpt lat="46.57165" lon="11.93108">
    <name>TP085</name>
  </trkpt>
  <trkpt lat="46.57162" lon="11.93116">
    <name>TP086</name>
  </trkpt>
  <trkpt lat="46.5716" lon="11.93123">
    <name>TP087</name>
  </trkpt>
  <trkpt lat="46.57154" lon="11.93145">
    <name>TP088</name>
  </trkpt>
  <trkpt lat="46.5715" lon="11.93155">
    <name>TP089</name>
  </trkpt>
  <trkpt lat="46.571497" lon="11.9315491">
    <name>TP090</name>
  </trkpt>
  <trkpt lat="46.5716" lon="11.93177">
    <name>TP091</name>
  </trkpt>
  <trkpt lat="46.57163" lon="11.93186">
    <name>TP092</name>
  </trkpt>
  <trkpt lat="46.5716338" lon="11.9318556">
    <name>TP093</name>
  </trkpt>
  <trkpt lat="46.5716338" lon="11.9318556">
    <name>TP094</name>
  </trkpt>
  <trkpt lat="46.5716" lon="11.93177">
    <name>TP095</name>
  </trkpt>
  <trkpt lat="46.5715" lon="11.93155">
    <name>TP096</name>
  </trkpt>
  <trkpt lat="46.571497" lon="11.9315491">
    <name>TP097</name>
  </trkpt>
  <trkpt lat="46.57154" lon="11.93145">
    <name>TP098</name>
  </trkpt>
  <trkpt lat="46.5716" lon="11.93123">
    <name>TP099</name>
  </trkpt>
  <trkpt lat="46.57162" lon="11.93116">
    <name>TP100</name>
  </trkpt>
  <trkpt lat="46.57165" lon="11.93108">
    <name>TP101</name>
  </trkpt>
  <trkpt lat="46.57192" lon="11.93013">
    <name>TP102</name>
  </trkpt>
  <trkpt lat="46.57194" lon="11.93006">
    <name>TP103</name>
  </trkpt>
  <trkpt lat="46.57197" lon="11.93001">
    <name>TP104</name>
  </trkpt>
  <trkpt lat="46.57228" lon="11.92964">
    <name>TP105</name>
  </trkpt>
  <trkpt lat="46.57237" lon="11.92952">
    <name>TP106</name>
  </trkpt>
  <trkpt lat="46.57241" lon="11.92948">
    <name>TP107</name>
  </trkpt>
  <trkpt lat="46.57246" lon="11.92942">
    <name>TP108</name>
  </trkpt>
  <trkpt lat="46.57251" lon="11.92935">
    <name>TP109</name>
  </trkpt>
  <trkpt lat="46.57271" lon="11.9291">
    <name>TP110</name>
  </trkpt>
  <trkpt lat="46.57276" lon="11.92903">
    <name>TP111</name>
  </trkpt>
  <trkpt lat="46.57278" lon="11.92901">
    <name>TP112</name>
  </trkpt>
  <trkpt lat="46.57282" lon="11.92896">
    <name>TP113</name>
  </trkpt>
  <trkpt lat="46.57285" lon="11.92891">
    <name>TP114</name>
  </trkpt>
  <trkpt lat="46.57286" lon="11.92888">
    <name>TP115</name>
  </trkpt>
  <trkpt lat="46.57287" lon="11.92886">
    <name>TP116</name>
  </trkpt>
  <trkpt lat="46.5729" lon="11.92881">
    <name>TP117</name>
  </trkpt>
  <trkpt lat="46.573" lon="11.92859">
    <name>TP118</name>
  </trkpt>
  <trkpt lat="46.5729964" lon="11.9285907">
    <name>TP119</name>
  </trkpt>
  <trkpt lat="46.57301" lon="11.92859">
    <name>TP120</name>
  </trkpt>
  <trkpt lat="46.57302" lon="11.92859">
    <name>TP121</name>
  </trkpt>
  <trkpt lat="46.57303" lon="11.92859">
    <name>TP122</name>
  </trkpt>
  <trkpt lat="46.57304" lon="11.92858">
    <name>TP123</name>
  </trkpt>
  <trkpt lat="46.57305" lon="11.92858">
    <name>TP124</name>
  </trkpt>
  <trkpt lat="46.57305" lon="11.92857">
    <name>TP125</name>
  </trkpt>
  <trkpt lat="46.57306" lon="11.92857">
    <name>TP126</name>
  </trkpt>
  <trkpt lat="46.57306" lon="11.92856">
    <name>TP127</name>
  </trkpt>
  <trkpt lat="46.57307" lon="11.92855">
    <name>TP128</name>
  </trkpt>
  <trkpt lat="46.57307" lon="11.92854">
    <name>TP129</name>
  </trkpt>
  <trkpt lat="46.57307" lon="11.92853">
    <name>TP130</name>
  </trkpt>
  <trkpt lat="46.57308" lon="11.92853">
    <name>TP131</name>
  </trkpt>
  <trkpt lat="46.57308" lon="11.92852">
    <name>TP132</name>
  </trkpt>
  <trkpt lat="46.57308" lon="11.92851">
    <name>TP133</name>
  </trkpt>
  <trkpt lat="46.57308" lon="11.9285">
    <name>TP134</name>
  </trkpt>
  <trkpt lat="46.57308" lon="11.92849">
    <name>TP135</name>
  </trkpt>
  <trkpt lat="46.57308" lon="11.92848">
    <name>TP136</name>
  </trkpt>
  <trkpt lat="46.57308" lon="11.92847">
    <name>TP137</name>
  </trkpt>
  <trkpt lat="46.57308" lon="11.92846">
    <name>TP138</name>
  </trkpt>
  <trkpt lat="46.57308" lon="11.92845">
    <name>TP139</name>
  </trkpt>
  <trkpt lat="46.57308" lon="11.92844">
    <name>TP140</name>
  </trkpt>
  <trkpt lat="46.57307" lon="11.92844">
    <name>TP141</name>
  </trkpt>
  <trkpt lat="46.57307" lon="11.92843">
    <name>TP142</name>
  </trkpt>
  <trkpt lat="46.57307" lon="11.92842">
    <name>TP143</name>
  </trkpt>
  <trkpt lat="46.57306" lon="11.92841">
    <name>TP144</name>
  </trkpt>
  <trkpt lat="46.57306" lon="11.9284">
    <name>TP145</name>
  </trkpt>
  <trkpt lat="46.57305" lon="11.9284">
    <name>TP146</name>
  </trkpt>
  <trkpt lat="46.57305" lon="11.92839">
    <name>TP147</name>
  </trkpt>
  <trkpt lat="46.57304" lon="11.92839">
    <name>TP148</name>
  </trkpt>
  <trkpt lat="46.57303" lon="11.92839">
    <name>TP149</name>
  </trkpt>
  <trkpt lat="46.57303" lon="11.92838">
    <name>TP150</name>
  </trkpt>
  <trkpt lat="46.57302" lon="11.92838">
    <name>TP151</name>
  </trkpt>
  <trkpt lat="46.57301" lon="11.92838">
    <name>TP152</name>
  </trkpt>
  <trkpt lat="46.573" lon="11.92838">
    <name>TP153</name>
  </trkpt>
  <trkpt lat="46.57299" lon="11.92838">
    <name>TP154</name>
  </trkpt>
  <trkpt lat="46.57298" lon="11.92838">
    <name>TP155</name>
  </trkpt>
  <trkpt lat="46.57298" lon="11.92839">
    <name>TP156</name>
  </trkpt>
  <trkpt lat="46.57297" lon="11.92839">
    <name>TP157</name>
  </trkpt>
  <trkpt lat="46.57297" lon="11.9284">
    <name>TP158</name>
  </trkpt>
  <trkpt lat="46.57296" lon="11.9284">
    <name>TP159</name>
  </trkpt>
  <trkpt lat="46.57296" lon="11.92841">
    <name>TP160</name>
  </trkpt>
  <trkpt lat="46.57263" lon="11.92862">
    <name>TP161</name>
  </trkpt>
  <trkpt lat="46.57234" lon="11.92879">
    <name>TP162</name>
  </trkpt>
  <trkpt lat="46.57219" lon="11.92889">
    <name>TP163</name>
  </trkpt>
  <trkpt lat="46.57203" lon="11.92904">
    <name>TP164</name>
  </trkpt>
  <trkpt lat="46.57194" lon="11.92912">
    <name>TP165</name>
  </trkpt>
  <trkpt lat="46.5719" lon="11.92916">
    <name>TP166</name>
  </trkpt>
  <trkpt lat="46.57182" lon="11.92923">
    <name>TP167</name>
  </trkpt>
  <trkpt lat="46.5717" lon="11.92938">
    <name>TP168</name>
  </trkpt>
  <trkpt lat="46.57162" lon="11.92952">
    <name>TP169</name>
  </trkpt>
  <trkpt lat="46.57158" lon="11.92959">
    <name>TP170</name>
  </trkpt>
  <trkpt lat="46.57152" lon="11.92969">
    <name>TP171</name>
  </trkpt>
  <trkpt lat="46.57151" lon="11.92971">
    <name>TP172</name>
  </trkpt>
  <trkpt lat="46.57143" lon="11.92991">
    <name>TP173</name>
  </trkpt>
  <trkpt lat="46.57135" lon="11.93012">
    <name>TP174</name>
  </trkpt>
  <trkpt lat="46.57117" lon="11.93046">
    <name>TP175</name>
  </trkpt>
  <trkpt lat="46.57113" lon="11.93053">
    <name>TP176</name>
  </trkpt>
  <trkpt lat="46.57102" lon="11.93074">
    <name>TP177</name>
  </trkpt>
  <trkpt lat="46.57096" lon="11.93086">
    <name>TP178</name>
  </trkpt>
  <trkpt lat="46.57093" lon="11.93091">
    <name>TP179</name>
  </trkpt>
  <trkpt lat="46.57091" lon="11.93094">
    <name>TP180</name>
  </trkpt>
  <trkpt lat="46.57089" lon="11.93097">
    <name>TP181</name>
  </trkpt>
  <trkpt lat="46.57083" lon="11.93103">
    <name>TP182</name>
  </trkpt>
  <trkpt lat="46.57076" lon="11.93108">
    <name>TP183</name>
  </trkpt>
  <trkpt lat="46.5706" lon="11.93122">
    <name>TP184</name>
  </trkpt>
  <trkpt lat="46.57041" lon="11.93147">
    <name>TP185</name>
  </trkpt>
  <trkpt lat="46.57034" lon="11.93159">
    <name>TP186</name>
  </trkpt>
  <trkpt lat="46.57028" lon="11.93171">
    <name>TP187</name>
  </trkpt>
  <trkpt lat="46.5702" lon="11.9319">
    <name>TP188</name>
  </trkpt>
  <trkpt lat="46.57007" lon="11.93238">
    <name>TP189</name>
  </trkpt>
  <trkpt lat="46.56998" lon="11.93296">
    <name>TP190</name>
  </trkpt>
  <trkpt lat="46.56985" lon="11.93347">
    <name>TP191</name>
  </trkpt>
  <trkpt lat="46.56967" lon="11.93422">
    <name>TP192</name>
  </trkpt>
  <trkpt lat="46.56954" lon="11.93486">
    <name>TP193</name>
  </trkpt>
  <trkpt lat="46.56949" lon="11.93509">
    <name>TP194</name>
  </trkpt>
  <trkpt lat="46.56947" lon="11.93517">
    <name>TP195</name>
  </trkpt>
  <trkpt lat="46.56939" lon="11.93535">
    <name>TP196</name>
  </trkpt>
  <trkpt lat="46.5693891" lon="11.9353522">
    <name>TP197</name>
  </trkpt>
  <trkpt lat="46.56938" lon="11.93535">
    <name>TP198</name>
  </trkpt>
  <trkpt lat="46.56938" lon="11.93536">
    <name>TP199</name>
  </trkpt>
  <trkpt lat="46.56937" lon="11.93536">
    <name>TP200</name>
  </trkpt>
  <trkpt lat="46.56936" lon="11.93536">
    <name>TP201</name>
  </trkpt>
  <trkpt lat="46.56936" lon="11.93537">
    <name>TP202</name>
  </trkpt>
  <trkpt lat="46.56935" lon="11.93537">
    <name>TP203</name>
  </trkpt>
  <trkpt lat="46.56934" lon="11.93538">
    <name>TP204</name>
  </trkpt>
  <trkpt lat="46.56933" lon="11.93539">
    <name>TP205</name>
  </trkpt>
  <trkpt lat="46.56933" lon="11.9354">
    <name>TP206</name>
  </trkpt>
  <trkpt lat="46.56932" lon="11.9354">
    <name>TP207</name>
  </trkpt>
  <trkpt lat="46.56932" lon="11.93541">
    <name>TP208</name>
  </trkpt>
  <trkpt lat="46.56931" lon="11.93542">
    <name>TP209</name>
  </trkpt>
  <trkpt lat="46.56931" lon="11.93543">
    <name>TP210</name>
  </trkpt>
  <trkpt lat="46.56931" lon="11.93544">
    <name>TP211</name>
  </trkpt>
  <trkpt lat="46.5693" lon="11.93544">
    <name>TP212</name>
  </trkpt>
  <trkpt lat="46.5693" lon="11.93545">
    <name>TP213</name>
  </trkpt>
  <trkpt lat="46.5693" lon="11.93546">
    <name>TP214</name>
  </trkpt>
  <trkpt lat="46.5693" lon="11.93547">
    <name>TP215</name>
  </trkpt>
  <trkpt lat="46.5693" lon="11.93548">
    <name>TP216</name>
  </trkpt>
  <trkpt lat="46.5693" lon="11.93549">
    <name>TP217</name>
  </trkpt>
  <trkpt lat="46.5693" lon="11.9355">
    <name>TP218</name>
  </trkpt>
  <trkpt lat="46.5693" lon="11.93551">
    <name>TP219</name>
  </trkpt>
  <trkpt lat="46.5693" lon="11.93552">
    <name>TP220</name>
  </trkpt>
  <trkpt lat="46.5693" lon="11.93553">
    <name>TP221</name>
  </trkpt>
  <trkpt lat="46.5693" lon="11.93554">
    <name>TP222</name>
  </trkpt>
  <trkpt lat="46.5693" lon="11.93555">
    <name>TP223</name>
  </trkpt>
  <trkpt lat="46.56904" lon="11.9358">
    <name>TP224</name>
  </trkpt>
  <trkpt lat="46.56892" lon="11.93591">
    <name>TP225</name>
  </trkpt>
  <trkpt lat="46.56889" lon="11.93595">
    <name>TP226</name>
  </trkpt>
  <trkpt lat="46.56885" lon="11.93599">
    <name>TP227</name>
  </trkpt>
  <trkpt lat="46.56875" lon="11.93613">
    <name>TP228</name>
  </trkpt>
  <trkpt lat="46.56867" lon="11.93626">
    <name>TP229</name>
  </trkpt>
  <trkpt lat="46.56864" lon="11.93632">
    <name>TP230</name>
  </trkpt>
  <trkpt lat="46.56857" lon="11.93644">
    <name>TP231</name>
  </trkpt>
  <trkpt lat="46.56852" lon="11.93655">
    <name>TP232</name>
  </trkpt>
  <trkpt lat="46.56845" lon="11.93674">
    <name>TP233</name>
  </trkpt>
  <trkpt lat="46.56844" lon="11.93676">
    <name>TP234</name>
  </trkpt>
  <trkpt lat="46.56842" lon="11.93685">
    <name>TP235</name>
  </trkpt>
  <trkpt lat="46.56839" lon="11.937">
    <name>TP236</name>
  </trkpt>
  <trkpt lat="46.56839" lon="11.93701">
    <name>TP237</name>
  </trkpt>
  <trkpt lat="46.56836" lon="11.93721">
    <name>TP238</name>
  </trkpt>
  <trkpt lat="46.56833" lon="11.93753">
    <name>TP239</name>
  </trkpt>
  <trkpt lat="46.56828" lon="11.93797">
    <name>TP240</name>
  </trkpt>
  <trkpt lat="46.56828" lon="11.93799">
    <name>TP241</name>
  </trkpt>
  <trkpt lat="46.56824" lon="11.93841">
    <name>TP242</name>
  </trkpt>
  <trkpt lat="46.56822" lon="11.93848">
    <name>TP243</name>
  </trkpt>
  <trkpt lat="46.56819" lon="11.93858">
    <name>TP244</name>
  </trkpt>
  <trkpt lat="46.56818" lon="11.93862">
    <name>TP245</name>
  </trkpt>
  <trkpt lat="46.56808" lon="11.93889">
    <name>TP246</name>
  </trkpt>
  <trkpt lat="46.56801" lon="11.93912">
    <name>TP247</name>
  </trkpt>
  <trkpt lat="46.56798" lon="11.93922">
    <name>TP248</name>
  </trkpt>
  <trkpt lat="46.56798" lon="11.93923">
    <name>TP249</name>
  </trkpt>
  <trkpt lat="46.56789" lon="11.93964">
    <name>TP250</name>
  </trkpt>
  <trkpt lat="46.56785" lon="11.93998">
    <name>TP251</name>
  </trkpt>
  <trkpt lat="46.5677" lon="11.94031">
    <name>TP252</name>
  </trkpt>
  <trkpt lat="46.56764" lon="11.94041">
    <name>TP253</name>
  </trkpt>
  <trkpt lat="46.56759" lon="11.94048">
    <name>TP254</name>
  </trkpt>
  <trkpt lat="46.56757" lon="11.94051">
    <name>TP255</name>
  </trkpt>
  <trkpt lat="46.56751" lon="11.94057">
    <name>TP256</name>
  </trkpt>
  <trkpt lat="46.56745" lon="11.94063">
    <name>TP257</name>
  </trkpt>
  <trkpt lat="46.56739" lon="11.94067">
    <name>TP258</name>
  </trkpt>
  <trkpt lat="46.5672" lon="11.94073">
    <name>TP259</name>
  </trkpt>
  <trkpt lat="46.56713" lon="11.94074">
    <name>TP260</name>
  </trkpt>
  <trkpt lat="46.56709" lon="11.94074">
    <name>TP261</name>
  </trkpt>
  <trkpt lat="46.56701" lon="11.94072">
    <name>TP262</name>
  </trkpt>
  <trkpt lat="46.56695" lon="11.94071">
    <name>TP263</name>
  </trkpt>
  <trkpt lat="46.5669" lon="11.94069">
    <name>TP264</name>
  </trkpt>
  <trkpt lat="46.56685" lon="11.94067">
    <name>TP265</name>
  </trkpt>
  <trkpt lat="46.56683" lon="11.94067">
    <name>TP266</name>
  </trkpt>
  <trkpt lat="46.5668" lon="11.94066">
    <name>TP267</name>
  </trkpt>
  <trkpt lat="46.56678" lon="11.94066">
    <name>TP268</name>
  </trkpt>
  <trkpt lat="46.56674" lon="11.94067">
    <name>TP269</name>
  </trkpt>
  <trkpt lat="46.56668" lon="11.94069">
    <name>TP270</name>
  </trkpt>
  <trkpt lat="46.5666" lon="11.94073">
    <name>TP271</name>
  </trkpt>
  <trkpt lat="46.56655" lon="11.94078">
    <name>TP272</name>
  </trkpt>
  <trkpt lat="46.5665" lon="11.94084">
    <name>TP273</name>
  </trkpt>
  <trkpt lat="46.56644" lon="11.94093">
    <name>TP274</name>
  </trkpt>
  <trkpt lat="46.5664" lon="11.94101">
    <name>TP275</name>
  </trkpt>
  <trkpt lat="46.56638" lon="11.94106">
    <name>TP276</name>
  </trkpt>
  <trkpt lat="46.56634" lon="11.94118">
    <name>TP277</name>
  </trkpt>
  <trkpt lat="46.56629" lon="11.94153">
    <name>TP278</name>
  </trkpt>
  <trkpt lat="46.56626" lon="11.94166">
    <name>TP279</name>
  </trkpt>
  <trkpt lat="46.56625" lon="11.94178">
    <name>TP280</name>
  </trkpt>
  <trkpt lat="46.56621" lon="11.94194">
    <name>TP281</name>
  </trkpt>
  <trkpt lat="46.56616" lon="11.94209">
    <name>TP282</name>
  </trkpt>
  <trkpt lat="46.56614" lon="11.94215">
    <name>TP283</name>
  </trkpt>
  <trkpt lat="46.56609" lon="11.94225">
    <name>TP284</name>
  </trkpt>
  <trkpt lat="46.56607" lon="11.9423">
    <name>TP285</name>
  </trkpt>
  <trkpt lat="46.5659" lon="11.94259">
    <name>TP286</name>
  </trkpt>
  <trkpt lat="46.56581" lon="11.94273">
    <name>TP287</name>
  </trkpt>
  <trkpt lat="46.5657" lon="11.94293">
    <name>TP288</name>
  </trkpt>
  <trkpt lat="46.56565" lon="11.94304">
    <name>TP289</name>
  </trkpt>
  <trkpt lat="46.56561" lon="11.94313">
    <name>TP290</name>
  </trkpt>
  <trkpt lat="46.56559" lon="11.94317">
    <name>TP291</name>
  </trkpt>
  <trkpt lat="46.56556" lon="11.94335">
    <name>TP292</name>
  </trkpt>
  <trkpt lat="46.56556" lon="11.94354">
    <name>TP293</name>
  </trkpt>
  <trkpt lat="46.56555" lon="11.94369">
    <name>TP294</name>
  </trkpt>
  <trkpt lat="46.56554" lon="11.94381">
    <name>TP295</name>
  </trkpt>
  <trkpt lat="46.56552" lon="11.94397">
    <name>TP296</name>
  </trkpt>
  <trkpt lat="46.56551" lon="11.94405">
    <name>TP297</name>
  </trkpt>
  <trkpt lat="46.5655" lon="11.94408">
    <name>TP298</name>
  </trkpt>
  <trkpt lat="46.56549" lon="11.9441">
    <name>TP299</name>
  </trkpt>
  <trkpt lat="46.56549" lon="11.94411">
    <name>TP300</name>
  </trkpt>
  <trkpt lat="46.56546" lon="11.94419">
    <name>TP301</name>
  </trkpt>
  <trkpt lat="46.56543" lon="11.94428">
    <name>TP302</name>
  </trkpt>
  <trkpt lat="46.56538" lon="11.94438">
    <name>TP303</name>
  </trkpt>
  <trkpt lat="46.56535" lon="11.94443">
    <name>TP304</name>
  </trkpt>
  <trkpt lat="46.56533" lon="11.94445">
    <name>TP305</name>
  </trkpt>
  <trkpt lat="46.56532" lon="11.94446">
    <name>TP306</name>
  </trkpt>
  <trkpt lat="46.56529" lon="11.94447">
    <name>TP307</name>
  </trkpt>
  <trkpt lat="46.56515" lon="11.94453">
    <name>TP308</name>
  </trkpt>
  <trkpt lat="46.56481" lon="11.9447">
    <name>TP309</name>
  </trkpt>
  <trkpt lat="46.56477" lon="11.94471">
    <name>TP310</name>
  </trkpt>
  <trkpt lat="46.56465" lon="11.94479">
    <name>TP311</name>
  </trkpt>
  <trkpt lat="46.56464" lon="11.94479">
    <name>TP312</name>
  </trkpt>
  <trkpt lat="46.56459" lon="11.94483">
    <name>TP313</name>
  </trkpt>
  <trkpt lat="46.56449" lon="11.94494">
    <name>TP314</name>
  </trkpt>
  <trkpt lat="46.56447" lon="11.94496">
    <name>TP315</name>
  </trkpt>
  <trkpt lat="46.56437" lon="11.94511">
    <name>TP316</name>
  </trkpt>
  <trkpt lat="46.56431" lon="11.94521">
    <name>TP317</name>
  </trkpt>
  <trkpt lat="46.56428" lon="11.94525">
    <name>TP318</name>
  </trkpt>
  <trkpt lat="46.56426" lon="11.9453">
    <name>TP319</name>
  </trkpt>
  <trkpt lat="46.56424" lon="11.94536">
    <name>TP320</name>
  </trkpt>
  <trkpt lat="46.56423" lon="11.94541">
    <name>TP321</name>
  </trkpt>
  <trkpt lat="46.56422" lon="11.94546">
    <name>TP322</name>
  </trkpt>
  <trkpt lat="46.5642" lon="11.94558">
    <name>TP323</name>
  </trkpt>
  <trkpt lat="46.56419" lon="11.94563">
    <name>TP324</name>
  </trkpt>
  <trkpt lat="46.56419" lon="11.94566">
    <name>TP325</name>
  </trkpt>
  <trkpt lat="46.56419" lon="11.94574">
    <name>TP326</name>
  </trkpt>
  <trkpt lat="46.5642" lon="11.94578">
    <name>TP327</name>
  </trkpt>
  <trkpt lat="46.56424" lon="11.94638">
    <name>TP328</name>
  </trkpt>
  <trkpt lat="46.56424" lon="11.9465">
    <name>TP329</name>
  </trkpt>
  <trkpt lat="46.56425" lon="11.94659">
    <name>TP330</name>
  </trkpt>
  <trkpt lat="46.56424" lon="11.94661">
    <name>TP331</name>
  </trkpt>
  <trkpt lat="46.56424" lon="11.94667">
    <name>TP332</name>
  </trkpt>
  <trkpt lat="46.56423" lon="11.94672">
    <name>TP333</name>
  </trkpt>
  <trkpt lat="46.56422" lon="11.94675">
    <name>TP334</name>
  </trkpt>
  <trkpt lat="46.5642" lon="11.94684">
    <name>TP335</name>
  </trkpt>
  <trkpt lat="46.56411" lon="11.94709">
    <name>TP336</name>
  </trkpt>
  <trkpt lat="46.56409" lon="11.94715">
    <name>TP337</name>
  </trkpt>
  <trkpt lat="46.56402" lon="11.94732">
    <name>TP338</name>
  </trkpt>
  <trkpt lat="46.564" lon="11.94737">
    <name>TP339</name>
  </trkpt>
  <trkpt lat="46.56392" lon="11.94754">
    <name>TP340</name>
  </trkpt>
  <trkpt lat="46.56391" lon="11.94755">
    <name>TP341</name>
  </trkpt>
  <trkpt lat="46.56387" lon="11.94767">
    <name>TP342</name>
  </trkpt>
  <trkpt lat="46.56377" lon="11.94788">
    <name>TP343</name>
  </trkpt>
  <trkpt lat="46.56367" lon="11.9481">
    <name>TP344</name>
  </trkpt>
  <trkpt lat="46.56363" lon="11.94819">
    <name>TP345</name>
  </trkpt>
  <trkpt lat="46.56361" lon="11.94826">
    <name>TP346</name>
  </trkpt>
  <trkpt lat="46.56357" lon="11.94832">
    <name>TP347</name>
  </trkpt>
  <trkpt lat="46.56351" lon="11.94847">
    <name>TP348</name>
  </trkpt>
  <trkpt lat="46.56349" lon="11.94849">
    <name>TP349</name>
  </trkpt>
  <trkpt lat="46.56335" lon="11.9488">
    <name>TP350</name>
  </trkpt>
  <trkpt lat="46.56329" lon="11.94893">
    <name>TP351</name>
  </trkpt>
  <trkpt lat="46.56325" lon="11.94902">
    <name>TP352</name>
  </trkpt>
  <trkpt lat="46.56319" lon="11.94914">
    <name>TP353</name>
  </trkpt>
  <trkpt lat="46.56301" lon="11.94957">
    <name>TP354</name>
  </trkpt>
  <trkpt lat="46.56291" lon="11.94983">
    <name>TP355</name>
  </trkpt>
  <trkpt lat="46.56281" lon="11.95006">
    <name>TP356</name>
  </trkpt>
  <trkpt lat="46.56278" lon="11.95014">
    <name>TP357</name>
  </trkpt>
  <trkpt lat="46.56263" lon="11.95046">
    <name>TP358</name>
  </trkpt>
  <trkpt lat="46.56256" lon="11.95064">
    <name>TP359</name>
  </trkpt>
  <trkpt lat="46.56254" lon="11.95071">
    <name>TP360</name>
  </trkpt>
  <trkpt lat="46.5625" lon="11.95081">
    <name>TP361</name>
  </trkpt>
  <trkpt lat="46.56244" lon="11.95099">
    <name>TP362</name>
  </trkpt>
  <trkpt lat="46.56243" lon="11.95105">
    <name>TP363</name>
  </trkpt>
  <trkpt lat="46.56242" lon="11.95109">
    <name>TP364</name>
  </trkpt>
  <trkpt lat="46.56234" lon="11.9514">
    <name>TP365</name>
  </trkpt>
  <trkpt lat="46.56229" lon="11.9516">
    <name>TP366</name>
  </trkpt>
  <trkpt lat="46.56227" lon="11.95171">
    <name>TP367</name>
  </trkpt>
  <trkpt lat="46.56221" lon="11.95193">
    <name>TP368</name>
  </trkpt>
  <trkpt lat="46.56221" lon="11.95196">
    <name>TP369</name>
  </trkpt>
  <trkpt lat="46.56215" lon="11.9522">
    <name>TP370</name>
  </trkpt>
  <trkpt lat="46.5621" lon="11.95236">
    <name>TP371</name>
  </trkpt>
  <trkpt lat="46.56205" lon="11.9526">
    <name>TP372</name>
  </trkpt>
  <trkpt lat="46.56203" lon="11.95266">
    <name>TP373</name>
  </trkpt>
  <trkpt lat="46.56199" lon="11.95279">
    <name>TP374</name>
  </trkpt>
  <trkpt lat="46.56196" lon="11.95286">
    <name>TP375</name>
  </trkpt>
  <trkpt lat="46.56189" lon="11.95315">
    <name>TP376</name>
  </trkpt>
  <trkpt lat="46.56188" lon="11.95318">
    <name>TP377</name>
  </trkpt>
  <trkpt lat="46.56186" lon="11.95323">
    <name>TP378</name>
  </trkpt>
  <trkpt lat="46.56183" lon="11.95331">
    <name>TP379</name>
  </trkpt>
  <trkpt lat="46.56178" lon="11.95344">
    <name>TP380</name>
  </trkpt>
  <trkpt lat="46.56177" lon="11.95345">
    <name>TP381</name>
  </trkpt>
  <trkpt lat="46.56171" lon="11.95359">
    <name>TP382</name>
  </trkpt>
  <trkpt lat="46.56162" lon="11.95372">
    <name>TP383</name>
  </trkpt>
  <trkpt lat="46.56152" lon="11.95387">
    <name>TP384</name>
  </trkpt>
  <trkpt lat="46.56149" lon="11.95392">
    <name>TP385</name>
  </trkpt>
  <trkpt lat="46.56141" lon="11.95403">
    <name>TP386</name>
  </trkpt>
  <trkpt lat="46.56119" lon="11.95433">
    <name>TP387</name>
  </trkpt>
  <trkpt lat="46.56116" lon="11.95437">
    <name>TP388</name>
  </trkpt>
  <trkpt lat="46.56107" lon="11.95452">
    <name>TP389</name>
  </trkpt>
  <trkpt lat="46.56104" lon="11.95457">
    <name>TP390</name>
  </trkpt>
  <trkpt lat="46.56097" lon="11.95467">
    <name>TP391</name>
  </trkpt>
  <trkpt lat="46.56095" lon="11.95471">
    <name>TP392</name>
  </trkpt>
  <trkpt lat="46.5609" lon="11.9548">
    <name>TP393</name>
  </trkpt>
  <trkpt lat="46.56086" lon="11.95494">
    <name>TP394</name>
  </trkpt>
  <trkpt lat="46.56085" lon="11.95498">
    <name>TP395</name>
  </trkpt>
  <trkpt lat="46.56082" lon="11.95517">
    <name>TP396</name>
  </trkpt>
  <trkpt lat="46.56078" lon="11.95545">
    <name>TP397</name>
  </trkpt>
  <trkpt lat="46.56072" lon="11.95576">
    <name>TP398</name>
  </trkpt>
  <trkpt lat="46.56063" lon="11.95609">
    <name>TP399</name>
  </trkpt>
  <trkpt lat="46.56058" lon="11.95624">
    <name>TP400</name>
  </trkpt>
  <trkpt lat="46.56054" lon="11.95634">
    <name>TP401</name>
  </trkpt>
  <trkpt lat="46.56032" lon="11.95665">
    <name>TP402</name>
  </trkpt>
  <trkpt lat="46.56021" lon="11.95681">
    <name>TP403</name>
  </trkpt>
  <trkpt lat="46.55995" lon="11.95724">
    <name>TP404</name>
  </trkpt>
  <trkpt lat="46.55974" lon="11.95761">
    <name>TP405</name>
  </trkpt>
  <trkpt lat="46.55942" lon="11.9582">
    <name>TP406</name>
  </trkpt>
  <trkpt lat="46.55939" lon="11.95825">
    <name>TP407</name>
  </trkpt>
  <trkpt lat="46.55931" lon="11.95839">
    <name>TP408</name>
  </trkpt>
  <trkpt lat="46.55911" lon="11.95869">
    <name>TP409</name>
  </trkpt>
  <trkpt lat="46.55905" lon="11.95877">
    <name>TP410</name>
  </trkpt>
  <trkpt lat="46.55902" lon="11.95882">
    <name>TP411</name>
  </trkpt>
  <trkpt lat="46.55898" lon="11.95886">
    <name>TP412</name>
  </trkpt>
  <trkpt lat="46.55874" lon="11.95916">
    <name>TP413</name>
  </trkpt>
  <trkpt lat="46.55864" lon="11.95929">
    <name>TP414</name>
  </trkpt>
  <trkpt lat="46.55861" lon="11.95932">
    <name>TP415</name>
  </trkpt>
  <trkpt lat="46.55859" lon="11.95936">
    <name>TP416</name>
  </trkpt>
  <trkpt lat="46.55857" lon="11.9594">
    <name>TP417</name>
  </trkpt>
  <trkpt lat="46.55854" lon="11.95946">
    <name>TP418</name>
  </trkpt>
  <trkpt lat="46.55852" lon="11.95953">
    <name>TP419</name>
  </trkpt>
  <trkpt lat="46.55851" lon="11.95956">
    <name>TP420</name>
  </trkpt>
  <trkpt lat="46.55844" lon="11.9598">
    <name>TP421</name>
  </trkpt>
  <trkpt lat="46.55841" lon="11.95993">
    <name>TP422</name>
  </trkpt>
  <trkpt lat="46.5584" lon="11.96005">
    <name>TP423</name>
  </trkpt>
  <trkpt lat="46.55836" lon="11.9602">
    <name>TP424</name>
  </trkpt>
  <trkpt lat="46.55833" lon="11.96039">
    <name>TP425</name>
  </trkpt>
  <trkpt lat="46.55831" lon="11.96056">
    <name>TP426</name>
  </trkpt>
  <trkpt lat="46.55826" lon="11.96075">
    <name>TP427</name>
  </trkpt>
  <trkpt lat="46.55819" lon="11.96107">
    <name>TP428</name>
  </trkpt>
  <trkpt lat="46.55806" lon="11.9616">
    <name>TP429</name>
  </trkpt>
  <trkpt lat="46.55801" lon="11.96177">
    <name>TP430</name>
  </trkpt>
  <trkpt lat="46.55793" lon="11.96197">
    <name>TP431</name>
  </trkpt>
  <trkpt lat="46.55783" lon="11.96219">
    <name>TP432</name>
  </trkpt>
  <trkpt lat="46.5578" lon="11.96226">
    <name>TP433</name>
  </trkpt>
  <trkpt lat="46.55737" lon="11.96309">
    <name>TP434</name>
  </trkpt>
  <trkpt lat="46.55724" lon="11.96329">
    <name>TP435</name>
  </trkpt>
  <trkpt lat="46.55709" lon="11.96351">
    <name>TP436</name>
  </trkpt>
  <trkpt lat="46.55701" lon="11.96366">
    <name>TP437</name>
  </trkpt>
  <trkpt lat="46.557" lon="11.96368">
    <name>TP438</name>
  </trkpt>
  <trkpt lat="46.55688" lon="11.96388">
    <name>TP439</name>
  </trkpt>
  <trkpt lat="46.55681" lon="11.96401">
    <name>TP440</name>
  </trkpt>
  <trkpt lat="46.55658" lon="11.96441">
    <name>TP441</name>
  </trkpt>
  <trkpt lat="46.55652" lon="11.96454">
    <name>TP442</name>
  </trkpt>
  <trkpt lat="46.55647" lon="11.96464">
    <name>TP443</name>
  </trkpt>
  <trkpt lat="46.55644" lon="11.9647">
    <name>TP444</name>
  </trkpt>
  <trkpt lat="46.55632" lon="11.96492">
    <name>TP445</name>
  </trkpt>
  <trkpt lat="46.55614" lon="11.96525">
    <name>TP446</name>
  </trkpt>
  <trkpt lat="46.55594" lon="11.96557">
    <name>TP447</name>
  </trkpt>
  <trkpt lat="46.55584" lon="11.96572">
    <name>TP448</name>
  </trkpt>
  <trkpt lat="46.55577" lon="11.96581">
    <name>TP449</name>
  </trkpt>
  <trkpt lat="46.55572" lon="11.96588">
    <name>TP450</name>
  </trkpt>
  <trkpt lat="46.55564" lon="11.96596">
    <name>TP451</name>
  </trkpt>
  <trkpt lat="46.55558" lon="11.96602">
    <name>TP452</name>
  </trkpt>
  <trkpt lat="46.55512" lon="11.96645">
    <name>TP453</name>
  </trkpt>
  <trkpt lat="46.55488" lon="11.96667">
    <name>TP454</name>
  </trkpt>
  <trkpt lat="46.55467" lon="11.96687">
    <name>TP455</name>
  </trkpt>
  <trkpt lat="46.55467" lon="11.96688">
    <name>TP456</name>
  </trkpt>
  <trkpt lat="46.55428" lon="11.96724">
    <name>TP457</name>
  </trkpt>
  <trkpt lat="46.55422" lon="11.9673">
    <name>TP458</name>
  </trkpt>
  <trkpt lat="46.5542" lon="11.96732">
    <name>TP459</name>
  </trkpt>
  <trkpt lat="46.55392" lon="11.96758">
    <name>TP460</name>
  </trkpt>
  <trkpt lat="46.55369" lon="11.96779">
    <name>TP461</name>
  </trkpt>
  <trkpt lat="46.55354" lon="11.96793">
    <name>TP462</name>
  </trkpt>
  <trkpt lat="46.55348" lon="11.96799">
    <name>TP463</name>
  </trkpt>
  <trkpt lat="46.55341" lon="11.96805">
    <name>TP464</name>
  </trkpt>
  <trkpt lat="46.55324" lon="11.96821">
    <name>TP465</name>
  </trkpt>
  <trkpt lat="46.55317" lon="11.96829">
    <name>TP466</name>
  </trkpt>
  <trkpt lat="46.55311" lon="11.96833">
    <name>TP467</name>
  </trkpt>
  <trkpt lat="46.55295" lon="11.96848">
    <name>TP468</name>
  </trkpt>
  <trkpt lat="46.55286" lon="11.96858">
    <name>TP469</name>
  </trkpt>
  <trkpt lat="46.5528" lon="11.96862">
    <name>TP470</name>
  </trkpt>
  <trkpt lat="46.55278" lon="11.96864">
    <name>TP471</name>
  </trkpt>
  <trkpt lat="46.5527" lon="11.96871">
    <name>TP472</name>
  </trkpt>
  <trkpt lat="46.55265" lon="11.96877">
    <name>TP473</name>
  </trkpt>
  <trkpt lat="46.55263" lon="11.96878">
    <name>TP474</name>
  </trkpt>
  <trkpt lat="46.5526" lon="11.96882">
    <name>TP475</name>
  </trkpt>
  <trkpt lat="46.55251" lon="11.9689">
    <name>TP476</name>
  </trkpt>
  <trkpt lat="46.55248" lon="11.96892">
    <name>TP477</name>
  </trkpt>
  <trkpt lat="46.55246" lon="11.96894">
    <name>TP478</name>
  </trkpt>
  <trkpt lat="46.55242" lon="11.96897">
    <name>TP479</name>
  </trkpt>
  <trkpt lat="46.55239" lon="11.96899">
    <name>TP480</name>
  </trkpt>
  <trkpt lat="46.55236" lon="11.96901">
    <name>TP481</name>
  </trkpt>
  <trkpt lat="46.55228" lon="11.96904">
    <name>TP482</name>
  </trkpt>
  <trkpt lat="46.55221" lon="11.96906">
    <name>TP483</name>
  </trkpt>
  <trkpt lat="46.55216" lon="11.96905">
    <name>TP484</name>
  </trkpt>
  <trkpt lat="46.55214" lon="11.96905">
    <name>TP485</name>
  </trkpt>
  <trkpt lat="46.55212" lon="11.96904">
    <name>TP486</name>
  </trkpt>
  <trkpt lat="46.55209" lon="11.96903">
    <name>TP487</name>
  </trkpt>
  <trkpt lat="46.55201" lon="11.96899">
    <name>TP488</name>
  </trkpt>
  <trkpt lat="46.55197" lon="11.96896">
    <name>TP489</name>
  </trkpt>
  <trkpt lat="46.5519" lon="11.96891">
    <name>TP490</name>
  </trkpt>
  <trkpt lat="46.55181" lon="11.96884">
    <name>TP491</name>
  </trkpt>
  <trkpt lat="46.5518" lon="11.96883">
    <name>TP492</name>
  </trkpt>
  <trkpt lat="46.55172" lon="11.96874">
    <name>TP493</name>
  </trkpt>
  <trkpt lat="46.55168" lon="11.96866">
    <name>TP494</name>
  </trkpt>
  <trkpt lat="46.55166" lon="11.96864">
    <name>TP495</name>
  </trkpt>
  <trkpt lat="46.55159" lon="11.96854">
    <name>TP496</name>
  </trkpt>
  <trkpt lat="46.55155" lon="11.96848">
    <name>TP497</name>
  </trkpt>
  <trkpt lat="46.55146" lon="11.96832">
    <name>TP498</name>
  </trkpt>
  <trkpt lat="46.55143" lon="11.96828">
    <name>TP499</name>
  </trkpt>
  <trkpt lat="46.55138" lon="11.96821">
    <name>TP500</name>
  </trkpt>
  <trkpt lat="46.55131" lon="11.9681">
    <name>TP501</name>
  </trkpt>
  <trkpt lat="46.55105" lon="11.96773">
    <name>TP502</name>
  </trkpt>
  <trkpt lat="46.55098" lon="11.96763">
    <name>TP503</name>
  </trkpt>
  <trkpt lat="46.55095" lon="11.9676">
    <name>TP504</name>
  </trkpt>
  <trkpt lat="46.55092" lon="11.96758">
    <name>TP505</name>
  </trkpt>
  <trkpt lat="46.55088" lon="11.96756">
    <name>TP506</name>
  </trkpt>
  <trkpt lat="46.55075" lon="11.96751">
    <name>TP507</name>
  </trkpt>
  <trkpt lat="46.55068" lon="11.96748">
    <name>TP508</name>
  </trkpt>
  <trkpt lat="46.55056" lon="11.96747">
    <name>TP509</name>
  </trkpt>
  <trkpt lat="46.55054" lon="11.96746">
    <name>TP510</name>
  </trkpt>
  <trkpt lat="46.55038" lon="11.96746">
    <name>TP511</name>
  </trkpt>
  <trkpt lat="46.55037" lon="11.96746">
    <name>TP512</name>
  </trkpt>
  <trkpt lat="46.54974" lon="11.96748">
    <name>TP513</name>
  </trkpt>
  <trkpt lat="46.54945" lon="11.9675">
    <name>TP514</name>
  </trkpt>
  <trkpt lat="46.54939" lon="11.96751">
    <name>TP515</name>
  </trkpt>
  <trkpt lat="46.54935" lon="11.9675">
    <name>TP516</name>
  </trkpt>
  <trkpt lat="46.54931" lon="11.96749">
    <name>TP517</name>
  </trkpt>
  <trkpt lat="46.54923" lon="11.96746">
    <name>TP518</name>
  </trkpt>
  <trkpt lat="46.54916" lon="11.96741">
    <name>TP519</name>
  </trkpt>
  <trkpt lat="46.54914" lon="11.96738">
    <name>TP520</name>
  </trkpt>
  <trkpt lat="46.5491" lon="11.96734">
    <name>TP521</name>
  </trkpt>
  <trkpt lat="46.54906" lon="11.96729">
    <name>TP522</name>
  </trkpt>
  <trkpt lat="46.5489" lon="11.96699">
    <name>TP523</name>
  </trkpt>
  <trkpt lat="46.54889" lon="11.96696">
    <name>TP524</name>
  </trkpt>
  <trkpt lat="46.54887" lon="11.96693">
    <name>TP525</name>
  </trkpt>
  <trkpt lat="46.54884" lon="11.96688">
    <name>TP526</name>
  </trkpt>
  <trkpt lat="46.54883" lon="11.96688">
    <name>TP527</name>
  </trkpt>
  <trkpt lat="46.54882" lon="11.96687">
    <name>TP528</name>
  </trkpt>
  <trkpt lat="46.5488" lon="11.96686">
    <name>TP529</name>
  </trkpt>
  <trkpt lat="46.54878" lon="11.96686">
    <name>TP530</name>
  </trkpt>
  <trkpt lat="46.54876" lon="11.96686">
    <name>TP531</name>
  </trkpt>
  <trkpt lat="46.54875" lon="11.96686">
    <name>TP532</name>
  </trkpt>
  <trkpt lat="46.54872" lon="11.96686">
    <name>TP533</name>
  </trkpt>
  <trkpt lat="46.5487" lon="11.96687">
    <name>TP534</name>
  </trkpt>
  <trkpt lat="46.54867" lon="11.96688">
    <name>TP535</name>
  </trkpt>
  <trkpt lat="46.54865" lon="11.9669">
    <name>TP536</name>
  </trkpt>
  <trkpt lat="46.54863" lon="11.96692">
    <name>TP537</name>
  </trkpt>
  <trkpt lat="46.54861" lon="11.96696">
    <name>TP538</name>
  </trkpt>
  <trkpt lat="46.5486" lon="11.96698">
    <name>TP539</name>
  </trkpt>
  <trkpt lat="46.54859" lon="11.967">
    <name>TP540</name>
  </trkpt>
  <trkpt lat="46.54859" lon="11.96703">
    <name>TP541</name>
  </trkpt>
  <trkpt lat="46.54859" lon="11.96708">
    <name>TP542</name>
  </trkpt>
  <trkpt lat="46.5486" lon="11.96711">
    <name>TP543</name>
  </trkpt>
  <trkpt lat="46.54861" lon="11.96715">
    <name>TP544</name>
  </trkpt>
  <trkpt lat="46.54862" lon="11.96718">
    <name>TP545</name>
  </trkpt>
  <trkpt lat="46.54863" lon="11.96721">
    <name>TP546</name>
  </trkpt>
  <trkpt lat="46.54865" lon="11.96723">
    <name>TP547</name>
  </trkpt>
  <trkpt lat="46.5488" lon="11.9673">
    <name>TP548</name>
  </trkpt>
  <trkpt lat="46.54889" lon="11.96735">
    <name>TP549</name>
  </trkpt>
  <trkpt lat="46.54895" lon="11.96739">
    <name>TP550</name>
  </trkpt>
  <trkpt lat="46.54896" lon="11.9674">
    <name>TP551</name>
  </trkpt>
  <trkpt lat="46.54897" lon="11.9674">
    <name>TP552</name>
  </trkpt>
  <trkpt lat="46.54898" lon="11.96742">
    <name>TP553</name>
  </trkpt>
  <trkpt lat="46.5491" lon="11.96762">
    <name>TP554</name>
  </trkpt>
  <trkpt lat="46.54913" lon="11.96767">
    <name>TP555</name>
  </trkpt>
  <trkpt lat="46.54916" lon="11.96769">
    <name>TP556</name>
  </trkpt>
  <trkpt lat="46.54923" lon="11.96774">
    <name>TP557</name>
  </trkpt>
  <trkpt lat="46.54976" lon="11.96813">
    <name>TP558</name>
  </trkpt>
  <trkpt lat="46.54985" lon="11.9682">
    <name>TP559</name>
  </trkpt>
  <trkpt lat="46.5499" lon="11.96828">
    <name>TP560</name>
  </trkpt>
  <trkpt lat="46.54994" lon="11.96835">
    <name>TP561</name>
  </trkpt>
  <trkpt lat="46.54997" lon="11.96842">
    <name>TP562</name>
  </trkpt>
  <trkpt lat="46.55003" lon="11.96868">
    <name>TP563</name>
  </trkpt>
  <trkpt lat="46.55007" lon="11.96882">
    <name>TP564</name>
  </trkpt>
  <trkpt lat="46.55016" lon="11.96917">
    <name>TP565</name>
  </trkpt>
  <trkpt lat="46.55024" lon="11.96949">
    <name>TP566</name>
  </trkpt>
  <trkpt lat="46.55028" lon="11.96966">
    <name>TP567</name>
  </trkpt>
  <trkpt lat="46.55038" lon="11.97002">
    <name>TP568</name>
  </trkpt>
  <trkpt lat="46.55045" lon="11.97031">
    <name>TP569</name>
  </trkpt>
  <trkpt lat="46.55046" lon="11.9704">
    <name>TP570</name>
  </trkpt>
  <trkpt lat="46.55048" lon="11.97046">
    <name>TP571</name>
  </trkpt>
  <trkpt lat="46.55048" lon="11.97052">
    <name>TP572</name>
  </trkpt>
  <trkpt lat="46.55048" lon="11.97061">
    <name>TP573</name>
  </trkpt>
  <trkpt lat="46.55048" lon="11.97066">
    <name>TP574</name>
  </trkpt>
  <trkpt lat="46.55048" lon="11.9707">
    <name>TP575</name>
  </trkpt>
  <trkpt lat="46.55047" lon="11.97079">
    <name>TP576</name>
  </trkpt>
  <trkpt lat="46.55046" lon="11.97086">
    <name>TP577</name>
  </trkpt>
  <trkpt lat="46.55044" lon="11.97093">
    <name>TP578</name>
  </trkpt>
  <trkpt lat="46.55041" lon="11.97102">
    <name>TP579</name>
  </trkpt>
  <trkpt lat="46.55036" lon="11.97115">
    <name>TP580</name>
  </trkpt>
  <trkpt lat="46.5503" lon="11.97131">
    <name>TP581</name>
  </trkpt>
  <trkpt lat="46.55026" lon="11.97144">
    <name>TP582</name>
  </trkpt>
  <trkpt lat="46.55025" lon="11.97152">
    <name>TP583</name>
  </trkpt>
  <trkpt lat="46.55024" lon="11.97163">
    <name>TP584</name>
  </trkpt>
  <trkpt lat="46.55024" lon="11.97176">
    <name>TP585</name>
  </trkpt>
  <trkpt lat="46.55025" lon="11.97188">
    <name>TP586</name>
  </trkpt>
  <trkpt lat="46.55028" lon="11.97201">
    <name>TP587</name>
  </trkpt>
  <trkpt lat="46.55034" lon="11.97236">
    <name>TP588</name>
  </trkpt>
  <trkpt lat="46.55035" lon="11.9724">
    <name>TP589</name>
  </trkpt>
  <trkpt lat="46.55041" lon="11.97262">
    <name>TP590</name>
  </trkpt>
  <trkpt lat="46.55041" lon="11.97264">
    <name>TP591</name>
  </trkpt>
  <trkpt lat="46.55053" lon="11.97295">
    <name>TP592</name>
  </trkpt>
  <trkpt lat="46.5506" lon="11.97309">
    <name>TP593</name>
  </trkpt>
  <trkpt lat="46.5507" lon="11.97331">
    <name>TP594</name>
  </trkpt>
  <trkpt lat="46.55079" lon="11.97348">
    <name>TP595</name>
  </trkpt>
  <trkpt lat="46.55089" lon="11.97367">
    <name>TP596</name>
  </trkpt>
  <trkpt lat="46.55097" lon="11.97378">
    <name>TP597</name>
  </trkpt>
  <trkpt lat="46.55105" lon="11.97387">
    <name>TP598</name>
  </trkpt>
  <trkpt lat="46.55107" lon="11.97389">
    <name>TP599</name>
  </trkpt>
  <trkpt lat="46.55109" lon="11.9739">
    <name>TP600</name>
  </trkpt>
  <trkpt lat="46.5511" lon="11.97391">
    <name>TP601</name>
  </trkpt>
  <trkpt lat="46.55112" lon="11.97392">
    <name>TP602</name>
  </trkpt>
  <trkpt lat="46.55122" lon="11.97394">
    <name>TP603</name>
  </trkpt>
  <trkpt lat="46.55123" lon="11.97395">
    <name>TP604</name>
  </trkpt>
  <trkpt lat="46.55124" lon="11.97396">
    <name>TP605</name>
  </trkpt>
  <trkpt lat="46.55129" lon="11.97399">
    <name>TP606</name>
  </trkpt>
  <trkpt lat="46.55136" lon="11.97403">
    <name>TP607</name>
  </trkpt>
  <trkpt lat="46.55138" lon="11.97405">
    <name>TP608</name>
  </trkpt>
  <trkpt lat="46.55139" lon="11.97407">
    <name>TP609</name>
  </trkpt>
  <trkpt lat="46.5514" lon="11.97407">
    <name>TP610</name>
  </trkpt>
  <trkpt lat="46.55145" lon="11.97415">
    <name>TP611</name>
  </trkpt>
  <trkpt lat="46.55149" lon="11.97421">
    <name>TP612</name>
  </trkpt>
  <trkpt lat="46.5515" lon="11.97423">
    <name>TP613</name>
  </trkpt>
  <trkpt lat="46.5515" lon="11.97424">
    <name>TP614</name>
  </trkpt>
  <trkpt lat="46.55151" lon="11.97426">
    <name>TP615</name>
  </trkpt>
  <trkpt lat="46.5516" lon="11.97463">
    <name>TP616</name>
  </trkpt>
  <trkpt lat="46.55161" lon="11.97466">
    <name>TP617</name>
  </trkpt>
  <trkpt lat="46.55165" lon="11.97475">
    <name>TP618</name>
  </trkpt>
  <trkpt lat="46.55166" lon="11.97477">
    <name>TP619</name>
  </trkpt>
  <trkpt lat="46.55168" lon="11.97482">
    <name>TP620</name>
  </trkpt>
  <trkpt lat="46.5517" lon="11.97485">
    <name>TP621</name>
  </trkpt>
  <trkpt lat="46.55176" lon="11.97493">
    <name>TP622</name>
  </trkpt>
  <trkpt lat="46.55177" lon="11.97494">
    <name>TP623</name>
  </trkpt>
  <trkpt lat="46.55211" lon="11.97527">
    <name>TP624</name>
  </trkpt>
  <trkpt lat="46.55229" lon="11.97549">
    <name>TP625</name>
  </trkpt>
  <trkpt lat="46.55234" lon="11.97557">
    <name>TP626</name>
  </trkpt>
  <trkpt lat="46.55237" lon="11.97561">
    <name>TP627</name>
  </trkpt>
  <trkpt lat="46.55243" lon="11.97571">
    <name>TP628</name>
  </trkpt>
  <trkpt lat="46.55253" lon="11.9759">
    <name>TP629</name>
  </trkpt>
  <trkpt lat="46.55263" lon="11.97608">
    <name>TP630</name>
  </trkpt>
  <trkpt lat="46.55269" lon="11.97616">
    <name>TP631</name>
  </trkpt>
  <trkpt lat="46.55282" lon="11.97633">
    <name>TP632</name>
  </trkpt>
  <trkpt lat="46.55289" lon="11.97642">
    <name>TP633</name>
  </trkpt>
  <trkpt lat="46.55296" lon="11.97651">
    <name>TP634</name>
  </trkpt>
  <trkpt lat="46.55301" lon="11.97657">
    <name>TP635</name>
  </trkpt>
  <trkpt lat="46.55324" lon="11.97682">
    <name>TP636</name>
  </trkpt>
  <trkpt lat="46.55343" lon="11.977">
    <name>TP637</name>
  </trkpt>
  <trkpt lat="46.55363" lon="11.9772">
    <name>TP638</name>
  </trkpt>
  <trkpt lat="46.55384" lon="11.97742">
    <name>TP639</name>
  </trkpt>
  <trkpt lat="46.55402" lon="11.97764">
    <name>TP640</name>
  </trkpt>
  <trkpt lat="46.55411" lon="11.97775">
    <name>TP641</name>
  </trkpt>
  <trkpt lat="46.55412" lon="11.97777">
    <name>TP642</name>
  </trkpt>
  <trkpt lat="46.55413" lon="11.97779">
    <name>TP643</name>
  </trkpt>
  <trkpt lat="46.55413" lon="11.9778">
    <name>TP644</name>
  </trkpt>
  <trkpt lat="46.55414" lon="11.97783">
    <name>TP645</name>
  </trkpt>
  <trkpt lat="46.55414" lon="11.97786">
    <name>TP646</name>
  </trkpt>
  <trkpt lat="46.55414" lon="11.97788">
    <name>TP647</name>
  </trkpt>
  <trkpt lat="46.55414" lon="11.9779">
    <name>TP648</name>
  </trkpt>
  <trkpt lat="46.55413" lon="11.97792">
    <name>TP649</name>
  </trkpt>
  <trkpt lat="46.55413" lon="11.97794">
    <name>TP650</name>
  </trkpt>
  <trkpt lat="46.55411" lon="11.97798">
    <name>TP651</name>
  </trkpt>
  <trkpt lat="46.5541" lon="11.978">
    <name>TP652</name>
  </trkpt>
  <trkpt lat="46.55408" lon="11.97803">
    <name>TP653</name>
  </trkpt>
  <trkpt lat="46.55402" lon="11.97807">
    <name>TP654</name>
  </trkpt>
  <trkpt lat="46.55397" lon="11.97812">
    <name>TP655</name>
  </trkpt>
  <trkpt lat="46.55395" lon="11.97813">
    <name>TP656</name>
  </trkpt>
  <trkpt lat="46.55393" lon="11.97814">
    <name>TP657</name>
  </trkpt>
  <trkpt lat="46.55391" lon="11.97814">
    <name>TP658</name>
  </trkpt>
  <trkpt lat="46.5539" lon="11.97813">
    <name>TP659</name>
  </trkpt>
  <trkpt lat="46.55388" lon="11.97813">
    <name>TP660</name>
  </trkpt>
  <trkpt lat="46.55386" lon="11.97812">
    <name>TP661</name>
  </trkpt>
  <trkpt lat="46.55385" lon="11.97811">
    <name>TP662</name>
  </trkpt>
  <trkpt lat="46.55383" lon="11.97809">
    <name>TP663</name>
  </trkpt>
  <trkpt lat="46.55379" lon="11.97801">
    <name>TP664</name>
  </trkpt>
  <trkpt lat="46.55377" lon="11.97796">
    <name>TP665</name>
  </trkpt>
  <trkpt lat="46.55369" lon="11.97775">
    <name>TP666</name>
  </trkpt>
  <trkpt lat="46.55368" lon="11.97774">
    <name>TP667</name>
  </trkpt>
  <trkpt lat="46.55367" lon="11.97769">
    <name>TP668</name>
  </trkpt>
  <trkpt lat="46.55365" lon="11.97765">
    <name>TP669</name>
  </trkpt>
  <trkpt lat="46.55363" lon="11.9776">
    <name>TP670</name>
  </trkpt>
  <trkpt lat="46.55361" lon="11.97758">
    <name>TP671</name>
  </trkpt>
  <trkpt lat="46.55359" lon="11.97755">
    <name>TP672</name>
  </trkpt>
  <trkpt lat="46.55358" lon="11.97753">
    <name>TP673</name>
  </trkpt>
  <trkpt lat="46.55355" lon="11.97751">
    <name>TP674</name>
  </trkpt>
  <trkpt lat="46.55341" lon="11.97745">
    <name>TP675</name>
  </trkpt>
  <trkpt lat="46.55338" lon="11.97744">
    <name>TP676</name>
  </trkpt>
  <trkpt lat="46.55333" lon="11.97744">
    <name>TP677</name>
  </trkpt>
  <trkpt lat="46.55329" lon="11.97744">
    <name>TP678</name>
  </trkpt>
  <trkpt lat="46.55326" lon="11.97745">
    <name>TP679</name>
  </trkpt>
  <trkpt lat="46.55319" lon="11.97748">
    <name>TP680</name>
  </trkpt>
  <trkpt lat="46.55314" lon="11.97752">
    <name>TP681</name>
  </trkpt>
  <trkpt lat="46.55309" lon="11.97755">
    <name>TP682</name>
  </trkpt>
  <trkpt lat="46.55307" lon="11.97757">
    <name>TP683</name>
  </trkpt>
  <trkpt lat="46.55298" lon="11.97763">
    <name>TP684</name>
  </trkpt>
  <trkpt lat="46.5529" lon="11.97768">
    <name>TP685</name>
  </trkpt>
  <trkpt lat="46.55288" lon="11.97769">
    <name>TP686</name>
  </trkpt>
  <trkpt lat="46.55284" lon="11.97769">
    <name>TP687</name>
  </trkpt>
  <trkpt lat="46.55278" lon="11.97769">
    <name>TP688</name>
  </trkpt>
  <trkpt lat="46.55272" lon="11.97768">
    <name>TP689</name>
  </trkpt>
  <trkpt lat="46.5527" lon="11.97767">
    <name>TP690</name>
  </trkpt>
  <trkpt lat="46.55265" lon="11.97765">
    <name>TP691</name>
  </trkpt>
  <trkpt lat="46.55259" lon="11.97761">
    <name>TP692</name>
  </trkpt>
  <trkpt lat="46.55252" lon="11.97755">
    <name>TP693</name>
  </trkpt>
  <trkpt lat="46.55242" lon="11.97743">
    <name>TP694</name>
  </trkpt>
  <trkpt lat="46.55213" lon="11.9769">
    <name>TP695</name>
  </trkpt>
  <trkpt lat="46.55207" lon="11.97682">
    <name>TP696</name>
  </trkpt>
  <trkpt lat="46.55197" lon="11.97671">
    <name>TP697</name>
  </trkpt>
  <trkpt lat="46.55194" lon="11.9767">
    <name>TP698</name>
  </trkpt>
  <trkpt lat="46.55188" lon="11.97668">
    <name>TP699</name>
  </trkpt>
  <trkpt lat="46.55186" lon="11.97669">
    <name>TP700</name>
  </trkpt>
  <trkpt lat="46.55183" lon="11.97671">
    <name>TP701</name>
  </trkpt>
  <trkpt lat="46.55179" lon="11.97674">
    <name>TP702</name>
  </trkpt>
  <trkpt lat="46.55177" lon="11.97678">
    <name>TP703</name>
  </trkpt>
  <trkpt lat="46.55176" lon="11.97678">
    <name>TP704</name>
  </trkpt>
  <trkpt lat="46.55175" lon="11.9768">
    <name>TP705</name>
  </trkpt>
  <trkpt lat="46.55174" lon="11.97682">
    <name>TP706</name>
  </trkpt>
  <trkpt lat="46.55174" lon="11.97685">
    <name>TP707</name>
  </trkpt>
  <trkpt lat="46.55174" lon="11.97689">
    <name>TP708</name>
  </trkpt>
  <trkpt lat="46.55174" lon="11.97692">
    <name>TP709</name>
  </trkpt>
  <trkpt lat="46.55174" lon="11.97694">
    <name>TP710</name>
  </trkpt>
  <trkpt lat="46.55177" lon="11.97701">
    <name>TP711</name>
  </trkpt>
  <trkpt lat="46.5518" lon="11.97706">
    <name>TP712</name>
  </trkpt>
  <trkpt lat="46.552" lon="11.97732">
    <name>TP713</name>
  </trkpt>
  <trkpt lat="46.55204" lon="11.97738">
    <name>TP714</name>
  </trkpt>
  <trkpt lat="46.55215" lon="11.97755">
    <name>TP715</name>
  </trkpt>
  <trkpt lat="46.55222" lon="11.97766">
    <name>TP716</name>
  </trkpt>
  <trkpt lat="46.55225" lon="11.97773">
    <name>TP717</name>
  </trkpt>
  <trkpt lat="46.55233" lon="11.97788">
    <name>TP718</name>
  </trkpt>
  <trkpt lat="46.5524" lon="11.97798">
    <name>TP719</name>
  </trkpt>
  <trkpt lat="46.55246" lon="11.97806">
    <name>TP720</name>
  </trkpt>
  <trkpt lat="46.55255" lon="11.97814">
    <name>TP721</name>
  </trkpt>
  <trkpt lat="46.55268" lon="11.97827">
    <name>TP722</name>
  </trkpt>
  <trkpt lat="46.55269" lon="11.97827">
    <name>TP723</name>
  </trkpt>
  <trkpt lat="46.55281" lon="11.97839">
    <name>TP724</name>
  </trkpt>
  <trkpt lat="46.55283" lon="11.97842">
    <name>TP725</name>
  </trkpt>
  <trkpt lat="46.55283" lon="11.97843">
    <name>TP726</name>
  </trkpt>
  <trkpt lat="46.55284" lon="11.97845">
    <name>TP727</name>
  </trkpt>
  <trkpt lat="46.55284" lon="11.97847">
    <name>TP728</name>
  </trkpt>
  <trkpt lat="46.55284" lon="11.97852">
    <name>TP729</name>
  </trkpt>
  <trkpt lat="46.55284" lon="11.97854">
    <name>TP730</name>
  </trkpt>
  <trkpt lat="46.55283" lon="11.97858">
    <name>TP731</name>
  </trkpt>
  <trkpt lat="46.55281" lon="11.97862">
    <name>TP732</name>
  </trkpt>
  <trkpt lat="46.55279" lon="11.97866">
    <name>TP733</name>
  </trkpt>
  <trkpt lat="46.55278" lon="11.97867">
    <name>TP734</name>
  </trkpt>
  <trkpt lat="46.55276" lon="11.97869">
    <name>TP735</name>
  </trkpt>
  <trkpt lat="46.55271" lon="11.97872">
    <name>TP736</name>
  </trkpt>
  <trkpt lat="46.55262" lon="11.97872">
    <name>TP737</name>
  </trkpt>
  <trkpt lat="46.55258" lon="11.97872">
    <name>TP738</name>
  </trkpt>
  <trkpt lat="46.55253" lon="11.97871">
    <name>TP739</name>
  </trkpt>
  <trkpt lat="46.55244" lon="11.97868">
    <name>TP740</name>
  </trkpt>
  <trkpt lat="46.55242" lon="11.97868">
    <name>TP741</name>
  </trkpt>
  <trkpt lat="46.55227" lon="11.9786">
    <name>TP742</name>
  </trkpt>
  <trkpt lat="46.55224" lon="11.97858">
    <name>TP743</name>
  </trkpt>
  <trkpt lat="46.55214" lon="11.97845">
    <name>TP744</name>
  </trkpt>
  <trkpt lat="46.55213" lon="11.97844">
    <name>TP745</name>
  </trkpt>
  <trkpt lat="46.55207" lon="11.9783">
    <name>TP746</name>
  </trkpt>
  <trkpt lat="46.55204" lon="11.97822">
    <name>TP747</name>
  </trkpt>
  <trkpt lat="46.55184" lon="11.97778">
    <name>TP748</name>
  </trkpt>
  <trkpt lat="46.55165" lon="11.97756">
    <name>TP749</name>
  </trkpt>
  <trkpt lat="46.55159" lon="11.9775">
    <name>TP750</name>
  </trkpt>
  <trkpt lat="46.55155" lon="11.97747">
    <name>TP751</name>
  </trkpt>
  <trkpt lat="46.55146" lon="11.97741">
    <name>TP752</name>
  </trkpt>
  <trkpt lat="46.55135" lon="11.97733">
    <name>TP753</name>
  </trkpt>
  <trkpt lat="46.55124" lon="11.9773">
    <name>TP754</name>
  </trkpt>
  <trkpt lat="46.55121" lon="11.9773">
    <name>TP755</name>
  </trkpt>
  <trkpt lat="46.55117" lon="11.97728">
    <name>TP756</name>
  </trkpt>
  <trkpt lat="46.55104" lon="11.97727">
    <name>TP757</name>
  </trkpt>
  <trkpt lat="46.551" lon="11.97727">
    <name>TP758</name>
  </trkpt>
  <trkpt lat="46.5509" lon="11.97727">
    <name>TP759</name>
  </trkpt>
  <trkpt lat="46.5508" lon="11.97729">
    <name>TP760</name>
  </trkpt>
  <trkpt lat="46.55071" lon="11.97733">
    <name>TP761</name>
  </trkpt>
  <trkpt lat="46.55064" lon="11.97736">
    <name>TP762</name>
  </trkpt>
  <trkpt lat="46.55051" lon="11.97742">
    <name>TP763</name>
  </trkpt>
  <trkpt lat="46.55051" lon="11.97743">
    <name>TP764</name>
  </trkpt>
  <trkpt lat="46.55035" lon="11.97753">
    <name>TP765</name>
  </trkpt>
  <trkpt lat="46.55017" lon="11.9777">
    <name>TP766</name>
  </trkpt>
  <trkpt lat="46.55006" lon="11.97781">
    <name>TP767</name>
  </trkpt>
  <trkpt lat="46.55005" lon="11.97782">
    <name>TP768</name>
  </trkpt>
  <trkpt lat="46.55002" lon="11.97784">
    <name>TP769</name>
  </trkpt>
  <trkpt lat="46.54991" lon="11.9779">
    <name>TP770</name>
  </trkpt>
  <trkpt lat="46.54988" lon="11.97791">
    <name>TP771</name>
  </trkpt>
  <trkpt lat="46.54986" lon="11.97792">
    <name>TP772</name>
  </trkpt>
  <trkpt lat="46.54984" lon="11.97792">
    <name>TP773</name>
  </trkpt>
  <trkpt lat="46.54982" lon="11.97792">
    <name>TP774</name>
  </trkpt>
  <trkpt lat="46.54979" lon="11.97791">
    <name>TP775</name>
  </trkpt>
  <trkpt lat="46.54974" lon="11.9779">
    <name>TP776</name>
  </trkpt>
  <trkpt lat="46.54972" lon="11.97789">
    <name>TP777</name>
  </trkpt>
  <trkpt lat="46.5497" lon="11.97787">
    <name>TP778</name>
  </trkpt>
  <trkpt lat="46.54962" lon="11.97782">
    <name>TP779</name>
  </trkpt>
  <trkpt lat="46.54954" lon="11.97777">
    <name>TP780</name>
  </trkpt>
  <trkpt lat="46.54947" lon="11.9777">
    <name>TP781</name>
  </trkpt>
  <trkpt lat="46.5494" lon="11.97761">
    <name>TP782</name>
  </trkpt>
  <trkpt lat="46.54935" lon="11.97756">
    <name>TP783</name>
  </trkpt>
  <trkpt lat="46.54933" lon="11.97751">
    <name>TP784</name>
  </trkpt>
  <trkpt lat="46.54928" lon="11.97742">
    <name>TP785</name>
  </trkpt>
  <trkpt lat="46.54927" lon="11.97741">
    <name>TP786</name>
  </trkpt>
  <trkpt lat="46.54917" lon="11.97723">
    <name>TP787</name>
  </trkpt>
  <trkpt lat="46.54915" lon="11.97721">
    <name>TP788</name>
  </trkpt>
  <trkpt lat="46.54913" lon="11.97719">
    <name>TP789</name>
  </trkpt>
  <trkpt lat="46.5491" lon="11.97716">
    <name>TP790</name>
  </trkpt>
  <trkpt lat="46.54907" lon="11.97714">
    <name>TP791</name>
  </trkpt>
  <trkpt lat="46.54901" lon="11.9771">
    <name>TP792</name>
  </trkpt>
  <trkpt lat="46.54889" lon="11.97704">
    <name>TP793</name>
  </trkpt>
  <trkpt lat="46.54883" lon="11.97702">
    <name>TP794</name>
  </trkpt>
  <trkpt lat="46.54874" lon="11.97699">
    <name>TP795</name>
  </trkpt>
  <trkpt lat="46.54865" lon="11.97698">
    <name>TP796</name>
  </trkpt>
  <trkpt lat="46.54865" lon="11.97697">
    <name>TP797</name>
  </trkpt>
  <trkpt lat="46.54856" lon="11.97696">
    <name>TP798</name>
  </trkpt>
  <trkpt lat="46.54853" lon="11.97696">
    <name>TP799</name>
  </trkpt>
  <trkpt lat="46.54847" lon="11.97695">
    <name>TP800</name>
  </trkpt>
  <trkpt lat="46.54842" lon="11.97695">
    <name>TP801</name>
  </trkpt>
  <trkpt lat="46.54837" lon="11.97694">
    <name>TP802</name>
  </trkpt>
  <trkpt lat="46.54832" lon="11.97691">
    <name>TP803</name>
  </trkpt>
  <trkpt lat="46.5483" lon="11.97689">
    <name>TP804</name>
  </trkpt>
  <trkpt lat="46.54827" lon="11.97687">
    <name>TP805</name>
  </trkpt>
  <trkpt lat="46.54815" lon="11.97674">
    <name>TP806</name>
  </trkpt>
  <trkpt lat="46.54801" lon="11.97659">
    <name>TP807</name>
  </trkpt>
  <trkpt lat="46.54786" lon="11.97644">
    <name>TP808</name>
  </trkpt>
  <trkpt lat="46.54777" lon="11.97634">
    <name>TP809</name>
  </trkpt>
  <trkpt lat="46.54773" lon="11.9763">
    <name>TP810</name>
  </trkpt>
  <trkpt lat="46.54772" lon="11.97628">
    <name>TP811</name>
  </trkpt>
  <trkpt lat="46.5477" lon="11.97625">
    <name>TP812</name>
  </trkpt>
  <trkpt lat="46.54767" lon="11.97616">
    <name>TP813</name>
  </trkpt>
  <trkpt lat="46.54764" lon="11.97605">
    <name>TP814</name>
  </trkpt>
  <trkpt lat="46.54763" lon="11.97595">
    <name>TP815</name>
  </trkpt>
  <trkpt lat="46.54763" lon="11.97589">
    <name>TP816</name>
  </trkpt>
  <trkpt lat="46.54763" lon="11.97586">
    <name>TP817</name>
  </trkpt>
  <trkpt lat="46.54764" lon="11.97579">
    <name>TP818</name>
  </trkpt>
  <trkpt lat="46.54764" lon="11.97578">
    <name>TP819</name>
  </trkpt>
  <trkpt lat="46.54765" lon="11.97558">
    <name>TP820</name>
  </trkpt>
  <trkpt lat="46.54766" lon="11.97555">
    <name>TP821</name>
  </trkpt>
  <trkpt lat="46.54766" lon="11.97553">
    <name>TP822</name>
  </trkpt>
  <trkpt lat="46.54766" lon="11.97551">
    <name>TP823</name>
  </trkpt>
  <trkpt lat="46.54765" lon="11.97549">
    <name>TP824</name>
  </trkpt>
  <trkpt lat="46.54764" lon="11.97545">
    <name>TP825</name>
  </trkpt>
  <trkpt lat="46.54761" lon="11.97533">
    <name>TP826</name>
  </trkpt>
  <trkpt lat="46.54754" lon="11.9751">
    <name>TP827</name>
  </trkpt>
  <trkpt lat="46.54753" lon="11.97504">
    <name>TP828</name>
  </trkpt>
  <trkpt lat="46.5474" lon="11.97455">
    <name>TP829</name>
  </trkpt>
  <trkpt lat="46.54734" lon="11.97431">
    <name>TP830</name>
  </trkpt>
  <trkpt lat="46.54732" lon="11.97423">
    <name>TP831</name>
  </trkpt>
  <trkpt lat="46.54727" lon="11.97411">
    <name>TP832</name>
  </trkpt>
  <trkpt lat="46.54725" lon="11.97408">
    <name>TP833</name>
  </trkpt>
  <trkpt lat="46.54723" lon="11.97403">
    <name>TP834</name>
  </trkpt>
  <trkpt lat="46.54721" lon="11.97399">
    <name>TP835</name>
  </trkpt>
  <trkpt lat="46.54715" lon="11.97394">
    <name>TP836</name>
  </trkpt>
  <trkpt lat="46.54712" lon="11.97391">
    <name>TP837</name>
  </trkpt>
  <trkpt lat="46.54711" lon="11.9739">
    <name>TP838</name>
  </trkpt>
  <trkpt lat="46.54706" lon="11.97388">
    <name>TP839</name>
  </trkpt>
  <trkpt lat="46.54699" lon="11.97384">
    <name>TP840</name>
  </trkpt>
  <trkpt lat="46.54695" lon="11.97383">
    <name>TP841</name>
  </trkpt>
  <trkpt lat="46.54677" lon="11.97379">
    <name>TP842</name>
  </trkpt>
  <trkpt lat="46.54662" lon="11.97376">
    <name>TP843</name>
  </trkpt>
  <trkpt lat="46.54659" lon="11.97375">
    <name>TP844</name>
  </trkpt>
  <trkpt lat="46.54658" lon="11.97374">
    <name>TP845</name>
  </trkpt>
  <trkpt lat="46.54653" lon="11.97372">
    <name>TP846</name>
  </trkpt>
  <trkpt lat="46.54645" lon="11.97368">
    <name>TP847</name>
  </trkpt>
  <trkpt lat="46.54639" lon="11.97362">
    <name>TP848</name>
  </trkpt>
  <trkpt lat="46.54626" lon="11.97356">
    <name>TP849</name>
  </trkpt>
  <trkpt lat="46.54625" lon="11.97356">
    <name>TP850</name>
  </trkpt>
  <trkpt lat="46.54609" lon="11.97347">
    <name>TP851</name>
  </trkpt>
  <trkpt lat="46.54608" lon="11.97347">
    <name>TP852</name>
  </trkpt>
  <trkpt lat="46.54596" lon="11.97344">
    <name>TP853</name>
  </trkpt>
  <trkpt lat="46.54591" lon="11.97344">
    <name>TP854</name>
  </trkpt>
  <trkpt lat="46.5459" lon="11.97344">
    <name>TP855</name>
  </trkpt>
  <trkpt lat="46.54566" lon="11.97349">
    <name>TP856</name>
  </trkpt>
  <trkpt lat="46.54555" lon="11.97352">
    <name>TP857</name>
  </trkpt>
  <trkpt lat="46.54538" lon="11.97356">
    <name>TP858</name>
  </trkpt>
  <trkpt lat="46.54511" lon="11.97362">
    <name>TP859</name>
  </trkpt>
  <trkpt lat="46.545" lon="11.97364">
    <name>TP860</name>
  </trkpt>
  <trkpt lat="46.5450024" lon="11.9736394">
    <name>TP861</name>
  </trkpt>
  <trkpt lat="46.54492" lon="11.97366">
    <name>TP862</name>
  </trkpt>
  <trkpt lat="46.54487" lon="11.97366">
    <name>TP863</name>
  </trkpt>
  <trkpt lat="46.54482" lon="11.97365">
    <name>TP864</name>
  </trkpt>
  <trkpt lat="46.54462" lon="11.97357">
    <name>TP865</name>
  </trkpt>
  <trkpt lat="46.54445" lon="11.9735">
    <name>TP866</name>
  </trkpt>
  <trkpt lat="46.54428" lon="11.97342">
    <name>TP867</name>
  </trkpt>
  <trkpt lat="46.5441" lon="11.97335">
    <name>TP868</name>
  </trkpt>
  <trkpt lat="46.54393" lon="11.97328">
    <name>TP869</name>
  </trkpt>
  <trkpt lat="46.54385" lon="11.97324">
    <name>TP870</name>
  </trkpt>
  <trkpt lat="46.54375" lon="11.9732">
    <name>TP871</name>
  </trkpt>
  <trkpt lat="46.54371" lon="11.97319">
    <name>TP872</name>
  </trkpt>
  <trkpt lat="46.54367" lon="11.97318">
    <name>TP873</name>
  </trkpt>
  <trkpt lat="46.54362" lon="11.97318">
    <name>TP874</name>
  </trkpt>
  <trkpt lat="46.54357" lon="11.97318">
    <name>TP875</name>
  </trkpt>
  <trkpt lat="46.54354" lon="11.97319">
    <name>TP876</name>
  </trkpt>
  <trkpt lat="46.5435" lon="11.9732">
    <name>TP877</name>
  </trkpt>
  <trkpt lat="46.54347" lon="11.97323">
    <name>TP878</name>
  </trkpt>
  <trkpt lat="46.54342" lon="11.97326">
    <name>TP879</name>
  </trkpt>
  <trkpt lat="46.54342" lon="11.97327">
    <name>TP880</name>
  </trkpt>
  <trkpt lat="46.54339" lon="11.97331">
    <name>TP881</name>
  </trkpt>
  <trkpt lat="46.54336" lon="11.97339">
    <name>TP882</name>
  </trkpt>
  <trkpt lat="46.54332" lon="11.97348">
    <name>TP883</name>
  </trkpt>
  <trkpt lat="46.54325" lon="11.9738">
    <name>TP884</name>
  </trkpt>
  <trkpt lat="46.5432" lon="11.97402">
    <name>TP885</name>
  </trkpt>
  <trkpt lat="46.54314" lon="11.97425">
    <name>TP886</name>
  </trkpt>
  <trkpt lat="46.54308" lon="11.97439">
    <name>TP887</name>
  </trkpt>
  <trkpt lat="46.54303" lon="11.97449">
    <name>TP888</name>
  </trkpt>
  <trkpt lat="46.54295" lon="11.97465">
    <name>TP889</name>
  </trkpt>
  <trkpt lat="46.54289" lon="11.97478">
    <name>TP890</name>
  </trkpt>
  <trkpt lat="46.54284" lon="11.97491">
    <name>TP891</name>
  </trkpt>
  <trkpt lat="46.54283" lon="11.97495">
    <name>TP892</name>
  </trkpt>
  <trkpt lat="46.5428" lon="11.97507">
    <name>TP893</name>
  </trkpt>
  <trkpt lat="46.54278" lon="11.97522">
    <name>TP894</name>
  </trkpt>
  <trkpt lat="46.54277" lon="11.97535">
    <name>TP895</name>
  </trkpt>
  <trkpt lat="46.54276" lon="11.97539">
    <name>TP896</name>
  </trkpt>
  <trkpt lat="46.54276" lon="11.97549">
    <name>TP897</name>
  </trkpt>
  <trkpt lat="46.54275" lon="11.97568">
    <name>TP898</name>
  </trkpt>
  <trkpt lat="46.54276" lon="11.9758">
    <name>TP899</name>
  </trkpt>
  <trkpt lat="46.54278" lon="11.97617">
    <name>TP900</name>
  </trkpt>
  <trkpt lat="46.54278" lon="11.97633">
    <name>TP901</name>
  </trkpt>
  <trkpt lat="46.54278" lon="11.97642">
    <name>TP902</name>
  </trkpt>
  <trkpt lat="46.54277" lon="11.9765">
    <name>TP903</name>
  </trkpt>
  <trkpt lat="46.54277" lon="11.97655">
    <name>TP904</name>
  </trkpt>
  <trkpt lat="46.54276" lon="11.97661">
    <name>TP905</name>
  </trkpt>
  <trkpt lat="46.54275" lon="11.97665">
    <name>TP906</name>
  </trkpt>
  <trkpt lat="46.54274" lon="11.97676">
    <name>TP907</name>
  </trkpt>
  <trkpt lat="46.54272" lon="11.97684">
    <name>TP908</name>
  </trkpt>
  <trkpt lat="46.54269" lon="11.97694">
    <name>TP909</name>
  </trkpt>
  <trkpt lat="46.54267" lon="11.97699">
    <name>TP910</name>
  </trkpt>
  <trkpt lat="46.5426" lon="11.97717">
    <name>TP911</name>
  </trkpt>
  <trkpt lat="46.54257" lon="11.97725">
    <name>TP912</name>
  </trkpt>
  <trkpt lat="46.54251" lon="11.97739">
    <name>TP913</name>
  </trkpt>
  <trkpt lat="46.54243" lon="11.97758">
    <name>TP914</name>
  </trkpt>
  <trkpt lat="46.54241" lon="11.97761">
    <name>TP915</name>
  </trkpt>
  <trkpt lat="46.54229" lon="11.97784">
    <name>TP916</name>
  </trkpt>
  <trkpt lat="46.54205" lon="11.97836">
    <name>TP917</name>
  </trkpt>
  <trkpt lat="46.5418" lon="11.9789">
    <name>TP918</name>
  </trkpt>
  <trkpt lat="46.54171" lon="11.9791">
    <name>TP919</name>
  </trkpt>
  <trkpt lat="46.5417" lon="11.97912">
    <name>TP920</name>
  </trkpt>
  <trkpt lat="46.54163" lon="11.97928">
    <name>TP921</name>
  </trkpt>
  <trkpt lat="46.5416" lon="11.97935">
    <name>TP922</name>
  </trkpt>
  <trkpt lat="46.5416" lon="11.97936">
    <name>TP923</name>
  </trkpt>
  <trkpt lat="46.54157" lon="11.97946">
    <name>TP924</name>
  </trkpt>
  <trkpt lat="46.54153" lon="11.9796">
    <name>TP925</name>
  </trkpt>
  <trkpt lat="46.54149" lon="11.97974">
    <name>TP926</name>
  </trkpt>
  <trkpt lat="46.54146" lon="11.97988">
    <name>TP927</name>
  </trkpt>
  <trkpt lat="46.54144" lon="11.97998">
    <name>TP928</name>
  </trkpt>
  <trkpt lat="46.5414" lon="11.98026">
    <name>TP929</name>
  </trkpt>
  <trkpt lat="46.54134" lon="11.98067">
    <name>TP930</name>
  </trkpt>
  <trkpt lat="46.54131" lon="11.98085">
    <name>TP931</name>
  </trkpt>
  <trkpt lat="46.54127" lon="11.98105">
    <name>TP932</name>
  </trkpt>
  <trkpt lat="46.54126" lon="11.9811">
    <name>TP933</name>
  </trkpt>
  <trkpt lat="46.54118" lon="11.98148">
    <name>TP934</name>
  </trkpt>
  <trkpt lat="46.54116" lon="11.98155">
    <name>TP935</name>
  </trkpt>
  <trkpt lat="46.54111" lon="11.98169">
    <name>TP936</name>
  </trkpt>
  <trkpt lat="46.54101" lon="11.98195">
    <name>TP937</name>
  </trkpt>
  <trkpt lat="46.5409" lon="11.98218">
    <name>TP938</name>
  </trkpt>
  <trkpt lat="46.54068" lon="11.98251">
    <name>TP939</name>
  </trkpt>
  <trkpt lat="46.5406" lon="11.98263">
    <name>TP940</name>
  </trkpt>
  <trkpt lat="46.54031" lon="11.98302">
    <name>TP941</name>
  </trkpt>
  <trkpt lat="46.53957" lon="11.984">
    <name>TP942</name>
  </trkpt>
  <trkpt lat="46.53949" lon="11.98411">
    <name>TP943</name>
  </trkpt>
  <trkpt lat="46.53941" lon="11.98421">
    <name>TP944</name>
  </trkpt>
  <trkpt lat="46.53924" lon="11.98436">
    <name>TP945</name>
  </trkpt>
  <trkpt lat="46.53896" lon="11.98452">
    <name>TP946</name>
  </trkpt>
  <trkpt lat="46.53877" lon="11.98459">
    <name>TP947</name>
  </trkpt>
  <trkpt lat="46.53874" lon="11.9846">
    <name>TP948</name>
  </trkpt>
  <trkpt lat="46.53856" lon="11.98462">
    <name>TP949</name>
  </trkpt>
  <trkpt lat="46.53843" lon="11.98463">
    <name>TP950</name>
  </trkpt>
  <trkpt lat="46.53838" lon="11.98464">
    <name>TP951</name>
  </trkpt>
  <trkpt lat="46.53797" lon="11.98469">
    <name>TP952</name>
  </trkpt>
  <trkpt lat="46.53764" lon="11.98473">
    <name>TP953</name>
  </trkpt>
  <trkpt lat="46.53725" lon="11.98481">
    <name>TP954</name>
  </trkpt>
  <trkpt lat="46.5372" lon="11.98481">
    <name>TP955</name>
  </trkpt>
  <trkpt lat="46.53715" lon="11.98482">
    <name>TP956</name>
  </trkpt>
  <trkpt lat="46.53713" lon="11.98483">
    <name>TP957</name>
  </trkpt>
  <trkpt lat="46.53708" lon="11.98484">
    <name>TP958</name>
  </trkpt>
  <trkpt lat="46.53702" lon="11.98486">
    <name>TP959</name>
  </trkpt>
  <trkpt lat="46.53696" lon="11.98489">
    <name>TP960</name>
  </trkpt>
  <trkpt lat="46.53693" lon="11.9849">
    <name>TP961</name>
  </trkpt>
  <trkpt lat="46.53686" lon="11.98495">
    <name>TP962</name>
  </trkpt>
  <trkpt lat="46.53667" lon="11.98507">
    <name>TP963</name>
  </trkpt>
  <trkpt lat="46.53632" lon="11.98533">
    <name>TP964</name>
  </trkpt>
  <trkpt lat="46.53617" lon="11.98543">
    <name>TP965</name>
  </trkpt>
  <trkpt lat="46.53611" lon="11.98546">
    <name>TP966</name>
  </trkpt>
  <trkpt lat="46.53598" lon="11.98551">
    <name>TP967</name>
  </trkpt>
  <trkpt lat="46.53594" lon="11.98552">
    <name>TP968</name>
  </trkpt>
  <trkpt lat="46.53589" lon="11.98551">
    <name>TP969</name>
  </trkpt>
  <trkpt lat="46.53579" lon="11.98549">
    <name>TP970</name>
  </trkpt>
  <trkpt lat="46.53578" lon="11.98549">
    <name>TP971</name>
  </trkpt>
  <trkpt lat="46.53574" lon="11.98546">
    <name>TP972</name>
  </trkpt>
  <trkpt lat="46.53569" lon="11.98543">
    <name>TP973</name>
  </trkpt>
  <trkpt lat="46.53564" lon="11.98539">
    <name>TP974</name>
  </trkpt>
  <trkpt lat="46.53559" lon="11.98533">
    <name>TP975</name>
  </trkpt>
  <trkpt lat="46.53551" lon="11.98518">
    <name>TP976</name>
  </trkpt>
  <trkpt lat="46.53546" lon="11.98508">
    <name>TP977</name>
  </trkpt>
  <trkpt lat="46.53543" lon="11.98492">
    <name>TP978</name>
  </trkpt>
  <trkpt lat="46.5354" lon="11.98481">
    <name>TP979</name>
  </trkpt>
  <trkpt lat="46.53535" lon="11.9846">
    <name>TP980</name>
  </trkpt>
  <trkpt lat="46.53531" lon="11.98446">
    <name>TP981</name>
  </trkpt>
  <trkpt lat="46.53528" lon="11.98439">
    <name>TP982</name>
  </trkpt>
  <trkpt lat="46.53525" lon="11.98432">
    <name>TP983</name>
  </trkpt>
  <trkpt lat="46.53522" lon="11.98427">
    <name>TP984</name>
  </trkpt>
  <trkpt lat="46.53519" lon="11.98421">
    <name>TP985</name>
  </trkpt>
  <trkpt lat="46.53507" lon="11.98408">
    <name>TP986</name>
  </trkpt>
  <trkpt lat="46.53507" lon="11.98407">
    <name>TP987</name>
  </trkpt>
  <trkpt lat="46.53499" lon="11.98398">
    <name>TP988</name>
  </trkpt>
  <trkpt lat="46.53492" lon="11.98393">
    <name>TP989</name>
  </trkpt>
  <trkpt lat="46.53491" lon="11.98391">
    <name>TP990</name>
  </trkpt>
  <trkpt lat="46.53472" lon="11.98378">
    <name>TP991</name>
  </trkpt>
  <trkpt lat="46.53457" lon="11.98369">
    <name>TP992</name>
  </trkpt>
  <trkpt lat="46.53447" lon="11.98361">
    <name>TP993</name>
  </trkpt>
  <trkpt lat="46.53444" lon="11.9836">
    <name>TP994</name>
  </trkpt>
  <trkpt lat="46.53436" lon="11.98356">
    <name>TP995</name>
  </trkpt>
  <trkpt lat="46.53432" lon="11.98354">
    <name>TP996</name>
  </trkpt>
  <trkpt lat="46.53427" lon="11.98354">
    <name>TP997</name>
  </trkpt>
  <trkpt lat="46.53423" lon="11.98355">
    <name>TP998</name>
  </trkpt>
  <trkpt lat="46.53419" lon="11.98357">
    <name>TP999</name>
  </trkpt>
  <trkpt lat="46.53413" lon="11.98362">
    <name>TP1000</name>
  </trkpt>
  <trkpt lat="46.5341" lon="11.98366">
    <name>TP1001</name>
  </trkpt>
  <trkpt lat="46.53409" lon="11.98367">
    <name>TP1002</name>
  </trkpt>
  <trkpt lat="46.53407" lon="11.98371">
    <name>TP1003</name>
  </trkpt>
  <trkpt lat="46.53405" lon="11.98377">
    <name>TP1004</name>
  </trkpt>
  <trkpt lat="46.53404" lon="11.98379">
    <name>TP1005</name>
  </trkpt>
  <trkpt lat="46.53403" lon="11.98386">
    <name>TP1006</name>
  </trkpt>
  <trkpt lat="46.53403" lon="11.98394">
    <name>TP1007</name>
  </trkpt>
  <trkpt lat="46.53403" lon="11.984">
    <name>TP1008</name>
  </trkpt>
  <trkpt lat="46.53405" lon="11.98408">
    <name>TP1009</name>
  </trkpt>
  <trkpt lat="46.53408" lon="11.98413">
    <name>TP1010</name>
  </trkpt>
  <trkpt lat="46.5341" lon="11.98417">
    <name>TP1011</name>
  </trkpt>
  <trkpt lat="46.53421" lon="11.9843">
    <name>TP1012</name>
  </trkpt>
  <trkpt lat="46.53435" lon="11.98447">
    <name>TP1013</name>
  </trkpt>
  <trkpt lat="46.53446" lon="11.98461">
    <name>TP1014</name>
  </trkpt>
  <trkpt lat="46.53448" lon="11.98465">
    <name>TP1015</name>
  </trkpt>
  <trkpt lat="46.53452" lon="11.9847">
    <name>TP1016</name>
  </trkpt>
  <trkpt lat="46.53461" lon="11.98483">
    <name>TP1017</name>
  </trkpt>
  <trkpt lat="46.53465" lon="11.98496">
    <name>TP1018</name>
  </trkpt>
  <trkpt lat="46.53468" lon="11.98506">
    <name>TP1019</name>
  </trkpt>
  <trkpt lat="46.53469" lon="11.98519">
    <name>TP1020</name>
  </trkpt>
  <trkpt lat="46.53469" lon="11.98527">
    <name>TP1021</name>
  </trkpt>
  <trkpt lat="46.53466" lon="11.98578">
    <name>TP1022</name>
  </trkpt>
  <trkpt lat="46.53464" lon="11.9862">
    <name>TP1023</name>
  </trkpt>
  <trkpt lat="46.53462" lon="11.98638">
    <name>TP1024</name>
  </trkpt>
  <trkpt lat="46.53461" lon="11.98655">
    <name>TP1025</name>
  </trkpt>
  <trkpt lat="46.53461" lon="11.98664">
    <name>TP1026</name>
  </trkpt>
  <trkpt lat="46.5346" lon="11.9869">
    <name>TP1027</name>
  </trkpt>
  <trkpt lat="46.5346" lon="11.98694">
    <name>TP1028</name>
  </trkpt>
  <trkpt lat="46.5346" lon="11.98705">
    <name>TP1029</name>
  </trkpt>
  <trkpt lat="46.53461" lon="11.98713">
    <name>TP1030</name>
  </trkpt>
  <trkpt lat="46.53461" lon="11.98716">
    <name>TP1031</name>
  </trkpt>
  <trkpt lat="46.53465" lon="11.98733">
    <name>TP1032</name>
  </trkpt>
  <trkpt lat="46.53465" lon="11.98741">
    <name>TP1033</name>
  </trkpt>
  <trkpt lat="46.53465" lon="11.98742">
    <name>TP1034</name>
  </trkpt>
  <trkpt lat="46.53465" lon="11.98749">
    <name>TP1035</name>
  </trkpt>
  <trkpt lat="46.53465" lon="11.98754">
    <name>TP1036</name>
  </trkpt>
  <trkpt lat="46.53465" lon="11.98757">
    <name>TP1037</name>
  </trkpt>
  <trkpt lat="46.53463" lon="11.98762">
    <name>TP1038</name>
  </trkpt>
  <trkpt lat="46.53462" lon="11.98763">
    <name>TP1039</name>
  </trkpt>
  <trkpt lat="46.53461" lon="11.98766">
    <name>TP1040</name>
  </trkpt>
  <trkpt lat="46.53456" lon="11.98769">
    <name>TP1041</name>
  </trkpt>
  <trkpt lat="46.53452" lon="11.98771">
    <name>TP1042</name>
  </trkpt>
  <trkpt lat="46.53449" lon="11.98772">
    <name>TP1043</name>
  </trkpt>
  <trkpt lat="46.53445" lon="11.98772">
    <name>TP1044</name>
  </trkpt>
  <trkpt lat="46.53442" lon="11.98772">
    <name>TP1045</name>
  </trkpt>
  <trkpt lat="46.53441" lon="11.98772">
    <name>TP1046</name>
  </trkpt>
  <trkpt lat="46.5344" lon="11.98771">
    <name>TP1047</name>
  </trkpt>
  <trkpt lat="46.53438" lon="11.9877">
    <name>TP1048</name>
  </trkpt>
  <trkpt lat="46.53436" lon="11.98767">
    <name>TP1049</name>
  </trkpt>
  <trkpt lat="46.53434" lon="11.98763">
    <name>TP1050</name>
  </trkpt>
  <trkpt lat="46.53432" lon="11.9876">
    <name>TP1051</name>
  </trkpt>
  <trkpt lat="46.5343" lon="11.98752">
    <name>TP1052</name>
  </trkpt>
  <trkpt lat="46.5343" lon="11.98748">
    <name>TP1053</name>
  </trkpt>
  <trkpt lat="46.53427" lon="11.98731">
    <name>TP1054</name>
  </trkpt>
  <trkpt lat="46.53424" lon="11.98716">
    <name>TP1055</name>
  </trkpt>
  <trkpt lat="46.53421" lon="11.98706">
    <name>TP1056</name>
  </trkpt>
  <trkpt lat="46.53418" lon="11.98694">
    <name>TP1057</name>
  </trkpt>
  <trkpt lat="46.53418" lon="11.98691">
    <name>TP1058</name>
  </trkpt>
  <trkpt lat="46.53416" lon="11.98683">
    <name>TP1059</name>
  </trkpt>
  <trkpt lat="46.53415" lon="11.98681">
    <name>TP1060</name>
  </trkpt>
  <trkpt lat="46.53413" lon="11.98677">
    <name>TP1061</name>
  </trkpt>
  <trkpt lat="46.53412" lon="11.98673">
    <name>TP1062</name>
  </trkpt>
  <trkpt lat="46.53409" lon="11.98671">
    <name>TP1063</name>
  </trkpt>
  <trkpt lat="46.53403" lon="11.98663">
    <name>TP1064</name>
  </trkpt>
  <trkpt lat="46.53398" lon="11.98658">
    <name>TP1065</name>
  </trkpt>
  <trkpt lat="46.53373" lon="11.9864">
    <name>TP1066</name>
  </trkpt>
  <trkpt lat="46.53371" lon="11.98638">
    <name>TP1067</name>
  </trkpt>
  <trkpt lat="46.53369" lon="11.98637">
    <name>TP1068</name>
  </trkpt>
  <trkpt lat="46.53361" lon="11.98633">
    <name>TP1069</name>
  </trkpt>
  <trkpt lat="46.53356" lon="11.98631">
    <name>TP1070</name>
  </trkpt>
  <trkpt lat="46.53354" lon="11.9863">
    <name>TP1071</name>
  </trkpt>
  <trkpt lat="46.53353" lon="11.9863">
    <name>TP1072</name>
  </trkpt>
  <trkpt lat="46.5335" lon="11.9863">
    <name>TP1073</name>
  </trkpt>
  <trkpt lat="46.53348" lon="11.9863">
    <name>TP1074</name>
  </trkpt>
  <trkpt lat="46.53345" lon="11.98631">
    <name>TP1075</name>
  </trkpt>
  <trkpt lat="46.53342" lon="11.98633">
    <name>TP1076</name>
  </trkpt>
  <trkpt lat="46.53339" lon="11.98636">
    <name>TP1077</name>
  </trkpt>
  <trkpt lat="46.53337" lon="11.9864">
    <name>TP1078</name>
  </trkpt>
  <trkpt lat="46.53334" lon="11.98644">
    <name>TP1079</name>
  </trkpt>
  <trkpt lat="46.53333" lon="11.98647">
    <name>TP1080</name>
  </trkpt>
  <trkpt lat="46.53333" lon="11.98649">
    <name>TP1081</name>
  </trkpt>
  <trkpt lat="46.53332" lon="11.9865">
    <name>TP1082</name>
  </trkpt>
  <trkpt lat="46.53332" lon="11.98651">
    <name>TP1083</name>
  </trkpt>
  <trkpt lat="46.53332" lon="11.98653">
    <name>TP1084</name>
  </trkpt>
  <trkpt lat="46.53332" lon="11.98657">
    <name>TP1085</name>
  </trkpt>
  <trkpt lat="46.53332" lon="11.9866">
    <name>TP1086</name>
  </trkpt>
  <trkpt lat="46.53332" lon="11.98662">
    <name>TP1087</name>
  </trkpt>
  <trkpt lat="46.53332" lon="11.98663">
    <name>TP1088</name>
  </trkpt>
  <trkpt lat="46.53333" lon="11.98664">
    <name>TP1089</name>
  </trkpt>
  <trkpt lat="46.53345" lon="11.9868">
    <name>TP1090</name>
  </trkpt>
  <trkpt lat="46.53351" lon="11.98687">
    <name>TP1091</name>
  </trkpt>
  <trkpt lat="46.53358" lon="11.98698">
    <name>TP1092</name>
  </trkpt>
  <trkpt lat="46.53359" lon="11.98699">
    <name>TP1093</name>
  </trkpt>
  <trkpt lat="46.53363" lon="11.98707">
    <name>TP1094</name>
  </trkpt>
  <trkpt lat="46.53366" lon="11.98714">
    <name>TP1095</name>
  </trkpt>
  <trkpt lat="46.53369" lon="11.9873">
    <name>TP1096</name>
  </trkpt>
  <trkpt lat="46.53371" lon="11.98743">
    <name>TP1097</name>
  </trkpt>
  <trkpt lat="46.53372" lon="11.98758">
    <name>TP1098</name>
  </trkpt>
  <trkpt lat="46.53375" lon="11.98791">
    <name>TP1099</name>
  </trkpt>
  <trkpt lat="46.5338" lon="11.98816">
    <name>TP1100</name>
  </trkpt>
  <trkpt lat="46.53382" lon="11.98822">
    <name>TP1101</name>
  </trkpt>
  <trkpt lat="46.53384" lon="11.98831">
    <name>TP1102</name>
  </trkpt>
  <trkpt lat="46.5339" lon="11.98846">
    <name>TP1103</name>
  </trkpt>
  <trkpt lat="46.53393" lon="11.98852">
    <name>TP1104</name>
  </trkpt>
  <trkpt lat="46.53396" lon="11.98855">
    <name>TP1105</name>
  </trkpt>
  <trkpt lat="46.53402" lon="11.98865">
    <name>TP1106</name>
  </trkpt>
  <trkpt lat="46.5341" lon="11.98876">
    <name>TP1107</name>
  </trkpt>
  <trkpt lat="46.53415" lon="11.98883">
    <name>TP1108</name>
  </trkpt>
  <trkpt lat="46.5342" lon="11.9889">
    <name>TP1109</name>
  </trkpt>
  <trkpt lat="46.53428" lon="11.98901">
    <name>TP1110</name>
  </trkpt>
  <trkpt lat="46.53431" lon="11.98904">
    <name>TP1111</name>
  </trkpt>
  <trkpt lat="46.53434" lon="11.98909">
    <name>TP1112</name>
  </trkpt>
  <trkpt lat="46.53437" lon="11.98916">
    <name>TP1113</name>
  </trkpt>
  <trkpt lat="46.53439" lon="11.98922">
    <name>TP1114</name>
  </trkpt>
  <trkpt lat="46.5344" lon="11.98925">
    <name>TP1115</name>
  </trkpt>
  <trkpt lat="46.53441" lon="11.98929">
    <name>TP1116</name>
  </trkpt>
  <trkpt lat="46.53441" lon="11.98932">
    <name>TP1117</name>
  </trkpt>
  <trkpt lat="46.53441" lon="11.98935">
    <name>TP1118</name>
  </trkpt>
  <trkpt lat="46.5344" lon="11.98939">
    <name>TP1119</name>
  </trkpt>
  <trkpt lat="46.5344" lon="11.98942">
    <name>TP1120</name>
  </trkpt>
  <trkpt lat="46.53439" lon="11.98944">
    <name>TP1121</name>
  </trkpt>
  <trkpt lat="46.53437" lon="11.98948">
    <name>TP1122</name>
  </trkpt>
  <trkpt lat="46.53435" lon="11.98952">
    <name>TP1123</name>
  </trkpt>
  <trkpt lat="46.53432" lon="11.98957">
    <name>TP1124</name>
  </trkpt>
  <trkpt lat="46.53429" lon="11.98962">
    <name>TP1125</name>
  </trkpt>
  <trkpt lat="46.53426" lon="11.98965">
    <name>TP1126</name>
  </trkpt>
  <trkpt lat="46.5342" lon="11.9897">
    <name>TP1127</name>
  </trkpt>
  <trkpt lat="46.53419" lon="11.98971">
    <name>TP1128</name>
  </trkpt>
  <trkpt lat="46.53417" lon="11.98972">
    <name>TP1129</name>
  </trkpt>
  <trkpt lat="46.53413" lon="11.98972">
    <name>TP1130</name>
  </trkpt>
  <trkpt lat="46.53408" lon="11.98971">
    <name>TP1131</name>
  </trkpt>
  <trkpt lat="46.53404" lon="11.9897">
    <name>TP1132</name>
  </trkpt>
  <trkpt lat="46.534" lon="11.98968">
    <name>TP1133</name>
  </trkpt>
  <trkpt lat="46.53398" lon="11.98967">
    <name>TP1134</name>
  </trkpt>
  <trkpt lat="46.53396" lon="11.98965">
    <name>TP1135</name>
  </trkpt>
  <trkpt lat="46.53394" lon="11.98962">
    <name>TP1136</name>
  </trkpt>
  <trkpt lat="46.53392" lon="11.98957">
    <name>TP1137</name>
  </trkpt>
  <trkpt lat="46.5339" lon="11.98953">
    <name>TP1138</name>
  </trkpt>
  <trkpt lat="46.53388" lon="11.98947">
    <name>TP1139</name>
  </trkpt>
  <trkpt lat="46.53386" lon="11.98937">
    <name>TP1140</name>
  </trkpt>
  <trkpt lat="46.53384" lon="11.98927">
    <name>TP1141</name>
  </trkpt>
  <trkpt lat="46.5338" lon="11.98913">
    <name>TP1142</name>
  </trkpt>
  <trkpt lat="46.5338" lon="11.98912">
    <name>TP1143</name>
  </trkpt>
  <trkpt lat="46.53377" lon="11.98904">
    <name>TP1144</name>
  </trkpt>
  <trkpt lat="46.53371" lon="11.98894">
    <name>TP1145</name>
  </trkpt>
  <trkpt lat="46.5337" lon="11.98891">
    <name>TP1146</name>
  </trkpt>
  <trkpt lat="46.53368" lon="11.98888">
    <name>TP1147</name>
  </trkpt>
  <trkpt lat="46.53365" lon="11.98884">
    <name>TP1148</name>
  </trkpt>
  <trkpt lat="46.53358" lon="11.98878">
    <name>TP1149</name>
  </trkpt>
  <trkpt lat="46.53356" lon="11.98875">
    <name>TP1150</name>
  </trkpt>
  <trkpt lat="46.53351" lon="11.98872">
    <name>TP1151</name>
  </trkpt>
  <trkpt lat="46.53344" lon="11.98867">
    <name>TP1152</name>
  </trkpt>
  <trkpt lat="46.5334" lon="11.98865">
    <name>TP1153</name>
  </trkpt>
  <trkpt lat="46.53334" lon="11.98864">
    <name>TP1154</name>
  </trkpt>
  <trkpt lat="46.53329" lon="11.98863">
    <name>TP1155</name>
  </trkpt>
  <trkpt lat="46.53324" lon="11.98862">
    <name>TP1156</name>
  </trkpt>
  <trkpt lat="46.5332" lon="11.98863">
    <name>TP1157</name>
  </trkpt>
  <trkpt lat="46.53304" lon="11.98868">
    <name>TP1158</name>
  </trkpt>
  <trkpt lat="46.53299" lon="11.98871">
    <name>TP1159</name>
  </trkpt>
  <trkpt lat="46.53292" lon="11.98876">
    <name>TP1160</name>
  </trkpt>
  <trkpt lat="46.53288" lon="11.9888">
    <name>TP1161</name>
  </trkpt>
  <trkpt lat="46.53282" lon="11.98884">
    <name>TP1162</name>
  </trkpt>
  <trkpt lat="46.53274" lon="11.98891">
    <name>TP1163</name>
  </trkpt>
  <trkpt lat="46.53264" lon="11.98899">
    <name>TP1164</name>
  </trkpt>
  <trkpt lat="46.53259" lon="11.98904">
    <name>TP1165</name>
  </trkpt>
  <trkpt lat="46.53256" lon="11.98905">
    <name>TP1166</name>
  </trkpt>
  <trkpt lat="46.53255" lon="11.98905">
    <name>TP1167</name>
  </trkpt>
  <trkpt lat="46.53247" lon="11.98906">
    <name>TP1168</name>
  </trkpt>
  <trkpt lat="46.53231" lon="11.98907">
    <name>TP1169</name>
  </trkpt>
  <trkpt lat="46.53222" lon="11.98905">
    <name>TP1170</name>
  </trkpt>
  <trkpt lat="46.53207" lon="11.98898">
    <name>TP1171</name>
  </trkpt>
  <trkpt lat="46.53204" lon="11.98896">
    <name>TP1172</name>
  </trkpt>
  <trkpt lat="46.53199" lon="11.98893">
    <name>TP1173</name>
  </trkpt>
  <trkpt lat="46.53195" lon="11.9889">
    <name>TP1174</name>
  </trkpt>
  <trkpt lat="46.5319" lon="11.98888">
    <name>TP1175</name>
  </trkpt>
  <trkpt lat="46.53188" lon="11.98887">
    <name>TP1176</name>
  </trkpt>
  <trkpt lat="46.53187" lon="11.98887">
    <name>TP1177</name>
  </trkpt>
  <trkpt lat="46.53184" lon="11.98887">
    <name>TP1178</name>
  </trkpt>
  <trkpt lat="46.5318" lon="11.98888">
    <name>TP1179</name>
  </trkpt>
  <trkpt lat="46.53175" lon="11.98889">
    <name>TP1180</name>
  </trkpt>
  <trkpt lat="46.53168" lon="11.98892">
    <name>TP1181</name>
  </trkpt>
  <trkpt lat="46.53165" lon="11.98894">
    <name>TP1182</name>
  </trkpt>
  <trkpt lat="46.5316" lon="11.98899">
    <name>TP1183</name>
  </trkpt>
  <trkpt lat="46.53154" lon="11.98906">
    <name>TP1184</name>
  </trkpt>
  <trkpt lat="46.53142" lon="11.98918">
    <name>TP1185</name>
  </trkpt>
  <trkpt lat="46.53124" lon="11.98935">
    <name>TP1186</name>
  </trkpt>
  <trkpt lat="46.53113" lon="11.98946">
    <name>TP1187</name>
  </trkpt>
  <trkpt lat="46.53107" lon="11.9895">
    <name>TP1188</name>
  </trkpt>
  <trkpt lat="46.531" lon="11.98955">
    <name>TP1189</name>
  </trkpt>
  <trkpt lat="46.53096" lon="11.98957">
    <name>TP1190</name>
  </trkpt>
  <trkpt lat="46.53092" lon="11.98958">
    <name>TP1191</name>
  </trkpt>
  <trkpt lat="46.53087" lon="11.98959">
    <name>TP1192</name>
  </trkpt>
  <trkpt lat="46.53083" lon="11.98959">
    <name>TP1193</name>
  </trkpt>
  <trkpt lat="46.53074" lon="11.98958">
    <name>TP1194</name>
  </trkpt>
  <trkpt lat="46.5307" lon="11.98957">
    <name>TP1195</name>
  </trkpt>
  <trkpt lat="46.53047" lon="11.98952">
    <name>TP1196</name>
  </trkpt>
  <trkpt lat="46.53029" lon="11.9895">
    <name>TP1197</name>
  </trkpt>
  <trkpt lat="46.53026" lon="11.9895">
    <name>TP1198</name>
  </trkpt>
  <trkpt lat="46.53024" lon="11.98951">
    <name>TP1199</name>
  </trkpt>
  <trkpt lat="46.53012" lon="11.98957">
    <name>TP1200</name>
  </trkpt>
  <trkpt lat="46.52993" lon="11.98965">
    <name>TP1201</name>
  </trkpt>
  <trkpt lat="46.52978" lon="11.98971">
    <name>TP1202</name>
  </trkpt>
  <trkpt lat="46.52961" lon="11.98977">
    <name>TP1203</name>
  </trkpt>
  <trkpt lat="46.52948" lon="11.98979">
    <name>TP1204</name>
  </trkpt>
  <trkpt lat="46.5293" lon="11.98984">
    <name>TP1205</name>
  </trkpt>
  <trkpt lat="46.52916" lon="11.98989">
    <name>TP1206</name>
  </trkpt>
  <trkpt lat="46.52909" lon="11.98992">
    <name>TP1207</name>
  </trkpt>
  <trkpt lat="46.52904" lon="11.98994">
    <name>TP1208</name>
  </trkpt>
  <trkpt lat="46.52898" lon="11.99">
    <name>TP1209</name>
  </trkpt>
  <trkpt lat="46.52891" lon="11.99006">
    <name>TP1210</name>
  </trkpt>
  <trkpt lat="46.52885" lon="11.99012">
    <name>TP1211</name>
  </trkpt>
  <trkpt lat="46.52885" lon="11.99013">
    <name>TP1212</name>
  </trkpt>
  <trkpt lat="46.52878" lon="11.99022">
    <name>TP1213</name>
  </trkpt>
  <trkpt lat="46.52872" lon="11.99031">
    <name>TP1214</name>
  </trkpt>
  <trkpt lat="46.52871" lon="11.99031">
    <name>TP1215</name>
  </trkpt>
  <trkpt lat="46.52859" lon="11.99053">
    <name>TP1216</name>
  </trkpt>
  <trkpt lat="46.5285" lon="11.99072">
    <name>TP1217</name>
  </trkpt>
  <trkpt lat="46.52839" lon="11.99094">
    <name>TP1218</name>
  </trkpt>
  <trkpt lat="46.52831" lon="11.99113">
    <name>TP1219</name>
  </trkpt>
  <trkpt lat="46.52829" lon="11.99116">
    <name>TP1220</name>
  </trkpt>
  <trkpt lat="46.52826" lon="11.99123">
    <name>TP1221</name>
  </trkpt>
  <trkpt lat="46.52819" lon="11.99137">
    <name>TP1222</name>
  </trkpt>
  <trkpt lat="46.52809" lon="11.99159">
    <name>TP1223</name>
  </trkpt>
  <trkpt lat="46.528" lon="11.99178">
    <name>TP1224</name>
  </trkpt>
  <trkpt lat="46.52789" lon="11.99199">
    <name>TP1225</name>
  </trkpt>
  <trkpt lat="46.52773" lon="11.99237">
    <name>TP1226</name>
  </trkpt>
  <trkpt lat="46.5276" lon="11.9926">
    <name>TP1227</name>
  </trkpt>
  <trkpt lat="46.52752" lon="11.99277">
    <name>TP1228</name>
  </trkpt>
  <trkpt lat="46.5275" lon="11.99281">
    <name>TP1229</name>
  </trkpt>
  <trkpt lat="46.52729" lon="11.99324">
    <name>TP1230</name>
  </trkpt>
  <trkpt lat="46.52718" lon="11.99345">
    <name>TP1231</name>
  </trkpt>
  <trkpt lat="46.52708" lon="11.99366">
    <name>TP1232</name>
  </trkpt>
  <trkpt lat="46.52691" lon="11.99401">
    <name>TP1233</name>
  </trkpt>
  <trkpt lat="46.52666" lon="11.99451">
    <name>TP1234</name>
  </trkpt>
  <trkpt lat="46.52655" lon="11.99472">
    <name>TP1235</name>
  </trkpt>
  <trkpt lat="46.52646" lon="11.99492">
    <name>TP1236</name>
  </trkpt>
  <trkpt lat="46.52593" lon="11.99603">
    <name>TP1237</name>
  </trkpt>
  <trkpt lat="46.52579" lon="11.99634">
    <name>TP1238</name>
  </trkpt>
  <trkpt lat="46.5257" lon="11.99651">
    <name>TP1239</name>
  </trkpt>
  <trkpt lat="46.52564" lon="11.99662">
    <name>TP1240</name>
  </trkpt>
  <trkpt lat="46.52556" lon="11.99675">
    <name>TP1241</name>
  </trkpt>
  <trkpt lat="46.5255" lon="11.99684">
    <name>TP1242</name>
  </trkpt>
  <trkpt lat="46.52546" lon="11.99691">
    <name>TP1243</name>
  </trkpt>
  <trkpt lat="46.52538" lon="11.99703">
    <name>TP1244</name>
  </trkpt>
  <trkpt lat="46.52515" lon="11.99738">
    <name>TP1245</name>
  </trkpt>
  <trkpt lat="46.52513" lon="11.99741">
    <name>TP1246</name>
  </trkpt>
  <trkpt lat="46.52501" lon="11.9976">
    <name>TP1247</name>
  </trkpt>
  <trkpt lat="46.52488" lon="11.99779">
    <name>TP1248</name>
  </trkpt>
  <trkpt lat="46.52486" lon="11.99781">
    <name>TP1249</name>
  </trkpt>
  <trkpt lat="46.5248" lon="11.9979">
    <name>TP1250</name>
  </trkpt>
  <trkpt lat="46.52469" lon="11.99803">
    <name>TP1251</name>
  </trkpt>
  <trkpt lat="46.52462" lon="11.9981">
    <name>TP1252</name>
  </trkpt>
  <trkpt lat="46.52461" lon="11.99812">
    <name>TP1253</name>
  </trkpt>
  <trkpt lat="46.52451" lon="11.99821">
    <name>TP1254</name>
  </trkpt>
  <trkpt lat="46.52445" lon="11.99826">
    <name>TP1255</name>
  </trkpt>
  <trkpt lat="46.52434" lon="11.99836">
    <name>TP1256</name>
  </trkpt>
  <trkpt lat="46.5243" lon="11.9984">
    <name>TP1257</name>
  </trkpt>
  <trkpt lat="46.52415" lon="11.99854">
    <name>TP1258</name>
  </trkpt>
  <trkpt lat="46.52414" lon="11.99856">
    <name>TP1259</name>
  </trkpt>
  <trkpt lat="46.52404" lon="11.99869">
    <name>TP1260</name>
  </trkpt>
  <trkpt lat="46.52399" lon="11.99876">
    <name>TP1261</name>
  </trkpt>
  <trkpt lat="46.52386" lon="11.99895">
    <name>TP1262</name>
  </trkpt>
  <trkpt lat="46.52377" lon="11.99911">
    <name>TP1263</name>
  </trkpt>
  <trkpt lat="46.52371" lon="11.99923">
    <name>TP1264</name>
  </trkpt>
  <trkpt lat="46.52362" lon="11.99942">
    <name>TP1265</name>
  </trkpt>
  <trkpt lat="46.52357" lon="11.99953">
    <name>TP1266</name>
  </trkpt>
  <trkpt lat="46.52348" lon="11.99973">
    <name>TP1267</name>
  </trkpt>
  <trkpt lat="46.52333" lon="12.00004">
    <name>TP1268</name>
  </trkpt>
  <trkpt lat="46.52319" lon="12.00039">
    <name>TP1269</name>
  </trkpt>
  <trkpt lat="46.52289" lon="12.00109">
    <name>TP1270</name>
  </trkpt>
  <trkpt lat="46.52271" lon="12.00152">
    <name>TP1271</name>
  </trkpt>
  <trkpt lat="46.52268" lon="12.00159">
    <name>TP1272</name>
  </trkpt>
  <trkpt lat="46.52262" lon="12.00175">
    <name>TP1273</name>
  </trkpt>
  <trkpt lat="46.5226" lon="12.00179">
    <name>TP1274</name>
  </trkpt>
  <trkpt lat="46.52258" lon="12.00185">
    <name>TP1275</name>
  </trkpt>
  <trkpt lat="46.52257" lon="12.00191">
    <name>TP1276</name>
  </trkpt>
  <trkpt lat="46.52255" lon="12.00199">
    <name>TP1277</name>
  </trkpt>
  <trkpt lat="46.52254" lon="12.00206">
    <name>TP1278</name>
  </trkpt>
  <trkpt lat="46.52253" lon="12.00216">
    <name>TP1279</name>
  </trkpt>
  <trkpt lat="46.52251" lon="12.00239">
    <name>TP1280</name>
  </trkpt>
  <trkpt lat="46.52251" lon="12.00255">
    <name>TP1281</name>
  </trkpt>
  <trkpt lat="46.52251" lon="12.00256">
    <name>TP1282</name>
  </trkpt>
  <trkpt lat="46.5225" lon="12.00272">
    <name>TP1283</name>
  </trkpt>
  <trkpt lat="46.52249" lon="12.00287">
    <name>TP1284</name>
  </trkpt>
  <trkpt lat="46.52247" lon="12.00301">
    <name>TP1285</name>
  </trkpt>
  <trkpt lat="46.52246" lon="12.00308">
    <name>TP1286</name>
  </trkpt>
  <trkpt lat="46.52245" lon="12.00314">
    <name>TP1287</name>
  </trkpt>
  <trkpt lat="46.52242" lon="12.00324">
    <name>TP1288</name>
  </trkpt>
  <trkpt lat="46.52242" lon="12.00327">
    <name>TP1289</name>
  </trkpt>
  <trkpt lat="46.52227" lon="12.00381">
    <name>TP1290</name>
  </trkpt>
  <trkpt lat="46.52223" lon="12.00395">
    <name>TP1291</name>
  </trkpt>
  <trkpt lat="46.52218" lon="12.0041">
    <name>TP1292</name>
  </trkpt>
  <trkpt lat="46.52213" lon="12.00445">
    <name>TP1293</name>
  </trkpt>
  <trkpt lat="46.52208" lon="12.00482">
    <name>TP1294</name>
  </trkpt>
  <trkpt lat="46.52204" lon="12.00511">
    <name>TP1295</name>
  </trkpt>
  <trkpt lat="46.52202" lon="12.00522">
    <name>TP1296</name>
  </trkpt>
  <trkpt lat="46.52198" lon="12.00539">
    <name>TP1297</name>
  </trkpt>
  <trkpt lat="46.52194" lon="12.0055">
    <name>TP1298</name>
  </trkpt>
  <trkpt lat="46.52187" lon="12.00561">
    <name>TP1299</name>
  </trkpt>
  <trkpt lat="46.5215" lon="12.00622">
    <name>TP1300</name>
  </trkpt>
  <trkpt lat="46.52127" lon="12.00667">
    <name>TP1301</name>
  </trkpt>
  <trkpt lat="46.52126" lon="12.00669">
    <name>TP1302</name>
  </trkpt>
  <trkpt lat="46.52115" lon="12.00685">
    <name>TP1303</name>
  </trkpt>
  <trkpt lat="46.52103" lon="12.00707">
    <name>TP1304</name>
  </trkpt>
  <trkpt lat="46.52086" lon="12.00738">
    <name>TP1305</name>
  </trkpt>
  <trkpt lat="46.52079" lon="12.00746">
    <name>TP1306</name>
  </trkpt>
  <trkpt lat="46.52065" lon="12.00762">
    <name>TP1307</name>
  </trkpt>
  <trkpt lat="46.52064" lon="12.00763">
    <name>TP1308</name>
  </trkpt>
  <trkpt lat="46.52047" lon="12.00778">
    <name>TP1309</name>
  </trkpt>
  <trkpt lat="46.52033" lon="12.00783">
    <name>TP1310</name>
  </trkpt>
  <trkpt lat="46.52028" lon="12.00785">
    <name>TP1311</name>
  </trkpt>
  <trkpt lat="46.51997" lon="12.00791">
    <name>TP1312</name>
  </trkpt>
  <trkpt lat="46.51972" lon="12.00792">
    <name>TP1313</name>
  </trkpt>
  <trkpt lat="46.51969" lon="12.00792">
    <name>TP1314</name>
  </trkpt>
  <trkpt lat="46.51927" lon="12.00799">
    <name>TP1315</name>
  </trkpt>
  <trkpt lat="46.51919" lon="12.00802">
    <name>TP1316</name>
  </trkpt>
  <trkpt lat="46.51913" lon="12.00806">
    <name>TP1317</name>
  </trkpt>
  <trkpt lat="46.51909" lon="12.0081">
    <name>TP1318</name>
  </trkpt>
  <trkpt lat="46.51907" lon="12.00812">
    <name>TP1319</name>
  </trkpt>
  <trkpt lat="46.51899" lon="12.00826">
    <name>TP1320</name>
  </trkpt>
  <trkpt lat="46.51896" lon="12.00832">
    <name>TP1321</name>
  </trkpt>
  <trkpt lat="46.51893" lon="12.00837">
    <name>TP1322</name>
  </trkpt>
  <trkpt lat="46.51891" lon="12.00841">
    <name>TP1323</name>
  </trkpt>
  <trkpt lat="46.51888" lon="12.00847">
    <name>TP1324</name>
  </trkpt>
  <trkpt lat="46.51886" lon="12.0085">
    <name>TP1325</name>
  </trkpt>
  <trkpt lat="46.5188" lon="12.00862">
    <name>TP1326</name>
  </trkpt>
  <trkpt lat="46.51872" lon="12.00876">
    <name>TP1327</name>
  </trkpt>
  <trkpt lat="46.5187223" lon="12.0087633">
    <name>TP1328</name>
  </trkpt>
  <trkpt lat="46.51873" lon="12.00887">
    <name>TP1329</name>
  </trkpt>
  <trkpt lat="46.51873" lon="12.00898">
    <name>TP1330</name>
  </trkpt>
  <trkpt lat="46.51878" lon="12.00917">
    <name>TP1331</name>
  </trkpt>
  <trkpt lat="46.51882" lon="12.00932">
    <name>TP1332</name>
  </trkpt>
  <trkpt lat="46.51884" lon="12.00941">
    <name>TP1333</name>
  </trkpt>
  <trkpt lat="46.51887" lon="12.00954">
    <name>TP1334</name>
  </trkpt>
  <trkpt lat="46.51888" lon="12.00954">
    <name>TP1335</name>
  </trkpt>
  <trkpt lat="46.51888" lon="12.00955">
    <name>TP1336</name>
  </trkpt>
  <trkpt lat="46.51892" lon="12.00968">
    <name>TP1337</name>
  </trkpt>
  <trkpt lat="46.51897" lon="12.00978">
    <name>TP1338</name>
  </trkpt>
  <trkpt lat="46.51906" lon="12.01">
    <name>TP1339</name>
  </trkpt>
  <trkpt lat="46.51908" lon="12.01003">
    <name>TP1340</name>
  </trkpt>
  <trkpt lat="46.51913" lon="12.01018">
    <name>TP1341</name>
  </trkpt>
  <trkpt lat="46.51917" lon="12.01032">
    <name>TP1342</name>
  </trkpt>
  <trkpt lat="46.5192" lon="12.01044">
    <name>TP1343</name>
  </trkpt>
  <trkpt lat="46.51922" lon="12.01055">
    <name>TP1344</name>
  </trkpt>
  <trkpt lat="46.51923" lon="12.01066">
    <name>TP1345</name>
  </trkpt>
  <trkpt lat="46.51923" lon="12.01076">
    <name>TP1346</name>
  </trkpt>
  <trkpt lat="46.5192" lon="12.01105">
    <name>TP1347</name>
  </trkpt>
  <trkpt lat="46.51919" lon="12.01119">
    <name>TP1348</name>
  </trkpt>
  <trkpt lat="46.51918" lon="12.01137">
    <name>TP1349</name>
  </trkpt>
  <trkpt lat="46.51919" lon="12.01156">
    <name>TP1350</name>
  </trkpt>
  <trkpt lat="46.51921" lon="12.01179">
    <name>TP1351</name>
  </trkpt>
  <trkpt lat="46.51924" lon="12.01195">
    <name>TP1352</name>
  </trkpt>
  <trkpt lat="46.51932" lon="12.01245">
    <name>TP1353</name>
  </trkpt>
  <trkpt lat="46.51941" lon="12.01311">
    <name>TP1354</name>
  </trkpt>
  <trkpt lat="46.51943" lon="12.0133">
    <name>TP1355</name>
  </trkpt>
  <trkpt lat="46.51943" lon="12.01331">
    <name>TP1356</name>
  </trkpt>
  <trkpt lat="46.51944" lon="12.01338">
    <name>TP1357</name>
  </trkpt>
  <trkpt lat="46.51945" lon="12.01357">
    <name>TP1358</name>
  </trkpt>
  <trkpt lat="46.51946" lon="12.01371">
    <name>TP1359</name>
  </trkpt>
  <trkpt lat="46.51948" lon="12.01392">
    <name>TP1360</name>
  </trkpt>
  <trkpt lat="46.5195" lon="12.01417">
    <name>TP1361</name>
  </trkpt>
  <trkpt lat="46.51952" lon="12.01432">
    <name>TP1362</name>
  </trkpt>
  <trkpt lat="46.51952" lon="12.01434">
    <name>TP1363</name>
  </trkpt>
  <trkpt lat="46.51953" lon="12.01435">
    <name>TP1364</name>
  </trkpt>
  <trkpt lat="46.51955" lon="12.01448">
    <name>TP1365</name>
  </trkpt>
  <trkpt lat="46.51959" lon="12.01459">
    <name>TP1366</name>
  </trkpt>
  <trkpt lat="46.5196" lon="12.01464">
    <name>TP1367</name>
  </trkpt>
  <trkpt lat="46.51967" lon="12.01482">
    <name>TP1368</name>
  </trkpt>
  <trkpt lat="46.51968" lon="12.01486">
    <name>TP1369</name>
  </trkpt>
  <trkpt lat="46.51975" lon="12.01501">
    <name>TP1370</name>
  </trkpt>
  <trkpt lat="46.51978" lon="12.01507">
    <name>TP1371</name>
  </trkpt>
  <trkpt lat="46.51987" lon="12.01525">
    <name>TP1372</name>
  </trkpt>
  <trkpt lat="46.51987" lon="12.01526">
    <name>TP1373</name>
  </trkpt>
  <trkpt lat="46.51997" lon="12.01547">
    <name>TP1374</name>
  </trkpt>
  <trkpt lat="46.52001" lon="12.01554">
    <name>TP1375</name>
  </trkpt>
  <trkpt lat="46.52007" lon="12.01569">
    <name>TP1376</name>
  </trkpt>
  <trkpt lat="46.52011" lon="12.01579">
    <name>TP1377</name>
  </trkpt>
  <trkpt lat="46.52019" lon="12.01594">
    <name>TP1378</name>
  </trkpt>
  <trkpt lat="46.52021" lon="12.01599">
    <name>TP1379</name>
  </trkpt>
  <trkpt lat="46.52027" lon="12.01611">
    <name>TP1380</name>
  </trkpt>
  <trkpt lat="46.52028" lon="12.01612">
    <name>TP1381</name>
  </trkpt>
  <trkpt lat="46.52034" lon="12.01625">
    <name>TP1382</name>
  </trkpt>
  <trkpt lat="46.52039" lon="12.01633">
    <name>TP1383</name>
  </trkpt>
  <trkpt lat="46.52057" lon="12.01665">
    <name>TP1384</name>
  </trkpt>
  <trkpt lat="46.52067" lon="12.01684">
    <name>TP1385</name>
  </trkpt>
  <trkpt lat="46.52071" lon="12.01693">
    <name>TP1386</name>
  </trkpt>
  <trkpt lat="46.52072" lon="12.01694">
    <name>TP1387</name>
  </trkpt>
  <trkpt lat="46.52072" lon="12.01695">
    <name>TP1388</name>
  </trkpt>
  <trkpt lat="46.52077" lon="12.01709">
    <name>TP1389</name>
  </trkpt>
  <trkpt lat="46.52079" lon="12.01717">
    <name>TP1390</name>
  </trkpt>
  <trkpt lat="46.52081" lon="12.01726">
    <name>TP1391</name>
  </trkpt>
  <trkpt lat="46.52082" lon="12.01737">
    <name>TP1392</name>
  </trkpt>
  <trkpt lat="46.52083" lon="12.01749">
    <name>TP1393</name>
  </trkpt>
  <trkpt lat="46.52083" lon="12.0176">
    <name>TP1394</name>
  </trkpt>
  <trkpt lat="46.52082" lon="12.01771">
    <name>TP1395</name>
  </trkpt>
  <trkpt lat="46.5208" lon="12.01784">
    <name>TP1396</name>
  </trkpt>
  <trkpt lat="46.52079" lon="12.01788">
    <name>TP1397</name>
  </trkpt>
  <trkpt lat="46.52077" lon="12.01798">
    <name>TP1398</name>
  </trkpt>
  <trkpt lat="46.5207" lon="12.01814">
    <name>TP1399</name>
  </trkpt>
  <trkpt lat="46.52061" lon="12.01832">
    <name>TP1400</name>
  </trkpt>
  <trkpt lat="46.52055" lon="12.01844">
    <name>TP1401</name>
  </trkpt>
  <trkpt lat="46.52049" lon="12.01854">
    <name>TP1402</name>
  </trkpt>
  <trkpt lat="46.52043" lon="12.01864">
    <name>TP1403</name>
  </trkpt>
  <trkpt lat="46.52036" lon="12.01874">
    <name>TP1404</name>
  </trkpt>
  <trkpt lat="46.52028" lon="12.01884">
    <name>TP1405</name>
  </trkpt>
  <trkpt lat="46.52023" lon="12.01889">
    <name>TP1406</name>
  </trkpt>
  <trkpt lat="46.52019" lon="12.01893">
    <name>TP1407</name>
  </trkpt>
  <trkpt lat="46.5201" lon="12.019">
    <name>TP1408</name>
  </trkpt>
  <trkpt lat="46.52" lon="12.01907">
    <name>TP1409</name>
  </trkpt>
  <trkpt lat="46.51993" lon="12.01911">
    <name>TP1410</name>
  </trkpt>
  <trkpt lat="46.51984" lon="12.01916">
    <name>TP1411</name>
  </trkpt>
  <trkpt lat="46.51984" lon="12.01917">
    <name>TP1412</name>
  </trkpt>
  <trkpt lat="46.51975" lon="12.01925">
    <name>TP1413</name>
  </trkpt>
  <trkpt lat="46.51969" lon="12.01932">
    <name>TP1414</name>
  </trkpt>
  <trkpt lat="46.51966" lon="12.01935">
    <name>TP1415</name>
  </trkpt>
  <trkpt lat="46.51963" lon="12.01941">
    <name>TP1416</name>
  </trkpt>
  <trkpt lat="46.5196" lon="12.01948">
    <name>TP1417</name>
  </trkpt>
  <trkpt lat="46.51959" lon="12.01948">
    <name>TP1418</name>
  </trkpt>
  <trkpt lat="46.51958" lon="12.01952">
    <name>TP1419</name>
  </trkpt>
  <trkpt lat="46.51956" lon="12.01956">
    <name>TP1420</name>
  </trkpt>
  <trkpt lat="46.51954" lon="12.01962">
    <name>TP1421</name>
  </trkpt>
  <trkpt lat="46.51953" lon="12.01966">
    <name>TP1422</name>
  </trkpt>
  <trkpt lat="46.51952" lon="12.01969">
    <name>TP1423</name>
  </trkpt>
  <trkpt lat="46.51952" lon="12.01974">
    <name>TP1424</name>
  </trkpt>
  <trkpt lat="46.51952" lon="12.0198">
    <name>TP1425</name>
  </trkpt>
  <trkpt lat="46.51952" lon="12.01985">
    <name>TP1426</name>
  </trkpt>
  <trkpt lat="46.51953" lon="12.01989">
    <name>TP1427</name>
  </trkpt>
  <trkpt lat="46.51954" lon="12.01994">
    <name>TP1428</name>
  </trkpt>
  <trkpt lat="46.51955" lon="12.01998">
    <name>TP1429</name>
  </trkpt>
  <trkpt lat="46.51957" lon="12.02002">
    <name>TP1430</name>
  </trkpt>
  <trkpt lat="46.51959" lon="12.02006">
    <name>TP1431</name>
  </trkpt>
  <trkpt lat="46.51962" lon="12.02011">
    <name>TP1432</name>
  </trkpt>
  <trkpt lat="46.51965" lon="12.02016">
    <name>TP1433</name>
  </trkpt>
  <trkpt lat="46.51978" lon="12.02032">
    <name>TP1434</name>
  </trkpt>
  <trkpt lat="46.51993" lon="12.02048">
    <name>TP1435</name>
  </trkpt>
  <trkpt lat="46.52001" lon="12.02058">
    <name>TP1436</name>
  </trkpt>
  <trkpt lat="46.52011" lon="12.02071">
    <name>TP1437</name>
  </trkpt>
  <trkpt lat="46.52022" lon="12.02088">
    <name>TP1438</name>
  </trkpt>
  <trkpt lat="46.52026" lon="12.02098">
    <name>TP1439</name>
  </trkpt>
  <trkpt lat="46.5203" lon="12.02109">
    <name>TP1440</name>
  </trkpt>
  <trkpt lat="46.5203" lon="12.0211">
    <name>TP1441</name>
  </trkpt>
  <trkpt lat="46.52037" lon="12.02131">
    <name>TP1442</name>
  </trkpt>
  <trkpt lat="46.52041" lon="12.02157">
    <name>TP1443</name>
  </trkpt>
  <trkpt lat="46.52043" lon="12.02176">
    <name>TP1444</name>
  </trkpt>
  <trkpt lat="46.52042" lon="12.02192">
    <name>TP1445</name>
  </trkpt>
  <trkpt lat="46.5204" lon="12.02209">
    <name>TP1446</name>
  </trkpt>
  <trkpt lat="46.52034" lon="12.02233">
    <name>TP1447</name>
  </trkpt>
  <trkpt lat="46.52034" lon="12.02235">
    <name>TP1448</name>
  </trkpt>
  <trkpt lat="46.5203" lon="12.02249">
    <name>TP1449</name>
  </trkpt>
  <trkpt lat="46.52029" lon="12.02258">
    <name>TP1450</name>
  </trkpt>
  <trkpt lat="46.52027" lon="12.02267">
    <name>TP1451</name>
  </trkpt>
  <trkpt lat="46.52028" lon="12.02278">
    <name>TP1452</name>
  </trkpt>
  <trkpt lat="46.52029" lon="12.02284">
    <name>TP1453</name>
  </trkpt>
  <trkpt lat="46.52029" lon="12.02285">
    <name>TP1454</name>
  </trkpt>
  <trkpt lat="46.52032" lon="12.02305">
    <name>TP1455</name>
  </trkpt>
  <trkpt lat="46.52033" lon="12.02309">
    <name>TP1456</name>
  </trkpt>
  <trkpt lat="46.52036" lon="12.0233">
    <name>TP1457</name>
  </trkpt>
  <trkpt lat="46.52036" lon="12.02333">
    <name>TP1458</name>
  </trkpt>
  <trkpt lat="46.52036" lon="12.02336">
    <name>TP1459</name>
  </trkpt>
  <trkpt lat="46.52035" lon="12.02338">
    <name>TP1460</name>
  </trkpt>
  <trkpt lat="46.52035" lon="12.0234">
    <name>TP1461</name>
  </trkpt>
  <trkpt lat="46.52034" lon="12.02341">
    <name>TP1462</name>
  </trkpt>
  <trkpt lat="46.52033" lon="12.02343">
    <name>TP1463</name>
  </trkpt>
  <trkpt lat="46.52032" lon="12.02344">
    <name>TP1464</name>
  </trkpt>
  <trkpt lat="46.52031" lon="12.02346">
    <name>TP1465</name>
  </trkpt>
  <trkpt lat="46.5203" lon="12.02346">
    <name>TP1466</name>
  </trkpt>
  <trkpt lat="46.52028" lon="12.02346">
    <name>TP1467</name>
  </trkpt>
  <trkpt lat="46.52026" lon="12.02346">
    <name>TP1468</name>
  </trkpt>
  <trkpt lat="46.52023" lon="12.02345">
    <name>TP1469</name>
  </trkpt>
  <trkpt lat="46.52023" lon="12.02344">
    <name>TP1470</name>
  </trkpt>
  <trkpt lat="46.52022" lon="12.02343">
    <name>TP1471</name>
  </trkpt>
  <trkpt lat="46.5202" lon="12.02342">
    <name>TP1472</name>
  </trkpt>
  <trkpt lat="46.52019" lon="12.0234">
    <name>TP1473</name>
  </trkpt>
  <trkpt lat="46.52018" lon="12.02337">
    <name>TP1474</name>
  </trkpt>
  <trkpt lat="46.52016" lon="12.0233">
    <name>TP1475</name>
  </trkpt>
  <trkpt lat="46.52014" lon="12.0232">
    <name>TP1476</name>
  </trkpt>
  <trkpt lat="46.52011" lon="12.02306">
    <name>TP1477</name>
  </trkpt>
  <trkpt lat="46.52009" lon="12.02297">
    <name>TP1478</name>
  </trkpt>
  <trkpt lat="46.52003" lon="12.02284">
    <name>TP1479</name>
  </trkpt>
  <trkpt lat="46.51998" lon="12.02276">
    <name>TP1480</name>
  </trkpt>
  <trkpt lat="46.51998" lon="12.02274">
    <name>TP1481</name>
  </trkpt>
  <trkpt lat="46.51996" lon="12.02272">
    <name>TP1482</name>
  </trkpt>
  <trkpt lat="46.51986" lon="12.02261">
    <name>TP1483</name>
  </trkpt>
  <trkpt lat="46.51979" lon="12.02254">
    <name>TP1484</name>
  </trkpt>
  <trkpt lat="46.51972" lon="12.02249">
    <name>TP1485</name>
  </trkpt>
  <trkpt lat="46.51964" lon="12.02246">
    <name>TP1486</name>
  </trkpt>
  <trkpt lat="46.51959" lon="12.02246">
    <name>TP1487</name>
  </trkpt>
  <trkpt lat="46.51956" lon="12.02247">
    <name>TP1488</name>
  </trkpt>
  <trkpt lat="46.51953" lon="12.02249">
    <name>TP1489</name>
  </trkpt>
  <trkpt lat="46.5195" lon="12.02252">
    <name>TP1490</name>
  </trkpt>
  <trkpt lat="46.51948" lon="12.02255">
    <name>TP1491</name>
  </trkpt>
  <trkpt lat="46.51947" lon="12.02259">
    <name>TP1492</name>
  </trkpt>
  <trkpt lat="46.51946" lon="12.02263">
    <name>TP1493</name>
  </trkpt>
  <trkpt lat="46.51946" lon="12.0227">
    <name>TP1494</name>
  </trkpt>
  <trkpt lat="46.51946" lon="12.02274">
    <name>TP1495</name>
  </trkpt>
  <trkpt lat="46.51947" lon="12.02276">
    <name>TP1496</name>
  </trkpt>
  <trkpt lat="46.51947" lon="12.0228">
    <name>TP1497</name>
  </trkpt>
  <trkpt lat="46.5195" lon="12.02289">
    <name>TP1498</name>
  </trkpt>
  <trkpt lat="46.51954" lon="12.02297">
    <name>TP1499</name>
  </trkpt>
  <trkpt lat="46.51955" lon="12.02299">
    <name>TP1500</name>
  </trkpt>
  <trkpt lat="46.51963" lon="12.02315">
    <name>TP1501</name>
  </trkpt>
  <trkpt lat="46.5197" lon="12.02332">
    <name>TP1502</name>
  </trkpt>
  <trkpt lat="46.51973" lon="12.02341">
    <name>TP1503</name>
  </trkpt>
  <trkpt lat="46.51973" lon="12.02342">
    <name>TP1504</name>
  </trkpt>
  <trkpt lat="46.51975" lon="12.02355">
    <name>TP1505</name>
  </trkpt>
  <trkpt lat="46.51975" lon="12.02367">
    <name>TP1506</name>
  </trkpt>
  <trkpt lat="46.51975" lon="12.02369">
    <name>TP1507</name>
  </trkpt>
  <trkpt lat="46.51975" lon="12.02383">
    <name>TP1508</name>
  </trkpt>
  <trkpt lat="46.51974" lon="12.02421">
    <name>TP1509</name>
  </trkpt>
  <trkpt lat="46.51972" lon="12.02452">
    <name>TP1510</name>
  </trkpt>
  <trkpt lat="46.51973" lon="12.02482">
    <name>TP1511</name>
  </trkpt>
  <trkpt lat="46.51974" lon="12.02505">
    <name>TP1512</name>
  </trkpt>
  <trkpt lat="46.51979" lon="12.02536">
    <name>TP1513</name>
  </trkpt>
  <trkpt lat="46.5198" lon="12.02551">
    <name>TP1514</name>
  </trkpt>
  <trkpt lat="46.51982" lon="12.02566">
    <name>TP1515</name>
  </trkpt>
  <trkpt lat="46.51984" lon="12.02577">
    <name>TP1516</name>
  </trkpt>
  <trkpt lat="46.51988" lon="12.02601">
    <name>TP1517</name>
  </trkpt>
  <trkpt lat="46.51989" lon="12.02608">
    <name>TP1518</name>
  </trkpt>
  <trkpt lat="46.5199" lon="12.02614">
    <name>TP1519</name>
  </trkpt>
  <trkpt lat="46.51994" lon="12.02639">
    <name>TP1520</name>
  </trkpt>
  <trkpt lat="46.51999" lon="12.02668">
    <name>TP1521</name>
  </trkpt>
  <trkpt lat="46.52004" lon="12.02697">
    <name>TP1522</name>
  </trkpt>
  <trkpt lat="46.52004" lon="12.02707">
    <name>TP1523</name>
  </trkpt>
  <trkpt lat="46.52005" lon="12.02714">
    <name>TP1524</name>
  </trkpt>
  <trkpt lat="46.52004" lon="12.02723">
    <name>TP1525</name>
  </trkpt>
  <trkpt lat="46.52003" lon="12.02729">
    <name>TP1526</name>
  </trkpt>
  <trkpt lat="46.52003" lon="12.0273">
    <name>TP1527</name>
  </trkpt>
  <trkpt lat="46.52001" lon="12.02736">
    <name>TP1528</name>
  </trkpt>
  <trkpt lat="46.51998" lon="12.02742">
    <name>TP1529</name>
  </trkpt>
  <trkpt lat="46.51995" lon="12.02746">
    <name>TP1530</name>
  </trkpt>
  <trkpt lat="46.51993" lon="12.02749">
    <name>TP1531</name>
  </trkpt>
  <trkpt lat="46.51989" lon="12.02753">
    <name>TP1532</name>
  </trkpt>
  <trkpt lat="46.51981" lon="12.02758">
    <name>TP1533</name>
  </trkpt>
  <trkpt lat="46.51975" lon="12.0276">
    <name>TP1534</name>
  </trkpt>
  <trkpt lat="46.51973" lon="12.0276">
    <name>TP1535</name>
  </trkpt>
  <trkpt lat="46.51963" lon="12.02761">
    <name>TP1536</name>
  </trkpt>
  <trkpt lat="46.5194" lon="12.02757">
    <name>TP1537</name>
  </trkpt>
  <trkpt lat="46.51919" lon="12.02752">
    <name>TP1538</name>
  </trkpt>
  <trkpt lat="46.51897" lon="12.02749">
    <name>TP1539</name>
  </trkpt>
  <trkpt lat="46.51885" lon="12.02746">
    <name>TP1540</name>
  </trkpt>
  <trkpt lat="46.51877" lon="12.02746">
    <name>TP1541</name>
  </trkpt>
  <trkpt lat="46.51872" lon="12.02746">
    <name>TP1542</name>
  </trkpt>
  <trkpt lat="46.51866" lon="12.02748">
    <name>TP1543</name>
  </trkpt>
  <trkpt lat="46.51858" lon="12.02753">
    <name>TP1544</name>
  </trkpt>
  <trkpt lat="46.51851" lon="12.02764">
    <name>TP1545</name>
  </trkpt>
  <trkpt lat="46.51845" lon="12.02777">
    <name>TP1546</name>
  </trkpt>
  <trkpt lat="46.51843" lon="12.02783">
    <name>TP1547</name>
  </trkpt>
  <trkpt lat="46.51838" lon="12.02795">
    <name>TP1548</name>
  </trkpt>
  <trkpt lat="46.51821" lon="12.02837">
    <name>TP1549</name>
  </trkpt>
  <trkpt lat="46.51814" lon="12.02857">
    <name>TP1550</name>
  </trkpt>
  <trkpt lat="46.51806" lon="12.02878">
    <name>TP1551</name>
  </trkpt>
  <trkpt lat="46.51797" lon="12.02903">
    <name>TP1552</name>
  </trkpt>
  <trkpt lat="46.51796" lon="12.02908">
    <name>TP1553</name>
  </trkpt>
  <trkpt lat="46.51795" lon="12.02913">
    <name>TP1554</name>
  </trkpt>
  <trkpt lat="46.51795" lon="12.02918">
    <name>TP1555</name>
  </trkpt>
  <trkpt lat="46.51796" lon="12.02923">
    <name>TP1556</name>
  </trkpt>
  <trkpt lat="46.51797" lon="12.0293">
    <name>TP1557</name>
  </trkpt>
  <trkpt lat="46.51798" lon="12.02934">
    <name>TP1558</name>
  </trkpt>
  <trkpt lat="46.518" lon="12.02938">
    <name>TP1559</name>
  </trkpt>
  <trkpt lat="46.51804" lon="12.02944">
    <name>TP1560</name>
  </trkpt>
  <trkpt lat="46.5181" lon="12.02953">
    <name>TP1561</name>
  </trkpt>
  <trkpt lat="46.51824" lon="12.02968">
    <name>TP1562</name>
  </trkpt>
  <trkpt lat="46.51836" lon="12.02979">
    <name>TP1563</name>
  </trkpt>
  <trkpt lat="46.51848" lon="12.02989">
    <name>TP1564</name>
  </trkpt>
  <trkpt lat="46.51857" lon="12.02995">
    <name>TP1565</name>
  </trkpt>
  <trkpt lat="46.51864" lon="12.02999">
    <name>TP1566</name>
  </trkpt>
  <trkpt lat="46.51869" lon="12.03002">
    <name>TP1567</name>
  </trkpt>
  <trkpt lat="46.51881" lon="12.03007">
    <name>TP1568</name>
  </trkpt>
  <trkpt lat="46.5189" lon="12.03008">
    <name>TP1569</name>
  </trkpt>
  <trkpt lat="46.51927" lon="12.03014">
    <name>TP1570</name>
  </trkpt>
  <trkpt lat="46.51931" lon="12.03014">
    <name>TP1571</name>
  </trkpt>
  <trkpt lat="46.51933" lon="12.03015">
    <name>TP1572</name>
  </trkpt>
  <trkpt lat="46.51935" lon="12.03016">
    <name>TP1573</name>
  </trkpt>
  <trkpt lat="46.51936" lon="12.03016">
    <name>TP1574</name>
  </trkpt>
  <trkpt lat="46.51937" lon="12.03018">
    <name>TP1575</name>
  </trkpt>
  <trkpt lat="46.5194" lon="12.0302">
    <name>TP1576</name>
  </trkpt>
  <trkpt lat="46.51941" lon="12.03024">
    <name>TP1577</name>
  </trkpt>
  <trkpt lat="46.51942" lon="12.03026">
    <name>TP1578</name>
  </trkpt>
  <trkpt lat="46.51943" lon="12.03029">
    <name>TP1579</name>
  </trkpt>
  <trkpt lat="46.51943" lon="12.03032">
    <name>TP1580</name>
  </trkpt>
  <trkpt lat="46.51943" lon="12.03037">
    <name>TP1581</name>
  </trkpt>
  <trkpt lat="46.51942" lon="12.03042">
    <name>TP1582</name>
  </trkpt>
  <trkpt lat="46.51939" lon="12.0305">
    <name>TP1583</name>
  </trkpt>
  <trkpt lat="46.51906" lon="12.03108">
    <name>TP1584</name>
  </trkpt>
  <trkpt lat="46.51896" lon="12.03127">
    <name>TP1585</name>
  </trkpt>
  <trkpt lat="46.51895" lon="12.0313">
    <name>TP1586</name>
  </trkpt>
  <trkpt lat="46.51893" lon="12.03133">
    <name>TP1587</name>
  </trkpt>
  <trkpt lat="46.51893" lon="12.03136">
    <name>TP1588</name>
  </trkpt>
  <trkpt lat="46.51893" lon="12.03138">
    <name>TP1589</name>
  </trkpt>
  <trkpt lat="46.51893" lon="12.0314">
    <name>TP1590</name>
  </trkpt>
  <trkpt lat="46.51894" lon="12.03142">
    <name>TP1591</name>
  </trkpt>
  <trkpt lat="46.51895" lon="12.03144">
    <name>TP1592</name>
  </trkpt>
  <trkpt lat="46.51896" lon="12.03146">
    <name>TP1593</name>
  </trkpt>
  <trkpt lat="46.51896" lon="12.03148">
    <name>TP1594</name>
  </trkpt>
  <trkpt lat="46.51897" lon="12.03149">
    <name>TP1595</name>
  </trkpt>
  <trkpt lat="46.51898" lon="12.0315">
    <name>TP1596</name>
  </trkpt>
  <trkpt lat="46.51899" lon="12.03151">
    <name>TP1597</name>
  </trkpt>
  <trkpt lat="46.519" lon="12.03152">
    <name>TP1598</name>
  </trkpt>
  <trkpt lat="46.51901" lon="12.03152">
    <name>TP1599</name>
  </trkpt>
  <trkpt lat="46.51902" lon="12.03153">
    <name>TP1600</name>
  </trkpt>
  <trkpt lat="46.51904" lon="12.03153">
    <name>TP1601</name>
  </trkpt>
  <trkpt lat="46.51905" lon="12.03153">
    <name>TP1602</name>
  </trkpt>
  <trkpt lat="46.51906" lon="12.03153">
    <name>TP1603</name>
  </trkpt>
  <trkpt lat="46.51908" lon="12.03152">
    <name>TP1604</name>
  </trkpt>
  <trkpt lat="46.51909" lon="12.03151">
    <name>TP1605</name>
  </trkpt>
  <trkpt lat="46.5191" lon="12.0315">
    <name>TP1606</name>
  </trkpt>
  <trkpt lat="46.51912" lon="12.03149">
    <name>TP1607</name>
  </trkpt>
  <trkpt lat="46.51914" lon="12.03148">
    <name>TP1608</name>
  </trkpt>
  <trkpt lat="46.51916" lon="12.03146">
    <name>TP1609</name>
  </trkpt>
  <trkpt lat="46.51943" lon="12.03116">
    <name>TP1610</name>
  </trkpt>
  <trkpt lat="46.51947" lon="12.03114">
    <name>TP1611</name>
  </trkpt>
  <trkpt lat="46.51954" lon="12.03114">
    <name>TP1612</name>
  </trkpt>
  <trkpt lat="46.51962" lon="12.03115">
    <name>TP1613</name>
  </trkpt>
  <trkpt lat="46.5197" lon="12.03118">
    <name>TP1614</name>
  </trkpt>
  <trkpt lat="46.51974" lon="12.03122">
    <name>TP1615</name>
  </trkpt>
  <trkpt lat="46.51979" lon="12.03127">
    <name>TP1616</name>
  </trkpt>
  <trkpt lat="46.51996" lon="12.03152">
    <name>TP1617</name>
  </trkpt>
  <trkpt lat="46.51998" lon="12.03156">
    <name>TP1618</name>
  </trkpt>
  <trkpt lat="46.52" lon="12.03159">
    <name>TP1619</name>
  </trkpt>
  <trkpt lat="46.52006" lon="12.03169">
    <name>TP1620</name>
  </trkpt>
  <trkpt lat="46.52006" lon="12.03172">
    <name>TP1621</name>
  </trkpt>
  <trkpt lat="46.52008" lon="12.03177">
    <name>TP1622</name>
  </trkpt>
  <trkpt lat="46.52008" lon="12.03178">
    <name>TP1623</name>
  </trkpt>
  <trkpt lat="46.5201" lon="12.03188">
    <name>TP1624</name>
  </trkpt>
  <trkpt lat="46.52012" lon="12.03202">
    <name>TP1625</name>
  </trkpt>
  <trkpt lat="46.52013" lon="12.03239">
    <name>TP1626</name>
  </trkpt>
  <trkpt lat="46.52013" lon="12.03255">
    <name>TP1627</name>
  </trkpt>
  <trkpt lat="46.52012" lon="12.03273">
    <name>TP1628</name>
  </trkpt>
  <trkpt lat="46.52012" lon="12.0329">
    <name>TP1629</name>
  </trkpt>
  <trkpt lat="46.52012" lon="12.03305">
    <name>TP1630</name>
  </trkpt>
  <trkpt lat="46.52012" lon="12.03308">
    <name>TP1631</name>
  </trkpt>
  <trkpt lat="46.52013" lon="12.03321">
    <name>TP1632</name>
  </trkpt>
  <trkpt lat="46.52013" lon="12.03333">
    <name>TP1633</name>
  </trkpt>
  <trkpt lat="46.52014" lon="12.03341">
    <name>TP1634</name>
  </trkpt>
  <trkpt lat="46.52017" lon="12.03353">
    <name>TP1635</name>
  </trkpt>
  <trkpt lat="46.5202" lon="12.03363">
    <name>TP1636</name>
  </trkpt>
  <trkpt lat="46.52033" lon="12.03387">
    <name>TP1637</name>
  </trkpt>
  <trkpt lat="46.52041" lon="12.03405">
    <name>TP1638</name>
  </trkpt>
  <trkpt lat="46.52048" lon="12.03421">
    <name>TP1639</name>
  </trkpt>
  <trkpt lat="46.52053" lon="12.03439">
    <name>TP1640</name>
  </trkpt>
  <trkpt lat="46.52056" lon="12.03455">
    <name>TP1641</name>
  </trkpt>
  <trkpt lat="46.52059" lon="12.03478">
    <name>TP1642</name>
  </trkpt>
  <trkpt lat="46.52063" lon="12.03501">
    <name>TP1643</name>
  </trkpt>
  <trkpt lat="46.52068" lon="12.03543">
    <name>TP1644</name>
  </trkpt>
  <trkpt lat="46.52075" lon="12.03595">
    <name>TP1645</name>
  </trkpt>
  <trkpt lat="46.52078" lon="12.03618">
    <name>TP1646</name>
  </trkpt>
  <trkpt lat="46.52079" lon="12.03621">
    <name>TP1647</name>
  </trkpt>
  <trkpt lat="46.52082" lon="12.03647">
    <name>TP1648</name>
  </trkpt>
  <trkpt lat="46.52086" lon="12.03672">
    <name>TP1649</name>
  </trkpt>
  <trkpt lat="46.52088" lon="12.03687">
    <name>TP1650</name>
  </trkpt>
  <trkpt lat="46.52092" lon="12.03713">
    <name>TP1651</name>
  </trkpt>
  <trkpt lat="46.52094" lon="12.03728">
    <name>TP1652</name>
  </trkpt>
  <trkpt lat="46.52095" lon="12.03739">
    <name>TP1653</name>
  </trkpt>
  <trkpt lat="46.52095" lon="12.03742">
    <name>TP1654</name>
  </trkpt>
  <trkpt lat="46.52095" lon="12.03744">
    <name>TP1655</name>
  </trkpt>
  <trkpt lat="46.52094" lon="12.03746">
    <name>TP1656</name>
  </trkpt>
  <trkpt lat="46.52093" lon="12.03748">
    <name>TP1657</name>
  </trkpt>
  <trkpt lat="46.52091" lon="12.0375">
    <name>TP1658</name>
  </trkpt>
  <trkpt lat="46.52089" lon="12.03752">
    <name>TP1659</name>
  </trkpt>
  <trkpt lat="46.52087" lon="12.03753">
    <name>TP1660</name>
  </trkpt>
  <trkpt lat="46.52085" lon="12.03753">
    <name>TP1661</name>
  </trkpt>
  <trkpt lat="46.52083" lon="12.03753">
    <name>TP1662</name>
  </trkpt>
  <trkpt lat="46.5208" lon="12.03752">
    <name>TP1663</name>
  </trkpt>
  <trkpt lat="46.52079" lon="12.03751">
    <name>TP1664</name>
  </trkpt>
  <trkpt lat="46.52077" lon="12.0375">
    <name>TP1665</name>
  </trkpt>
  <trkpt lat="46.52074" lon="12.03745">
    <name>TP1666</name>
  </trkpt>
  <trkpt lat="46.52054" lon="12.03707">
    <name>TP1667</name>
  </trkpt>
  <trkpt lat="46.52053" lon="12.03704">
    <name>TP1668</name>
  </trkpt>
  <trkpt lat="46.52046" lon="12.03684">
    <name>TP1669</name>
  </trkpt>
  <trkpt lat="46.52043" lon="12.03673">
    <name>TP1670</name>
  </trkpt>
  <trkpt lat="46.5204" lon="12.03664">
    <name>TP1671</name>
  </trkpt>
  <trkpt lat="46.52037" lon="12.03656">
    <name>TP1672</name>
  </trkpt>
  <trkpt lat="46.52034" lon="12.03651">
    <name>TP1673</name>
  </trkpt>
  <trkpt lat="46.52033" lon="12.03648">
    <name>TP1674</name>
  </trkpt>
  <trkpt lat="46.52031" lon="12.03647">
    <name>TP1675</name>
  </trkpt>
  <trkpt lat="46.52029" lon="12.03646">
    <name>TP1676</name>
  </trkpt>
  <trkpt lat="46.52026" lon="12.03646">
    <name>TP1677</name>
  </trkpt>
  <trkpt lat="46.52024" lon="12.03646">
    <name>TP1678</name>
  </trkpt>
  <trkpt lat="46.52022" lon="12.03647">
    <name>TP1679</name>
  </trkpt>
  <trkpt lat="46.52019" lon="12.0365">
    <name>TP1680</name>
  </trkpt>
  <trkpt lat="46.52017" lon="12.03653">
    <name>TP1681</name>
  </trkpt>
  <trkpt lat="46.52015" lon="12.03657">
    <name>TP1682</name>
  </trkpt>
  <trkpt lat="46.52014" lon="12.0366">
    <name>TP1683</name>
  </trkpt>
  <trkpt lat="46.52014" lon="12.03661">
    <name>TP1684</name>
  </trkpt>
  <trkpt lat="46.52014" lon="12.03664">
    <name>TP1685</name>
  </trkpt>
  <trkpt lat="46.52014" lon="12.03665">
    <name>TP1686</name>
  </trkpt>
  <trkpt lat="46.52014" lon="12.0367">
    <name>TP1687</name>
  </trkpt>
  <trkpt lat="46.52014" lon="12.03671">
    <name>TP1688</name>
  </trkpt>
  <trkpt lat="46.52014" lon="12.03679">
    <name>TP1689</name>
  </trkpt>
  <trkpt lat="46.52018" lon="12.03705">
    <name>TP1690</name>
  </trkpt>
  <trkpt lat="46.52022" lon="12.03732">
    <name>TP1691</name>
  </trkpt>
  <trkpt lat="46.52026" lon="12.03751">
    <name>TP1692</name>
  </trkpt>
  <trkpt lat="46.52029" lon="12.03762">
    <name>TP1693</name>
  </trkpt>
  <trkpt lat="46.52037" lon="12.03779">
    <name>TP1694</name>
  </trkpt>
  <trkpt lat="46.52041" lon="12.03785">
    <name>TP1695</name>
  </trkpt>
  <trkpt lat="46.52069" lon="12.03819">
    <name>TP1696</name>
  </trkpt>
  <trkpt lat="46.52083" lon="12.03835">
    <name>TP1697</name>
  </trkpt>
  <trkpt lat="46.52084" lon="12.03837">
    <name>TP1698</name>
  </trkpt>
  <trkpt lat="46.52094" lon="12.0385">
    <name>TP1699</name>
  </trkpt>
  <trkpt lat="46.52096" lon="12.03853">
    <name>TP1700</name>
  </trkpt>
  <trkpt lat="46.52099" lon="12.03857">
    <name>TP1701</name>
  </trkpt>
  <trkpt lat="46.52106" lon="12.03872">
    <name>TP1702</name>
  </trkpt>
  <trkpt lat="46.52109" lon="12.03881">
    <name>TP1703</name>
  </trkpt>
  <trkpt lat="46.5211" lon="12.0389">
    <name>TP1704</name>
  </trkpt>
  <trkpt lat="46.52109" lon="12.03896">
    <name>TP1705</name>
  </trkpt>
  <trkpt lat="46.52108" lon="12.039">
    <name>TP1706</name>
  </trkpt>
  <trkpt lat="46.52107" lon="12.03902">
    <name>TP1707</name>
  </trkpt>
  <trkpt lat="46.52105" lon="12.03904">
    <name>TP1708</name>
  </trkpt>
  <trkpt lat="46.52104" lon="12.03905">
    <name>TP1709</name>
  </trkpt>
  <trkpt lat="46.52101" lon="12.03907">
    <name>TP1710</name>
  </trkpt>
  <trkpt lat="46.52097" lon="12.03908">
    <name>TP1711</name>
  </trkpt>
  <trkpt lat="46.52095" lon="12.03908">
    <name>TP1712</name>
  </trkpt>
  <trkpt lat="46.52094" lon="12.03908">
    <name>TP1713</name>
  </trkpt>
  <trkpt lat="46.52092" lon="12.03908">
    <name>TP1714</name>
  </trkpt>
  <trkpt lat="46.52091" lon="12.03906">
    <name>TP1715</name>
  </trkpt>
  <trkpt lat="46.52088" lon="12.03904">
    <name>TP1716</name>
  </trkpt>
  <trkpt lat="46.52087" lon="12.03902">
    <name>TP1717</name>
  </trkpt>
  <trkpt lat="46.52067" lon="12.03858">
    <name>TP1718</name>
  </trkpt>
  <trkpt lat="46.52065" lon="12.03855">
    <name>TP1719</name>
  </trkpt>
  <trkpt lat="46.52062" lon="12.03851">
    <name>TP1720</name>
  </trkpt>
  <trkpt lat="46.52059" lon="12.0385">
    <name>TP1721</name>
  </trkpt>
  <trkpt lat="46.52057" lon="12.03849">
    <name>TP1722</name>
  </trkpt>
  <trkpt lat="46.52055" lon="12.03848">
    <name>TP1723</name>
  </trkpt>
  <trkpt lat="46.52054" lon="12.03848">
    <name>TP1724</name>
  </trkpt>
  <trkpt lat="46.52051" lon="12.03848">
    <name>TP1725</name>
  </trkpt>
  <trkpt lat="46.52047" lon="12.03851">
    <name>TP1726</name>
  </trkpt>
  <trkpt lat="46.52046" lon="12.03852">
    <name>TP1727</name>
  </trkpt>
  <trkpt lat="46.52045" lon="12.03854">
    <name>TP1728</name>
  </trkpt>
  <trkpt lat="46.52044" lon="12.03858">
    <name>TP1729</name>
  </trkpt>
  <trkpt lat="46.52044" lon="12.03859">
    <name>TP1730</name>
  </trkpt>
  <trkpt lat="46.52044" lon="12.03861">
    <name>TP1731</name>
  </trkpt>
  <trkpt lat="46.52044" lon="12.03867">
    <name>TP1732</name>
  </trkpt>
  <trkpt lat="46.52044" lon="12.0387">
    <name>TP1733</name>
  </trkpt>
  <trkpt lat="46.52048" lon="12.03884">
    <name>TP1734</name>
  </trkpt>
  <trkpt lat="46.52055" lon="12.03902">
    <name>TP1735</name>
  </trkpt>
  <trkpt lat="46.52057" lon="12.03909">
    <name>TP1736</name>
  </trkpt>
  <trkpt lat="46.52064" lon="12.03931">
    <name>TP1737</name>
  </trkpt>
  <trkpt lat="46.52076" lon="12.03955">
    <name>TP1738</name>
  </trkpt>
  <trkpt lat="46.52083" lon="12.03982">
    <name>TP1739</name>
  </trkpt>
  <trkpt lat="46.52091" lon="12.04005">
    <name>TP1740</name>
  </trkpt>
  <trkpt lat="46.52096" lon="12.04024">
    <name>TP1741</name>
  </trkpt>
  <trkpt lat="46.52097" lon="12.04029">
    <name>TP1742</name>
  </trkpt>
  <trkpt lat="46.52109" lon="12.04082">
    <name>TP1743</name>
  </trkpt>
  <trkpt lat="46.52116" lon="12.04106">
    <name>TP1744</name>
  </trkpt>
  <trkpt lat="46.52121" lon="12.04122">
    <name>TP1745</name>
  </trkpt>
  <trkpt lat="46.52122" lon="12.04124">
    <name>TP1746</name>
  </trkpt>
  <trkpt lat="46.5214" lon="12.04171">
    <name>TP1747</name>
  </trkpt>
  <trkpt lat="46.52149" lon="12.04194">
    <name>TP1748</name>
  </trkpt>
  <trkpt lat="46.52159" lon="12.04226">
    <name>TP1749</name>
  </trkpt>
  <trkpt lat="46.52169" lon="12.0426">
    <name>TP1750</name>
  </trkpt>
  <trkpt lat="46.52174" lon="12.04287">
    <name>TP1751</name>
  </trkpt>
  <trkpt lat="46.52185" lon="12.0435">
    <name>TP1752</name>
  </trkpt>
  <trkpt lat="46.52192" lon="12.04385">
    <name>TP1753</name>
  </trkpt>
  <trkpt lat="46.52195" lon="12.04407">
    <name>TP1754</name>
  </trkpt>
  <trkpt lat="46.52202" lon="12.04463">
    <name>TP1755</name>
  </trkpt>
  <trkpt lat="46.52204" lon="12.04492">
    <name>TP1756</name>
  </trkpt>
  <trkpt lat="46.52204" lon="12.04527">
    <name>TP1757</name>
  </trkpt>
  <trkpt lat="46.52204" lon="12.04546">
    <name>TP1758</name>
  </trkpt>
  <trkpt lat="46.52204" lon="12.04569">
    <name>TP1759</name>
  </trkpt>
  <trkpt lat="46.52204" lon="12.04572">
    <name>TP1760</name>
  </trkpt>
  <trkpt lat="46.52205" lon="12.04609">
    <name>TP1761</name>
  </trkpt>
  <trkpt lat="46.52204" lon="12.04674">
    <name>TP1762</name>
  </trkpt>
  <trkpt lat="46.52204" lon="12.04725">
    <name>TP1763</name>
  </trkpt>
  <trkpt lat="46.52203" lon="12.0475">
    <name>TP1764</name>
  </trkpt>
  <trkpt lat="46.52206" lon="12.0477">
    <name>TP1765</name>
  </trkpt>
  <trkpt lat="46.52207" lon="12.04778">
    <name>TP1766</name>
  </trkpt>
  <trkpt lat="46.52208" lon="12.0478">
    <name>TP1767</name>
  </trkpt>
  <trkpt lat="46.52208" lon="12.04784">
    <name>TP1768</name>
  </trkpt>
  <trkpt lat="46.52212" lon="12.04812">
    <name>TP1769</name>
  </trkpt>
  <trkpt lat="46.52227" lon="12.04856">
    <name>TP1770</name>
  </trkpt>
  <trkpt lat="46.52228" lon="12.04859">
    <name>TP1771</name>
  </trkpt>
  <trkpt lat="46.52233" lon="12.0487">
    <name>TP1772</name>
  </trkpt>
  <trkpt lat="46.52236" lon="12.04882">
    <name>TP1773</name>
  </trkpt>
  <trkpt lat="46.52239" lon="12.04893">
    <name>TP1774</name>
  </trkpt>
  <trkpt lat="46.52242" lon="12.04903">
    <name>TP1775</name>
  </trkpt>
  <trkpt lat="46.52243" lon="12.04912">
    <name>TP1776</name>
  </trkpt>
  <trkpt lat="46.52244" lon="12.04924">
    <name>TP1777</name>
  </trkpt>
  <trkpt lat="46.52244" lon="12.04946">
    <name>TP1778</name>
  </trkpt>
  <trkpt lat="46.52243" lon="12.04963">
    <name>TP1779</name>
  </trkpt>
  <trkpt lat="46.52243" lon="12.04982">
    <name>TP1780</name>
  </trkpt>
  <trkpt lat="46.52242" lon="12.04997">
    <name>TP1781</name>
  </trkpt>
  <trkpt lat="46.52241" lon="12.05013">
    <name>TP1782</name>
  </trkpt>
  <trkpt lat="46.52241" lon="12.05029">
    <name>TP1783</name>
  </trkpt>
  <trkpt lat="46.52242" lon="12.05047">
    <name>TP1784</name>
  </trkpt>
  <trkpt lat="46.52243" lon="12.05056">
    <name>TP1785</name>
  </trkpt>
  <trkpt lat="46.52246" lon="12.05074">
    <name>TP1786</name>
  </trkpt>
  <trkpt lat="46.52254" lon="12.05114">
    <name>TP1787</name>
  </trkpt>
  <trkpt lat="46.52263" lon="12.05156">
    <name>TP1788</name>
  </trkpt>
  <trkpt lat="46.52267" lon="12.05176">
    <name>TP1789</name>
  </trkpt>
  <trkpt lat="46.52271" lon="12.05196">
    <name>TP1790</name>
  </trkpt>
  <trkpt lat="46.52273" lon="12.05214">
    <name>TP1791</name>
  </trkpt>
  <trkpt lat="46.52276" lon="12.0524">
    <name>TP1792</name>
  </trkpt>
  <trkpt lat="46.52277" lon="12.05248">
    <name>TP1793</name>
  </trkpt>
  <trkpt lat="46.5228" lon="12.05267">
    <name>TP1794</name>
  </trkpt>
  <trkpt lat="46.52281" lon="12.05279">
    <name>TP1795</name>
  </trkpt>
  <trkpt lat="46.52282" lon="12.05292">
    <name>TP1796</name>
  </trkpt>
  <trkpt lat="46.52283" lon="12.05314">
    <name>TP1797</name>
  </trkpt>
  <trkpt lat="46.52284" lon="12.05318">
    <name>TP1798</name>
  </trkpt>
  <trkpt lat="46.52285" lon="12.05344">
    <name>TP1799</name>
  </trkpt>
  <trkpt lat="46.52285" lon="12.05355">
    <name>TP1800</name>
  </trkpt>
  <trkpt lat="46.52288" lon="12.0539">
    <name>TP1801</name>
  </trkpt>
  <trkpt lat="46.5229" lon="12.05427">
    <name>TP1802</name>
  </trkpt>
  <trkpt lat="46.52295" lon="12.05485">
    <name>TP1803</name>
  </trkpt>
  <trkpt lat="46.52299" lon="12.05536">
    <name>TP1804</name>
  </trkpt>
  <trkpt lat="46.52301" lon="12.05557">
    <name>TP1805</name>
  </trkpt>
  <trkpt lat="46.52301" lon="12.05576">
    <name>TP1806</name>
  </trkpt>
  <trkpt lat="46.52305" lon="12.05626">
    <name>TP1807</name>
  </trkpt>
  <trkpt lat="46.52306" lon="12.05654">
    <name>TP1808</name>
  </trkpt>
  <trkpt lat="46.52306" lon="12.05656">
    <name>TP1809</name>
  </trkpt>
  <trkpt lat="46.52307" lon="12.05676">
    <name>TP1810</name>
  </trkpt>
  <trkpt lat="46.52307" lon="12.05682">
    <name>TP1811</name>
  </trkpt>
  <trkpt lat="46.52308" lon="12.05715">
    <name>TP1812</name>
  </trkpt>
  <trkpt lat="46.52308" lon="12.05735">
    <name>TP1813</name>
  </trkpt>
  <trkpt lat="46.52307" lon="12.05754">
    <name>TP1814</name>
  </trkpt>
  <trkpt lat="46.52304" lon="12.05778">
    <name>TP1815</name>
  </trkpt>
  <trkpt lat="46.52297" lon="12.05829">
    <name>TP1816</name>
  </trkpt>
  <trkpt lat="46.52293" lon="12.05847">
    <name>TP1817</name>
  </trkpt>
  <trkpt lat="46.5229" lon="12.05862">
    <name>TP1818</name>
  </trkpt>
  <trkpt lat="46.52285" lon="12.05887">
    <name>TP1819</name>
  </trkpt>
  <trkpt lat="46.52284" lon="12.05893">
    <name>TP1820</name>
  </trkpt>
  <trkpt lat="46.52279" lon="12.05925">
    <name>TP1821</name>
  </trkpt>
  <trkpt lat="46.52269" lon="12.05978">
    <name>TP1822</name>
  </trkpt>
  <trkpt lat="46.52258" lon="12.06036">
    <name>TP1823</name>
  </trkpt>
  <trkpt lat="46.52254" lon="12.06059">
    <name>TP1824</name>
  </trkpt>
  <trkpt lat="46.5225" lon="12.06085">
    <name>TP1825</name>
  </trkpt>
  <trkpt lat="46.52236" lon="12.06175">
    <name>TP1826</name>
  </trkpt>
  <trkpt lat="46.52234" lon="12.0619">
    <name>TP1827</name>
  </trkpt>
  <trkpt lat="46.52233" lon="12.06202">
    <name>TP1828</name>
  </trkpt>
  <trkpt lat="46.52233" lon="12.06221">
    <name>TP1829</name>
  </trkpt>
  <trkpt lat="46.52234" lon="12.06249">
    <name>TP1830</name>
  </trkpt>
  <trkpt lat="46.52235" lon="12.06303">
    <name>TP1831</name>
  </trkpt>
  <trkpt lat="46.52236" lon="12.06327">
    <name>TP1832</name>
  </trkpt>
  <trkpt lat="46.52237" lon="12.06374">
    <name>TP1833</name>
  </trkpt>
  <trkpt lat="46.52238" lon="12.06377">
    <name>TP1834</name>
  </trkpt>
  <trkpt lat="46.52238" lon="12.06381">
    <name>TP1835</name>
  </trkpt>
  <trkpt lat="46.52239" lon="12.06412">
    <name>TP1836</name>
  </trkpt>
  <trkpt lat="46.5224" lon="12.06479">
    <name>TP1837</name>
  </trkpt>
  <trkpt lat="46.52241" lon="12.06496">
    <name>TP1838</name>
  </trkpt>
  <trkpt lat="46.52242" lon="12.06509">
    <name>TP1839</name>
  </trkpt>
  <trkpt lat="46.52242" lon="12.0651">
    <name>TP1840</name>
  </trkpt>
  <trkpt lat="46.52243" lon="12.0655">
    <name>TP1841</name>
  </trkpt>
  <trkpt lat="46.52243" lon="12.06557">
    <name>TP1842</name>
  </trkpt>
  <trkpt lat="46.52243" lon="12.06572">
    <name>TP1843</name>
  </trkpt>
  <trkpt lat="46.52242" lon="12.06623">
    <name>TP1844</name>
  </trkpt>
  <trkpt lat="46.5224" lon="12.06656">
    <name>TP1845</name>
  </trkpt>
  <trkpt lat="46.52236" lon="12.06688">
    <name>TP1846</name>
  </trkpt>
  <trkpt lat="46.52236" lon="12.0669">
    <name>TP1847</name>
  </trkpt>
  <trkpt lat="46.52233" lon="12.0671">
    <name>TP1848</name>
  </trkpt>
  <trkpt lat="46.5223" lon="12.06733">
    <name>TP1849</name>
  </trkpt>
  <trkpt lat="46.52226" lon="12.06752">
    <name>TP1850</name>
  </trkpt>
  <trkpt lat="46.52222" lon="12.06765">
    <name>TP1851</name>
  </trkpt>
  <trkpt lat="46.52221" lon="12.06771">
    <name>TP1852</name>
  </trkpt>
  <trkpt lat="46.52217" lon="12.06782">
    <name>TP1853</name>
  </trkpt>
  <trkpt lat="46.52202" lon="12.06814">
    <name>TP1854</name>
  </trkpt>
  <trkpt lat="46.52177" lon="12.06872">
    <name>TP1855</name>
  </trkpt>
  <trkpt lat="46.52165" lon="12.06898">
    <name>TP1856</name>
  </trkpt>
  <trkpt lat="46.52149" lon="12.06933">
    <name>TP1857</name>
  </trkpt>
  <trkpt lat="46.52144" lon="12.06951">
    <name>TP1858</name>
  </trkpt>
  <trkpt lat="46.52142" lon="12.0696">
    <name>TP1859</name>
  </trkpt>
  <trkpt lat="46.5214" lon="12.06974">
    <name>TP1860</name>
  </trkpt>
  <trkpt lat="46.52139" lon="12.06993">
    <name>TP1861</name>
  </trkpt>
  <trkpt lat="46.52139" lon="12.07004">
    <name>TP1862</name>
  </trkpt>
  <trkpt lat="46.52139" lon="12.07023">
    <name>TP1863</name>
  </trkpt>
  <trkpt lat="46.52139" lon="12.07035">
    <name>TP1864</name>
  </trkpt>
  <trkpt lat="46.52139" lon="12.07044">
    <name>TP1865</name>
  </trkpt>
  <trkpt lat="46.52138" lon="12.0706">
    <name>TP1866</name>
  </trkpt>
  <trkpt lat="46.52124" lon="12.07107">
    <name>TP1867</name>
  </trkpt>
  <trkpt lat="46.52121" lon="12.07119">
    <name>TP1868</name>
  </trkpt>
  <trkpt lat="46.52117" lon="12.07129">
    <name>TP1869</name>
  </trkpt>
  <trkpt lat="46.52114" lon="12.07143">
    <name>TP1870</name>
  </trkpt>
  <trkpt lat="46.52109" lon="12.07162">
    <name>TP1871</name>
  </trkpt>
  <trkpt lat="46.52108" lon="12.07167">
    <name>TP1872</name>
  </trkpt>
  <trkpt lat="46.52105" lon="12.07181">
    <name>TP1873</name>
  </trkpt>
  <trkpt lat="46.52105" lon="12.07195">
    <name>TP1874</name>
  </trkpt>
  <trkpt lat="46.52105" lon="12.0727">
    <name>TP1875</name>
  </trkpt>
  <trkpt lat="46.52105" lon="12.0734">
    <name>TP1876</name>
  </trkpt>
  <trkpt lat="46.52106" lon="12.07362">
    <name>TP1877</name>
  </trkpt>
  <trkpt lat="46.52107" lon="12.07376">
    <name>TP1878</name>
  </trkpt>
  <trkpt lat="46.52107" lon="12.07402">
    <name>TP1879</name>
  </trkpt>
  <trkpt lat="46.52108" lon="12.07452">
    <name>TP1880</name>
  </trkpt>
  <trkpt lat="46.52108" lon="12.07484">
    <name>TP1881</name>
  </trkpt>
  <trkpt lat="46.52107" lon="12.07495">
    <name>TP1882</name>
  </trkpt>
  <trkpt lat="46.52105" lon="12.07505">
    <name>TP1883</name>
  </trkpt>
  <trkpt lat="46.52102" lon="12.07513">
    <name>TP1884</name>
  </trkpt>
  <trkpt lat="46.52097" lon="12.07523">
    <name>TP1885</name>
  </trkpt>
  <trkpt lat="46.52094" lon="12.07526">
    <name>TP1886</name>
  </trkpt>
  <trkpt lat="46.5208" lon="12.07542">
    <name>TP1887</name>
  </trkpt>
  <trkpt lat="46.52076" lon="12.07546">
    <name>TP1888</name>
  </trkpt>
  <trkpt lat="46.52069" lon="12.07555">
    <name>TP1889</name>
  </trkpt>
  <trkpt lat="46.52067" lon="12.0756">
    <name>TP1890</name>
  </trkpt>
  <trkpt lat="46.52065" lon="12.07564">
    <name>TP1891</name>
  </trkpt>
  <trkpt lat="46.52063" lon="12.07571">
    <name>TP1892</name>
  </trkpt>
  <trkpt lat="46.52061" lon="12.07579">
    <name>TP1893</name>
  </trkpt>
  <trkpt lat="46.52061" lon="12.07584">
    <name>TP1894</name>
  </trkpt>
  <trkpt lat="46.52061" lon="12.07588">
    <name>TP1895</name>
  </trkpt>
  <trkpt lat="46.52062" lon="12.07594">
    <name>TP1896</name>
  </trkpt>
  <trkpt lat="46.52069" lon="12.07648">
    <name>TP1897</name>
  </trkpt>
  <trkpt lat="46.52078" lon="12.07702">
    <name>TP1898</name>
  </trkpt>
  <trkpt lat="46.52084" lon="12.07738">
    <name>TP1899</name>
  </trkpt>
  <trkpt lat="46.52091" lon="12.07788">
    <name>TP1900</name>
  </trkpt>
  <trkpt lat="46.52109" lon="12.0791">
    <name>TP1901</name>
  </trkpt>
  <trkpt lat="46.5211" lon="12.07916">
    <name>TP1902</name>
  </trkpt>
  <trkpt lat="46.52114" lon="12.07948">
    <name>TP1903</name>
  </trkpt>
  <trkpt lat="46.52116" lon="12.07968">
    <name>TP1904</name>
  </trkpt>
  <trkpt lat="46.52116" lon="12.07972">
    <name>TP1905</name>
  </trkpt>
  <trkpt lat="46.52117" lon="12.07991">
    <name>TP1906</name>
  </trkpt>
  <trkpt lat="46.52116" lon="12.08019">
    <name>TP1907</name>
  </trkpt>
  <trkpt lat="46.52115" lon="12.08057">
    <name>TP1908</name>
  </trkpt>
  <trkpt lat="46.52115" lon="12.08068">
    <name>TP1909</name>
  </trkpt>
  <trkpt lat="46.52116" lon="12.08072">
    <name>TP1910</name>
  </trkpt>
  <trkpt lat="46.52117" lon="12.08075">
    <name>TP1911</name>
  </trkpt>
  <trkpt lat="46.52118" lon="12.08079">
    <name>TP1912</name>
  </trkpt>
  <trkpt lat="46.52121" lon="12.08086">
    <name>TP1913</name>
  </trkpt>
  <trkpt lat="46.52123" lon="12.08089">
    <name>TP1914</name>
  </trkpt>
  <trkpt lat="46.52125" lon="12.08092">
    <name>TP1915</name>
  </trkpt>
  <trkpt lat="46.52127" lon="12.08093">
    <name>TP1916</name>
  </trkpt>
  <trkpt lat="46.5213" lon="12.08096">
    <name>TP1917</name>
  </trkpt>
  <trkpt lat="46.52192" lon="12.08135">
    <name>TP1918</name>
  </trkpt>
  <trkpt lat="46.52209" lon="12.08146">
    <name>TP1919</name>
  </trkpt>
  <trkpt lat="46.52225" lon="12.08156">
    <name>TP1920</name>
  </trkpt>
  <trkpt lat="46.52227" lon="12.08158">
    <name>TP1921</name>
  </trkpt>
  <trkpt lat="46.52238" lon="12.08166">
    <name>TP1922</name>
  </trkpt>
  <trkpt lat="46.52241" lon="12.08169">
    <name>TP1923</name>
  </trkpt>
  <trkpt lat="46.52244" lon="12.08172">
    <name>TP1924</name>
  </trkpt>
  <trkpt lat="46.52247" lon="12.08178">
    <name>TP1925</name>
  </trkpt>
  <trkpt lat="46.52249" lon="12.08186">
    <name>TP1926</name>
  </trkpt>
  <trkpt lat="46.5225" lon="12.08194">
    <name>TP1927</name>
  </trkpt>
  <trkpt lat="46.5225" lon="12.08202">
    <name>TP1928</name>
  </trkpt>
  <trkpt lat="46.52249" lon="12.08212">
    <name>TP1929</name>
  </trkpt>
  <trkpt lat="46.52246" lon="12.08227">
    <name>TP1930</name>
  </trkpt>
  <trkpt lat="46.52242" lon="12.08241">
    <name>TP1931</name>
  </trkpt>
  <trkpt lat="46.52236" lon="12.08262">
    <name>TP1932</name>
  </trkpt>
  <trkpt lat="46.52219" lon="12.08312">
    <name>TP1933</name>
  </trkpt>
  <trkpt lat="46.52212" lon="12.08334">
    <name>TP1934</name>
  </trkpt>
  <trkpt lat="46.52211" lon="12.08336">
    <name>TP1935</name>
  </trkpt>
  <trkpt lat="46.52193" lon="12.08392">
    <name>TP1936</name>
  </trkpt>
  <trkpt lat="46.5219" lon="12.08401">
    <name>TP1937</name>
  </trkpt>
  <trkpt lat="46.52184" lon="12.08417">
    <name>TP1938</name>
  </trkpt>
  <trkpt lat="46.52177" lon="12.08432">
    <name>TP1939</name>
  </trkpt>
  <trkpt lat="46.52173" lon="12.08438">
    <name>TP1940</name>
  </trkpt>
  <trkpt lat="46.52168" lon="12.08443">
    <name>TP1941</name>
  </trkpt>
  <trkpt lat="46.52161" lon="12.08449">
    <name>TP1942</name>
  </trkpt>
  <trkpt lat="46.52156" lon="12.08449">
    <name>TP1943</name>
  </trkpt>
  <trkpt lat="46.52148" lon="12.08451">
    <name>TP1944</name>
  </trkpt>
  <trkpt lat="46.52133" lon="12.08452">
    <name>TP1945</name>
  </trkpt>
  <trkpt lat="46.52126" lon="12.08451">
    <name>TP1946</name>
  </trkpt>
  <trkpt lat="46.52111" lon="12.08448">
    <name>TP1947</name>
  </trkpt>
  <trkpt lat="46.52105" lon="12.08448">
    <name>TP1948</name>
  </trkpt>
  <trkpt lat="46.52102" lon="12.08449">
    <name>TP1949</name>
  </trkpt>
  <trkpt lat="46.52097" lon="12.0845">
    <name>TP1950</name>
  </trkpt>
  <trkpt lat="46.5209" lon="12.08454">
    <name>TP1951</name>
  </trkpt>
  <trkpt lat="46.52087" lon="12.08456">
    <name>TP1952</name>
  </trkpt>
  <trkpt lat="46.52082" lon="12.08461">
    <name>TP1953</name>
  </trkpt>
  <trkpt lat="46.52077" lon="12.0847">
    <name>TP1954</name>
  </trkpt>
  <trkpt lat="46.52077" lon="12.08471">
    <name>TP1955</name>
  </trkpt>
  <trkpt lat="46.52072" lon="12.08485">
    <name>TP1956</name>
  </trkpt>
  <trkpt lat="46.52069" lon="12.08494">
    <name>TP1957</name>
  </trkpt>
  <trkpt lat="46.52064" lon="12.08511">
    <name>TP1958</name>
  </trkpt>
  <trkpt lat="46.52062" lon="12.08518">
    <name>TP1959</name>
  </trkpt>
  <trkpt lat="46.52049" lon="12.08559">
    <name>TP1960</name>
  </trkpt>
  <trkpt lat="46.5203" lon="12.08618">
    <name>TP1961</name>
  </trkpt>
  <trkpt lat="46.52014" lon="12.08684">
    <name>TP1962</name>
  </trkpt>
  <trkpt lat="46.52002" lon="12.08732">
    <name>TP1963</name>
  </trkpt>
  <trkpt lat="46.52001" lon="12.08736">
    <name>TP1964</name>
  </trkpt>
  <trkpt lat="46.51996" lon="12.08758">
    <name>TP1965</name>
  </trkpt>
  <trkpt lat="46.51995" lon="12.08761">
    <name>TP1966</name>
  </trkpt>
  <trkpt lat="46.51991" lon="12.08779">
    <name>TP1967</name>
  </trkpt>
  <trkpt lat="46.5199" lon="12.08786">
    <name>TP1968</name>
  </trkpt>
  <trkpt lat="46.51987" lon="12.08799">
    <name>TP1969</name>
  </trkpt>
  <trkpt lat="46.51986" lon="12.08811">
    <name>TP1970</name>
  </trkpt>
  <trkpt lat="46.51985" lon="12.08819">
    <name>TP1971</name>
  </trkpt>
  <trkpt lat="46.51984" lon="12.08837">
    <name>TP1972</name>
  </trkpt>
  <trkpt lat="46.51983" lon="12.08851">
    <name>TP1973</name>
  </trkpt>
  <trkpt lat="46.51982" lon="12.08863">
    <name>TP1974</name>
  </trkpt>
  <trkpt lat="46.51981" lon="12.08889">
    <name>TP1975</name>
  </trkpt>
  <trkpt lat="46.51981" lon="12.08895">
    <name>TP1976</name>
  </trkpt>
  <trkpt lat="46.51981" lon="12.08915">
    <name>TP1977</name>
  </trkpt>
  <trkpt lat="46.5198" lon="12.08941">
    <name>TP1978</name>
  </trkpt>
  <trkpt lat="46.5198" lon="12.08955">
    <name>TP1979</name>
  </trkpt>
  <trkpt lat="46.5198" lon="12.08968">
    <name>TP1980</name>
  </trkpt>
  <trkpt lat="46.5198" lon="12.08984">
    <name>TP1981</name>
  </trkpt>
  <trkpt lat="46.51979" lon="12.08994">
    <name>TP1982</name>
  </trkpt>
  <trkpt lat="46.51979" lon="12.09003">
    <name>TP1983</name>
  </trkpt>
  <trkpt lat="46.51979" lon="12.0902">
    <name>TP1984</name>
  </trkpt>
  <trkpt lat="46.51978" lon="12.09046">
    <name>TP1985</name>
  </trkpt>
  <trkpt lat="46.51978" lon="12.0905">
    <name>TP1986</name>
  </trkpt>
  <trkpt lat="46.51977" lon="12.09072">
    <name>TP1987</name>
  </trkpt>
  <trkpt lat="46.51977" lon="12.09098">
    <name>TP1988</name>
  </trkpt>
  <trkpt lat="46.51976" lon="12.09108">
    <name>TP1989</name>
  </trkpt>
  <trkpt lat="46.51976" lon="12.09124">
    <name>TP1990</name>
  </trkpt>
  <trkpt lat="46.51976" lon="12.09134">
    <name>TP1991</name>
  </trkpt>
  <trkpt lat="46.51977" lon="12.09148">
    <name>TP1992</name>
  </trkpt>
  <trkpt lat="46.51978" lon="12.0915">
    <name>TP1993</name>
  </trkpt>
  <trkpt lat="46.51981" lon="12.09168">
    <name>TP1994</name>
  </trkpt>
  <trkpt lat="46.51983" lon="12.09175">
    <name>TP1995</name>
  </trkpt>
  <trkpt lat="46.51986" lon="12.09187">
    <name>TP1996</name>
  </trkpt>
  <trkpt lat="46.5199" lon="12.09199">
    <name>TP1997</name>
  </trkpt>
  <trkpt lat="46.52016" lon="12.09277">
    <name>TP1998</name>
  </trkpt>
  <trkpt lat="46.52021" lon="12.09293">
    <name>TP1999</name>
  </trkpt>
  <trkpt lat="46.52025" lon="12.09305">
    <name>TP2000</name>
  </trkpt>
  <trkpt lat="46.52029" lon="12.09317">
    <name>TP2001</name>
  </trkpt>
  <trkpt lat="46.52029" lon="12.0932">
    <name>TP2002</name>
  </trkpt>
  <trkpt lat="46.5203" lon="12.09327">
    <name>TP2003</name>
  </trkpt>
  <trkpt lat="46.5203" lon="12.09333">
    <name>TP2004</name>
  </trkpt>
  <trkpt lat="46.52029" lon="12.09339">
    <name>TP2005</name>
  </trkpt>
  <trkpt lat="46.52028" lon="12.09342">
    <name>TP2006</name>
  </trkpt>
  <trkpt lat="46.52027" lon="12.09345">
    <name>TP2007</name>
  </trkpt>
  <trkpt lat="46.52023" lon="12.09353">
    <name>TP2008</name>
  </trkpt>
  <trkpt lat="46.52002" lon="12.09374">
    <name>TP2009</name>
  </trkpt>
  <trkpt lat="46.51993" lon="12.09386">
    <name>TP2010</name>
  </trkpt>
  <trkpt lat="46.5199" lon="12.09395">
    <name>TP2011</name>
  </trkpt>
  <trkpt lat="46.51989" lon="12.09402">
    <name>TP2012</name>
  </trkpt>
  <trkpt lat="46.51989" lon="12.09409">
    <name>TP2013</name>
  </trkpt>
  <trkpt lat="46.5199" lon="12.09416">
    <name>TP2014</name>
  </trkpt>
  <trkpt lat="46.51998" lon="12.09449">
    <name>TP2015</name>
  </trkpt>
  <trkpt lat="46.52004" lon="12.0947">
    <name>TP2016</name>
  </trkpt>
  <trkpt lat="46.5201" lon="12.09495">
    <name>TP2017</name>
  </trkpt>
  <trkpt lat="46.52022" lon="12.09545">
    <name>TP2018</name>
  </trkpt>
  <trkpt lat="46.52024" lon="12.09556">
    <name>TP2019</name>
  </trkpt>
  <trkpt lat="46.52029" lon="12.09563">
    <name>TP2020</name>
  </trkpt>
  <trkpt lat="46.52031" lon="12.09565">
    <name>TP2021</name>
  </trkpt>
  <trkpt lat="46.52033" lon="12.09567">
    <name>TP2022</name>
  </trkpt>
  <trkpt lat="46.52042" lon="12.09573">
    <name>TP2023</name>
  </trkpt>
  <trkpt lat="46.52048" lon="12.09575">
    <name>TP2024</name>
  </trkpt>
  <trkpt lat="46.52049" lon="12.09575">
    <name>TP2025</name>
  </trkpt>
  <trkpt lat="46.52054" lon="12.09575">
    <name>TP2026</name>
  </trkpt>
  <trkpt lat="46.52059" lon="12.09573">
    <name>TP2027</name>
  </trkpt>
  <trkpt lat="46.52065" lon="12.0957">
    <name>TP2028</name>
  </trkpt>
  <trkpt lat="46.52082" lon="12.0956">
    <name>TP2029</name>
  </trkpt>
  <trkpt lat="46.52096" lon="12.09552">
    <name>TP2030</name>
  </trkpt>
  <trkpt lat="46.52099" lon="12.09551">
    <name>TP2031</name>
  </trkpt>
  <trkpt lat="46.52117" lon="12.0954">
    <name>TP2032</name>
  </trkpt>
  <trkpt lat="46.52118" lon="12.0954">
    <name>TP2033</name>
  </trkpt>
  <trkpt lat="46.52119" lon="12.0954">
    <name>TP2034</name>
  </trkpt>
  <trkpt lat="46.52122" lon="12.0954">
    <name>TP2035</name>
  </trkpt>
  <trkpt lat="46.52125" lon="12.0954">
    <name>TP2036</name>
  </trkpt>
  <trkpt lat="46.52127" lon="12.09541">
    <name>TP2037</name>
  </trkpt>
  <trkpt lat="46.52129" lon="12.09543">
    <name>TP2038</name>
  </trkpt>
  <trkpt lat="46.52132" lon="12.09546">
    <name>TP2039</name>
  </trkpt>
  <trkpt lat="46.52134" lon="12.09551">
    <name>TP2040</name>
  </trkpt>
  <trkpt lat="46.52137" lon="12.09556">
    <name>TP2041</name>
  </trkpt>
  <trkpt lat="46.52137" lon="12.09561">
    <name>TP2042</name>
  </trkpt>
  <trkpt lat="46.52138" lon="12.09565">
    <name>TP2043</name>
  </trkpt>
  <trkpt lat="46.52137" lon="12.0957">
    <name>TP2044</name>
  </trkpt>
  <trkpt lat="46.52136" lon="12.09571">
    <name>TP2045</name>
  </trkpt>
  <trkpt lat="46.52135" lon="12.09573">
    <name>TP2046</name>
  </trkpt>
  <trkpt lat="46.52135" lon="12.09575">
    <name>TP2047</name>
  </trkpt>
  <trkpt lat="46.52118" lon="12.09614">
    <name>TP2048</name>
  </trkpt>
  <trkpt lat="46.52116" lon="12.09617">
    <name>TP2049</name>
  </trkpt>
  <trkpt lat="46.52116" lon="12.09618">
    <name>TP2050</name>
  </trkpt>
  <trkpt lat="46.52108" lon="12.09636">
    <name>TP2051</name>
  </trkpt>
  <trkpt lat="46.52108" lon="12.09638">
    <name>TP2052</name>
  </trkpt>
  <trkpt lat="46.52107" lon="12.0964">
    <name>TP2053</name>
  </trkpt>
  <trkpt lat="46.52106" lon="12.09643">
    <name>TP2054</name>
  </trkpt>
  <trkpt lat="46.52105" lon="12.09649">
    <name>TP2055</name>
  </trkpt>
  <trkpt lat="46.52105" lon="12.09655">
    <name>TP2056</name>
  </trkpt>
  <trkpt lat="46.52106" lon="12.09661">
    <name>TP2057</name>
  </trkpt>
  <trkpt lat="46.52107" lon="12.09665">
    <name>TP2058</name>
  </trkpt>
  <trkpt lat="46.5211" lon="12.09671">
    <name>TP2059</name>
  </trkpt>
  <trkpt lat="46.52114" lon="12.09674">
    <name>TP2060</name>
  </trkpt>
  <trkpt lat="46.52117" lon="12.09676">
    <name>TP2061</name>
  </trkpt>
  <trkpt lat="46.52122" lon="12.09677">
    <name>TP2062</name>
  </trkpt>
  <trkpt lat="46.52126" lon="12.09675">
    <name>TP2063</name>
  </trkpt>
  <trkpt lat="46.52162" lon="12.09655">
    <name>TP2064</name>
  </trkpt>
  <trkpt lat="46.52167" lon="12.09654">
    <name>TP2065</name>
  </trkpt>
  <trkpt lat="46.52172" lon="12.09654">
    <name>TP2066</name>
  </trkpt>
  <trkpt lat="46.52173" lon="12.09654">
    <name>TP2067</name>
  </trkpt>
  <trkpt lat="46.52177" lon="12.09656">
    <name>TP2068</name>
  </trkpt>
  <trkpt lat="46.52182" lon="12.09659">
    <name>TP2069</name>
  </trkpt>
  <trkpt lat="46.52186" lon="12.09664">
    <name>TP2070</name>
  </trkpt>
  <trkpt lat="46.52187" lon="12.09664">
    <name>TP2071</name>
  </trkpt>
  <trkpt lat="46.52191" lon="12.09672">
    <name>TP2072</name>
  </trkpt>
  <trkpt lat="46.52196" lon="12.09686">
    <name>TP2073</name>
  </trkpt>
  <trkpt lat="46.52211" lon="12.09733">
    <name>TP2074</name>
  </trkpt>
  <trkpt lat="46.52212" lon="12.09736">
    <name>TP2075</name>
  </trkpt>
  <trkpt lat="46.52223" lon="12.0977">
    <name>TP2076</name>
  </trkpt>
  <trkpt lat="46.52227" lon="12.09784">
    <name>TP2077</name>
  </trkpt>
  <trkpt lat="46.52233" lon="12.09805">
    <name>TP2078</name>
  </trkpt>
  <trkpt lat="46.52234" lon="12.09808">
    <name>TP2079</name>
  </trkpt>
  <trkpt lat="46.52235" lon="12.09809">
    <name>TP2080</name>
  </trkpt>
  <trkpt lat="46.5224" lon="12.09829">
    <name>TP2081</name>
  </trkpt>
  <trkpt lat="46.52241" lon="12.09831">
    <name>TP2082</name>
  </trkpt>
  <trkpt lat="46.52245" lon="12.09844">
    <name>TP2083</name>
  </trkpt>
  <trkpt lat="46.52248" lon="12.09856">
    <name>TP2084</name>
  </trkpt>
  <trkpt lat="46.52249" lon="12.09859">
    <name>TP2085</name>
  </trkpt>
  <trkpt lat="46.52252" lon="12.09873">
    <name>TP2086</name>
  </trkpt>
  <trkpt lat="46.52252" lon="12.09881">
    <name>TP2087</name>
  </trkpt>
  <trkpt lat="46.52253" lon="12.09894">
    <name>TP2088</name>
  </trkpt>
  <trkpt lat="46.52252" lon="12.09901">
    <name>TP2089</name>
  </trkpt>
  <trkpt lat="46.52251" lon="12.09909">
    <name>TP2090</name>
  </trkpt>
  <trkpt lat="46.5225" lon="12.09919">
    <name>TP2091</name>
  </trkpt>
  <trkpt lat="46.52246" lon="12.09936">
    <name>TP2092</name>
  </trkpt>
  <trkpt lat="46.52237" lon="12.09961">
    <name>TP2093</name>
  </trkpt>
  <trkpt lat="46.52232" lon="12.09976">
    <name>TP2094</name>
  </trkpt>
  <trkpt lat="46.5223" lon="12.09981">
    <name>TP2095</name>
  </trkpt>
  <trkpt lat="46.52223" lon="12.10001">
    <name>TP2096</name>
  </trkpt>
  <trkpt lat="46.52221" lon="12.10004">
    <name>TP2097</name>
  </trkpt>
  <trkpt lat="46.52209" lon="12.10031">
    <name>TP2098</name>
  </trkpt>
  <trkpt lat="46.52206" lon="12.10036">
    <name>TP2099</name>
  </trkpt>
  <trkpt lat="46.52201" lon="12.10042">
    <name>TP2100</name>
  </trkpt>
  <trkpt lat="46.52193" lon="12.1005">
    <name>TP2101</name>
  </trkpt>
  <trkpt lat="46.52186" lon="12.10054">
    <name>TP2102</name>
  </trkpt>
  <trkpt lat="46.5218" lon="12.10057">
    <name>TP2103</name>
  </trkpt>
  <trkpt lat="46.52166" lon="12.1006">
    <name>TP2104</name>
  </trkpt>
  <trkpt lat="46.52164" lon="12.1006">
    <name>TP2105</name>
  </trkpt>
  <trkpt lat="46.52163" lon="12.1006">
    <name>TP2106</name>
  </trkpt>
  <trkpt lat="46.52148" lon="12.10062">
    <name>TP2107</name>
  </trkpt>
  <trkpt lat="46.52139" lon="12.10062">
    <name>TP2108</name>
  </trkpt>
  <trkpt lat="46.5213" lon="12.10066">
    <name>TP2109</name>
  </trkpt>
  <trkpt lat="46.52128" lon="12.10069">
    <name>TP2110</name>
  </trkpt>
  <trkpt lat="46.52126" lon="12.10072">
    <name>TP2111</name>
  </trkpt>
  <trkpt lat="46.52122" lon="12.1008">
    <name>TP2112</name>
  </trkpt>
  <trkpt lat="46.52121" lon="12.10088">
    <name>TP2113</name>
  </trkpt>
  <trkpt lat="46.52121" lon="12.1009">
    <name>TP2114</name>
  </trkpt>
  <trkpt lat="46.52121" lon="12.10098">
    <name>TP2115</name>
  </trkpt>
  <trkpt lat="46.52123" lon="12.10114">
    <name>TP2116</name>
  </trkpt>
  <trkpt lat="46.52124" lon="12.10117">
    <name>TP2117</name>
  </trkpt>
  <trkpt lat="46.52124" lon="12.10133">
    <name>TP2118</name>
  </trkpt>
  <trkpt lat="46.52124" lon="12.1014">
    <name>TP2119</name>
  </trkpt>
  <trkpt lat="46.52123" lon="12.10151">
    <name>TP2120</name>
  </trkpt>
  <trkpt lat="46.52119" lon="12.10165">
    <name>TP2121</name>
  </trkpt>
  <trkpt lat="46.52118" lon="12.10168">
    <name>TP2122</name>
  </trkpt>
  <trkpt lat="46.52112" lon="12.10189">
    <name>TP2123</name>
  </trkpt>
  <trkpt lat="46.52112" lon="12.1019">
    <name>TP2124</name>
  </trkpt>
  <trkpt lat="46.52108" lon="12.10205">
    <name>TP2125</name>
  </trkpt>
  <trkpt lat="46.52107" lon="12.10215">
    <name>TP2126</name>
  </trkpt>
  <trkpt lat="46.52105" lon="12.10224">
    <name>TP2127</name>
  </trkpt>
  <trkpt lat="46.52105" lon="12.10236">
    <name>TP2128</name>
  </trkpt>
  <trkpt lat="46.52105" lon="12.10243">
    <name>TP2129</name>
  </trkpt>
  <trkpt lat="46.52107" lon="12.10258">
    <name>TP2130</name>
  </trkpt>
  <trkpt lat="46.52109" lon="12.10269">
    <name>TP2131</name>
  </trkpt>
  <trkpt lat="46.5211" lon="12.10272">
    <name>TP2132</name>
  </trkpt>
  <trkpt lat="46.52113" lon="12.10281">
    <name>TP2133</name>
  </trkpt>
  <trkpt lat="46.52124" lon="12.10302">
    <name>TP2134</name>
  </trkpt>
  <trkpt lat="46.52135" lon="12.10319">
    <name>TP2135</name>
  </trkpt>
  <trkpt lat="46.52141" lon="12.10326">
    <name>TP2136</name>
  </trkpt>
  <trkpt lat="46.52168" lon="12.1036">
    <name>TP2137</name>
  </trkpt>
  <trkpt lat="46.52171" lon="12.10364">
    <name>TP2138</name>
  </trkpt>
  <trkpt lat="46.52182" lon="12.10375">
    <name>TP2139</name>
  </trkpt>
  <trkpt lat="46.52188" lon="12.1038">
    <name>TP2140</name>
  </trkpt>
  <trkpt lat="46.5219" lon="12.10382">
    <name>TP2141</name>
  </trkpt>
  <trkpt lat="46.52193" lon="12.10384">
    <name>TP2142</name>
  </trkpt>
  <trkpt lat="46.52195" lon="12.10384">
    <name>TP2143</name>
  </trkpt>
  <trkpt lat="46.52198" lon="12.10384">
    <name>TP2144</name>
  </trkpt>
  <trkpt lat="46.522" lon="12.10384">
    <name>TP2145</name>
  </trkpt>
  <trkpt lat="46.52203" lon="12.10383">
    <name>TP2146</name>
  </trkpt>
  <trkpt lat="46.52204" lon="12.10382">
    <name>TP2147</name>
  </trkpt>
  <trkpt lat="46.52206" lon="12.10379">
    <name>TP2148</name>
  </trkpt>
  <trkpt lat="46.52214" lon="12.10369">
    <name>TP2149</name>
  </trkpt>
  <trkpt lat="46.52224" lon="12.10345">
    <name>TP2150</name>
  </trkpt>
  <trkpt lat="46.5223" lon="12.10337">
    <name>TP2151</name>
  </trkpt>
  <trkpt lat="46.52233" lon="12.10334">
    <name>TP2152</name>
  </trkpt>
  <trkpt lat="46.52235" lon="12.10332">
    <name>TP2153</name>
  </trkpt>
  <trkpt lat="46.52237" lon="12.10331">
    <name>TP2154</name>
  </trkpt>
  <trkpt lat="46.52237" lon="12.1033">
    <name>TP2155</name>
  </trkpt>
  <trkpt lat="46.52241" lon="12.1033">
    <name>TP2156</name>
  </trkpt>
  <trkpt lat="46.52245" lon="12.1033">
    <name>TP2157</name>
  </trkpt>
  <trkpt lat="46.52248" lon="12.10332">
    <name>TP2158</name>
  </trkpt>
  <trkpt lat="46.5225" lon="12.10335">
    <name>TP2159</name>
  </trkpt>
  <trkpt lat="46.52253" lon="12.10338">
    <name>TP2160</name>
  </trkpt>
  <trkpt lat="46.52255" lon="12.10341">
    <name>TP2161</name>
  </trkpt>
  <trkpt lat="46.52255" lon="12.10342">
    <name>TP2162</name>
  </trkpt>
  <trkpt lat="46.52257" lon="12.10346">
    <name>TP2163</name>
  </trkpt>
  <trkpt lat="46.52258" lon="12.10352">
    <name>TP2164</name>
  </trkpt>
  <trkpt lat="46.5226" lon="12.10362">
    <name>TP2165</name>
  </trkpt>
  <trkpt lat="46.52262" lon="12.10375">
    <name>TP2166</name>
  </trkpt>
  <trkpt lat="46.52265" lon="12.10409">
    <name>TP2167</name>
  </trkpt>
  <trkpt lat="46.52266" lon="12.10423">
    <name>TP2168</name>
  </trkpt>
  <trkpt lat="46.5227" lon="12.10449">
    <name>TP2169</name>
  </trkpt>
  <trkpt lat="46.52273" lon="12.10487">
    <name>TP2170</name>
  </trkpt>
  <trkpt lat="46.52278" lon="12.10531">
    <name>TP2171</name>
  </trkpt>
  <trkpt lat="46.52283" lon="12.10568">
    <name>TP2172</name>
  </trkpt>
  <trkpt lat="46.52283" lon="12.10572">
    <name>TP2173</name>
  </trkpt>
  <trkpt lat="46.52285" lon="12.10586">
    <name>TP2174</name>
  </trkpt>
  <trkpt lat="46.52286" lon="12.10594">
    <name>TP2175</name>
  </trkpt>
  <trkpt lat="46.52288" lon="12.1062">
    <name>TP2176</name>
  </trkpt>
  <trkpt lat="46.52289" lon="12.10628">
    <name>TP2177</name>
  </trkpt>
  <trkpt lat="46.52289" lon="12.10633">
    <name>TP2178</name>
  </trkpt>
  <trkpt lat="46.52288" lon="12.10636">
    <name>TP2179</name>
  </trkpt>
  <trkpt lat="46.52287" lon="12.10639">
    <name>TP2180</name>
  </trkpt>
  <trkpt lat="46.52286" lon="12.10641">
    <name>TP2181</name>
  </trkpt>
  <trkpt lat="46.52284" lon="12.10644">
    <name>TP2182</name>
  </trkpt>
  <trkpt lat="46.52281" lon="12.10645">
    <name>TP2183</name>
  </trkpt>
  <trkpt lat="46.5228" lon="12.10646">
    <name>TP2184</name>
  </trkpt>
  <trkpt lat="46.52277" lon="12.10647">
    <name>TP2185</name>
  </trkpt>
  <trkpt lat="46.52274" lon="12.10647">
    <name>TP2186</name>
  </trkpt>
  <trkpt lat="46.52273" lon="12.10647">
    <name>TP2187</name>
  </trkpt>
  <trkpt lat="46.52272" lon="12.10646">
    <name>TP2188</name>
  </trkpt>
  <trkpt lat="46.5227" lon="12.10645">
    <name>TP2189</name>
  </trkpt>
  <trkpt lat="46.52268" lon="12.10643">
    <name>TP2190</name>
  </trkpt>
  <trkpt lat="46.52267" lon="12.1064">
    <name>TP2191</name>
  </trkpt>
  <trkpt lat="46.52264" lon="12.10633">
    <name>TP2192</name>
  </trkpt>
  <trkpt lat="46.52262" lon="12.10627">
    <name>TP2193</name>
  </trkpt>
  <trkpt lat="46.52258" lon="12.10619">
    <name>TP2194</name>
  </trkpt>
  <trkpt lat="46.52258" lon="12.10618">
    <name>TP2195</name>
  </trkpt>
  <trkpt lat="46.52257" lon="12.10616">
    <name>TP2196</name>
  </trkpt>
  <trkpt lat="46.52255" lon="12.10614">
    <name>TP2197</name>
  </trkpt>
  <trkpt lat="46.52252" lon="12.10612">
    <name>TP2198</name>
  </trkpt>
  <trkpt lat="46.52249" lon="12.10612">
    <name>TP2199</name>
  </trkpt>
  <trkpt lat="46.52246" lon="12.10611">
    <name>TP2200</name>
  </trkpt>
  <trkpt lat="46.52245" lon="12.10612">
    <name>TP2201</name>
  </trkpt>
  <trkpt lat="46.52244" lon="12.10612">
    <name>TP2202</name>
  </trkpt>
  <trkpt lat="46.52243" lon="12.10613">
    <name>TP2203</name>
  </trkpt>
  <trkpt lat="46.52242" lon="12.10614">
    <name>TP2204</name>
  </trkpt>
  <trkpt lat="46.52242" lon="12.10615">
    <name>TP2205</name>
  </trkpt>
  <trkpt lat="46.52241" lon="12.10616">
    <name>TP2206</name>
  </trkpt>
  <trkpt lat="46.5224" lon="12.10619">
    <name>TP2207</name>
  </trkpt>
  <trkpt lat="46.5224" lon="12.10621">
    <name>TP2208</name>
  </trkpt>
  <trkpt lat="46.52239" lon="12.10625">
    <name>TP2209</name>
  </trkpt>
  <trkpt lat="46.52239" lon="12.10629">
    <name>TP2210</name>
  </trkpt>
  <trkpt lat="46.5224" lon="12.10632">
    <name>TP2211</name>
  </trkpt>
  <trkpt lat="46.5224" lon="12.10636">
    <name>TP2212</name>
  </trkpt>
  <trkpt lat="46.52242" lon="12.10641">
    <name>TP2213</name>
  </trkpt>
  <trkpt lat="46.52246" lon="12.10649">
    <name>TP2214</name>
  </trkpt>
  <trkpt lat="46.52285" lon="12.10703">
    <name>TP2215</name>
  </trkpt>
  <trkpt lat="46.52291" lon="12.10712">
    <name>TP2216</name>
  </trkpt>
  <trkpt lat="46.52305" lon="12.10729">
    <name>TP2217</name>
  </trkpt>
  <trkpt lat="46.52306" lon="12.1073">
    <name>TP2218</name>
  </trkpt>
  <trkpt lat="46.52319" lon="12.10744">
    <name>TP2219</name>
  </trkpt>
  <trkpt lat="46.52319" lon="12.10745">
    <name>TP2220</name>
  </trkpt>
  <trkpt lat="46.52325" lon="12.10749">
    <name>TP2221</name>
  </trkpt>
  <trkpt lat="46.52337" lon="12.10753">
    <name>TP2222</name>
  </trkpt>
  <trkpt lat="46.52344" lon="12.10755">
    <name>TP2223</name>
  </trkpt>
  <trkpt lat="46.5235" lon="12.10755">
    <name>TP2224</name>
  </trkpt>
  <trkpt lat="46.52358" lon="12.10753">
    <name>TP2225</name>
  </trkpt>
  <trkpt lat="46.52374" lon="12.10746">
    <name>TP2226</name>
  </trkpt>
  <trkpt lat="46.52381" lon="12.10744">
    <name>TP2227</name>
  </trkpt>
  <trkpt lat="46.52389" lon="12.10741">
    <name>TP2228</name>
  </trkpt>
  <trkpt lat="46.52393" lon="12.10742">
    <name>TP2229</name>
  </trkpt>
  <trkpt lat="46.52397" lon="12.10743">
    <name>TP2230</name>
  </trkpt>
  <trkpt lat="46.52399" lon="12.10745">
    <name>TP2231</name>
  </trkpt>
  <trkpt lat="46.524" lon="12.10747">
    <name>TP2232</name>
  </trkpt>
  <trkpt lat="46.52402" lon="12.10751">
    <name>TP2233</name>
  </trkpt>
  <trkpt lat="46.52404" lon="12.10756">
    <name>TP2234</name>
  </trkpt>
  <trkpt lat="46.52404" lon="12.10759">
    <name>TP2235</name>
  </trkpt>
  <trkpt lat="46.52404" lon="12.10761">
    <name>TP2236</name>
  </trkpt>
  <trkpt lat="46.52404" lon="12.10765">
    <name>TP2237</name>
  </trkpt>
  <trkpt lat="46.52403" lon="12.10769">
    <name>TP2238</name>
  </trkpt>
  <trkpt lat="46.524" lon="12.10779">
    <name>TP2239</name>
  </trkpt>
  <trkpt lat="46.52399" lon="12.10783">
    <name>TP2240</name>
  </trkpt>
  <trkpt lat="46.52388" lon="12.10811">
    <name>TP2241</name>
  </trkpt>
  <trkpt lat="46.52388" lon="12.10812">
    <name>TP2242</name>
  </trkpt>
  <trkpt lat="46.52382" lon="12.10829">
    <name>TP2243</name>
  </trkpt>
  <trkpt lat="46.52382" lon="12.10832">
    <name>TP2244</name>
  </trkpt>
  <trkpt lat="46.5238" lon="12.10837">
    <name>TP2245</name>
  </trkpt>
  <trkpt lat="46.52378" lon="12.10843">
    <name>TP2246</name>
  </trkpt>
  <trkpt lat="46.52376" lon="12.10848">
    <name>TP2247</name>
  </trkpt>
  <trkpt lat="46.52369" lon="12.10871">
    <name>TP2248</name>
  </trkpt>
  <trkpt lat="46.52363" lon="12.10886">
    <name>TP2249</name>
  </trkpt>
  <trkpt lat="46.52358" lon="12.10898">
    <name>TP2250</name>
  </trkpt>
  <trkpt lat="46.52354" lon="12.10904">
    <name>TP2251</name>
  </trkpt>
  <trkpt lat="46.52348" lon="12.10909">
    <name>TP2252</name>
  </trkpt>
  <trkpt lat="46.52342" lon="12.10914">
    <name>TP2253</name>
  </trkpt>
  <trkpt lat="46.52336" lon="12.10916">
    <name>TP2254</name>
  </trkpt>
  <trkpt lat="46.52322" lon="12.10919">
    <name>TP2255</name>
  </trkpt>
  <trkpt lat="46.52297" lon="12.10921">
    <name>TP2256</name>
  </trkpt>
  <trkpt lat="46.52285" lon="12.10922">
    <name>TP2257</name>
  </trkpt>
  <trkpt lat="46.52284" lon="12.10922">
    <name>TP2258</name>
  </trkpt>
  <trkpt lat="46.52279" lon="12.10922">
    <name>TP2259</name>
  </trkpt>
  <trkpt lat="46.52274" lon="12.10922">
    <name>TP2260</name>
  </trkpt>
  <trkpt lat="46.52267" lon="12.1092">
    <name>TP2261</name>
  </trkpt>
  <trkpt lat="46.52265" lon="12.1092">
    <name>TP2262</name>
  </trkpt>
  <trkpt lat="46.52261" lon="12.10917">
    <name>TP2263</name>
  </trkpt>
  <trkpt lat="46.52251" lon="12.10912">
    <name>TP2264</name>
  </trkpt>
  <trkpt lat="46.52239" lon="12.10901">
    <name>TP2265</name>
  </trkpt>
  <trkpt lat="46.52238" lon="12.10901">
    <name>TP2266</name>
  </trkpt>
  <trkpt lat="46.52236" lon="12.10899">
    <name>TP2267</name>
  </trkpt>
  <trkpt lat="46.52234" lon="12.10899">
    <name>TP2268</name>
  </trkpt>
  <trkpt lat="46.52232" lon="12.10899">
    <name>TP2269</name>
  </trkpt>
  <trkpt lat="46.5223" lon="12.10899">
    <name>TP2270</name>
  </trkpt>
  <trkpt lat="46.52228" lon="12.109">
    <name>TP2271</name>
  </trkpt>
  <trkpt lat="46.52226" lon="12.10901">
    <name>TP2272</name>
  </trkpt>
  <trkpt lat="46.52224" lon="12.10903">
    <name>TP2273</name>
  </trkpt>
  <trkpt lat="46.52222" lon="12.10905">
    <name>TP2274</name>
  </trkpt>
  <trkpt lat="46.52221" lon="12.10908">
    <name>TP2275</name>
  </trkpt>
  <trkpt lat="46.52221" lon="12.1091">
    <name>TP2276</name>
  </trkpt>
  <trkpt lat="46.52221" lon="12.10912">
    <name>TP2277</name>
  </trkpt>
  <trkpt lat="46.52221" lon="12.10915">
    <name>TP2278</name>
  </trkpt>
  <trkpt lat="46.52221" lon="12.10917">
    <name>TP2279</name>
  </trkpt>
  <trkpt lat="46.52222" lon="12.1092">
    <name>TP2280</name>
  </trkpt>
  <trkpt lat="46.5224" lon="12.10974">
    <name>TP2281</name>
  </trkpt>
  <trkpt lat="46.52249" lon="12.11001">
    <name>TP2282</name>
  </trkpt>
  <trkpt lat="46.52264" lon="12.11043">
    <name>TP2283</name>
  </trkpt>
  <trkpt lat="46.52267" lon="12.11051">
    <name>TP2284</name>
  </trkpt>
  <trkpt lat="46.52275" lon="12.11066">
    <name>TP2285</name>
  </trkpt>
  <trkpt lat="46.52281" lon="12.11074">
    <name>TP2286</name>
  </trkpt>
  <trkpt lat="46.52293" lon="12.11088">
    <name>TP2287</name>
  </trkpt>
  <trkpt lat="46.5232" lon="12.11114">
    <name>TP2288</name>
  </trkpt>
  <trkpt lat="46.52321" lon="12.11115">
    <name>TP2289</name>
  </trkpt>
  <trkpt lat="46.52328" lon="12.11122">
    <name>TP2290</name>
  </trkpt>
  <trkpt lat="46.52366" lon="12.11157">
    <name>TP2291</name>
  </trkpt>
  <trkpt lat="46.5237" lon="12.1116">
    <name>TP2292</name>
  </trkpt>
  <trkpt lat="46.52374" lon="12.11164">
    <name>TP2293</name>
  </trkpt>
  <trkpt lat="46.52408" lon="12.11195">
    <name>TP2294</name>
  </trkpt>
  <trkpt lat="46.52418" lon="12.11206">
    <name>TP2295</name>
  </trkpt>
  <trkpt lat="46.52423" lon="12.11214">
    <name>TP2296</name>
  </trkpt>
  <trkpt lat="46.52424" lon="12.11215">
    <name>TP2297</name>
  </trkpt>
  <trkpt lat="46.52429" lon="12.11226">
    <name>TP2298</name>
  </trkpt>
  <trkpt lat="46.52441" lon="12.11267">
    <name>TP2299</name>
  </trkpt>
  <trkpt lat="46.52443" lon="12.11275">
    <name>TP2300</name>
  </trkpt>
  <trkpt lat="46.52444" lon="12.11281">
    <name>TP2301</name>
  </trkpt>
  <trkpt lat="46.52444" lon="12.11285">
    <name>TP2302</name>
  </trkpt>
  <trkpt lat="46.52444" lon="12.11291">
    <name>TP2303</name>
  </trkpt>
  <trkpt lat="46.52444" lon="12.11296">
    <name>TP2304</name>
  </trkpt>
  <trkpt lat="46.52444" lon="12.11297">
    <name>TP2305</name>
  </trkpt>
  <trkpt lat="46.52442" lon="12.11308">
    <name>TP2306</name>
  </trkpt>
  <trkpt lat="46.5244" lon="12.11317">
    <name>TP2307</name>
  </trkpt>
  <trkpt lat="46.52437" lon="12.11324">
    <name>TP2308</name>
  </trkpt>
  <trkpt lat="46.52432" lon="12.11332">
    <name>TP2309</name>
  </trkpt>
  <trkpt lat="46.52424" lon="12.1134">
    <name>TP2310</name>
  </trkpt>
  <trkpt lat="46.52413" lon="12.11349">
    <name>TP2311</name>
  </trkpt>
  <trkpt lat="46.52407" lon="12.11352">
    <name>TP2312</name>
  </trkpt>
  <trkpt lat="46.52397" lon="12.11358">
    <name>TP2313</name>
  </trkpt>
  <trkpt lat="46.52379" lon="12.11365">
    <name>TP2314</name>
  </trkpt>
  <trkpt lat="46.52374" lon="12.11368">
    <name>TP2315</name>
  </trkpt>
  <trkpt lat="46.52362" lon="12.11371">
    <name>TP2316</name>
  </trkpt>
  <trkpt lat="46.52359" lon="12.11372">
    <name>TP2317</name>
  </trkpt>
  <trkpt lat="46.52346" lon="12.11372">
    <name>TP2318</name>
  </trkpt>
  <trkpt lat="46.52344" lon="12.11372">
    <name>TP2319</name>
  </trkpt>
  <trkpt lat="46.52323" lon="12.11368">
    <name>TP2320</name>
  </trkpt>
  <trkpt lat="46.52311" lon="12.11367">
    <name>TP2321</name>
  </trkpt>
  <trkpt lat="46.5231" lon="12.11368">
    <name>TP2322</name>
  </trkpt>
  <trkpt lat="46.52309" lon="12.11368">
    <name>TP2323</name>
  </trkpt>
  <trkpt lat="46.52307" lon="12.11369">
    <name>TP2324</name>
  </trkpt>
  <trkpt lat="46.52305" lon="12.1137">
    <name>TP2325</name>
  </trkpt>
  <trkpt lat="46.52302" lon="12.11372">
    <name>TP2326</name>
  </trkpt>
  <trkpt lat="46.52301" lon="12.11373">
    <name>TP2327</name>
  </trkpt>
  <trkpt lat="46.523" lon="12.11376">
    <name>TP2328</name>
  </trkpt>
  <trkpt lat="46.523" lon="12.11378">
    <name>TP2329</name>
  </trkpt>
  <trkpt lat="46.52299" lon="12.11381">
    <name>TP2330</name>
  </trkpt>
  <trkpt lat="46.52299" lon="12.11383">
    <name>TP2331</name>
  </trkpt>
  <trkpt lat="46.52299" lon="12.11386">
    <name>TP2332</name>
  </trkpt>
  <trkpt lat="46.523" lon="12.11388">
    <name>TP2333</name>
  </trkpt>
  <trkpt lat="46.523" lon="12.1139">
    <name>TP2334</name>
  </trkpt>
  <trkpt lat="46.52301" lon="12.11392">
    <name>TP2335</name>
  </trkpt>
  <trkpt lat="46.52302" lon="12.11393">
    <name>TP2336</name>
  </trkpt>
  <trkpt lat="46.52303" lon="12.11395">
    <name>TP2337</name>
  </trkpt>
  <trkpt lat="46.52305" lon="12.11396">
    <name>TP2338</name>
  </trkpt>
  <trkpt lat="46.52306" lon="12.11397">
    <name>TP2339</name>
  </trkpt>
  <trkpt lat="46.52308" lon="12.11397">
    <name>TP2340</name>
  </trkpt>
  <trkpt lat="46.5231" lon="12.11397">
    <name>TP2341</name>
  </trkpt>
  <trkpt lat="46.52313" lon="12.11397">
    <name>TP2342</name>
  </trkpt>
  <trkpt lat="46.52325" lon="12.11397">
    <name>TP2343</name>
  </trkpt>
  <trkpt lat="46.52332" lon="12.11399">
    <name>TP2344</name>
  </trkpt>
  <trkpt lat="46.52336" lon="12.11401">
    <name>TP2345</name>
  </trkpt>
  <trkpt lat="46.52339" lon="12.11404">
    <name>TP2346</name>
  </trkpt>
  <trkpt lat="46.5234" lon="12.11408">
    <name>TP2347</name>
  </trkpt>
  <trkpt lat="46.52342" lon="12.11412">
    <name>TP2348</name>
  </trkpt>
  <trkpt lat="46.52342" lon="12.11416">
    <name>TP2349</name>
  </trkpt>
  <trkpt lat="46.52342" lon="12.11419">
    <name>TP2350</name>
  </trkpt>
  <trkpt lat="46.52342" lon="12.1142">
    <name>TP2351</name>
  </trkpt>
  <trkpt lat="46.52342" lon="12.11424">
    <name>TP2352</name>
  </trkpt>
  <trkpt lat="46.5234" lon="12.11427">
    <name>TP2353</name>
  </trkpt>
  <trkpt lat="46.52337" lon="12.11433">
    <name>TP2354</name>
  </trkpt>
  <trkpt lat="46.52333" lon="12.11437">
    <name>TP2355</name>
  </trkpt>
  <trkpt lat="46.52331" lon="12.1144">
    <name>TP2356</name>
  </trkpt>
  <trkpt lat="46.52322" lon="12.11447">
    <name>TP2357</name>
  </trkpt>
  <trkpt lat="46.52284" lon="12.11476">
    <name>TP2358</name>
  </trkpt>
  <trkpt lat="46.52279" lon="12.11477">
    <name>TP2359</name>
  </trkpt>
  <trkpt lat="46.52276" lon="12.11477">
    <name>TP2360</name>
  </trkpt>
  <trkpt lat="46.5227" lon="12.11476">
    <name>TP2361</name>
  </trkpt>
  <trkpt lat="46.52264" lon="12.11472">
    <name>TP2362</name>
  </trkpt>
  <trkpt lat="46.52259" lon="12.11466">
    <name>TP2363</name>
  </trkpt>
  <trkpt lat="46.52255" lon="12.11458">
    <name>TP2364</name>
  </trkpt>
  <trkpt lat="46.52254" lon="12.11456">
    <name>TP2365</name>
  </trkpt>
  <trkpt lat="46.52251" lon="12.11451">
    <name>TP2366</name>
  </trkpt>
  <trkpt lat="46.52238" lon="12.11412">
    <name>TP2367</name>
  </trkpt>
  <trkpt lat="46.5223" lon="12.11389">
    <name>TP2368</name>
  </trkpt>
  <trkpt lat="46.5223" lon="12.11387">
    <name>TP2369</name>
  </trkpt>
  <trkpt lat="46.52219" lon="12.1136">
    <name>TP2370</name>
  </trkpt>
  <trkpt lat="46.52214" lon="12.11346">
    <name>TP2371</name>
  </trkpt>
  <trkpt lat="46.52212" lon="12.11343">
    <name>TP2372</name>
  </trkpt>
  <trkpt lat="46.52211" lon="12.11342">
    <name>TP2373</name>
  </trkpt>
  <trkpt lat="46.52207" lon="12.11338">
    <name>TP2374</name>
  </trkpt>
  <trkpt lat="46.522" lon="12.11332">
    <name>TP2375</name>
  </trkpt>
  <trkpt lat="46.52197" lon="12.1133">
    <name>TP2376</name>
  </trkpt>
  <trkpt lat="46.52185" lon="12.11323">
    <name>TP2377</name>
  </trkpt>
  <trkpt lat="46.5217" lon="12.11318">
    <name>TP2378</name>
  </trkpt>
  <trkpt lat="46.52166" lon="12.11318">
    <name>TP2379</name>
  </trkpt>
  <trkpt lat="46.52163" lon="12.11318">
    <name>TP2380</name>
  </trkpt>
  <trkpt lat="46.5216" lon="12.1132">
    <name>TP2381</name>
  </trkpt>
  <trkpt lat="46.52158" lon="12.11321">
    <name>TP2382</name>
  </trkpt>
  <trkpt lat="46.52157" lon="12.11322">
    <name>TP2383</name>
  </trkpt>
  <trkpt lat="46.52155" lon="12.11325">
    <name>TP2384</name>
  </trkpt>
  <trkpt lat="46.52154" lon="12.11328">
    <name>TP2385</name>
  </trkpt>
  <trkpt lat="46.52153" lon="12.11333">
    <name>TP2386</name>
  </trkpt>
  <trkpt lat="46.52153" lon="12.11338">
    <name>TP2387</name>
  </trkpt>
  <trkpt lat="46.52154" lon="12.11345">
    <name>TP2388</name>
  </trkpt>
  <trkpt lat="46.52156" lon="12.1135">
    <name>TP2389</name>
  </trkpt>
  <trkpt lat="46.52162" lon="12.11361">
    <name>TP2390</name>
  </trkpt>
  <trkpt lat="46.52166" lon="12.11367">
    <name>TP2391</name>
  </trkpt>
  <trkpt lat="46.52173" lon="12.11381">
    <name>TP2392</name>
  </trkpt>
  <trkpt lat="46.52183" lon="12.11399">
    <name>TP2393</name>
  </trkpt>
  <trkpt lat="46.52185" lon="12.11401">
    <name>TP2394</name>
  </trkpt>
  <trkpt lat="46.52192" lon="12.11416">
    <name>TP2395</name>
  </trkpt>
  <trkpt lat="46.52193" lon="12.11422">
    <name>TP2396</name>
  </trkpt>
  <trkpt lat="46.52194" lon="12.11426">
    <name>TP2397</name>
  </trkpt>
  <trkpt lat="46.52196" lon="12.11433">
    <name>TP2398</name>
  </trkpt>
  <trkpt lat="46.52196" lon="12.11438">
    <name>TP2399</name>
  </trkpt>
  <trkpt lat="46.52196" lon="12.11449">
    <name>TP2400</name>
  </trkpt>
  <trkpt lat="46.52195" lon="12.11454">
    <name>TP2401</name>
  </trkpt>
  <trkpt lat="46.52194" lon="12.11468">
    <name>TP2402</name>
  </trkpt>
  <trkpt lat="46.52193" lon="12.11476">
    <name>TP2403</name>
  </trkpt>
  <trkpt lat="46.52193" lon="12.11483">
    <name>TP2404</name>
  </trkpt>
  <trkpt lat="46.52193" lon="12.11487">
    <name>TP2405</name>
  </trkpt>
  <trkpt lat="46.52195" lon="12.11495">
    <name>TP2406</name>
  </trkpt>
  <trkpt lat="46.52199" lon="12.11505">
    <name>TP2407</name>
  </trkpt>
  <trkpt lat="46.52201" lon="12.1151">
    <name>TP2408</name>
  </trkpt>
  <trkpt lat="46.52207" lon="12.1152">
    <name>TP2409</name>
  </trkpt>
  <trkpt lat="46.52207" lon="12.11521">
    <name>TP2410</name>
  </trkpt>
  <trkpt lat="46.52208" lon="12.11522">
    <name>TP2411</name>
  </trkpt>
  <trkpt lat="46.52215" lon="12.11531">
    <name>TP2412</name>
  </trkpt>
  <trkpt lat="46.5222" lon="12.11538">
    <name>TP2413</name>
  </trkpt>
  <trkpt lat="46.52221" lon="12.11538">
    <name>TP2414</name>
  </trkpt>
  <trkpt lat="46.52239" lon="12.11559">
    <name>TP2415</name>
  </trkpt>
  <trkpt lat="46.52259" lon="12.11579">
    <name>TP2416</name>
  </trkpt>
  <trkpt lat="46.52264" lon="12.11584">
    <name>TP2417</name>
  </trkpt>
  <trkpt lat="46.52264" lon="12.11585">
    <name>TP2418</name>
  </trkpt>
  <trkpt lat="46.52265" lon="12.11586">
    <name>TP2419</name>
  </trkpt>
  <trkpt lat="46.52279" lon="12.11599">
    <name>TP2420</name>
  </trkpt>
  <trkpt lat="46.52296" lon="12.11615">
    <name>TP2421</name>
  </trkpt>
  <trkpt lat="46.52305" lon="12.11624">
    <name>TP2422</name>
  </trkpt>
  <trkpt lat="46.52307" lon="12.11628">
    <name>TP2423</name>
  </trkpt>
  <trkpt lat="46.52308" lon="12.11631">
    <name>TP2424</name>
  </trkpt>
  <trkpt lat="46.5231" lon="12.11636">
    <name>TP2425</name>
  </trkpt>
  <trkpt lat="46.5231" lon="12.11638">
    <name>TP2426</name>
  </trkpt>
  <trkpt lat="46.5231" lon="12.11641">
    <name>TP2427</name>
  </trkpt>
  <trkpt lat="46.52309" lon="12.11646">
    <name>TP2428</name>
  </trkpt>
  <trkpt lat="46.52308" lon="12.11648">
    <name>TP2429</name>
  </trkpt>
  <trkpt lat="46.52308" lon="12.1165">
    <name>TP2430</name>
  </trkpt>
  <trkpt lat="46.52306" lon="12.11652">
    <name>TP2431</name>
  </trkpt>
  <trkpt lat="46.52305" lon="12.11653">
    <name>TP2432</name>
  </trkpt>
  <trkpt lat="46.52304" lon="12.11654">
    <name>TP2433</name>
  </trkpt>
  <trkpt lat="46.52303" lon="12.11655">
    <name>TP2434</name>
  </trkpt>
  <trkpt lat="46.52302" lon="12.11656">
    <name>TP2435</name>
  </trkpt>
  <trkpt lat="46.523" lon="12.11656">
    <name>TP2436</name>
  </trkpt>
  <trkpt lat="46.52299" lon="12.11656">
    <name>TP2437</name>
  </trkpt>
  <trkpt lat="46.52298" lon="12.11656">
    <name>TP2438</name>
  </trkpt>
  <trkpt lat="46.52294" lon="12.11652">
    <name>TP2439</name>
  </trkpt>
  <trkpt lat="46.52284" lon="12.11643">
    <name>TP2440</name>
  </trkpt>
  <trkpt lat="46.52261" lon="12.11619">
    <name>TP2441</name>
  </trkpt>
  <trkpt lat="46.5226" lon="12.11619">
    <name>TP2442</name>
  </trkpt>
  <trkpt lat="46.5226" lon="12.11618">
    <name>TP2443</name>
  </trkpt>
  <trkpt lat="46.52245" lon="12.11605">
    <name>TP2444</name>
  </trkpt>
  <trkpt lat="46.52244" lon="12.11605">
    <name>TP2445</name>
  </trkpt>
  <trkpt lat="46.52242" lon="12.11603">
    <name>TP2446</name>
  </trkpt>
  <trkpt lat="46.5223" lon="12.11594">
    <name>TP2447</name>
  </trkpt>
  <trkpt lat="46.52212" lon="12.11581">
    <name>TP2448</name>
  </trkpt>
  <trkpt lat="46.52211" lon="12.1158">
    <name>TP2449</name>
  </trkpt>
  <trkpt lat="46.52197" lon="12.11569">
    <name>TP2450</name>
  </trkpt>
  <trkpt lat="46.52196" lon="12.11569">
    <name>TP2451</name>
  </trkpt>
  <trkpt lat="46.52191" lon="12.11565">
    <name>TP2452</name>
  </trkpt>
  <trkpt lat="46.52181" lon="12.11557">
    <name>TP2453</name>
  </trkpt>
  <trkpt lat="46.52181" lon="12.11556">
    <name>TP2454</name>
  </trkpt>
  <trkpt lat="46.52172" lon="12.11549">
    <name>TP2455</name>
  </trkpt>
  <trkpt lat="46.52167" lon="12.11541">
    <name>TP2456</name>
  </trkpt>
  <trkpt lat="46.52167" lon="12.1154">
    <name>TP2457</name>
  </trkpt>
  <trkpt lat="46.52166" lon="12.1154">
    <name>TP2458</name>
  </trkpt>
  <trkpt lat="46.52166" lon="12.11539">
    <name>TP2459</name>
  </trkpt>
  <trkpt lat="46.52157" lon="12.11523">
    <name>TP2460</name>
  </trkpt>
  <trkpt lat="46.52156" lon="12.1152">
    <name>TP2461</name>
  </trkpt>
  <trkpt lat="46.5215" lon="12.11498">
    <name>TP2462</name>
  </trkpt>
  <trkpt lat="46.52149" lon="12.11495">
    <name>TP2463</name>
  </trkpt>
  <trkpt lat="46.52149" lon="12.11493">
    <name>TP2464</name>
  </trkpt>
  <trkpt lat="46.52146" lon="12.11486">
    <name>TP2465</name>
  </trkpt>
  <trkpt lat="46.52143" lon="12.11479">
    <name>TP2466</name>
  </trkpt>
  <trkpt lat="46.52138" lon="12.11472">
    <name>TP2467</name>
  </trkpt>
  <trkpt lat="46.52131" lon="12.11466">
    <name>TP2468</name>
  </trkpt>
  <trkpt lat="46.52124" lon="12.11462">
    <name>TP2469</name>
  </trkpt>
  <trkpt lat="46.52117" lon="12.1146">
    <name>TP2470</name>
  </trkpt>
  <trkpt lat="46.52105" lon="12.11458">
    <name>TP2471</name>
  </trkpt>
  <trkpt lat="46.52099" lon="12.11456">
    <name>TP2472</name>
  </trkpt>
  <trkpt lat="46.52093" lon="12.11454">
    <name>TP2473</name>
  </trkpt>
  <trkpt lat="46.52089" lon="12.11451">
    <name>TP2474</name>
  </trkpt>
  <trkpt lat="46.52088" lon="12.11451">
    <name>TP2475</name>
  </trkpt>
  <trkpt lat="46.52087" lon="12.1145">
    <name>TP2476</name>
  </trkpt>
  <trkpt lat="46.5208" lon="12.11446">
    <name>TP2477</name>
  </trkpt>
  <trkpt lat="46.5207" lon="12.11438">
    <name>TP2478</name>
  </trkpt>
  <trkpt lat="46.52063" lon="12.11433">
    <name>TP2479</name>
  </trkpt>
  <trkpt lat="46.52057" lon="12.11429">
    <name>TP2480</name>
  </trkpt>
  <trkpt lat="46.52051" lon="12.11427">
    <name>TP2481</name>
  </trkpt>
  <trkpt lat="46.52049" lon="12.11427">
    <name>TP2482</name>
  </trkpt>
  <trkpt lat="46.52047" lon="12.11427">
    <name>TP2483</name>
  </trkpt>
  <trkpt lat="46.52046" lon="12.11428">
    <name>TP2484</name>
  </trkpt>
  <trkpt lat="46.52045" lon="12.11428">
    <name>TP2485</name>
  </trkpt>
  <trkpt lat="46.52044" lon="12.11429">
    <name>TP2486</name>
  </trkpt>
  <trkpt lat="46.52043" lon="12.11431">
    <name>TP2487</name>
  </trkpt>
  <trkpt lat="46.52043" lon="12.11432">
    <name>TP2488</name>
  </trkpt>
  <trkpt lat="46.52042" lon="12.11435">
    <name>TP2489</name>
  </trkpt>
  <trkpt lat="46.52041" lon="12.1144">
    <name>TP2490</name>
  </trkpt>
  <trkpt lat="46.52041" lon="12.11442">
    <name>TP2491</name>
  </trkpt>
  <trkpt lat="46.52041" lon="12.11443">
    <name>TP2492</name>
  </trkpt>
  <trkpt lat="46.52042" lon="12.11444">
    <name>TP2493</name>
  </trkpt>
  <trkpt lat="46.52043" lon="12.11447">
    <name>TP2494</name>
  </trkpt>
  <trkpt lat="46.52046" lon="12.11453">
    <name>TP2495</name>
  </trkpt>
  <trkpt lat="46.52049" lon="12.11457">
    <name>TP2496</name>
  </trkpt>
  <trkpt lat="46.5205" lon="12.11458">
    <name>TP2497</name>
  </trkpt>
  <trkpt lat="46.52066" lon="12.11465">
    <name>TP2498</name>
  </trkpt>
  <trkpt lat="46.52094" lon="12.11475">
    <name>TP2499</name>
  </trkpt>
  <trkpt lat="46.52107" lon="12.11481">
    <name>TP2500</name>
  </trkpt>
  <trkpt lat="46.52115" lon="12.11487">
    <name>TP2501</name>
  </trkpt>
  <trkpt lat="46.52116" lon="12.11488">
    <name>TP2502</name>
  </trkpt>
  <trkpt lat="46.52119" lon="12.11492">
    <name>TP2503</name>
  </trkpt>
  <trkpt lat="46.52122" lon="12.11498">
    <name>TP2504</name>
  </trkpt>
  <trkpt lat="46.52122" lon="12.11499">
    <name>TP2505</name>
  </trkpt>
  <trkpt lat="46.52123" lon="12.115">
    <name>TP2506</name>
  </trkpt>
  <trkpt lat="46.52125" lon="12.11507">
    <name>TP2507</name>
  </trkpt>
  <trkpt lat="46.52125" lon="12.11508">
    <name>TP2508</name>
  </trkpt>
  <trkpt lat="46.52126" lon="12.11519">
    <name>TP2509</name>
  </trkpt>
  <trkpt lat="46.52126" lon="12.11548">
    <name>TP2510</name>
  </trkpt>
  <trkpt lat="46.52126" lon="12.11564">
    <name>TP2511</name>
  </trkpt>
  <trkpt lat="46.52127" lon="12.1158">
    <name>TP2512</name>
  </trkpt>
  <trkpt lat="46.52133" lon="12.11612">
    <name>TP2513</name>
  </trkpt>
  <trkpt lat="46.52138" lon="12.11633">
    <name>TP2514</name>
  </trkpt>
  <trkpt lat="46.52141" lon="12.1165">
    <name>TP2515</name>
  </trkpt>
  <trkpt lat="46.52141" lon="12.11651">
    <name>TP2516</name>
  </trkpt>
  <trkpt lat="46.52143" lon="12.11661">
    <name>TP2517</name>
  </trkpt>
  <trkpt lat="46.52146" lon="12.11676">
    <name>TP2518</name>
  </trkpt>
  <trkpt lat="46.52147" lon="12.11686">
    <name>TP2519</name>
  </trkpt>
  <trkpt lat="46.5215" lon="12.11698">
    <name>TP2520</name>
  </trkpt>
  <trkpt lat="46.52156" lon="12.11726">
    <name>TP2521</name>
  </trkpt>
  <trkpt lat="46.5216" lon="12.11741">
    <name>TP2522</name>
  </trkpt>
  <trkpt lat="46.52172" lon="12.11768">
    <name>TP2523</name>
  </trkpt>
  <trkpt lat="46.52189" lon="12.11793">
    <name>TP2524</name>
  </trkpt>
  <trkpt lat="46.52204" lon="12.11816">
    <name>TP2525</name>
  </trkpt>
  <trkpt lat="46.52206" lon="12.11819">
    <name>TP2526</name>
  </trkpt>
  <trkpt lat="46.52213" lon="12.11826">
    <name>TP2527</name>
  </trkpt>
  <trkpt lat="46.52218" lon="12.11832">
    <name>TP2528</name>
  </trkpt>
  <trkpt lat="46.52219" lon="12.11833">
    <name>TP2529</name>
  </trkpt>
  <trkpt lat="46.52222" lon="12.11836">
    <name>TP2530</name>
  </trkpt>
  <trkpt lat="46.52225" lon="12.11844">
    <name>TP2531</name>
  </trkpt>
  <trkpt lat="46.52229" lon="12.11854">
    <name>TP2532</name>
  </trkpt>
  <trkpt lat="46.52231" lon="12.11864">
    <name>TP2533</name>
  </trkpt>
  <trkpt lat="46.52233" lon="12.11878">
    <name>TP2534</name>
  </trkpt>
  <trkpt lat="46.52235" lon="12.11902">
    <name>TP2535</name>
  </trkpt>
  <trkpt lat="46.52236" lon="12.11929">
    <name>TP2536</name>
  </trkpt>
  <trkpt lat="46.52237" lon="12.11947">
    <name>TP2537</name>
  </trkpt>
  <trkpt lat="46.52237" lon="12.11958">
    <name>TP2538</name>
  </trkpt>
  <trkpt lat="46.52237" lon="12.11962">
    <name>TP2539</name>
  </trkpt>
  <trkpt lat="46.52238" lon="12.11973">
    <name>TP2540</name>
  </trkpt>
  <trkpt lat="46.5224" lon="12.11983">
    <name>TP2541</name>
  </trkpt>
  <trkpt lat="46.5224" lon="12.11984">
    <name>TP2542</name>
  </trkpt>
  <trkpt lat="46.52242" lon="12.12002">
    <name>TP2543</name>
  </trkpt>
  <trkpt lat="46.52243" lon="12.12007">
    <name>TP2544</name>
  </trkpt>
  <trkpt lat="46.52244" lon="12.12009">
    <name>TP2545</name>
  </trkpt>
  <trkpt lat="46.52245" lon="12.12012">
    <name>TP2546</name>
  </trkpt>
  <trkpt lat="46.52248" lon="12.12016">
    <name>TP2547</name>
  </trkpt>
  <trkpt lat="46.5225" lon="12.12017">
    <name>TP2548</name>
  </trkpt>
  <trkpt lat="46.52252" lon="12.1202">
    <name>TP2549</name>
  </trkpt>
  <trkpt lat="46.52257" lon="12.12023">
    <name>TP2550</name>
  </trkpt>
  <trkpt lat="46.52276" lon="12.1203">
    <name>TP2551</name>
  </trkpt>
  <trkpt lat="46.52281" lon="12.12032">
    <name>TP2552</name>
  </trkpt>
  <trkpt lat="46.52294" lon="12.12035">
    <name>TP2553</name>
  </trkpt>
  <trkpt lat="46.52301" lon="12.12037">
    <name>TP2554</name>
  </trkpt>
  <trkpt lat="46.52311" lon="12.12038">
    <name>TP2555</name>
  </trkpt>
  <trkpt lat="46.52318" lon="12.12039">
    <name>TP2556</name>
  </trkpt>
  <trkpt lat="46.52324" lon="12.12039">
    <name>TP2557</name>
  </trkpt>
  <trkpt lat="46.52329" lon="12.12037">
    <name>TP2558</name>
  </trkpt>
  <trkpt lat="46.52332" lon="12.12036">
    <name>TP2559</name>
  </trkpt>
  <trkpt lat="46.52339" lon="12.12032">
    <name>TP2560</name>
  </trkpt>
  <trkpt lat="46.52343" lon="12.12029">
    <name>TP2561</name>
  </trkpt>
  <trkpt lat="46.52346" lon="12.12027">
    <name>TP2562</name>
  </trkpt>
  <trkpt lat="46.52355" lon="12.12021">
    <name>TP2563</name>
  </trkpt>
  <trkpt lat="46.52359" lon="12.12018">
    <name>TP2564</name>
  </trkpt>
  <trkpt lat="46.52362" lon="12.12016">
    <name>TP2565</name>
  </trkpt>
  <trkpt lat="46.52378" lon="12.12004">
    <name>TP2566</name>
  </trkpt>
  <trkpt lat="46.52386" lon="12.11998">
    <name>TP2567</name>
  </trkpt>
  <trkpt lat="46.52391" lon="12.11996">
    <name>TP2568</name>
  </trkpt>
  <trkpt lat="46.52395" lon="12.11994">
    <name>TP2569</name>
  </trkpt>
  <trkpt lat="46.52399" lon="12.11994">
    <name>TP2570</name>
  </trkpt>
  <trkpt lat="46.52403" lon="12.11993">
    <name>TP2571</name>
  </trkpt>
  <trkpt lat="46.52409" lon="12.11993">
    <name>TP2572</name>
  </trkpt>
  <trkpt lat="46.52413" lon="12.11993">
    <name>TP2573</name>
  </trkpt>
  <trkpt lat="46.5245" lon="12.11997">
    <name>TP2574</name>
  </trkpt>
  <trkpt lat="46.5252" lon="12.12009">
    <name>TP2575</name>
  </trkpt>
  <trkpt lat="46.52535" lon="12.12012">
    <name>TP2576</name>
  </trkpt>
  <trkpt lat="46.52538" lon="12.12013">
    <name>TP2577</name>
  </trkpt>
  <trkpt lat="46.52543" lon="12.12014">
    <name>TP2578</name>
  </trkpt>
  <trkpt lat="46.52548" lon="12.12015">
    <name>TP2579</name>
  </trkpt>
  <trkpt lat="46.52554" lon="12.12017">
    <name>TP2580</name>
  </trkpt>
  <trkpt lat="46.52559" lon="12.12019">
    <name>TP2581</name>
  </trkpt>
  <trkpt lat="46.52606" lon="12.12063">
    <name>TP2582</name>
  </trkpt>
  <trkpt lat="46.5261" lon="12.12065">
    <name>TP2583</name>
  </trkpt>
  <trkpt lat="46.52614" lon="12.12066">
    <name>TP2584</name>
  </trkpt>
  <trkpt lat="46.52618" lon="12.12066">
    <name>TP2585</name>
  </trkpt>
  <trkpt lat="46.52622" lon="12.12066">
    <name>TP2586</name>
  </trkpt>
  <trkpt lat="46.52627" lon="12.12066">
    <name>TP2587</name>
  </trkpt>
  <trkpt lat="46.52633" lon="12.12065">
    <name>TP2588</name>
  </trkpt>
  <trkpt lat="46.52646" lon="12.12063">
    <name>TP2589</name>
  </trkpt>
  <trkpt lat="46.52651" lon="12.12062">
    <name>TP2590</name>
  </trkpt>
  <trkpt lat="46.52654" lon="12.12061">
    <name>TP2591</name>
  </trkpt>
  <trkpt lat="46.5266" lon="12.1206">
    <name>TP2592</name>
  </trkpt>
  <trkpt lat="46.52664" lon="12.1206">
    <name>TP2593</name>
  </trkpt>
  <trkpt lat="46.52681" lon="12.12059">
    <name>TP2594</name>
  </trkpt>
  <trkpt lat="46.5269" lon="12.1206">
    <name>TP2595</name>
  </trkpt>
  <trkpt lat="46.52693" lon="12.1206">
    <name>TP2596</name>
  </trkpt>
  <trkpt lat="46.52697" lon="12.12061">
    <name>TP2597</name>
  </trkpt>
  <trkpt lat="46.527" lon="12.12062">
    <name>TP2598</name>
  </trkpt>
  <trkpt lat="46.52701" lon="12.12062">
    <name>TP2599</name>
  </trkpt>
  <trkpt lat="46.52704" lon="12.12063">
    <name>TP2600</name>
  </trkpt>
  <trkpt lat="46.52704" lon="12.12064">
    <name>TP2601</name>
  </trkpt>
  <trkpt lat="46.52708" lon="12.12065">
    <name>TP2602</name>
  </trkpt>
  <trkpt lat="46.52711" lon="12.12067">
    <name>TP2603</name>
  </trkpt>
  <trkpt lat="46.52745" lon="12.12096">
    <name>TP2604</name>
  </trkpt>
  <trkpt lat="46.52773" lon="12.12121">
    <name>TP2605</name>
  </trkpt>
  <trkpt lat="46.52783" lon="12.12128">
    <name>TP2606</name>
  </trkpt>
  <trkpt lat="46.52785" lon="12.1213">
    <name>TP2607</name>
  </trkpt>
  <trkpt lat="46.5279" lon="12.12133">
    <name>TP2608</name>
  </trkpt>
  <trkpt lat="46.52806" lon="12.12142">
    <name>TP2609</name>
  </trkpt>
  <trkpt lat="46.52815" lon="12.12145">
    <name>TP2610</name>
  </trkpt>
  <trkpt lat="46.52823" lon="12.12147">
    <name>TP2611</name>
  </trkpt>
  <trkpt lat="46.52829" lon="12.12147">
    <name>TP2612</name>
  </trkpt>
  <trkpt lat="46.52834" lon="12.12146">
    <name>TP2613</name>
  </trkpt>
  <trkpt lat="46.52836" lon="12.12146">
    <name>TP2614</name>
  </trkpt>
  <trkpt lat="46.52837" lon="12.12145">
    <name>TP2615</name>
  </trkpt>
  <trkpt lat="46.52849" lon="12.12142">
    <name>TP2616</name>
  </trkpt>
  <trkpt lat="46.52869" lon="12.12133">
    <name>TP2617</name>
  </trkpt>
  <trkpt lat="46.52871" lon="12.12132">
    <name>TP2618</name>
  </trkpt>
  <trkpt lat="46.52872" lon="12.12132">
    <name>TP2619</name>
  </trkpt>
  <trkpt lat="46.52887" lon="12.12126">
    <name>TP2620</name>
  </trkpt>
  <trkpt lat="46.529" lon="12.12122">
    <name>TP2621</name>
  </trkpt>
  <trkpt lat="46.52925" lon="12.12115">
    <name>TP2622</name>
  </trkpt>
  <trkpt lat="46.5293" lon="12.12114">
    <name>TP2623</name>
  </trkpt>
  <trkpt lat="46.52944" lon="12.12112">
    <name>TP2624</name>
  </trkpt>
  <trkpt lat="46.52956" lon="12.12111">
    <name>TP2625</name>
  </trkpt>
  <trkpt lat="46.52971" lon="12.12111">
    <name>TP2626</name>
  </trkpt>
  <trkpt lat="46.52989" lon="12.12113">
    <name>TP2627</name>
  </trkpt>
  <trkpt lat="46.53006" lon="12.12114">
    <name>TP2628</name>
  </trkpt>
  <trkpt lat="46.53032" lon="12.12116">
    <name>TP2629</name>
  </trkpt>
  <trkpt lat="46.53033" lon="12.12116">
    <name>TP2630</name>
  </trkpt>
  <trkpt lat="46.53086" lon="12.12119">
    <name>TP2631</name>
  </trkpt>
  <trkpt lat="46.53092" lon="12.12119">
    <name>TP2632</name>
  </trkpt>
  <trkpt lat="46.5314" lon="12.12125">
    <name>TP2633</name>
  </trkpt>
  <trkpt lat="46.53144" lon="12.12125">
    <name>TP2634</name>
  </trkpt>
  <trkpt lat="46.53157" lon="12.12126">
    <name>TP2635</name>
  </trkpt>
  <trkpt lat="46.53162" lon="12.12125">
    <name>TP2636</name>
  </trkpt>
  <trkpt lat="46.53166" lon="12.12125">
    <name>TP2637</name>
  </trkpt>
  <trkpt lat="46.53169" lon="12.12123">
    <name>TP2638</name>
  </trkpt>
  <trkpt lat="46.53177" lon="12.12121">
    <name>TP2639</name>
  </trkpt>
  <trkpt lat="46.5319" lon="12.12114">
    <name>TP2640</name>
  </trkpt>
  <trkpt lat="46.53199" lon="12.12108">
    <name>TP2641</name>
  </trkpt>
  <trkpt lat="46.53213" lon="12.12101">
    <name>TP2642</name>
  </trkpt>
  <trkpt lat="46.53219" lon="12.12099">
    <name>TP2643</name>
  </trkpt>
  <trkpt lat="46.53227" lon="12.12097">
    <name>TP2644</name>
  </trkpt>
  <trkpt lat="46.53232" lon="12.12097">
    <name>TP2645</name>
  </trkpt>
  <trkpt lat="46.53238" lon="12.12098">
    <name>TP2646</name>
  </trkpt>
  <trkpt lat="46.53246" lon="12.121">
    <name>TP2647</name>
  </trkpt>
  <trkpt lat="46.53251" lon="12.12102">
    <name>TP2648</name>
  </trkpt>
  <trkpt lat="46.53257" lon="12.12105">
    <name>TP2649</name>
  </trkpt>
  <trkpt lat="46.5326" lon="12.12107">
    <name>TP2650</name>
  </trkpt>
  <trkpt lat="46.53262" lon="12.1211">
    <name>TP2651</name>
  </trkpt>
  <trkpt lat="46.53265" lon="12.12113">
    <name>TP2652</name>
  </trkpt>
  <trkpt lat="46.53276" lon="12.12133">
    <name>TP2653</name>
  </trkpt>
  <trkpt lat="46.5328" lon="12.1214">
    <name>TP2654</name>
  </trkpt>
  <trkpt lat="46.53286" lon="12.1215">
    <name>TP2655</name>
  </trkpt>
  <trkpt lat="46.53291" lon="12.12158">
    <name>TP2656</name>
  </trkpt>
  <trkpt lat="46.53298" lon="12.12166">
    <name>TP2657</name>
  </trkpt>
  <trkpt lat="46.533" lon="12.12168">
    <name>TP2658</name>
  </trkpt>
  <trkpt lat="46.53302" lon="12.1217">
    <name>TP2659</name>
  </trkpt>
  <trkpt lat="46.53307" lon="12.12174">
    <name>TP2660</name>
  </trkpt>
  <trkpt lat="46.53327" lon="12.12188">
    <name>TP2661</name>
  </trkpt>
  <trkpt lat="46.53341" lon="12.12196">
    <name>TP2662</name>
  </trkpt>
  <trkpt lat="46.53349" lon="12.122">
    <name>TP2663</name>
  </trkpt>
  <trkpt lat="46.53351" lon="12.122">
    <name>TP2664</name>
  </trkpt>
  <trkpt lat="46.53355" lon="12.12205">
    <name>TP2665</name>
  </trkpt>
  <trkpt lat="46.53359" lon="12.1221">
    <name>TP2666</name>
  </trkpt>
  <trkpt lat="46.53365" lon="12.1223">
    <name>TP2667</name>
  </trkpt>
  <trkpt lat="46.5337" lon="12.12246">
    <name>TP2668</name>
  </trkpt>
  <trkpt lat="46.53375" lon="12.12258">
    <name>TP2669</name>
  </trkpt>
  <trkpt lat="46.53378" lon="12.12264">
    <name>TP2670</name>
  </trkpt>
  <trkpt lat="46.53379" lon="12.12266">
    <name>TP2671</name>
  </trkpt>
  <trkpt lat="46.53382" lon="12.1227">
    <name>TP2672</name>
  </trkpt>
  <trkpt lat="46.53391" lon="12.12281">
    <name>TP2673</name>
  </trkpt>
  <trkpt lat="46.53395" lon="12.12286">
    <name>TP2674</name>
  </trkpt>
  <trkpt lat="46.53398" lon="12.12288">
    <name>TP2675</name>
  </trkpt>
  <trkpt lat="46.53408" lon="12.12298">
    <name>TP2676</name>
  </trkpt>
  <trkpt lat="46.53412" lon="12.12303">
    <name>TP2677</name>
  </trkpt>
  <trkpt lat="46.53419" lon="12.1231">
    <name>TP2678</name>
  </trkpt>
  <trkpt lat="46.5343" lon="12.12317">
    <name>TP2679</name>
  </trkpt>
  <trkpt lat="46.53438" lon="12.12322">
    <name>TP2680</name>
  </trkpt>
  <trkpt lat="46.5344" lon="12.12323">
    <name>TP2681</name>
  </trkpt>
  <trkpt lat="46.53445" lon="12.12325">
    <name>TP2682</name>
  </trkpt>
  <trkpt lat="46.53461" lon="12.12333">
    <name>TP2683</name>
  </trkpt>
  <trkpt lat="46.53495" lon="12.12348">
    <name>TP2684</name>
  </trkpt>
  <trkpt lat="46.53497" lon="12.12349">
    <name>TP2685</name>
  </trkpt>
  <trkpt lat="46.53516" lon="12.12358">
    <name>TP2686</name>
  </trkpt>
  <trkpt lat="46.53529" lon="12.12371">
    <name>TP2687</name>
  </trkpt>
  <trkpt lat="46.53537" lon="12.12377">
    <name>TP2688</name>
  </trkpt>
  <trkpt lat="46.53541" lon="12.1238">
    <name>TP2689</name>
  </trkpt>
  <trkpt lat="46.53551" lon="12.12386">
    <name>TP2690</name>
  </trkpt>
  <trkpt lat="46.53563" lon="12.12393">
    <name>TP2691</name>
  </trkpt>
  <trkpt lat="46.53572" lon="12.12398">
    <name>TP2692</name>
  </trkpt>
  <trkpt lat="46.53606" lon="12.12416">
    <name>TP2693</name>
  </trkpt>
  <trkpt lat="46.53612" lon="12.1242">
    <name>TP2694</name>
  </trkpt>
  <trkpt lat="46.53617" lon="12.12421">
    <name>TP2695</name>
  </trkpt>
  <trkpt lat="46.53619" lon="12.12422">
    <name>TP2696</name>
  </trkpt>
  <trkpt lat="46.53623" lon="12.12422">
    <name>TP2697</name>
  </trkpt>
  <trkpt lat="46.53626" lon="12.12421">
    <name>TP2698</name>
  </trkpt>
  <trkpt lat="46.53641" lon="12.12414">
    <name>TP2699</name>
  </trkpt>
  <trkpt lat="46.53647" lon="12.1242">
    <name>TP2700</name>
  </trkpt>
  <trkpt lat="46.53651" lon="12.12423">
    <name>TP2701</name>
  </trkpt>
  <trkpt lat="46.53683" lon="12.12454">
    <name>TP2702</name>
  </trkpt>
  <trkpt lat="46.53686" lon="12.12458">
    <name>TP2703</name>
  </trkpt>
  <trkpt lat="46.53715" lon="12.12487">
    <name>TP2704</name>
  </trkpt>
  <trkpt lat="46.53721" lon="12.12493">
    <name>TP2705</name>
  </trkpt>
  <trkpt lat="46.53728" lon="12.12498">
    <name>TP2706</name>
  </trkpt>
  <trkpt lat="46.5373" lon="12.125">
    <name>TP2707</name>
  </trkpt>
  <trkpt lat="46.53736" lon="12.12503">
    <name>TP2708</name>
  </trkpt>
  <trkpt lat="46.53741" lon="12.12504">
    <name>TP2709</name>
  </trkpt>
  <trkpt lat="46.53745" lon="12.12504">
    <name>TP2710</name>
  </trkpt>
  <trkpt lat="46.5375" lon="12.12503">
    <name>TP2711</name>
  </trkpt>
  <trkpt lat="46.53756" lon="12.12501">
    <name>TP2712</name>
  </trkpt>
  <trkpt lat="46.53768" lon="12.12492">
    <name>TP2713</name>
  </trkpt>
  <trkpt lat="46.53809" lon="12.12452">
    <name>TP2714</name>
  </trkpt>
  <trkpt lat="46.53836" lon="12.12425">
    <name>TP2715</name>
  </trkpt>
  <trkpt lat="46.53856" lon="12.12406">
    <name>TP2716</name>
  </trkpt>
  <trkpt lat="46.53867" lon="12.12395">
    <name>TP2717</name>
  </trkpt>
  <trkpt lat="46.53874" lon="12.12391">
    <name>TP2718</name>
  </trkpt>
  <trkpt lat="46.53884" lon="12.12386">
    <name>TP2719</name>
  </trkpt>
  <trkpt lat="46.53891" lon="12.12384">
    <name>TP2720</name>
  </trkpt>
  <trkpt lat="46.53897" lon="12.12384">
    <name>TP2721</name>
  </trkpt>
  <trkpt lat="46.53905" lon="12.12385">
    <name>TP2722</name>
  </trkpt>
  <trkpt lat="46.53908" lon="12.12385">
    <name>TP2723</name>
  </trkpt>
  <trkpt lat="46.53911" lon="12.12386">
    <name>TP2724</name>
  </trkpt>
  <trkpt lat="46.53913" lon="12.12386">
    <name>TP2725</name>
  </trkpt>
  <trkpt lat="46.53922" lon="12.12391">
    <name>TP2726</name>
  </trkpt>
  <trkpt lat="46.53926" lon="12.12394">
    <name>TP2727</name>
  </trkpt>
  <trkpt lat="46.53943" lon="12.12404">
    <name>TP2728</name>
  </trkpt>
  <trkpt lat="46.53944" lon="12.12405">
    <name>TP2729</name>
  </trkpt>
  <trkpt lat="46.53996" lon="12.12439">
    <name>TP2730</name>
  </trkpt>
  <trkpt lat="46.54008" lon="12.12445">
    <name>TP2731</name>
  </trkpt>
  <trkpt lat="46.54009" lon="12.12446">
    <name>TP2732</name>
  </trkpt>
  <trkpt lat="46.54013" lon="12.12447">
    <name>TP2733</name>
  </trkpt>
  <trkpt lat="46.54029" lon="12.12452">
    <name>TP2734</name>
  </trkpt>
  <trkpt lat="46.54037" lon="12.12454">
    <name>TP2735</name>
  </trkpt>
  <trkpt lat="46.54098" lon="12.12468">
    <name>TP2736</name>
  </trkpt>
  <trkpt lat="46.54118" lon="12.12475">
    <name>TP2737</name>
  </trkpt>
  <trkpt lat="46.54151" lon="12.12485">
    <name>TP2738</name>
  </trkpt>
  <trkpt lat="46.54162" lon="12.12486">
    <name>TP2739</name>
  </trkpt>
  <trkpt lat="46.54169" lon="12.12485">
    <name>TP2740</name>
  </trkpt>
  <trkpt lat="46.54181" lon="12.12481">
    <name>TP2741</name>
  </trkpt>
  <trkpt lat="46.54196" lon="12.12475">
    <name>TP2742</name>
  </trkpt>
  <trkpt lat="46.54203" lon="12.12472">
    <name>TP2743</name>
  </trkpt>
  <trkpt lat="46.54218" lon="12.12465">
    <name>TP2744</name>
  </trkpt>
  <trkpt lat="46.54223" lon="12.12463">
    <name>TP2745</name>
  </trkpt>
  <trkpt lat="46.54228" lon="12.12462">
    <name>TP2746</name>
  </trkpt>
  <trkpt lat="46.5423" lon="12.12462">
    <name>TP2747</name>
  </trkpt>
  <trkpt lat="46.54232" lon="12.12462">
    <name>TP2748</name>
  </trkpt>
  <trkpt lat="46.54234" lon="12.12463">
    <name>TP2749</name>
  </trkpt>
  <trkpt lat="46.54235" lon="12.12463">
    <name>TP2750</name>
  </trkpt>
  <trkpt lat="46.54237" lon="12.12463">
    <name>TP2751</name>
  </trkpt>
  <trkpt lat="46.54238" lon="12.12464">
    <name>TP2752</name>
  </trkpt>
  <trkpt lat="46.54239" lon="12.12464">
    <name>TP2753</name>
  </trkpt>
  <trkpt lat="46.5424" lon="12.12465">
    <name>TP2754</name>
  </trkpt>
  <trkpt lat="46.54242" lon="12.12466">
    <name>TP2755</name>
  </trkpt>
  <trkpt lat="46.54243" lon="12.12468">
    <name>TP2756</name>
  </trkpt>
  <trkpt lat="46.54244" lon="12.12468">
    <name>TP2757</name>
  </trkpt>
  <trkpt lat="46.54249" lon="12.12476">
    <name>TP2758</name>
  </trkpt>
  <trkpt lat="46.54252" lon="12.12483">
    <name>TP2759</name>
  </trkpt>
  <trkpt lat="46.54253" lon="12.1249">
    <name>TP2760</name>
  </trkpt>
  <trkpt lat="46.54255" lon="12.12498">
    <name>TP2761</name>
  </trkpt>
  <trkpt lat="46.54258" lon="12.12513">
    <name>TP2762</name>
  </trkpt>
  <trkpt lat="46.54262" lon="12.12532">
    <name>TP2763</name>
  </trkpt>
  <trkpt lat="46.54265" lon="12.12548">
    <name>TP2764</name>
  </trkpt>
  <trkpt lat="46.54274" lon="12.12585">
    <name>TP2765</name>
  </trkpt>
  <trkpt lat="46.54283" lon="12.12603">
    <name>TP2766</name>
  </trkpt>
  <trkpt lat="46.54287" lon="12.1261">
    <name>TP2767</name>
  </trkpt>
  <trkpt lat="46.54289" lon="12.12613">
    <name>TP2768</name>
  </trkpt>
  <trkpt lat="46.54291" lon="12.12616">
    <name>TP2769</name>
  </trkpt>
  <trkpt lat="46.54306" lon="12.12635">
    <name>TP2770</name>
  </trkpt>
  <trkpt lat="46.54309" lon="12.1264">
    <name>TP2771</name>
  </trkpt>
  <trkpt lat="46.54309" lon="12.12641">
    <name>TP2772</name>
  </trkpt>
  <trkpt lat="46.54329" lon="12.12668">
    <name>TP2773</name>
  </trkpt>
  <trkpt lat="46.54335" lon="12.12679">
    <name>TP2774</name>
  </trkpt>
  <trkpt lat="46.54339" lon="12.1269">
    <name>TP2775</name>
  </trkpt>
  <trkpt lat="46.54342" lon="12.12699">
    <name>TP2776</name>
  </trkpt>
  <trkpt lat="46.54344" lon="12.12711">
    <name>TP2777</name>
  </trkpt>
  <trkpt lat="46.54347" lon="12.12729">
    <name>TP2778</name>
  </trkpt>
  <trkpt lat="46.54348" lon="12.12731">
    <name>TP2779</name>
  </trkpt>
  <trkpt lat="46.54351" lon="12.12745">
    <name>TP2780</name>
  </trkpt>
  <trkpt lat="46.54354" lon="12.12756">
    <name>TP2781</name>
  </trkpt>
  <trkpt lat="46.54356" lon="12.12761">
    <name>TP2782</name>
  </trkpt>
  <trkpt lat="46.54357" lon="12.12764">
    <name>TP2783</name>
  </trkpt>
  <trkpt lat="46.54358" lon="12.12767">
    <name>TP2784</name>
  </trkpt>
  <trkpt lat="46.5436" lon="12.12769">
    <name>TP2785</name>
  </trkpt>
  <trkpt lat="46.54362" lon="12.12771">
    <name>TP2786</name>
  </trkpt>
  <trkpt lat="46.54371" lon="12.12776">
    <name>TP2787</name>
  </trkpt>
  <trkpt lat="46.54373" lon="12.12776">
    <name>TP2788</name>
  </trkpt>
  <trkpt lat="46.54374" lon="12.12777">
    <name>TP2789</name>
  </trkpt>
  <trkpt lat="46.54378" lon="12.12777">
    <name>TP2790</name>
  </trkpt>
  <trkpt lat="46.5438" lon="12.12778">
    <name>TP2791</name>
  </trkpt>
  <trkpt lat="46.54383" lon="12.12777">
    <name>TP2792</name>
  </trkpt>
  <trkpt lat="46.54385" lon="12.12777">
    <name>TP2793</name>
  </trkpt>
  <trkpt lat="46.54386" lon="12.12776">
    <name>TP2794</name>
  </trkpt>
  <trkpt lat="46.5439" lon="12.12774">
    <name>TP2795</name>
  </trkpt>
  <trkpt lat="46.5442" lon="12.12756">
    <name>TP2796</name>
  </trkpt>
  <trkpt lat="46.54422" lon="12.12755">
    <name>TP2797</name>
  </trkpt>
  <trkpt lat="46.54432" lon="12.12749">
    <name>TP2798</name>
  </trkpt>
  <trkpt lat="46.54435" lon="12.12748">
    <name>TP2799</name>
  </trkpt>
  <trkpt lat="46.54437" lon="12.12748">
    <name>TP2800</name>
  </trkpt>
  <trkpt lat="46.54439" lon="12.12748">
    <name>TP2801</name>
  </trkpt>
  <trkpt lat="46.5444" lon="12.12748">
    <name>TP2802</name>
  </trkpt>
  <trkpt lat="46.54441" lon="12.12749">
    <name>TP2803</name>
  </trkpt>
  <trkpt lat="46.54442" lon="12.1275">
    <name>TP2804</name>
  </trkpt>
  <trkpt lat="46.54444" lon="12.1275">
    <name>TP2805</name>
  </trkpt>
  <trkpt lat="46.54445" lon="12.12752">
    <name>TP2806</name>
  </trkpt>
  <trkpt lat="46.54447" lon="12.12754">
    <name>TP2807</name>
  </trkpt>
  <trkpt lat="46.54448" lon="12.12757">
    <name>TP2808</name>
  </trkpt>
  <trkpt lat="46.54448" lon="12.1276">
    <name>TP2809</name>
  </trkpt>
  <trkpt lat="46.54449" lon="12.12763">
    <name>TP2810</name>
  </trkpt>
  <trkpt lat="46.54449" lon="12.12766">
    <name>TP2811</name>
  </trkpt>
  <trkpt lat="46.54448" lon="12.12768">
    <name>TP2812</name>
  </trkpt>
  <trkpt lat="46.54448" lon="12.1277">
    <name>TP2813</name>
  </trkpt>
  <trkpt lat="46.54447" lon="12.12772">
    <name>TP2814</name>
  </trkpt>
  <trkpt lat="46.54447" lon="12.12774">
    <name>TP2815</name>
  </trkpt>
  <trkpt lat="46.54446" lon="12.12775">
    <name>TP2816</name>
  </trkpt>
  <trkpt lat="46.54445" lon="12.12776">
    <name>TP2817</name>
  </trkpt>
  <trkpt lat="46.54443" lon="12.12777">
    <name>TP2818</name>
  </trkpt>
  <trkpt lat="46.54434" lon="12.1278">
    <name>TP2819</name>
  </trkpt>
  <trkpt lat="46.54427" lon="12.1278">
    <name>TP2820</name>
  </trkpt>
  <trkpt lat="46.54416" lon="12.12782">
    <name>TP2821</name>
  </trkpt>
  <trkpt lat="46.54414" lon="12.12783">
    <name>TP2822</name>
  </trkpt>
  <trkpt lat="46.5441" lon="12.12785">
    <name>TP2823</name>
  </trkpt>
  <trkpt lat="46.54404" lon="12.12788">
    <name>TP2824</name>
  </trkpt>
  <trkpt lat="46.54396" lon="12.12797">
    <name>TP2825</name>
  </trkpt>
  <trkpt lat="46.54387" lon="12.12808">
    <name>TP2826</name>
  </trkpt>
  <trkpt lat="46.54386" lon="12.1281">
    <name>TP2827</name>
  </trkpt>
  <trkpt lat="46.54379" lon="12.1282">
    <name>TP2828</name>
  </trkpt>
  <trkpt lat="46.54377" lon="12.12824">
    <name>TP2829</name>
  </trkpt>
  <trkpt lat="46.54373" lon="12.1283">
    <name>TP2830</name>
  </trkpt>
  <trkpt lat="46.54369" lon="12.12833">
    <name>TP2831</name>
  </trkpt>
  <trkpt lat="46.54365" lon="12.12837">
    <name>TP2832</name>
  </trkpt>
  <trkpt lat="46.54361" lon="12.1284">
    <name>TP2833</name>
  </trkpt>
  <trkpt lat="46.54356" lon="12.12842">
    <name>TP2834</name>
  </trkpt>
  <trkpt lat="46.5435" lon="12.12844">
    <name>TP2835</name>
  </trkpt>
  <trkpt lat="46.54343" lon="12.12845">
    <name>TP2836</name>
  </trkpt>
  <trkpt lat="46.54331" lon="12.12845">
    <name>TP2837</name>
  </trkpt>
  <trkpt lat="46.54317" lon="12.12847">
    <name>TP2838</name>
  </trkpt>
  <trkpt lat="46.54311" lon="12.12849">
    <name>TP2839</name>
  </trkpt>
  <trkpt lat="46.54287" lon="12.12865">
    <name>TP2840</name>
  </trkpt>
  <trkpt lat="46.54251" lon="12.1289">
    <name>TP2841</name>
  </trkpt>
  <trkpt lat="46.54243" lon="12.12895">
    <name>TP2842</name>
  </trkpt>
  <trkpt lat="46.54236" lon="12.12898">
    <name>TP2843</name>
  </trkpt>
  <trkpt lat="46.54229" lon="12.12901">
    <name>TP2844</name>
  </trkpt>
  <trkpt lat="46.54226" lon="12.12901">
    <name>TP2845</name>
  </trkpt>
  <trkpt lat="46.54224" lon="12.12902">
    <name>TP2846</name>
  </trkpt>
  <trkpt lat="46.54218" lon="12.12904">
    <name>TP2847</name>
  </trkpt>
  <trkpt lat="46.54208" lon="12.12906">
    <name>TP2848</name>
  </trkpt>
  <trkpt lat="46.54191" lon="12.1291">
    <name>TP2849</name>
  </trkpt>
  <trkpt lat="46.54133" lon="12.12921">
    <name>TP2850</name>
  </trkpt>
  <trkpt lat="46.54122" lon="12.12924">
    <name>TP2851</name>
  </trkpt>
  <trkpt lat="46.54116" lon="12.12926">
    <name>TP2852</name>
  </trkpt>
  <trkpt lat="46.54111" lon="12.12929">
    <name>TP2853</name>
  </trkpt>
  <trkpt lat="46.54092" lon="12.12939">
    <name>TP2854</name>
  </trkpt>
  <trkpt lat="46.54059" lon="12.12956">
    <name>TP2855</name>
  </trkpt>
  <trkpt lat="46.54048" lon="12.12961">
    <name>TP2856</name>
  </trkpt>
  <trkpt lat="46.54033" lon="12.1297">
    <name>TP2857</name>
  </trkpt>
  <trkpt lat="46.54025" lon="12.12977">
    <name>TP2858</name>
  </trkpt>
  <trkpt lat="46.54002" lon="12.13004">
    <name>TP2859</name>
  </trkpt>
  <trkpt lat="46.53988" lon="12.13021">
    <name>TP2860</name>
  </trkpt>
  <trkpt lat="46.53974" lon="12.13037">
    <name>TP2861</name>
  </trkpt>
  <trkpt lat="46.53956" lon="12.13057">
    <name>TP2862</name>
  </trkpt>
  <trkpt lat="46.53947" lon="12.13069">
    <name>TP2863</name>
  </trkpt>
  <trkpt lat="46.53939" lon="12.13083">
    <name>TP2864</name>
  </trkpt>
  <trkpt lat="46.53939" lon="12.13084">
    <name>TP2865</name>
  </trkpt>
  <trkpt lat="46.53934" lon="12.13095">
    <name>TP2866</name>
  </trkpt>
  <trkpt lat="46.53932" lon="12.13102">
    <name>TP2867</name>
  </trkpt>
  <trkpt lat="46.53931" lon="12.13109">
    <name>TP2868</name>
  </trkpt>
  <trkpt lat="46.53932" lon="12.13115">
    <name>TP2869</name>
  </trkpt>
  <trkpt lat="46.53934" lon="12.13124">
    <name>TP2870</name>
  </trkpt>
  <trkpt lat="46.53985" lon="12.13178">
    <name>TP2871</name>
  </trkpt>
  <trkpt lat="46.5398502" lon="12.1317826">
    <name>TP2872</name>
  </trkpt>
  <trkpt lat="46.53985" lon="12.13179">
    <name>TP2873</name>
  </trkpt>
  <trkpt lat="46.53985" lon="12.1318">
    <name>TP2874</name>
  </trkpt>
  <trkpt lat="46.53984" lon="12.1318">
    <name>TP2875</name>
  </trkpt>
  <trkpt lat="46.53984" lon="12.13181">
    <name>TP2876</name>
  </trkpt>
  <trkpt lat="46.53984" lon="12.13182">
    <name>TP2877</name>
  </trkpt>
  <trkpt lat="46.53984" lon="12.13183">
    <name>TP2878</name>
  </trkpt>
  <trkpt lat="46.53984" lon="12.13184">
    <name>TP2879</name>
  </trkpt>
  <trkpt lat="46.53984" lon="12.13185">
    <name>TP2880</name>
  </trkpt>
  <trkpt lat="46.53985" lon="12.13185">
    <name>TP2881</name>
  </trkpt>
  <trkpt lat="46.53985" lon="12.13186">
    <name>TP2882</name>
  </trkpt>
  <trkpt lat="46.53985" lon="12.13187">
    <name>TP2883</name>
  </trkpt>
  <trkpt lat="46.53985" lon="12.13188">
    <name>TP2884</name>
  </trkpt>
  <trkpt lat="46.53986" lon="12.13188">
    <name>TP2885</name>
  </trkpt>
  <trkpt lat="46.53986" lon="12.13189">
    <name>TP2886</name>
  </trkpt>
  <trkpt lat="46.53987" lon="12.13189">
    <name>TP2887</name>
  </trkpt>
  <trkpt lat="46.53981" lon="12.1321">
    <name>TP2888</name>
  </trkpt>
  <trkpt lat="46.53975" lon="12.1323">
    <name>TP2889</name>
  </trkpt>
  <trkpt lat="46.53972" lon="12.13242">
    <name>TP2890</name>
  </trkpt>
  <trkpt lat="46.53968" lon="12.13255">
    <name>TP2891</name>
  </trkpt>
  <trkpt lat="46.53961" lon="12.13279">
    <name>TP2892</name>
  </trkpt>
  <trkpt lat="46.5396" lon="12.13283">
    <name>TP2893</name>
  </trkpt>
  <trkpt lat="46.53957" lon="12.1329">
    <name>TP2894</name>
  </trkpt>
  <trkpt lat="46.53951" lon="12.13304">
    <name>TP2895</name>
  </trkpt>
  <trkpt lat="46.53942" lon="12.13322">
    <name>TP2896</name>
  </trkpt>
  <trkpt lat="46.53941" lon="12.13322">
    <name>TP2897</name>
  </trkpt>
  <trkpt lat="46.53929" lon="12.13343">
    <name>TP2898</name>
  </trkpt>
  <trkpt lat="46.53904" lon="12.13379">
    <name>TP2899</name>
  </trkpt>
  <trkpt lat="46.53852" lon="12.13447">
    <name>TP2900</name>
  </trkpt>
  <trkpt lat="46.53845" lon="12.13463">
    <name>TP2901</name>
  </trkpt>
  <trkpt lat="46.53839" lon="12.13475">
    <name>TP2902</name>
  </trkpt>
  <trkpt lat="46.53833" lon="12.13485">
    <name>TP2903</name>
  </trkpt>
  <trkpt lat="46.53828" lon="12.13497">
    <name>TP2904</name>
  </trkpt>
  <trkpt lat="46.53818" lon="12.13516">
    <name>TP2905</name>
  </trkpt>
  <trkpt lat="46.53788" lon="12.13563">
    <name>TP2906</name>
  </trkpt>
  <trkpt lat="46.53771" lon="12.13589">
    <name>TP2907</name>
  </trkpt>
  <trkpt lat="46.53768" lon="12.13593">
    <name>TP2908</name>
  </trkpt>
  <trkpt lat="46.53764" lon="12.13597">
    <name>TP2909</name>
  </trkpt>
  <trkpt lat="46.53762" lon="12.13599">
    <name>TP2910</name>
  </trkpt>
  <trkpt lat="46.53756" lon="12.13603">
    <name>TP2911</name>
  </trkpt>
  <trkpt lat="46.53748" lon="12.13607">
    <name>TP2912</name>
  </trkpt>
  <trkpt lat="46.53741" lon="12.1361">
    <name>TP2913</name>
  </trkpt>
  <trkpt lat="46.53729" lon="12.1362">
    <name>TP2914</name>
  </trkpt>
  <trkpt lat="46.53716" lon="12.13641">
    <name>TP2915</name>
  </trkpt>
  <trkpt lat="46.53711" lon="12.1365">
    <name>TP2916</name>
  </trkpt>
  <trkpt lat="46.5369" lon="12.13692">
    <name>TP2917</name>
  </trkpt>
  <trkpt lat="46.5367" lon="12.13728">
    <name>TP2918</name>
  </trkpt>
  <trkpt lat="46.53657" lon="12.13756">
    <name>TP2919</name>
  </trkpt>
  <trkpt lat="46.53647" lon="12.13776">
    <name>TP2920</name>
  </trkpt>
  <trkpt lat="46.53637" lon="12.13822">
    <name>TP2921</name>
  </trkpt>
  <trkpt lat="46.53628" lon="12.13848">
    <name>TP2922</name>
  </trkpt>
  <trkpt lat="46.53628" lon="12.13849">
    <name>TP2923</name>
  </trkpt>
  <trkpt lat="46.5362" lon="12.13867">
    <name>TP2924</name>
  </trkpt>
  <trkpt lat="46.53615" lon="12.13876">
    <name>TP2925</name>
  </trkpt>
  <trkpt lat="46.53612" lon="12.1388">
    <name>TP2926</name>
  </trkpt>
  <trkpt lat="46.5361" lon="12.13882">
    <name>TP2927</name>
  </trkpt>
  <trkpt lat="46.53601" lon="12.13892">
    <name>TP2928</name>
  </trkpt>
  <trkpt lat="46.53594" lon="12.13897">
    <name>TP2929</name>
  </trkpt>
  <trkpt lat="46.53589" lon="12.13901">
    <name>TP2930</name>
  </trkpt>
  <trkpt lat="46.53586" lon="12.13903">
    <name>TP2931</name>
  </trkpt>
  <trkpt lat="46.53581" lon="12.13906">
    <name>TP2932</name>
  </trkpt>
  <trkpt lat="46.535813" lon="12.1390604">
    <name>TP2933</name>
  </trkpt>
  <trkpt lat="46.53585" lon="12.13919">
    <name>TP2934</name>
  </trkpt>
  <trkpt lat="46.53586" lon="12.13933">
    <name>TP2935</name>
  </trkpt>
  <trkpt lat="46.53587" lon="12.13958">
    <name>TP2936</name>
  </trkpt>
  <trkpt lat="46.53587" lon="12.13966">
    <name>TP2937</name>
  </trkpt>
  <trkpt lat="46.53588" lon="12.13971">
    <name>TP2938</name>
  </trkpt>
  <trkpt lat="46.53588" lon="12.13973">
    <name>TP2939</name>
  </trkpt>
  <trkpt lat="46.53589" lon="12.13975">
    <name>TP2940</name>
  </trkpt>
  <trkpt lat="46.5359" lon="12.13977">
    <name>TP2941</name>
  </trkpt>
  <trkpt lat="46.53591" lon="12.13979">
    <name>TP2942</name>
  </trkpt>
  <trkpt lat="46.53592" lon="12.1398">
    <name>TP2943</name>
  </trkpt>
  <trkpt lat="46.53594" lon="12.13982">
    <name>TP2944</name>
  </trkpt>
  <trkpt lat="46.53597" lon="12.13984">
    <name>TP2945</name>
  </trkpt>
  <trkpt lat="46.536" lon="12.13986">
    <name>TP2946</name>
  </trkpt>
  <trkpt lat="46.5362" lon="12.13993">
    <name>TP2947</name>
  </trkpt>
  <trkpt lat="46.53628" lon="12.13998">
    <name>TP2948</name>
  </trkpt>
  <trkpt lat="46.53633" lon="12.14003">
    <name>TP2949</name>
  </trkpt>
  <trkpt lat="46.53636" lon="12.14007">
    <name>TP2950</name>
  </trkpt>
  <trkpt lat="46.53637" lon="12.14008">
    <name>TP2951</name>
  </trkpt>
  <trkpt lat="46.5364" lon="12.14013">
    <name>TP2952</name>
  </trkpt>
  <trkpt lat="46.53642" lon="12.14016">
    <name>TP2953</name>
  </trkpt>
  <trkpt lat="46.53643" lon="12.14021">
    <name>TP2954</name>
  </trkpt>
  <trkpt lat="46.53644" lon="12.14028">
    <name>TP2955</name>
  </trkpt>
  <trkpt lat="46.53644" lon="12.14029">
    <name>TP2956</name>
  </trkpt>
  <trkpt lat="46.53645" lon="12.14031">
    <name>TP2957</name>
  </trkpt>
  <trkpt lat="46.53646" lon="12.14039">
    <name>TP2958</name>
  </trkpt>
  <trkpt lat="46.5365" lon="12.14046">
    <name>TP2959</name>
  </trkpt>
  <trkpt lat="46.53658" lon="12.14054">
    <name>TP2960</name>
  </trkpt>
  <trkpt lat="46.53659" lon="12.14055">
    <name>TP2961</name>
  </trkpt>
  <trkpt lat="46.53682" lon="12.14075">
    <name>TP2962</name>
  </trkpt>
  <trkpt lat="46.53705" lon="12.14091">
    <name>TP2963</name>
  </trkpt>
  <trkpt lat="46.53718" lon="12.141">
    <name>TP2964</name>
  </trkpt>
  <trkpt lat="46.53723" lon="12.14104">
    <name>TP2965</name>
  </trkpt>
  <trkpt lat="46.53727" lon="12.14108">
    <name>TP2966</name>
  </trkpt>
  <trkpt lat="46.5373" lon="12.1411">
    <name>TP2967</name>
  </trkpt>
  <trkpt lat="46.5373" lon="12.14111">
    <name>TP2968</name>
  </trkpt>
  <trkpt lat="46.53734" lon="12.14114">
    <name>TP2969</name>
  </trkpt>
  <trkpt lat="46.53737" lon="12.14118">
    <name>TP2970</name>
  </trkpt>
  <trkpt lat="46.53742" lon="12.14123">
    <name>TP2971</name>
  </trkpt>
  <trkpt lat="46.53746" lon="12.14128">
    <name>TP2972</name>
  </trkpt>
  <trkpt lat="46.53748" lon="12.14131">
    <name>TP2973</name>
  </trkpt>
  <trkpt lat="46.53752" lon="12.14135">
    <name>TP2974</name>
  </trkpt>
  <trkpt lat="46.53757" lon="12.1414">
    <name>TP2975</name>
  </trkpt>
  <trkpt lat="46.53759" lon="12.14141">
    <name>TP2976</name>
  </trkpt>
  <trkpt lat="46.53761" lon="12.14144">
    <name>TP2977</name>
  </trkpt>
  <trkpt lat="46.53766" lon="12.14147">
    <name>TP2978</name>
  </trkpt>
  <trkpt lat="46.5377" lon="12.14149">
    <name>TP2979</name>
  </trkpt>
  <trkpt lat="46.53775" lon="12.14151">
    <name>TP2980</name>
  </trkpt>
  <trkpt lat="46.5378" lon="12.14152">
    <name>TP2981</name>
  </trkpt>
  <trkpt lat="46.53794" lon="12.14155">
    <name>TP2982</name>
  </trkpt>
  <trkpt lat="46.53803" lon="12.14155">
    <name>TP2983</name>
  </trkpt>
  <trkpt lat="46.53817" lon="12.14155">
    <name>TP2984</name>
  </trkpt>
  <trkpt lat="46.53825" lon="12.14155">
    <name>TP2985</name>
  </trkpt>
  <trkpt lat="46.53829" lon="12.14154">
    <name>TP2986</name>
  </trkpt>
  <trkpt lat="46.53833" lon="12.14153">
    <name>TP2987</name>
  </trkpt>
  <trkpt lat="46.53837" lon="12.1415">
    <name>TP2988</name>
  </trkpt>
  <trkpt lat="46.53839" lon="12.14148">
    <name>TP2989</name>
  </trkpt>
  <trkpt lat="46.5384" lon="12.14147">
    <name>TP2990</name>
  </trkpt>
  <trkpt lat="46.53841" lon="12.14144">
    <name>TP2991</name>
  </trkpt>
  <trkpt lat="46.53842" lon="12.1414">
    <name>TP2992</name>
  </trkpt>
  <trkpt lat="46.53843" lon="12.14137">
    <name>TP2993</name>
  </trkpt>
  <trkpt lat="46.53843" lon="12.14133">
    <name>TP2994</name>
  </trkpt>
  <trkpt lat="46.53842" lon="12.14128">
    <name>TP2995</name>
  </trkpt>
  <trkpt lat="46.53842" lon="12.14124">
    <name>TP2996</name>
  </trkpt>
  <trkpt lat="46.53841" lon="12.14121">
    <name>TP2997</name>
  </trkpt>
  <trkpt lat="46.5384" lon="12.14119">
    <name>TP2998</name>
  </trkpt>
  <trkpt lat="46.53838" lon="12.14116">
    <name>TP2999</name>
  </trkpt>
  <trkpt lat="46.53838" lon="12.14115">
    <name>TP3000</name>
  </trkpt>
  <trkpt lat="46.53836" lon="12.14114">
    <name>TP3001</name>
  </trkpt>
  <trkpt lat="46.53833" lon="12.14112">
    <name>TP3002</name>
  </trkpt>
  <trkpt lat="46.53832" lon="12.14111">
    <name>TP3003</name>
  </trkpt>
  <trkpt lat="46.5383" lon="12.14111">
    <name>TP3004</name>
  </trkpt>
  <trkpt lat="46.53822" lon="12.1411">
    <name>TP3005</name>
  </trkpt>
  <trkpt lat="46.5382" lon="12.1411">
    <name>TP3006</name>
  </trkpt>
  <trkpt lat="46.53804" lon="12.14111">
    <name>TP3007</name>
  </trkpt>
  <trkpt lat="46.53802" lon="12.14111">
    <name>TP3008</name>
  </trkpt>
  <trkpt lat="46.53797" lon="12.14111">
    <name>TP3009</name>
  </trkpt>
  <trkpt lat="46.53796" lon="12.14111">
    <name>TP3010</name>
  </trkpt>
  <trkpt lat="46.53795" lon="12.14111">
    <name>TP3011</name>
  </trkpt>
  <trkpt lat="46.53793" lon="12.14109">
    <name>TP3012</name>
  </trkpt>
  <trkpt lat="46.5379" lon="12.14108">
    <name>TP3013</name>
  </trkpt>
  <trkpt lat="46.53787" lon="12.14106">
    <name>TP3014</name>
  </trkpt>
  <trkpt lat="46.53785" lon="12.14105">
    <name>TP3015</name>
  </trkpt>
  <trkpt lat="46.53785" lon="12.14104">
    <name>TP3016</name>
  </trkpt>
  <trkpt lat="46.53777" lon="12.14092">
    <name>TP3017</name>
  </trkpt>
  <trkpt lat="46.53769" lon="12.14079">
    <name>TP3018</name>
  </trkpt>
  <trkpt lat="46.53768" lon="12.14077">
    <name>TP3019</name>
  </trkpt>
  <trkpt lat="46.53766" lon="12.14074">
    <name>TP3020</name>
  </trkpt>
  <trkpt lat="46.53765" lon="12.14071">
    <name>TP3021</name>
  </trkpt>
  <trkpt lat="46.53764" lon="12.14067">
    <name>TP3022</name>
  </trkpt>
  <trkpt lat="46.53764" lon="12.14064">
    <name>TP3023</name>
  </trkpt>
  <trkpt lat="46.53764" lon="12.14062">
    <name>TP3024</name>
  </trkpt>
  <trkpt lat="46.53764" lon="12.14058">
    <name>TP3025</name>
  </trkpt>
  <trkpt lat="46.53764" lon="12.14056">
    <name>TP3026</name>
  </trkpt>
  <trkpt lat="46.53764" lon="12.14054">
    <name>TP3027</name>
  </trkpt>
  <trkpt lat="46.53765" lon="12.1405">
    <name>TP3028</name>
  </trkpt>
  <trkpt lat="46.53767" lon="12.14048">
    <name>TP3029</name>
  </trkpt>
  <trkpt lat="46.53768" lon="12.14045">
    <name>TP3030</name>
  </trkpt>
  <trkpt lat="46.5377" lon="12.14041">
    <name>TP3031</name>
  </trkpt>
  <trkpt lat="46.53774" lon="12.14037">
    <name>TP3032</name>
  </trkpt>
  <trkpt lat="46.5379" lon="12.14021">
    <name>TP3033</name>
  </trkpt>
  <trkpt lat="46.53792" lon="12.14019">
    <name>TP3034</name>
  </trkpt>
  <trkpt lat="46.53801" lon="12.14008">
    <name>TP3035</name>
  </trkpt>
  <trkpt lat="46.53803" lon="12.14004">
    <name>TP3036</name>
  </trkpt>
  <trkpt lat="46.53803" lon="12.14003">
    <name>TP3037</name>
  </trkpt>
  <trkpt lat="46.53806" lon="12.14">
    <name>TP3038</name>
  </trkpt>
  <trkpt lat="46.5381" lon="12.1399">
    <name>TP3039</name>
  </trkpt>
  <trkpt lat="46.53821" lon="12.13968">
    <name>TP3040</name>
  </trkpt>
  <trkpt lat="46.53826" lon="12.13954">
    <name>TP3041</name>
  </trkpt>
  <trkpt lat="46.5384" lon="12.13922">
    <name>TP3042</name>
  </trkpt>
  <trkpt lat="46.53842" lon="12.13917">
    <name>TP3043</name>
  </trkpt>
  <trkpt lat="46.53847" lon="12.13906">
    <name>TP3044</name>
  </trkpt>
  <trkpt lat="46.53866" lon="12.13861">
    <name>TP3045</name>
  </trkpt>
  <trkpt lat="46.53871" lon="12.1385">
    <name>TP3046</name>
  </trkpt>
  <trkpt lat="46.53901" lon="12.13784">
    <name>TP3047</name>
  </trkpt>
  <trkpt lat="46.53904" lon="12.13778">
    <name>TP3048</name>
  </trkpt>
  <trkpt lat="46.53909" lon="12.13769">
    <name>TP3049</name>
  </trkpt>
  <trkpt lat="46.53928" lon="12.13741">
    <name>TP3050</name>
  </trkpt>
  <trkpt lat="46.53947" lon="12.13715">
    <name>TP3051</name>
  </trkpt>
  <trkpt lat="46.53965" lon="12.13691">
    <name>TP3052</name>
  </trkpt>
  <trkpt lat="46.53983" lon="12.13665">
    <name>TP3053</name>
  </trkpt>
  <trkpt lat="46.54006" lon="12.13634">
    <name>TP3054</name>
  </trkpt>
  <trkpt lat="46.5400572" lon="12.1363415">
    <name>TP3055</name>
  </trkpt>
  <trkpt lat="46.54013" lon="12.13643">
    <name>TP3056</name>
  </trkpt>
  <trkpt lat="46.54016" lon="12.13649">
    <name>TP3057</name>
  </trkpt>
  <trkpt lat="46.54017" lon="12.1365">
    <name>TP3058</name>
  </trkpt>
  <trkpt lat="46.54018" lon="12.13651">
    <name>TP3059</name>
  </trkpt>
  <trkpt lat="46.54019" lon="12.13655">
    <name>TP3060</name>
  </trkpt>
  <trkpt lat="46.54019" lon="12.1366">
    <name>TP3061</name>
  </trkpt>
  <trkpt lat="46.54018" lon="12.13671">
    <name>TP3062</name>
  </trkpt>
  <trkpt lat="46.54017" lon="12.13679">
    <name>TP3063</name>
  </trkpt>
  <trkpt lat="46.54016" lon="12.13688">
    <name>TP3064</name>
  </trkpt>
  <trkpt lat="46.54015" lon="12.13694">
    <name>TP3065</name>
  </trkpt>
  <trkpt lat="46.54015" lon="12.13699">
    <name>TP3066</name>
  </trkpt>
  <trkpt lat="46.54016" lon="12.13702">
    <name>TP3067</name>
  </trkpt>
  <trkpt lat="46.54018" lon="12.13707">
    <name>TP3068</name>
  </trkpt>
  <trkpt lat="46.54019" lon="12.13708">
    <name>TP3069</name>
  </trkpt>
  <trkpt lat="46.5402" lon="12.1371">
    <name>TP3070</name>
  </trkpt>
  <trkpt lat="46.54026" lon="12.13714">
    <name>TP3071</name>
  </trkpt>
  <trkpt lat="46.54045" lon="12.13729">
    <name>TP3072</name>
  </trkpt>
  <trkpt lat="46.54049" lon="12.13733">
    <name>TP3073</name>
  </trkpt>
  <trkpt lat="46.54051" lon="12.13737">
    <name>TP3074</name>
  </trkpt>
  <trkpt lat="46.54053" lon="12.1374">
    <name>TP3075</name>
  </trkpt>
  <trkpt lat="46.54053" lon="12.13742">
    <name>TP3076</name>
  </trkpt>
  <trkpt lat="46.54054" lon="12.13749">
    <name>TP3077</name>
  </trkpt>
  <trkpt lat="46.54055" lon="12.13755">
    <name>TP3078</name>
  </trkpt>
  <trkpt lat="46.54054" lon="12.13764">
    <name>TP3079</name>
  </trkpt>
  <trkpt lat="46.54047" lon="12.13796">
    <name>TP3080</name>
  </trkpt>
  <trkpt lat="46.54046" lon="12.13803">
    <name>TP3081</name>
  </trkpt>
  <trkpt lat="46.54036" lon="12.13873">
    <name>TP3082</name>
  </trkpt>
  <trkpt lat="46.54034" lon="12.1389">
    <name>TP3083</name>
  </trkpt>
  <trkpt lat="46.54034" lon="12.13898">
    <name>TP3084</name>
  </trkpt>
  <trkpt lat="46.54034" lon="12.13903">
    <name>TP3085</name>
  </trkpt>
  <trkpt lat="46.54035" lon="12.13909">
    <name>TP3086</name>
  </trkpt>
  <trkpt lat="46.54038" lon="12.13914">
    <name>TP3087</name>
  </trkpt>
  <trkpt lat="46.54042" lon="12.13918">
    <name>TP3088</name>
  </trkpt>
  <trkpt lat="46.54055" lon="12.13927">
    <name>TP3089</name>
  </trkpt>
  <trkpt lat="46.54058" lon="12.1393">
    <name>TP3090</name>
  </trkpt>
  <trkpt lat="46.54075" lon="12.13939">
    <name>TP3091</name>
  </trkpt>
  <trkpt lat="46.54084" lon="12.13945">
    <name>TP3092</name>
  </trkpt>
  <trkpt lat="46.5409" lon="12.1395">
    <name>TP3093</name>
  </trkpt>
  <trkpt lat="46.54094" lon="12.13956">
    <name>TP3094</name>
  </trkpt>
  <trkpt lat="46.54095" lon="12.13959">
    <name>TP3095</name>
  </trkpt>
  <trkpt lat="46.54095" lon="12.13961">
    <name>TP3096</name>
  </trkpt>
  <trkpt lat="46.54096" lon="12.13964">
    <name>TP3097</name>
  </trkpt>
  <trkpt lat="46.54096" lon="12.13967">
    <name>TP3098</name>
  </trkpt>
  <trkpt lat="46.54096" lon="12.1397">
    <name>TP3099</name>
  </trkpt>
  <trkpt lat="46.54095" lon="12.13973">
    <name>TP3100</name>
  </trkpt>
  <trkpt lat="46.54093" lon="12.13978">
    <name>TP3101</name>
  </trkpt>
  <trkpt lat="46.54076" lon="12.14012">
    <name>TP3102</name>
  </trkpt>
  <trkpt lat="46.54074" lon="12.14017">
    <name>TP3103</name>
  </trkpt>
  <trkpt lat="46.5406" lon="12.14044">
    <name>TP3104</name>
  </trkpt>
  <trkpt lat="46.54057" lon="12.14055">
    <name>TP3105</name>
  </trkpt>
  <trkpt lat="46.54054" lon="12.14067">
    <name>TP3106</name>
  </trkpt>
  <trkpt lat="46.54054" lon="12.14085">
    <name>TP3107</name>
  </trkpt>
  <trkpt lat="46.54054" lon="12.14095">
    <name>TP3108</name>
  </trkpt>
  <trkpt lat="46.54058" lon="12.1411">
    <name>TP3109</name>
  </trkpt>
  <trkpt lat="46.54062" lon="12.14123">
    <name>TP3110</name>
  </trkpt>
  <trkpt lat="46.54068" lon="12.14134">
    <name>TP3111</name>
  </trkpt>
  <trkpt lat="46.54073" lon="12.14141">
    <name>TP3112</name>
  </trkpt>
  <trkpt lat="46.54076" lon="12.14144">
    <name>TP3113</name>
  </trkpt>
  <trkpt lat="46.54084" lon="12.14151">
    <name>TP3114</name>
  </trkpt>
  <trkpt lat="46.54091" lon="12.14156">
    <name>TP3115</name>
  </trkpt>
  <trkpt lat="46.54138" lon="12.14186">
    <name>TP3116</name>
  </trkpt>
  <trkpt lat="46.54154" lon="12.14199">
    <name>TP3117</name>
  </trkpt>
  <trkpt lat="46.54166" lon="12.14216">
    <name>TP3118</name>
  </trkpt>
  <trkpt lat="46.54171" lon="12.14226">
    <name>TP3119</name>
  </trkpt>
  <trkpt lat="46.54176" lon="12.14239">
    <name>TP3120</name>
  </trkpt>
  <trkpt lat="46.54204" lon="12.14307">
    <name>TP3121</name>
  </trkpt>
  <trkpt lat="46.54233" lon="12.14377">
    <name>TP3122</name>
  </trkpt>
  <trkpt lat="46.54236" lon="12.14383">
    <name>TP3123</name>
  </trkpt>
  <trkpt lat="46.54287" lon="12.14509">
    <name>TP3124</name>
  </trkpt>
  <trkpt lat="46.54294" lon="12.14527">
    <name>TP3125</name>
  </trkpt>
  <trkpt lat="46.543" lon="12.1454">
    <name>TP3126</name>
  </trkpt>
  <trkpt lat="46.54309" lon="12.14563">
    <name>TP3127</name>
  </trkpt>
  <trkpt lat="46.54324" lon="12.14603">
    <name>TP3128</name>
  </trkpt>
  <trkpt lat="46.54339" lon="12.14643">
    <name>TP3129</name>
  </trkpt>
  <trkpt lat="46.54351" lon="12.14682">
    <name>TP3130</name>
  </trkpt>
  <trkpt lat="46.54353" lon="12.14689">
    <name>TP3131</name>
  </trkpt>
  <trkpt lat="46.54354" lon="12.14692">
    <name>TP3132</name>
  </trkpt>
  <trkpt lat="46.5436" lon="12.14719">
    <name>TP3133</name>
  </trkpt>
  <trkpt lat="46.54376" lon="12.14759">
    <name>TP3134</name>
  </trkpt>
  <trkpt lat="46.54379" lon="12.14783">
    <name>TP3135</name>
  </trkpt>
  <trkpt lat="46.54405" lon="12.14896">
    <name>TP3136</name>
  </trkpt>
  <trkpt lat="46.5442" lon="12.14971">
    <name>TP3137</name>
  </trkpt>
  <trkpt lat="46.54423" lon="12.14982">
    <name>TP3138</name>
  </trkpt>
  <trkpt lat="46.54433" lon="12.15033">
    <name>TP3139</name>
  </trkpt>
  <trkpt lat="46.54434" lon="12.15043">
    <name>TP3140</name>
  </trkpt>
  <trkpt lat="46.54434" lon="12.15054">
    <name>TP3141</name>
  </trkpt>
  <trkpt lat="46.54434" lon="12.1506">
    <name>TP3142</name>
  </trkpt>
  <trkpt lat="46.54431" lon="12.15072">
    <name>TP3143</name>
  </trkpt>
  <trkpt lat="46.54426" lon="12.15088">
    <name>TP3144</name>
  </trkpt>
  <trkpt lat="46.54416" lon="12.15105">
    <name>TP3145</name>
  </trkpt>
  <trkpt lat="46.54409" lon="12.15115">
    <name>TP3146</name>
  </trkpt>
  <trkpt lat="46.54401" lon="12.15123">
    <name>TP3147</name>
  </trkpt>
  <trkpt lat="46.54391" lon="12.15134">
    <name>TP3148</name>
  </trkpt>
  <trkpt lat="46.54379" lon="12.15147">
    <name>TP3149</name>
  </trkpt>
  <trkpt lat="46.5437" lon="12.15154">
    <name>TP3150</name>
  </trkpt>
  <trkpt lat="46.54352" lon="12.15161">
    <name>TP3151</name>
  </trkpt>
  <trkpt lat="46.54347" lon="12.15161">
    <name>TP3152</name>
  </trkpt>
  <trkpt lat="46.54345" lon="12.15161">
    <name>TP3153</name>
  </trkpt>
  <trkpt lat="46.5434" lon="12.15159">
    <name>TP3154</name>
  </trkpt>
  <trkpt lat="46.54334" lon="12.15154">
    <name>TP3155</name>
  </trkpt>
  <trkpt lat="46.54327" lon="12.15148">
    <name>TP3156</name>
  </trkpt>
  <trkpt lat="46.54317" lon="12.1514">
    <name>TP3157</name>
  </trkpt>
  <trkpt lat="46.54295" lon="12.15124">
    <name>TP3158</name>
  </trkpt>
  <trkpt lat="46.54288" lon="12.15125">
    <name>TP3159</name>
  </trkpt>
  <trkpt lat="46.54285" lon="12.15126">
    <name>TP3160</name>
  </trkpt>
  <trkpt lat="46.54281" lon="12.15129">
    <name>TP3161</name>
  </trkpt>
  <trkpt lat="46.54272" lon="12.15141">
    <name>TP3162</name>
  </trkpt>
  <trkpt lat="46.54271" lon="12.15146">
    <name>TP3163</name>
  </trkpt>
  <trkpt lat="46.5427" lon="12.15149">
    <name>TP3164</name>
  </trkpt>
  <trkpt lat="46.5427" lon="12.1515">
    <name>TP3165</name>
  </trkpt>
  <trkpt lat="46.54269" lon="12.15154">
    <name>TP3166</name>
  </trkpt>
  <trkpt lat="46.54269" lon="12.15157">
    <name>TP3167</name>
  </trkpt>
  <trkpt lat="46.54269" lon="12.1516">
    <name>TP3168</name>
  </trkpt>
  <trkpt lat="46.54269" lon="12.15165">
    <name>TP3169</name>
  </trkpt>
  <trkpt lat="46.5427" lon="12.15169">
    <name>TP3170</name>
  </trkpt>
  <trkpt lat="46.54271" lon="12.15172">
    <name>TP3171</name>
  </trkpt>
  <trkpt lat="46.54273" lon="12.15176">
    <name>TP3172</name>
  </trkpt>
  <trkpt lat="46.54277" lon="12.15181">
    <name>TP3173</name>
  </trkpt>
  <trkpt lat="46.54287" lon="12.15191">
    <name>TP3174</name>
  </trkpt>
  <trkpt lat="46.54289" lon="12.15193">
    <name>TP3175</name>
  </trkpt>
  <trkpt lat="46.54296" lon="12.152">
    <name>TP3176</name>
  </trkpt>
  <trkpt lat="46.543" lon="12.15206">
    <name>TP3177</name>
  </trkpt>
  <trkpt lat="46.543" lon="12.15207">
    <name>TP3178</name>
  </trkpt>
  <trkpt lat="46.54301" lon="12.15209">
    <name>TP3179</name>
  </trkpt>
  <trkpt lat="46.54304" lon="12.15214">
    <name>TP3180</name>
  </trkpt>
  <trkpt lat="46.54306" lon="12.15223">
    <name>TP3181</name>
  </trkpt>
  <trkpt lat="46.54307" lon="12.15229">
    <name>TP3182</name>
  </trkpt>
  <trkpt lat="46.54308" lon="12.15234">
    <name>TP3183</name>
  </trkpt>
  <trkpt lat="46.54308" lon="12.15238">
    <name>TP3184</name>
  </trkpt>
  <trkpt lat="46.54308" lon="12.15243">
    <name>TP3185</name>
  </trkpt>
  <trkpt lat="46.54307" lon="12.15247">
    <name>TP3186</name>
  </trkpt>
  <trkpt lat="46.54307" lon="12.1525">
    <name>TP3187</name>
  </trkpt>
  <trkpt lat="46.54306" lon="12.15255">
    <name>TP3188</name>
  </trkpt>
  <trkpt lat="46.54304" lon="12.15262">
    <name>TP3189</name>
  </trkpt>
  <trkpt lat="46.54301" lon="12.15268">
    <name>TP3190</name>
  </trkpt>
  <trkpt lat="46.54296" lon="12.15275">
    <name>TP3191</name>
  </trkpt>
  <trkpt lat="46.54283" lon="12.15295">
    <name>TP3192</name>
  </trkpt>
  <trkpt lat="46.54283" lon="12.15297">
    <name>TP3193</name>
  </trkpt>
  <trkpt lat="46.5427" lon="12.15316">
    <name>TP3194</name>
  </trkpt>
  <trkpt lat="46.54269" lon="12.15317">
    <name>TP3195</name>
  </trkpt>
  <trkpt lat="46.54267" lon="12.1532">
    <name>TP3196</name>
  </trkpt>
  <trkpt lat="46.54264" lon="12.15329">
    <name>TP3197</name>
  </trkpt>
  <trkpt lat="46.54261" lon="12.15336">
    <name>TP3198</name>
  </trkpt>
  <trkpt lat="46.54261" lon="12.15345">
    <name>TP3199</name>
  </trkpt>
  <trkpt lat="46.54261" lon="12.15353">
    <name>TP3200</name>
  </trkpt>
  <trkpt lat="46.54262" lon="12.1536">
    <name>TP3201</name>
  </trkpt>
  <trkpt lat="46.54262" lon="12.15364">
    <name>TP3202</name>
  </trkpt>
  <trkpt lat="46.54263" lon="12.15366">
    <name>TP3203</name>
  </trkpt>
  <trkpt lat="46.54267" lon="12.15376">
    <name>TP3204</name>
  </trkpt>
  <trkpt lat="46.54272" lon="12.15383">
    <name>TP3205</name>
  </trkpt>
  <trkpt lat="46.54282" lon="12.15395">
    <name>TP3206</name>
  </trkpt>
  <trkpt lat="46.54297" lon="12.1541">
    <name>TP3207</name>
  </trkpt>
  <trkpt lat="46.54308" lon="12.15422">
    <name>TP3208</name>
  </trkpt>
  <trkpt lat="46.54312" lon="12.1543">
    <name>TP3209</name>
  </trkpt>
  <trkpt lat="46.54314" lon="12.15433">
    <name>TP3210</name>
  </trkpt>
  <trkpt lat="46.54314" lon="12.15434">
    <name>TP3211</name>
  </trkpt>
  <trkpt lat="46.54315" lon="12.15437">
    <name>TP3212</name>
  </trkpt>
  <trkpt lat="46.54316" lon="12.15442">
    <name>TP3213</name>
  </trkpt>
  <trkpt lat="46.54317" lon="12.15447">
    <name>TP3214</name>
  </trkpt>
  <trkpt lat="46.54317" lon="12.15452">
    <name>TP3215</name>
  </trkpt>
  <trkpt lat="46.54318" lon="12.1546">
    <name>TP3216</name>
  </trkpt>
  <trkpt lat="46.54321" lon="12.15512">
    <name>TP3217</name>
  </trkpt>
  <trkpt lat="46.54322" lon="12.15533">
    <name>TP3218</name>
  </trkpt>
  <trkpt lat="46.54322" lon="12.15545">
    <name>TP3219</name>
  </trkpt>
  <trkpt lat="46.54321" lon="12.15554">
    <name>TP3220</name>
  </trkpt>
  <trkpt lat="46.54319" lon="12.15558">
    <name>TP3221</name>
  </trkpt>
  <trkpt lat="46.54317" lon="12.15565">
    <name>TP3222</name>
  </trkpt>
  <trkpt lat="46.54307" lon="12.15572">
    <name>TP3223</name>
  </trkpt>
  <trkpt lat="46.54302" lon="12.15573">
    <name>TP3224</name>
  </trkpt>
  <trkpt lat="46.54296" lon="12.15573">
    <name>TP3225</name>
  </trkpt>
  <trkpt lat="46.54291" lon="12.15572">
    <name>TP3226</name>
  </trkpt>
  <trkpt lat="46.5429" lon="12.15572">
    <name>TP3227</name>
  </trkpt>
  <trkpt lat="46.54288" lon="12.15571">
    <name>TP3228</name>
  </trkpt>
  <trkpt lat="46.5428" lon="12.15568">
    <name>TP3229</name>
  </trkpt>
  <trkpt lat="46.54277" lon="12.15567">
    <name>TP3230</name>
  </trkpt>
  <trkpt lat="46.54273" lon="12.15565">
    <name>TP3231</name>
  </trkpt>
  <trkpt lat="46.54267" lon="12.15562">
    <name>TP3232</name>
  </trkpt>
  <trkpt lat="46.54262" lon="12.1556">
    <name>TP3233</name>
  </trkpt>
  <trkpt lat="46.54251" lon="12.15552">
    <name>TP3234</name>
  </trkpt>
  <trkpt lat="46.54246" lon="12.15547">
    <name>TP3235</name>
  </trkpt>
  <trkpt lat="46.5424" lon="12.15539">
    <name>TP3236</name>
  </trkpt>
  <trkpt lat="46.54239" lon="12.15537">
    <name>TP3237</name>
  </trkpt>
  <trkpt lat="46.54235" lon="12.15528">
    <name>TP3238</name>
  </trkpt>
  <trkpt lat="46.54234" lon="12.15526">
    <name>TP3239</name>
  </trkpt>
  <trkpt lat="46.54232" lon="12.15519">
    <name>TP3240</name>
  </trkpt>
  <trkpt lat="46.54232" lon="12.15516">
    <name>TP3241</name>
  </trkpt>
  <trkpt lat="46.54232" lon="12.15515">
    <name>TP3242</name>
  </trkpt>
  <trkpt lat="46.54229" lon="12.15503">
    <name>TP3243</name>
  </trkpt>
  <trkpt lat="46.54228" lon="12.15501">
    <name>TP3244</name>
  </trkpt>
  <trkpt lat="46.54226" lon="12.15494">
    <name>TP3245</name>
  </trkpt>
  <trkpt lat="46.54226" lon="12.15492">
    <name>TP3246</name>
  </trkpt>
  <trkpt lat="46.54223" lon="12.15488">
    <name>TP3247</name>
  </trkpt>
  <trkpt lat="46.5422" lon="12.15483">
    <name>TP3248</name>
  </trkpt>
  <trkpt lat="46.54216" lon="12.1548">
    <name>TP3249</name>
  </trkpt>
  <trkpt lat="46.54212" lon="12.15479">
    <name>TP3250</name>
  </trkpt>
  <trkpt lat="46.54209" lon="12.15479">
    <name>TP3251</name>
  </trkpt>
  <trkpt lat="46.54205" lon="12.1548">
    <name>TP3252</name>
  </trkpt>
  <trkpt lat="46.54202" lon="12.15483">
    <name>TP3253</name>
  </trkpt>
  <trkpt lat="46.54197" lon="12.1549">
    <name>TP3254</name>
  </trkpt>
  <trkpt lat="46.54196" lon="12.15492">
    <name>TP3255</name>
  </trkpt>
  <trkpt lat="46.54187" lon="12.15512">
    <name>TP3256</name>
  </trkpt>
  <trkpt lat="46.54186" lon="12.15514">
    <name>TP3257</name>
  </trkpt>
  <trkpt lat="46.54175" lon="12.15537">
    <name>TP3258</name>
  </trkpt>
  <trkpt lat="46.54169" lon="12.15549">
    <name>TP3259</name>
  </trkpt>
  <trkpt lat="46.54163" lon="12.1556">
    <name>TP3260</name>
  </trkpt>
  <trkpt lat="46.54157" lon="12.15572">
    <name>TP3261</name>
  </trkpt>
  <trkpt lat="46.54155" lon="12.1558">
    <name>TP3262</name>
  </trkpt>
  <trkpt lat="46.54154" lon="12.15589">
    <name>TP3263</name>
  </trkpt>
  <trkpt lat="46.54154" lon="12.15595">
    <name>TP3264</name>
  </trkpt>
  <trkpt lat="46.54156" lon="12.15604">
    <name>TP3265</name>
  </trkpt>
  <trkpt lat="46.5416" lon="12.15613">
    <name>TP3266</name>
  </trkpt>
  <trkpt lat="46.54161" lon="12.15615">
    <name>TP3267</name>
  </trkpt>
  <trkpt lat="46.54166" lon="12.15622">
    <name>TP3268</name>
  </trkpt>
  <trkpt lat="46.54167" lon="12.15624">
    <name>TP3269</name>
  </trkpt>
  <trkpt lat="46.54172" lon="12.15631">
    <name>TP3270</name>
  </trkpt>
  <trkpt lat="46.54174" lon="12.15634">
    <name>TP3271</name>
  </trkpt>
  <trkpt lat="46.54179" lon="12.1564">
    <name>TP3272</name>
  </trkpt>
  <trkpt lat="46.5418" lon="12.15642">
    <name>TP3273</name>
  </trkpt>
  <trkpt lat="46.54184" lon="12.15647">
    <name>TP3274</name>
  </trkpt>
  <trkpt lat="46.54192" lon="12.1566">
    <name>TP3275</name>
  </trkpt>
  <trkpt lat="46.54197" lon="12.1567">
    <name>TP3276</name>
  </trkpt>
  <trkpt lat="46.54201" lon="12.15684">
    <name>TP3277</name>
  </trkpt>
  <trkpt lat="46.54204" lon="12.15708">
    <name>TP3278</name>
  </trkpt>
  <trkpt lat="46.54206" lon="12.15734">
    <name>TP3279</name>
  </trkpt>
  <trkpt lat="46.54208" lon="12.15747">
    <name>TP3280</name>
  </trkpt>
  <trkpt lat="46.54211" lon="12.15758">
    <name>TP3281</name>
  </trkpt>
  <trkpt lat="46.54212" lon="12.15763">
    <name>TP3282</name>
  </trkpt>
  <trkpt lat="46.54216" lon="12.15771">
    <name>TP3283</name>
  </trkpt>
  <trkpt lat="46.54223" lon="12.15781">
    <name>TP3284</name>
  </trkpt>
  <trkpt lat="46.54226" lon="12.15786">
    <name>TP3285</name>
  </trkpt>
  <trkpt lat="46.5423" lon="12.15789">
    <name>TP3286</name>
  </trkpt>
  <trkpt lat="46.54236" lon="12.15795">
    <name>TP3287</name>
  </trkpt>
  <trkpt lat="46.54238" lon="12.15796">
    <name>TP3288</name>
  </trkpt>
  <trkpt lat="46.54241" lon="12.158">
    <name>TP3289</name>
  </trkpt>
  <trkpt lat="46.54245" lon="12.15802">
    <name>TP3290</name>
  </trkpt>
  <trkpt lat="46.54252" lon="12.15807">
    <name>TP3291</name>
  </trkpt>
  <trkpt lat="46.54254" lon="12.15808">
    <name>TP3292</name>
  </trkpt>
  <trkpt lat="46.54282" lon="12.15828">
    <name>TP3293</name>
  </trkpt>
  <trkpt lat="46.543" lon="12.15841">
    <name>TP3294</name>
  </trkpt>
  <trkpt lat="46.54306" lon="12.15846">
    <name>TP3295</name>
  </trkpt>
  <trkpt lat="46.54313" lon="12.15851">
    <name>TP3296</name>
  </trkpt>
  <trkpt lat="46.54315" lon="12.15854">
    <name>TP3297</name>
  </trkpt>
  <trkpt lat="46.54317" lon="12.15857">
    <name>TP3298</name>
  </trkpt>
  <trkpt lat="46.54318" lon="12.15858">
    <name>TP3299</name>
  </trkpt>
  <trkpt lat="46.54321" lon="12.15865">
    <name>TP3300</name>
  </trkpt>
  <trkpt lat="46.54322" lon="12.15867">
    <name>TP3301</name>
  </trkpt>
  <trkpt lat="46.54324" lon="12.15873">
    <name>TP3302</name>
  </trkpt>
  <trkpt lat="46.54325" lon="12.15877">
    <name>TP3303</name>
  </trkpt>
  <trkpt lat="46.54325" lon="12.1588">
    <name>TP3304</name>
  </trkpt>
  <trkpt lat="46.54326" lon="12.15886">
    <name>TP3305</name>
  </trkpt>
  <trkpt lat="46.54326" lon="12.15895">
    <name>TP3306</name>
  </trkpt>
  <trkpt lat="46.54324" lon="12.15909">
    <name>TP3307</name>
  </trkpt>
  <trkpt lat="46.54319" lon="12.15921">
    <name>TP3308</name>
  </trkpt>
  <trkpt lat="46.54314" lon="12.1593">
    <name>TP3309</name>
  </trkpt>
  <trkpt lat="46.54309" lon="12.15935">
    <name>TP3310</name>
  </trkpt>
  <trkpt lat="46.54302" lon="12.15939">
    <name>TP3311</name>
  </trkpt>
  <trkpt lat="46.543" lon="12.15941">
    <name>TP3312</name>
  </trkpt>
  <trkpt lat="46.54282" lon="12.15946">
    <name>TP3313</name>
  </trkpt>
  <trkpt lat="46.54249" lon="12.15952">
    <name>TP3314</name>
  </trkpt>
  <trkpt lat="46.54248" lon="12.15952">
    <name>TP3315</name>
  </trkpt>
  <trkpt lat="46.54247" lon="12.15953">
    <name>TP3316</name>
  </trkpt>
  <trkpt lat="46.54238" lon="12.15954">
    <name>TP3317</name>
  </trkpt>
  <trkpt lat="46.54231" lon="12.15956">
    <name>TP3318</name>
  </trkpt>
  <trkpt lat="46.54229" lon="12.15956">
    <name>TP3319</name>
  </trkpt>
  <trkpt lat="46.5422" lon="12.15959">
    <name>TP3320</name>
  </trkpt>
  <trkpt lat="46.54217" lon="12.1596">
    <name>TP3321</name>
  </trkpt>
  <trkpt lat="46.54214" lon="12.15962">
    <name>TP3322</name>
  </trkpt>
  <trkpt lat="46.54212" lon="12.15963">
    <name>TP3323</name>
  </trkpt>
  <trkpt lat="46.54209" lon="12.15965">
    <name>TP3324</name>
  </trkpt>
  <trkpt lat="46.54204" lon="12.1597">
    <name>TP3325</name>
  </trkpt>
  <trkpt lat="46.54203" lon="12.15972">
    <name>TP3326</name>
  </trkpt>
  <trkpt lat="46.542" lon="12.15977">
    <name>TP3327</name>
  </trkpt>
  <trkpt lat="46.54199" lon="12.15978">
    <name>TP3328</name>
  </trkpt>
  <trkpt lat="46.54198" lon="12.1598">
    <name>TP3329</name>
  </trkpt>
  <trkpt lat="46.54195" lon="12.15987">
    <name>TP3330</name>
  </trkpt>
  <trkpt lat="46.54193" lon="12.15995">
    <name>TP3331</name>
  </trkpt>
  <trkpt lat="46.54192" lon="12.16001">
    <name>TP3332</name>
  </trkpt>
  <trkpt lat="46.5419" lon="12.16016">
    <name>TP3333</name>
  </trkpt>
  <trkpt lat="46.54189" lon="12.16026">
    <name>TP3334</name>
  </trkpt>
  <trkpt lat="46.54189" lon="12.1603">
    <name>TP3335</name>
  </trkpt>
  <trkpt lat="46.54187" lon="12.16052">
    <name>TP3336</name>
  </trkpt>
  <trkpt lat="46.54187" lon="12.16055">
    <name>TP3337</name>
  </trkpt>
  <trkpt lat="46.54183" lon="12.16103">
    <name>TP3338</name>
  </trkpt>
  <trkpt lat="46.54183" lon="12.16104">
    <name>TP3339</name>
  </trkpt>
  <trkpt lat="46.54181" lon="12.1612">
    <name>TP3340</name>
  </trkpt>
  <trkpt lat="46.5418" lon="12.1613">
    <name>TP3341</name>
  </trkpt>
  <trkpt lat="46.5418" lon="12.16132">
    <name>TP3342</name>
  </trkpt>
  <trkpt lat="46.54179" lon="12.16151">
    <name>TP3343</name>
  </trkpt>
  <trkpt lat="46.54179" lon="12.16156">
    <name>TP3344</name>
  </trkpt>
  <trkpt lat="46.54179" lon="12.16174">
    <name>TP3345</name>
  </trkpt>
  <trkpt lat="46.5418" lon="12.16196">
    <name>TP3346</name>
  </trkpt>
  <trkpt lat="46.54182" lon="12.16206">
    <name>TP3347</name>
  </trkpt>
  <trkpt lat="46.54182" lon="12.16208">
    <name>TP3348</name>
  </trkpt>
  <trkpt lat="46.54188" lon="12.16235">
    <name>TP3349</name>
  </trkpt>
  <trkpt lat="46.54196" lon="12.1626">
    <name>TP3350</name>
  </trkpt>
  <trkpt lat="46.54198" lon="12.16266">
    <name>TP3351</name>
  </trkpt>
  <trkpt lat="46.54199" lon="12.16272">
    <name>TP3352</name>
  </trkpt>
  <trkpt lat="46.54201" lon="12.16275">
    <name>TP3353</name>
  </trkpt>
  <trkpt lat="46.54206" lon="12.16286">
    <name>TP3354</name>
  </trkpt>
  <trkpt lat="46.54215" lon="12.16295">
    <name>TP3355</name>
  </trkpt>
  <trkpt lat="46.54234" lon="12.16304">
    <name>TP3356</name>
  </trkpt>
  <trkpt lat="46.54252" lon="12.16309">
    <name>TP3357</name>
  </trkpt>
  <trkpt lat="46.54287" lon="12.1632">
    <name>TP3358</name>
  </trkpt>
  <trkpt lat="46.54304" lon="12.16325">
    <name>TP3359</name>
  </trkpt>
  <trkpt lat="46.54309" lon="12.16327">
    <name>TP3360</name>
  </trkpt>
  <trkpt lat="46.54322" lon="12.1633">
    <name>TP3361</name>
  </trkpt>
  <trkpt lat="46.54339" lon="12.16333">
    <name>TP3362</name>
  </trkpt>
  <trkpt lat="46.54358" lon="12.16332">
    <name>TP3363</name>
  </trkpt>
  <trkpt lat="46.54393" lon="12.16329">
    <name>TP3364</name>
  </trkpt>
  <trkpt lat="46.54394" lon="12.16329">
    <name>TP3365</name>
  </trkpt>
  <trkpt lat="46.54408" lon="12.16331">
    <name>TP3366</name>
  </trkpt>
  <trkpt lat="46.54416" lon="12.16334">
    <name>TP3367</name>
  </trkpt>
  <trkpt lat="46.54423" lon="12.16341">
    <name>TP3368</name>
  </trkpt>
  <trkpt lat="46.54426" lon="12.16346">
    <name>TP3369</name>
  </trkpt>
  <trkpt lat="46.54428" lon="12.1635">
    <name>TP3370</name>
  </trkpt>
  <trkpt lat="46.54438" lon="12.16387">
    <name>TP3371</name>
  </trkpt>
  <trkpt lat="46.54446" lon="12.16426">
    <name>TP3372</name>
  </trkpt>
  <trkpt lat="46.54451" lon="12.16444">
    <name>TP3373</name>
  </trkpt>
  <trkpt lat="46.54458" lon="12.16466">
    <name>TP3374</name>
  </trkpt>
  <trkpt lat="46.54466" lon="12.16485">
    <name>TP3375</name>
  </trkpt>
  <trkpt lat="46.54475" lon="12.16508">
    <name>TP3376</name>
  </trkpt>
  <trkpt lat="46.54477" lon="12.16514">
    <name>TP3377</name>
  </trkpt>
  <trkpt lat="46.54482" lon="12.16531">
    <name>TP3378</name>
  </trkpt>
  <trkpt lat="46.54483" lon="12.16533">
    <name>TP3379</name>
  </trkpt>
  <trkpt lat="46.54488" lon="12.16556">
    <name>TP3380</name>
  </trkpt>
  <trkpt lat="46.54489" lon="12.16561">
    <name>TP3381</name>
  </trkpt>
  <trkpt lat="46.54491" lon="12.16575">
    <name>TP3382</name>
  </trkpt>
  <trkpt lat="46.54497" lon="12.16607">
    <name>TP3383</name>
  </trkpt>
  <trkpt lat="46.54502" lon="12.16619">
    <name>TP3384</name>
  </trkpt>
  <trkpt lat="46.54507" lon="12.16625">
    <name>TP3385</name>
  </trkpt>
  <trkpt lat="46.54509" lon="12.16626">
    <name>TP3386</name>
  </trkpt>
  <trkpt lat="46.54511" lon="12.16627">
    <name>TP3387</name>
  </trkpt>
  <trkpt lat="46.54514" lon="12.16628">
    <name>TP3388</name>
  </trkpt>
  <trkpt lat="46.54517" lon="12.16628">
    <name>TP3389</name>
  </trkpt>
  <trkpt lat="46.5452" lon="12.16628">
    <name>TP3390</name>
  </trkpt>
  <trkpt lat="46.54524" lon="12.16626">
    <name>TP3391</name>
  </trkpt>
  <trkpt lat="46.54526" lon="12.16624">
    <name>TP3392</name>
  </trkpt>
  <trkpt lat="46.54527" lon="12.16624">
    <name>TP3393</name>
  </trkpt>
  <trkpt lat="46.54532" lon="12.1662">
    <name>TP3394</name>
  </trkpt>
  <trkpt lat="46.54545" lon="12.16605">
    <name>TP3395</name>
  </trkpt>
  <trkpt lat="46.54554" lon="12.16591">
    <name>TP3396</name>
  </trkpt>
  <trkpt lat="46.54566" lon="12.16571">
    <name>TP3397</name>
  </trkpt>
  <trkpt lat="46.54569" lon="12.16566">
    <name>TP3398</name>
  </trkpt>
  <trkpt lat="46.54576" lon="12.1655">
    <name>TP3399</name>
  </trkpt>
  <trkpt lat="46.54578" lon="12.16544">
    <name>TP3400</name>
  </trkpt>
  <trkpt lat="46.54582" lon="12.16532">
    <name>TP3401</name>
  </trkpt>
  <trkpt lat="46.54583" lon="12.16492">
    <name>TP3402</name>
  </trkpt>
  <trkpt lat="46.54583" lon="12.16487">
    <name>TP3403</name>
  </trkpt>
  <trkpt lat="46.54584" lon="12.16482">
    <name>TP3404</name>
  </trkpt>
  <trkpt lat="46.54584" lon="12.1648">
    <name>TP3405</name>
  </trkpt>
  <trkpt lat="46.54585" lon="12.16478">
    <name>TP3406</name>
  </trkpt>
  <trkpt lat="46.54587" lon="12.16475">
    <name>TP3407</name>
  </trkpt>
  <trkpt lat="46.54588" lon="12.16473">
    <name>TP3408</name>
  </trkpt>
  <trkpt lat="46.54591" lon="12.16471">
    <name>TP3409</name>
  </trkpt>
  <trkpt lat="46.54593" lon="12.16469">
    <name>TP3410</name>
  </trkpt>
  <trkpt lat="46.54595" lon="12.16469">
    <name>TP3411</name>
  </trkpt>
  <trkpt lat="46.54597" lon="12.16469">
    <name>TP3412</name>
  </trkpt>
  <trkpt lat="46.54599" lon="12.16469">
    <name>TP3413</name>
  </trkpt>
  <trkpt lat="46.54601" lon="12.16469">
    <name>TP3414</name>
  </trkpt>
  <trkpt lat="46.54602" lon="12.1647">
    <name>TP3415</name>
  </trkpt>
  <trkpt lat="46.54603" lon="12.16471">
    <name>TP3416</name>
  </trkpt>
  <trkpt lat="46.54606" lon="12.16474">
    <name>TP3417</name>
  </trkpt>
  <trkpt lat="46.54608" lon="12.16479">
    <name>TP3418</name>
  </trkpt>
  <trkpt lat="46.54609" lon="12.16482">
    <name>TP3419</name>
  </trkpt>
  <trkpt lat="46.5461" lon="12.16486">
    <name>TP3420</name>
  </trkpt>
  <trkpt lat="46.5461" lon="12.16487">
    <name>TP3421</name>
  </trkpt>
  <trkpt lat="46.5461" lon="12.1649">
    <name>TP3422</name>
  </trkpt>
  <trkpt lat="46.5461" lon="12.16493">
    <name>TP3423</name>
  </trkpt>
  <trkpt lat="46.54609" lon="12.16504">
    <name>TP3424</name>
  </trkpt>
  <trkpt lat="46.54608" lon="12.16513">
    <name>TP3425</name>
  </trkpt>
  <trkpt lat="46.54608" lon="12.16519">
    <name>TP3426</name>
  </trkpt>
  <trkpt lat="46.54607" lon="12.1653">
    <name>TP3427</name>
  </trkpt>
  <trkpt lat="46.54606" lon="12.16545">
    <name>TP3428</name>
  </trkpt>
  <trkpt lat="46.54606" lon="12.16548">
    <name>TP3429</name>
  </trkpt>
  <trkpt lat="46.54605" lon="12.16565">
    <name>TP3430</name>
  </trkpt>
  <trkpt lat="46.54604" lon="12.16571">
    <name>TP3431</name>
  </trkpt>
  <trkpt lat="46.54604" lon="12.16582">
    <name>TP3432</name>
  </trkpt>
  <trkpt lat="46.54603" lon="12.16591">
    <name>TP3433</name>
  </trkpt>
  <trkpt lat="46.54603" lon="12.16608">
    <name>TP3434</name>
  </trkpt>
  <trkpt lat="46.54603" lon="12.1663">
    <name>TP3435</name>
  </trkpt>
  <trkpt lat="46.54603" lon="12.1664">
    <name>TP3436</name>
  </trkpt>
  <trkpt lat="46.54603" lon="12.1665">
    <name>TP3437</name>
  </trkpt>
  <trkpt lat="46.54602" lon="12.16661">
    <name>TP3438</name>
  </trkpt>
  <trkpt lat="46.54602" lon="12.16662">
    <name>TP3439</name>
  </trkpt>
  <trkpt lat="46.54603" lon="12.16669">
    <name>TP3440</name>
  </trkpt>
  <trkpt lat="46.54604" lon="12.16676">
    <name>TP3441</name>
  </trkpt>
  <trkpt lat="46.54605" lon="12.16686">
    <name>TP3442</name>
  </trkpt>
  <trkpt lat="46.54605" lon="12.16687">
    <name>TP3443</name>
  </trkpt>
  <trkpt lat="46.54607" lon="12.16695">
    <name>TP3444</name>
  </trkpt>
  <trkpt lat="46.54608" lon="12.16707">
    <name>TP3445</name>
  </trkpt>
  <trkpt lat="46.54609" lon="12.16712">
    <name>TP3446</name>
  </trkpt>
  <trkpt lat="46.54615" lon="12.16743">
    <name>TP3447</name>
  </trkpt>
  <trkpt lat="46.54618" lon="12.16758">
    <name>TP3448</name>
  </trkpt>
  <trkpt lat="46.54624" lon="12.16776">
    <name>TP3449</name>
  </trkpt>
  <trkpt lat="46.5463" lon="12.16786">
    <name>TP3450</name>
  </trkpt>
  <trkpt lat="46.54643" lon="12.16796">
    <name>TP3451</name>
  </trkpt>
  <trkpt lat="46.54645" lon="12.16797">
    <name>TP3452</name>
  </trkpt>
  <trkpt lat="46.5465" lon="12.16798">
    <name>TP3453</name>
  </trkpt>
  <trkpt lat="46.54652" lon="12.16799">
    <name>TP3454</name>
  </trkpt>
  <trkpt lat="46.54655" lon="12.16799">
    <name>TP3455</name>
  </trkpt>
  <trkpt lat="46.54659" lon="12.16799">
    <name>TP3456</name>
  </trkpt>
  <trkpt lat="46.54662" lon="12.16797">
    <name>TP3457</name>
  </trkpt>
  <trkpt lat="46.54665" lon="12.16795">
    <name>TP3458</name>
  </trkpt>
  <trkpt lat="46.5467" lon="12.16789">
    <name>TP3459</name>
  </trkpt>
  <trkpt lat="46.54674" lon="12.16783">
    <name>TP3460</name>
  </trkpt>
  <trkpt lat="46.54678" lon="12.16773">
    <name>TP3461</name>
  </trkpt>
  <trkpt lat="46.54681" lon="12.16767">
    <name>TP3462</name>
  </trkpt>
  <trkpt lat="46.54681" lon="12.16766">
    <name>TP3463</name>
  </trkpt>
  <trkpt lat="46.54694" lon="12.16709">
    <name>TP3464</name>
  </trkpt>
  <trkpt lat="46.54695" lon="12.16707">
    <name>TP3465</name>
  </trkpt>
  <trkpt lat="46.547" lon="12.16682">
    <name>TP3466</name>
  </trkpt>
  <trkpt lat="46.54705" lon="12.1666">
    <name>TP3467</name>
  </trkpt>
  <trkpt lat="46.54706" lon="12.16658">
    <name>TP3468</name>
  </trkpt>
  <trkpt lat="46.54714" lon="12.16634">
    <name>TP3469</name>
  </trkpt>
  <trkpt lat="46.54715" lon="12.16632">
    <name>TP3470</name>
  </trkpt>
  <trkpt lat="46.54721" lon="12.16621">
    <name>TP3471</name>
  </trkpt>
  <trkpt lat="46.54725" lon="12.16617">
    <name>TP3472</name>
  </trkpt>
  <trkpt lat="46.54727" lon="12.16616">
    <name>TP3473</name>
  </trkpt>
  <trkpt lat="46.54732" lon="12.16613">
    <name>TP3474</name>
  </trkpt>
  <trkpt lat="46.5474" lon="12.16612">
    <name>TP3475</name>
  </trkpt>
  <trkpt lat="46.54744" lon="12.16613">
    <name>TP3476</name>
  </trkpt>
  <trkpt lat="46.54745" lon="12.16613">
    <name>TP3477</name>
  </trkpt>
  <trkpt lat="46.54751" lon="12.16616">
    <name>TP3478</name>
  </trkpt>
  <trkpt lat="46.54759" lon="12.16623">
    <name>TP3479</name>
  </trkpt>
  <trkpt lat="46.54766" lon="12.16631">
    <name>TP3480</name>
  </trkpt>
  <trkpt lat="46.54771" lon="12.16643">
    <name>TP3481</name>
  </trkpt>
  <trkpt lat="46.54771" lon="12.16644">
    <name>TP3482</name>
  </trkpt>
  <trkpt lat="46.54774" lon="12.16657">
    <name>TP3483</name>
  </trkpt>
  <trkpt lat="46.54773" lon="12.1667">
    <name>TP3484</name>
  </trkpt>
  <trkpt lat="46.54773" lon="12.16673">
    <name>TP3485</name>
  </trkpt>
  <trkpt lat="46.54771" lon="12.16692">
    <name>TP3486</name>
  </trkpt>
  <trkpt lat="46.54771" lon="12.16696">
    <name>TP3487</name>
  </trkpt>
  <trkpt lat="46.54769" lon="12.16715">
    <name>TP3488</name>
  </trkpt>
  <trkpt lat="46.54767" lon="12.16721">
    <name>TP3489</name>
  </trkpt>
  <trkpt lat="46.54761" lon="12.16746">
    <name>TP3490</name>
  </trkpt>
  <trkpt lat="46.54752" lon="12.16768">
    <name>TP3491</name>
  </trkpt>
  <trkpt lat="46.54742" lon="12.1679">
    <name>TP3492</name>
  </trkpt>
  <trkpt lat="46.54742" lon="12.16791">
    <name>TP3493</name>
  </trkpt>
  <trkpt lat="46.54733" lon="12.16813">
    <name>TP3494</name>
  </trkpt>
  <trkpt lat="46.54726" lon="12.16829">
    <name>TP3495</name>
  </trkpt>
  <trkpt lat="46.54722" lon="12.16841">
    <name>TP3496</name>
  </trkpt>
  <trkpt lat="46.54719" lon="12.16854">
    <name>TP3497</name>
  </trkpt>
  <trkpt lat="46.54718" lon="12.1686">
    <name>TP3498</name>
  </trkpt>
  <trkpt lat="46.54717" lon="12.16868">
    <name>TP3499</name>
  </trkpt>
  <trkpt lat="46.54716" lon="12.16893">
    <name>TP3500</name>
  </trkpt>
  <trkpt lat="46.54716" lon="12.16912">
    <name>TP3501</name>
  </trkpt>
  <trkpt lat="46.54715" lon="12.16938">
    <name>TP3502</name>
  </trkpt>
  <trkpt lat="46.54715" lon="12.16949">
    <name>TP3503</name>
  </trkpt>
  <trkpt lat="46.54719" lon="12.16978">
    <name>TP3504</name>
  </trkpt>
  <trkpt lat="46.54721" lon="12.1699">
    <name>TP3505</name>
  </trkpt>
  <trkpt lat="46.54721" lon="12.17">
    <name>TP3506</name>
  </trkpt>
  <trkpt lat="46.54721" lon="12.17007">
    <name>TP3507</name>
  </trkpt>
  <trkpt lat="46.54718" lon="12.17021">
    <name>TP3508</name>
  </trkpt>
  <trkpt lat="46.54712" lon="12.17034">
    <name>TP3509</name>
  </trkpt>
  <trkpt lat="46.54699" lon="12.17059">
    <name>TP3510</name>
  </trkpt>
  <trkpt lat="46.54694" lon="12.1707">
    <name>TP3511</name>
  </trkpt>
  <trkpt lat="46.54682" lon="12.17097">
    <name>TP3512</name>
  </trkpt>
  <trkpt lat="46.5468" lon="12.17103">
    <name>TP3513</name>
  </trkpt>
  <trkpt lat="46.5468" lon="12.17104">
    <name>TP3514</name>
  </trkpt>
  <trkpt lat="46.54679" lon="12.17113">
    <name>TP3515</name>
  </trkpt>
  <trkpt lat="46.54678" lon="12.17124">
    <name>TP3516</name>
  </trkpt>
  <trkpt lat="46.5468" lon="12.17134">
    <name>TP3517</name>
  </trkpt>
  <trkpt lat="46.54684" lon="12.17148">
    <name>TP3518</name>
  </trkpt>
  <trkpt lat="46.54686" lon="12.17153">
    <name>TP3519</name>
  </trkpt>
  <trkpt lat="46.54688" lon="12.17155">
    <name>TP3520</name>
  </trkpt>
  <trkpt lat="46.54692" lon="12.17161">
    <name>TP3521</name>
  </trkpt>
  <trkpt lat="46.54696" lon="12.17166">
    <name>TP3522</name>
  </trkpt>
  <trkpt lat="46.54704" lon="12.17171">
    <name>TP3523</name>
  </trkpt>
  <trkpt lat="46.54711" lon="12.17172">
    <name>TP3524</name>
  </trkpt>
  <trkpt lat="46.54716" lon="12.17172">
    <name>TP3525</name>
  </trkpt>
  <trkpt lat="46.54718" lon="12.17171">
    <name>TP3526</name>
  </trkpt>
  <trkpt lat="46.54725" lon="12.17168">
    <name>TP3527</name>
  </trkpt>
  <trkpt lat="46.54734" lon="12.17158">
    <name>TP3528</name>
  </trkpt>
  <trkpt lat="46.54758" lon="12.17121">
    <name>TP3529</name>
  </trkpt>
  <trkpt lat="46.54764" lon="12.17111">
    <name>TP3530</name>
  </trkpt>
  <trkpt lat="46.54769" lon="12.17106">
    <name>TP3531</name>
  </trkpt>
  <trkpt lat="46.54773" lon="12.17102">
    <name>TP3532</name>
  </trkpt>
  <trkpt lat="46.54777" lon="12.17099">
    <name>TP3533</name>
  </trkpt>
  <trkpt lat="46.54783" lon="12.17096">
    <name>TP3534</name>
  </trkpt>
  <trkpt lat="46.54789" lon="12.17095">
    <name>TP3535</name>
  </trkpt>
  <trkpt lat="46.54798" lon="12.17096">
    <name>TP3536</name>
  </trkpt>
  <trkpt lat="46.54806" lon="12.17098">
    <name>TP3537</name>
  </trkpt>
  <trkpt lat="46.54814" lon="12.17102">
    <name>TP3538</name>
  </trkpt>
  <trkpt lat="46.54819" lon="12.17105">
    <name>TP3539</name>
  </trkpt>
  <trkpt lat="46.54822" lon="12.1711">
    <name>TP3540</name>
  </trkpt>
  <trkpt lat="46.54825" lon="12.17115">
    <name>TP3541</name>
  </trkpt>
  <trkpt lat="46.5483" lon="12.1713">
    <name>TP3542</name>
  </trkpt>
  <trkpt lat="46.54831" lon="12.17131">
    <name>TP3543</name>
  </trkpt>
  <trkpt lat="46.54838" lon="12.17156">
    <name>TP3544</name>
  </trkpt>
  <trkpt lat="46.54847" lon="12.17203">
    <name>TP3545</name>
  </trkpt>
  <trkpt lat="46.54853" lon="12.17249">
    <name>TP3546</name>
  </trkpt>
  <trkpt lat="46.54857" lon="12.17274">
    <name>TP3547</name>
  </trkpt>
  <trkpt lat="46.54872" lon="12.17359">
    <name>TP3548</name>
  </trkpt>
  <trkpt lat="46.54876" lon="12.17382">
    <name>TP3549</name>
  </trkpt>
  <trkpt lat="46.54879" lon="12.17398">
    <name>TP3550</name>
  </trkpt>
  <trkpt lat="46.54883" lon="12.1743">
    <name>TP3551</name>
  </trkpt>
  <trkpt lat="46.54883" lon="12.17453">
    <name>TP3552</name>
  </trkpt>
  <trkpt lat="46.54883" lon="12.17459">
    <name>TP3553</name>
  </trkpt>
  <trkpt lat="46.54879" lon="12.17517">
    <name>TP3554</name>
  </trkpt>
  <trkpt lat="46.54877" lon="12.17552">
    <name>TP3555</name>
  </trkpt>
  <trkpt lat="46.54877" lon="12.17557">
    <name>TP3556</name>
  </trkpt>
  <trkpt lat="46.54877" lon="12.17577">
    <name>TP3557</name>
  </trkpt>
  <trkpt lat="46.5488" lon="12.17598">
    <name>TP3558</name>
  </trkpt>
  <trkpt lat="46.54884" lon="12.17619">
    <name>TP3559</name>
  </trkpt>
  <trkpt lat="46.54887" lon="12.17637">
    <name>TP3560</name>
  </trkpt>
  <trkpt lat="46.54894" lon="12.17658">
    <name>TP3561</name>
  </trkpt>
  <trkpt lat="46.54899" lon="12.17678">
    <name>TP3562</name>
  </trkpt>
  <trkpt lat="46.54905" lon="12.17701">
    <name>TP3563</name>
  </trkpt>
  <trkpt lat="46.54909" lon="12.17713">
    <name>TP3564</name>
  </trkpt>
  <trkpt lat="46.54912" lon="12.1772">
    <name>TP3565</name>
  </trkpt>
  <trkpt lat="46.54919" lon="12.17735">
    <name>TP3566</name>
  </trkpt>
  <trkpt lat="46.54924" lon="12.17746">
    <name>TP3567</name>
  </trkpt>
  <trkpt lat="46.54934" lon="12.17764">
    <name>TP3568</name>
  </trkpt>
  <trkpt lat="46.54952" lon="12.17797">
    <name>TP3569</name>
  </trkpt>
  <trkpt lat="46.54956" lon="12.1781">
    <name>TP3570</name>
  </trkpt>
  <trkpt lat="46.54959" lon="12.17823">
    <name>TP3571</name>
  </trkpt>
  <trkpt lat="46.54959" lon="12.17826">
    <name>TP3572</name>
  </trkpt>
  <trkpt lat="46.5496" lon="12.17829">
    <name>TP3573</name>
  </trkpt>
  <trkpt lat="46.5496" lon="12.17835">
    <name>TP3574</name>
  </trkpt>
  <trkpt lat="46.54963" lon="12.17861">
    <name>TP3575</name>
  </trkpt>
  <trkpt lat="46.54963" lon="12.17864">
    <name>TP3576</name>
  </trkpt>
  <trkpt lat="46.54965" lon="12.17936">
    <name>TP3577</name>
  </trkpt>
  <trkpt lat="46.54971" lon="12.17991">
    <name>TP3578</name>
  </trkpt>
  <trkpt lat="46.54973" lon="12.18015">
    <name>TP3579</name>
  </trkpt>
  <trkpt lat="46.54974" lon="12.18017">
    <name>TP3580</name>
  </trkpt>
  <trkpt lat="46.54979" lon="12.1806">
    <name>TP3581</name>
  </trkpt>
  <trkpt lat="46.5498" lon="12.18069">
    <name>TP3582</name>
  </trkpt>
  <trkpt lat="46.54981" lon="12.18082">
    <name>TP3583</name>
  </trkpt>
  <trkpt lat="46.54982" lon="12.18086">
    <name>TP3584</name>
  </trkpt>
  <trkpt lat="46.54985" lon="12.18111">
    <name>TP3585</name>
  </trkpt>
  <trkpt lat="46.54988" lon="12.18134">
    <name>TP3586</name>
  </trkpt>
  <trkpt lat="46.54988" lon="12.18137">
    <name>TP3587</name>
  </trkpt>
  <trkpt lat="46.54989" lon="12.18146">
    <name>TP3588</name>
  </trkpt>
  <trkpt lat="46.54989" lon="12.18159">
    <name>TP3589</name>
  </trkpt>
  <trkpt lat="46.54989" lon="12.18163">
    <name>TP3590</name>
  </trkpt>
  <trkpt lat="46.54989" lon="12.18173">
    <name>TP3591</name>
  </trkpt>
  <trkpt lat="46.54988" lon="12.18205">
    <name>TP3592</name>
  </trkpt>
  <trkpt lat="46.54988" lon="12.18215">
    <name>TP3593</name>
  </trkpt>
  <trkpt lat="46.54988" lon="12.18233">
    <name>TP3594</name>
  </trkpt>
  <trkpt lat="46.54989" lon="12.18242">
    <name>TP3595</name>
  </trkpt>
  <trkpt lat="46.54989" lon="12.1825">
    <name>TP3596</name>
  </trkpt>
  <trkpt lat="46.5499" lon="12.18257">
    <name>TP3597</name>
  </trkpt>
  <trkpt lat="46.54991" lon="12.18263">
    <name>TP3598</name>
  </trkpt>
  <trkpt lat="46.54993" lon="12.18276">
    <name>TP3599</name>
  </trkpt>
  <trkpt lat="46.54994" lon="12.1828">
    <name>TP3600</name>
  </trkpt>
  <trkpt lat="46.54996" lon="12.18288">
    <name>TP3601</name>
  </trkpt>
  <trkpt lat="46.55" lon="12.183">
    <name>TP3602</name>
  </trkpt>
  <trkpt lat="46.55004" lon="12.18316">
    <name>TP3603</name>
  </trkpt>
  <trkpt lat="46.55004" lon="12.18317">
    <name>TP3604</name>
  </trkpt>
  <trkpt lat="46.55009" lon="12.18337">
    <name>TP3605</name>
  </trkpt>
  <trkpt lat="46.5501" lon="12.18341">
    <name>TP3606</name>
  </trkpt>
  <trkpt lat="46.55012" lon="12.18349">
    <name>TP3607</name>
  </trkpt>
  <trkpt lat="46.55019" lon="12.18376">
    <name>TP3608</name>
  </trkpt>
  <trkpt lat="46.55036" lon="12.18439">
    <name>TP3609</name>
  </trkpt>
  <trkpt lat="46.55049" lon="12.18494">
    <name>TP3610</name>
  </trkpt>
  <trkpt lat="46.55059" lon="12.18533">
    <name>TP3611</name>
  </trkpt>
  <trkpt lat="46.5506" lon="12.18537">
    <name>TP3612</name>
  </trkpt>
  <trkpt lat="46.55062" lon="12.18544">
    <name>TP3613</name>
  </trkpt>
  <trkpt lat="46.55062" lon="12.18545">
    <name>TP3614</name>
  </trkpt>
  <trkpt lat="46.55067" lon="12.18561">
    <name>TP3615</name>
  </trkpt>
  <trkpt lat="46.55068" lon="12.18564">
    <name>TP3616</name>
  </trkpt>
  <trkpt lat="46.55074" lon="12.18578">
    <name>TP3617</name>
  </trkpt>
  <trkpt lat="46.5508" lon="12.18591">
    <name>TP3618</name>
  </trkpt>
  <trkpt lat="46.55094" lon="12.18611">
    <name>TP3619</name>
  </trkpt>
  <trkpt lat="46.551" lon="12.18617">
    <name>TP3620</name>
  </trkpt>
  <trkpt lat="46.55102" lon="12.1862">
    <name>TP3621</name>
  </trkpt>
  <trkpt lat="46.55107" lon="12.18625">
    <name>TP3622</name>
  </trkpt>
  <trkpt lat="46.55114" lon="12.18633">
    <name>TP3623</name>
  </trkpt>
  <trkpt lat="46.55117" lon="12.18635">
    <name>TP3624</name>
  </trkpt>
  <trkpt lat="46.55133" lon="12.18652">
    <name>TP3625</name>
  </trkpt>
  <trkpt lat="46.55136" lon="12.18656">
    <name>TP3626</name>
  </trkpt>
  <trkpt lat="46.55141" lon="12.1866">
    <name>TP3627</name>
  </trkpt>
  <trkpt lat="46.55143" lon="12.18664">
    <name>TP3628</name>
  </trkpt>
  <trkpt lat="46.55145" lon="12.18667">
    <name>TP3629</name>
  </trkpt>
  <trkpt lat="46.55148" lon="12.18671">
    <name>TP3630</name>
  </trkpt>
  <trkpt lat="46.55149" lon="12.18674">
    <name>TP3631</name>
  </trkpt>
  <trkpt lat="46.55153" lon="12.18685">
    <name>TP3632</name>
  </trkpt>
  <trkpt lat="46.55154" lon="12.18686">
    <name>TP3633</name>
  </trkpt>
  <trkpt lat="46.55155" lon="12.18689">
    <name>TP3634</name>
  </trkpt>
  <trkpt lat="46.55157" lon="12.18697">
    <name>TP3635</name>
  </trkpt>
  <trkpt lat="46.55159" lon="12.18703">
    <name>TP3636</name>
  </trkpt>
  <trkpt lat="46.5516" lon="12.18714">
    <name>TP3637</name>
  </trkpt>
  <trkpt lat="46.5516" lon="12.18718">
    <name>TP3638</name>
  </trkpt>
  <trkpt lat="46.55161" lon="12.18736">
    <name>TP3639</name>
  </trkpt>
  <trkpt lat="46.55161" lon="12.1874">
    <name>TP3640</name>
  </trkpt>
  <trkpt lat="46.55161" lon="12.18749">
    <name>TP3641</name>
  </trkpt>
  <trkpt lat="46.5516" lon="12.18782">
    <name>TP3642</name>
  </trkpt>
  <trkpt lat="46.55159" lon="12.18801">
    <name>TP3643</name>
  </trkpt>
  <trkpt lat="46.55158" lon="12.18818">
    <name>TP3644</name>
  </trkpt>
  <trkpt lat="46.55158" lon="12.18827">
    <name>TP3645</name>
  </trkpt>
  <trkpt lat="46.55158" lon="12.18832">
    <name>TP3646</name>
  </trkpt>
  <trkpt lat="46.55158" lon="12.18843">
    <name>TP3647</name>
  </trkpt>
  <trkpt lat="46.55157" lon="12.18858">
    <name>TP3648</name>
  </trkpt>
  <trkpt lat="46.55156" lon="12.18863">
    <name>TP3649</name>
  </trkpt>
  <trkpt lat="46.55153" lon="12.18878">
    <name>TP3650</name>
  </trkpt>
  <trkpt lat="46.55151" lon="12.18883">
    <name>TP3651</name>
  </trkpt>
  <trkpt lat="46.55148" lon="12.18895">
    <name>TP3652</name>
  </trkpt>
  <trkpt lat="46.55145" lon="12.18908">
    <name>TP3653</name>
  </trkpt>
  <trkpt lat="46.55144" lon="12.18916">
    <name>TP3654</name>
  </trkpt>
  <trkpt lat="46.55142" lon="12.18936">
    <name>TP3655</name>
  </trkpt>
  <trkpt lat="46.55142" lon="12.18954">
    <name>TP3656</name>
  </trkpt>
  <trkpt lat="46.55142" lon="12.18959">
    <name>TP3657</name>
  </trkpt>
  <trkpt lat="46.55143" lon="12.18979">
    <name>TP3658</name>
  </trkpt>
  <trkpt lat="46.55144" lon="12.18985">
    <name>TP3659</name>
  </trkpt>
  <trkpt lat="46.55146" lon="12.18995">
    <name>TP3660</name>
  </trkpt>
  <trkpt lat="46.55148" lon="12.19009">
    <name>TP3661</name>
  </trkpt>
  <trkpt lat="46.55155" lon="12.19035">
    <name>TP3662</name>
  </trkpt>
  <trkpt lat="46.55158" lon="12.19051">
    <name>TP3663</name>
  </trkpt>
  <trkpt lat="46.5516" lon="12.19057">
    <name>TP3664</name>
  </trkpt>
  <trkpt lat="46.55162" lon="12.19063">
    <name>TP3665</name>
  </trkpt>
  <trkpt lat="46.55167" lon="12.1908">
    <name>TP3666</name>
  </trkpt>
  <trkpt lat="46.55172" lon="12.19088">
    <name>TP3667</name>
  </trkpt>
  <trkpt lat="46.55174" lon="12.1909">
    <name>TP3668</name>
  </trkpt>
  <trkpt lat="46.55177" lon="12.19091">
    <name>TP3669</name>
  </trkpt>
  <trkpt lat="46.55181" lon="12.19091">
    <name>TP3670</name>
  </trkpt>
  <trkpt lat="46.55184" lon="12.19089">
    <name>TP3671</name>
  </trkpt>
  <trkpt lat="46.55187" lon="12.19087">
    <name>TP3672</name>
  </trkpt>
  <trkpt lat="46.55189" lon="12.19084">
    <name>TP3673</name>
  </trkpt>
  <trkpt lat="46.55192" lon="12.1908">
    <name>TP3674</name>
  </trkpt>
  <trkpt lat="46.55206" lon="12.19045">
    <name>TP3675</name>
  </trkpt>
  <trkpt lat="46.55212" lon="12.1903">
    <name>TP3676</name>
  </trkpt>
  <trkpt lat="46.5522" lon="12.19007">
    <name>TP3677</name>
  </trkpt>
  <trkpt lat="46.55223" lon="12.18999">
    <name>TP3678</name>
  </trkpt>
  <trkpt lat="46.55226" lon="12.18991">
    <name>TP3679</name>
  </trkpt>
  <trkpt lat="46.55228" lon="12.18984">
    <name>TP3680</name>
  </trkpt>
  <trkpt lat="46.55235" lon="12.18967">
    <name>TP3681</name>
  </trkpt>
  <trkpt lat="46.55242" lon="12.18952">
    <name>TP3682</name>
  </trkpt>
  <trkpt lat="46.55248" lon="12.18946">
    <name>TP3683</name>
  </trkpt>
  <trkpt lat="46.55253" lon="12.18943">
    <name>TP3684</name>
  </trkpt>
  <trkpt lat="46.55257" lon="12.18942">
    <name>TP3685</name>
  </trkpt>
  <trkpt lat="46.55264" lon="12.18942">
    <name>TP3686</name>
  </trkpt>
  <trkpt lat="46.55268" lon="12.18944">
    <name>TP3687</name>
  </trkpt>
  <trkpt lat="46.5527" lon="12.18944">
    <name>TP3688</name>
  </trkpt>
  <trkpt lat="46.55277" lon="12.18948">
    <name>TP3689</name>
  </trkpt>
  <trkpt lat="46.55282" lon="12.18955">
    <name>TP3690</name>
  </trkpt>
  <trkpt lat="46.55283" lon="12.18957">
    <name>TP3691</name>
  </trkpt>
  <trkpt lat="46.55284" lon="12.18959">
    <name>TP3692</name>
  </trkpt>
  <trkpt lat="46.55286" lon="12.18963">
    <name>TP3693</name>
  </trkpt>
  <trkpt lat="46.5529" lon="12.18972">
    <name>TP3694</name>
  </trkpt>
  <trkpt lat="46.55292" lon="12.1898">
    <name>TP3695</name>
  </trkpt>
  <trkpt lat="46.55292" lon="12.18982">
    <name>TP3696</name>
  </trkpt>
  <trkpt lat="46.55296" lon="12.18997">
    <name>TP3697</name>
  </trkpt>
  <trkpt lat="46.55297" lon="12.19005">
    <name>TP3698</name>
  </trkpt>
  <trkpt lat="46.55303" lon="12.1903">
    <name>TP3699</name>
  </trkpt>
  <trkpt lat="46.55304" lon="12.19031">
    <name>TP3700</name>
  </trkpt>
  <trkpt lat="46.55304" lon="12.19032">
    <name>TP3701</name>
  </trkpt>
  <trkpt lat="46.55308" lon="12.19049">
    <name>TP3702</name>
  </trkpt>
  <trkpt lat="46.5531" lon="12.19056">
    <name>TP3703</name>
  </trkpt>
  <trkpt lat="46.55317" lon="12.1908">
    <name>TP3704</name>
  </trkpt>
  <trkpt lat="46.55318" lon="12.19085">
    <name>TP3705</name>
  </trkpt>
  <trkpt lat="46.55331" lon="12.19128">
    <name>TP3706</name>
  </trkpt>
  <trkpt lat="46.55345" lon="12.19178">
    <name>TP3707</name>
  </trkpt>
  <trkpt lat="46.55352" lon="12.19199">
    <name>TP3708</name>
  </trkpt>
  <trkpt lat="46.55358" lon="12.19217">
    <name>TP3709</name>
  </trkpt>
  <trkpt lat="46.55377" lon="12.19275">
    <name>TP3710</name>
  </trkpt>
  <trkpt lat="46.55398" lon="12.1934">
    <name>TP3711</name>
  </trkpt>
  <trkpt lat="46.55429" lon="12.19435">
    <name>TP3712</name>
  </trkpt>
  <trkpt lat="46.5544" lon="12.19468">
    <name>TP3713</name>
  </trkpt>
  <trkpt lat="46.55446" lon="12.19481">
    <name>TP3714</name>
  </trkpt>
  <trkpt lat="46.55447" lon="12.19483">
    <name>TP3715</name>
  </trkpt>
  <trkpt lat="46.55454" lon="12.19499">
    <name>TP3716</name>
  </trkpt>
  <trkpt lat="46.55455" lon="12.19503">
    <name>TP3717</name>
  </trkpt>
  <trkpt lat="46.55456" lon="12.19505">
    <name>TP3718</name>
  </trkpt>
  <trkpt lat="46.55466" lon="12.19525">
    <name>TP3719</name>
  </trkpt>
  <trkpt lat="46.5549" lon="12.19577">
    <name>TP3720</name>
  </trkpt>
  <trkpt lat="46.55496" lon="12.19591">
    <name>TP3721</name>
  </trkpt>
  <trkpt lat="46.55515" lon="12.19634">
    <name>TP3722</name>
  </trkpt>
  <trkpt lat="46.55522" lon="12.19649">
    <name>TP3723</name>
  </trkpt>
  <trkpt lat="46.55528" lon="12.19662">
    <name>TP3724</name>
  </trkpt>
  <trkpt lat="46.55538" lon="12.19683">
    <name>TP3725</name>
  </trkpt>
  <trkpt lat="46.5556" lon="12.19729">
    <name>TP3726</name>
  </trkpt>
  <trkpt lat="46.55586" lon="12.19792">
    <name>TP3727</name>
  </trkpt>
  <trkpt lat="46.55593" lon="12.19807">
    <name>TP3728</name>
  </trkpt>
  <trkpt lat="46.55598" lon="12.19813">
    <name>TP3729</name>
  </trkpt>
  <trkpt lat="46.55602" lon="12.19816">
    <name>TP3730</name>
  </trkpt>
  <trkpt lat="46.55603" lon="12.19817">
    <name>TP3731</name>
  </trkpt>
  <trkpt lat="46.55606" lon="12.19819">
    <name>TP3732</name>
  </trkpt>
  <trkpt lat="46.55609" lon="12.1982">
    <name>TP3733</name>
  </trkpt>
  <trkpt lat="46.55613" lon="12.19821">
    <name>TP3734</name>
  </trkpt>
  <trkpt lat="46.55615" lon="12.19821">
    <name>TP3735</name>
  </trkpt>
  <trkpt lat="46.55618" lon="12.19821">
    <name>TP3736</name>
  </trkpt>
  <trkpt lat="46.55621" lon="12.1982">
    <name>TP3737</name>
  </trkpt>
  <trkpt lat="46.55624" lon="12.19818">
    <name>TP3738</name>
  </trkpt>
  <trkpt lat="46.55626" lon="12.19815">
    <name>TP3739</name>
  </trkpt>
  <trkpt lat="46.55628" lon="12.1981">
    <name>TP3740</name>
  </trkpt>
  <trkpt lat="46.5563" lon="12.19806">
    <name>TP3741</name>
  </trkpt>
  <trkpt lat="46.55632" lon="12.19798">
    <name>TP3742</name>
  </trkpt>
  <trkpt lat="46.55633" lon="12.19789">
    <name>TP3743</name>
  </trkpt>
  <trkpt lat="46.55635" lon="12.19743">
    <name>TP3744</name>
  </trkpt>
  <trkpt lat="46.55636" lon="12.19684">
    <name>TP3745</name>
  </trkpt>
  <trkpt lat="46.55636" lon="12.19676">
    <name>TP3746</name>
  </trkpt>
  <trkpt lat="46.55636" lon="12.19657">
    <name>TP3747</name>
  </trkpt>
  <trkpt lat="46.55636" lon="12.19655">
    <name>TP3748</name>
  </trkpt>
  <trkpt lat="46.55637" lon="12.1965">
    <name>TP3749</name>
  </trkpt>
  <trkpt lat="46.5564" lon="12.19644">
    <name>TP3750</name>
  </trkpt>
  <trkpt lat="46.55643" lon="12.19639">
    <name>TP3751</name>
  </trkpt>
  <trkpt lat="46.55646" lon="12.19637">
    <name>TP3752</name>
  </trkpt>
  <trkpt lat="46.55647" lon="12.19636">
    <name>TP3753</name>
  </trkpt>
  <trkpt lat="46.5565" lon="12.19635">
    <name>TP3754</name>
  </trkpt>
  <trkpt lat="46.55653" lon="12.19634">
    <name>TP3755</name>
  </trkpt>
  <trkpt lat="46.55657" lon="12.19635">
    <name>TP3756</name>
  </trkpt>
  <trkpt lat="46.55662" lon="12.19637">
    <name>TP3757</name>
  </trkpt>
  <trkpt lat="46.55669" lon="12.19646">
    <name>TP3758</name>
  </trkpt>
  <trkpt lat="46.55675" lon="12.19656">
    <name>TP3759</name>
  </trkpt>
  <trkpt lat="46.55688" lon="12.1968">
    <name>TP3760</name>
  </trkpt>
  <trkpt lat="46.55695" lon="12.19692">
    <name>TP3761</name>
  </trkpt>
  <trkpt lat="46.55706" lon="12.19704">
    <name>TP3762</name>
  </trkpt>
  <trkpt lat="46.55728" lon="12.19721">
    <name>TP3763</name>
  </trkpt>
  <trkpt lat="46.55736" lon="12.19728">
    <name>TP3764</name>
  </trkpt>
  <trkpt lat="46.5574" lon="12.19734">
    <name>TP3765</name>
  </trkpt>
  <trkpt lat="46.55742" lon="12.19741">
    <name>TP3766</name>
  </trkpt>
  <trkpt lat="46.55743" lon="12.1975">
    <name>TP3767</name>
  </trkpt>
  <trkpt lat="46.55744" lon="12.19758">
    <name>TP3768</name>
  </trkpt>
  <trkpt lat="46.55742" lon="12.19766">
    <name>TP3769</name>
  </trkpt>
  <trkpt lat="46.55739" lon="12.19788">
    <name>TP3770</name>
  </trkpt>
  <trkpt lat="46.55736" lon="12.198">
    <name>TP3771</name>
  </trkpt>
  <trkpt lat="46.55735" lon="12.19814">
    <name>TP3772</name>
  </trkpt>
  <trkpt lat="46.55733" lon="12.19829">
    <name>TP3773</name>
  </trkpt>
  <trkpt lat="46.55733" lon="12.19842">
    <name>TP3774</name>
  </trkpt>
  <trkpt lat="46.55733" lon="12.19843">
    <name>TP3775</name>
  </trkpt>
  <trkpt lat="46.55736" lon="12.19869">
    <name>TP3776</name>
  </trkpt>
  <trkpt lat="46.55736" lon="12.19872">
    <name>TP3777</name>
  </trkpt>
  <trkpt lat="46.55739" lon="12.1989">
    <name>TP3778</name>
  </trkpt>
  <trkpt lat="46.55739" lon="12.19895">
    <name>TP3779</name>
  </trkpt>
  <trkpt lat="46.55739" lon="12.19909">
    <name>TP3780</name>
  </trkpt>
  <trkpt lat="46.55737" lon="12.19921">
    <name>TP3781</name>
  </trkpt>
  <trkpt lat="46.55736" lon="12.19935">
    <name>TP3782</name>
  </trkpt>
  <trkpt lat="46.55733" lon="12.19946">
    <name>TP3783</name>
  </trkpt>
  <trkpt lat="46.55731" lon="12.19952">
    <name>TP3784</name>
  </trkpt>
  <trkpt lat="46.55723" lon="12.19978">
    <name>TP3785</name>
  </trkpt>
  <trkpt lat="46.55719" lon="12.19994">
    <name>TP3786</name>
  </trkpt>
  <trkpt lat="46.55717" lon="12.19998">
    <name>TP3787</name>
  </trkpt>
  <trkpt lat="46.55713" lon="12.20017">
    <name>TP3788</name>
  </trkpt>
  <trkpt lat="46.55713" lon="12.20019">
    <name>TP3789</name>
  </trkpt>
  <trkpt lat="46.55712" lon="12.20036">
    <name>TP3790</name>
  </trkpt>
  <trkpt lat="46.55713" lon="12.20044">
    <name>TP3791</name>
  </trkpt>
  <trkpt lat="46.55715" lon="12.20054">
    <name>TP3792</name>
  </trkpt>
  <trkpt lat="46.55723" lon="12.20081">
    <name>TP3793</name>
  </trkpt>
  <trkpt lat="46.55725" lon="12.20092">
    <name>TP3794</name>
  </trkpt>
  <trkpt lat="46.55726" lon="12.20093">
    <name>TP3795</name>
  </trkpt>
  <trkpt lat="46.55728" lon="12.20104">
    <name>TP3796</name>
  </trkpt>
  <trkpt lat="46.55728" lon="12.20109">
    <name>TP3797</name>
  </trkpt>
  <trkpt lat="46.55728" lon="12.20115">
    <name>TP3798</name>
  </trkpt>
  <trkpt lat="46.55728" lon="12.20123">
    <name>TP3799</name>
  </trkpt>
  <trkpt lat="46.55726" lon="12.20129">
    <name>TP3800</name>
  </trkpt>
  <trkpt lat="46.55723" lon="12.20136">
    <name>TP3801</name>
  </trkpt>
  <trkpt lat="46.55719" lon="12.20144">
    <name>TP3802</name>
  </trkpt>
  <trkpt lat="46.55714" lon="12.20155">
    <name>TP3803</name>
  </trkpt>
  <trkpt lat="46.55705" lon="12.20169">
    <name>TP3804</name>
  </trkpt>
  <trkpt lat="46.55698" lon="12.20182">
    <name>TP3805</name>
  </trkpt>
  <trkpt lat="46.55693" lon="12.20194">
    <name>TP3806</name>
  </trkpt>
  <trkpt lat="46.55688" lon="12.20207">
    <name>TP3807</name>
  </trkpt>
  <trkpt lat="46.55684" lon="12.20217">
    <name>TP3808</name>
  </trkpt>
  <trkpt lat="46.55678" lon="12.20234">
    <name>TP3809</name>
  </trkpt>
  <trkpt lat="46.55676" lon="12.2024">
    <name>TP3810</name>
  </trkpt>
  <trkpt lat="46.55669" lon="12.20264">
    <name>TP3811</name>
  </trkpt>
  <trkpt lat="46.55662" lon="12.20288">
    <name>TP3812</name>
  </trkpt>
  <trkpt lat="46.55662" lon="12.20289">
    <name>TP3813</name>
  </trkpt>
  <trkpt lat="46.55639" lon="12.20371">
    <name>TP3814</name>
  </trkpt>
  <trkpt lat="46.55616" lon="12.20453">
    <name>TP3815</name>
  </trkpt>
  <trkpt lat="46.55606" lon="12.20527">
    <name>TP3816</name>
  </trkpt>
  <trkpt lat="46.55602" lon="12.20558">
    <name>TP3817</name>
  </trkpt>
  <trkpt lat="46.55602" lon="12.2059">
    <name>TP3818</name>
  </trkpt>
  <trkpt lat="46.55606" lon="12.20616">
    <name>TP3819</name>
  </trkpt>
  <trkpt lat="46.5561" lon="12.20632">
    <name>TP3820</name>
  </trkpt>
  <trkpt lat="46.55616" lon="12.20653">
    <name>TP3821</name>
  </trkpt>
  <trkpt lat="46.5563" lon="12.20705">
    <name>TP3822</name>
  </trkpt>
  <trkpt lat="46.55634" lon="12.20722">
    <name>TP3823</name>
  </trkpt>
  <trkpt lat="46.55647" lon="12.20774">
    <name>TP3824</name>
  </trkpt>
  <trkpt lat="46.55649" lon="12.2081">
    <name>TP3825</name>
  </trkpt>
  <trkpt lat="46.55651" lon="12.20858">
    <name>TP3826</name>
  </trkpt>
  <trkpt lat="46.5565" lon="12.20891">
    <name>TP3827</name>
  </trkpt>
  <trkpt lat="46.55648" lon="12.20914">
    <name>TP3828</name>
  </trkpt>
  <trkpt lat="46.55647" lon="12.20927">
    <name>TP3829</name>
  </trkpt>
  <trkpt lat="46.55647" lon="12.20934">
    <name>TP3830</name>
  </trkpt>
  <trkpt lat="46.55647" lon="12.20935">
    <name>TP3831</name>
  </trkpt>
  <trkpt lat="46.55649" lon="12.2096">
    <name>TP3832</name>
  </trkpt>
  <trkpt lat="46.55649" lon="12.20961">
    <name>TP3833</name>
  </trkpt>
  <trkpt lat="46.55653" lon="12.20987">
    <name>TP3834</name>
  </trkpt>
  <trkpt lat="46.55653" lon="12.2099">
    <name>TP3835</name>
  </trkpt>
  <trkpt lat="46.55656" lon="12.2101">
    <name>TP3836</name>
  </trkpt>
  <trkpt lat="46.55656" lon="12.21026">
    <name>TP3837</name>
  </trkpt>
  <trkpt lat="46.55655" lon="12.21041">
    <name>TP3838</name>
  </trkpt>
  <trkpt lat="46.55653" lon="12.21052">
    <name>TP3839</name>
  </trkpt>
  <trkpt lat="46.55643" lon="12.21093">
    <name>TP3840</name>
  </trkpt>
  <trkpt lat="46.55637" lon="12.21125">
    <name>TP3841</name>
  </trkpt>
  <trkpt lat="46.55634" lon="12.21144">
    <name>TP3842</name>
  </trkpt>
  <trkpt lat="46.55629" lon="12.21183">
    <name>TP3843</name>
  </trkpt>
  <trkpt lat="46.55628" lon="12.21226">
    <name>TP3844</name>
  </trkpt>
  <trkpt lat="46.55627" lon="12.21269">
    <name>TP3845</name>
  </trkpt>
  <trkpt lat="46.55627" lon="12.21295">
    <name>TP3846</name>
  </trkpt>
  <trkpt lat="46.55627" lon="12.213">
    <name>TP3847</name>
  </trkpt>
  <trkpt lat="46.55626" lon="12.21321">
    <name>TP3848</name>
  </trkpt>
  <trkpt lat="46.55625" lon="12.21356">
    <name>TP3849</name>
  </trkpt>
  <trkpt lat="46.55624" lon="12.2138">
    <name>TP3850</name>
  </trkpt>
  <trkpt lat="46.55624" lon="12.21386">
    <name>TP3851</name>
  </trkpt>
  <trkpt lat="46.55625" lon="12.21399">
    <name>TP3852</name>
  </trkpt>
  <trkpt lat="46.55627" lon="12.21407">
    <name>TP3853</name>
  </trkpt>
  <trkpt lat="46.55628" lon="12.21411">
    <name>TP3854</name>
  </trkpt>
  <trkpt lat="46.55629" lon="12.21413">
    <name>TP3855</name>
  </trkpt>
  <trkpt lat="46.55631" lon="12.21418">
    <name>TP3856</name>
  </trkpt>
  <trkpt lat="46.55634" lon="12.21422">
    <name>TP3857</name>
  </trkpt>
  <trkpt lat="46.55636" lon="12.21425">
    <name>TP3858</name>
  </trkpt>
  <trkpt lat="46.5564" lon="12.21429">
    <name>TP3859</name>
  </trkpt>
  <trkpt lat="46.55641" lon="12.21429">
    <name>TP3860</name>
  </trkpt>
  <trkpt lat="46.55651" lon="12.21434">
    <name>TP3861</name>
  </trkpt>
  <trkpt lat="46.55665" lon="12.21438">
    <name>TP3862</name>
  </trkpt>
  <trkpt lat="46.55677" lon="12.21439">
    <name>TP3863</name>
  </trkpt>
  <trkpt lat="46.55694" lon="12.21441">
    <name>TP3864</name>
  </trkpt>
  <trkpt lat="46.55702" lon="12.21442">
    <name>TP3865</name>
  </trkpt>
  <trkpt lat="46.55703" lon="12.21443">
    <name>TP3866</name>
  </trkpt>
  <trkpt lat="46.5571" lon="12.21447">
    <name>TP3867</name>
  </trkpt>
  <trkpt lat="46.55711" lon="12.21447">
    <name>TP3868</name>
  </trkpt>
  <trkpt lat="46.55717" lon="12.21452">
    <name>TP3869</name>
  </trkpt>
  <trkpt lat="46.55725" lon="12.2146">
    <name>TP3870</name>
  </trkpt>
  <trkpt lat="46.55728" lon="12.21467">
    <name>TP3871</name>
  </trkpt>
  <trkpt lat="46.55733" lon="12.21482">
    <name>TP3872</name>
  </trkpt>
  <trkpt lat="46.55737" lon="12.21499">
    <name>TP3873</name>
  </trkpt>
  <trkpt lat="46.55738" lon="12.21502">
    <name>TP3874</name>
  </trkpt>
  <trkpt lat="46.55742" lon="12.21521">
    <name>TP3875</name>
  </trkpt>
  <trkpt lat="46.55742" lon="12.21523">
    <name>TP3876</name>
  </trkpt>
  <trkpt lat="46.55746" lon="12.21536">
    <name>TP3877</name>
  </trkpt>
  <trkpt lat="46.55751" lon="12.21545">
    <name>TP3878</name>
  </trkpt>
  <trkpt lat="46.55752" lon="12.21546">
    <name>TP3879</name>
  </trkpt>
  <trkpt lat="46.55758" lon="12.21554">
    <name>TP3880</name>
  </trkpt>
  <trkpt lat="46.55766" lon="12.2156">
    <name>TP3881</name>
  </trkpt>
  <trkpt lat="46.55766" lon="12.21561">
    <name>TP3882</name>
  </trkpt>
  <trkpt lat="46.55767" lon="12.21561">
    <name>TP3883</name>
  </trkpt>
  <trkpt lat="46.55774" lon="12.21565">
    <name>TP3884</name>
  </trkpt>
  <trkpt lat="46.5578" lon="12.21569">
    <name>TP3885</name>
  </trkpt>
  <trkpt lat="46.55783" lon="12.2157">
    <name>TP3886</name>
  </trkpt>
  <trkpt lat="46.55783" lon="12.21571">
    <name>TP3887</name>
  </trkpt>
  <trkpt lat="46.55791" lon="12.21575">
    <name>TP3888</name>
  </trkpt>
  <trkpt lat="46.55799" lon="12.2158">
    <name>TP3889</name>
  </trkpt>
  <trkpt lat="46.558" lon="12.21581">
    <name>TP3890</name>
  </trkpt>
  <trkpt lat="46.55811" lon="12.21588">
    <name>TP3891</name>
  </trkpt>
  <trkpt lat="46.55816" lon="12.21593">
    <name>TP3892</name>
  </trkpt>
  <trkpt lat="46.55823" lon="12.216">
    <name>TP3893</name>
  </trkpt>
  <trkpt lat="46.5583" lon="12.21609">
    <name>TP3894</name>
  </trkpt>
  <trkpt lat="46.55832" lon="12.21611">
    <name>TP3895</name>
  </trkpt>
  <trkpt lat="46.55835" lon="12.21618">
    <name>TP3896</name>
  </trkpt>
  <trkpt lat="46.55841" lon="12.21628">
    <name>TP3897</name>
  </trkpt>
  <trkpt lat="46.55842" lon="12.21628">
    <name>TP3898</name>
  </trkpt>
  <trkpt lat="46.55842" lon="12.21629">
    <name>TP3899</name>
  </trkpt>
  <trkpt lat="46.55851" lon="12.2165">
    <name>TP3900</name>
  </trkpt>
  <trkpt lat="46.55852" lon="12.21652">
    <name>TP3901</name>
  </trkpt>
  <trkpt lat="46.55858" lon="12.21672">
    <name>TP3902</name>
  </trkpt>
  <trkpt lat="46.55859" lon="12.21674">
    <name>TP3903</name>
  </trkpt>
  <trkpt lat="46.55861" lon="12.21686">
    <name>TP3904</name>
  </trkpt>
  <trkpt lat="46.55863" lon="12.21694">
    <name>TP3905</name>
  </trkpt>
  <trkpt lat="46.55863" lon="12.21699">
    <name>TP3906</name>
  </trkpt>
  <trkpt lat="46.55865" lon="12.21711">
    <name>TP3907</name>
  </trkpt>
  <trkpt lat="46.55865" lon="12.21719">
    <name>TP3908</name>
  </trkpt>
  <trkpt lat="46.55866" lon="12.21725">
    <name>TP3909</name>
  </trkpt>
  <trkpt lat="46.55866" lon="12.21731">
    <name>TP3910</name>
  </trkpt>
  <trkpt lat="46.55866" lon="12.21749">
    <name>TP3911</name>
  </trkpt>
  <trkpt lat="46.55866" lon="12.21751">
    <name>TP3912</name>
  </trkpt>
  <trkpt lat="46.55865" lon="12.21772">
    <name>TP3913</name>
  </trkpt>
  <trkpt lat="46.55862" lon="12.21789">
    <name>TP3914</name>
  </trkpt>
  <trkpt lat="46.5586" lon="12.21796">
    <name>TP3915</name>
  </trkpt>
  <trkpt lat="46.55858" lon="12.21806">
    <name>TP3916</name>
  </trkpt>
  <trkpt lat="46.55857" lon="12.2181">
    <name>TP3917</name>
  </trkpt>
  <trkpt lat="46.55856" lon="12.21813">
    <name>TP3918</name>
  </trkpt>
  <trkpt lat="46.5585" lon="12.21828">
    <name>TP3919</name>
  </trkpt>
  <trkpt lat="46.55847" lon="12.21836">
    <name>TP3920</name>
  </trkpt>
  <trkpt lat="46.55843" lon="12.21848">
    <name>TP3921</name>
  </trkpt>
  <trkpt lat="46.5584" lon="12.21852">
    <name>TP3922</name>
  </trkpt>
  <trkpt lat="46.55837" lon="12.21858">
    <name>TP3923</name>
  </trkpt>
  <trkpt lat="46.55833" lon="12.21865">
    <name>TP3924</name>
  </trkpt>
  <trkpt lat="46.55829" lon="12.21872">
    <name>TP3925</name>
  </trkpt>
  <trkpt lat="46.55824" lon="12.21879">
    <name>TP3926</name>
  </trkpt>
  <trkpt lat="46.55813" lon="12.21891">
    <name>TP3927</name>
  </trkpt>
  <trkpt lat="46.55811" lon="12.21893">
    <name>TP3928</name>
  </trkpt>
  <trkpt lat="46.558" lon="12.21904">
    <name>TP3929</name>
  </trkpt>
  <trkpt lat="46.55796" lon="12.21908">
    <name>TP3930</name>
  </trkpt>
  <trkpt lat="46.55795" lon="12.21908">
    <name>TP3931</name>
  </trkpt>
  <trkpt lat="46.55792" lon="12.21912">
    <name>TP3932</name>
  </trkpt>
  <trkpt lat="46.55781" lon="12.21923">
    <name>TP3933</name>
  </trkpt>
  <trkpt lat="46.55779" lon="12.21924">
    <name>TP3934</name>
  </trkpt>
  <trkpt lat="46.55767" lon="12.21938">
    <name>TP3935</name>
  </trkpt>
  <trkpt lat="46.55762" lon="12.21943">
    <name>TP3936</name>
  </trkpt>
  <trkpt lat="46.55754" lon="12.21957">
    <name>TP3937</name>
  </trkpt>
  <trkpt lat="46.55747" lon="12.2197">
    <name>TP3938</name>
  </trkpt>
  <trkpt lat="46.5574" lon="12.21987">
    <name>TP3939</name>
  </trkpt>
  <trkpt lat="46.55737" lon="12.22002">
    <name>TP3940</name>
  </trkpt>
  <trkpt lat="46.55736" lon="12.2201">
    <name>TP3941</name>
  </trkpt>
  <trkpt lat="46.55736" lon="12.22013">
    <name>TP3942</name>
  </trkpt>
  <trkpt lat="46.55736" lon="12.22021">
    <name>TP3943</name>
  </trkpt>
  <trkpt lat="46.55737" lon="12.22028">
    <name>TP3944</name>
  </trkpt>
  <trkpt lat="46.55737" lon="12.22035">
    <name>TP3945</name>
  </trkpt>
  <trkpt lat="46.55736" lon="12.22058">
    <name>TP3946</name>
  </trkpt>
  <trkpt lat="46.55735" lon="12.22069">
    <name>TP3947</name>
  </trkpt>
  <trkpt lat="46.55734" lon="12.22079">
    <name>TP3948</name>
  </trkpt>
  <trkpt lat="46.55721" lon="12.22142">
    <name>TP3949</name>
  </trkpt>
  <trkpt lat="46.5572" lon="12.22148">
    <name>TP3950</name>
  </trkpt>
  <trkpt lat="46.55719" lon="12.22156">
    <name>TP3951</name>
  </trkpt>
  <trkpt lat="46.55717" lon="12.22163">
    <name>TP3952</name>
  </trkpt>
  <trkpt lat="46.55713" lon="12.22189">
    <name>TP3953</name>
  </trkpt>
  <trkpt lat="46.55709" lon="12.22204">
    <name>TP3954</name>
  </trkpt>
  <trkpt lat="46.55708" lon="12.22206">
    <name>TP3955</name>
  </trkpt>
  <trkpt lat="46.55705" lon="12.22215">
    <name>TP3956</name>
  </trkpt>
  <trkpt lat="46.55695" lon="12.22231">
    <name>TP3957</name>
  </trkpt>
  <trkpt lat="46.55688" lon="12.22247">
    <name>TP3958</name>
  </trkpt>
  <trkpt lat="46.55688" lon="12.22248">
    <name>TP3959</name>
  </trkpt>
  <trkpt lat="46.55682" lon="12.22263">
    <name>TP3960</name>
  </trkpt>
  <trkpt lat="46.55678" lon="12.22283">
    <name>TP3961</name>
  </trkpt>
  <trkpt lat="46.55675" lon="12.22314">
    <name>TP3962</name>
  </trkpt>
  <trkpt lat="46.55675" lon="12.22316">
    <name>TP3963</name>
  </trkpt>
  <trkpt lat="46.55674" lon="12.22331">
    <name>TP3964</name>
  </trkpt>
  <trkpt lat="46.55673" lon="12.22342">
    <name>TP3965</name>
  </trkpt>
  <trkpt lat="46.55673" lon="12.2235">
    <name>TP3966</name>
  </trkpt>
  <trkpt lat="46.5567" lon="12.22385">
    <name>TP3967</name>
  </trkpt>
  <trkpt lat="46.55669" lon="12.22402">
    <name>TP3968</name>
  </trkpt>
  <trkpt lat="46.55667" lon="12.22428">
    <name>TP3969</name>
  </trkpt>
  <trkpt lat="46.55666" lon="12.22436">
    <name>TP3970</name>
  </trkpt>
  <trkpt lat="46.55663" lon="12.22475">
    <name>TP3971</name>
  </trkpt>
  <trkpt lat="46.55661" lon="12.22488">
    <name>TP3972</name>
  </trkpt>
  <trkpt lat="46.5566" lon="12.22496">
    <name>TP3973</name>
  </trkpt>
  <trkpt lat="46.55659" lon="12.22498">
    <name>TP3974</name>
  </trkpt>
  <trkpt lat="46.55656" lon="12.22513">
    <name>TP3975</name>
  </trkpt>
  <trkpt lat="46.55655" lon="12.22519">
    <name>TP3976</name>
  </trkpt>
  <trkpt lat="46.55651" lon="12.22538">
    <name>TP3977</name>
  </trkpt>
  <trkpt lat="46.55649" lon="12.22548">
    <name>TP3978</name>
  </trkpt>
  <trkpt lat="46.55646" lon="12.22563">
    <name>TP3979</name>
  </trkpt>
  <trkpt lat="46.55643" lon="12.22575">
    <name>TP3980</name>
  </trkpt>
  <trkpt lat="46.55641" lon="12.22588">
    <name>TP3981</name>
  </trkpt>
  <trkpt lat="46.55633" lon="12.22624">
    <name>TP3982</name>
  </trkpt>
  <trkpt lat="46.55631" lon="12.22636">
    <name>TP3983</name>
  </trkpt>
  <trkpt lat="46.5562" lon="12.22683">
    <name>TP3984</name>
  </trkpt>
  <trkpt lat="46.55616" lon="12.22707">
    <name>TP3985</name>
  </trkpt>
  <trkpt lat="46.55614" lon="12.22724">
    <name>TP3986</name>
  </trkpt>
  <trkpt lat="46.55613" lon="12.2274">
    <name>TP3987</name>
  </trkpt>
  <trkpt lat="46.55611" lon="12.22758">
    <name>TP3988</name>
  </trkpt>
  <trkpt lat="46.5561" lon="12.22783">
    <name>TP3989</name>
  </trkpt>
  <trkpt lat="46.55611" lon="12.22804">
    <name>TP3990</name>
  </trkpt>
  <trkpt lat="46.55613" lon="12.22826">
    <name>TP3991</name>
  </trkpt>
  <trkpt lat="46.55616" lon="12.22849">
    <name>TP3992</name>
  </trkpt>
  <trkpt lat="46.55626" lon="12.22894">
    <name>TP3993</name>
  </trkpt>
  <trkpt lat="46.55626" lon="12.22897">
    <name>TP3994</name>
  </trkpt>
  <trkpt lat="46.55637" lon="12.2295">
    <name>TP3995</name>
  </trkpt>
  <trkpt lat="46.55641" lon="12.22969">
    <name>TP3996</name>
  </trkpt>
  <trkpt lat="46.55644" lon="12.22978">
    <name>TP3997</name>
  </trkpt>
  <trkpt lat="46.55649" lon="12.22992">
    <name>TP3998</name>
  </trkpt>
  <trkpt lat="46.5565" lon="12.22995">
    <name>TP3999</name>
  </trkpt>
  <trkpt lat="46.55657" lon="12.23013">
    <name>TP4000</name>
  </trkpt>
  <trkpt lat="46.5566" lon="12.23023">
    <name>TP4001</name>
  </trkpt>
  <trkpt lat="46.55667" lon="12.23038">
    <name>TP4002</name>
  </trkpt>
  <trkpt lat="46.55674" lon="12.23048">
    <name>TP4003</name>
  </trkpt>
  <trkpt lat="46.55678" lon="12.23056">
    <name>TP4004</name>
  </trkpt>
  <trkpt lat="46.55681" lon="12.23062">
    <name>TP4005</name>
  </trkpt>
  <trkpt lat="46.55686" lon="12.23075">
    <name>TP4006</name>
  </trkpt>
  <trkpt lat="46.55687" lon="12.2308">
    <name>TP4007</name>
  </trkpt>
  <trkpt lat="46.55688" lon="12.23085">
    <name>TP4008</name>
  </trkpt>
  <trkpt lat="46.55689" lon="12.23091">
    <name>TP4009</name>
  </trkpt>
  <trkpt lat="46.5569" lon="12.23106">
    <name>TP4010</name>
  </trkpt>
  <trkpt lat="46.55691" lon="12.23114">
    <name>TP4011</name>
  </trkpt>
  <trkpt lat="46.55693" lon="12.23143">
    <name>TP4012</name>
  </trkpt>
  <trkpt lat="46.55693" lon="12.23145">
    <name>TP4013</name>
  </trkpt>
  <trkpt lat="46.55694" lon="12.23158">
    <name>TP4014</name>
  </trkpt>
  <trkpt lat="46.557" lon="12.23207">
    <name>TP4015</name>
  </trkpt>
  <trkpt lat="46.55703" lon="12.23228">
    <name>TP4016</name>
  </trkpt>
  <trkpt lat="46.55704" lon="12.23235">
    <name>TP4017</name>
  </trkpt>
  <trkpt lat="46.55705" lon="12.23246">
    <name>TP4018</name>
  </trkpt>
  <trkpt lat="46.55709" lon="12.23261">
    <name>TP4019</name>
  </trkpt>
  <trkpt lat="46.55713" lon="12.23275">
    <name>TP4020</name>
  </trkpt>
  <trkpt lat="46.55721" lon="12.23296">
    <name>TP4021</name>
  </trkpt>
  <trkpt lat="46.55726" lon="12.23306">
    <name>TP4022</name>
  </trkpt>
  <trkpt lat="46.55729" lon="12.23311">
    <name>TP4023</name>
  </trkpt>
  <trkpt lat="46.5574" lon="12.23329">
    <name>TP4024</name>
  </trkpt>
  <trkpt lat="46.55742" lon="12.23335">
    <name>TP4025</name>
  </trkpt>
  <trkpt lat="46.55752" lon="12.23355">
    <name>TP4026</name>
  </trkpt>
  <trkpt lat="46.55752" lon="12.23356">
    <name>TP4027</name>
  </trkpt>
  <trkpt lat="46.55763" lon="12.23376">
    <name>TP4028</name>
  </trkpt>
  <trkpt lat="46.55763" lon="12.23377">
    <name>TP4029</name>
  </trkpt>
  <trkpt lat="46.55777" lon="12.23399">
    <name>TP4030</name>
  </trkpt>
  <trkpt lat="46.55789" lon="12.23413">
    <name>TP4031</name>
  </trkpt>
  <trkpt lat="46.55793" lon="12.23417">
    <name>TP4032</name>
  </trkpt>
  <trkpt lat="46.55804" lon="12.23427">
    <name>TP4033</name>
  </trkpt>
  <trkpt lat="46.55811" lon="12.23432">
    <name>TP4034</name>
  </trkpt>
  <trkpt lat="46.55831" lon="12.23461">
    <name>TP4035</name>
  </trkpt>
  <trkpt lat="46.55844" lon="12.2348">
    <name>TP4036</name>
  </trkpt>
  <trkpt lat="46.55856" lon="12.23499">
    <name>TP4037</name>
  </trkpt>
  <trkpt lat="46.55863" lon="12.23509">
    <name>TP4038</name>
  </trkpt>
  <trkpt lat="46.55869" lon="12.23517">
    <name>TP4039</name>
  </trkpt>
  <trkpt lat="46.55881" lon="12.23536">
    <name>TP4040</name>
  </trkpt>
  <trkpt lat="46.55886" lon="12.23545">
    <name>TP4041</name>
  </trkpt>
  <trkpt lat="46.55894" lon="12.23554">
    <name>TP4042</name>
  </trkpt>
  <trkpt lat="46.55895" lon="12.23555">
    <name>TP4043</name>
  </trkpt>
  <trkpt lat="46.55906" lon="12.23564">
    <name>TP4044</name>
  </trkpt>
  <trkpt lat="46.5591" lon="12.23566">
    <name>TP4045</name>
  </trkpt>
  <trkpt lat="46.55915" lon="12.23569">
    <name>TP4046</name>
  </trkpt>
  <trkpt lat="46.55926" lon="12.23573">
    <name>TP4047</name>
  </trkpt>
  <trkpt lat="46.55928" lon="12.23573">
    <name>TP4048</name>
  </trkpt>
  <trkpt lat="46.5594" lon="12.23577">
    <name>TP4049</name>
  </trkpt>
  <trkpt lat="46.55945" lon="12.23579">
    <name>TP4050</name>
  </trkpt>
  <trkpt lat="46.55963" lon="12.23583">
    <name>TP4051</name>
  </trkpt>
  <trkpt lat="46.5597" lon="12.23584">
    <name>TP4052</name>
  </trkpt>
  <trkpt lat="46.55976" lon="12.23584">
    <name>TP4053</name>
  </trkpt>
  <trkpt lat="46.5599" lon="12.2358">
    <name>TP4054</name>
  </trkpt>
  <trkpt lat="46.55998" lon="12.23577">
    <name>TP4055</name>
  </trkpt>
  <trkpt lat="46.56008" lon="12.23574">
    <name>TP4056</name>
  </trkpt>
  <trkpt lat="46.56013" lon="12.23574">
    <name>TP4057</name>
  </trkpt>
  <trkpt lat="46.56016" lon="12.23574">
    <name>TP4058</name>
  </trkpt>
  <trkpt lat="46.56025" lon="12.23577">
    <name>TP4059</name>
  </trkpt>
  <trkpt lat="46.56046" lon="12.23589">
    <name>TP4060</name>
  </trkpt>
  <trkpt lat="46.5605" lon="12.23592">
    <name>TP4061</name>
  </trkpt>
  <trkpt lat="46.56054" lon="12.23596">
    <name>TP4062</name>
  </trkpt>
  <trkpt lat="46.5606" lon="12.23603">
    <name>TP4063</name>
  </trkpt>
  <trkpt lat="46.56072" lon="12.23624">
    <name>TP4064</name>
  </trkpt>
  <trkpt lat="46.56075" lon="12.23629">
    <name>TP4065</name>
  </trkpt>
  <trkpt lat="46.56079" lon="12.23637">
    <name>TP4066</name>
  </trkpt>
  <trkpt lat="46.56084" lon="12.23648">
    <name>TP4067</name>
  </trkpt>
  <trkpt lat="46.56085" lon="12.23651">
    <name>TP4068</name>
  </trkpt>
  <trkpt lat="46.56088" lon="12.23663">
    <name>TP4069</name>
  </trkpt>
  <trkpt lat="46.5609" lon="12.23675">
    <name>TP4070</name>
  </trkpt>
  <trkpt lat="46.56091" lon="12.23679">
    <name>TP4071</name>
  </trkpt>
  <trkpt lat="46.56094" lon="12.23712">
    <name>TP4072</name>
  </trkpt>
  <trkpt lat="46.56095" lon="12.23725">
    <name>TP4073</name>
  </trkpt>
  <trkpt lat="46.56096" lon="12.23727">
    <name>TP4074</name>
  </trkpt>
  <trkpt lat="46.56097" lon="12.23732">
    <name>TP4075</name>
  </trkpt>
  <trkpt lat="46.561" lon="12.2374">
    <name>TP4076</name>
  </trkpt>
  <trkpt lat="46.56104" lon="12.23747">
    <name>TP4077</name>
  </trkpt>
  <trkpt lat="46.56105" lon="12.23749">
    <name>TP4078</name>
  </trkpt>
  <trkpt lat="46.56119" lon="12.23765">
    <name>TP4079</name>
  </trkpt>
  <trkpt lat="46.5612" lon="12.23767">
    <name>TP4080</name>
  </trkpt>
  <trkpt lat="46.56129" lon="12.23774">
    <name>TP4081</name>
  </trkpt>
  <trkpt lat="46.56135" lon="12.23778">
    <name>TP4082</name>
  </trkpt>
  <trkpt lat="46.56139" lon="12.23781">
    <name>TP4083</name>
  </trkpt>
  <trkpt lat="46.56149" lon="12.23785">
    <name>TP4084</name>
  </trkpt>
  <trkpt lat="46.56152" lon="12.23786">
    <name>TP4085</name>
  </trkpt>
  <trkpt lat="46.56163" lon="12.2379">
    <name>TP4086</name>
  </trkpt>
  <trkpt lat="46.56171" lon="12.23795">
    <name>TP4087</name>
  </trkpt>
  <trkpt lat="46.56177" lon="12.23801">
    <name>TP4088</name>
  </trkpt>
  <trkpt lat="46.56183" lon="12.2381">
    <name>TP4089</name>
  </trkpt>
  <trkpt lat="46.56186" lon="12.23815">
    <name>TP4090</name>
  </trkpt>
  <trkpt lat="46.56194" lon="12.23831">
    <name>TP4091</name>
  </trkpt>
  <trkpt lat="46.56205" lon="12.23851">
    <name>TP4092</name>
  </trkpt>
  <trkpt lat="46.56207" lon="12.23854">
    <name>TP4093</name>
  </trkpt>
  <trkpt lat="46.56216" lon="12.23872">
    <name>TP4094</name>
  </trkpt>
  <trkpt lat="46.56227" lon="12.23893">
    <name>TP4095</name>
  </trkpt>
  <trkpt lat="46.56238" lon="12.23914">
    <name>TP4096</name>
  </trkpt>
  <trkpt lat="46.56241" lon="12.23919">
    <name>TP4097</name>
  </trkpt>
  <trkpt lat="46.56251" lon="12.23939">
    <name>TP4098</name>
  </trkpt>
  <trkpt lat="46.56257" lon="12.23949">
    <name>TP4099</name>
  </trkpt>
  <trkpt lat="46.56263" lon="12.23959">
    <name>TP4100</name>
  </trkpt>
  <trkpt lat="46.56265" lon="12.23962">
    <name>TP4101</name>
  </trkpt>
  <trkpt lat="46.56273" lon="12.2397">
    <name>TP4102</name>
  </trkpt>
  <trkpt lat="46.56274" lon="12.23971">
    <name>TP4103</name>
  </trkpt>
  <trkpt lat="46.56278" lon="12.23974">
    <name>TP4104</name>
  </trkpt>
  <trkpt lat="46.56284" lon="12.23978">
    <name>TP4105</name>
  </trkpt>
  <trkpt lat="46.56298" lon="12.23985">
    <name>TP4106</name>
  </trkpt>
  <trkpt lat="46.56308" lon="12.23993">
    <name>TP4107</name>
  </trkpt>
  <trkpt lat="46.56311" lon="12.23996">
    <name>TP4108</name>
  </trkpt>
  <trkpt lat="46.56314" lon="12.24">
    <name>TP4109</name>
  </trkpt>
  <trkpt lat="46.56317" lon="12.24006">
    <name>TP4110</name>
  </trkpt>
  <trkpt lat="46.56319" lon="12.24011">
    <name>TP4111</name>
  </trkpt>
  <trkpt lat="46.5632" lon="12.24017">
    <name>TP4112</name>
  </trkpt>
  <trkpt lat="46.56321" lon="12.24017">
    <name>TP4113</name>
  </trkpt>
  <trkpt lat="46.56324" lon="12.24035">
    <name>TP4114</name>
  </trkpt>
  <trkpt lat="46.56325" lon="12.24042">
    <name>TP4115</name>
  </trkpt>
  <trkpt lat="46.56327" lon="12.2405">
    <name>TP4116</name>
  </trkpt>
  <trkpt lat="46.56329" lon="12.2406">
    <name>TP4117</name>
  </trkpt>
  <trkpt lat="46.56331" lon="12.24067">
    <name>TP4118</name>
  </trkpt>
  <trkpt lat="46.56333" lon="12.24075">
    <name>TP4119</name>
  </trkpt>
  <trkpt lat="46.56336" lon="12.24086">
    <name>TP4120</name>
  </trkpt>
  <trkpt lat="46.56339" lon="12.2409">
    <name>TP4121</name>
  </trkpt>
  <trkpt lat="46.56347" lon="12.24105">
    <name>TP4122</name>
  </trkpt>
  <trkpt lat="46.5635" lon="12.24111">
    <name>TP4123</name>
  </trkpt>
  <trkpt lat="46.56362" lon="12.2413">
    <name>TP4124</name>
  </trkpt>
  <trkpt lat="46.56368" lon="12.24139">
    <name>TP4125</name>
  </trkpt>
  <trkpt lat="46.56375" lon="12.24148">
    <name>TP4126</name>
  </trkpt>
  <trkpt lat="46.56376" lon="12.24149">
    <name>TP4127</name>
  </trkpt>
  <trkpt lat="46.56382" lon="12.24155">
    <name>TP4128</name>
  </trkpt>
  <trkpt lat="46.56387" lon="12.24157">
    <name>TP4129</name>
  </trkpt>
  <trkpt lat="46.56388" lon="12.24158">
    <name>TP4130</name>
  </trkpt>
  <trkpt lat="46.56403" lon="12.24162">
    <name>TP4131</name>
  </trkpt>
  <trkpt lat="46.56419" lon="12.24166">
    <name>TP4132</name>
  </trkpt>
  <trkpt lat="46.56433" lon="12.24172">
    <name>TP4133</name>
  </trkpt>
  <trkpt lat="46.56443" lon="12.24178">
    <name>TP4134</name>
  </trkpt>
  <trkpt lat="46.56449" lon="12.24182">
    <name>TP4135</name>
  </trkpt>
  <trkpt lat="46.56453" lon="12.24187">
    <name>TP4136</name>
  </trkpt>
  <trkpt lat="46.56454" lon="12.24188">
    <name>TP4137</name>
  </trkpt>
  <trkpt lat="46.56456" lon="12.24191">
    <name>TP4138</name>
  </trkpt>
  <trkpt lat="46.56458" lon="12.24194">
    <name>TP4139</name>
  </trkpt>
  <trkpt lat="46.5646" lon="12.24198">
    <name>TP4140</name>
  </trkpt>
  <trkpt lat="46.56462" lon="12.24204">
    <name>TP4141</name>
  </trkpt>
  <trkpt lat="46.56464" lon="12.2421">
    <name>TP4142</name>
  </trkpt>
  <trkpt lat="46.56465" lon="12.24214">
    <name>TP4143</name>
  </trkpt>
  <trkpt lat="46.56465" lon="12.24217">
    <name>TP4144</name>
  </trkpt>
  <trkpt lat="46.56467" lon="12.24236">
    <name>TP4145</name>
  </trkpt>
  <trkpt lat="46.56468" lon="12.2424">
    <name>TP4146</name>
  </trkpt>
  <trkpt lat="46.56469" lon="12.24248">
    <name>TP4147</name>
  </trkpt>
  <trkpt lat="46.56472" lon="12.24257">
    <name>TP4148</name>
  </trkpt>
  <trkpt lat="46.56492" lon="12.24296">
    <name>TP4149</name>
  </trkpt>
  <trkpt lat="46.56496" lon="12.24304">
    <name>TP4150</name>
  </trkpt>
  <trkpt lat="46.56497" lon="12.24308">
    <name>TP4151</name>
  </trkpt>
  <trkpt lat="46.56498" lon="12.24312">
    <name>TP4152</name>
  </trkpt>
  <trkpt lat="46.565" lon="12.24318">
    <name>TP4153</name>
  </trkpt>
  <trkpt lat="46.56505" lon="12.24352">
    <name>TP4154</name>
  </trkpt>
  <trkpt lat="46.56506" lon="12.24359">
    <name>TP4155</name>
  </trkpt>
  <trkpt lat="46.56507" lon="12.24371">
    <name>TP4156</name>
  </trkpt>
  <trkpt lat="46.56512" lon="12.2439">
    <name>TP4157</name>
  </trkpt>
  <trkpt lat="46.56518" lon="12.24408">
    <name>TP4158</name>
  </trkpt>
  <trkpt lat="46.5652" lon="12.24412">
    <name>TP4159</name>
  </trkpt>
  <trkpt lat="46.56524" lon="12.24422">
    <name>TP4160</name>
  </trkpt>
  <trkpt lat="46.56531" lon="12.24441">
    <name>TP4161</name>
  </trkpt>
  <trkpt lat="46.5653093" lon="12.2444141">
    <name>TP4162</name>
  </trkpt>
  <trkpt lat="46.56541" lon="12.24441">
    <name>TP4163</name>
  </trkpt>
  <trkpt lat="46.56548" lon="12.24441">
    <name>TP4164</name>
  </trkpt>
  <trkpt lat="46.56581" lon="12.24438">
    <name>TP4165</name>
  </trkpt>
  <trkpt lat="46.56592" lon="12.2444">
    <name>TP4166</name>
  </trkpt>
  <trkpt lat="46.56598" lon="12.24441">
    <name>TP4167</name>
  </trkpt>
  <trkpt lat="46.56602" lon="12.24443">
    <name>TP4168</name>
  </trkpt>
  <trkpt lat="46.56604" lon="12.24445">
    <name>TP4169</name>
  </trkpt>
  <trkpt lat="46.56606" lon="12.24448">
    <name>TP4170</name>
  </trkpt>
  <trkpt lat="46.56609" lon="12.24454">
    <name>TP4171</name>
  </trkpt>
  <trkpt lat="46.5661" lon="12.24459">
    <name>TP4172</name>
  </trkpt>
  <trkpt lat="46.56611" lon="12.24467">
    <name>TP4173</name>
  </trkpt>
  <trkpt lat="46.56611" lon="12.24475">
    <name>TP4174</name>
  </trkpt>
  <trkpt lat="46.56609" lon="12.24487">
    <name>TP4175</name>
  </trkpt>
  <trkpt lat="46.56596" lon="12.24524">
    <name>TP4176</name>
  </trkpt>
  <trkpt lat="46.56595" lon="12.2453">
    <name>TP4177</name>
  </trkpt>
  <trkpt lat="46.56596" lon="12.24535">
    <name>TP4178</name>
  </trkpt>
  <trkpt lat="46.56597" lon="12.24538">
    <name>TP4179</name>
  </trkpt>
  <trkpt lat="46.56597" lon="12.2454">
    <name>TP4180</name>
  </trkpt>
  <trkpt lat="46.56599" lon="12.24543">
    <name>TP4181</name>
  </trkpt>
  <trkpt lat="46.56601" lon="12.24546">
    <name>TP4182</name>
  </trkpt>
  <trkpt lat="46.56604" lon="12.24548">
    <name>TP4183</name>
  </trkpt>
  <trkpt lat="46.56606" lon="12.24549">
    <name>TP4184</name>
  </trkpt>
  <trkpt lat="46.5661" lon="12.2455">
    <name>TP4185</name>
  </trkpt>
  <trkpt lat="46.56611" lon="12.24549">
    <name>TP4186</name>
  </trkpt>
  <trkpt lat="46.56614" lon="12.24549">
    <name>TP4187</name>
  </trkpt>
  <trkpt lat="46.56618" lon="12.24547">
    <name>TP4188</name>
  </trkpt>
  <trkpt lat="46.56622" lon="12.24544">
    <name>TP4189</name>
  </trkpt>
  <trkpt lat="46.56628" lon="12.24542">
    <name>TP4190</name>
  </trkpt>
  <trkpt lat="46.5663" lon="12.24541">
    <name>TP4191</name>
  </trkpt>
  <trkpt lat="46.56637" lon="12.24539">
    <name>TP4192</name>
  </trkpt>
  <trkpt lat="46.56643" lon="12.24539">
    <name>TP4193</name>
  </trkpt>
  <trkpt lat="46.56664" lon="12.24543">
    <name>TP4194</name>
  </trkpt>
  <trkpt lat="46.56682" lon="12.24546">
    <name>TP4195</name>
  </trkpt>
  <trkpt lat="46.56701" lon="12.24549">
    <name>TP4196</name>
  </trkpt>
  <trkpt lat="46.56721" lon="12.2455">
    <name>TP4197</name>
  </trkpt>
  <trkpt lat="46.56754" lon="12.24552">
    <name>TP4198</name>
  </trkpt>
  <trkpt lat="46.56759" lon="12.24552">
    <name>TP4199</name>
  </trkpt>
  <trkpt lat="46.56769" lon="12.24554">
    <name>TP4200</name>
  </trkpt>
  <trkpt lat="46.56771" lon="12.24556">
    <name>TP4201</name>
  </trkpt>
  <trkpt lat="46.56777" lon="12.24559">
    <name>TP4202</name>
  </trkpt>
  <trkpt lat="46.56788" lon="12.24564">
    <name>TP4203</name>
  </trkpt>
  <trkpt lat="46.568" lon="12.24569">
    <name>TP4204</name>
  </trkpt>
  <trkpt lat="46.56811" lon="12.24574">
    <name>TP4205</name>
  </trkpt>
  <trkpt lat="46.56835" lon="12.24578">
    <name>TP4206</name>
  </trkpt>
  <trkpt lat="46.56845" lon="12.24579">
    <name>TP4207</name>
  </trkpt>
  <trkpt lat="46.56859" lon="12.24577">
    <name>TP4208</name>
  </trkpt>
  <trkpt lat="46.56945" lon="12.24569">
    <name>TP4209</name>
  </trkpt>
  <trkpt lat="46.5695" lon="12.24568">
    <name>TP4210</name>
  </trkpt>
  <trkpt lat="46.56972" lon="12.24565">
    <name>TP4211</name>
  </trkpt>
  <trkpt lat="46.56982" lon="12.24564">
    <name>TP4212</name>
  </trkpt>
  <trkpt lat="46.56991" lon="12.24565">
    <name>TP4213</name>
  </trkpt>
  <trkpt lat="46.57002" lon="12.24568">
    <name>TP4214</name>
  </trkpt>
  <trkpt lat="46.57013" lon="12.24572">
    <name>TP4215</name>
  </trkpt>
  <trkpt lat="46.5703" lon="12.24582">
    <name>TP4216</name>
  </trkpt>
  <trkpt lat="46.57061" lon="12.24604">
    <name>TP4217</name>
  </trkpt>
  <trkpt lat="46.57072" lon="12.24613">
    <name>TP4218</name>
  </trkpt>
  <trkpt lat="46.57089" lon="12.24624">
    <name>TP4219</name>
  </trkpt>
  <trkpt lat="46.57152" lon="12.24677">
    <name>TP4220</name>
  </trkpt>
  <trkpt lat="46.57167" lon="12.2469">
    <name>TP4221</name>
  </trkpt>
  <trkpt lat="46.57183" lon="12.24703">
    <name>TP4222</name>
  </trkpt>
  <trkpt lat="46.57198" lon="12.24716">
    <name>TP4223</name>
  </trkpt>
  <trkpt lat="46.5726" lon="12.24769">
    <name>TP4224</name>
  </trkpt>
  <trkpt lat="46.57281" lon="12.24786">
    <name>TP4225</name>
  </trkpt>
  <trkpt lat="46.57292" lon="12.24795">
    <name>TP4226</name>
  </trkpt>
  <trkpt lat="46.57308" lon="12.24807">
    <name>TP4227</name>
  </trkpt>
  <trkpt lat="46.57324" lon="12.24819">
    <name>TP4228</name>
  </trkpt>
  <trkpt lat="46.57406" lon="12.24883">
    <name>TP4229</name>
  </trkpt>
  <trkpt lat="46.57467" lon="12.24928">
    <name>TP4230</name>
  </trkpt>
  <trkpt lat="46.57497" lon="12.24951">
    <name>TP4231</name>
  </trkpt>
  <trkpt lat="46.57547" lon="12.24989">
    <name>TP4232</name>
  </trkpt>
  <trkpt lat="46.57548" lon="12.2499">
    <name>TP4233</name>
  </trkpt>
  <trkpt lat="46.57563" lon="12.25">
    <name>TP4234</name>
  </trkpt>
  <trkpt lat="46.5758" lon="12.2501">
    <name>TP4235</name>
  </trkpt>
  <trkpt lat="46.57584" lon="12.25012">
    <name>TP4236</name>
  </trkpt>
  <trkpt lat="46.57635" lon="12.25039">
    <name>TP4237</name>
  </trkpt>
  <trkpt lat="46.57663" lon="12.25056">
    <name>TP4238</name>
  </trkpt>
  <trkpt lat="46.57664" lon="12.25056">
    <name>TP4239</name>
  </trkpt>
  <trkpt lat="46.57665" lon="12.25057">
    <name>TP4240</name>
  </trkpt>
  <trkpt lat="46.57691" lon="12.25073">
    <name>TP4241</name>
  </trkpt>
  <trkpt lat="46.5774" lon="12.25112">
    <name>TP4242</name>
  </trkpt>
  <trkpt lat="46.57781" lon="12.25139">
    <name>TP4243</name>
  </trkpt>
  <trkpt lat="46.578" lon="12.25152">
    <name>TP4244</name>
  </trkpt>
  <trkpt lat="46.57804" lon="12.25155">
    <name>TP4245</name>
  </trkpt>
  <trkpt lat="46.57821" lon="12.25166">
    <name>TP4246</name>
  </trkpt>
  <trkpt lat="46.57839" lon="12.25177">
    <name>TP4247</name>
  </trkpt>
  <trkpt lat="46.57855" lon="12.25185">
    <name>TP4248</name>
  </trkpt>
  <trkpt lat="46.57874" lon="12.25192">
    <name>TP4249</name>
  </trkpt>
  <trkpt lat="46.57877" lon="12.25192">
    <name>TP4250</name>
  </trkpt>
  <trkpt lat="46.57891" lon="12.25196">
    <name>TP4251</name>
  </trkpt>
  <trkpt lat="46.57927" lon="12.252">
    <name>TP4252</name>
  </trkpt>
  <trkpt lat="46.5797" lon="12.25204">
    <name>TP4253</name>
  </trkpt>
  <trkpt lat="46.58" lon="12.25206">
    <name>TP4254</name>
  </trkpt>
  <trkpt lat="46.58015" lon="12.25206">
    <name>TP4255</name>
  </trkpt>
  <trkpt lat="46.58033" lon="12.25206">
    <name>TP4256</name>
  </trkpt>
  <trkpt lat="46.58053" lon="12.25202">
    <name>TP4257</name>
  </trkpt>
  <trkpt lat="46.58057" lon="12.25202">
    <name>TP4258</name>
  </trkpt>
  <trkpt lat="46.58106" lon="12.25186">
    <name>TP4259</name>
  </trkpt>
  <trkpt lat="46.5815" lon="12.25175">
    <name>TP4260</name>
  </trkpt>
  <trkpt lat="46.58159" lon="12.25173">
    <name>TP4261</name>
  </trkpt>
  <trkpt lat="46.58166" lon="12.25173">
    <name>TP4262</name>
  </trkpt>
  <trkpt lat="46.58175" lon="12.25174">
    <name>TP4263</name>
  </trkpt>
  <trkpt lat="46.58181" lon="12.25178">
    <name>TP4264</name>
  </trkpt>
  <trkpt lat="46.58189" lon="12.25183">
    <name>TP4265</name>
  </trkpt>
  <trkpt lat="46.58203" lon="12.25196">
    <name>TP4266</name>
  </trkpt>
  <trkpt lat="46.58252" lon="12.25246">
    <name>TP4267</name>
  </trkpt>
  <trkpt lat="46.58275" lon="12.25267">
    <name>TP4268</name>
  </trkpt>
  <trkpt lat="46.58283" lon="12.25273">
    <name>TP4269</name>
  </trkpt>
  <trkpt lat="46.58295" lon="12.25281">
    <name>TP4270</name>
  </trkpt>
  <trkpt lat="46.58322" lon="12.25298">
    <name>TP4271</name>
  </trkpt>
  <trkpt lat="46.58333" lon="12.25305">
    <name>TP4272</name>
  </trkpt>
  <trkpt lat="46.58349" lon="12.25316">
    <name>TP4273</name>
  </trkpt>
  <trkpt lat="46.58361" lon="12.25323">
    <name>TP4274</name>
  </trkpt>
  <trkpt lat="46.58365" lon="12.25327">
    <name>TP4275</name>
  </trkpt>
  <trkpt lat="46.58369" lon="12.2533">
    <name>TP4276</name>
  </trkpt>
  <trkpt lat="46.58377" lon="12.25338">
    <name>TP4277</name>
  </trkpt>
  <trkpt lat="46.5838" lon="12.25342">
    <name>TP4278</name>
  </trkpt>
  <trkpt lat="46.58388" lon="12.25351">
    <name>TP4279</name>
  </trkpt>
  <trkpt lat="46.58394" lon="12.25359">
    <name>TP4280</name>
  </trkpt>
  <trkpt lat="46.58403" lon="12.25371">
    <name>TP4281</name>
  </trkpt>
  <trkpt lat="46.58407" lon="12.25376">
    <name>TP4282</name>
  </trkpt>
  <trkpt lat="46.5842" lon="12.25394">
    <name>TP4283</name>
  </trkpt>
  <trkpt lat="46.58429" lon="12.25397">
    <name>TP4284</name>
  </trkpt>
  <trkpt lat="46.58436" lon="12.254">
    <name>TP4285</name>
  </trkpt>
  <trkpt lat="46.58446" lon="12.25399">
    <name>TP4286</name>
  </trkpt>
  <trkpt lat="46.58455" lon="12.254">
    <name>TP4287</name>
  </trkpt>
  <trkpt lat="46.58456" lon="12.254">
    <name>TP4288</name>
  </trkpt>
  <trkpt lat="46.5846" lon="12.254">
    <name>TP4289</name>
  </trkpt>
  <trkpt lat="46.58484" lon="12.25404">
    <name>TP4290</name>
  </trkpt>
  <trkpt lat="46.58523" lon="12.25409">
    <name>TP4291</name>
  </trkpt>
  <trkpt lat="46.58526" lon="12.25409">
    <name>TP4292</name>
  </trkpt>
  <trkpt lat="46.58544" lon="12.25411">
    <name>TP4293</name>
  </trkpt>
  <trkpt lat="46.58545" lon="12.25411">
    <name>TP4294</name>
  </trkpt>
  <trkpt lat="46.58562" lon="12.25411">
    <name>TP4295</name>
  </trkpt>
  <trkpt lat="46.5858" lon="12.25408">
    <name>TP4296</name>
  </trkpt>
  <trkpt lat="46.58581" lon="12.25408">
    <name>TP4297</name>
  </trkpt>
  <trkpt lat="46.58583" lon="12.25408">
    <name>TP4298</name>
  </trkpt>
  <trkpt lat="46.58598" lon="12.25406">
    <name>TP4299</name>
  </trkpt>
  <trkpt lat="46.58617" lon="12.25402">
    <name>TP4300</name>
  </trkpt>
  <trkpt lat="46.5861732" lon="12.2540233">
    <name>TP4301</name>
  </trkpt>
  <trkpt lat="46.58619" lon="12.25408">
    <name>TP4302</name>
  </trkpt>
  <trkpt lat="46.58621" lon="12.25412">
    <name>TP4303</name>
  </trkpt>
  <trkpt lat="46.58621" lon="12.25413">
    <name>TP4304</name>
  </trkpt>
  <trkpt lat="46.58622" lon="12.25414">
    <name>TP4305</name>
  </trkpt>
  <trkpt lat="46.58625" lon="12.25416">
    <name>TP4306</name>
  </trkpt>
  <trkpt lat="46.58631" lon="12.25419">
    <name>TP4307</name>
  </trkpt>
  <trkpt lat="46.58639" lon="12.25421">
    <name>TP4308</name>
  </trkpt>
  <trkpt lat="46.58652" lon="12.25426">
    <name>TP4309</name>
  </trkpt>
  <trkpt lat="46.58662" lon="12.2543">
    <name>TP4310</name>
  </trkpt>
  <trkpt lat="46.58669" lon="12.25432">
    <name>TP4311</name>
  </trkpt>
  <trkpt lat="46.58677" lon="12.25439">
    <name>TP4312</name>
  </trkpt>
  <trkpt lat="46.58678" lon="12.25439">
    <name>TP4313</name>
  </trkpt>
  <trkpt lat="46.58681" lon="12.25443">
    <name>TP4314</name>
  </trkpt>
  <trkpt lat="46.58692" lon="12.25454">
    <name>TP4315</name>
  </trkpt>
  <trkpt lat="46.58708" lon="12.25468">
    <name>TP4316</name>
  </trkpt>
  <trkpt lat="46.58738" lon="12.255">
    <name>TP4317</name>
  </trkpt>
  <trkpt lat="46.58783" lon="12.25539">
    <name>TP4318</name>
  </trkpt>
  <trkpt lat="46.58791" lon="12.25545">
    <name>TP4319</name>
  </trkpt>
  <trkpt lat="46.58799" lon="12.25551">
    <name>TP4320</name>
  </trkpt>
  <trkpt lat="46.58803" lon="12.25554">
    <name>TP4321</name>
  </trkpt>
  <trkpt lat="46.5881" lon="12.2556">
    <name>TP4322</name>
  </trkpt>
  <trkpt lat="46.58815" lon="12.25564">
    <name>TP4323</name>
  </trkpt>
  <trkpt lat="46.58818" lon="12.25567">
    <name>TP4324</name>
  </trkpt>
  <trkpt lat="46.58818" lon="12.25568">
    <name>TP4325</name>
  </trkpt>
  <trkpt lat="46.58824" lon="12.25577">
    <name>TP4326</name>
  </trkpt>
  <trkpt lat="46.58826" lon="12.25585">
    <name>TP4327</name>
  </trkpt>
  <trkpt lat="46.58829" lon="12.25599">
    <name>TP4328</name>
  </trkpt>
  <trkpt lat="46.5883" lon="12.25625">
    <name>TP4329</name>
  </trkpt>
  <trkpt lat="46.58831" lon="12.25636">
    <name>TP4330</name>
  </trkpt>
  <trkpt lat="46.58831" lon="12.25641">
    <name>TP4331</name>
  </trkpt>
  <trkpt lat="46.58833" lon="12.25662">
    <name>TP4332</name>
  </trkpt>
  <trkpt lat="46.58833" lon="12.25667">
    <name>TP4333</name>
  </trkpt>
  <trkpt lat="46.58835" lon="12.25682">
    <name>TP4334</name>
  </trkpt>
  <trkpt lat="46.58837" lon="12.25714">
    <name>TP4335</name>
  </trkpt>
  <trkpt lat="46.5883693" lon="12.257138">
    <name>TP4336</name>
  </trkpt>
  <trkpt lat="46.58837" lon="12.25719">
    <name>TP4337</name>
  </trkpt>
  <trkpt lat="46.58839" lon="12.25743">
    <name>TP4338</name>
  </trkpt>
  <trkpt lat="46.58839" lon="12.25745">
    <name>TP4339</name>
  </trkpt>
  <trkpt lat="46.5884" lon="12.25757">
    <name>TP4340</name>
  </trkpt>
  <trkpt lat="46.5884" lon="12.25769">
    <name>TP4341</name>
  </trkpt>
  <trkpt lat="46.5884" lon="12.25775">
    <name>TP4342</name>
  </trkpt>
  <trkpt lat="46.58841" lon="12.25789">
    <name>TP4343</name>
  </trkpt>
  <trkpt lat="46.58842" lon="12.25797">
    <name>TP4344</name>
  </trkpt>
  <trkpt lat="46.58845" lon="12.25804">
    <name>TP4345</name>
  </trkpt>
  <trkpt lat="46.58848" lon="12.25809">
    <name>TP4346</name>
  </trkpt>
  <trkpt lat="46.5885" lon="12.25811">
    <name>TP4347</name>
  </trkpt>
  <trkpt lat="46.58853" lon="12.25813">
    <name>TP4348</name>
  </trkpt>
  <trkpt lat="46.58863" lon="12.2582">
    <name>TP4349</name>
  </trkpt>
  <trkpt lat="46.58865" lon="12.25821">
    <name>TP4350</name>
  </trkpt>
  <trkpt lat="46.58866" lon="12.25821">
    <name>TP4351</name>
  </trkpt>
  <trkpt lat="46.58869" lon="12.25824">
    <name>TP4352</name>
  </trkpt>
  <trkpt lat="46.58871" lon="12.25825">
    <name>TP4353</name>
  </trkpt>
  <trkpt lat="46.58879" lon="12.25831">
    <name>TP4354</name>
  </trkpt>
  <trkpt lat="46.58881" lon="12.25833">
    <name>TP4355</name>
  </trkpt>
  <trkpt lat="46.58882" lon="12.25833">
    <name>TP4356</name>
  </trkpt>
  <trkpt lat="46.58885" lon="12.25835">
    <name>TP4357</name>
  </trkpt>
  <trkpt lat="46.58885" lon="12.25836">
    <name>TP4358</name>
  </trkpt>
  <trkpt lat="46.58888" lon="12.2584">
    <name>TP4359</name>
  </trkpt>
  <trkpt lat="46.5889" lon="12.25844">
    <name>TP4360</name>
  </trkpt>
  <trkpt lat="46.58893" lon="12.25853">
    <name>TP4361</name>
  </trkpt>
  <trkpt lat="46.58893" lon="12.25861">
    <name>TP4362</name>
  </trkpt>
  <trkpt lat="46.58894" lon="12.25874">
    <name>TP4363</name>
  </trkpt>
  <trkpt lat="46.58897" lon="12.25931">
    <name>TP4364</name>
  </trkpt>
  <trkpt lat="46.58898" lon="12.25947">
    <name>TP4365</name>
  </trkpt>
  <trkpt lat="46.58899" lon="12.25968">
    <name>TP4366</name>
  </trkpt>
  <trkpt lat="46.58901" lon="12.25981">
    <name>TP4367</name>
  </trkpt>
  <trkpt lat="46.58902" lon="12.25988">
    <name>TP4368</name>
  </trkpt>
  <trkpt lat="46.58905" lon="12.25998">
    <name>TP4369</name>
  </trkpt>
  <trkpt lat="46.58912" lon="12.2602">
    <name>TP4370</name>
  </trkpt>
  <trkpt lat="46.58926" lon="12.26053">
    <name>TP4371</name>
  </trkpt>
  <trkpt lat="46.58927" lon="12.26054">
    <name>TP4372</name>
  </trkpt>
  <trkpt lat="46.58933" lon="12.26065">
    <name>TP4373</name>
  </trkpt>
  <trkpt lat="46.58938" lon="12.26069">
    <name>TP4374</name>
  </trkpt>
  <trkpt lat="46.58939" lon="12.2607">
    <name>TP4375</name>
  </trkpt>
  <trkpt lat="46.58943" lon="12.26072">
    <name>TP4376</name>
  </trkpt>
  <trkpt lat="46.58946" lon="12.26073">
    <name>TP4377</name>
  </trkpt>
  <trkpt lat="46.58955" lon="12.26078">
    <name>TP4378</name>
  </trkpt>
  <trkpt lat="46.58956" lon="12.26078">
    <name>TP4379</name>
  </trkpt>
  <trkpt lat="46.5896" lon="12.2608">
    <name>TP4380</name>
  </trkpt>
  <trkpt lat="46.58963" lon="12.26082">
    <name>TP4381</name>
  </trkpt>
  <trkpt lat="46.58968" lon="12.26086">
    <name>TP4382</name>
  </trkpt>
  <trkpt lat="46.58972" lon="12.26091">
    <name>TP4383</name>
  </trkpt>
  <trkpt lat="46.58974" lon="12.26094">
    <name>TP4384</name>
  </trkpt>
  <trkpt lat="46.5898" lon="12.26102">
    <name>TP4385</name>
  </trkpt>
  <trkpt lat="46.58984" lon="12.26109">
    <name>TP4386</name>
  </trkpt>
  <trkpt lat="46.58988" lon="12.2612">
    <name>TP4387</name>
  </trkpt>
  <trkpt lat="46.58991" lon="12.26132">
    <name>TP4388</name>
  </trkpt>
  <trkpt lat="46.58993" lon="12.26142">
    <name>TP4389</name>
  </trkpt>
  <trkpt lat="46.58995" lon="12.2615">
    <name>TP4390</name>
  </trkpt>
  <trkpt lat="46.58996" lon="12.26155">
    <name>TP4391</name>
  </trkpt>
  <trkpt lat="46.58999" lon="12.26159">
    <name>TP4392</name>
  </trkpt>
  <trkpt lat="46.59" lon="12.2616">
    <name>TP4393</name>
  </trkpt>
  <trkpt lat="46.59002" lon="12.26162">
    <name>TP4394</name>
  </trkpt>
  <trkpt lat="46.59003" lon="12.26162">
    <name>TP4395</name>
  </trkpt>
  <trkpt lat="46.59005" lon="12.26163">
    <name>TP4396</name>
  </trkpt>
  <trkpt lat="46.59007" lon="12.26163">
    <name>TP4397</name>
  </trkpt>
  <trkpt lat="46.5901" lon="12.26162">
    <name>TP4398</name>
  </trkpt>
  <trkpt lat="46.59011" lon="12.26161">
    <name>TP4399</name>
  </trkpt>
  <trkpt lat="46.59013" lon="12.2616">
    <name>TP4400</name>
  </trkpt>
  <trkpt lat="46.59014" lon="12.26158">
    <name>TP4401</name>
  </trkpt>
  <trkpt lat="46.59015" lon="12.26157">
    <name>TP4402</name>
  </trkpt>
  <trkpt lat="46.59016" lon="12.26154">
    <name>TP4403</name>
  </trkpt>
  <trkpt lat="46.59018" lon="12.2615">
    <name>TP4404</name>
  </trkpt>
  <trkpt lat="46.59019" lon="12.26147">
    <name>TP4405</name>
  </trkpt>
  <trkpt lat="46.5902" lon="12.26144">
    <name>TP4406</name>
  </trkpt>
  <trkpt lat="46.59021" lon="12.2614">
    <name>TP4407</name>
  </trkpt>
  <trkpt lat="46.59023" lon="12.26137">
    <name>TP4408</name>
  </trkpt>
  <trkpt lat="46.59024" lon="12.26134">
    <name>TP4409</name>
  </trkpt>
  <trkpt lat="46.59027" lon="12.26134">
    <name>TP4410</name>
  </trkpt>
  <trkpt lat="46.5903" lon="12.26132">
    <name>TP4411</name>
  </trkpt>
  <trkpt lat="46.59032" lon="12.26132">
    <name>TP4412</name>
  </trkpt>
  <trkpt lat="46.59034" lon="12.26133">
    <name>TP4413</name>
  </trkpt>
  <trkpt lat="46.59036" lon="12.26135">
    <name>TP4414</name>
  </trkpt>
  <trkpt lat="46.59037" lon="12.26136">
    <name>TP4415</name>
  </trkpt>
  <trkpt lat="46.59038" lon="12.26138">
    <name>TP4416</name>
  </trkpt>
  <trkpt lat="46.59039" lon="12.2614">
    <name>TP4417</name>
  </trkpt>
  <trkpt lat="46.5904" lon="12.26142">
    <name>TP4418</name>
  </trkpt>
  <trkpt lat="46.5904" lon="12.26145">
    <name>TP4419</name>
  </trkpt>
  <trkpt lat="46.5904" lon="12.26148">
    <name>TP4420</name>
  </trkpt>
  <trkpt lat="46.59039" lon="12.26151">
    <name>TP4421</name>
  </trkpt>
  <trkpt lat="46.59039" lon="12.26156">
    <name>TP4422</name>
  </trkpt>
  <trkpt lat="46.59037" lon="12.26159">
    <name>TP4423</name>
  </trkpt>
  <trkpt lat="46.59037" lon="12.2616">
    <name>TP4424</name>
  </trkpt>
  <trkpt lat="46.59034" lon="12.26169">
    <name>TP4425</name>
  </trkpt>
  <trkpt lat="46.59031" lon="12.26179">
    <name>TP4426</name>
  </trkpt>
  <trkpt lat="46.59029" lon="12.26182">
    <name>TP4427</name>
  </trkpt>
  <trkpt lat="46.59029" lon="12.26186">
    <name>TP4428</name>
  </trkpt>
  <trkpt lat="46.59028" lon="12.2619">
    <name>TP4429</name>
  </trkpt>
  <trkpt lat="46.59028" lon="12.26193">
    <name>TP4430</name>
  </trkpt>
  <trkpt lat="46.59028" lon="12.26197">
    <name>TP4431</name>
  </trkpt>
  <trkpt lat="46.59029" lon="12.262">
    <name>TP4432</name>
  </trkpt>
  <trkpt lat="46.59029" lon="12.26203">
    <name>TP4433</name>
  </trkpt>
  <trkpt lat="46.59031" lon="12.26208">
    <name>TP4434</name>
  </trkpt>
  <trkpt lat="46.59034" lon="12.26212">
    <name>TP4435</name>
  </trkpt>
  <trkpt lat="46.59038" lon="12.26217">
    <name>TP4436</name>
  </trkpt>
  <trkpt lat="46.59044" lon="12.26222">
    <name>TP4437</name>
  </trkpt>
  <trkpt lat="46.59045" lon="12.26223">
    <name>TP4438</name>
  </trkpt>
  <trkpt lat="46.59053" lon="12.26228">
    <name>TP4439</name>
  </trkpt>
  <trkpt lat="46.59067" lon="12.26237">
    <name>TP4440</name>
  </trkpt>
  <trkpt lat="46.59097" lon="12.26257">
    <name>TP4441</name>
  </trkpt>
  <trkpt lat="46.59107" lon="12.26265">
    <name>TP4442</name>
  </trkpt>
  <trkpt lat="46.59119" lon="12.26269">
    <name>TP4443</name>
  </trkpt>
  <trkpt lat="46.59142" lon="12.26275">
    <name>TP4444</name>
  </trkpt>
  <trkpt lat="46.59154" lon="12.26281">
    <name>TP4445</name>
  </trkpt>
  <trkpt lat="46.5919" lon="12.26315">
    <name>TP4446</name>
  </trkpt>
  <trkpt lat="46.59217" lon="12.26333">
    <name>TP4447</name>
  </trkpt>
  <trkpt lat="46.59251" lon="12.26352">
    <name>TP4448</name>
  </trkpt>
  <trkpt lat="46.59258" lon="12.26357">
    <name>TP4449</name>
  </trkpt>
  <trkpt lat="46.59264" lon="12.26361">
    <name>TP4450</name>
  </trkpt>
  <trkpt lat="46.59271" lon="12.26367">
    <name>TP4451</name>
  </trkpt>
  <trkpt lat="46.59282" lon="12.26377">
    <name>TP4452</name>
  </trkpt>
  <trkpt lat="46.59297" lon="12.26386">
    <name>TP4453</name>
  </trkpt>
  <trkpt lat="46.59316" lon="12.26393">
    <name>TP4454</name>
  </trkpt>
  <trkpt lat="46.59321" lon="12.26394">
    <name>TP4455</name>
  </trkpt>
  <trkpt lat="46.59324" lon="12.26395">
    <name>TP4456</name>
  </trkpt>
  <trkpt lat="46.59338" lon="12.26397">
    <name>TP4457</name>
  </trkpt>
  <trkpt lat="46.59342" lon="12.26398">
    <name>TP4458</name>
  </trkpt>
  <trkpt lat="46.59347" lon="12.26398">
    <name>TP4459</name>
  </trkpt>
  <trkpt lat="46.59356" lon="12.26399">
    <name>TP4460</name>
  </trkpt>
  <trkpt lat="46.5936" lon="12.26399">
    <name>TP4461</name>
  </trkpt>
  <trkpt lat="46.59374" lon="12.264">
    <name>TP4462</name>
  </trkpt>
  <trkpt lat="46.59403" lon="12.26397">
    <name>TP4463</name>
  </trkpt>
  <trkpt lat="46.5941" lon="12.26397">
    <name>TP4464</name>
  </trkpt>
  <trkpt lat="46.59414" lon="12.26397">
    <name>TP4465</name>
  </trkpt>
  <trkpt lat="46.59419" lon="12.26398">
    <name>TP4466</name>
  </trkpt>
  <trkpt lat="46.59428" lon="12.264">
    <name>TP4467</name>
  </trkpt>
  <trkpt lat="46.59431" lon="12.264">
    <name>TP4468</name>
  </trkpt>
  <trkpt lat="46.59432" lon="12.26401">
    <name>TP4469</name>
  </trkpt>
  <trkpt lat="46.59446" lon="12.26408">
    <name>TP4470</name>
  </trkpt>
  <trkpt lat="46.5947" lon="12.26421">
    <name>TP4471</name>
  </trkpt>
  <trkpt lat="46.59483" lon="12.26427">
    <name>TP4472</name>
  </trkpt>
  <trkpt lat="46.59496" lon="12.26434">
    <name>TP4473</name>
  </trkpt>
  <trkpt lat="46.595" lon="12.26436">
    <name>TP4474</name>
  </trkpt>
  <trkpt lat="46.59506" lon="12.26439">
    <name>TP4475</name>
  </trkpt>
  <trkpt lat="46.59517" lon="12.26445">
    <name>TP4476</name>
  </trkpt>
  <trkpt lat="46.59525" lon="12.2645">
    <name>TP4477</name>
  </trkpt>
  <trkpt lat="46.59529" lon="12.26453">
    <name>TP4478</name>
  </trkpt>
  <trkpt lat="46.59533" lon="12.26456">
    <name>TP4479</name>
  </trkpt>
  <trkpt lat="46.59537" lon="12.26459">
    <name>TP4480</name>
  </trkpt>
  <trkpt lat="46.59548" lon="12.26469">
    <name>TP4481</name>
  </trkpt>
  <trkpt lat="46.59593" lon="12.26508">
    <name>TP4482</name>
  </trkpt>
  <trkpt lat="46.59613" lon="12.26526">
    <name>TP4483</name>
  </trkpt>
  <trkpt lat="46.59621" lon="12.26533">
    <name>TP4484</name>
  </trkpt>
  <trkpt lat="46.59625" lon="12.26538">
    <name>TP4485</name>
  </trkpt>
  <trkpt lat="46.59625" lon="12.26539">
    <name>TP4486</name>
  </trkpt>
  <trkpt lat="46.59628" lon="12.26548">
    <name>TP4487</name>
  </trkpt>
  <trkpt lat="46.59629" lon="12.26557">
    <name>TP4488</name>
  </trkpt>
  <trkpt lat="46.59629" lon="12.2656">
    <name>TP4489</name>
  </trkpt>
  <trkpt lat="46.59635" lon="12.26595">
    <name>TP4490</name>
  </trkpt>
  <trkpt lat="46.59639" lon="12.26607">
    <name>TP4491</name>
  </trkpt>
  <trkpt lat="46.59643" lon="12.26616">
    <name>TP4492</name>
  </trkpt>
  <trkpt lat="46.59648" lon="12.26622">
    <name>TP4493</name>
  </trkpt>
  <trkpt lat="46.59653" lon="12.26626">
    <name>TP4494</name>
  </trkpt>
  <trkpt lat="46.59667" lon="12.26639">
    <name>TP4495</name>
  </trkpt>
  <trkpt lat="46.5967" lon="12.26642">
    <name>TP4496</name>
  </trkpt>
  <trkpt lat="46.59677" lon="12.26649">
    <name>TP4497</name>
  </trkpt>
  <trkpt lat="46.59678" lon="12.2665">
    <name>TP4498</name>
  </trkpt>
  <trkpt lat="46.59681" lon="12.26652">
    <name>TP4499</name>
  </trkpt>
  <trkpt lat="46.59685" lon="12.26654">
    <name>TP4500</name>
  </trkpt>
  <trkpt lat="46.59686" lon="12.26655">
    <name>TP4501</name>
  </trkpt>
  <trkpt lat="46.59688" lon="12.26657">
    <name>TP4502</name>
  </trkpt>
  <trkpt lat="46.59691" lon="12.26665">
    <name>TP4503</name>
  </trkpt>
  <trkpt lat="46.59695" lon="12.26672">
    <name>TP4504</name>
  </trkpt>
  <trkpt lat="46.59696" lon="12.26676">
    <name>TP4505</name>
  </trkpt>
  <trkpt lat="46.59698" lon="12.26682">
    <name>TP4506</name>
  </trkpt>
  <trkpt lat="46.59701" lon="12.26692">
    <name>TP4507</name>
  </trkpt>
  <trkpt lat="46.59703" lon="12.26699">
    <name>TP4508</name>
  </trkpt>
  <trkpt lat="46.59703" lon="12.267">
    <name>TP4509</name>
  </trkpt>
  <trkpt lat="46.59703" lon="12.26701">
    <name>TP4510</name>
  </trkpt>
  <trkpt lat="46.59709" lon="12.26725">
    <name>TP4511</name>
  </trkpt>
  <trkpt lat="46.59714" lon="12.26743">
    <name>TP4512</name>
  </trkpt>
  <trkpt lat="46.59716" lon="12.26756">
    <name>TP4513</name>
  </trkpt>
  <trkpt lat="46.59717" lon="12.26769">
    <name>TP4514</name>
  </trkpt>
  <trkpt lat="46.59716" lon="12.2679">
    <name>TP4515</name>
  </trkpt>
  <trkpt lat="46.59715" lon="12.26793">
    <name>TP4516</name>
  </trkpt>
  <trkpt lat="46.59714" lon="12.26799">
    <name>TP4517</name>
  </trkpt>
  <trkpt lat="46.59713" lon="12.26801">
    <name>TP4518</name>
  </trkpt>
  <trkpt lat="46.5971" lon="12.26818">
    <name>TP4519</name>
  </trkpt>
  <trkpt lat="46.59708" lon="12.26825">
    <name>TP4520</name>
  </trkpt>
  <trkpt lat="46.59703" lon="12.26838">
    <name>TP4521</name>
  </trkpt>
  <trkpt lat="46.59702" lon="12.26842">
    <name>TP4522</name>
  </trkpt>
  <trkpt lat="46.59698" lon="12.2685">
    <name>TP4523</name>
  </trkpt>
  <trkpt lat="46.59696" lon="12.26858">
    <name>TP4524</name>
  </trkpt>
  <trkpt lat="46.59696" lon="12.26866">
    <name>TP4525</name>
  </trkpt>
  <trkpt lat="46.59697" lon="12.26875">
    <name>TP4526</name>
  </trkpt>
  <trkpt lat="46.59698" lon="12.26883">
    <name>TP4527</name>
  </trkpt>
  <trkpt lat="46.59704" lon="12.26885">
    <name>TP4528</name>
  </trkpt>
  <trkpt lat="46.59706" lon="12.26886">
    <name>TP4529</name>
  </trkpt>
  <trkpt lat="46.59715" lon="12.26888">
    <name>TP4530</name>
  </trkpt>
  <trkpt lat="46.59725" lon="12.26889">
    <name>TP4531</name>
  </trkpt>
  <trkpt lat="46.59733" lon="12.26891">
    <name>TP4532</name>
  </trkpt>
  <trkpt lat="46.59744" lon="12.26893">
    <name>TP4533</name>
  </trkpt>
  <trkpt lat="46.59757" lon="12.269">
    <name>TP4534</name>
  </trkpt>
  <trkpt lat="46.59761" lon="12.26902">
    <name>TP4535</name>
  </trkpt>
  <trkpt lat="46.59762" lon="12.26902">
    <name>TP4536</name>
  </trkpt>
  <trkpt lat="46.59762" lon="12.26903">
    <name>TP4537</name>
  </trkpt>
  <trkpt lat="46.59782" lon="12.26916">
    <name>TP4538</name>
  </trkpt>
  <trkpt lat="46.59814" lon="12.26926">
    <name>TP4539</name>
  </trkpt>
  <trkpt lat="46.59823" lon="12.26932">
    <name>TP4540</name>
  </trkpt>
  <trkpt lat="46.59836" lon="12.26941">
    <name>TP4541</name>
  </trkpt>
  <trkpt lat="46.59868" lon="12.26963">
    <name>TP4542</name>
  </trkpt>
  <trkpt lat="46.59879" lon="12.26969">
    <name>TP4543</name>
  </trkpt>
  <trkpt lat="46.59901" lon="12.26983">
    <name>TP4544</name>
  </trkpt>
  <trkpt lat="46.5993" lon="12.26993">
    <name>TP4545</name>
  </trkpt>
  <trkpt lat="46.5994" lon="12.26995">
    <name>TP4546</name>
  </trkpt>
  <trkpt lat="46.59943" lon="12.26995">
    <name>TP4547</name>
  </trkpt>
  <trkpt lat="46.59959" lon="12.26997">
    <name>TP4548</name>
  </trkpt>
  <trkpt lat="46.5996" lon="12.26997">
    <name>TP4549</name>
  </trkpt>
  <trkpt lat="46.59977" lon="12.27">
    <name>TP4550</name>
  </trkpt>
  <trkpt lat="46.59979" lon="12.27001">
    <name>TP4551</name>
  </trkpt>
  <trkpt lat="46.60002" lon="12.2701">
    <name>TP4552</name>
  </trkpt>
  <trkpt lat="46.60013" lon="12.27015">
    <name>TP4553</name>
  </trkpt>
  <trkpt lat="46.6002" lon="12.27019">
    <name>TP4554</name>
  </trkpt>
  <trkpt lat="46.60035" lon="12.27024">
    <name>TP4555</name>
  </trkpt>
  <trkpt lat="46.60037" lon="12.27024">
    <name>TP4556</name>
  </trkpt>
  <trkpt lat="46.60049" lon="12.2703">
    <name>TP4557</name>
  </trkpt>
  <trkpt lat="46.60055" lon="12.27033">
    <name>TP4558</name>
  </trkpt>
  <trkpt lat="46.60057" lon="12.27034">
    <name>TP4559</name>
  </trkpt>
  <trkpt lat="46.60058" lon="12.27036">
    <name>TP4560</name>
  </trkpt>
  <trkpt lat="46.60061" lon="12.2704">
    <name>TP4561</name>
  </trkpt>
  <trkpt lat="46.60062" lon="12.2704">
    <name>TP4562</name>
  </trkpt>
  <trkpt lat="46.60066" lon="12.27047">
    <name>TP4563</name>
  </trkpt>
  <trkpt lat="46.60072" lon="12.2706">
    <name>TP4564</name>
  </trkpt>
  <trkpt lat="46.60074" lon="12.27069">
    <name>TP4565</name>
  </trkpt>
  <trkpt lat="46.60078" lon="12.27081">
    <name>TP4566</name>
  </trkpt>
  <trkpt lat="46.60079" lon="12.27092">
    <name>TP4567</name>
  </trkpt>
  <trkpt lat="46.60079" lon="12.27099">
    <name>TP4568</name>
  </trkpt>
  <trkpt lat="46.60079" lon="12.27111">
    <name>TP4569</name>
  </trkpt>
  <trkpt lat="46.60079" lon="12.27112">
    <name>TP4570</name>
  </trkpt>
  <trkpt lat="46.60079" lon="12.27136">
    <name>TP4571</name>
  </trkpt>
  <trkpt lat="46.60079" lon="12.27152">
    <name>TP4572</name>
  </trkpt>
  <trkpt lat="46.60079" lon="12.27158">
    <name>TP4573</name>
  </trkpt>
  <trkpt lat="46.6008" lon="12.27163">
    <name>TP4574</name>
  </trkpt>
  <trkpt lat="46.6008" lon="12.27177">
    <name>TP4575</name>
  </trkpt>
  <trkpt lat="46.60085" lon="12.272">
    <name>TP4576</name>
  </trkpt>
  <trkpt lat="46.60086" lon="12.27203">
    <name>TP4577</name>
  </trkpt>
  <trkpt lat="46.6009" lon="12.27228">
    <name>TP4578</name>
  </trkpt>
  <trkpt lat="46.6009" lon="12.27229">
    <name>TP4579</name>
  </trkpt>
  <trkpt lat="46.60092" lon="12.27239">
    <name>TP4580</name>
  </trkpt>
  <trkpt lat="46.60095" lon="12.27254">
    <name>TP4581</name>
  </trkpt>
  <trkpt lat="46.60105" lon="12.27304">
    <name>TP4582</name>
  </trkpt>
  <trkpt lat="46.6011" lon="12.2733">
    <name>TP4583</name>
  </trkpt>
  <trkpt lat="46.60115" lon="12.27354">
    <name>TP4584</name>
  </trkpt>
  <trkpt lat="46.60117" lon="12.27365">
    <name>TP4585</name>
  </trkpt>
  <trkpt lat="46.60119" lon="12.27374">
    <name>TP4586</name>
  </trkpt>
  <trkpt lat="46.60121" lon="12.27379">
    <name>TP4587</name>
  </trkpt>
  <trkpt lat="46.60125" lon="12.27392">
    <name>TP4588</name>
  </trkpt>
  <trkpt lat="46.60131" lon="12.27403">
    <name>TP4589</name>
  </trkpt>
  <trkpt lat="46.60139" lon="12.27413">
    <name>TP4590</name>
  </trkpt>
  <trkpt lat="46.60145" lon="12.27416">
    <name>TP4591</name>
  </trkpt>
  <trkpt lat="46.60152" lon="12.27422">
    <name>TP4592</name>
  </trkpt>
  <trkpt lat="46.60153" lon="12.27423">
    <name>TP4593</name>
  </trkpt>
  <trkpt lat="46.60184" lon="12.27443">
    <name>TP4594</name>
  </trkpt>
  <trkpt lat="46.60184" lon="12.27444">
    <name>TP4595</name>
  </trkpt>
  <trkpt lat="46.60193" lon="12.27449">
    <name>TP4596</name>
  </trkpt>
  <trkpt lat="46.6021" lon="12.2746">
    <name>TP4597</name>
  </trkpt>
  <trkpt lat="46.60217" lon="12.27465">
    <name>TP4598</name>
  </trkpt>
  <trkpt lat="46.6022" lon="12.27467">
    <name>TP4599</name>
  </trkpt>
  <trkpt lat="46.60226" lon="12.27471">
    <name>TP4600</name>
  </trkpt>
  <trkpt lat="46.60234" lon="12.27475">
    <name>TP4601</name>
  </trkpt>
  <trkpt lat="46.60259" lon="12.27492">
    <name>TP4602</name>
  </trkpt>
  <trkpt lat="46.603" lon="12.27517">
    <name>TP4603</name>
  </trkpt>
  <trkpt lat="46.60315" lon="12.27525">
    <name>TP4604</name>
  </trkpt>
  <trkpt lat="46.60326" lon="12.27531">
    <name>TP4605</name>
  </trkpt>
  <trkpt lat="46.60327" lon="12.27531">
    <name>TP4606</name>
  </trkpt>
  <trkpt lat="46.60332" lon="12.27534">
    <name>TP4607</name>
  </trkpt>
  <trkpt lat="46.60334" lon="12.27534">
    <name>TP4608</name>
  </trkpt>
  <trkpt lat="46.60339" lon="12.27536">
    <name>TP4609</name>
  </trkpt>
  <trkpt lat="46.60343" lon="12.27537">
    <name>TP4610</name>
  </trkpt>
  <trkpt lat="46.60345" lon="12.27537">
    <name>TP4611</name>
  </trkpt>
  <trkpt lat="46.6035" lon="12.27534">
    <name>TP4612</name>
  </trkpt>
  <trkpt lat="46.60351" lon="12.27533">
    <name>TP4613</name>
  </trkpt>
  <trkpt lat="46.60353" lon="12.2753">
    <name>TP4614</name>
  </trkpt>
  <trkpt lat="46.60356" lon="12.27526">
    <name>TP4615</name>
  </trkpt>
  <trkpt lat="46.60358" lon="12.27522">
    <name>TP4616</name>
  </trkpt>
  <trkpt lat="46.6036" lon="12.27519">
    <name>TP4617</name>
  </trkpt>
  <trkpt lat="46.60363" lon="12.27513">
    <name>TP4618</name>
  </trkpt>
  <trkpt lat="46.60364" lon="12.2751">
    <name>TP4619</name>
  </trkpt>
  <trkpt lat="46.6037" lon="12.27507">
    <name>TP4620</name>
  </trkpt>
  <trkpt lat="46.60376" lon="12.27503">
    <name>TP4621</name>
  </trkpt>
  <trkpt lat="46.60384" lon="12.27502">
    <name>TP4622</name>
  </trkpt>
  <trkpt lat="46.60388" lon="12.27505">
    <name>TP4623</name>
  </trkpt>
  <trkpt lat="46.6039" lon="12.27506">
    <name>TP4624</name>
  </trkpt>
  <trkpt lat="46.60395" lon="12.27509">
    <name>TP4625</name>
  </trkpt>
  <trkpt lat="46.60395" lon="12.2751">
    <name>TP4626</name>
  </trkpt>
  <trkpt lat="46.60401" lon="12.27516">
    <name>TP4627</name>
  </trkpt>
  <trkpt lat="46.60403" lon="12.27519">
    <name>TP4628</name>
  </trkpt>
  <trkpt lat="46.60408" lon="12.27523">
    <name>TP4629</name>
  </trkpt>
  <trkpt lat="46.60415" lon="12.27529">
    <name>TP4630</name>
  </trkpt>
  <trkpt lat="46.60423" lon="12.27533">
    <name>TP4631</name>
  </trkpt>
  <trkpt lat="46.60429" lon="12.27534">
    <name>TP4632</name>
  </trkpt>
  <trkpt lat="46.60442" lon="12.27534">
    <name>TP4633</name>
  </trkpt>
  <trkpt lat="46.6045" lon="12.27534">
    <name>TP4634</name>
  </trkpt>
  <trkpt lat="46.60458" lon="12.27533">
    <name>TP4635</name>
  </trkpt>
  <trkpt lat="46.60463" lon="12.27533">
    <name>TP4636</name>
  </trkpt>
  <trkpt lat="46.60473" lon="12.27532">
    <name>TP4637</name>
  </trkpt>
  <trkpt lat="46.60481" lon="12.27532">
    <name>TP4638</name>
  </trkpt>
  <trkpt lat="46.6049" lon="12.27533">
    <name>TP4639</name>
  </trkpt>
  <trkpt lat="46.60514" lon="12.27541">
    <name>TP4640</name>
  </trkpt>
  <trkpt lat="46.60523" lon="12.27542">
    <name>TP4641</name>
  </trkpt>
  <trkpt lat="46.60532" lon="12.27542">
    <name>TP4642</name>
  </trkpt>
  <trkpt lat="46.60534" lon="12.27542">
    <name>TP4643</name>
  </trkpt>
  <trkpt lat="46.60544" lon="12.27538">
    <name>TP4644</name>
  </trkpt>
  <trkpt lat="46.60551" lon="12.27534">
    <name>TP4645</name>
  </trkpt>
  <trkpt lat="46.6056" lon="12.27525">
    <name>TP4646</name>
  </trkpt>
  <trkpt lat="46.60566" lon="12.27516">
    <name>TP4647</name>
  </trkpt>
  <trkpt lat="46.60571" lon="12.27509">
    <name>TP4648</name>
  </trkpt>
  <trkpt lat="46.60576" lon="12.275">
    <name>TP4649</name>
  </trkpt>
  <trkpt lat="46.60582" lon="12.2749">
    <name>TP4650</name>
  </trkpt>
  <trkpt lat="46.60583" lon="12.27486">
    <name>TP4651</name>
  </trkpt>
  <trkpt lat="46.60584" lon="12.27484">
    <name>TP4652</name>
  </trkpt>
  <trkpt lat="46.60585" lon="12.27476">
    <name>TP4653</name>
  </trkpt>
  <trkpt lat="46.60586" lon="12.2747">
    <name>TP4654</name>
  </trkpt>
  <trkpt lat="46.60586" lon="12.27464">
    <name>TP4655</name>
  </trkpt>
  <trkpt lat="46.60586" lon="12.27461">
    <name>TP4656</name>
  </trkpt>
  <trkpt lat="46.60585" lon="12.27456">
    <name>TP4657</name>
  </trkpt>
  <trkpt lat="46.60584" lon="12.2745">
    <name>TP4658</name>
  </trkpt>
  <trkpt lat="46.60582" lon="12.27437">
    <name>TP4659</name>
  </trkpt>
  <trkpt lat="46.60581" lon="12.27435">
    <name>TP4660</name>
  </trkpt>
  <trkpt lat="46.6058" lon="12.27429">
    <name>TP4661</name>
  </trkpt>
  <trkpt lat="46.60576" lon="12.27419">
    <name>TP4662</name>
  </trkpt>
  <trkpt lat="46.60571" lon="12.27406">
    <name>TP4663</name>
  </trkpt>
  <trkpt lat="46.60568" lon="12.27398">
    <name>TP4664</name>
  </trkpt>
  <trkpt lat="46.60567" lon="12.27391">
    <name>TP4665</name>
  </trkpt>
  <trkpt lat="46.60569" lon="12.27383">
    <name>TP4666</name>
  </trkpt>
  <trkpt lat="46.6056893" lon="12.273834">
    <name>TP4667</name>
  </trkpt>
  <trkpt lat="46.60572" lon="12.27379">
    <name>TP4668</name>
  </trkpt>
  <trkpt lat="46.60574" lon="12.27379">
    <name>TP4669</name>
  </trkpt>
  <trkpt lat="46.60577" lon="12.27378">
    <name>TP4670</name>
  </trkpt>
  <trkpt lat="46.60585" lon="12.27377">
    <name>TP4671</name>
  </trkpt>
  <trkpt lat="46.60592" lon="12.27378">
    <name>TP4672</name>
  </trkpt>
  <trkpt lat="46.60595" lon="12.27378">
    <name>TP4673</name>
  </trkpt>
  <trkpt lat="46.60602" lon="12.27378">
    <name>TP4674</name>
  </trkpt>
  <trkpt lat="46.60608" lon="12.27378">
    <name>TP4675</name>
  </trkpt>
  <trkpt lat="46.60614" lon="12.27377">
    <name>TP4676</name>
  </trkpt>
  <trkpt lat="46.60619" lon="12.27373">
    <name>TP4677</name>
  </trkpt>
  <trkpt lat="46.60623" lon="12.27368">
    <name>TP4678</name>
  </trkpt>
  <trkpt lat="46.6064" lon="12.27352">
    <name>TP4679</name>
  </trkpt>
  <trkpt lat="46.60642" lon="12.2735">
    <name>TP4680</name>
  </trkpt>
  <trkpt lat="46.60651" lon="12.27343">
    <name>TP4681</name>
  </trkpt>
  <trkpt lat="46.60656" lon="12.2734">
    <name>TP4682</name>
  </trkpt>
  <trkpt lat="46.60657" lon="12.27339">
    <name>TP4683</name>
  </trkpt>
  <trkpt lat="46.6066" lon="12.27338">
    <name>TP4684</name>
  </trkpt>
  <trkpt lat="46.60666" lon="12.27335">
    <name>TP4685</name>
  </trkpt>
  <trkpt lat="46.60673" lon="12.27331">
    <name>TP4686</name>
  </trkpt>
  <trkpt lat="46.60675" lon="12.27331">
    <name>TP4687</name>
  </trkpt>
  <trkpt lat="46.60676" lon="12.2733">
    <name>TP4688</name>
  </trkpt>
  <trkpt lat="46.60681" lon="12.27329">
    <name>TP4689</name>
  </trkpt>
  <trkpt lat="46.60685" lon="12.27329">
    <name>TP4690</name>
  </trkpt>
  <trkpt lat="46.60689" lon="12.2733">
    <name>TP4691</name>
  </trkpt>
  <trkpt lat="46.60691" lon="12.27331">
    <name>TP4692</name>
  </trkpt>
  <trkpt lat="46.60693" lon="12.27333">
    <name>TP4693</name>
  </trkpt>
  <trkpt lat="46.60696" lon="12.27336">
    <name>TP4694</name>
  </trkpt>
  <trkpt lat="46.60699" lon="12.27341">
    <name>TP4695</name>
  </trkpt>
  <trkpt lat="46.60702" lon="12.27348">
    <name>TP4696</name>
  </trkpt>
  <trkpt lat="46.60702" lon="12.2735">
    <name>TP4697</name>
  </trkpt>
  <trkpt lat="46.60703" lon="12.27355">
    <name>TP4698</name>
  </trkpt>
  <trkpt lat="46.60702" lon="12.27362">
    <name>TP4699</name>
  </trkpt>
  <trkpt lat="46.607" lon="12.2737">
    <name>TP4700</name>
  </trkpt>
  <trkpt lat="46.60697" lon="12.27377">
    <name>TP4701</name>
  </trkpt>
  <trkpt lat="46.60687" lon="12.27395">
    <name>TP4702</name>
  </trkpt>
  <trkpt lat="46.60685" lon="12.274">
    <name>TP4703</name>
  </trkpt>
  <trkpt lat="46.60682" lon="12.27411">
    <name>TP4704</name>
  </trkpt>
  <trkpt lat="46.60678" lon="12.2742">
    <name>TP4705</name>
  </trkpt>
  <trkpt lat="46.60671" lon="12.27434">
    <name>TP4706</name>
  </trkpt>
  <trkpt lat="46.60667" lon="12.27439">
    <name>TP4707</name>
  </trkpt>
  <trkpt lat="46.60665" lon="12.27442">
    <name>TP4708</name>
  </trkpt>
  <trkpt lat="46.60661" lon="12.27449">
    <name>TP4709</name>
  </trkpt>
  <trkpt lat="46.60659" lon="12.27454">
    <name>TP4710</name>
  </trkpt>
  <trkpt lat="46.60657" lon="12.27458">
    <name>TP4711</name>
  </trkpt>
  <trkpt lat="46.60657" lon="12.2746">
    <name>TP4712</name>
  </trkpt>
  <trkpt lat="46.60656" lon="12.27463">
    <name>TP4713</name>
  </trkpt>
  <trkpt lat="46.60655" lon="12.27464">
    <name>TP4714</name>
  </trkpt>
  <trkpt lat="46.60655" lon="12.27468">
    <name>TP4715</name>
  </trkpt>
  <trkpt lat="46.60657" lon="12.27473">
    <name>TP4716</name>
  </trkpt>
  <trkpt lat="46.60661" lon="12.27475">
    <name>TP4717</name>
  </trkpt>
  <trkpt lat="46.60665" lon="12.27477">
    <name>TP4718</name>
  </trkpt>
  <trkpt lat="46.60668" lon="12.27477">
    <name>TP4719</name>
  </trkpt>
  <trkpt lat="46.60677" lon="12.27476">
    <name>TP4720</name>
  </trkpt>
  <trkpt lat="46.60683" lon="12.27477">
    <name>TP4721</name>
  </trkpt>
  <trkpt lat="46.60686" lon="12.27478">
    <name>TP4722</name>
  </trkpt>
  <trkpt lat="46.60689" lon="12.27478">
    <name>TP4723</name>
  </trkpt>
  <trkpt lat="46.60703" lon="12.27479">
    <name>TP4724</name>
  </trkpt>
  <trkpt lat="46.6071" lon="12.27481">
    <name>TP4725</name>
  </trkpt>
  <trkpt lat="46.60714" lon="12.27482">
    <name>TP4726</name>
  </trkpt>
  <trkpt lat="46.60716" lon="12.27485">
    <name>TP4727</name>
  </trkpt>
  <trkpt lat="46.60717" lon="12.27487">
    <name>TP4728</name>
  </trkpt>
  <trkpt lat="46.60718" lon="12.27488">
    <name>TP4729</name>
  </trkpt>
  <trkpt lat="46.60719" lon="12.27491">
    <name>TP4730</name>
  </trkpt>
  <trkpt lat="46.60719" lon="12.27493">
    <name>TP4731</name>
  </trkpt>
  <trkpt lat="46.6072" lon="12.27497">
    <name>TP4732</name>
  </trkpt>
  <trkpt lat="46.6072" lon="12.27502">
    <name>TP4733</name>
  </trkpt>
  <trkpt lat="46.60718" lon="12.27506">
    <name>TP4734</name>
  </trkpt>
  <trkpt lat="46.60716" lon="12.27509">
    <name>TP4735</name>
  </trkpt>
  <trkpt lat="46.60715" lon="12.2751">
    <name>TP4736</name>
  </trkpt>
  <trkpt lat="46.60713" lon="12.27512">
    <name>TP4737</name>
  </trkpt>
  <trkpt lat="46.60709" lon="12.27518">
    <name>TP4738</name>
  </trkpt>
  <trkpt lat="46.60705" lon="12.27522">
    <name>TP4739</name>
  </trkpt>
  <trkpt lat="46.60701" lon="12.2753">
    <name>TP4740</name>
  </trkpt>
  <trkpt lat="46.60701" lon="12.27537">
    <name>TP4741</name>
  </trkpt>
  <trkpt lat="46.60702" lon="12.27544">
    <name>TP4742</name>
  </trkpt>
  <trkpt lat="46.60704" lon="12.27551">
    <name>TP4743</name>
  </trkpt>
  <trkpt lat="46.60708" lon="12.2756">
    <name>TP4744</name>
  </trkpt>
  <trkpt lat="46.60713" lon="12.27578">
    <name>TP4745</name>
  </trkpt>
  <trkpt lat="46.60722" lon="12.276">
    <name>TP4746</name>
  </trkpt>
  <trkpt lat="46.60725" lon="12.27612">
    <name>TP4747</name>
  </trkpt>
  <trkpt lat="46.60727" lon="12.27622">
    <name>TP4748</name>
  </trkpt>
  <trkpt lat="46.60728" lon="12.27638">
    <name>TP4749</name>
  </trkpt>
  <trkpt lat="46.60728" lon="12.27648">
    <name>TP4750</name>
  </trkpt>
  <trkpt lat="46.60728" lon="12.27653">
    <name>TP4751</name>
  </trkpt>
  <trkpt lat="46.6073" lon="12.27693">
    <name>TP4752</name>
  </trkpt>
  <trkpt lat="46.60728" lon="12.27778">
    <name>TP4753</name>
  </trkpt>
  <trkpt lat="46.60729" lon="12.27812">
    <name>TP4754</name>
  </trkpt>
  <trkpt lat="46.60731" lon="12.27815">
    <name>TP4755</name>
  </trkpt>
  <trkpt lat="46.60732" lon="12.27818">
    <name>TP4756</name>
  </trkpt>
  <trkpt lat="46.60734" lon="12.27819">
    <name>TP4757</name>
  </trkpt>
  <trkpt lat="46.60737" lon="12.2782">
    <name>TP4758</name>
  </trkpt>
  <trkpt lat="46.6074" lon="12.2782">
    <name>TP4759</name>
  </trkpt>
  <trkpt lat="46.60742" lon="12.2782">
    <name>TP4760</name>
  </trkpt>
  <trkpt lat="46.60744" lon="12.27819">
    <name>TP4761</name>
  </trkpt>
  <trkpt lat="46.60746" lon="12.27817">
    <name>TP4762</name>
  </trkpt>
  <trkpt lat="46.60763" lon="12.27799">
    <name>TP4763</name>
  </trkpt>
  <trkpt lat="46.6078" lon="12.2778">
    <name>TP4764</name>
  </trkpt>
  <trkpt lat="46.60783" lon="12.27776">
    <name>TP4765</name>
  </trkpt>
  <trkpt lat="46.60785" lon="12.27772">
    <name>TP4766</name>
  </trkpt>
  <trkpt lat="46.60787" lon="12.27768">
    <name>TP4767</name>
  </trkpt>
  <trkpt lat="46.60789" lon="12.27762">
    <name>TP4768</name>
  </trkpt>
  <trkpt lat="46.60792" lon="12.27751">
    <name>TP4769</name>
  </trkpt>
  <trkpt lat="46.60796" lon="12.27736">
    <name>TP4770</name>
  </trkpt>
  <trkpt lat="46.60799" lon="12.27728">
    <name>TP4771</name>
  </trkpt>
  <trkpt lat="46.608" lon="12.27726">
    <name>TP4772</name>
  </trkpt>
  <trkpt lat="46.60801" lon="12.27724">
    <name>TP4773</name>
  </trkpt>
  <trkpt lat="46.60809" lon="12.27711">
    <name>TP4774</name>
  </trkpt>
  <trkpt lat="46.60811" lon="12.27708">
    <name>TP4775</name>
  </trkpt>
  <trkpt lat="46.60813" lon="12.27704">
    <name>TP4776</name>
  </trkpt>
  <trkpt lat="46.60822" lon="12.27691">
    <name>TP4777</name>
  </trkpt>
  <trkpt lat="46.60823" lon="12.27689">
    <name>TP4778</name>
  </trkpt>
  <trkpt lat="46.60825" lon="12.27687">
    <name>TP4779</name>
  </trkpt>
  <trkpt lat="46.60828" lon="12.27684">
    <name>TP4780</name>
  </trkpt>
  <trkpt lat="46.6083" lon="12.27681">
    <name>TP4781</name>
  </trkpt>
  <trkpt lat="46.60834" lon="12.27679">
    <name>TP4782</name>
  </trkpt>
  <trkpt lat="46.60836" lon="12.27678">
    <name>TP4783</name>
  </trkpt>
  <trkpt lat="46.60838" lon="12.27678">
    <name>TP4784</name>
  </trkpt>
  <trkpt lat="46.60839" lon="12.27678">
    <name>TP4785</name>
  </trkpt>
  <trkpt lat="46.6084" lon="12.27678">
    <name>TP4786</name>
  </trkpt>
  <trkpt lat="46.60842" lon="12.27678">
    <name>TP4787</name>
  </trkpt>
  <trkpt lat="46.60843" lon="12.27678">
    <name>TP4788</name>
  </trkpt>
  <trkpt lat="46.60844" lon="12.27679">
    <name>TP4789</name>
  </trkpt>
  <trkpt lat="46.60846" lon="12.27681">
    <name>TP4790</name>
  </trkpt>
  <trkpt lat="46.60848" lon="12.27684">
    <name>TP4791</name>
  </trkpt>
  <trkpt lat="46.60849" lon="12.27687">
    <name>TP4792</name>
  </trkpt>
  <trkpt lat="46.60849" lon="12.27691">
    <name>TP4793</name>
  </trkpt>
  <trkpt lat="46.60849" lon="12.27694">
    <name>TP4794</name>
  </trkpt>
  <trkpt lat="46.60847" lon="12.27699">
    <name>TP4795</name>
  </trkpt>
  <trkpt lat="46.60846" lon="12.27704">
    <name>TP4796</name>
  </trkpt>
  <trkpt lat="46.60836" lon="12.27723">
    <name>TP4797</name>
  </trkpt>
  <trkpt lat="46.60829" lon="12.27738">
    <name>TP4798</name>
  </trkpt>
  <trkpt lat="46.60827" lon="12.27743">
    <name>TP4799</name>
  </trkpt>
  <trkpt lat="46.60819" lon="12.27774">
    <name>TP4800</name>
  </trkpt>
  <trkpt lat="46.60807" lon="12.27834">
    <name>TP4801</name>
  </trkpt>
  <trkpt lat="46.60802" lon="12.27871">
    <name>TP4802</name>
  </trkpt>
  <trkpt lat="46.60798" lon="12.27897">
    <name>TP4803</name>
  </trkpt>
  <trkpt lat="46.60793" lon="12.27931">
    <name>TP4804</name>
  </trkpt>
  <trkpt lat="46.6079" lon="12.27974">
    <name>TP4805</name>
  </trkpt>
  <trkpt lat="46.60788" lon="12.28">
    <name>TP4806</name>
  </trkpt>
  <trkpt lat="46.60788" lon="12.28005">
    <name>TP4807</name>
  </trkpt>
  <trkpt lat="46.60778" lon="12.28139">
    <name>TP4808</name>
  </trkpt>
  <trkpt lat="46.60772" lon="12.28181">
    <name>TP4809</name>
  </trkpt>
  <trkpt lat="46.60769" lon="12.28208">
    <name>TP4810</name>
  </trkpt>
  <trkpt lat="46.60768" lon="12.28218">
    <name>TP4811</name>
  </trkpt>
  <trkpt lat="46.60768" lon="12.28234">
    <name>TP4812</name>
  </trkpt>
  <trkpt lat="46.60768" lon="12.28246">
    <name>TP4813</name>
  </trkpt>
  <trkpt lat="46.60769" lon="12.28273">
    <name>TP4814</name>
  </trkpt>
  <trkpt lat="46.60776" lon="12.28301">
    <name>TP4815</name>
  </trkpt>
  <trkpt lat="46.60785" lon="12.28327">
    <name>TP4816</name>
  </trkpt>
  <trkpt lat="46.60802" lon="12.28374">
    <name>TP4817</name>
  </trkpt>
  <trkpt lat="46.60807" lon="12.28405">
    <name>TP4818</name>
  </trkpt>
  <trkpt lat="46.60812" lon="12.28432">
    <name>TP4819</name>
  </trkpt>
  <trkpt lat="46.60827" lon="12.28487">
    <name>TP4820</name>
  </trkpt>
  <trkpt lat="46.60837" lon="12.28528">
    <name>TP4821</name>
  </trkpt>
  <trkpt lat="46.60838" lon="12.28532">
    <name>TP4822</name>
  </trkpt>
  <trkpt lat="46.60842" lon="12.28554">
    <name>TP4823</name>
  </trkpt>
  <trkpt lat="46.60842" lon="12.28559">
    <name>TP4824</name>
  </trkpt>
  <trkpt lat="46.60843" lon="12.28583">
    <name>TP4825</name>
  </trkpt>
  <trkpt lat="46.60843" lon="12.28592">
    <name>TP4826</name>
  </trkpt>
  <trkpt lat="46.6084" lon="12.28605">
    <name>TP4827</name>
  </trkpt>
  <trkpt lat="46.60836" lon="12.28615">
    <name>TP4828</name>
  </trkpt>
  <trkpt lat="46.60828" lon="12.2863">
    <name>TP4829</name>
  </trkpt>
  <trkpt lat="46.60821" lon="12.28642">
    <name>TP4830</name>
  </trkpt>
  <trkpt lat="46.60817" lon="12.28653">
    <name>TP4831</name>
  </trkpt>
  <trkpt lat="46.6081" lon="12.28688">
    <name>TP4832</name>
  </trkpt>
  <trkpt lat="46.60793" lon="12.28788">
    <name>TP4833</name>
  </trkpt>
  <trkpt lat="46.60782" lon="12.28822">
    <name>TP4834</name>
  </trkpt>
  <trkpt lat="46.60768" lon="12.28865">
    <name>TP4835</name>
  </trkpt>
  <trkpt lat="46.60766" lon="12.2887">
    <name>TP4836</name>
  </trkpt>
  <trkpt lat="46.60745" lon="12.28921">
    <name>TP4837</name>
  </trkpt>
  <trkpt lat="46.60725" lon="12.28954">
    <name>TP4838</name>
  </trkpt>
  <trkpt lat="46.6072" lon="12.28962">
    <name>TP4839</name>
  </trkpt>
  <trkpt lat="46.60715" lon="12.28976">
    <name>TP4840</name>
  </trkpt>
  <trkpt lat="46.60713" lon="12.28982">
    <name>TP4841</name>
  </trkpt>
  <trkpt lat="46.6071" lon="12.29">
    <name>TP4842</name>
  </trkpt>
  <trkpt lat="46.60704" lon="12.29024">
    <name>TP4843</name>
  </trkpt>
  <trkpt lat="46.60696" lon="12.29052">
    <name>TP4844</name>
  </trkpt>
  <trkpt lat="46.60692" lon="12.2907">
    <name>TP4845</name>
  </trkpt>
  <trkpt lat="46.60691" lon="12.29079">
    <name>TP4846</name>
  </trkpt>
  <trkpt lat="46.60691" lon="12.29085">
    <name>TP4847</name>
  </trkpt>
  <trkpt lat="46.60691" lon="12.29089">
    <name>TP4848</name>
  </trkpt>
  <trkpt lat="46.60693" lon="12.29093">
    <name>TP4849</name>
  </trkpt>
  <trkpt lat="46.60693" lon="12.29094">
    <name>TP4850</name>
  </trkpt>
  <trkpt lat="46.60694" lon="12.29096">
    <name>TP4851</name>
  </trkpt>
  <trkpt lat="46.60696" lon="12.29098">
    <name>TP4852</name>
  </trkpt>
  <trkpt lat="46.60697" lon="12.29099">
    <name>TP4853</name>
  </trkpt>
  <trkpt lat="46.607" lon="12.291">
    <name>TP4854</name>
  </trkpt>
  <trkpt lat="46.60702" lon="12.291">
    <name>TP4855</name>
  </trkpt>
  <trkpt lat="46.60705" lon="12.291">
    <name>TP4856</name>
  </trkpt>
  <trkpt lat="46.60707" lon="12.29099">
    <name>TP4857</name>
  </trkpt>
  <trkpt lat="46.60709" lon="12.29097">
    <name>TP4858</name>
  </trkpt>
  <trkpt lat="46.60713" lon="12.29092">
    <name>TP4859</name>
  </trkpt>
  <trkpt lat="46.60724" lon="12.29076">
    <name>TP4860</name>
  </trkpt>
  <trkpt lat="46.60725" lon="12.29074">
    <name>TP4861</name>
  </trkpt>
  <trkpt lat="46.60731" lon="12.29065">
    <name>TP4862</name>
  </trkpt>
  <trkpt lat="46.60738" lon="12.29057">
    <name>TP4863</name>
  </trkpt>
  <trkpt lat="46.60739" lon="12.29056">
    <name>TP4864</name>
  </trkpt>
  <trkpt lat="46.60748" lon="12.2905">
    <name>TP4865</name>
  </trkpt>
  <trkpt lat="46.60756" lon="12.29046">
    <name>TP4866</name>
  </trkpt>
  <trkpt lat="46.6076" lon="12.29045">
    <name>TP4867</name>
  </trkpt>
  <trkpt lat="46.60762" lon="12.29045">
    <name>TP4868</name>
  </trkpt>
  <trkpt lat="46.60764" lon="12.29047">
    <name>TP4869</name>
  </trkpt>
  <trkpt lat="46.60766" lon="12.29048">
    <name>TP4870</name>
  </trkpt>
  <trkpt lat="46.60767" lon="12.2905">
    <name>TP4871</name>
  </trkpt>
  <trkpt lat="46.60768" lon="12.29052">
    <name>TP4872</name>
  </trkpt>
  <trkpt lat="46.60768" lon="12.29054">
    <name>TP4873</name>
  </trkpt>
  <trkpt lat="46.60769" lon="12.29055">
    <name>TP4874</name>
  </trkpt>
  <trkpt lat="46.60769" lon="12.29058">
    <name>TP4875</name>
  </trkpt>
  <trkpt lat="46.6077" lon="12.29067">
    <name>TP4876</name>
  </trkpt>
  <trkpt lat="46.60769" lon="12.29079">
    <name>TP4877</name>
  </trkpt>
  <trkpt lat="46.60764" lon="12.29113">
    <name>TP4878</name>
  </trkpt>
  <trkpt lat="46.60764" lon="12.29133">
    <name>TP4879</name>
  </trkpt>
  <trkpt lat="46.60763" lon="12.29145">
    <name>TP4880</name>
  </trkpt>
  <trkpt lat="46.60762" lon="12.29159">
    <name>TP4881</name>
  </trkpt>
  <trkpt lat="46.60758" lon="12.29186">
    <name>TP4882</name>
  </trkpt>
  <trkpt lat="46.60753" lon="12.29208">
    <name>TP4883</name>
  </trkpt>
  <trkpt lat="46.60742" lon="12.29233">
    <name>TP4884</name>
  </trkpt>
  <trkpt lat="46.60731" lon="12.29251">
    <name>TP4885</name>
  </trkpt>
  <trkpt lat="46.60709" lon="12.29287">
    <name>TP4886</name>
  </trkpt>
  <trkpt lat="46.60705" lon="12.29297">
    <name>TP4887</name>
  </trkpt>
  <trkpt lat="46.60702" lon="12.29307">
    <name>TP4888</name>
  </trkpt>
  <trkpt lat="46.60701" lon="12.29315">
    <name>TP4889</name>
  </trkpt>
  <trkpt lat="46.60701" lon="12.29317">
    <name>TP4890</name>
  </trkpt>
  <trkpt lat="46.607" lon="12.29324">
    <name>TP4891</name>
  </trkpt>
  <trkpt lat="46.607" lon="12.29326">
    <name>TP4892</name>
  </trkpt>
  <trkpt lat="46.60701" lon="12.29328">
    <name>TP4893</name>
  </trkpt>
  <trkpt lat="46.60702" lon="12.2933">
    <name>TP4894</name>
  </trkpt>
  <trkpt lat="46.60703" lon="12.29331">
    <name>TP4895</name>
  </trkpt>
  <trkpt lat="46.60705" lon="12.29334">
    <name>TP4896</name>
  </trkpt>
  <trkpt lat="46.60707" lon="12.29336">
    <name>TP4897</name>
  </trkpt>
  <trkpt lat="46.60708" lon="12.29336">
    <name>TP4898</name>
  </trkpt>
  <trkpt lat="46.60709" lon="12.29337">
    <name>TP4899</name>
  </trkpt>
  <trkpt lat="46.60711" lon="12.29336">
    <name>TP4900</name>
  </trkpt>
  <trkpt lat="46.60712" lon="12.29336">
    <name>TP4901</name>
  </trkpt>
  <trkpt lat="46.60713" lon="12.29335">
    <name>TP4902</name>
  </trkpt>
  <trkpt lat="46.60715" lon="12.29334">
    <name>TP4903</name>
  </trkpt>
  <trkpt lat="46.60717" lon="12.29331">
    <name>TP4904</name>
  </trkpt>
  <trkpt lat="46.60721" lon="12.29323">
    <name>TP4905</name>
  </trkpt>
  <trkpt lat="46.60721" lon="12.29322">
    <name>TP4906</name>
  </trkpt>
  <trkpt lat="46.60722" lon="12.29322">
    <name>TP4907</name>
  </trkpt>
  <trkpt lat="46.60725" lon="12.29315">
    <name>TP4908</name>
  </trkpt>
  <trkpt lat="46.60727" lon="12.29311">
    <name>TP4909</name>
  </trkpt>
  <trkpt lat="46.60731" lon="12.29301">
    <name>TP4910</name>
  </trkpt>
  <trkpt lat="46.60731" lon="12.293">
    <name>TP4911</name>
  </trkpt>
  <trkpt lat="46.60732" lon="12.29298">
    <name>TP4912</name>
  </trkpt>
  <trkpt lat="46.60733" lon="12.29297">
    <name>TP4913</name>
  </trkpt>
  <trkpt lat="46.60735" lon="12.29296">
    <name>TP4914</name>
  </trkpt>
  <trkpt lat="46.60737" lon="12.29295">
    <name>TP4915</name>
  </trkpt>
  <trkpt lat="46.60739" lon="12.29295">
    <name>TP4916</name>
  </trkpt>
  <trkpt lat="46.60744" lon="12.29295">
    <name>TP4917</name>
  </trkpt>
  <trkpt lat="46.60746" lon="12.29295">
    <name>TP4918</name>
  </trkpt>
  <trkpt lat="46.60748" lon="12.29296">
    <name>TP4919</name>
  </trkpt>
  <trkpt lat="46.60749" lon="12.29297">
    <name>TP4920</name>
  </trkpt>
  <trkpt lat="46.60751" lon="12.29298">
    <name>TP4921</name>
  </trkpt>
  <trkpt lat="46.60753" lon="12.29303">
    <name>TP4922</name>
  </trkpt>
  <trkpt lat="46.60754" lon="12.29306">
    <name>TP4923</name>
  </trkpt>
  <trkpt lat="46.60755" lon="12.29308">
    <name>TP4924</name>
  </trkpt>
  <trkpt lat="46.60755" lon="12.2931">
    <name>TP4925</name>
  </trkpt>
  <trkpt lat="46.60755" lon="12.29315">
    <name>TP4926</name>
  </trkpt>
  <trkpt lat="46.60755" lon="12.29319">
    <name>TP4927</name>
  </trkpt>
  <trkpt lat="46.60755" lon="12.29321">
    <name>TP4928</name>
  </trkpt>
  <trkpt lat="46.60754" lon="12.29322">
    <name>TP4929</name>
  </trkpt>
  <trkpt lat="46.60753" lon="12.29324">
    <name>TP4930</name>
  </trkpt>
  <trkpt lat="46.60753" lon="12.29325">
    <name>TP4931</name>
  </trkpt>
  <trkpt lat="46.6075" lon="12.29328">
    <name>TP4932</name>
  </trkpt>
  <trkpt lat="46.60742" lon="12.29333">
    <name>TP4933</name>
  </trkpt>
  <trkpt lat="46.60734" lon="12.29338">
    <name>TP4934</name>
  </trkpt>
  <trkpt lat="46.60724" lon="12.2935">
    <name>TP4935</name>
  </trkpt>
  <trkpt lat="46.60716" lon="12.29366">
    <name>TP4936</name>
  </trkpt>
  <trkpt lat="46.60701" lon="12.29396">
    <name>TP4937</name>
  </trkpt>
  <trkpt lat="46.60699" lon="12.29399">
    <name>TP4938</name>
  </trkpt>
  <trkpt lat="46.60692" lon="12.29406">
    <name>TP4939</name>
  </trkpt>
  <trkpt lat="46.6068" lon="12.29419">
    <name>TP4940</name>
  </trkpt>
  <trkpt lat="46.60678" lon="12.29422">
    <name>TP4941</name>
  </trkpt>
  <trkpt lat="46.60666" lon="12.29438">
    <name>TP4942</name>
  </trkpt>
  <trkpt lat="46.60665" lon="12.2944">
    <name>TP4943</name>
  </trkpt>
  <trkpt lat="46.60655" lon="12.29454">
    <name>TP4944</name>
  </trkpt>
  <trkpt lat="46.60653" lon="12.2946">
    <name>TP4945</name>
  </trkpt>
  <trkpt lat="46.60651" lon="12.29463">
    <name>TP4946</name>
  </trkpt>
  <trkpt lat="46.6065" lon="12.29469">
    <name>TP4947</name>
  </trkpt>
  <trkpt lat="46.6065" lon="12.29475">
    <name>TP4948</name>
  </trkpt>
  <trkpt lat="46.60651" lon="12.2948">
    <name>TP4949</name>
  </trkpt>
  <trkpt lat="46.60652" lon="12.29484">
    <name>TP4950</name>
  </trkpt>
  <trkpt lat="46.60654" lon="12.29488">
    <name>TP4951</name>
  </trkpt>
  <trkpt lat="46.60655" lon="12.29489">
    <name>TP4952</name>
  </trkpt>
  <trkpt lat="46.60656" lon="12.2949">
    <name>TP4953</name>
  </trkpt>
  <trkpt lat="46.60659" lon="12.29491">
    <name>TP4954</name>
  </trkpt>
  <trkpt lat="46.60662" lon="12.29492">
    <name>TP4955</name>
  </trkpt>
  <trkpt lat="46.60664" lon="12.29492">
    <name>TP4956</name>
  </trkpt>
  <trkpt lat="46.60668" lon="12.29491">
    <name>TP4957</name>
  </trkpt>
  <trkpt lat="46.60668" lon="12.2949">
    <name>TP4958</name>
  </trkpt>
  <trkpt lat="46.60672" lon="12.29487">
    <name>TP4959</name>
  </trkpt>
  <trkpt lat="46.60678" lon="12.29479">
    <name>TP4960</name>
  </trkpt>
  <trkpt lat="46.60683" lon="12.29469">
    <name>TP4961</name>
  </trkpt>
  <trkpt lat="46.6069" lon="12.29461">
    <name>TP4962</name>
  </trkpt>
  <trkpt lat="46.60701" lon="12.29452">
    <name>TP4963</name>
  </trkpt>
  <trkpt lat="46.6072" lon="12.29439">
    <name>TP4964</name>
  </trkpt>
  <trkpt lat="46.60745" lon="12.29426">
    <name>TP4965</name>
  </trkpt>
  <trkpt lat="46.60754" lon="12.29423">
    <name>TP4966</name>
  </trkpt>
  <trkpt lat="46.60762" lon="12.29419">
    <name>TP4967</name>
  </trkpt>
  <trkpt lat="46.60763" lon="12.29418">
    <name>TP4968</name>
  </trkpt>
  <trkpt lat="46.6077" lon="12.29417">
    <name>TP4969</name>
  </trkpt>
  <trkpt lat="46.60775" lon="12.29418">
    <name>TP4970</name>
  </trkpt>
  <trkpt lat="46.60787" lon="12.29426">
    <name>TP4971</name>
  </trkpt>
  <trkpt lat="46.60811" lon="12.29456">
    <name>TP4972</name>
  </trkpt>
  <trkpt lat="46.60816" lon="12.2946">
    <name>TP4973</name>
  </trkpt>
  <trkpt lat="46.60819" lon="12.29463">
    <name>TP4974</name>
  </trkpt>
  <trkpt lat="46.60823" lon="12.29466">
    <name>TP4975</name>
  </trkpt>
  <trkpt lat="46.60826" lon="12.29468">
    <name>TP4976</name>
  </trkpt>
  <trkpt lat="46.60838" lon="12.29472">
    <name>TP4977</name>
  </trkpt>
  <trkpt lat="46.60851" lon="12.29472">
    <name>TP4978</name>
  </trkpt>
  <trkpt lat="46.60886" lon="12.2948">
    <name>TP4979</name>
  </trkpt>
  <trkpt lat="46.60892" lon="12.29482">
    <name>TP4980</name>
  </trkpt>
  <trkpt lat="46.60894" lon="12.29483">
    <name>TP4981</name>
  </trkpt>
  <trkpt lat="46.60897" lon="12.29485">
    <name>TP4982</name>
  </trkpt>
  <trkpt lat="46.60903" lon="12.29493">
    <name>TP4983</name>
  </trkpt>
  <trkpt lat="46.60908" lon="12.29499">
    <name>TP4984</name>
  </trkpt>
  <trkpt lat="46.60908" lon="12.295">
    <name>TP4985</name>
  </trkpt>
  <trkpt lat="46.60912" lon="12.29511">
    <name>TP4986</name>
  </trkpt>
  <trkpt lat="46.60916" lon="12.29525">
    <name>TP4987</name>
  </trkpt>
  <trkpt lat="46.6092" lon="12.29553">
    <name>TP4988</name>
  </trkpt>
  <trkpt lat="46.6092" lon="12.29578">
    <name>TP4989</name>
  </trkpt>
  <trkpt lat="46.60916" lon="12.29609">
    <name>TP4990</name>
  </trkpt>
  <trkpt lat="46.60909" lon="12.29637">
    <name>TP4991</name>
  </trkpt>
  <trkpt lat="46.60898" lon="12.29656">
    <name>TP4992</name>
  </trkpt>
  <trkpt lat="46.60879" lon="12.29677">
    <name>TP4993</name>
  </trkpt>
  <trkpt lat="46.60862" lon="12.29695">
    <name>TP4994</name>
  </trkpt>
  <trkpt lat="46.60852" lon="12.2971">
    <name>TP4995</name>
  </trkpt>
  <trkpt lat="46.60849" lon="12.29715">
    <name>TP4996</name>
  </trkpt>
  <trkpt lat="46.60849" lon="12.29716">
    <name>TP4997</name>
  </trkpt>
  <trkpt lat="46.60844" lon="12.29724">
    <name>TP4998</name>
  </trkpt>
  <trkpt lat="46.60843" lon="12.29726">
    <name>TP4999</name>
  </trkpt>
  <trkpt lat="46.60842" lon="12.29729">
    <name>TP5000</name>
  </trkpt>
  <trkpt lat="46.60841" lon="12.29734">
    <name>TP5001</name>
  </trkpt>
  <trkpt lat="46.60841" lon="12.29736">
    <name>TP5002</name>
  </trkpt>
  <trkpt lat="46.60841" lon="12.29738">
    <name>TP5003</name>
  </trkpt>
  <trkpt lat="46.60841" lon="12.2974">
    <name>TP5004</name>
  </trkpt>
  <trkpt lat="46.60841" lon="12.29743">
    <name>TP5005</name>
  </trkpt>
  <trkpt lat="46.60842" lon="12.29745">
    <name>TP5006</name>
  </trkpt>
  <trkpt lat="46.60842" lon="12.29747">
    <name>TP5007</name>
  </trkpt>
  <trkpt lat="46.60843" lon="12.29747">
    <name>TP5008</name>
  </trkpt>
  <trkpt lat="46.60844" lon="12.29748">
    <name>TP5009</name>
  </trkpt>
  <trkpt lat="46.60845" lon="12.29749">
    <name>TP5010</name>
  </trkpt>
  <trkpt lat="46.60846" lon="12.29749">
    <name>TP5011</name>
  </trkpt>
  <trkpt lat="46.60847" lon="12.29749">
    <name>TP5012</name>
  </trkpt>
  <trkpt lat="46.60849" lon="12.29749">
    <name>TP5013</name>
  </trkpt>
  <trkpt lat="46.60852" lon="12.29748">
    <name>TP5014</name>
  </trkpt>
  <trkpt lat="46.60856" lon="12.29745">
    <name>TP5015</name>
  </trkpt>
  <trkpt lat="46.6086" lon="12.29741">
    <name>TP5016</name>
  </trkpt>
  <trkpt lat="46.60864" lon="12.29735">
    <name>TP5017</name>
  </trkpt>
  <trkpt lat="46.60866" lon="12.2973">
    <name>TP5018</name>
  </trkpt>
  <trkpt lat="46.60867" lon="12.2973">
    <name>TP5019</name>
  </trkpt>
  <trkpt lat="46.60867" lon="12.29729">
    <name>TP5020</name>
  </trkpt>
  <trkpt lat="46.60874" lon="12.29721">
    <name>TP5021</name>
  </trkpt>
  <trkpt lat="46.60874" lon="12.2972">
    <name>TP5022</name>
  </trkpt>
  <trkpt lat="46.6088" lon="12.29715">
    <name>TP5023</name>
  </trkpt>
  <trkpt lat="46.60881" lon="12.29715">
    <name>TP5024</name>
  </trkpt>
  <trkpt lat="46.60882" lon="12.29715">
    <name>TP5025</name>
  </trkpt>
  <trkpt lat="46.6089" lon="12.29711">
    <name>TP5026</name>
  </trkpt>
  <trkpt lat="46.60902" lon="12.29709">
    <name>TP5027</name>
  </trkpt>
  <trkpt lat="46.60921" lon="12.297">
    <name>TP5028</name>
  </trkpt>
  <trkpt lat="46.60937" lon="12.29686">
    <name>TP5029</name>
  </trkpt>
  <trkpt lat="46.60947" lon="12.29676">
    <name>TP5030</name>
  </trkpt>
  <trkpt lat="46.60955" lon="12.29669">
    <name>TP5031</name>
  </trkpt>
  <trkpt lat="46.60962" lon="12.29663">
    <name>TP5032</name>
  </trkpt>
  <trkpt lat="46.60962" lon="12.29662">
    <name>TP5033</name>
  </trkpt>
  <trkpt lat="46.60977" lon="12.29647">
    <name>TP5034</name>
  </trkpt>
  <trkpt lat="46.60991" lon="12.29631">
    <name>TP5035</name>
  </trkpt>
  <trkpt lat="46.60995" lon="12.29628">
    <name>TP5036</name>
  </trkpt>
  <trkpt lat="46.61" lon="12.29625">
    <name>TP5037</name>
  </trkpt>
  <trkpt lat="46.61013" lon="12.29616">
    <name>TP5038</name>
  </trkpt>
  <trkpt lat="46.6103" lon="12.29608">
    <name>TP5039</name>
  </trkpt>
  <trkpt lat="46.61041" lon="12.29602">
    <name>TP5040</name>
  </trkpt>
  <trkpt lat="46.61044" lon="12.296">
    <name>TP5041</name>
  </trkpt>
  <trkpt lat="46.61056" lon="12.29593">
    <name>TP5042</name>
  </trkpt>
  <trkpt lat="46.61058" lon="12.29592">
    <name>TP5043</name>
  </trkpt>
  <trkpt lat="46.61059" lon="12.29591">
    <name>TP5044</name>
  </trkpt>
  <trkpt lat="46.61086" lon="12.29571">
    <name>TP5045</name>
  </trkpt>
  <trkpt lat="46.61109" lon="12.29546">
    <name>TP5046</name>
  </trkpt>
  <trkpt lat="46.61118" lon="12.29536">
    <name>TP5047</name>
  </trkpt>
  <trkpt lat="46.61121" lon="12.29534">
    <name>TP5048</name>
  </trkpt>
  <trkpt lat="46.61126" lon="12.29529">
    <name>TP5049</name>
  </trkpt>
  <trkpt lat="46.61133" lon="12.29526">
    <name>TP5050</name>
  </trkpt>
  <trkpt lat="46.61134" lon="12.29525">
    <name>TP5051</name>
  </trkpt>
  <trkpt lat="46.61149" lon="12.29518">
    <name>TP5052</name>
  </trkpt>
  <trkpt lat="46.61152" lon="12.29518">
    <name>TP5053</name>
  </trkpt>
  <trkpt lat="46.61155" lon="12.29516">
    <name>TP5054</name>
  </trkpt>
  <trkpt lat="46.61163" lon="12.29502">
    <name>TP5055</name>
  </trkpt>
  <trkpt lat="46.61192" lon="12.29458">
    <name>TP5056</name>
  </trkpt>
  <trkpt lat="46.61206" lon="12.29436">
    <name>TP5057</name>
  </trkpt>
  <trkpt lat="46.61215" lon="12.29421">
    <name>TP5058</name>
  </trkpt>
  <trkpt lat="46.61242" lon="12.29382">
    <name>TP5059</name>
  </trkpt>
  <trkpt lat="46.61275" lon="12.29361">
    <name>TP5060</name>
  </trkpt>
  <trkpt lat="46.61289" lon="12.29353">
    <name>TP5061</name>
  </trkpt>
  <trkpt lat="46.61304" lon="12.29345">
    <name>TP5062</name>
  </trkpt>
  <trkpt lat="46.61308" lon="12.29343">
    <name>TP5063</name>
  </trkpt>
  <trkpt lat="46.61325" lon="12.29334">
    <name>TP5064</name>
  </trkpt>
  <trkpt lat="46.61336" lon="12.29327">
    <name>TP5065</name>
  </trkpt>
  <trkpt lat="46.61346" lon="12.2932">
    <name>TP5066</name>
  </trkpt>
  <trkpt lat="46.61357" lon="12.2931">
    <name>TP5067</name>
  </trkpt>
  <trkpt lat="46.61364" lon="12.29303">
    <name>TP5068</name>
  </trkpt>
  <trkpt lat="46.61368" lon="12.29298">
    <name>TP5069</name>
  </trkpt>
  <trkpt lat="46.6137" lon="12.29295">
    <name>TP5070</name>
  </trkpt>
  <trkpt lat="46.61371" lon="12.29295">
    <name>TP5071</name>
  </trkpt>
  <trkpt lat="46.6137088" lon="12.292948">
    <name>TP5072</name>
  </trkpt>
  <trkpt lat="46.6137088" lon="12.292948">
    <name>TP5073</name>
  </trkpt>
  <trkpt lat="46.6137" lon="12.29295">
    <name>TP5074</name>
  </trkpt>
  <trkpt lat="46.61368" lon="12.29298">
    <name>TP5075</name>
  </trkpt>
  <trkpt lat="46.61364" lon="12.29303">
    <name>TP5076</name>
  </trkpt>
  <trkpt lat="46.61357" lon="12.2931">
    <name>TP5077</name>
  </trkpt>
  <trkpt lat="46.61346" lon="12.2932">
    <name>TP5078</name>
  </trkpt>
  <trkpt lat="46.61336" lon="12.29327">
    <name>TP5079</name>
  </trkpt>
  <trkpt lat="46.61325" lon="12.29334">
    <name>TP5080</name>
  </trkpt>
  <trkpt lat="46.61308" lon="12.29343">
    <name>TP5081</name>
  </trkpt>
  <trkpt lat="46.61304" lon="12.29345">
    <name>TP5082</name>
  </trkpt>
  <trkpt lat="46.61289" lon="12.29353">
    <name>TP5083</name>
  </trkpt>
  <trkpt lat="46.61275" lon="12.29361">
    <name>TP5084</name>
  </trkpt>
  <trkpt lat="46.61242" lon="12.29382">
    <name>TP5085</name>
  </trkpt>
  <trkpt lat="46.61215" lon="12.29421">
    <name>TP5086</name>
  </trkpt>
  <trkpt lat="46.61206" lon="12.29436">
    <name>TP5087</name>
  </trkpt>
  <trkpt lat="46.61192" lon="12.29458">
    <name>TP5088</name>
  </trkpt>
  <trkpt lat="46.61163" lon="12.29502">
    <name>TP5089</name>
  </trkpt>
  <trkpt lat="46.61155" lon="12.29516">
    <name>TP5090</name>
  </trkpt>
  <trkpt lat="46.61152" lon="12.29518">
    <name>TP5091</name>
  </trkpt>
  <trkpt lat="46.61149" lon="12.29518">
    <name>TP5092</name>
  </trkpt>
  <trkpt lat="46.61134" lon="12.29525">
    <name>TP5093</name>
  </trkpt>
  <trkpt lat="46.61133" lon="12.29526">
    <name>TP5094</name>
  </trkpt>
  <trkpt lat="46.61126" lon="12.29529">
    <name>TP5095</name>
  </trkpt>
  <trkpt lat="46.61121" lon="12.29534">
    <name>TP5096</name>
  </trkpt>
  <trkpt lat="46.61118" lon="12.29536">
    <name>TP5097</name>
  </trkpt>
  <trkpt lat="46.61109" lon="12.29546">
    <name>TP5098</name>
  </trkpt>
  <trkpt lat="46.61086" lon="12.29571">
    <name>TP5099</name>
  </trkpt>
  <trkpt lat="46.61059" lon="12.29591">
    <name>TP5100</name>
  </trkpt>
  <trkpt lat="46.61058" lon="12.29592">
    <name>TP5101</name>
  </trkpt>
  <trkpt lat="46.61056" lon="12.29593">
    <name>TP5102</name>
  </trkpt>
  <trkpt lat="46.61044" lon="12.296">
    <name>TP5103</name>
  </trkpt>
  <trkpt lat="46.61041" lon="12.29602">
    <name>TP5104</name>
  </trkpt>
  <trkpt lat="46.6103" lon="12.29608">
    <name>TP5105</name>
  </trkpt>
  <trkpt lat="46.61013" lon="12.29616">
    <name>TP5106</name>
  </trkpt>
  <trkpt lat="46.61" lon="12.29625">
    <name>TP5107</name>
  </trkpt>
  <trkpt lat="46.60995" lon="12.29628">
    <name>TP5108</name>
  </trkpt>
  <trkpt lat="46.60991" lon="12.29631">
    <name>TP5109</name>
  </trkpt>
  <trkpt lat="46.60977" lon="12.29647">
    <name>TP5110</name>
  </trkpt>
  <trkpt lat="46.60962" lon="12.29662">
    <name>TP5111</name>
  </trkpt>
  <trkpt lat="46.60962" lon="12.29663">
    <name>TP5112</name>
  </trkpt>
  <trkpt lat="46.60955" lon="12.29669">
    <name>TP5113</name>
  </trkpt>
  <trkpt lat="46.60947" lon="12.29676">
    <name>TP5114</name>
  </trkpt>
  <trkpt lat="46.60937" lon="12.29686">
    <name>TP5115</name>
  </trkpt>
  <trkpt lat="46.60921" lon="12.297">
    <name>TP5116</name>
  </trkpt>
  <trkpt lat="46.60902" lon="12.29709">
    <name>TP5117</name>
  </trkpt>
  <trkpt lat="46.6089" lon="12.29711">
    <name>TP5118</name>
  </trkpt>
  <trkpt lat="46.60882" lon="12.29715">
    <name>TP5119</name>
  </trkpt>
  <trkpt lat="46.60881" lon="12.29715">
    <name>TP5120</name>
  </trkpt>
  <trkpt lat="46.6088" lon="12.29715">
    <name>TP5121</name>
  </trkpt>
  <trkpt lat="46.60874" lon="12.2972">
    <name>TP5122</name>
  </trkpt>
  <trkpt lat="46.60874" lon="12.29721">
    <name>TP5123</name>
  </trkpt>
  <trkpt lat="46.60867" lon="12.29729">
    <name>TP5124</name>
  </trkpt>
  <trkpt lat="46.60867" lon="12.2973">
    <name>TP5125</name>
  </trkpt>
  <trkpt lat="46.60866" lon="12.2973">
    <name>TP5126</name>
  </trkpt>
  <trkpt lat="46.60864" lon="12.29735">
    <name>TP5127</name>
  </trkpt>
  <trkpt lat="46.6086" lon="12.29741">
    <name>TP5128</name>
  </trkpt>
  <trkpt lat="46.60856" lon="12.29745">
    <name>TP5129</name>
  </trkpt>
  <trkpt lat="46.60852" lon="12.29748">
    <name>TP5130</name>
  </trkpt>
  <trkpt lat="46.60849" lon="12.29749">
    <name>TP5131</name>
  </trkpt>
  <trkpt lat="46.60847" lon="12.29749">
    <name>TP5132</name>
  </trkpt>
  <trkpt lat="46.60846" lon="12.29749">
    <name>TP5133</name>
  </trkpt>
  <trkpt lat="46.60845" lon="12.29749">
    <name>TP5134</name>
  </trkpt>
  <trkpt lat="46.60844" lon="12.29748">
    <name>TP5135</name>
  </trkpt>
  <trkpt lat="46.60843" lon="12.29747">
    <name>TP5136</name>
  </trkpt>
  <trkpt lat="46.60842" lon="12.29747">
    <name>TP5137</name>
  </trkpt>
  <trkpt lat="46.60842" lon="12.29745">
    <name>TP5138</name>
  </trkpt>
  <trkpt lat="46.60841" lon="12.29743">
    <name>TP5139</name>
  </trkpt>
  <trkpt lat="46.60841" lon="12.2974">
    <name>TP5140</name>
  </trkpt>
  <trkpt lat="46.60841" lon="12.29738">
    <name>TP5141</name>
  </trkpt>
  <trkpt lat="46.60841" lon="12.29736">
    <name>TP5142</name>
  </trkpt>
  <trkpt lat="46.60841" lon="12.29734">
    <name>TP5143</name>
  </trkpt>
  <trkpt lat="46.60842" lon="12.29729">
    <name>TP5144</name>
  </trkpt>
  <trkpt lat="46.60843" lon="12.29726">
    <name>TP5145</name>
  </trkpt>
  <trkpt lat="46.60844" lon="12.29724">
    <name>TP5146</name>
  </trkpt>
  <trkpt lat="46.60849" lon="12.29716">
    <name>TP5147</name>
  </trkpt>
  <trkpt lat="46.60849" lon="12.29715">
    <name>TP5148</name>
  </trkpt>
  <trkpt lat="46.60852" lon="12.2971">
    <name>TP5149</name>
  </trkpt>
  <trkpt lat="46.60862" lon="12.29695">
    <name>TP5150</name>
  </trkpt>
  <trkpt lat="46.60879" lon="12.29677">
    <name>TP5151</name>
  </trkpt>
  <trkpt lat="46.60898" lon="12.29656">
    <name>TP5152</name>
  </trkpt>
  <trkpt lat="46.60909" lon="12.29637">
    <name>TP5153</name>
  </trkpt>
  <trkpt lat="46.60916" lon="12.29609">
    <name>TP5154</name>
  </trkpt>
  <trkpt lat="46.6092" lon="12.29578">
    <name>TP5155</name>
  </trkpt>
  <trkpt lat="46.6092" lon="12.29553">
    <name>TP5156</name>
  </trkpt>
  <trkpt lat="46.60916" lon="12.29525">
    <name>TP5157</name>
  </trkpt>
  <trkpt lat="46.60912" lon="12.29511">
    <name>TP5158</name>
  </trkpt>
  <trkpt lat="46.60908" lon="12.295">
    <name>TP5159</name>
  </trkpt>
  <trkpt lat="46.60908" lon="12.29499">
    <name>TP5160</name>
  </trkpt>
  <trkpt lat="46.60903" lon="12.29493">
    <name>TP5161</name>
  </trkpt>
  <trkpt lat="46.60897" lon="12.29485">
    <name>TP5162</name>
  </trkpt>
  <trkpt lat="46.60894" lon="12.29483">
    <name>TP5163</name>
  </trkpt>
  <trkpt lat="46.60892" lon="12.29482">
    <name>TP5164</name>
  </trkpt>
  <trkpt lat="46.60886" lon="12.2948">
    <name>TP5165</name>
  </trkpt>
  <trkpt lat="46.60851" lon="12.29472">
    <name>TP5166</name>
  </trkpt>
  <trkpt lat="46.60838" lon="12.29472">
    <name>TP5167</name>
  </trkpt>
  <trkpt lat="46.60826" lon="12.29468">
    <name>TP5168</name>
  </trkpt>
  <trkpt lat="46.60823" lon="12.29466">
    <name>TP5169</name>
  </trkpt>
  <trkpt lat="46.60819" lon="12.29463">
    <name>TP5170</name>
  </trkpt>
  <trkpt lat="46.60816" lon="12.2946">
    <name>TP5171</name>
  </trkpt>
  <trkpt lat="46.60811" lon="12.29456">
    <name>TP5172</name>
  </trkpt>
  <trkpt lat="46.60787" lon="12.29426">
    <name>TP5173</name>
  </trkpt>
  <trkpt lat="46.60775" lon="12.29418">
    <name>TP5174</name>
  </trkpt>
  <trkpt lat="46.6077" lon="12.29417">
    <name>TP5175</name>
  </trkpt>
  <trkpt lat="46.60763" lon="12.29418">
    <name>TP5176</name>
  </trkpt>
  <trkpt lat="46.60762" lon="12.29419">
    <name>TP5177</name>
  </trkpt>
  <trkpt lat="46.60754" lon="12.29423">
    <name>TP5178</name>
  </trkpt>
  <trkpt lat="46.60745" lon="12.29426">
    <name>TP5179</name>
  </trkpt>
  <trkpt lat="46.6072" lon="12.29439">
    <name>TP5180</name>
  </trkpt>
  <trkpt lat="46.60701" lon="12.29452">
    <name>TP5181</name>
  </trkpt>
  <trkpt lat="46.6069" lon="12.29461">
    <name>TP5182</name>
  </trkpt>
  <trkpt lat="46.60683" lon="12.29469">
    <name>TP5183</name>
  </trkpt>
  <trkpt lat="46.60678" lon="12.29479">
    <name>TP5184</name>
  </trkpt>
  <trkpt lat="46.60672" lon="12.29487">
    <name>TP5185</name>
  </trkpt>
  <trkpt lat="46.60668" lon="12.2949">
    <name>TP5186</name>
  </trkpt>
  <trkpt lat="46.60668" lon="12.29491">
    <name>TP5187</name>
  </trkpt>
  <trkpt lat="46.60664" lon="12.29492">
    <name>TP5188</name>
  </trkpt>
  <trkpt lat="46.60662" lon="12.29492">
    <name>TP5189</name>
  </trkpt>
  <trkpt lat="46.60659" lon="12.29491">
    <name>TP5190</name>
  </trkpt>
  <trkpt lat="46.60656" lon="12.2949">
    <name>TP5191</name>
  </trkpt>
  <trkpt lat="46.60655" lon="12.29489">
    <name>TP5192</name>
  </trkpt>
  <trkpt lat="46.60654" lon="12.29488">
    <name>TP5193</name>
  </trkpt>
  <trkpt lat="46.60652" lon="12.29484">
    <name>TP5194</name>
  </trkpt>
  <trkpt lat="46.60651" lon="12.2948">
    <name>TP5195</name>
  </trkpt>
  <trkpt lat="46.6065" lon="12.29475">
    <name>TP5196</name>
  </trkpt>
  <trkpt lat="46.6065" lon="12.29469">
    <name>TP5197</name>
  </trkpt>
  <trkpt lat="46.60651" lon="12.29463">
    <name>TP5198</name>
  </trkpt>
  <trkpt lat="46.60653" lon="12.2946">
    <name>TP5199</name>
  </trkpt>
  <trkpt lat="46.60655" lon="12.29454">
    <name>TP5200</name>
  </trkpt>
  <trkpt lat="46.60665" lon="12.2944">
    <name>TP5201</name>
  </trkpt>
  <trkpt lat="46.60666" lon="12.29438">
    <name>TP5202</name>
  </trkpt>
  <trkpt lat="46.60678" lon="12.29422">
    <name>TP5203</name>
  </trkpt>
  <trkpt lat="46.6068" lon="12.29419">
    <name>TP5204</name>
  </trkpt>
  <trkpt lat="46.60692" lon="12.29406">
    <name>TP5205</name>
  </trkpt>
  <trkpt lat="46.60699" lon="12.29399">
    <name>TP5206</name>
  </trkpt>
  <trkpt lat="46.60701" lon="12.29396">
    <name>TP5207</name>
  </trkpt>
  <trkpt lat="46.60716" lon="12.29366">
    <name>TP5208</name>
  </trkpt>
  <trkpt lat="46.60724" lon="12.2935">
    <name>TP5209</name>
  </trkpt>
  <trkpt lat="46.60734" lon="12.29338">
    <name>TP5210</name>
  </trkpt>
  <trkpt lat="46.60742" lon="12.29333">
    <name>TP5211</name>
  </trkpt>
  <trkpt lat="46.6075" lon="12.29328">
    <name>TP5212</name>
  </trkpt>
  <trkpt lat="46.60753" lon="12.29325">
    <name>TP5213</name>
  </trkpt>
  <trkpt lat="46.60753" lon="12.29324">
    <name>TP5214</name>
  </trkpt>
  <trkpt lat="46.60754" lon="12.29322">
    <name>TP5215</name>
  </trkpt>
  <trkpt lat="46.60755" lon="12.29321">
    <name>TP5216</name>
  </trkpt>
  <trkpt lat="46.60755" lon="12.29319">
    <name>TP5217</name>
  </trkpt>
  <trkpt lat="46.60755" lon="12.29315">
    <name>TP5218</name>
  </trkpt>
  <trkpt lat="46.60755" lon="12.2931">
    <name>TP5219</name>
  </trkpt>
  <trkpt lat="46.60755" lon="12.29308">
    <name>TP5220</name>
  </trkpt>
  <trkpt lat="46.60754" lon="12.29306">
    <name>TP5221</name>
  </trkpt>
  <trkpt lat="46.60753" lon="12.29303">
    <name>TP5222</name>
  </trkpt>
  <trkpt lat="46.60751" lon="12.29298">
    <name>TP5223</name>
  </trkpt>
  <trkpt lat="46.60749" lon="12.29297">
    <name>TP5224</name>
  </trkpt>
  <trkpt lat="46.60748" lon="12.29296">
    <name>TP5225</name>
  </trkpt>
  <trkpt lat="46.60746" lon="12.29295">
    <name>TP5226</name>
  </trkpt>
  <trkpt lat="46.60744" lon="12.29295">
    <name>TP5227</name>
  </trkpt>
  <trkpt lat="46.60739" lon="12.29295">
    <name>TP5228</name>
  </trkpt>
  <trkpt lat="46.60737" lon="12.29295">
    <name>TP5229</name>
  </trkpt>
  <trkpt lat="46.60735" lon="12.29296">
    <name>TP5230</name>
  </trkpt>
  <trkpt lat="46.60733" lon="12.29297">
    <name>TP5231</name>
  </trkpt>
  <trkpt lat="46.60732" lon="12.29298">
    <name>TP5232</name>
  </trkpt>
  <trkpt lat="46.60731" lon="12.293">
    <name>TP5233</name>
  </trkpt>
  <trkpt lat="46.60731" lon="12.29301">
    <name>TP5234</name>
  </trkpt>
  <trkpt lat="46.60727" lon="12.29311">
    <name>TP5235</name>
  </trkpt>
  <trkpt lat="46.60725" lon="12.29315">
    <name>TP5236</name>
  </trkpt>
  <trkpt lat="46.60722" lon="12.29322">
    <name>TP5237</name>
  </trkpt>
  <trkpt lat="46.60721" lon="12.29322">
    <name>TP5238</name>
  </trkpt>
  <trkpt lat="46.60721" lon="12.29323">
    <name>TP5239</name>
  </trkpt>
  <trkpt lat="46.60717" lon="12.29331">
    <name>TP5240</name>
  </trkpt>
  <trkpt lat="46.60715" lon="12.29334">
    <name>TP5241</name>
  </trkpt>
  <trkpt lat="46.60713" lon="12.29335">
    <name>TP5242</name>
  </trkpt>
  <trkpt lat="46.60712" lon="12.29336">
    <name>TP5243</name>
  </trkpt>
  <trkpt lat="46.60711" lon="12.29336">
    <name>TP5244</name>
  </trkpt>
  <trkpt lat="46.60709" lon="12.29337">
    <name>TP5245</name>
  </trkpt>
  <trkpt lat="46.60708" lon="12.29336">
    <name>TP5246</name>
  </trkpt>
  <trkpt lat="46.60707" lon="12.29336">
    <name>TP5247</name>
  </trkpt>
  <trkpt lat="46.60705" lon="12.29334">
    <name>TP5248</name>
  </trkpt>
  <trkpt lat="46.60703" lon="12.29331">
    <name>TP5249</name>
  </trkpt>
  <trkpt lat="46.60702" lon="12.2933">
    <name>TP5250</name>
  </trkpt>
  <trkpt lat="46.60701" lon="12.29328">
    <name>TP5251</name>
  </trkpt>
  <trkpt lat="46.607" lon="12.29326">
    <name>TP5252</name>
  </trkpt>
  <trkpt lat="46.607" lon="12.29324">
    <name>TP5253</name>
  </trkpt>
  <trkpt lat="46.60701" lon="12.29317">
    <name>TP5254</name>
  </trkpt>
  <trkpt lat="46.60701" lon="12.29315">
    <name>TP5255</name>
  </trkpt>
  <trkpt lat="46.60702" lon="12.29307">
    <name>TP5256</name>
  </trkpt>
  <trkpt lat="46.60705" lon="12.29297">
    <name>TP5257</name>
  </trkpt>
  <trkpt lat="46.60709" lon="12.29287">
    <name>TP5258</name>
  </trkpt>
  <trkpt lat="46.60731" lon="12.29251">
    <name>TP5259</name>
  </trkpt>
  <trkpt lat="46.60742" lon="12.29233">
    <name>TP5260</name>
  </trkpt>
  <trkpt lat="46.60753" lon="12.29208">
    <name>TP5261</name>
  </trkpt>
  <trkpt lat="46.60758" lon="12.29186">
    <name>TP5262</name>
  </trkpt>
  <trkpt lat="46.60762" lon="12.29159">
    <name>TP5263</name>
  </trkpt>
  <trkpt lat="46.60763" lon="12.29145">
    <name>TP5264</name>
  </trkpt>
  <trkpt lat="46.60764" lon="12.29133">
    <name>TP5265</name>
  </trkpt>
  <trkpt lat="46.60764" lon="12.29113">
    <name>TP5266</name>
  </trkpt>
  <trkpt lat="46.60769" lon="12.29079">
    <name>TP5267</name>
  </trkpt>
  <trkpt lat="46.6077" lon="12.29067">
    <name>TP5268</name>
  </trkpt>
  <trkpt lat="46.60769" lon="12.29058">
    <name>TP5269</name>
  </trkpt>
  <trkpt lat="46.60769" lon="12.29055">
    <name>TP5270</name>
  </trkpt>
  <trkpt lat="46.60768" lon="12.29054">
    <name>TP5271</name>
  </trkpt>
  <trkpt lat="46.60768" lon="12.29052">
    <name>TP5272</name>
  </trkpt>
  <trkpt lat="46.60767" lon="12.2905">
    <name>TP5273</name>
  </trkpt>
  <trkpt lat="46.60766" lon="12.29048">
    <name>TP5274</name>
  </trkpt>
  <trkpt lat="46.60764" lon="12.29047">
    <name>TP5275</name>
  </trkpt>
  <trkpt lat="46.60762" lon="12.29045">
    <name>TP5276</name>
  </trkpt>
  <trkpt lat="46.6076" lon="12.29045">
    <name>TP5277</name>
  </trkpt>
  <trkpt lat="46.60756" lon="12.29046">
    <name>TP5278</name>
  </trkpt>
  <trkpt lat="46.60748" lon="12.2905">
    <name>TP5279</name>
  </trkpt>
  <trkpt lat="46.60739" lon="12.29056">
    <name>TP5280</name>
  </trkpt>
  <trkpt lat="46.60738" lon="12.29057">
    <name>TP5281</name>
  </trkpt>
  <trkpt lat="46.60731" lon="12.29065">
    <name>TP5282</name>
  </trkpt>
  <trkpt lat="46.60725" lon="12.29074">
    <name>TP5283</name>
  </trkpt>
  <trkpt lat="46.60724" lon="12.29076">
    <name>TP5284</name>
  </trkpt>
  <trkpt lat="46.60713" lon="12.29092">
    <name>TP5285</name>
  </trkpt>
  <trkpt lat="46.60709" lon="12.29097">
    <name>TP5286</name>
  </trkpt>
  <trkpt lat="46.60707" lon="12.29099">
    <name>TP5287</name>
  </trkpt>
  <trkpt lat="46.60705" lon="12.291">
    <name>TP5288</name>
  </trkpt>
  <trkpt lat="46.60702" lon="12.291">
    <name>TP5289</name>
  </trkpt>
  <trkpt lat="46.607" lon="12.291">
    <name>TP5290</name>
  </trkpt>
  <trkpt lat="46.60697" lon="12.29099">
    <name>TP5291</name>
  </trkpt>
  <trkpt lat="46.60696" lon="12.29098">
    <name>TP5292</name>
  </trkpt>
  <trkpt lat="46.60694" lon="12.29096">
    <name>TP5293</name>
  </trkpt>
  <trkpt lat="46.60693" lon="12.29094">
    <name>TP5294</name>
  </trkpt>
  <trkpt lat="46.60693" lon="12.29093">
    <name>TP5295</name>
  </trkpt>
  <trkpt lat="46.60691" lon="12.29089">
    <name>TP5296</name>
  </trkpt>
  <trkpt lat="46.60691" lon="12.29085">
    <name>TP5297</name>
  </trkpt>
  <trkpt lat="46.60691" lon="12.29079">
    <name>TP5298</name>
  </trkpt>
  <trkpt lat="46.60692" lon="12.2907">
    <name>TP5299</name>
  </trkpt>
  <trkpt lat="46.60696" lon="12.29052">
    <name>TP5300</name>
  </trkpt>
  <trkpt lat="46.60704" lon="12.29024">
    <name>TP5301</name>
  </trkpt>
  <trkpt lat="46.6071" lon="12.29">
    <name>TP5302</name>
  </trkpt>
  <trkpt lat="46.60713" lon="12.28982">
    <name>TP5303</name>
  </trkpt>
  <trkpt lat="46.60715" lon="12.28976">
    <name>TP5304</name>
  </trkpt>
  <trkpt lat="46.6072" lon="12.28962">
    <name>TP5305</name>
  </trkpt>
  <trkpt lat="46.60725" lon="12.28954">
    <name>TP5306</name>
  </trkpt>
  <trkpt lat="46.60745" lon="12.28921">
    <name>TP5307</name>
  </trkpt>
  <trkpt lat="46.60766" lon="12.2887">
    <name>TP5308</name>
  </trkpt>
  <trkpt lat="46.60768" lon="12.28865">
    <name>TP5309</name>
  </trkpt>
  <trkpt lat="46.60782" lon="12.28822">
    <name>TP5310</name>
  </trkpt>
  <trkpt lat="46.60793" lon="12.28788">
    <name>TP5311</name>
  </trkpt>
  <trkpt lat="46.6081" lon="12.28688">
    <name>TP5312</name>
  </trkpt>
  <trkpt lat="46.60817" lon="12.28653">
    <name>TP5313</name>
  </trkpt>
  <trkpt lat="46.60821" lon="12.28642">
    <name>TP5314</name>
  </trkpt>
  <trkpt lat="46.60828" lon="12.2863">
    <name>TP5315</name>
  </trkpt>
  <trkpt lat="46.60836" lon="12.28615">
    <name>TP5316</name>
  </trkpt>
  <trkpt lat="46.6084" lon="12.28605">
    <name>TP5317</name>
  </trkpt>
  <trkpt lat="46.60843" lon="12.28592">
    <name>TP5318</name>
  </trkpt>
  <trkpt lat="46.60843" lon="12.28583">
    <name>TP5319</name>
  </trkpt>
  <trkpt lat="46.60842" lon="12.28559">
    <name>TP5320</name>
  </trkpt>
  <trkpt lat="46.60842" lon="12.28554">
    <name>TP5321</name>
  </trkpt>
  <trkpt lat="46.60838" lon="12.28532">
    <name>TP5322</name>
  </trkpt>
  <trkpt lat="46.60837" lon="12.28528">
    <name>TP5323</name>
  </trkpt>
  <trkpt lat="46.60827" lon="12.28487">
    <name>TP5324</name>
  </trkpt>
  <trkpt lat="46.60812" lon="12.28432">
    <name>TP5325</name>
  </trkpt>
  <trkpt lat="46.60807" lon="12.28405">
    <name>TP5326</name>
  </trkpt>
  <trkpt lat="46.60802" lon="12.28374">
    <name>TP5327</name>
  </trkpt>
  <trkpt lat="46.60785" lon="12.28327">
    <name>TP5328</name>
  </trkpt>
  <trkpt lat="46.60776" lon="12.28301">
    <name>TP5329</name>
  </trkpt>
  <trkpt lat="46.60769" lon="12.28273">
    <name>TP5330</name>
  </trkpt>
  <trkpt lat="46.60768" lon="12.28246">
    <name>TP5331</name>
  </trkpt>
  <trkpt lat="46.60768" lon="12.28234">
    <name>TP5332</name>
  </trkpt>
  <trkpt lat="46.60768" lon="12.28218">
    <name>TP5333</name>
  </trkpt>
  <trkpt lat="46.60769" lon="12.28208">
    <name>TP5334</name>
  </trkpt>
  <trkpt lat="46.60772" lon="12.28181">
    <name>TP5335</name>
  </trkpt>
  <trkpt lat="46.60778" lon="12.28139">
    <name>TP5336</name>
  </trkpt>
  <trkpt lat="46.60788" lon="12.28005">
    <name>TP5337</name>
  </trkpt>
  <trkpt lat="46.60788" lon="12.28">
    <name>TP5338</name>
  </trkpt>
  <trkpt lat="46.6079" lon="12.27974">
    <name>TP5339</name>
  </trkpt>
  <trkpt lat="46.60793" lon="12.27931">
    <name>TP5340</name>
  </trkpt>
  <trkpt lat="46.60798" lon="12.27897">
    <name>TP5341</name>
  </trkpt>
  <trkpt lat="46.60802" lon="12.27871">
    <name>TP5342</name>
  </trkpt>
  <trkpt lat="46.60807" lon="12.27834">
    <name>TP5343</name>
  </trkpt>
  <trkpt lat="46.60819" lon="12.27774">
    <name>TP5344</name>
  </trkpt>
  <trkpt lat="46.60827" lon="12.27743">
    <name>TP5345</name>
  </trkpt>
  <trkpt lat="46.60829" lon="12.27738">
    <name>TP5346</name>
  </trkpt>
  <trkpt lat="46.60836" lon="12.27723">
    <name>TP5347</name>
  </trkpt>
  <trkpt lat="46.60846" lon="12.27704">
    <name>TP5348</name>
  </trkpt>
  <trkpt lat="46.60847" lon="12.27699">
    <name>TP5349</name>
  </trkpt>
  <trkpt lat="46.60849" lon="12.27694">
    <name>TP5350</name>
  </trkpt>
  <trkpt lat="46.60849" lon="12.27691">
    <name>TP5351</name>
  </trkpt>
  <trkpt lat="46.60849" lon="12.27687">
    <name>TP5352</name>
  </trkpt>
  <trkpt lat="46.60848" lon="12.27684">
    <name>TP5353</name>
  </trkpt>
  <trkpt lat="46.60846" lon="12.27681">
    <name>TP5354</name>
  </trkpt>
  <trkpt lat="46.60844" lon="12.27679">
    <name>TP5355</name>
  </trkpt>
  <trkpt lat="46.60843" lon="12.27678">
    <name>TP5356</name>
  </trkpt>
  <trkpt lat="46.60842" lon="12.27678">
    <name>TP5357</name>
  </trkpt>
  <trkpt lat="46.6084" lon="12.27678">
    <name>TP5358</name>
  </trkpt>
  <trkpt lat="46.60839" lon="12.27678">
    <name>TP5359</name>
  </trkpt>
  <trkpt lat="46.60838" lon="12.27678">
    <name>TP5360</name>
  </trkpt>
  <trkpt lat="46.60836" lon="12.27678">
    <name>TP5361</name>
  </trkpt>
  <trkpt lat="46.60834" lon="12.27679">
    <name>TP5362</name>
  </trkpt>
  <trkpt lat="46.6083" lon="12.27681">
    <name>TP5363</name>
  </trkpt>
  <trkpt lat="46.60828" lon="12.27684">
    <name>TP5364</name>
  </trkpt>
  <trkpt lat="46.60825" lon="12.27687">
    <name>TP5365</name>
  </trkpt>
  <trkpt lat="46.60823" lon="12.27689">
    <name>TP5366</name>
  </trkpt>
  <trkpt lat="46.60822" lon="12.27691">
    <name>TP5367</name>
  </trkpt>
  <trkpt lat="46.60813" lon="12.27704">
    <name>TP5368</name>
  </trkpt>
  <trkpt lat="46.60811" lon="12.27708">
    <name>TP5369</name>
  </trkpt>
  <trkpt lat="46.60809" lon="12.27711">
    <name>TP5370</name>
  </trkpt>
  <trkpt lat="46.60801" lon="12.27724">
    <name>TP5371</name>
  </trkpt>
  <trkpt lat="46.608" lon="12.27726">
    <name>TP5372</name>
  </trkpt>
  <trkpt lat="46.60799" lon="12.27728">
    <name>TP5373</name>
  </trkpt>
  <trkpt lat="46.60796" lon="12.27736">
    <name>TP5374</name>
  </trkpt>
  <trkpt lat="46.60792" lon="12.27751">
    <name>TP5375</name>
  </trkpt>
  <trkpt lat="46.60789" lon="12.27762">
    <name>TP5376</name>
  </trkpt>
  <trkpt lat="46.60787" lon="12.27768">
    <name>TP5377</name>
  </trkpt>
  <trkpt lat="46.60785" lon="12.27772">
    <name>TP5378</name>
  </trkpt>
  <trkpt lat="46.60783" lon="12.27776">
    <name>TP5379</name>
  </trkpt>
  <trkpt lat="46.6078" lon="12.2778">
    <name>TP5380</name>
  </trkpt>
  <trkpt lat="46.60763" lon="12.27799">
    <name>TP5381</name>
  </trkpt>
  <trkpt lat="46.60746" lon="12.27817">
    <name>TP5382</name>
  </trkpt>
  <trkpt lat="46.60744" lon="12.27819">
    <name>TP5383</name>
  </trkpt>
  <trkpt lat="46.60742" lon="12.2782">
    <name>TP5384</name>
  </trkpt>
  <trkpt lat="46.6074" lon="12.2782">
    <name>TP5385</name>
  </trkpt>
  <trkpt lat="46.60737" lon="12.2782">
    <name>TP5386</name>
  </trkpt>
  <trkpt lat="46.60734" lon="12.27819">
    <name>TP5387</name>
  </trkpt>
  <trkpt lat="46.60732" lon="12.27818">
    <name>TP5388</name>
  </trkpt>
  <trkpt lat="46.60731" lon="12.27815">
    <name>TP5389</name>
  </trkpt>
  <trkpt lat="46.60729" lon="12.27812">
    <name>TP5390</name>
  </trkpt>
  <trkpt lat="46.60728" lon="12.27778">
    <name>TP5391</name>
  </trkpt>
  <trkpt lat="46.6073" lon="12.27693">
    <name>TP5392</name>
  </trkpt>
  <trkpt lat="46.60728" lon="12.27653">
    <name>TP5393</name>
  </trkpt>
  <trkpt lat="46.60728" lon="12.27648">
    <name>TP5394</name>
  </trkpt>
  <trkpt lat="46.60728" lon="12.27638">
    <name>TP5395</name>
  </trkpt>
  <trkpt lat="46.60727" lon="12.27622">
    <name>TP5396</name>
  </trkpt>
  <trkpt lat="46.60725" lon="12.27612">
    <name>TP5397</name>
  </trkpt>
  <trkpt lat="46.60722" lon="12.276">
    <name>TP5398</name>
  </trkpt>
  <trkpt lat="46.60713" lon="12.27578">
    <name>TP5399</name>
  </trkpt>
  <trkpt lat="46.60708" lon="12.2756">
    <name>TP5400</name>
  </trkpt>
  <trkpt lat="46.60704" lon="12.27551">
    <name>TP5401</name>
  </trkpt>
  <trkpt lat="46.60702" lon="12.27544">
    <name>TP5402</name>
  </trkpt>
  <trkpt lat="46.60701" lon="12.27537">
    <name>TP5403</name>
  </trkpt>
  <trkpt lat="46.60701" lon="12.2753">
    <name>TP5404</name>
  </trkpt>
  <trkpt lat="46.60705" lon="12.27522">
    <name>TP5405</name>
  </trkpt>
  <trkpt lat="46.60709" lon="12.27518">
    <name>TP5406</name>
  </trkpt>
  <trkpt lat="46.60713" lon="12.27512">
    <name>TP5407</name>
  </trkpt>
  <trkpt lat="46.60715" lon="12.2751">
    <name>TP5408</name>
  </trkpt>
  <trkpt lat="46.60716" lon="12.27509">
    <name>TP5409</name>
  </trkpt>
  <trkpt lat="46.60718" lon="12.27506">
    <name>TP5410</name>
  </trkpt>
  <trkpt lat="46.6072" lon="12.27502">
    <name>TP5411</name>
  </trkpt>
  <trkpt lat="46.6072" lon="12.27497">
    <name>TP5412</name>
  </trkpt>
  <trkpt lat="46.60719" lon="12.27493">
    <name>TP5413</name>
  </trkpt>
  <trkpt lat="46.60719" lon="12.27491">
    <name>TP5414</name>
  </trkpt>
  <trkpt lat="46.60718" lon="12.27488">
    <name>TP5415</name>
  </trkpt>
  <trkpt lat="46.60717" lon="12.27487">
    <name>TP5416</name>
  </trkpt>
  <trkpt lat="46.60716" lon="12.27485">
    <name>TP5417</name>
  </trkpt>
  <trkpt lat="46.60714" lon="12.27482">
    <name>TP5418</name>
  </trkpt>
  <trkpt lat="46.6071" lon="12.27481">
    <name>TP5419</name>
  </trkpt>
  <trkpt lat="46.60703" lon="12.27479">
    <name>TP5420</name>
  </trkpt>
  <trkpt lat="46.60689" lon="12.27478">
    <name>TP5421</name>
  </trkpt>
  <trkpt lat="46.60686" lon="12.27478">
    <name>TP5422</name>
  </trkpt>
  <trkpt lat="46.60683" lon="12.27477">
    <name>TP5423</name>
  </trkpt>
  <trkpt lat="46.60677" lon="12.27476">
    <name>TP5424</name>
  </trkpt>
  <trkpt lat="46.60668" lon="12.27477">
    <name>TP5425</name>
  </trkpt>
  <trkpt lat="46.60665" lon="12.27477">
    <name>TP5426</name>
  </trkpt>
  <trkpt lat="46.60661" lon="12.27475">
    <name>TP5427</name>
  </trkpt>
  <trkpt lat="46.60657" lon="12.27473">
    <name>TP5428</name>
  </trkpt>
  <trkpt lat="46.60655" lon="12.27468">
    <name>TP5429</name>
  </trkpt>
  <trkpt lat="46.60655" lon="12.27464">
    <name>TP5430</name>
  </trkpt>
  <trkpt lat="46.60656" lon="12.27463">
    <name>TP5431</name>
  </trkpt>
  <trkpt lat="46.60657" lon="12.2746">
    <name>TP5432</name>
  </trkpt>
  <trkpt lat="46.60657" lon="12.27458">
    <name>TP5433</name>
  </trkpt>
  <trkpt lat="46.60659" lon="12.27454">
    <name>TP5434</name>
  </trkpt>
  <trkpt lat="46.60661" lon="12.27449">
    <name>TP5435</name>
  </trkpt>
  <trkpt lat="46.60665" lon="12.27442">
    <name>TP5436</name>
  </trkpt>
  <trkpt lat="46.60667" lon="12.27439">
    <name>TP5437</name>
  </trkpt>
  <trkpt lat="46.60671" lon="12.27434">
    <name>TP5438</name>
  </trkpt>
  <trkpt lat="46.60678" lon="12.2742">
    <name>TP5439</name>
  </trkpt>
  <trkpt lat="46.60682" lon="12.27411">
    <name>TP5440</name>
  </trkpt>
  <trkpt lat="46.60685" lon="12.274">
    <name>TP5441</name>
  </trkpt>
  <trkpt lat="46.60687" lon="12.27395">
    <name>TP5442</name>
  </trkpt>
  <trkpt lat="46.60697" lon="12.27377">
    <name>TP5443</name>
  </trkpt>
  <trkpt lat="46.607" lon="12.2737">
    <name>TP5444</name>
  </trkpt>
  <trkpt lat="46.60702" lon="12.27362">
    <name>TP5445</name>
  </trkpt>
  <trkpt lat="46.60703" lon="12.27355">
    <name>TP5446</name>
  </trkpt>
  <trkpt lat="46.60702" lon="12.2735">
    <name>TP5447</name>
  </trkpt>
  <trkpt lat="46.60702" lon="12.27348">
    <name>TP5448</name>
  </trkpt>
  <trkpt lat="46.60699" lon="12.27341">
    <name>TP5449</name>
  </trkpt>
  <trkpt lat="46.60696" lon="12.27336">
    <name>TP5450</name>
  </trkpt>
  <trkpt lat="46.60693" lon="12.27333">
    <name>TP5451</name>
  </trkpt>
  <trkpt lat="46.60691" lon="12.27331">
    <name>TP5452</name>
  </trkpt>
  <trkpt lat="46.60689" lon="12.2733">
    <name>TP5453</name>
  </trkpt>
  <trkpt lat="46.60685" lon="12.27329">
    <name>TP5454</name>
  </trkpt>
  <trkpt lat="46.60681" lon="12.27329">
    <name>TP5455</name>
  </trkpt>
  <trkpt lat="46.60676" lon="12.2733">
    <name>TP5456</name>
  </trkpt>
  <trkpt lat="46.60675" lon="12.27331">
    <name>TP5457</name>
  </trkpt>
  <trkpt lat="46.60673" lon="12.27331">
    <name>TP5458</name>
  </trkpt>
  <trkpt lat="46.60666" lon="12.27335">
    <name>TP5459</name>
  </trkpt>
  <trkpt lat="46.6066" lon="12.27338">
    <name>TP5460</name>
  </trkpt>
  <trkpt lat="46.60657" lon="12.27339">
    <name>TP5461</name>
  </trkpt>
  <trkpt lat="46.60656" lon="12.2734">
    <name>TP5462</name>
  </trkpt>
  <trkpt lat="46.60651" lon="12.27343">
    <name>TP5463</name>
  </trkpt>
  <trkpt lat="46.60642" lon="12.2735">
    <name>TP5464</name>
  </trkpt>
  <trkpt lat="46.6064" lon="12.27352">
    <name>TP5465</name>
  </trkpt>
  <trkpt lat="46.60623" lon="12.27368">
    <name>TP5466</name>
  </trkpt>
  <trkpt lat="46.60619" lon="12.27373">
    <name>TP5467</name>
  </trkpt>
  <trkpt lat="46.60614" lon="12.27377">
    <name>TP5468</name>
  </trkpt>
  <trkpt lat="46.60608" lon="12.27378">
    <name>TP5469</name>
  </trkpt>
  <trkpt lat="46.60602" lon="12.27378">
    <name>TP5470</name>
  </trkpt>
  <trkpt lat="46.60595" lon="12.27378">
    <name>TP5471</name>
  </trkpt>
  <trkpt lat="46.60592" lon="12.27378">
    <name>TP5472</name>
  </trkpt>
  <trkpt lat="46.60585" lon="12.27377">
    <name>TP5473</name>
  </trkpt>
  <trkpt lat="46.60577" lon="12.27378">
    <name>TP5474</name>
  </trkpt>
  <trkpt lat="46.60574" lon="12.27379">
    <name>TP5475</name>
  </trkpt>
  <trkpt lat="46.60572" lon="12.27379">
    <name>TP5476</name>
  </trkpt>
  <trkpt lat="46.60569" lon="12.27383">
    <name>TP5477</name>
  </trkpt>
  <trkpt lat="46.60567" lon="12.27391">
    <name>TP5478</name>
  </trkpt>
  <trkpt lat="46.60568" lon="12.27398">
    <name>TP5479</name>
  </trkpt>
  <trkpt lat="46.60571" lon="12.27406">
    <name>TP5480</name>
  </trkpt>
  <trkpt lat="46.60576" lon="12.27419">
    <name>TP5481</name>
  </trkpt>
  <trkpt lat="46.6058" lon="12.27429">
    <name>TP5482</name>
  </trkpt>
  <trkpt lat="46.60581" lon="12.27435">
    <name>TP5483</name>
  </trkpt>
  <trkpt lat="46.60582" lon="12.27437">
    <name>TP5484</name>
  </trkpt>
  <trkpt lat="46.60584" lon="12.2745">
    <name>TP5485</name>
  </trkpt>
  <trkpt lat="46.60585" lon="12.27456">
    <name>TP5486</name>
  </trkpt>
  <trkpt lat="46.60586" lon="12.27461">
    <name>TP5487</name>
  </trkpt>
  <trkpt lat="46.60586" lon="12.27464">
    <name>TP5488</name>
  </trkpt>
  <trkpt lat="46.60586" lon="12.2747">
    <name>TP5489</name>
  </trkpt>
  <trkpt lat="46.60585" lon="12.27476">
    <name>TP5490</name>
  </trkpt>
  <trkpt lat="46.60584" lon="12.27484">
    <name>TP5491</name>
  </trkpt>
  <trkpt lat="46.60583" lon="12.27486">
    <name>TP5492</name>
  </trkpt>
  <trkpt lat="46.60582" lon="12.2749">
    <name>TP5493</name>
  </trkpt>
  <trkpt lat="46.60576" lon="12.275">
    <name>TP5494</name>
  </trkpt>
  <trkpt lat="46.60571" lon="12.27509">
    <name>TP5495</name>
  </trkpt>
  <trkpt lat="46.60566" lon="12.27516">
    <name>TP5496</name>
  </trkpt>
  <trkpt lat="46.6056" lon="12.27525">
    <name>TP5497</name>
  </trkpt>
  <trkpt lat="46.60551" lon="12.27534">
    <name>TP5498</name>
  </trkpt>
  <trkpt lat="46.60544" lon="12.27538">
    <name>TP5499</name>
  </trkpt>
  <trkpt lat="46.60534" lon="12.27542">
    <name>TP5500</name>
  </trkpt>
  <trkpt lat="46.60532" lon="12.27542">
    <name>TP5501</name>
  </trkpt>
  <trkpt lat="46.60523" lon="12.27542">
    <name>TP5502</name>
  </trkpt>
  <trkpt lat="46.60514" lon="12.27541">
    <name>TP5503</name>
  </trkpt>
  <trkpt lat="46.6049" lon="12.27533">
    <name>TP5504</name>
  </trkpt>
  <trkpt lat="46.60481" lon="12.27532">
    <name>TP5505</name>
  </trkpt>
  <trkpt lat="46.60473" lon="12.27532">
    <name>TP5506</name>
  </trkpt>
  <trkpt lat="46.60463" lon="12.27533">
    <name>TP5507</name>
  </trkpt>
  <trkpt lat="46.60458" lon="12.27533">
    <name>TP5508</name>
  </trkpt>
  <trkpt lat="46.6045" lon="12.27534">
    <name>TP5509</name>
  </trkpt>
  <trkpt lat="46.60442" lon="12.27534">
    <name>TP5510</name>
  </trkpt>
  <trkpt lat="46.60429" lon="12.27534">
    <name>TP5511</name>
  </trkpt>
  <trkpt lat="46.60423" lon="12.27533">
    <name>TP5512</name>
  </trkpt>
  <trkpt lat="46.60415" lon="12.27529">
    <name>TP5513</name>
  </trkpt>
  <trkpt lat="46.60408" lon="12.27523">
    <name>TP5514</name>
  </trkpt>
  <trkpt lat="46.60403" lon="12.27519">
    <name>TP5515</name>
  </trkpt>
  <trkpt lat="46.60401" lon="12.27516">
    <name>TP5516</name>
  </trkpt>
  <trkpt lat="46.60395" lon="12.2751">
    <name>TP5517</name>
  </trkpt>
  <trkpt lat="46.60395" lon="12.27509">
    <name>TP5518</name>
  </trkpt>
  <trkpt lat="46.6039" lon="12.27506">
    <name>TP5519</name>
  </trkpt>
  <trkpt lat="46.60388" lon="12.27505">
    <name>TP5520</name>
  </trkpt>
  <trkpt lat="46.60384" lon="12.27502">
    <name>TP5521</name>
  </trkpt>
  <trkpt lat="46.60376" lon="12.27503">
    <name>TP5522</name>
  </trkpt>
  <trkpt lat="46.6037" lon="12.27507">
    <name>TP5523</name>
  </trkpt>
  <trkpt lat="46.60364" lon="12.2751">
    <name>TP5524</name>
  </trkpt>
  <trkpt lat="46.60363" lon="12.27513">
    <name>TP5525</name>
  </trkpt>
  <trkpt lat="46.6036" lon="12.27519">
    <name>TP5526</name>
  </trkpt>
  <trkpt lat="46.60358" lon="12.27522">
    <name>TP5527</name>
  </trkpt>
  <trkpt lat="46.60356" lon="12.27526">
    <name>TP5528</name>
  </trkpt>
  <trkpt lat="46.60353" lon="12.2753">
    <name>TP5529</name>
  </trkpt>
  <trkpt lat="46.60351" lon="12.27533">
    <name>TP5530</name>
  </trkpt>
  <trkpt lat="46.6035" lon="12.27534">
    <name>TP5531</name>
  </trkpt>
  <trkpt lat="46.60345" lon="12.27537">
    <name>TP5532</name>
  </trkpt>
  <trkpt lat="46.60343" lon="12.27537">
    <name>TP5533</name>
  </trkpt>
  <trkpt lat="46.60339" lon="12.27536">
    <name>TP5534</name>
  </trkpt>
  <trkpt lat="46.60334" lon="12.27534">
    <name>TP5535</name>
  </trkpt>
  <trkpt lat="46.60332" lon="12.27534">
    <name>TP5536</name>
  </trkpt>
  <trkpt lat="46.60327" lon="12.27531">
    <name>TP5537</name>
  </trkpt>
  <trkpt lat="46.60326" lon="12.27531">
    <name>TP5538</name>
  </trkpt>
  <trkpt lat="46.60315" lon="12.27525">
    <name>TP5539</name>
  </trkpt>
  <trkpt lat="46.603" lon="12.27517">
    <name>TP5540</name>
  </trkpt>
  <trkpt lat="46.60259" lon="12.27492">
    <name>TP5541</name>
  </trkpt>
  <trkpt lat="46.60234" lon="12.27475">
    <name>TP5542</name>
  </trkpt>
  <trkpt lat="46.60226" lon="12.27471">
    <name>TP5543</name>
  </trkpt>
  <trkpt lat="46.6022" lon="12.27467">
    <name>TP5544</name>
  </trkpt>
  <trkpt lat="46.60217" lon="12.27465">
    <name>TP5545</name>
  </trkpt>
  <trkpt lat="46.6021" lon="12.2746">
    <name>TP5546</name>
  </trkpt>
  <trkpt lat="46.60193" lon="12.27449">
    <name>TP5547</name>
  </trkpt>
  <trkpt lat="46.60184" lon="12.27444">
    <name>TP5548</name>
  </trkpt>
  <trkpt lat="46.60184" lon="12.27443">
    <name>TP5549</name>
  </trkpt>
  <trkpt lat="46.60153" lon="12.27423">
    <name>TP5550</name>
  </trkpt>
  <trkpt lat="46.60152" lon="12.27422">
    <name>TP5551</name>
  </trkpt>
  <trkpt lat="46.60145" lon="12.27416">
    <name>TP5552</name>
  </trkpt>
  <trkpt lat="46.60139" lon="12.27413">
    <name>TP5553</name>
  </trkpt>
  <trkpt lat="46.60131" lon="12.27403">
    <name>TP5554</name>
  </trkpt>
  <trkpt lat="46.60125" lon="12.27392">
    <name>TP5555</name>
  </trkpt>
  <trkpt lat="46.60121" lon="12.27379">
    <name>TP5556</name>
  </trkpt>
  <trkpt lat="46.60119" lon="12.27374">
    <name>TP5557</name>
  </trkpt>
  <trkpt lat="46.60117" lon="12.27365">
    <name>TP5558</name>
  </trkpt>
  <trkpt lat="46.60115" lon="12.27354">
    <name>TP5559</name>
  </trkpt>
  <trkpt lat="46.6011" lon="12.2733">
    <name>TP5560</name>
  </trkpt>
  <trkpt lat="46.60105" lon="12.27304">
    <name>TP5561</name>
  </trkpt>
  <trkpt lat="46.60095" lon="12.27254">
    <name>TP5562</name>
  </trkpt>
  <trkpt lat="46.60092" lon="12.27239">
    <name>TP5563</name>
  </trkpt>
  <trkpt lat="46.6009" lon="12.27229">
    <name>TP5564</name>
  </trkpt>
  <trkpt lat="46.6009" lon="12.27228">
    <name>TP5565</name>
  </trkpt>
  <trkpt lat="46.60086" lon="12.27203">
    <name>TP5566</name>
  </trkpt>
  <trkpt lat="46.60085" lon="12.272">
    <name>TP5567</name>
  </trkpt>
  <trkpt lat="46.6008" lon="12.27177">
    <name>TP5568</name>
  </trkpt>
  <trkpt lat="46.6008" lon="12.27163">
    <name>TP5569</name>
  </trkpt>
  <trkpt lat="46.60079" lon="12.27158">
    <name>TP5570</name>
  </trkpt>
  <trkpt lat="46.60079" lon="12.27152">
    <name>TP5571</name>
  </trkpt>
  <trkpt lat="46.60079" lon="12.27136">
    <name>TP5572</name>
  </trkpt>
  <trkpt lat="46.60079" lon="12.27112">
    <name>TP5573</name>
  </trkpt>
  <trkpt lat="46.60079" lon="12.27111">
    <name>TP5574</name>
  </trkpt>
  <trkpt lat="46.60079" lon="12.27099">
    <name>TP5575</name>
  </trkpt>
  <trkpt lat="46.60079" lon="12.27092">
    <name>TP5576</name>
  </trkpt>
  <trkpt lat="46.60078" lon="12.27081">
    <name>TP5577</name>
  </trkpt>
  <trkpt lat="46.60074" lon="12.27069">
    <name>TP5578</name>
  </trkpt>
  <trkpt lat="46.60072" lon="12.2706">
    <name>TP5579</name>
  </trkpt>
  <trkpt lat="46.60066" lon="12.27047">
    <name>TP5580</name>
  </trkpt>
  <trkpt lat="46.60062" lon="12.2704">
    <name>TP5581</name>
  </trkpt>
  <trkpt lat="46.60061" lon="12.2704">
    <name>TP5582</name>
  </trkpt>
  <trkpt lat="46.60058" lon="12.27036">
    <name>TP5583</name>
  </trkpt>
  <trkpt lat="46.60057" lon="12.27034">
    <name>TP5584</name>
  </trkpt>
  <trkpt lat="46.60055" lon="12.27033">
    <name>TP5585</name>
  </trkpt>
  <trkpt lat="46.60049" lon="12.2703">
    <name>TP5586</name>
  </trkpt>
  <trkpt lat="46.60037" lon="12.27024">
    <name>TP5587</name>
  </trkpt>
  <trkpt lat="46.60035" lon="12.27024">
    <name>TP5588</name>
  </trkpt>
  <trkpt lat="46.6002" lon="12.27019">
    <name>TP5589</name>
  </trkpt>
  <trkpt lat="46.60013" lon="12.27015">
    <name>TP5590</name>
  </trkpt>
  <trkpt lat="46.60002" lon="12.2701">
    <name>TP5591</name>
  </trkpt>
  <trkpt lat="46.59979" lon="12.27001">
    <name>TP5592</name>
  </trkpt>
  <trkpt lat="46.59977" lon="12.27">
    <name>TP5593</name>
  </trkpt>
  <trkpt lat="46.5996" lon="12.26997">
    <name>TP5594</name>
  </trkpt>
  <trkpt lat="46.59959" lon="12.26997">
    <name>TP5595</name>
  </trkpt>
  <trkpt lat="46.59943" lon="12.26995">
    <name>TP5596</name>
  </trkpt>
  <trkpt lat="46.5994" lon="12.26995">
    <name>TP5597</name>
  </trkpt>
  <trkpt lat="46.5993" lon="12.26993">
    <name>TP5598</name>
  </trkpt>
  <trkpt lat="46.59901" lon="12.26983">
    <name>TP5599</name>
  </trkpt>
  <trkpt lat="46.59879" lon="12.26969">
    <name>TP5600</name>
  </trkpt>
  <trkpt lat="46.59868" lon="12.26963">
    <name>TP5601</name>
  </trkpt>
  <trkpt lat="46.59836" lon="12.26941">
    <name>TP5602</name>
  </trkpt>
  <trkpt lat="46.59823" lon="12.26932">
    <name>TP5603</name>
  </trkpt>
  <trkpt lat="46.59814" lon="12.26926">
    <name>TP5604</name>
  </trkpt>
  <trkpt lat="46.59782" lon="12.26916">
    <name>TP5605</name>
  </trkpt>
  <trkpt lat="46.59762" lon="12.26903">
    <name>TP5606</name>
  </trkpt>
  <trkpt lat="46.59762" lon="12.26902">
    <name>TP5607</name>
  </trkpt>
  <trkpt lat="46.59761" lon="12.26902">
    <name>TP5608</name>
  </trkpt>
  <trkpt lat="46.59757" lon="12.269">
    <name>TP5609</name>
  </trkpt>
  <trkpt lat="46.59744" lon="12.26893">
    <name>TP5610</name>
  </trkpt>
  <trkpt lat="46.59733" lon="12.26891">
    <name>TP5611</name>
  </trkpt>
  <trkpt lat="46.59725" lon="12.26889">
    <name>TP5612</name>
  </trkpt>
  <trkpt lat="46.59715" lon="12.26888">
    <name>TP5613</name>
  </trkpt>
  <trkpt lat="46.59706" lon="12.26886">
    <name>TP5614</name>
  </trkpt>
  <trkpt lat="46.59704" lon="12.26885">
    <name>TP5615</name>
  </trkpt>
  <trkpt lat="46.59698" lon="12.26883">
    <name>TP5616</name>
  </trkpt>
  <trkpt lat="46.59697" lon="12.26875">
    <name>TP5617</name>
  </trkpt>
  <trkpt lat="46.59696" lon="12.26866">
    <name>TP5618</name>
  </trkpt>
  <trkpt lat="46.59696" lon="12.26858">
    <name>TP5619</name>
  </trkpt>
  <trkpt lat="46.59698" lon="12.2685">
    <name>TP5620</name>
  </trkpt>
  <trkpt lat="46.59702" lon="12.26842">
    <name>TP5621</name>
  </trkpt>
  <trkpt lat="46.59703" lon="12.26838">
    <name>TP5622</name>
  </trkpt>
  <trkpt lat="46.59708" lon="12.26825">
    <name>TP5623</name>
  </trkpt>
  <trkpt lat="46.5971" lon="12.26818">
    <name>TP5624</name>
  </trkpt>
  <trkpt lat="46.59713" lon="12.26801">
    <name>TP5625</name>
  </trkpt>
  <trkpt lat="46.59714" lon="12.26799">
    <name>TP5626</name>
  </trkpt>
  <trkpt lat="46.59715" lon="12.26793">
    <name>TP5627</name>
  </trkpt>
  <trkpt lat="46.59716" lon="12.2679">
    <name>TP5628</name>
  </trkpt>
  <trkpt lat="46.59717" lon="12.26769">
    <name>TP5629</name>
  </trkpt>
  <trkpt lat="46.59716" lon="12.26756">
    <name>TP5630</name>
  </trkpt>
  <trkpt lat="46.59714" lon="12.26743">
    <name>TP5631</name>
  </trkpt>
  <trkpt lat="46.59709" lon="12.26725">
    <name>TP5632</name>
  </trkpt>
  <trkpt lat="46.59703" lon="12.26701">
    <name>TP5633</name>
  </trkpt>
  <trkpt lat="46.59703" lon="12.267">
    <name>TP5634</name>
  </trkpt>
  <trkpt lat="46.59703" lon="12.26699">
    <name>TP5635</name>
  </trkpt>
  <trkpt lat="46.59701" lon="12.26692">
    <name>TP5636</name>
  </trkpt>
  <trkpt lat="46.59698" lon="12.26682">
    <name>TP5637</name>
  </trkpt>
  <trkpt lat="46.59696" lon="12.26676">
    <name>TP5638</name>
  </trkpt>
  <trkpt lat="46.59695" lon="12.26672">
    <name>TP5639</name>
  </trkpt>
  <trkpt lat="46.59691" lon="12.26665">
    <name>TP5640</name>
  </trkpt>
  <trkpt lat="46.59688" lon="12.26657">
    <name>TP5641</name>
  </trkpt>
  <trkpt lat="46.59686" lon="12.26655">
    <name>TP5642</name>
  </trkpt>
  <trkpt lat="46.59685" lon="12.26654">
    <name>TP5643</name>
  </trkpt>
  <trkpt lat="46.59681" lon="12.26652">
    <name>TP5644</name>
  </trkpt>
  <trkpt lat="46.59678" lon="12.2665">
    <name>TP5645</name>
  </trkpt>
  <trkpt lat="46.59677" lon="12.26649">
    <name>TP5646</name>
  </trkpt>
  <trkpt lat="46.5967" lon="12.26642">
    <name>TP5647</name>
  </trkpt>
  <trkpt lat="46.59667" lon="12.26639">
    <name>TP5648</name>
  </trkpt>
  <trkpt lat="46.59653" lon="12.26626">
    <name>TP5649</name>
  </trkpt>
  <trkpt lat="46.59648" lon="12.26622">
    <name>TP5650</name>
  </trkpt>
  <trkpt lat="46.59643" lon="12.26616">
    <name>TP5651</name>
  </trkpt>
  <trkpt lat="46.59639" lon="12.26607">
    <name>TP5652</name>
  </trkpt>
  <trkpt lat="46.59635" lon="12.26595">
    <name>TP5653</name>
  </trkpt>
  <trkpt lat="46.59629" lon="12.2656">
    <name>TP5654</name>
  </trkpt>
  <trkpt lat="46.59629" lon="12.26557">
    <name>TP5655</name>
  </trkpt>
  <trkpt lat="46.59628" lon="12.26548">
    <name>TP5656</name>
  </trkpt>
  <trkpt lat="46.59625" lon="12.26539">
    <name>TP5657</name>
  </trkpt>
  <trkpt lat="46.59625" lon="12.26538">
    <name>TP5658</name>
  </trkpt>
  <trkpt lat="46.59621" lon="12.26533">
    <name>TP5659</name>
  </trkpt>
  <trkpt lat="46.59613" lon="12.26526">
    <name>TP5660</name>
  </trkpt>
  <trkpt lat="46.59593" lon="12.26508">
    <name>TP5661</name>
  </trkpt>
  <trkpt lat="46.59548" lon="12.26469">
    <name>TP5662</name>
  </trkpt>
  <trkpt lat="46.59537" lon="12.26459">
    <name>TP5663</name>
  </trkpt>
  <trkpt lat="46.59533" lon="12.26456">
    <name>TP5664</name>
  </trkpt>
  <trkpt lat="46.59529" lon="12.26453">
    <name>TP5665</name>
  </trkpt>
  <trkpt lat="46.59525" lon="12.2645">
    <name>TP5666</name>
  </trkpt>
  <trkpt lat="46.59517" lon="12.26445">
    <name>TP5667</name>
  </trkpt>
  <trkpt lat="46.59506" lon="12.26439">
    <name>TP5668</name>
  </trkpt>
  <trkpt lat="46.595" lon="12.26436">
    <name>TP5669</name>
  </trkpt>
  <trkpt lat="46.59496" lon="12.26434">
    <name>TP5670</name>
  </trkpt>
  <trkpt lat="46.59483" lon="12.26427">
    <name>TP5671</name>
  </trkpt>
  <trkpt lat="46.5947" lon="12.26421">
    <name>TP5672</name>
  </trkpt>
  <trkpt lat="46.59446" lon="12.26408">
    <name>TP5673</name>
  </trkpt>
  <trkpt lat="46.59432" lon="12.26401">
    <name>TP5674</name>
  </trkpt>
  <trkpt lat="46.59431" lon="12.264">
    <name>TP5675</name>
  </trkpt>
  <trkpt lat="46.59428" lon="12.264">
    <name>TP5676</name>
  </trkpt>
  <trkpt lat="46.59419" lon="12.26398">
    <name>TP5677</name>
  </trkpt>
  <trkpt lat="46.59414" lon="12.26397">
    <name>TP5678</name>
  </trkpt>
  <trkpt lat="46.5941" lon="12.26397">
    <name>TP5679</name>
  </trkpt>
  <trkpt lat="46.59403" lon="12.26397">
    <name>TP5680</name>
  </trkpt>
  <trkpt lat="46.59374" lon="12.264">
    <name>TP5681</name>
  </trkpt>
  <trkpt lat="46.5936" lon="12.26399">
    <name>TP5682</name>
  </trkpt>
  <trkpt lat="46.59356" lon="12.26399">
    <name>TP5683</name>
  </trkpt>
  <trkpt lat="46.59347" lon="12.26398">
    <name>TP5684</name>
  </trkpt>
  <trkpt lat="46.59342" lon="12.26398">
    <name>TP5685</name>
  </trkpt>
  <trkpt lat="46.59338" lon="12.26397">
    <name>TP5686</name>
  </trkpt>
  <trkpt lat="46.59324" lon="12.26395">
    <name>TP5687</name>
  </trkpt>
  <trkpt lat="46.59321" lon="12.26394">
    <name>TP5688</name>
  </trkpt>
  <trkpt lat="46.59316" lon="12.26393">
    <name>TP5689</name>
  </trkpt>
  <trkpt lat="46.59297" lon="12.26386">
    <name>TP5690</name>
  </trkpt>
  <trkpt lat="46.59282" lon="12.26377">
    <name>TP5691</name>
  </trkpt>
  <trkpt lat="46.59271" lon="12.26367">
    <name>TP5692</name>
  </trkpt>
  <trkpt lat="46.59264" lon="12.26361">
    <name>TP5693</name>
  </trkpt>
  <trkpt lat="46.59258" lon="12.26357">
    <name>TP5694</name>
  </trkpt>
  <trkpt lat="46.59251" lon="12.26352">
    <name>TP5695</name>
  </trkpt>
  <trkpt lat="46.59217" lon="12.26333">
    <name>TP5696</name>
  </trkpt>
  <trkpt lat="46.5919" lon="12.26315">
    <name>TP5697</name>
  </trkpt>
  <trkpt lat="46.59154" lon="12.26281">
    <name>TP5698</name>
  </trkpt>
  <trkpt lat="46.59142" lon="12.26275">
    <name>TP5699</name>
  </trkpt>
  <trkpt lat="46.59119" lon="12.26269">
    <name>TP5700</name>
  </trkpt>
  <trkpt lat="46.59107" lon="12.26265">
    <name>TP5701</name>
  </trkpt>
  <trkpt lat="46.59097" lon="12.26257">
    <name>TP5702</name>
  </trkpt>
  <trkpt lat="46.59067" lon="12.26237">
    <name>TP5703</name>
  </trkpt>
  <trkpt lat="46.59053" lon="12.26228">
    <name>TP5704</name>
  </trkpt>
  <trkpt lat="46.59045" lon="12.26223">
    <name>TP5705</name>
  </trkpt>
  <trkpt lat="46.59044" lon="12.26222">
    <name>TP5706</name>
  </trkpt>
  <trkpt lat="46.59038" lon="12.26217">
    <name>TP5707</name>
  </trkpt>
  <trkpt lat="46.59034" lon="12.26212">
    <name>TP5708</name>
  </trkpt>
  <trkpt lat="46.59031" lon="12.26208">
    <name>TP5709</name>
  </trkpt>
  <trkpt lat="46.59029" lon="12.26203">
    <name>TP5710</name>
  </trkpt>
  <trkpt lat="46.59029" lon="12.262">
    <name>TP5711</name>
  </trkpt>
  <trkpt lat="46.59028" lon="12.26197">
    <name>TP5712</name>
  </trkpt>
  <trkpt lat="46.59028" lon="12.26193">
    <name>TP5713</name>
  </trkpt>
  <trkpt lat="46.59028" lon="12.2619">
    <name>TP5714</name>
  </trkpt>
  <trkpt lat="46.59029" lon="12.26186">
    <name>TP5715</name>
  </trkpt>
  <trkpt lat="46.59029" lon="12.26182">
    <name>TP5716</name>
  </trkpt>
  <trkpt lat="46.59031" lon="12.26179">
    <name>TP5717</name>
  </trkpt>
  <trkpt lat="46.59034" lon="12.26169">
    <name>TP5718</name>
  </trkpt>
  <trkpt lat="46.59037" lon="12.2616">
    <name>TP5719</name>
  </trkpt>
  <trkpt lat="46.59037" lon="12.26159">
    <name>TP5720</name>
  </trkpt>
  <trkpt lat="46.59039" lon="12.26156">
    <name>TP5721</name>
  </trkpt>
  <trkpt lat="46.59039" lon="12.26151">
    <name>TP5722</name>
  </trkpt>
  <trkpt lat="46.5904" lon="12.26148">
    <name>TP5723</name>
  </trkpt>
  <trkpt lat="46.5904" lon="12.26145">
    <name>TP5724</name>
  </trkpt>
  <trkpt lat="46.5904" lon="12.26142">
    <name>TP5725</name>
  </trkpt>
  <trkpt lat="46.59039" lon="12.2614">
    <name>TP5726</name>
  </trkpt>
  <trkpt lat="46.59038" lon="12.26138">
    <name>TP5727</name>
  </trkpt>
  <trkpt lat="46.59037" lon="12.26136">
    <name>TP5728</name>
  </trkpt>
  <trkpt lat="46.59036" lon="12.26135">
    <name>TP5729</name>
  </trkpt>
  <trkpt lat="46.59034" lon="12.26133">
    <name>TP5730</name>
  </trkpt>
  <trkpt lat="46.59032" lon="12.26132">
    <name>TP5731</name>
  </trkpt>
  <trkpt lat="46.5903" lon="12.26132">
    <name>TP5732</name>
  </trkpt>
  <trkpt lat="46.59027" lon="12.26134">
    <name>TP5733</name>
  </trkpt>
  <trkpt lat="46.59024" lon="12.26134">
    <name>TP5734</name>
  </trkpt>
  <trkpt lat="46.59023" lon="12.26137">
    <name>TP5735</name>
  </trkpt>
  <trkpt lat="46.59021" lon="12.2614">
    <name>TP5736</name>
  </trkpt>
  <trkpt lat="46.5902" lon="12.26144">
    <name>TP5737</name>
  </trkpt>
  <trkpt lat="46.59019" lon="12.26147">
    <name>TP5738</name>
  </trkpt>
  <trkpt lat="46.59018" lon="12.2615">
    <name>TP5739</name>
  </trkpt>
  <trkpt lat="46.59016" lon="12.26154">
    <name>TP5740</name>
  </trkpt>
  <trkpt lat="46.59015" lon="12.26157">
    <name>TP5741</name>
  </trkpt>
  <trkpt lat="46.59014" lon="12.26158">
    <name>TP5742</name>
  </trkpt>
  <trkpt lat="46.59013" lon="12.2616">
    <name>TP5743</name>
  </trkpt>
  <trkpt lat="46.59011" lon="12.26161">
    <name>TP5744</name>
  </trkpt>
  <trkpt lat="46.5901" lon="12.26162">
    <name>TP5745</name>
  </trkpt>
  <trkpt lat="46.59007" lon="12.26163">
    <name>TP5746</name>
  </trkpt>
  <trkpt lat="46.59005" lon="12.26163">
    <name>TP5747</name>
  </trkpt>
  <trkpt lat="46.59003" lon="12.26162">
    <name>TP5748</name>
  </trkpt>
  <trkpt lat="46.59002" lon="12.26162">
    <name>TP5749</name>
  </trkpt>
  <trkpt lat="46.59" lon="12.2616">
    <name>TP5750</name>
  </trkpt>
  <trkpt lat="46.58999" lon="12.26159">
    <name>TP5751</name>
  </trkpt>
  <trkpt lat="46.58996" lon="12.26155">
    <name>TP5752</name>
  </trkpt>
  <trkpt lat="46.58995" lon="12.2615">
    <name>TP5753</name>
  </trkpt>
  <trkpt lat="46.58993" lon="12.26142">
    <name>TP5754</name>
  </trkpt>
  <trkpt lat="46.58991" lon="12.26132">
    <name>TP5755</name>
  </trkpt>
  <trkpt lat="46.58988" lon="12.2612">
    <name>TP5756</name>
  </trkpt>
  <trkpt lat="46.58984" lon="12.26109">
    <name>TP5757</name>
  </trkpt>
  <trkpt lat="46.5898" lon="12.26102">
    <name>TP5758</name>
  </trkpt>
  <trkpt lat="46.58974" lon="12.26094">
    <name>TP5759</name>
  </trkpt>
  <trkpt lat="46.58972" lon="12.26091">
    <name>TP5760</name>
  </trkpt>
  <trkpt lat="46.58968" lon="12.26086">
    <name>TP5761</name>
  </trkpt>
  <trkpt lat="46.58963" lon="12.26082">
    <name>TP5762</name>
  </trkpt>
  <trkpt lat="46.5896" lon="12.2608">
    <name>TP5763</name>
  </trkpt>
  <trkpt lat="46.58956" lon="12.26078">
    <name>TP5764</name>
  </trkpt>
  <trkpt lat="46.58955" lon="12.26078">
    <name>TP5765</name>
  </trkpt>
  <trkpt lat="46.58946" lon="12.26073">
    <name>TP5766</name>
  </trkpt>
  <trkpt lat="46.58943" lon="12.26072">
    <name>TP5767</name>
  </trkpt>
  <trkpt lat="46.58939" lon="12.2607">
    <name>TP5768</name>
  </trkpt>
  <trkpt lat="46.58938" lon="12.26069">
    <name>TP5769</name>
  </trkpt>
  <trkpt lat="46.58933" lon="12.26065">
    <name>TP5770</name>
  </trkpt>
  <trkpt lat="46.58927" lon="12.26054">
    <name>TP5771</name>
  </trkpt>
  <trkpt lat="46.58926" lon="12.26053">
    <name>TP5772</name>
  </trkpt>
  <trkpt lat="46.58912" lon="12.2602">
    <name>TP5773</name>
  </trkpt>
  <trkpt lat="46.58905" lon="12.25998">
    <name>TP5774</name>
  </trkpt>
  <trkpt lat="46.58902" lon="12.25988">
    <name>TP5775</name>
  </trkpt>
  <trkpt lat="46.58901" lon="12.25981">
    <name>TP5776</name>
  </trkpt>
  <trkpt lat="46.58899" lon="12.25968">
    <name>TP5777</name>
  </trkpt>
  <trkpt lat="46.58898" lon="12.25947">
    <name>TP5778</name>
  </trkpt>
  <trkpt lat="46.58897" lon="12.25931">
    <name>TP5779</name>
  </trkpt>
  <trkpt lat="46.58894" lon="12.25874">
    <name>TP5780</name>
  </trkpt>
  <trkpt lat="46.58893" lon="12.25861">
    <name>TP5781</name>
  </trkpt>
  <trkpt lat="46.58893" lon="12.25853">
    <name>TP5782</name>
  </trkpt>
  <trkpt lat="46.5889" lon="12.25844">
    <name>TP5783</name>
  </trkpt>
  <trkpt lat="46.58888" lon="12.2584">
    <name>TP5784</name>
  </trkpt>
  <trkpt lat="46.58885" lon="12.25836">
    <name>TP5785</name>
  </trkpt>
  <trkpt lat="46.58885" lon="12.25835">
    <name>TP5786</name>
  </trkpt>
  <trkpt lat="46.58882" lon="12.25833">
    <name>TP5787</name>
  </trkpt>
  <trkpt lat="46.58881" lon="12.25833">
    <name>TP5788</name>
  </trkpt>
  <trkpt lat="46.58879" lon="12.25831">
    <name>TP5789</name>
  </trkpt>
  <trkpt lat="46.58871" lon="12.25825">
    <name>TP5790</name>
  </trkpt>
  <trkpt lat="46.58869" lon="12.25824">
    <name>TP5791</name>
  </trkpt>
  <trkpt lat="46.58866" lon="12.25821">
    <name>TP5792</name>
  </trkpt>
  <trkpt lat="46.58865" lon="12.25821">
    <name>TP5793</name>
  </trkpt>
  <trkpt lat="46.58863" lon="12.2582">
    <name>TP5794</name>
  </trkpt>
  <trkpt lat="46.58853" lon="12.25813">
    <name>TP5795</name>
  </trkpt>
  <trkpt lat="46.5885" lon="12.25811">
    <name>TP5796</name>
  </trkpt>
  <trkpt lat="46.58848" lon="12.25809">
    <name>TP5797</name>
  </trkpt>
  <trkpt lat="46.58845" lon="12.25804">
    <name>TP5798</name>
  </trkpt>
  <trkpt lat="46.58842" lon="12.25797">
    <name>TP5799</name>
  </trkpt>
  <trkpt lat="46.58841" lon="12.25789">
    <name>TP5800</name>
  </trkpt>
  <trkpt lat="46.5884" lon="12.25775">
    <name>TP5801</name>
  </trkpt>
  <trkpt lat="46.5884" lon="12.25769">
    <name>TP5802</name>
  </trkpt>
  <trkpt lat="46.5884" lon="12.25757">
    <name>TP5803</name>
  </trkpt>
  <trkpt lat="46.58839" lon="12.25745">
    <name>TP5804</name>
  </trkpt>
  <trkpt lat="46.58839" lon="12.25743">
    <name>TP5805</name>
  </trkpt>
  <trkpt lat="46.58837" lon="12.25719">
    <name>TP5806</name>
  </trkpt>
  <trkpt lat="46.58837" lon="12.25714">
    <name>TP5807</name>
  </trkpt>
  <trkpt lat="46.58835" lon="12.25682">
    <name>TP5808</name>
  </trkpt>
  <trkpt lat="46.58833" lon="12.25667">
    <name>TP5809</name>
  </trkpt>
  <trkpt lat="46.58833" lon="12.25662">
    <name>TP5810</name>
  </trkpt>
  <trkpt lat="46.58831" lon="12.25641">
    <name>TP5811</name>
  </trkpt>
  <trkpt lat="46.58831" lon="12.25636">
    <name>TP5812</name>
  </trkpt>
  <trkpt lat="46.5883" lon="12.25625">
    <name>TP5813</name>
  </trkpt>
  <trkpt lat="46.58829" lon="12.25599">
    <name>TP5814</name>
  </trkpt>
  <trkpt lat="46.58826" lon="12.25585">
    <name>TP5815</name>
  </trkpt>
  <trkpt lat="46.58824" lon="12.25577">
    <name>TP5816</name>
  </trkpt>
  <trkpt lat="46.58818" lon="12.25568">
    <name>TP5817</name>
  </trkpt>
  <trkpt lat="46.58818" lon="12.25567">
    <name>TP5818</name>
  </trkpt>
  <trkpt lat="46.58815" lon="12.25564">
    <name>TP5819</name>
  </trkpt>
  <trkpt lat="46.5881" lon="12.2556">
    <name>TP5820</name>
  </trkpt>
  <trkpt lat="46.58803" lon="12.25554">
    <name>TP5821</name>
  </trkpt>
  <trkpt lat="46.58799" lon="12.25551">
    <name>TP5822</name>
  </trkpt>
  <trkpt lat="46.58791" lon="12.25545">
    <name>TP5823</name>
  </trkpt>
  <trkpt lat="46.58783" lon="12.25539">
    <name>TP5824</name>
  </trkpt>
  <trkpt lat="46.58738" lon="12.255">
    <name>TP5825</name>
  </trkpt>
  <trkpt lat="46.58708" lon="12.25468">
    <name>TP5826</name>
  </trkpt>
  <trkpt lat="46.58692" lon="12.25454">
    <name>TP5827</name>
  </trkpt>
  <trkpt lat="46.58681" lon="12.25443">
    <name>TP5828</name>
  </trkpt>
  <trkpt lat="46.58678" lon="12.25439">
    <name>TP5829</name>
  </trkpt>
  <trkpt lat="46.58677" lon="12.25439">
    <name>TP5830</name>
  </trkpt>
  <trkpt lat="46.58669" lon="12.25432">
    <name>TP5831</name>
  </trkpt>
  <trkpt lat="46.58662" lon="12.2543">
    <name>TP5832</name>
  </trkpt>
  <trkpt lat="46.58652" lon="12.25426">
    <name>TP5833</name>
  </trkpt>
  <trkpt lat="46.58639" lon="12.25421">
    <name>TP5834</name>
  </trkpt>
  <trkpt lat="46.58631" lon="12.25419">
    <name>TP5835</name>
  </trkpt>
  <trkpt lat="46.58625" lon="12.25416">
    <name>TP5836</name>
  </trkpt>
  <trkpt lat="46.58622" lon="12.25414">
    <name>TP5837</name>
  </trkpt>
  <trkpt lat="46.58621" lon="12.25413">
    <name>TP5838</name>
  </trkpt>
  <trkpt lat="46.58621" lon="12.25412">
    <name>TP5839</name>
  </trkpt>
  <trkpt lat="46.58619" lon="12.25408">
    <name>TP5840</name>
  </trkpt>
  <trkpt lat="46.58617" lon="12.25402">
    <name>TP5841</name>
  </trkpt>
  <trkpt lat="46.5861732" lon="12.2540233">
    <name>TP5842</name>
  </trkpt>
  <trkpt lat="46.58598" lon="12.25406">
    <name>TP5843</name>
  </trkpt>
  <trkpt lat="46.58583" lon="12.25408">
    <name>TP5844</name>
  </trkpt>
  <trkpt lat="46.58581" lon="12.25408">
    <name>TP5845</name>
  </trkpt>
  <trkpt lat="46.5858" lon="12.25408">
    <name>TP5846</name>
  </trkpt>
  <trkpt lat="46.58562" lon="12.25411">
    <name>TP5847</name>
  </trkpt>
  <trkpt lat="46.58545" lon="12.25411">
    <name>TP5848</name>
  </trkpt>
  <trkpt lat="46.58544" lon="12.25411">
    <name>TP5849</name>
  </trkpt>
  <trkpt lat="46.58526" lon="12.25409">
    <name>TP5850</name>
  </trkpt>
  <trkpt lat="46.58523" lon="12.25409">
    <name>TP5851</name>
  </trkpt>
  <trkpt lat="46.58484" lon="12.25404">
    <name>TP5852</name>
  </trkpt>
  <trkpt lat="46.5846" lon="12.254">
    <name>TP5853</name>
  </trkpt>
  <trkpt lat="46.58456" lon="12.254">
    <name>TP5854</name>
  </trkpt>
  <trkpt lat="46.58455" lon="12.254">
    <name>TP5855</name>
  </trkpt>
  <trkpt lat="46.58446" lon="12.25399">
    <name>TP5856</name>
  </trkpt>
  <trkpt lat="46.58436" lon="12.254">
    <name>TP5857</name>
  </trkpt>
  <trkpt lat="46.58429" lon="12.25397">
    <name>TP5858</name>
  </trkpt>
  <trkpt lat="46.5842" lon="12.25394">
    <name>TP5859</name>
  </trkpt>
  <trkpt lat="46.58407" lon="12.25376">
    <name>TP5860</name>
  </trkpt>
  <trkpt lat="46.58403" lon="12.25371">
    <name>TP5861</name>
  </trkpt>
  <trkpt lat="46.58394" lon="12.25359">
    <name>TP5862</name>
  </trkpt>
  <trkpt lat="46.58388" lon="12.25351">
    <name>TP5863</name>
  </trkpt>
  <trkpt lat="46.5838" lon="12.25342">
    <name>TP5864</name>
  </trkpt>
  <trkpt lat="46.58377" lon="12.25338">
    <name>TP5865</name>
  </trkpt>
  <trkpt lat="46.58369" lon="12.2533">
    <name>TP5866</name>
  </trkpt>
  <trkpt lat="46.58365" lon="12.25327">
    <name>TP5867</name>
  </trkpt>
  <trkpt lat="46.58361" lon="12.25323">
    <name>TP5868</name>
  </trkpt>
  <trkpt lat="46.58349" lon="12.25316">
    <name>TP5869</name>
  </trkpt>
  <trkpt lat="46.58333" lon="12.25305">
    <name>TP5870</name>
  </trkpt>
  <trkpt lat="46.58322" lon="12.25298">
    <name>TP5871</name>
  </trkpt>
  <trkpt lat="46.58295" lon="12.25281">
    <name>TP5872</name>
  </trkpt>
  <trkpt lat="46.58283" lon="12.25273">
    <name>TP5873</name>
  </trkpt>
  <trkpt lat="46.58275" lon="12.25267">
    <name>TP5874</name>
  </trkpt>
  <trkpt lat="46.58252" lon="12.25246">
    <name>TP5875</name>
  </trkpt>
  <trkpt lat="46.58203" lon="12.25196">
    <name>TP5876</name>
  </trkpt>
  <trkpt lat="46.58189" lon="12.25183">
    <name>TP5877</name>
  </trkpt>
  <trkpt lat="46.58181" lon="12.25178">
    <name>TP5878</name>
  </trkpt>
  <trkpt lat="46.58175" lon="12.25174">
    <name>TP5879</name>
  </trkpt>
  <trkpt lat="46.58166" lon="12.25173">
    <name>TP5880</name>
  </trkpt>
  <trkpt lat="46.58159" lon="12.25173">
    <name>TP5881</name>
  </trkpt>
  <trkpt lat="46.5815" lon="12.25175">
    <name>TP5882</name>
  </trkpt>
  <trkpt lat="46.58106" lon="12.25186">
    <name>TP5883</name>
  </trkpt>
  <trkpt lat="46.58057" lon="12.25202">
    <name>TP5884</name>
  </trkpt>
  <trkpt lat="46.58053" lon="12.25202">
    <name>TP5885</name>
  </trkpt>
  <trkpt lat="46.58033" lon="12.25206">
    <name>TP5886</name>
  </trkpt>
  <trkpt lat="46.58015" lon="12.25206">
    <name>TP5887</name>
  </trkpt>
  <trkpt lat="46.58" lon="12.25206">
    <name>TP5888</name>
  </trkpt>
  <trkpt lat="46.5797" lon="12.25204">
    <name>TP5889</name>
  </trkpt>
  <trkpt lat="46.57927" lon="12.252">
    <name>TP5890</name>
  </trkpt>
  <trkpt lat="46.57891" lon="12.25196">
    <name>TP5891</name>
  </trkpt>
  <trkpt lat="46.57877" lon="12.25192">
    <name>TP5892</name>
  </trkpt>
  <trkpt lat="46.57874" lon="12.25192">
    <name>TP5893</name>
  </trkpt>
  <trkpt lat="46.57855" lon="12.25185">
    <name>TP5894</name>
  </trkpt>
  <trkpt lat="46.57839" lon="12.25177">
    <name>TP5895</name>
  </trkpt>
  <trkpt lat="46.57821" lon="12.25166">
    <name>TP5896</name>
  </trkpt>
  <trkpt lat="46.57804" lon="12.25155">
    <name>TP5897</name>
  </trkpt>
  <trkpt lat="46.578" lon="12.25152">
    <name>TP5898</name>
  </trkpt>
  <trkpt lat="46.57781" lon="12.25139">
    <name>TP5899</name>
  </trkpt>
  <trkpt lat="46.5774" lon="12.25112">
    <name>TP5900</name>
  </trkpt>
  <trkpt lat="46.57691" lon="12.25073">
    <name>TP5901</name>
  </trkpt>
  <trkpt lat="46.57665" lon="12.25057">
    <name>TP5902</name>
  </trkpt>
  <trkpt lat="46.57664" lon="12.25056">
    <name>TP5903</name>
  </trkpt>
  <trkpt lat="46.57663" lon="12.25056">
    <name>TP5904</name>
  </trkpt>
  <trkpt lat="46.57635" lon="12.25039">
    <name>TP5905</name>
  </trkpt>
  <trkpt lat="46.57584" lon="12.25012">
    <name>TP5906</name>
  </trkpt>
  <trkpt lat="46.5758" lon="12.2501">
    <name>TP5907</name>
  </trkpt>
  <trkpt lat="46.57563" lon="12.25">
    <name>TP5908</name>
  </trkpt>
  <trkpt lat="46.57548" lon="12.2499">
    <name>TP5909</name>
  </trkpt>
  <trkpt lat="46.57547" lon="12.24989">
    <name>TP5910</name>
  </trkpt>
  <trkpt lat="46.57497" lon="12.24951">
    <name>TP5911</name>
  </trkpt>
  <trkpt lat="46.57467" lon="12.24928">
    <name>TP5912</name>
  </trkpt>
  <trkpt lat="46.57406" lon="12.24883">
    <name>TP5913</name>
  </trkpt>
  <trkpt lat="46.57324" lon="12.24819">
    <name>TP5914</name>
  </trkpt>
  <trkpt lat="46.57308" lon="12.24807">
    <name>TP5915</name>
  </trkpt>
  <trkpt lat="46.57292" lon="12.24795">
    <name>TP5916</name>
  </trkpt>
  <trkpt lat="46.57281" lon="12.24786">
    <name>TP5917</name>
  </trkpt>
  <trkpt lat="46.5726" lon="12.24769">
    <name>TP5918</name>
  </trkpt>
  <trkpt lat="46.57198" lon="12.24716">
    <name>TP5919</name>
  </trkpt>
  <trkpt lat="46.57183" lon="12.24703">
    <name>TP5920</name>
  </trkpt>
  <trkpt lat="46.57167" lon="12.2469">
    <name>TP5921</name>
  </trkpt>
  <trkpt lat="46.57152" lon="12.24677">
    <name>TP5922</name>
  </trkpt>
  <trkpt lat="46.57089" lon="12.24624">
    <name>TP5923</name>
  </trkpt>
  <trkpt lat="46.57072" lon="12.24613">
    <name>TP5924</name>
  </trkpt>
  <trkpt lat="46.57061" lon="12.24604">
    <name>TP5925</name>
  </trkpt>
  <trkpt lat="46.5703" lon="12.24582">
    <name>TP5926</name>
  </trkpt>
  <trkpt lat="46.57013" lon="12.24572">
    <name>TP5927</name>
  </trkpt>
  <trkpt lat="46.57002" lon="12.24568">
    <name>TP5928</name>
  </trkpt>
  <trkpt lat="46.56991" lon="12.24565">
    <name>TP5929</name>
  </trkpt>
  <trkpt lat="46.56982" lon="12.24564">
    <name>TP5930</name>
  </trkpt>
  <trkpt lat="46.56972" lon="12.24565">
    <name>TP5931</name>
  </trkpt>
  <trkpt lat="46.5695" lon="12.24568">
    <name>TP5932</name>
  </trkpt>
  <trkpt lat="46.56945" lon="12.24569">
    <name>TP5933</name>
  </trkpt>
  <trkpt lat="46.56859" lon="12.24577">
    <name>TP5934</name>
  </trkpt>
  <trkpt lat="46.56845" lon="12.24579">
    <name>TP5935</name>
  </trkpt>
  <trkpt lat="46.56835" lon="12.24578">
    <name>TP5936</name>
  </trkpt>
  <trkpt lat="46.56811" lon="12.24574">
    <name>TP5937</name>
  </trkpt>
  <trkpt lat="46.568" lon="12.24569">
    <name>TP5938</name>
  </trkpt>
  <trkpt lat="46.56788" lon="12.24564">
    <name>TP5939</name>
  </trkpt>
  <trkpt lat="46.56777" lon="12.24559">
    <name>TP5940</name>
  </trkpt>
  <trkpt lat="46.56771" lon="12.24556">
    <name>TP5941</name>
  </trkpt>
  <trkpt lat="46.56769" lon="12.24554">
    <name>TP5942</name>
  </trkpt>
  <trkpt lat="46.56759" lon="12.24552">
    <name>TP5943</name>
  </trkpt>
  <trkpt lat="46.56754" lon="12.24552">
    <name>TP5944</name>
  </trkpt>
  <trkpt lat="46.56721" lon="12.2455">
    <name>TP5945</name>
  </trkpt>
  <trkpt lat="46.56701" lon="12.24549">
    <name>TP5946</name>
  </trkpt>
  <trkpt lat="46.56682" lon="12.24546">
    <name>TP5947</name>
  </trkpt>
  <trkpt lat="46.56664" lon="12.24543">
    <name>TP5948</name>
  </trkpt>
  <trkpt lat="46.56643" lon="12.24539">
    <name>TP5949</name>
  </trkpt>
  <trkpt lat="46.56637" lon="12.24539">
    <name>TP5950</name>
  </trkpt>
  <trkpt lat="46.5663" lon="12.24541">
    <name>TP5951</name>
  </trkpt>
  <trkpt lat="46.56628" lon="12.24542">
    <name>TP5952</name>
  </trkpt>
  <trkpt lat="46.56622" lon="12.24544">
    <name>TP5953</name>
  </trkpt>
  <trkpt lat="46.56618" lon="12.24547">
    <name>TP5954</name>
  </trkpt>
  <trkpt lat="46.56614" lon="12.24549">
    <name>TP5955</name>
  </trkpt>
  <trkpt lat="46.56611" lon="12.24549">
    <name>TP5956</name>
  </trkpt>
  <trkpt lat="46.5661" lon="12.2455">
    <name>TP5957</name>
  </trkpt>
  <trkpt lat="46.56606" lon="12.24549">
    <name>TP5958</name>
  </trkpt>
  <trkpt lat="46.56604" lon="12.24548">
    <name>TP5959</name>
  </trkpt>
  <trkpt lat="46.56601" lon="12.24546">
    <name>TP5960</name>
  </trkpt>
  <trkpt lat="46.56599" lon="12.24543">
    <name>TP5961</name>
  </trkpt>
  <trkpt lat="46.56597" lon="12.2454">
    <name>TP5962</name>
  </trkpt>
  <trkpt lat="46.56597" lon="12.24538">
    <name>TP5963</name>
  </trkpt>
  <trkpt lat="46.56596" lon="12.24535">
    <name>TP5964</name>
  </trkpt>
  <trkpt lat="46.56595" lon="12.2453">
    <name>TP5965</name>
  </trkpt>
  <trkpt lat="46.56596" lon="12.24524">
    <name>TP5966</name>
  </trkpt>
  <trkpt lat="46.56609" lon="12.24487">
    <name>TP5967</name>
  </trkpt>
  <trkpt lat="46.56611" lon="12.24475">
    <name>TP5968</name>
  </trkpt>
  <trkpt lat="46.56611" lon="12.24467">
    <name>TP5969</name>
  </trkpt>
  <trkpt lat="46.5661" lon="12.24459">
    <name>TP5970</name>
  </trkpt>
  <trkpt lat="46.56609" lon="12.24454">
    <name>TP5971</name>
  </trkpt>
  <trkpt lat="46.56606" lon="12.24448">
    <name>TP5972</name>
  </trkpt>
  <trkpt lat="46.56604" lon="12.24445">
    <name>TP5973</name>
  </trkpt>
  <trkpt lat="46.56602" lon="12.24443">
    <name>TP5974</name>
  </trkpt>
  <trkpt lat="46.56598" lon="12.24441">
    <name>TP5975</name>
  </trkpt>
  <trkpt lat="46.56592" lon="12.2444">
    <name>TP5976</name>
  </trkpt>
  <trkpt lat="46.56581" lon="12.24438">
    <name>TP5977</name>
  </trkpt>
  <trkpt lat="46.56548" lon="12.24441">
    <name>TP5978</name>
  </trkpt>
  <trkpt lat="46.56541" lon="12.24441">
    <name>TP5979</name>
  </trkpt>
  <trkpt lat="46.56531" lon="12.24441">
    <name>TP5980</name>
  </trkpt>
  <trkpt lat="46.5653093" lon="12.2444141">
    <name>TP5981</name>
  </trkpt>
  <trkpt lat="46.56524" lon="12.24422">
    <name>TP5982</name>
  </trkpt>
  <trkpt lat="46.5652" lon="12.24412">
    <name>TP5983</name>
  </trkpt>
  <trkpt lat="46.56518" lon="12.24408">
    <name>TP5984</name>
  </trkpt>
  <trkpt lat="46.56512" lon="12.2439">
    <name>TP5985</name>
  </trkpt>
  <trkpt lat="46.56507" lon="12.24371">
    <name>TP5986</name>
  </trkpt>
  <trkpt lat="46.56506" lon="12.24359">
    <name>TP5987</name>
  </trkpt>
  <trkpt lat="46.56505" lon="12.24352">
    <name>TP5988</name>
  </trkpt>
  <trkpt lat="46.565" lon="12.24318">
    <name>TP5989</name>
  </trkpt>
  <trkpt lat="46.56498" lon="12.24312">
    <name>TP5990</name>
  </trkpt>
  <trkpt lat="46.56497" lon="12.24308">
    <name>TP5991</name>
  </trkpt>
  <trkpt lat="46.56496" lon="12.24304">
    <name>TP5992</name>
  </trkpt>
  <trkpt lat="46.56492" lon="12.24296">
    <name>TP5993</name>
  </trkpt>
  <trkpt lat="46.56472" lon="12.24257">
    <name>TP5994</name>
  </trkpt>
  <trkpt lat="46.56469" lon="12.24248">
    <name>TP5995</name>
  </trkpt>
  <trkpt lat="46.56468" lon="12.2424">
    <name>TP5996</name>
  </trkpt>
  <trkpt lat="46.56467" lon="12.24236">
    <name>TP5997</name>
  </trkpt>
  <trkpt lat="46.56465" lon="12.24217">
    <name>TP5998</name>
  </trkpt>
  <trkpt lat="46.56465" lon="12.24214">
    <name>TP5999</name>
  </trkpt>
  <trkpt lat="46.56464" lon="12.2421">
    <name>TP6000</name>
  </trkpt>
  <trkpt lat="46.56462" lon="12.24204">
    <name>TP6001</name>
  </trkpt>
  <trkpt lat="46.5646" lon="12.24198">
    <name>TP6002</name>
  </trkpt>
  <trkpt lat="46.56458" lon="12.24194">
    <name>TP6003</name>
  </trkpt>
  <trkpt lat="46.56456" lon="12.24191">
    <name>TP6004</name>
  </trkpt>
  <trkpt lat="46.56454" lon="12.24188">
    <name>TP6005</name>
  </trkpt>
  <trkpt lat="46.56453" lon="12.24187">
    <name>TP6006</name>
  </trkpt>
  <trkpt lat="46.56449" lon="12.24182">
    <name>TP6007</name>
  </trkpt>
  <trkpt lat="46.56443" lon="12.24178">
    <name>TP6008</name>
  </trkpt>
  <trkpt lat="46.56433" lon="12.24172">
    <name>TP6009</name>
  </trkpt>
  <trkpt lat="46.56419" lon="12.24166">
    <name>TP6010</name>
  </trkpt>
  <trkpt lat="46.56403" lon="12.24162">
    <name>TP6011</name>
  </trkpt>
  <trkpt lat="46.56388" lon="12.24158">
    <name>TP6012</name>
  </trkpt>
  <trkpt lat="46.56387" lon="12.24157">
    <name>TP6013</name>
  </trkpt>
  <trkpt lat="46.56382" lon="12.24155">
    <name>TP6014</name>
  </trkpt>
  <trkpt lat="46.56376" lon="12.24149">
    <name>TP6015</name>
  </trkpt>
  <trkpt lat="46.56375" lon="12.24148">
    <name>TP6016</name>
  </trkpt>
  <trkpt lat="46.56368" lon="12.24139">
    <name>TP6017</name>
  </trkpt>
  <trkpt lat="46.56362" lon="12.2413">
    <name>TP6018</name>
  </trkpt>
  <trkpt lat="46.5635" lon="12.24111">
    <name>TP6019</name>
  </trkpt>
  <trkpt lat="46.56347" lon="12.24105">
    <name>TP6020</name>
  </trkpt>
  <trkpt lat="46.56339" lon="12.2409">
    <name>TP6021</name>
  </trkpt>
  <trkpt lat="46.56336" lon="12.24086">
    <name>TP6022</name>
  </trkpt>
  <trkpt lat="46.56333" lon="12.24075">
    <name>TP6023</name>
  </trkpt>
  <trkpt lat="46.56331" lon="12.24067">
    <name>TP6024</name>
  </trkpt>
  <trkpt lat="46.56329" lon="12.2406">
    <name>TP6025</name>
  </trkpt>
  <trkpt lat="46.56327" lon="12.2405">
    <name>TP6026</name>
  </trkpt>
  <trkpt lat="46.56325" lon="12.24042">
    <name>TP6027</name>
  </trkpt>
  <trkpt lat="46.56324" lon="12.24035">
    <name>TP6028</name>
  </trkpt>
  <trkpt lat="46.56321" lon="12.24017">
    <name>TP6029</name>
  </trkpt>
  <trkpt lat="46.5632" lon="12.24017">
    <name>TP6030</name>
  </trkpt>
  <trkpt lat="46.56319" lon="12.24011">
    <name>TP6031</name>
  </trkpt>
  <trkpt lat="46.56317" lon="12.24006">
    <name>TP6032</name>
  </trkpt>
  <trkpt lat="46.56314" lon="12.24">
    <name>TP6033</name>
  </trkpt>
  <trkpt lat="46.56311" lon="12.23996">
    <name>TP6034</name>
  </trkpt>
  <trkpt lat="46.56308" lon="12.23993">
    <name>TP6035</name>
  </trkpt>
  <trkpt lat="46.56298" lon="12.23985">
    <name>TP6036</name>
  </trkpt>
  <trkpt lat="46.56284" lon="12.23978">
    <name>TP6037</name>
  </trkpt>
  <trkpt lat="46.56278" lon="12.23974">
    <name>TP6038</name>
  </trkpt>
  <trkpt lat="46.56274" lon="12.23971">
    <name>TP6039</name>
  </trkpt>
  <trkpt lat="46.56273" lon="12.2397">
    <name>TP6040</name>
  </trkpt>
  <trkpt lat="46.56265" lon="12.23962">
    <name>TP6041</name>
  </trkpt>
  <trkpt lat="46.56263" lon="12.23959">
    <name>TP6042</name>
  </trkpt>
  <trkpt lat="46.56257" lon="12.23949">
    <name>TP6043</name>
  </trkpt>
  <trkpt lat="46.56251" lon="12.23939">
    <name>TP6044</name>
  </trkpt>
  <trkpt lat="46.56241" lon="12.23919">
    <name>TP6045</name>
  </trkpt>
  <trkpt lat="46.56238" lon="12.23914">
    <name>TP6046</name>
  </trkpt>
  <trkpt lat="46.56227" lon="12.23893">
    <name>TP6047</name>
  </trkpt>
  <trkpt lat="46.56216" lon="12.23872">
    <name>TP6048</name>
  </trkpt>
  <trkpt lat="46.56207" lon="12.23854">
    <name>TP6049</name>
  </trkpt>
  <trkpt lat="46.56205" lon="12.23851">
    <name>TP6050</name>
  </trkpt>
  <trkpt lat="46.56194" lon="12.23831">
    <name>TP6051</name>
  </trkpt>
  <trkpt lat="46.56186" lon="12.23815">
    <name>TP6052</name>
  </trkpt>
  <trkpt lat="46.56183" lon="12.2381">
    <name>TP6053</name>
  </trkpt>
  <trkpt lat="46.56177" lon="12.23801">
    <name>TP6054</name>
  </trkpt>
  <trkpt lat="46.56171" lon="12.23795">
    <name>TP6055</name>
  </trkpt>
  <trkpt lat="46.56163" lon="12.2379">
    <name>TP6056</name>
  </trkpt>
  <trkpt lat="46.56152" lon="12.23786">
    <name>TP6057</name>
  </trkpt>
  <trkpt lat="46.56149" lon="12.23785">
    <name>TP6058</name>
  </trkpt>
  <trkpt lat="46.56139" lon="12.23781">
    <name>TP6059</name>
  </trkpt>
  <trkpt lat="46.56135" lon="12.23778">
    <name>TP6060</name>
  </trkpt>
  <trkpt lat="46.56129" lon="12.23774">
    <name>TP6061</name>
  </trkpt>
  <trkpt lat="46.5612" lon="12.23767">
    <name>TP6062</name>
  </trkpt>
  <trkpt lat="46.56119" lon="12.23765">
    <name>TP6063</name>
  </trkpt>
  <trkpt lat="46.56105" lon="12.23749">
    <name>TP6064</name>
  </trkpt>
  <trkpt lat="46.56104" lon="12.23747">
    <name>TP6065</name>
  </trkpt>
  <trkpt lat="46.561" lon="12.2374">
    <name>TP6066</name>
  </trkpt>
  <trkpt lat="46.56097" lon="12.23732">
    <name>TP6067</name>
  </trkpt>
  <trkpt lat="46.56096" lon="12.23727">
    <name>TP6068</name>
  </trkpt>
  <trkpt lat="46.56095" lon="12.23725">
    <name>TP6069</name>
  </trkpt>
  <trkpt lat="46.56094" lon="12.23712">
    <name>TP6070</name>
  </trkpt>
  <trkpt lat="46.56091" lon="12.23679">
    <name>TP6071</name>
  </trkpt>
  <trkpt lat="46.5609" lon="12.23675">
    <name>TP6072</name>
  </trkpt>
  <trkpt lat="46.56088" lon="12.23663">
    <name>TP6073</name>
  </trkpt>
  <trkpt lat="46.56085" lon="12.23651">
    <name>TP6074</name>
  </trkpt>
  <trkpt lat="46.56084" lon="12.23648">
    <name>TP6075</name>
  </trkpt>
  <trkpt lat="46.56079" lon="12.23637">
    <name>TP6076</name>
  </trkpt>
  <trkpt lat="46.56075" lon="12.23629">
    <name>TP6077</name>
  </trkpt>
  <trkpt lat="46.56072" lon="12.23624">
    <name>TP6078</name>
  </trkpt>
  <trkpt lat="46.5606" lon="12.23603">
    <name>TP6079</name>
  </trkpt>
  <trkpt lat="46.56054" lon="12.23596">
    <name>TP6080</name>
  </trkpt>
  <trkpt lat="46.5605" lon="12.23592">
    <name>TP6081</name>
  </trkpt>
  <trkpt lat="46.56046" lon="12.23589">
    <name>TP6082</name>
  </trkpt>
  <trkpt lat="46.56025" lon="12.23577">
    <name>TP6083</name>
  </trkpt>
  <trkpt lat="46.56016" lon="12.23574">
    <name>TP6084</name>
  </trkpt>
  <trkpt lat="46.56013" lon="12.23574">
    <name>TP6085</name>
  </trkpt>
  <trkpt lat="46.56008" lon="12.23574">
    <name>TP6086</name>
  </trkpt>
  <trkpt lat="46.55998" lon="12.23577">
    <name>TP6087</name>
  </trkpt>
  <trkpt lat="46.5599" lon="12.2358">
    <name>TP6088</name>
  </trkpt>
  <trkpt lat="46.55976" lon="12.23584">
    <name>TP6089</name>
  </trkpt>
  <trkpt lat="46.5597" lon="12.23584">
    <name>TP6090</name>
  </trkpt>
  <trkpt lat="46.55963" lon="12.23583">
    <name>TP6091</name>
  </trkpt>
  <trkpt lat="46.55945" lon="12.23579">
    <name>TP6092</name>
  </trkpt>
  <trkpt lat="46.5594" lon="12.23577">
    <name>TP6093</name>
  </trkpt>
  <trkpt lat="46.55928" lon="12.23573">
    <name>TP6094</name>
  </trkpt>
  <trkpt lat="46.55926" lon="12.23573">
    <name>TP6095</name>
  </trkpt>
  <trkpt lat="46.55915" lon="12.23569">
    <name>TP6096</name>
  </trkpt>
  <trkpt lat="46.5591" lon="12.23566">
    <name>TP6097</name>
  </trkpt>
  <trkpt lat="46.55906" lon="12.23564">
    <name>TP6098</name>
  </trkpt>
  <trkpt lat="46.55895" lon="12.23555">
    <name>TP6099</name>
  </trkpt>
  <trkpt lat="46.55894" lon="12.23554">
    <name>TP6100</name>
  </trkpt>
  <trkpt lat="46.55886" lon="12.23545">
    <name>TP6101</name>
  </trkpt>
  <trkpt lat="46.55881" lon="12.23536">
    <name>TP6102</name>
  </trkpt>
  <trkpt lat="46.55869" lon="12.23517">
    <name>TP6103</name>
  </trkpt>
  <trkpt lat="46.55863" lon="12.23509">
    <name>TP6104</name>
  </trkpt>
  <trkpt lat="46.55856" lon="12.23499">
    <name>TP6105</name>
  </trkpt>
  <trkpt lat="46.55844" lon="12.2348">
    <name>TP6106</name>
  </trkpt>
  <trkpt lat="46.55831" lon="12.23461">
    <name>TP6107</name>
  </trkpt>
  <trkpt lat="46.55811" lon="12.23432">
    <name>TP6108</name>
  </trkpt>
  <trkpt lat="46.55804" lon="12.23427">
    <name>TP6109</name>
  </trkpt>
  <trkpt lat="46.55793" lon="12.23417">
    <name>TP6110</name>
  </trkpt>
  <trkpt lat="46.55789" lon="12.23413">
    <name>TP6111</name>
  </trkpt>
  <trkpt lat="46.55777" lon="12.23399">
    <name>TP6112</name>
  </trkpt>
  <trkpt lat="46.55763" lon="12.23377">
    <name>TP6113</name>
  </trkpt>
  <trkpt lat="46.55763" lon="12.23376">
    <name>TP6114</name>
  </trkpt>
  <trkpt lat="46.55752" lon="12.23356">
    <name>TP6115</name>
  </trkpt>
  <trkpt lat="46.55752" lon="12.23355">
    <name>TP6116</name>
  </trkpt>
  <trkpt lat="46.55742" lon="12.23335">
    <name>TP6117</name>
  </trkpt>
  <trkpt lat="46.5574" lon="12.23329">
    <name>TP6118</name>
  </trkpt>
  <trkpt lat="46.55729" lon="12.23311">
    <name>TP6119</name>
  </trkpt>
  <trkpt lat="46.55726" lon="12.23306">
    <name>TP6120</name>
  </trkpt>
  <trkpt lat="46.55721" lon="12.23296">
    <name>TP6121</name>
  </trkpt>
  <trkpt lat="46.55713" lon="12.23275">
    <name>TP6122</name>
  </trkpt>
  <trkpt lat="46.55709" lon="12.23261">
    <name>TP6123</name>
  </trkpt>
  <trkpt lat="46.55705" lon="12.23246">
    <name>TP6124</name>
  </trkpt>
  <trkpt lat="46.55704" lon="12.23235">
    <name>TP6125</name>
  </trkpt>
  <trkpt lat="46.55703" lon="12.23228">
    <name>TP6126</name>
  </trkpt>
  <trkpt lat="46.557" lon="12.23207">
    <name>TP6127</name>
  </trkpt>
  <trkpt lat="46.55694" lon="12.23158">
    <name>TP6128</name>
  </trkpt>
  <trkpt lat="46.55693" lon="12.23145">
    <name>TP6129</name>
  </trkpt>
  <trkpt lat="46.55693" lon="12.23143">
    <name>TP6130</name>
  </trkpt>
  <trkpt lat="46.55691" lon="12.23114">
    <name>TP6131</name>
  </trkpt>
  <trkpt lat="46.5569" lon="12.23106">
    <name>TP6132</name>
  </trkpt>
  <trkpt lat="46.55689" lon="12.23091">
    <name>TP6133</name>
  </trkpt>
  <trkpt lat="46.55688" lon="12.23085">
    <name>TP6134</name>
  </trkpt>
  <trkpt lat="46.55687" lon="12.2308">
    <name>TP6135</name>
  </trkpt>
  <trkpt lat="46.55686" lon="12.23075">
    <name>TP6136</name>
  </trkpt>
  <trkpt lat="46.55681" lon="12.23062">
    <name>TP6137</name>
  </trkpt>
  <trkpt lat="46.55678" lon="12.23056">
    <name>TP6138</name>
  </trkpt>
  <trkpt lat="46.55674" lon="12.23048">
    <name>TP6139</name>
  </trkpt>
  <trkpt lat="46.55667" lon="12.23038">
    <name>TP6140</name>
  </trkpt>
  <trkpt lat="46.5566" lon="12.23023">
    <name>TP6141</name>
  </trkpt>
  <trkpt lat="46.55657" lon="12.23013">
    <name>TP6142</name>
  </trkpt>
  <trkpt lat="46.5565" lon="12.22995">
    <name>TP6143</name>
  </trkpt>
  <trkpt lat="46.55649" lon="12.22992">
    <name>TP6144</name>
  </trkpt>
  <trkpt lat="46.55644" lon="12.22978">
    <name>TP6145</name>
  </trkpt>
  <trkpt lat="46.55641" lon="12.22969">
    <name>TP6146</name>
  </trkpt>
  <trkpt lat="46.55637" lon="12.2295">
    <name>TP6147</name>
  </trkpt>
  <trkpt lat="46.55626" lon="12.22897">
    <name>TP6148</name>
  </trkpt>
  <trkpt lat="46.55626" lon="12.22894">
    <name>TP6149</name>
  </trkpt>
  <trkpt lat="46.55616" lon="12.22849">
    <name>TP6150</name>
  </trkpt>
  <trkpt lat="46.55613" lon="12.22826">
    <name>TP6151</name>
  </trkpt>
  <trkpt lat="46.55611" lon="12.22804">
    <name>TP6152</name>
  </trkpt>
  <trkpt lat="46.5561" lon="12.22783">
    <name>TP6153</name>
  </trkpt>
  <trkpt lat="46.55611" lon="12.22758">
    <name>TP6154</name>
  </trkpt>
  <trkpt lat="46.55613" lon="12.2274">
    <name>TP6155</name>
  </trkpt>
  <trkpt lat="46.55614" lon="12.22724">
    <name>TP6156</name>
  </trkpt>
  <trkpt lat="46.55616" lon="12.22707">
    <name>TP6157</name>
  </trkpt>
  <trkpt lat="46.5562" lon="12.22683">
    <name>TP6158</name>
  </trkpt>
  <trkpt lat="46.55631" lon="12.22636">
    <name>TP6159</name>
  </trkpt>
  <trkpt lat="46.55633" lon="12.22624">
    <name>TP6160</name>
  </trkpt>
  <trkpt lat="46.55641" lon="12.22588">
    <name>TP6161</name>
  </trkpt>
  <trkpt lat="46.55643" lon="12.22575">
    <name>TP6162</name>
  </trkpt>
  <trkpt lat="46.55646" lon="12.22563">
    <name>TP6163</name>
  </trkpt>
  <trkpt lat="46.55649" lon="12.22548">
    <name>TP6164</name>
  </trkpt>
  <trkpt lat="46.55651" lon="12.22538">
    <name>TP6165</name>
  </trkpt>
  <trkpt lat="46.55655" lon="12.22519">
    <name>TP6166</name>
  </trkpt>
  <trkpt lat="46.55656" lon="12.22513">
    <name>TP6167</name>
  </trkpt>
  <trkpt lat="46.55659" lon="12.22498">
    <name>TP6168</name>
  </trkpt>
  <trkpt lat="46.5566" lon="12.22496">
    <name>TP6169</name>
  </trkpt>
  <trkpt lat="46.55661" lon="12.22488">
    <name>TP6170</name>
  </trkpt>
  <trkpt lat="46.55663" lon="12.22475">
    <name>TP6171</name>
  </trkpt>
  <trkpt lat="46.55666" lon="12.22436">
    <name>TP6172</name>
  </trkpt>
  <trkpt lat="46.55667" lon="12.22428">
    <name>TP6173</name>
  </trkpt>
  <trkpt lat="46.55669" lon="12.22402">
    <name>TP6174</name>
  </trkpt>
  <trkpt lat="46.5567" lon="12.22385">
    <name>TP6175</name>
  </trkpt>
  <trkpt lat="46.55673" lon="12.2235">
    <name>TP6176</name>
  </trkpt>
  <trkpt lat="46.55673" lon="12.22342">
    <name>TP6177</name>
  </trkpt>
  <trkpt lat="46.55674" lon="12.22331">
    <name>TP6178</name>
  </trkpt>
  <trkpt lat="46.55675" lon="12.22316">
    <name>TP6179</name>
  </trkpt>
  <trkpt lat="46.55675" lon="12.22314">
    <name>TP6180</name>
  </trkpt>
  <trkpt lat="46.55678" lon="12.22283">
    <name>TP6181</name>
  </trkpt>
  <trkpt lat="46.55682" lon="12.22263">
    <name>TP6182</name>
  </trkpt>
  <trkpt lat="46.55688" lon="12.22248">
    <name>TP6183</name>
  </trkpt>
  <trkpt lat="46.55688" lon="12.22247">
    <name>TP6184</name>
  </trkpt>
  <trkpt lat="46.55695" lon="12.22231">
    <name>TP6185</name>
  </trkpt>
  <trkpt lat="46.55705" lon="12.22215">
    <name>TP6186</name>
  </trkpt>
  <trkpt lat="46.55708" lon="12.22206">
    <name>TP6187</name>
  </trkpt>
  <trkpt lat="46.55709" lon="12.22204">
    <name>TP6188</name>
  </trkpt>
  <trkpt lat="46.55713" lon="12.22189">
    <name>TP6189</name>
  </trkpt>
  <trkpt lat="46.55717" lon="12.22163">
    <name>TP6190</name>
  </trkpt>
  <trkpt lat="46.55719" lon="12.22156">
    <name>TP6191</name>
  </trkpt>
  <trkpt lat="46.5572" lon="12.22148">
    <name>TP6192</name>
  </trkpt>
  <trkpt lat="46.55721" lon="12.22142">
    <name>TP6193</name>
  </trkpt>
  <trkpt lat="46.55734" lon="12.22079">
    <name>TP6194</name>
  </trkpt>
  <trkpt lat="46.55735" lon="12.22069">
    <name>TP6195</name>
  </trkpt>
  <trkpt lat="46.55736" lon="12.22058">
    <name>TP6196</name>
  </trkpt>
  <trkpt lat="46.55737" lon="12.22035">
    <name>TP6197</name>
  </trkpt>
  <trkpt lat="46.55737" lon="12.22028">
    <name>TP6198</name>
  </trkpt>
  <trkpt lat="46.55736" lon="12.22021">
    <name>TP6199</name>
  </trkpt>
  <trkpt lat="46.55736" lon="12.22013">
    <name>TP6200</name>
  </trkpt>
  <trkpt lat="46.55736" lon="12.2201">
    <name>TP6201</name>
  </trkpt>
  <trkpt lat="46.55737" lon="12.22002">
    <name>TP6202</name>
  </trkpt>
  <trkpt lat="46.5574" lon="12.21987">
    <name>TP6203</name>
  </trkpt>
  <trkpt lat="46.55747" lon="12.2197">
    <name>TP6204</name>
  </trkpt>
  <trkpt lat="46.55754" lon="12.21957">
    <name>TP6205</name>
  </trkpt>
  <trkpt lat="46.55762" lon="12.21943">
    <name>TP6206</name>
  </trkpt>
  <trkpt lat="46.55767" lon="12.21938">
    <name>TP6207</name>
  </trkpt>
  <trkpt lat="46.55779" lon="12.21924">
    <name>TP6208</name>
  </trkpt>
  <trkpt lat="46.55781" lon="12.21923">
    <name>TP6209</name>
  </trkpt>
  <trkpt lat="46.55792" lon="12.21912">
    <name>TP6210</name>
  </trkpt>
  <trkpt lat="46.55795" lon="12.21908">
    <name>TP6211</name>
  </trkpt>
  <trkpt lat="46.55796" lon="12.21908">
    <name>TP6212</name>
  </trkpt>
  <trkpt lat="46.558" lon="12.21904">
    <name>TP6213</name>
  </trkpt>
  <trkpt lat="46.55811" lon="12.21893">
    <name>TP6214</name>
  </trkpt>
  <trkpt lat="46.55813" lon="12.21891">
    <name>TP6215</name>
  </trkpt>
  <trkpt lat="46.55824" lon="12.21879">
    <name>TP6216</name>
  </trkpt>
  <trkpt lat="46.55829" lon="12.21872">
    <name>TP6217</name>
  </trkpt>
  <trkpt lat="46.55833" lon="12.21865">
    <name>TP6218</name>
  </trkpt>
  <trkpt lat="46.55837" lon="12.21858">
    <name>TP6219</name>
  </trkpt>
  <trkpt lat="46.5584" lon="12.21852">
    <name>TP6220</name>
  </trkpt>
  <trkpt lat="46.55843" lon="12.21848">
    <name>TP6221</name>
  </trkpt>
  <trkpt lat="46.55847" lon="12.21836">
    <name>TP6222</name>
  </trkpt>
  <trkpt lat="46.5585" lon="12.21828">
    <name>TP6223</name>
  </trkpt>
  <trkpt lat="46.55856" lon="12.21813">
    <name>TP6224</name>
  </trkpt>
  <trkpt lat="46.55857" lon="12.2181">
    <name>TP6225</name>
  </trkpt>
  <trkpt lat="46.55858" lon="12.21806">
    <name>TP6226</name>
  </trkpt>
  <trkpt lat="46.5586" lon="12.21796">
    <name>TP6227</name>
  </trkpt>
  <trkpt lat="46.55862" lon="12.21789">
    <name>TP6228</name>
  </trkpt>
  <trkpt lat="46.55865" lon="12.21772">
    <name>TP6229</name>
  </trkpt>
  <trkpt lat="46.55866" lon="12.21751">
    <name>TP6230</name>
  </trkpt>
  <trkpt lat="46.55866" lon="12.21749">
    <name>TP6231</name>
  </trkpt>
  <trkpt lat="46.55866" lon="12.21731">
    <name>TP6232</name>
  </trkpt>
  <trkpt lat="46.55866" lon="12.21725">
    <name>TP6233</name>
  </trkpt>
  <trkpt lat="46.55865" lon="12.21719">
    <name>TP6234</name>
  </trkpt>
  <trkpt lat="46.55865" lon="12.21711">
    <name>TP6235</name>
  </trkpt>
  <trkpt lat="46.55863" lon="12.21699">
    <name>TP6236</name>
  </trkpt>
  <trkpt lat="46.55863" lon="12.21694">
    <name>TP6237</name>
  </trkpt>
  <trkpt lat="46.55861" lon="12.21686">
    <name>TP6238</name>
  </trkpt>
  <trkpt lat="46.55859" lon="12.21674">
    <name>TP6239</name>
  </trkpt>
  <trkpt lat="46.55858" lon="12.21672">
    <name>TP6240</name>
  </trkpt>
  <trkpt lat="46.55852" lon="12.21652">
    <name>TP6241</name>
  </trkpt>
  <trkpt lat="46.55851" lon="12.2165">
    <name>TP6242</name>
  </trkpt>
  <trkpt lat="46.55842" lon="12.21629">
    <name>TP6243</name>
  </trkpt>
  <trkpt lat="46.55842" lon="12.21628">
    <name>TP6244</name>
  </trkpt>
  <trkpt lat="46.55841" lon="12.21628">
    <name>TP6245</name>
  </trkpt>
  <trkpt lat="46.55835" lon="12.21618">
    <name>TP6246</name>
  </trkpt>
  <trkpt lat="46.55832" lon="12.21611">
    <name>TP6247</name>
  </trkpt>
  <trkpt lat="46.5583" lon="12.21609">
    <name>TP6248</name>
  </trkpt>
  <trkpt lat="46.55823" lon="12.216">
    <name>TP6249</name>
  </trkpt>
  <trkpt lat="46.55816" lon="12.21593">
    <name>TP6250</name>
  </trkpt>
  <trkpt lat="46.55811" lon="12.21588">
    <name>TP6251</name>
  </trkpt>
  <trkpt lat="46.558" lon="12.21581">
    <name>TP6252</name>
  </trkpt>
  <trkpt lat="46.55799" lon="12.2158">
    <name>TP6253</name>
  </trkpt>
  <trkpt lat="46.55791" lon="12.21575">
    <name>TP6254</name>
  </trkpt>
  <trkpt lat="46.55783" lon="12.21571">
    <name>TP6255</name>
  </trkpt>
  <trkpt lat="46.55783" lon="12.2157">
    <name>TP6256</name>
  </trkpt>
  <trkpt lat="46.5578" lon="12.21569">
    <name>TP6257</name>
  </trkpt>
  <trkpt lat="46.55774" lon="12.21565">
    <name>TP6258</name>
  </trkpt>
  <trkpt lat="46.55767" lon="12.21561">
    <name>TP6259</name>
  </trkpt>
  <trkpt lat="46.55766" lon="12.21561">
    <name>TP6260</name>
  </trkpt>
  <trkpt lat="46.55766" lon="12.2156">
    <name>TP6261</name>
  </trkpt>
  <trkpt lat="46.55758" lon="12.21554">
    <name>TP6262</name>
  </trkpt>
  <trkpt lat="46.55752" lon="12.21546">
    <name>TP6263</name>
  </trkpt>
  <trkpt lat="46.55751" lon="12.21545">
    <name>TP6264</name>
  </trkpt>
  <trkpt lat="46.55746" lon="12.21536">
    <name>TP6265</name>
  </trkpt>
  <trkpt lat="46.55742" lon="12.21523">
    <name>TP6266</name>
  </trkpt>
  <trkpt lat="46.55742" lon="12.21521">
    <name>TP6267</name>
  </trkpt>
  <trkpt lat="46.55738" lon="12.21502">
    <name>TP6268</name>
  </trkpt>
  <trkpt lat="46.55737" lon="12.21499">
    <name>TP6269</name>
  </trkpt>
  <trkpt lat="46.55733" lon="12.21482">
    <name>TP6270</name>
  </trkpt>
  <trkpt lat="46.55728" lon="12.21467">
    <name>TP6271</name>
  </trkpt>
  <trkpt lat="46.55725" lon="12.2146">
    <name>TP6272</name>
  </trkpt>
  <trkpt lat="46.55717" lon="12.21452">
    <name>TP6273</name>
  </trkpt>
  <trkpt lat="46.55711" lon="12.21447">
    <name>TP6274</name>
  </trkpt>
  <trkpt lat="46.5571" lon="12.21447">
    <name>TP6275</name>
  </trkpt>
  <trkpt lat="46.55703" lon="12.21443">
    <name>TP6276</name>
  </trkpt>
  <trkpt lat="46.55702" lon="12.21442">
    <name>TP6277</name>
  </trkpt>
  <trkpt lat="46.55694" lon="12.21441">
    <name>TP6278</name>
  </trkpt>
  <trkpt lat="46.55677" lon="12.21439">
    <name>TP6279</name>
  </trkpt>
  <trkpt lat="46.55665" lon="12.21438">
    <name>TP6280</name>
  </trkpt>
  <trkpt lat="46.55651" lon="12.21434">
    <name>TP6281</name>
  </trkpt>
  <trkpt lat="46.55641" lon="12.21429">
    <name>TP6282</name>
  </trkpt>
  <trkpt lat="46.5564" lon="12.21429">
    <name>TP6283</name>
  </trkpt>
  <trkpt lat="46.55636" lon="12.21425">
    <name>TP6284</name>
  </trkpt>
  <trkpt lat="46.55634" lon="12.21422">
    <name>TP6285</name>
  </trkpt>
  <trkpt lat="46.55631" lon="12.21418">
    <name>TP6286</name>
  </trkpt>
  <trkpt lat="46.55629" lon="12.21413">
    <name>TP6287</name>
  </trkpt>
  <trkpt lat="46.55628" lon="12.21411">
    <name>TP6288</name>
  </trkpt>
  <trkpt lat="46.55627" lon="12.21407">
    <name>TP6289</name>
  </trkpt>
  <trkpt lat="46.55625" lon="12.21399">
    <name>TP6290</name>
  </trkpt>
  <trkpt lat="46.55624" lon="12.21386">
    <name>TP6291</name>
  </trkpt>
  <trkpt lat="46.55624" lon="12.2138">
    <name>TP6292</name>
  </trkpt>
  <trkpt lat="46.55625" lon="12.21356">
    <name>TP6293</name>
  </trkpt>
  <trkpt lat="46.55626" lon="12.21321">
    <name>TP6294</name>
  </trkpt>
  <trkpt lat="46.55627" lon="12.213">
    <name>TP6295</name>
  </trkpt>
  <trkpt lat="46.55627" lon="12.21295">
    <name>TP6296</name>
  </trkpt>
  <trkpt lat="46.55627" lon="12.21269">
    <name>TP6297</name>
  </trkpt>
  <trkpt lat="46.55628" lon="12.21226">
    <name>TP6298</name>
  </trkpt>
  <trkpt lat="46.55629" lon="12.21183">
    <name>TP6299</name>
  </trkpt>
  <trkpt lat="46.55634" lon="12.21144">
    <name>TP6300</name>
  </trkpt>
  <trkpt lat="46.55637" lon="12.21125">
    <name>TP6301</name>
  </trkpt>
  <trkpt lat="46.55643" lon="12.21093">
    <name>TP6302</name>
  </trkpt>
  <trkpt lat="46.55653" lon="12.21052">
    <name>TP6303</name>
  </trkpt>
  <trkpt lat="46.55655" lon="12.21041">
    <name>TP6304</name>
  </trkpt>
  <trkpt lat="46.55656" lon="12.21026">
    <name>TP6305</name>
  </trkpt>
  <trkpt lat="46.55656" lon="12.2101">
    <name>TP6306</name>
  </trkpt>
  <trkpt lat="46.55653" lon="12.2099">
    <name>TP6307</name>
  </trkpt>
  <trkpt lat="46.55653" lon="12.20987">
    <name>TP6308</name>
  </trkpt>
  <trkpt lat="46.55649" lon="12.20961">
    <name>TP6309</name>
  </trkpt>
  <trkpt lat="46.55649" lon="12.2096">
    <name>TP6310</name>
  </trkpt>
  <trkpt lat="46.55647" lon="12.20935">
    <name>TP6311</name>
  </trkpt>
  <trkpt lat="46.55647" lon="12.20934">
    <name>TP6312</name>
  </trkpt>
  <trkpt lat="46.55647" lon="12.20927">
    <name>TP6313</name>
  </trkpt>
  <trkpt lat="46.55648" lon="12.20914">
    <name>TP6314</name>
  </trkpt>
  <trkpt lat="46.5565" lon="12.20891">
    <name>TP6315</name>
  </trkpt>
  <trkpt lat="46.55651" lon="12.20858">
    <name>TP6316</name>
  </trkpt>
  <trkpt lat="46.55649" lon="12.2081">
    <name>TP6317</name>
  </trkpt>
  <trkpt lat="46.55647" lon="12.20774">
    <name>TP6318</name>
  </trkpt>
  <trkpt lat="46.55634" lon="12.20722">
    <name>TP6319</name>
  </trkpt>
  <trkpt lat="46.5563" lon="12.20705">
    <name>TP6320</name>
  </trkpt>
  <trkpt lat="46.55616" lon="12.20653">
    <name>TP6321</name>
  </trkpt>
  <trkpt lat="46.5561" lon="12.20632">
    <name>TP6322</name>
  </trkpt>
  <trkpt lat="46.55606" lon="12.20616">
    <name>TP6323</name>
  </trkpt>
  <trkpt lat="46.55602" lon="12.2059">
    <name>TP6324</name>
  </trkpt>
  <trkpt lat="46.55602" lon="12.20558">
    <name>TP6325</name>
  </trkpt>
  <trkpt lat="46.55606" lon="12.20527">
    <name>TP6326</name>
  </trkpt>
  <trkpt lat="46.55616" lon="12.20453">
    <name>TP6327</name>
  </trkpt>
  <trkpt lat="46.55639" lon="12.20371">
    <name>TP6328</name>
  </trkpt>
  <trkpt lat="46.55662" lon="12.20289">
    <name>TP6329</name>
  </trkpt>
  <trkpt lat="46.55662" lon="12.20288">
    <name>TP6330</name>
  </trkpt>
  <trkpt lat="46.55669" lon="12.20264">
    <name>TP6331</name>
  </trkpt>
  <trkpt lat="46.55676" lon="12.2024">
    <name>TP6332</name>
  </trkpt>
  <trkpt lat="46.55678" lon="12.20234">
    <name>TP6333</name>
  </trkpt>
  <trkpt lat="46.55684" lon="12.20217">
    <name>TP6334</name>
  </trkpt>
  <trkpt lat="46.55688" lon="12.20207">
    <name>TP6335</name>
  </trkpt>
  <trkpt lat="46.55693" lon="12.20194">
    <name>TP6336</name>
  </trkpt>
  <trkpt lat="46.55698" lon="12.20182">
    <name>TP6337</name>
  </trkpt>
  <trkpt lat="46.55705" lon="12.20169">
    <name>TP6338</name>
  </trkpt>
  <trkpt lat="46.55714" lon="12.20155">
    <name>TP6339</name>
  </trkpt>
  <trkpt lat="46.55719" lon="12.20144">
    <name>TP6340</name>
  </trkpt>
  <trkpt lat="46.55723" lon="12.20136">
    <name>TP6341</name>
  </trkpt>
  <trkpt lat="46.55726" lon="12.20129">
    <name>TP6342</name>
  </trkpt>
  <trkpt lat="46.55728" lon="12.20123">
    <name>TP6343</name>
  </trkpt>
  <trkpt lat="46.55728" lon="12.20115">
    <name>TP6344</name>
  </trkpt>
  <trkpt lat="46.55728" lon="12.20109">
    <name>TP6345</name>
  </trkpt>
  <trkpt lat="46.55728" lon="12.20104">
    <name>TP6346</name>
  </trkpt>
  <trkpt lat="46.55726" lon="12.20093">
    <name>TP6347</name>
  </trkpt>
  <trkpt lat="46.55725" lon="12.20092">
    <name>TP6348</name>
  </trkpt>
  <trkpt lat="46.55723" lon="12.20081">
    <name>TP6349</name>
  </trkpt>
  <trkpt lat="46.55715" lon="12.20054">
    <name>TP6350</name>
  </trkpt>
  <trkpt lat="46.55713" lon="12.20044">
    <name>TP6351</name>
  </trkpt>
  <trkpt lat="46.55712" lon="12.20036">
    <name>TP6352</name>
  </trkpt>
  <trkpt lat="46.55713" lon="12.20019">
    <name>TP6353</name>
  </trkpt>
  <trkpt lat="46.55713" lon="12.20017">
    <name>TP6354</name>
  </trkpt>
  <trkpt lat="46.55717" lon="12.19998">
    <name>TP6355</name>
  </trkpt>
  <trkpt lat="46.55719" lon="12.19994">
    <name>TP6356</name>
  </trkpt>
  <trkpt lat="46.55723" lon="12.19978">
    <name>TP6357</name>
  </trkpt>
  <trkpt lat="46.55731" lon="12.19952">
    <name>TP6358</name>
  </trkpt>
  <trkpt lat="46.55733" lon="12.19946">
    <name>TP6359</name>
  </trkpt>
  <trkpt lat="46.55736" lon="12.19935">
    <name>TP6360</name>
  </trkpt>
  <trkpt lat="46.55737" lon="12.19921">
    <name>TP6361</name>
  </trkpt>
  <trkpt lat="46.55739" lon="12.19909">
    <name>TP6362</name>
  </trkpt>
  <trkpt lat="46.55739" lon="12.19895">
    <name>TP6363</name>
  </trkpt>
  <trkpt lat="46.55739" lon="12.1989">
    <name>TP6364</name>
  </trkpt>
  <trkpt lat="46.55736" lon="12.19872">
    <name>TP6365</name>
  </trkpt>
  <trkpt lat="46.55736" lon="12.19869">
    <name>TP6366</name>
  </trkpt>
  <trkpt lat="46.55733" lon="12.19843">
    <name>TP6367</name>
  </trkpt>
  <trkpt lat="46.55733" lon="12.19842">
    <name>TP6368</name>
  </trkpt>
  <trkpt lat="46.55733" lon="12.19829">
    <name>TP6369</name>
  </trkpt>
  <trkpt lat="46.55735" lon="12.19814">
    <name>TP6370</name>
  </trkpt>
  <trkpt lat="46.55736" lon="12.198">
    <name>TP6371</name>
  </trkpt>
  <trkpt lat="46.55739" lon="12.19788">
    <name>TP6372</name>
  </trkpt>
  <trkpt lat="46.55742" lon="12.19766">
    <name>TP6373</name>
  </trkpt>
  <trkpt lat="46.55744" lon="12.19758">
    <name>TP6374</name>
  </trkpt>
  <trkpt lat="46.55743" lon="12.1975">
    <name>TP6375</name>
  </trkpt>
  <trkpt lat="46.55742" lon="12.19741">
    <name>TP6376</name>
  </trkpt>
  <trkpt lat="46.5574" lon="12.19734">
    <name>TP6377</name>
  </trkpt>
  <trkpt lat="46.55736" lon="12.19728">
    <name>TP6378</name>
  </trkpt>
  <trkpt lat="46.55728" lon="12.19721">
    <name>TP6379</name>
  </trkpt>
  <trkpt lat="46.55706" lon="12.19704">
    <name>TP6380</name>
  </trkpt>
  <trkpt lat="46.55695" lon="12.19692">
    <name>TP6381</name>
  </trkpt>
  <trkpt lat="46.55688" lon="12.1968">
    <name>TP6382</name>
  </trkpt>
  <trkpt lat="46.55675" lon="12.19656">
    <name>TP6383</name>
  </trkpt>
  <trkpt lat="46.55669" lon="12.19646">
    <name>TP6384</name>
  </trkpt>
  <trkpt lat="46.55662" lon="12.19637">
    <name>TP6385</name>
  </trkpt>
  <trkpt lat="46.55657" lon="12.19635">
    <name>TP6386</name>
  </trkpt>
  <trkpt lat="46.55653" lon="12.19634">
    <name>TP6387</name>
  </trkpt>
  <trkpt lat="46.5565" lon="12.19635">
    <name>TP6388</name>
  </trkpt>
  <trkpt lat="46.55647" lon="12.19636">
    <name>TP6389</name>
  </trkpt>
  <trkpt lat="46.55646" lon="12.19637">
    <name>TP6390</name>
  </trkpt>
  <trkpt lat="46.55643" lon="12.19639">
    <name>TP6391</name>
  </trkpt>
  <trkpt lat="46.5564" lon="12.19644">
    <name>TP6392</name>
  </trkpt>
  <trkpt lat="46.55637" lon="12.1965">
    <name>TP6393</name>
  </trkpt>
  <trkpt lat="46.55636" lon="12.19655">
    <name>TP6394</name>
  </trkpt>
  <trkpt lat="46.55636" lon="12.19657">
    <name>TP6395</name>
  </trkpt>
  <trkpt lat="46.55636" lon="12.19676">
    <name>TP6396</name>
  </trkpt>
  <trkpt lat="46.55636" lon="12.19684">
    <name>TP6397</name>
  </trkpt>
  <trkpt lat="46.55635" lon="12.19743">
    <name>TP6398</name>
  </trkpt>
  <trkpt lat="46.55633" lon="12.19789">
    <name>TP6399</name>
  </trkpt>
  <trkpt lat="46.55632" lon="12.19798">
    <name>TP6400</name>
  </trkpt>
  <trkpt lat="46.5563" lon="12.19806">
    <name>TP6401</name>
  </trkpt>
  <trkpt lat="46.55628" lon="12.1981">
    <name>TP6402</name>
  </trkpt>
  <trkpt lat="46.55626" lon="12.19815">
    <name>TP6403</name>
  </trkpt>
  <trkpt lat="46.55624" lon="12.19818">
    <name>TP6404</name>
  </trkpt>
  <trkpt lat="46.55621" lon="12.1982">
    <name>TP6405</name>
  </trkpt>
  <trkpt lat="46.55618" lon="12.19821">
    <name>TP6406</name>
  </trkpt>
  <trkpt lat="46.55615" lon="12.19821">
    <name>TP6407</name>
  </trkpt>
  <trkpt lat="46.55613" lon="12.19821">
    <name>TP6408</name>
  </trkpt>
  <trkpt lat="46.55609" lon="12.1982">
    <name>TP6409</name>
  </trkpt>
  <trkpt lat="46.55606" lon="12.19819">
    <name>TP6410</name>
  </trkpt>
  <trkpt lat="46.55603" lon="12.19817">
    <name>TP6411</name>
  </trkpt>
  <trkpt lat="46.55602" lon="12.19816">
    <name>TP6412</name>
  </trkpt>
  <trkpt lat="46.55598" lon="12.19813">
    <name>TP6413</name>
  </trkpt>
  <trkpt lat="46.55593" lon="12.19807">
    <name>TP6414</name>
  </trkpt>
  <trkpt lat="46.55586" lon="12.19792">
    <name>TP6415</name>
  </trkpt>
  <trkpt lat="46.5556" lon="12.19729">
    <name>TP6416</name>
  </trkpt>
  <trkpt lat="46.55538" lon="12.19683">
    <name>TP6417</name>
  </trkpt>
  <trkpt lat="46.55528" lon="12.19662">
    <name>TP6418</name>
  </trkpt>
  <trkpt lat="46.55522" lon="12.19649">
    <name>TP6419</name>
  </trkpt>
  <trkpt lat="46.55515" lon="12.19634">
    <name>TP6420</name>
  </trkpt>
  <trkpt lat="46.55496" lon="12.19591">
    <name>TP6421</name>
  </trkpt>
  <trkpt lat="46.5549" lon="12.19577">
    <name>TP6422</name>
  </trkpt>
  <trkpt lat="46.55466" lon="12.19525">
    <name>TP6423</name>
  </trkpt>
  <trkpt lat="46.55456" lon="12.19505">
    <name>TP6424</name>
  </trkpt>
  <trkpt lat="46.55455" lon="12.19503">
    <name>TP6425</name>
  </trkpt>
  <trkpt lat="46.55454" lon="12.19499">
    <name>TP6426</name>
  </trkpt>
  <trkpt lat="46.55447" lon="12.19483">
    <name>TP6427</name>
  </trkpt>
  <trkpt lat="46.55446" lon="12.19481">
    <name>TP6428</name>
  </trkpt>
  <trkpt lat="46.5544" lon="12.19468">
    <name>TP6429</name>
  </trkpt>
  <trkpt lat="46.55429" lon="12.19435">
    <name>TP6430</name>
  </trkpt>
  <trkpt lat="46.55398" lon="12.1934">
    <name>TP6431</name>
  </trkpt>
  <trkpt lat="46.55377" lon="12.19275">
    <name>TP6432</name>
  </trkpt>
  <trkpt lat="46.55358" lon="12.19217">
    <name>TP6433</name>
  </trkpt>
  <trkpt lat="46.55352" lon="12.19199">
    <name>TP6434</name>
  </trkpt>
  <trkpt lat="46.55345" lon="12.19178">
    <name>TP6435</name>
  </trkpt>
  <trkpt lat="46.55331" lon="12.19128">
    <name>TP6436</name>
  </trkpt>
  <trkpt lat="46.55318" lon="12.19085">
    <name>TP6437</name>
  </trkpt>
  <trkpt lat="46.55317" lon="12.1908">
    <name>TP6438</name>
  </trkpt>
  <trkpt lat="46.5531" lon="12.19056">
    <name>TP6439</name>
  </trkpt>
  <trkpt lat="46.55308" lon="12.19049">
    <name>TP6440</name>
  </trkpt>
  <trkpt lat="46.55304" lon="12.19032">
    <name>TP6441</name>
  </trkpt>
  <trkpt lat="46.55304" lon="12.19031">
    <name>TP6442</name>
  </trkpt>
  <trkpt lat="46.55303" lon="12.1903">
    <name>TP6443</name>
  </trkpt>
  <trkpt lat="46.55297" lon="12.19005">
    <name>TP6444</name>
  </trkpt>
  <trkpt lat="46.55296" lon="12.18997">
    <name>TP6445</name>
  </trkpt>
  <trkpt lat="46.55292" lon="12.18982">
    <name>TP6446</name>
  </trkpt>
  <trkpt lat="46.55292" lon="12.1898">
    <name>TP6447</name>
  </trkpt>
  <trkpt lat="46.5529" lon="12.18972">
    <name>TP6448</name>
  </trkpt>
  <trkpt lat="46.55286" lon="12.18963">
    <name>TP6449</name>
  </trkpt>
  <trkpt lat="46.55284" lon="12.18959">
    <name>TP6450</name>
  </trkpt>
  <trkpt lat="46.55283" lon="12.18957">
    <name>TP6451</name>
  </trkpt>
  <trkpt lat="46.55282" lon="12.18955">
    <name>TP6452</name>
  </trkpt>
  <trkpt lat="46.55277" lon="12.18948">
    <name>TP6453</name>
  </trkpt>
  <trkpt lat="46.5527" lon="12.18944">
    <name>TP6454</name>
  </trkpt>
  <trkpt lat="46.55268" lon="12.18944">
    <name>TP6455</name>
  </trkpt>
  <trkpt lat="46.55264" lon="12.18942">
    <name>TP6456</name>
  </trkpt>
  <trkpt lat="46.55257" lon="12.18942">
    <name>TP6457</name>
  </trkpt>
  <trkpt lat="46.55253" lon="12.18943">
    <name>TP6458</name>
  </trkpt>
  <trkpt lat="46.55248" lon="12.18946">
    <name>TP6459</name>
  </trkpt>
  <trkpt lat="46.55242" lon="12.18952">
    <name>TP6460</name>
  </trkpt>
  <trkpt lat="46.55235" lon="12.18967">
    <name>TP6461</name>
  </trkpt>
  <trkpt lat="46.55228" lon="12.18984">
    <name>TP6462</name>
  </trkpt>
  <trkpt lat="46.55226" lon="12.18991">
    <name>TP6463</name>
  </trkpt>
  <trkpt lat="46.55223" lon="12.18999">
    <name>TP6464</name>
  </trkpt>
  <trkpt lat="46.5522" lon="12.19007">
    <name>TP6465</name>
  </trkpt>
  <trkpt lat="46.55212" lon="12.1903">
    <name>TP6466</name>
  </trkpt>
  <trkpt lat="46.55206" lon="12.19045">
    <name>TP6467</name>
  </trkpt>
  <trkpt lat="46.55192" lon="12.1908">
    <name>TP6468</name>
  </trkpt>
  <trkpt lat="46.55189" lon="12.19084">
    <name>TP6469</name>
  </trkpt>
  <trkpt lat="46.55187" lon="12.19087">
    <name>TP6470</name>
  </trkpt>
  <trkpt lat="46.55184" lon="12.19089">
    <name>TP6471</name>
  </trkpt>
  <trkpt lat="46.55181" lon="12.19091">
    <name>TP6472</name>
  </trkpt>
  <trkpt lat="46.55177" lon="12.19091">
    <name>TP6473</name>
  </trkpt>
  <trkpt lat="46.55174" lon="12.1909">
    <name>TP6474</name>
  </trkpt>
  <trkpt lat="46.55172" lon="12.19088">
    <name>TP6475</name>
  </trkpt>
  <trkpt lat="46.55167" lon="12.1908">
    <name>TP6476</name>
  </trkpt>
  <trkpt lat="46.55162" lon="12.19063">
    <name>TP6477</name>
  </trkpt>
  <trkpt lat="46.5516" lon="12.19057">
    <name>TP6478</name>
  </trkpt>
  <trkpt lat="46.55158" lon="12.19051">
    <name>TP6479</name>
  </trkpt>
  <trkpt lat="46.55155" lon="12.19035">
    <name>TP6480</name>
  </trkpt>
  <trkpt lat="46.55148" lon="12.19009">
    <name>TP6481</name>
  </trkpt>
  <trkpt lat="46.55146" lon="12.18995">
    <name>TP6482</name>
  </trkpt>
  <trkpt lat="46.55144" lon="12.18985">
    <name>TP6483</name>
  </trkpt>
  <trkpt lat="46.55143" lon="12.18979">
    <name>TP6484</name>
  </trkpt>
  <trkpt lat="46.55142" lon="12.18959">
    <name>TP6485</name>
  </trkpt>
  <trkpt lat="46.55142" lon="12.18954">
    <name>TP6486</name>
  </trkpt>
  <trkpt lat="46.55142" lon="12.18936">
    <name>TP6487</name>
  </trkpt>
  <trkpt lat="46.55144" lon="12.18916">
    <name>TP6488</name>
  </trkpt>
  <trkpt lat="46.55145" lon="12.18908">
    <name>TP6489</name>
  </trkpt>
  <trkpt lat="46.55148" lon="12.18895">
    <name>TP6490</name>
  </trkpt>
  <trkpt lat="46.55151" lon="12.18883">
    <name>TP6491</name>
  </trkpt>
  <trkpt lat="46.55153" lon="12.18878">
    <name>TP6492</name>
  </trkpt>
  <trkpt lat="46.55156" lon="12.18863">
    <name>TP6493</name>
  </trkpt>
  <trkpt lat="46.55157" lon="12.18858">
    <name>TP6494</name>
  </trkpt>
  <trkpt lat="46.55158" lon="12.18843">
    <name>TP6495</name>
  </trkpt>
  <trkpt lat="46.55158" lon="12.18832">
    <name>TP6496</name>
  </trkpt>
  <trkpt lat="46.55158" lon="12.18827">
    <name>TP6497</name>
  </trkpt>
  <trkpt lat="46.55158" lon="12.18818">
    <name>TP6498</name>
  </trkpt>
  <trkpt lat="46.55159" lon="12.18801">
    <name>TP6499</name>
  </trkpt>
  <trkpt lat="46.5516" lon="12.18782">
    <name>TP6500</name>
  </trkpt>
  <trkpt lat="46.55161" lon="12.18749">
    <name>TP6501</name>
  </trkpt>
  <trkpt lat="46.55161" lon="12.1874">
    <name>TP6502</name>
  </trkpt>
  <trkpt lat="46.55161" lon="12.18736">
    <name>TP6503</name>
  </trkpt>
  <trkpt lat="46.5516" lon="12.18718">
    <name>TP6504</name>
  </trkpt>
  <trkpt lat="46.5516" lon="12.18714">
    <name>TP6505</name>
  </trkpt>
  <trkpt lat="46.55159" lon="12.18703">
    <name>TP6506</name>
  </trkpt>
  <trkpt lat="46.55157" lon="12.18697">
    <name>TP6507</name>
  </trkpt>
  <trkpt lat="46.55155" lon="12.18689">
    <name>TP6508</name>
  </trkpt>
  <trkpt lat="46.55154" lon="12.18686">
    <name>TP6509</name>
  </trkpt>
  <trkpt lat="46.55153" lon="12.18685">
    <name>TP6510</name>
  </trkpt>
  <trkpt lat="46.55149" lon="12.18674">
    <name>TP6511</name>
  </trkpt>
  <trkpt lat="46.55148" lon="12.18671">
    <name>TP6512</name>
  </trkpt>
  <trkpt lat="46.55145" lon="12.18667">
    <name>TP6513</name>
  </trkpt>
  <trkpt lat="46.55143" lon="12.18664">
    <name>TP6514</name>
  </trkpt>
  <trkpt lat="46.55141" lon="12.1866">
    <name>TP6515</name>
  </trkpt>
  <trkpt lat="46.55136" lon="12.18656">
    <name>TP6516</name>
  </trkpt>
  <trkpt lat="46.55133" lon="12.18652">
    <name>TP6517</name>
  </trkpt>
  <trkpt lat="46.55117" lon="12.18635">
    <name>TP6518</name>
  </trkpt>
  <trkpt lat="46.55114" lon="12.18633">
    <name>TP6519</name>
  </trkpt>
  <trkpt lat="46.55107" lon="12.18625">
    <name>TP6520</name>
  </trkpt>
  <trkpt lat="46.55102" lon="12.1862">
    <name>TP6521</name>
  </trkpt>
  <trkpt lat="46.551" lon="12.18617">
    <name>TP6522</name>
  </trkpt>
  <trkpt lat="46.55094" lon="12.18611">
    <name>TP6523</name>
  </trkpt>
  <trkpt lat="46.5508" lon="12.18591">
    <name>TP6524</name>
  </trkpt>
  <trkpt lat="46.55074" lon="12.18578">
    <name>TP6525</name>
  </trkpt>
  <trkpt lat="46.55068" lon="12.18564">
    <name>TP6526</name>
  </trkpt>
  <trkpt lat="46.55067" lon="12.18561">
    <name>TP6527</name>
  </trkpt>
  <trkpt lat="46.55062" lon="12.18545">
    <name>TP6528</name>
  </trkpt>
  <trkpt lat="46.55062" lon="12.18544">
    <name>TP6529</name>
  </trkpt>
  <trkpt lat="46.5506" lon="12.18537">
    <name>TP6530</name>
  </trkpt>
  <trkpt lat="46.55059" lon="12.18533">
    <name>TP6531</name>
  </trkpt>
  <trkpt lat="46.55049" lon="12.18494">
    <name>TP6532</name>
  </trkpt>
  <trkpt lat="46.55036" lon="12.18439">
    <name>TP6533</name>
  </trkpt>
  <trkpt lat="46.55019" lon="12.18376">
    <name>TP6534</name>
  </trkpt>
  <trkpt lat="46.55012" lon="12.18349">
    <name>TP6535</name>
  </trkpt>
  <trkpt lat="46.5501" lon="12.18341">
    <name>TP6536</name>
  </trkpt>
  <trkpt lat="46.55009" lon="12.18337">
    <name>TP6537</name>
  </trkpt>
  <trkpt lat="46.55004" lon="12.18317">
    <name>TP6538</name>
  </trkpt>
  <trkpt lat="46.55004" lon="12.18316">
    <name>TP6539</name>
  </trkpt>
  <trkpt lat="46.55" lon="12.183">
    <name>TP6540</name>
  </trkpt>
  <trkpt lat="46.54996" lon="12.18288">
    <name>TP6541</name>
  </trkpt>
  <trkpt lat="46.54994" lon="12.1828">
    <name>TP6542</name>
  </trkpt>
  <trkpt lat="46.54993" lon="12.18276">
    <name>TP6543</name>
  </trkpt>
  <trkpt lat="46.54991" lon="12.18263">
    <name>TP6544</name>
  </trkpt>
  <trkpt lat="46.5499" lon="12.18257">
    <name>TP6545</name>
  </trkpt>
  <trkpt lat="46.54989" lon="12.1825">
    <name>TP6546</name>
  </trkpt>
  <trkpt lat="46.54989" lon="12.18242">
    <name>TP6547</name>
  </trkpt>
  <trkpt lat="46.54988" lon="12.18233">
    <name>TP6548</name>
  </trkpt>
  <trkpt lat="46.54988" lon="12.18215">
    <name>TP6549</name>
  </trkpt>
  <trkpt lat="46.54988" lon="12.18205">
    <name>TP6550</name>
  </trkpt>
  <trkpt lat="46.54989" lon="12.18173">
    <name>TP6551</name>
  </trkpt>
  <trkpt lat="46.54989" lon="12.18163">
    <name>TP6552</name>
  </trkpt>
  <trkpt lat="46.54989" lon="12.18159">
    <name>TP6553</name>
  </trkpt>
  <trkpt lat="46.54989" lon="12.18146">
    <name>TP6554</name>
  </trkpt>
  <trkpt lat="46.54988" lon="12.18137">
    <name>TP6555</name>
  </trkpt>
  <trkpt lat="46.54988" lon="12.18134">
    <name>TP6556</name>
  </trkpt>
  <trkpt lat="46.54985" lon="12.18111">
    <name>TP6557</name>
  </trkpt>
  <trkpt lat="46.54982" lon="12.18086">
    <name>TP6558</name>
  </trkpt>
  <trkpt lat="46.54981" lon="12.18082">
    <name>TP6559</name>
  </trkpt>
  <trkpt lat="46.5498" lon="12.18069">
    <name>TP6560</name>
  </trkpt>
  <trkpt lat="46.54979" lon="12.1806">
    <name>TP6561</name>
  </trkpt>
  <trkpt lat="46.54974" lon="12.18017">
    <name>TP6562</name>
  </trkpt>
  <trkpt lat="46.54973" lon="12.18015">
    <name>TP6563</name>
  </trkpt>
  <trkpt lat="46.54971" lon="12.17991">
    <name>TP6564</name>
  </trkpt>
  <trkpt lat="46.54965" lon="12.17936">
    <name>TP6565</name>
  </trkpt>
  <trkpt lat="46.54963" lon="12.17864">
    <name>TP6566</name>
  </trkpt>
  <trkpt lat="46.54963" lon="12.17861">
    <name>TP6567</name>
  </trkpt>
  <trkpt lat="46.5496" lon="12.17835">
    <name>TP6568</name>
  </trkpt>
  <trkpt lat="46.5496" lon="12.17829">
    <name>TP6569</name>
  </trkpt>
  <trkpt lat="46.54959" lon="12.17826">
    <name>TP6570</name>
  </trkpt>
  <trkpt lat="46.54959" lon="12.17823">
    <name>TP6571</name>
  </trkpt>
  <trkpt lat="46.54956" lon="12.1781">
    <name>TP6572</name>
  </trkpt>
  <trkpt lat="46.54952" lon="12.17797">
    <name>TP6573</name>
  </trkpt>
  <trkpt lat="46.54934" lon="12.17764">
    <name>TP6574</name>
  </trkpt>
  <trkpt lat="46.54924" lon="12.17746">
    <name>TP6575</name>
  </trkpt>
  <trkpt lat="46.54919" lon="12.17735">
    <name>TP6576</name>
  </trkpt>
  <trkpt lat="46.54912" lon="12.1772">
    <name>TP6577</name>
  </trkpt>
  <trkpt lat="46.54909" lon="12.17713">
    <name>TP6578</name>
  </trkpt>
  <trkpt lat="46.54905" lon="12.17701">
    <name>TP6579</name>
  </trkpt>
  <trkpt lat="46.54899" lon="12.17678">
    <name>TP6580</name>
  </trkpt>
  <trkpt lat="46.54894" lon="12.17658">
    <name>TP6581</name>
  </trkpt>
  <trkpt lat="46.54887" lon="12.17637">
    <name>TP6582</name>
  </trkpt>
  <trkpt lat="46.54884" lon="12.17619">
    <name>TP6583</name>
  </trkpt>
  <trkpt lat="46.5488" lon="12.17598">
    <name>TP6584</name>
  </trkpt>
  <trkpt lat="46.54877" lon="12.17577">
    <name>TP6585</name>
  </trkpt>
  <trkpt lat="46.54877" lon="12.17557">
    <name>TP6586</name>
  </trkpt>
  <trkpt lat="46.54877" lon="12.17552">
    <name>TP6587</name>
  </trkpt>
  <trkpt lat="46.54879" lon="12.17517">
    <name>TP6588</name>
  </trkpt>
  <trkpt lat="46.54883" lon="12.17459">
    <name>TP6589</name>
  </trkpt>
  <trkpt lat="46.54883" lon="12.17453">
    <name>TP6590</name>
  </trkpt>
  <trkpt lat="46.54883" lon="12.1743">
    <name>TP6591</name>
  </trkpt>
  <trkpt lat="46.54879" lon="12.17398">
    <name>TP6592</name>
  </trkpt>
  <trkpt lat="46.54876" lon="12.17382">
    <name>TP6593</name>
  </trkpt>
  <trkpt lat="46.54872" lon="12.17359">
    <name>TP6594</name>
  </trkpt>
  <trkpt lat="46.54857" lon="12.17274">
    <name>TP6595</name>
  </trkpt>
  <trkpt lat="46.54853" lon="12.17249">
    <name>TP6596</name>
  </trkpt>
  <trkpt lat="46.54847" lon="12.17203">
    <name>TP6597</name>
  </trkpt>
  <trkpt lat="46.54838" lon="12.17156">
    <name>TP6598</name>
  </trkpt>
  <trkpt lat="46.54831" lon="12.17131">
    <name>TP6599</name>
  </trkpt>
  <trkpt lat="46.5483" lon="12.1713">
    <name>TP6600</name>
  </trkpt>
  <trkpt lat="46.54825" lon="12.17115">
    <name>TP6601</name>
  </trkpt>
  <trkpt lat="46.54822" lon="12.1711">
    <name>TP6602</name>
  </trkpt>
  <trkpt lat="46.54819" lon="12.17105">
    <name>TP6603</name>
  </trkpt>
  <trkpt lat="46.54814" lon="12.17102">
    <name>TP6604</name>
  </trkpt>
  <trkpt lat="46.54806" lon="12.17098">
    <name>TP6605</name>
  </trkpt>
  <trkpt lat="46.54798" lon="12.17096">
    <name>TP6606</name>
  </trkpt>
  <trkpt lat="46.54789" lon="12.17095">
    <name>TP6607</name>
  </trkpt>
  <trkpt lat="46.54783" lon="12.17096">
    <name>TP6608</name>
  </trkpt>
  <trkpt lat="46.54777" lon="12.17099">
    <name>TP6609</name>
  </trkpt>
  <trkpt lat="46.54773" lon="12.17102">
    <name>TP6610</name>
  </trkpt>
  <trkpt lat="46.54769" lon="12.17106">
    <name>TP6611</name>
  </trkpt>
  <trkpt lat="46.54764" lon="12.17111">
    <name>TP6612</name>
  </trkpt>
  <trkpt lat="46.54758" lon="12.17121">
    <name>TP6613</name>
  </trkpt>
  <trkpt lat="46.54734" lon="12.17158">
    <name>TP6614</name>
  </trkpt>
  <trkpt lat="46.54725" lon="12.17168">
    <name>TP6615</name>
  </trkpt>
  <trkpt lat="46.54718" lon="12.17171">
    <name>TP6616</name>
  </trkpt>
  <trkpt lat="46.54716" lon="12.17172">
    <name>TP6617</name>
  </trkpt>
  <trkpt lat="46.54711" lon="12.17172">
    <name>TP6618</name>
  </trkpt>
  <trkpt lat="46.54704" lon="12.17171">
    <name>TP6619</name>
  </trkpt>
  <trkpt lat="46.54696" lon="12.17166">
    <name>TP6620</name>
  </trkpt>
  <trkpt lat="46.54692" lon="12.17161">
    <name>TP6621</name>
  </trkpt>
  <trkpt lat="46.54688" lon="12.17155">
    <name>TP6622</name>
  </trkpt>
  <trkpt lat="46.54686" lon="12.17153">
    <name>TP6623</name>
  </trkpt>
  <trkpt lat="46.54684" lon="12.17148">
    <name>TP6624</name>
  </trkpt>
  <trkpt lat="46.5468" lon="12.17134">
    <name>TP6625</name>
  </trkpt>
  <trkpt lat="46.54678" lon="12.17124">
    <name>TP6626</name>
  </trkpt>
  <trkpt lat="46.54679" lon="12.17113">
    <name>TP6627</name>
  </trkpt>
  <trkpt lat="46.5468" lon="12.17104">
    <name>TP6628</name>
  </trkpt>
  <trkpt lat="46.5468" lon="12.17103">
    <name>TP6629</name>
  </trkpt>
  <trkpt lat="46.54682" lon="12.17097">
    <name>TP6630</name>
  </trkpt>
  <trkpt lat="46.54694" lon="12.1707">
    <name>TP6631</name>
  </trkpt>
  <trkpt lat="46.54699" lon="12.17059">
    <name>TP6632</name>
  </trkpt>
  <trkpt lat="46.54712" lon="12.17034">
    <name>TP6633</name>
  </trkpt>
  <trkpt lat="46.54718" lon="12.17021">
    <name>TP6634</name>
  </trkpt>
  <trkpt lat="46.54721" lon="12.17007">
    <name>TP6635</name>
  </trkpt>
  <trkpt lat="46.54721" lon="12.17">
    <name>TP6636</name>
  </trkpt>
  <trkpt lat="46.54721" lon="12.1699">
    <name>TP6637</name>
  </trkpt>
  <trkpt lat="46.54719" lon="12.16978">
    <name>TP6638</name>
  </trkpt>
  <trkpt lat="46.54715" lon="12.16949">
    <name>TP6639</name>
  </trkpt>
  <trkpt lat="46.54715" lon="12.16938">
    <name>TP6640</name>
  </trkpt>
  <trkpt lat="46.54716" lon="12.16912">
    <name>TP6641</name>
  </trkpt>
  <trkpt lat="46.54716" lon="12.16893">
    <name>TP6642</name>
  </trkpt>
  <trkpt lat="46.54717" lon="12.16868">
    <name>TP6643</name>
  </trkpt>
  <trkpt lat="46.54718" lon="12.1686">
    <name>TP6644</name>
  </trkpt>
  <trkpt lat="46.54719" lon="12.16854">
    <name>TP6645</name>
  </trkpt>
  <trkpt lat="46.54722" lon="12.16841">
    <name>TP6646</name>
  </trkpt>
  <trkpt lat="46.54726" lon="12.16829">
    <name>TP6647</name>
  </trkpt>
  <trkpt lat="46.54733" lon="12.16813">
    <name>TP6648</name>
  </trkpt>
  <trkpt lat="46.54742" lon="12.16791">
    <name>TP6649</name>
  </trkpt>
  <trkpt lat="46.54742" lon="12.1679">
    <name>TP6650</name>
  </trkpt>
  <trkpt lat="46.54752" lon="12.16768">
    <name>TP6651</name>
  </trkpt>
  <trkpt lat="46.54761" lon="12.16746">
    <name>TP6652</name>
  </trkpt>
  <trkpt lat="46.54767" lon="12.16721">
    <name>TP6653</name>
  </trkpt>
  <trkpt lat="46.54769" lon="12.16715">
    <name>TP6654</name>
  </trkpt>
  <trkpt lat="46.54771" lon="12.16696">
    <name>TP6655</name>
  </trkpt>
  <trkpt lat="46.54771" lon="12.16692">
    <name>TP6656</name>
  </trkpt>
  <trkpt lat="46.54773" lon="12.16673">
    <name>TP6657</name>
  </trkpt>
  <trkpt lat="46.54773" lon="12.1667">
    <name>TP6658</name>
  </trkpt>
  <trkpt lat="46.54774" lon="12.16657">
    <name>TP6659</name>
  </trkpt>
  <trkpt lat="46.54771" lon="12.16644">
    <name>TP6660</name>
  </trkpt>
  <trkpt lat="46.54771" lon="12.16643">
    <name>TP6661</name>
  </trkpt>
  <trkpt lat="46.54766" lon="12.16631">
    <name>TP6662</name>
  </trkpt>
  <trkpt lat="46.54759" lon="12.16623">
    <name>TP6663</name>
  </trkpt>
  <trkpt lat="46.54751" lon="12.16616">
    <name>TP6664</name>
  </trkpt>
  <trkpt lat="46.54745" lon="12.16613">
    <name>TP6665</name>
  </trkpt>
  <trkpt lat="46.54744" lon="12.16613">
    <name>TP6666</name>
  </trkpt>
  <trkpt lat="46.5474" lon="12.16612">
    <name>TP6667</name>
  </trkpt>
  <trkpt lat="46.54732" lon="12.16613">
    <name>TP6668</name>
  </trkpt>
  <trkpt lat="46.54727" lon="12.16616">
    <name>TP6669</name>
  </trkpt>
  <trkpt lat="46.54725" lon="12.16617">
    <name>TP6670</name>
  </trkpt>
  <trkpt lat="46.54721" lon="12.16621">
    <name>TP6671</name>
  </trkpt>
  <trkpt lat="46.54715" lon="12.16632">
    <name>TP6672</name>
  </trkpt>
  <trkpt lat="46.54714" lon="12.16634">
    <name>TP6673</name>
  </trkpt>
  <trkpt lat="46.54706" lon="12.16658">
    <name>TP6674</name>
  </trkpt>
  <trkpt lat="46.54705" lon="12.1666">
    <name>TP6675</name>
  </trkpt>
  <trkpt lat="46.547" lon="12.16682">
    <name>TP6676</name>
  </trkpt>
  <trkpt lat="46.54695" lon="12.16707">
    <name>TP6677</name>
  </trkpt>
  <trkpt lat="46.54694" lon="12.16709">
    <name>TP6678</name>
  </trkpt>
  <trkpt lat="46.54681" lon="12.16766">
    <name>TP6679</name>
  </trkpt>
  <trkpt lat="46.54681" lon="12.16767">
    <name>TP6680</name>
  </trkpt>
  <trkpt lat="46.54678" lon="12.16773">
    <name>TP6681</name>
  </trkpt>
  <trkpt lat="46.54674" lon="12.16783">
    <name>TP6682</name>
  </trkpt>
  <trkpt lat="46.5467" lon="12.16789">
    <name>TP6683</name>
  </trkpt>
  <trkpt lat="46.54665" lon="12.16795">
    <name>TP6684</name>
  </trkpt>
  <trkpt lat="46.54662" lon="12.16797">
    <name>TP6685</name>
  </trkpt>
  <trkpt lat="46.54659" lon="12.16799">
    <name>TP6686</name>
  </trkpt>
  <trkpt lat="46.54655" lon="12.16799">
    <name>TP6687</name>
  </trkpt>
  <trkpt lat="46.54652" lon="12.16799">
    <name>TP6688</name>
  </trkpt>
  <trkpt lat="46.5465" lon="12.16798">
    <name>TP6689</name>
  </trkpt>
  <trkpt lat="46.54645" lon="12.16797">
    <name>TP6690</name>
  </trkpt>
  <trkpt lat="46.54643" lon="12.16796">
    <name>TP6691</name>
  </trkpt>
  <trkpt lat="46.5463" lon="12.16786">
    <name>TP6692</name>
  </trkpt>
  <trkpt lat="46.54624" lon="12.16776">
    <name>TP6693</name>
  </trkpt>
  <trkpt lat="46.54618" lon="12.16758">
    <name>TP6694</name>
  </trkpt>
  <trkpt lat="46.54615" lon="12.16743">
    <name>TP6695</name>
  </trkpt>
  <trkpt lat="46.54609" lon="12.16712">
    <name>TP6696</name>
  </trkpt>
  <trkpt lat="46.54608" lon="12.16707">
    <name>TP6697</name>
  </trkpt>
  <trkpt lat="46.54607" lon="12.16695">
    <name>TP6698</name>
  </trkpt>
  <trkpt lat="46.54605" lon="12.16687">
    <name>TP6699</name>
  </trkpt>
  <trkpt lat="46.54605" lon="12.16686">
    <name>TP6700</name>
  </trkpt>
  <trkpt lat="46.54604" lon="12.16676">
    <name>TP6701</name>
  </trkpt>
  <trkpt lat="46.54603" lon="12.16669">
    <name>TP6702</name>
  </trkpt>
  <trkpt lat="46.54602" lon="12.16662">
    <name>TP6703</name>
  </trkpt>
  <trkpt lat="46.54602" lon="12.16661">
    <name>TP6704</name>
  </trkpt>
  <trkpt lat="46.54603" lon="12.1665">
    <name>TP6705</name>
  </trkpt>
  <trkpt lat="46.54603" lon="12.1664">
    <name>TP6706</name>
  </trkpt>
  <trkpt lat="46.54603" lon="12.1663">
    <name>TP6707</name>
  </trkpt>
  <trkpt lat="46.54603" lon="12.16608">
    <name>TP6708</name>
  </trkpt>
  <trkpt lat="46.54603" lon="12.16591">
    <name>TP6709</name>
  </trkpt>
  <trkpt lat="46.54604" lon="12.16582">
    <name>TP6710</name>
  </trkpt>
  <trkpt lat="46.54604" lon="12.16571">
    <name>TP6711</name>
  </trkpt>
  <trkpt lat="46.54605" lon="12.16565">
    <name>TP6712</name>
  </trkpt>
  <trkpt lat="46.54606" lon="12.16548">
    <name>TP6713</name>
  </trkpt>
  <trkpt lat="46.54606" lon="12.16545">
    <name>TP6714</name>
  </trkpt>
  <trkpt lat="46.54607" lon="12.1653">
    <name>TP6715</name>
  </trkpt>
  <trkpt lat="46.54608" lon="12.16519">
    <name>TP6716</name>
  </trkpt>
  <trkpt lat="46.54608" lon="12.16513">
    <name>TP6717</name>
  </trkpt>
  <trkpt lat="46.54609" lon="12.16504">
    <name>TP6718</name>
  </trkpt>
  <trkpt lat="46.5461" lon="12.16493">
    <name>TP6719</name>
  </trkpt>
  <trkpt lat="46.5461" lon="12.1649">
    <name>TP6720</name>
  </trkpt>
  <trkpt lat="46.5461" lon="12.16487">
    <name>TP6721</name>
  </trkpt>
  <trkpt lat="46.5461" lon="12.16486">
    <name>TP6722</name>
  </trkpt>
  <trkpt lat="46.54609" lon="12.16482">
    <name>TP6723</name>
  </trkpt>
  <trkpt lat="46.54608" lon="12.16479">
    <name>TP6724</name>
  </trkpt>
  <trkpt lat="46.54606" lon="12.16474">
    <name>TP6725</name>
  </trkpt>
  <trkpt lat="46.54603" lon="12.16471">
    <name>TP6726</name>
  </trkpt>
  <trkpt lat="46.54602" lon="12.1647">
    <name>TP6727</name>
  </trkpt>
  <trkpt lat="46.54601" lon="12.16469">
    <name>TP6728</name>
  </trkpt>
  <trkpt lat="46.54599" lon="12.16469">
    <name>TP6729</name>
  </trkpt>
  <trkpt lat="46.54597" lon="12.16469">
    <name>TP6730</name>
  </trkpt>
  <trkpt lat="46.54595" lon="12.16469">
    <name>TP6731</name>
  </trkpt>
  <trkpt lat="46.54593" lon="12.16469">
    <name>TP6732</name>
  </trkpt>
  <trkpt lat="46.54591" lon="12.16471">
    <name>TP6733</name>
  </trkpt>
  <trkpt lat="46.54588" lon="12.16473">
    <name>TP6734</name>
  </trkpt>
  <trkpt lat="46.54587" lon="12.16475">
    <name>TP6735</name>
  </trkpt>
  <trkpt lat="46.54585" lon="12.16478">
    <name>TP6736</name>
  </trkpt>
  <trkpt lat="46.54584" lon="12.1648">
    <name>TP6737</name>
  </trkpt>
  <trkpt lat="46.54584" lon="12.16482">
    <name>TP6738</name>
  </trkpt>
  <trkpt lat="46.54583" lon="12.16487">
    <name>TP6739</name>
  </trkpt>
  <trkpt lat="46.54583" lon="12.16492">
    <name>TP6740</name>
  </trkpt>
  <trkpt lat="46.54582" lon="12.16532">
    <name>TP6741</name>
  </trkpt>
  <trkpt lat="46.54578" lon="12.16544">
    <name>TP6742</name>
  </trkpt>
  <trkpt lat="46.54576" lon="12.1655">
    <name>TP6743</name>
  </trkpt>
  <trkpt lat="46.54569" lon="12.16566">
    <name>TP6744</name>
  </trkpt>
  <trkpt lat="46.54566" lon="12.16571">
    <name>TP6745</name>
  </trkpt>
  <trkpt lat="46.54554" lon="12.16591">
    <name>TP6746</name>
  </trkpt>
  <trkpt lat="46.54545" lon="12.16605">
    <name>TP6747</name>
  </trkpt>
  <trkpt lat="46.54532" lon="12.1662">
    <name>TP6748</name>
  </trkpt>
  <trkpt lat="46.54527" lon="12.16624">
    <name>TP6749</name>
  </trkpt>
  <trkpt lat="46.54526" lon="12.16624">
    <name>TP6750</name>
  </trkpt>
  <trkpt lat="46.54524" lon="12.16626">
    <name>TP6751</name>
  </trkpt>
  <trkpt lat="46.5452" lon="12.16628">
    <name>TP6752</name>
  </trkpt>
  <trkpt lat="46.54517" lon="12.16628">
    <name>TP6753</name>
  </trkpt>
  <trkpt lat="46.54514" lon="12.16628">
    <name>TP6754</name>
  </trkpt>
  <trkpt lat="46.54511" lon="12.16627">
    <name>TP6755</name>
  </trkpt>
  <trkpt lat="46.54509" lon="12.16626">
    <name>TP6756</name>
  </trkpt>
  <trkpt lat="46.54507" lon="12.16625">
    <name>TP6757</name>
  </trkpt>
  <trkpt lat="46.54502" lon="12.16619">
    <name>TP6758</name>
  </trkpt>
  <trkpt lat="46.54497" lon="12.16607">
    <name>TP6759</name>
  </trkpt>
  <trkpt lat="46.54491" lon="12.16575">
    <name>TP6760</name>
  </trkpt>
  <trkpt lat="46.54489" lon="12.16561">
    <name>TP6761</name>
  </trkpt>
  <trkpt lat="46.54488" lon="12.16556">
    <name>TP6762</name>
  </trkpt>
  <trkpt lat="46.54483" lon="12.16533">
    <name>TP6763</name>
  </trkpt>
  <trkpt lat="46.54482" lon="12.16531">
    <name>TP6764</name>
  </trkpt>
  <trkpt lat="46.54477" lon="12.16514">
    <name>TP6765</name>
  </trkpt>
  <trkpt lat="46.54475" lon="12.16508">
    <name>TP6766</name>
  </trkpt>
  <trkpt lat="46.54466" lon="12.16485">
    <name>TP6767</name>
  </trkpt>
  <trkpt lat="46.54458" lon="12.16466">
    <name>TP6768</name>
  </trkpt>
  <trkpt lat="46.54451" lon="12.16444">
    <name>TP6769</name>
  </trkpt>
  <trkpt lat="46.54446" lon="12.16426">
    <name>TP6770</name>
  </trkpt>
  <trkpt lat="46.54438" lon="12.16387">
    <name>TP6771</name>
  </trkpt>
  <trkpt lat="46.54428" lon="12.1635">
    <name>TP6772</name>
  </trkpt>
  <trkpt lat="46.54426" lon="12.16346">
    <name>TP6773</name>
  </trkpt>
  <trkpt lat="46.54423" lon="12.16341">
    <name>TP6774</name>
  </trkpt>
  <trkpt lat="46.54416" lon="12.16334">
    <name>TP6775</name>
  </trkpt>
  <trkpt lat="46.54408" lon="12.16331">
    <name>TP6776</name>
  </trkpt>
  <trkpt lat="46.54394" lon="12.16329">
    <name>TP6777</name>
  </trkpt>
  <trkpt lat="46.54393" lon="12.16329">
    <name>TP6778</name>
  </trkpt>
  <trkpt lat="46.54358" lon="12.16332">
    <name>TP6779</name>
  </trkpt>
  <trkpt lat="46.54339" lon="12.16333">
    <name>TP6780</name>
  </trkpt>
  <trkpt lat="46.54322" lon="12.1633">
    <name>TP6781</name>
  </trkpt>
  <trkpt lat="46.54309" lon="12.16327">
    <name>TP6782</name>
  </trkpt>
  <trkpt lat="46.54304" lon="12.16325">
    <name>TP6783</name>
  </trkpt>
  <trkpt lat="46.54287" lon="12.1632">
    <name>TP6784</name>
  </trkpt>
  <trkpt lat="46.54252" lon="12.16309">
    <name>TP6785</name>
  </trkpt>
  <trkpt lat="46.54234" lon="12.16304">
    <name>TP6786</name>
  </trkpt>
  <trkpt lat="46.54215" lon="12.16295">
    <name>TP6787</name>
  </trkpt>
  <trkpt lat="46.54206" lon="12.16286">
    <name>TP6788</name>
  </trkpt>
  <trkpt lat="46.54201" lon="12.16275">
    <name>TP6789</name>
  </trkpt>
  <trkpt lat="46.54199" lon="12.16272">
    <name>TP6790</name>
  </trkpt>
  <trkpt lat="46.54198" lon="12.16266">
    <name>TP6791</name>
  </trkpt>
  <trkpt lat="46.54196" lon="12.1626">
    <name>TP6792</name>
  </trkpt>
  <trkpt lat="46.54188" lon="12.16235">
    <name>TP6793</name>
  </trkpt>
  <trkpt lat="46.54182" lon="12.16208">
    <name>TP6794</name>
  </trkpt>
  <trkpt lat="46.54182" lon="12.16206">
    <name>TP6795</name>
  </trkpt>
  <trkpt lat="46.5418" lon="12.16196">
    <name>TP6796</name>
  </trkpt>
  <trkpt lat="46.54179" lon="12.16174">
    <name>TP6797</name>
  </trkpt>
  <trkpt lat="46.54179" lon="12.16156">
    <name>TP6798</name>
  </trkpt>
  <trkpt lat="46.54179" lon="12.16151">
    <name>TP6799</name>
  </trkpt>
  <trkpt lat="46.5418" lon="12.16132">
    <name>TP6800</name>
  </trkpt>
  <trkpt lat="46.5418" lon="12.1613">
    <name>TP6801</name>
  </trkpt>
  <trkpt lat="46.54181" lon="12.1612">
    <name>TP6802</name>
  </trkpt>
  <trkpt lat="46.54183" lon="12.16104">
    <name>TP6803</name>
  </trkpt>
  <trkpt lat="46.54183" lon="12.16103">
    <name>TP6804</name>
  </trkpt>
  <trkpt lat="46.54187" lon="12.16055">
    <name>TP6805</name>
  </trkpt>
  <trkpt lat="46.54187" lon="12.16052">
    <name>TP6806</name>
  </trkpt>
  <trkpt lat="46.54189" lon="12.1603">
    <name>TP6807</name>
  </trkpt>
  <trkpt lat="46.54189" lon="12.16026">
    <name>TP6808</name>
  </trkpt>
  <trkpt lat="46.5419" lon="12.16016">
    <name>TP6809</name>
  </trkpt>
  <trkpt lat="46.54192" lon="12.16001">
    <name>TP6810</name>
  </trkpt>
  <trkpt lat="46.54193" lon="12.15995">
    <name>TP6811</name>
  </trkpt>
  <trkpt lat="46.54195" lon="12.15987">
    <name>TP6812</name>
  </trkpt>
  <trkpt lat="46.54198" lon="12.1598">
    <name>TP6813</name>
  </trkpt>
  <trkpt lat="46.54199" lon="12.15978">
    <name>TP6814</name>
  </trkpt>
  <trkpt lat="46.542" lon="12.15977">
    <name>TP6815</name>
  </trkpt>
  <trkpt lat="46.54203" lon="12.15972">
    <name>TP6816</name>
  </trkpt>
  <trkpt lat="46.54204" lon="12.1597">
    <name>TP6817</name>
  </trkpt>
  <trkpt lat="46.54209" lon="12.15965">
    <name>TP6818</name>
  </trkpt>
  <trkpt lat="46.54212" lon="12.15963">
    <name>TP6819</name>
  </trkpt>
  <trkpt lat="46.54214" lon="12.15962">
    <name>TP6820</name>
  </trkpt>
  <trkpt lat="46.54217" lon="12.1596">
    <name>TP6821</name>
  </trkpt>
  <trkpt lat="46.5422" lon="12.15959">
    <name>TP6822</name>
  </trkpt>
  <trkpt lat="46.54229" lon="12.15956">
    <name>TP6823</name>
  </trkpt>
  <trkpt lat="46.54231" lon="12.15956">
    <name>TP6824</name>
  </trkpt>
  <trkpt lat="46.54238" lon="12.15954">
    <name>TP6825</name>
  </trkpt>
  <trkpt lat="46.54247" lon="12.15953">
    <name>TP6826</name>
  </trkpt>
  <trkpt lat="46.54248" lon="12.15952">
    <name>TP6827</name>
  </trkpt>
  <trkpt lat="46.54249" lon="12.15952">
    <name>TP6828</name>
  </trkpt>
  <trkpt lat="46.54282" lon="12.15946">
    <name>TP6829</name>
  </trkpt>
  <trkpt lat="46.543" lon="12.15941">
    <name>TP6830</name>
  </trkpt>
  <trkpt lat="46.54302" lon="12.15939">
    <name>TP6831</name>
  </trkpt>
  <trkpt lat="46.54309" lon="12.15935">
    <name>TP6832</name>
  </trkpt>
  <trkpt lat="46.54314" lon="12.1593">
    <name>TP6833</name>
  </trkpt>
  <trkpt lat="46.54319" lon="12.15921">
    <name>TP6834</name>
  </trkpt>
  <trkpt lat="46.54324" lon="12.15909">
    <name>TP6835</name>
  </trkpt>
  <trkpt lat="46.54326" lon="12.15895">
    <name>TP6836</name>
  </trkpt>
  <trkpt lat="46.54326" lon="12.15886">
    <name>TP6837</name>
  </trkpt>
  <trkpt lat="46.54325" lon="12.1588">
    <name>TP6838</name>
  </trkpt>
  <trkpt lat="46.54325" lon="12.15877">
    <name>TP6839</name>
  </trkpt>
  <trkpt lat="46.54324" lon="12.15873">
    <name>TP6840</name>
  </trkpt>
  <trkpt lat="46.54322" lon="12.15867">
    <name>TP6841</name>
  </trkpt>
  <trkpt lat="46.54321" lon="12.15865">
    <name>TP6842</name>
  </trkpt>
  <trkpt lat="46.54318" lon="12.15858">
    <name>TP6843</name>
  </trkpt>
  <trkpt lat="46.54317" lon="12.15857">
    <name>TP6844</name>
  </trkpt>
  <trkpt lat="46.54315" lon="12.15854">
    <name>TP6845</name>
  </trkpt>
  <trkpt lat="46.54313" lon="12.15851">
    <name>TP6846</name>
  </trkpt>
  <trkpt lat="46.54306" lon="12.15846">
    <name>TP6847</name>
  </trkpt>
  <trkpt lat="46.543" lon="12.15841">
    <name>TP6848</name>
  </trkpt>
  <trkpt lat="46.54282" lon="12.15828">
    <name>TP6849</name>
  </trkpt>
  <trkpt lat="46.54254" lon="12.15808">
    <name>TP6850</name>
  </trkpt>
  <trkpt lat="46.54252" lon="12.15807">
    <name>TP6851</name>
  </trkpt>
  <trkpt lat="46.54245" lon="12.15802">
    <name>TP6852</name>
  </trkpt>
  <trkpt lat="46.54241" lon="12.158">
    <name>TP6853</name>
  </trkpt>
  <trkpt lat="46.54238" lon="12.15796">
    <name>TP6854</name>
  </trkpt>
  <trkpt lat="46.54236" lon="12.15795">
    <name>TP6855</name>
  </trkpt>
  <trkpt lat="46.5423" lon="12.15789">
    <name>TP6856</name>
  </trkpt>
  <trkpt lat="46.54226" lon="12.15786">
    <name>TP6857</name>
  </trkpt>
  <trkpt lat="46.54223" lon="12.15781">
    <name>TP6858</name>
  </trkpt>
  <trkpt lat="46.54216" lon="12.15771">
    <name>TP6859</name>
  </trkpt>
  <trkpt lat="46.54212" lon="12.15763">
    <name>TP6860</name>
  </trkpt>
  <trkpt lat="46.54211" lon="12.15758">
    <name>TP6861</name>
  </trkpt>
  <trkpt lat="46.54208" lon="12.15747">
    <name>TP6862</name>
  </trkpt>
  <trkpt lat="46.54206" lon="12.15734">
    <name>TP6863</name>
  </trkpt>
  <trkpt lat="46.54204" lon="12.15708">
    <name>TP6864</name>
  </trkpt>
  <trkpt lat="46.54201" lon="12.15684">
    <name>TP6865</name>
  </trkpt>
  <trkpt lat="46.54197" lon="12.1567">
    <name>TP6866</name>
  </trkpt>
  <trkpt lat="46.54192" lon="12.1566">
    <name>TP6867</name>
  </trkpt>
  <trkpt lat="46.54184" lon="12.15647">
    <name>TP6868</name>
  </trkpt>
  <trkpt lat="46.5418" lon="12.15642">
    <name>TP6869</name>
  </trkpt>
  <trkpt lat="46.54179" lon="12.1564">
    <name>TP6870</name>
  </trkpt>
  <trkpt lat="46.54174" lon="12.15634">
    <name>TP6871</name>
  </trkpt>
  <trkpt lat="46.54172" lon="12.15631">
    <name>TP6872</name>
  </trkpt>
  <trkpt lat="46.54167" lon="12.15624">
    <name>TP6873</name>
  </trkpt>
  <trkpt lat="46.54166" lon="12.15622">
    <name>TP6874</name>
  </trkpt>
  <trkpt lat="46.54161" lon="12.15615">
    <name>TP6875</name>
  </trkpt>
  <trkpt lat="46.5416" lon="12.15613">
    <name>TP6876</name>
  </trkpt>
  <trkpt lat="46.54156" lon="12.15604">
    <name>TP6877</name>
  </trkpt>
  <trkpt lat="46.54154" lon="12.15595">
    <name>TP6878</name>
  </trkpt>
  <trkpt lat="46.54154" lon="12.15589">
    <name>TP6879</name>
  </trkpt>
  <trkpt lat="46.54155" lon="12.1558">
    <name>TP6880</name>
  </trkpt>
  <trkpt lat="46.54157" lon="12.15572">
    <name>TP6881</name>
  </trkpt>
  <trkpt lat="46.54163" lon="12.1556">
    <name>TP6882</name>
  </trkpt>
  <trkpt lat="46.54169" lon="12.15549">
    <name>TP6883</name>
  </trkpt>
  <trkpt lat="46.54175" lon="12.15537">
    <name>TP6884</name>
  </trkpt>
  <trkpt lat="46.54186" lon="12.15514">
    <name>TP6885</name>
  </trkpt>
  <trkpt lat="46.54187" lon="12.15512">
    <name>TP6886</name>
  </trkpt>
  <trkpt lat="46.54196" lon="12.15492">
    <name>TP6887</name>
  </trkpt>
  <trkpt lat="46.54197" lon="12.1549">
    <name>TP6888</name>
  </trkpt>
  <trkpt lat="46.54202" lon="12.15483">
    <name>TP6889</name>
  </trkpt>
  <trkpt lat="46.54205" lon="12.1548">
    <name>TP6890</name>
  </trkpt>
  <trkpt lat="46.54209" lon="12.15479">
    <name>TP6891</name>
  </trkpt>
  <trkpt lat="46.54212" lon="12.15479">
    <name>TP6892</name>
  </trkpt>
  <trkpt lat="46.54216" lon="12.1548">
    <name>TP6893</name>
  </trkpt>
  <trkpt lat="46.5422" lon="12.15483">
    <name>TP6894</name>
  </trkpt>
  <trkpt lat="46.54223" lon="12.15488">
    <name>TP6895</name>
  </trkpt>
  <trkpt lat="46.54226" lon="12.15492">
    <name>TP6896</name>
  </trkpt>
  <trkpt lat="46.54226" lon="12.15494">
    <name>TP6897</name>
  </trkpt>
  <trkpt lat="46.54228" lon="12.15501">
    <name>TP6898</name>
  </trkpt>
  <trkpt lat="46.54229" lon="12.15503">
    <name>TP6899</name>
  </trkpt>
  <trkpt lat="46.54232" lon="12.15515">
    <name>TP6900</name>
  </trkpt>
  <trkpt lat="46.54232" lon="12.15516">
    <name>TP6901</name>
  </trkpt>
  <trkpt lat="46.54232" lon="12.15519">
    <name>TP6902</name>
  </trkpt>
  <trkpt lat="46.54234" lon="12.15526">
    <name>TP6903</name>
  </trkpt>
  <trkpt lat="46.54235" lon="12.15528">
    <name>TP6904</name>
  </trkpt>
  <trkpt lat="46.54239" lon="12.15537">
    <name>TP6905</name>
  </trkpt>
  <trkpt lat="46.5424" lon="12.15539">
    <name>TP6906</name>
  </trkpt>
  <trkpt lat="46.54246" lon="12.15547">
    <name>TP6907</name>
  </trkpt>
  <trkpt lat="46.54251" lon="12.15552">
    <name>TP6908</name>
  </trkpt>
  <trkpt lat="46.54262" lon="12.1556">
    <name>TP6909</name>
  </trkpt>
  <trkpt lat="46.54267" lon="12.15562">
    <name>TP6910</name>
  </trkpt>
  <trkpt lat="46.54273" lon="12.15565">
    <name>TP6911</name>
  </trkpt>
  <trkpt lat="46.54277" lon="12.15567">
    <name>TP6912</name>
  </trkpt>
  <trkpt lat="46.5428" lon="12.15568">
    <name>TP6913</name>
  </trkpt>
  <trkpt lat="46.54288" lon="12.15571">
    <name>TP6914</name>
  </trkpt>
  <trkpt lat="46.5429" lon="12.15572">
    <name>TP6915</name>
  </trkpt>
  <trkpt lat="46.54291" lon="12.15572">
    <name>TP6916</name>
  </trkpt>
  <trkpt lat="46.54296" lon="12.15573">
    <name>TP6917</name>
  </trkpt>
  <trkpt lat="46.54302" lon="12.15573">
    <name>TP6918</name>
  </trkpt>
  <trkpt lat="46.54307" lon="12.15572">
    <name>TP6919</name>
  </trkpt>
  <trkpt lat="46.54317" lon="12.15565">
    <name>TP6920</name>
  </trkpt>
  <trkpt lat="46.54319" lon="12.15558">
    <name>TP6921</name>
  </trkpt>
  <trkpt lat="46.54321" lon="12.15554">
    <name>TP6922</name>
  </trkpt>
  <trkpt lat="46.54322" lon="12.15545">
    <name>TP6923</name>
  </trkpt>
  <trkpt lat="46.54322" lon="12.15533">
    <name>TP6924</name>
  </trkpt>
  <trkpt lat="46.54321" lon="12.15512">
    <name>TP6925</name>
  </trkpt>
  <trkpt lat="46.54318" lon="12.1546">
    <name>TP6926</name>
  </trkpt>
  <trkpt lat="46.54317" lon="12.15452">
    <name>TP6927</name>
  </trkpt>
  <trkpt lat="46.54317" lon="12.15447">
    <name>TP6928</name>
  </trkpt>
  <trkpt lat="46.54316" lon="12.15442">
    <name>TP6929</name>
  </trkpt>
  <trkpt lat="46.54315" lon="12.15437">
    <name>TP6930</name>
  </trkpt>
  <trkpt lat="46.54314" lon="12.15434">
    <name>TP6931</name>
  </trkpt>
  <trkpt lat="46.54314" lon="12.15433">
    <name>TP6932</name>
  </trkpt>
  <trkpt lat="46.54312" lon="12.1543">
    <name>TP6933</name>
  </trkpt>
  <trkpt lat="46.54308" lon="12.15422">
    <name>TP6934</name>
  </trkpt>
  <trkpt lat="46.54297" lon="12.1541">
    <name>TP6935</name>
  </trkpt>
  <trkpt lat="46.54282" lon="12.15395">
    <name>TP6936</name>
  </trkpt>
  <trkpt lat="46.54272" lon="12.15383">
    <name>TP6937</name>
  </trkpt>
  <trkpt lat="46.54267" lon="12.15376">
    <name>TP6938</name>
  </trkpt>
  <trkpt lat="46.54263" lon="12.15366">
    <name>TP6939</name>
  </trkpt>
  <trkpt lat="46.54262" lon="12.15364">
    <name>TP6940</name>
  </trkpt>
  <trkpt lat="46.54262" lon="12.1536">
    <name>TP6941</name>
  </trkpt>
  <trkpt lat="46.54261" lon="12.15353">
    <name>TP6942</name>
  </trkpt>
  <trkpt lat="46.54261" lon="12.15345">
    <name>TP6943</name>
  </trkpt>
  <trkpt lat="46.54261" lon="12.15336">
    <name>TP6944</name>
  </trkpt>
  <trkpt lat="46.54264" lon="12.15329">
    <name>TP6945</name>
  </trkpt>
  <trkpt lat="46.54267" lon="12.1532">
    <name>TP6946</name>
  </trkpt>
  <trkpt lat="46.54269" lon="12.15317">
    <name>TP6947</name>
  </trkpt>
  <trkpt lat="46.5427" lon="12.15316">
    <name>TP6948</name>
  </trkpt>
  <trkpt lat="46.54283" lon="12.15297">
    <name>TP6949</name>
  </trkpt>
  <trkpt lat="46.54283" lon="12.15295">
    <name>TP6950</name>
  </trkpt>
  <trkpt lat="46.54296" lon="12.15275">
    <name>TP6951</name>
  </trkpt>
  <trkpt lat="46.54301" lon="12.15268">
    <name>TP6952</name>
  </trkpt>
  <trkpt lat="46.54304" lon="12.15262">
    <name>TP6953</name>
  </trkpt>
  <trkpt lat="46.54306" lon="12.15255">
    <name>TP6954</name>
  </trkpt>
  <trkpt lat="46.54307" lon="12.1525">
    <name>TP6955</name>
  </trkpt>
  <trkpt lat="46.54307" lon="12.15247">
    <name>TP6956</name>
  </trkpt>
  <trkpt lat="46.54308" lon="12.15243">
    <name>TP6957</name>
  </trkpt>
  <trkpt lat="46.54308" lon="12.15238">
    <name>TP6958</name>
  </trkpt>
  <trkpt lat="46.54308" lon="12.15234">
    <name>TP6959</name>
  </trkpt>
  <trkpt lat="46.54307" lon="12.15229">
    <name>TP6960</name>
  </trkpt>
  <trkpt lat="46.54306" lon="12.15223">
    <name>TP6961</name>
  </trkpt>
  <trkpt lat="46.54304" lon="12.15214">
    <name>TP6962</name>
  </trkpt>
  <trkpt lat="46.54301" lon="12.15209">
    <name>TP6963</name>
  </trkpt>
  <trkpt lat="46.543" lon="12.15207">
    <name>TP6964</name>
  </trkpt>
  <trkpt lat="46.543" lon="12.15206">
    <name>TP6965</name>
  </trkpt>
  <trkpt lat="46.54296" lon="12.152">
    <name>TP6966</name>
  </trkpt>
  <trkpt lat="46.54289" lon="12.15193">
    <name>TP6967</name>
  </trkpt>
  <trkpt lat="46.54287" lon="12.15191">
    <name>TP6968</name>
  </trkpt>
  <trkpt lat="46.54277" lon="12.15181">
    <name>TP6969</name>
  </trkpt>
  <trkpt lat="46.54273" lon="12.15176">
    <name>TP6970</name>
  </trkpt>
  <trkpt lat="46.54271" lon="12.15172">
    <name>TP6971</name>
  </trkpt>
  <trkpt lat="46.5427" lon="12.15169">
    <name>TP6972</name>
  </trkpt>
  <trkpt lat="46.54269" lon="12.15165">
    <name>TP6973</name>
  </trkpt>
  <trkpt lat="46.54269" lon="12.1516">
    <name>TP6974</name>
  </trkpt>
  <trkpt lat="46.54269" lon="12.15157">
    <name>TP6975</name>
  </trkpt>
  <trkpt lat="46.54269" lon="12.15154">
    <name>TP6976</name>
  </trkpt>
  <trkpt lat="46.5427" lon="12.1515">
    <name>TP6977</name>
  </trkpt>
  <trkpt lat="46.5427" lon="12.15149">
    <name>TP6978</name>
  </trkpt>
  <trkpt lat="46.54271" lon="12.15146">
    <name>TP6979</name>
  </trkpt>
  <trkpt lat="46.54272" lon="12.15141">
    <name>TP6980</name>
  </trkpt>
  <trkpt lat="46.54281" lon="12.15129">
    <name>TP6981</name>
  </trkpt>
  <trkpt lat="46.54285" lon="12.15126">
    <name>TP6982</name>
  </trkpt>
  <trkpt lat="46.54288" lon="12.15125">
    <name>TP6983</name>
  </trkpt>
  <trkpt lat="46.54295" lon="12.15124">
    <name>TP6984</name>
  </trkpt>
  <trkpt lat="46.54317" lon="12.1514">
    <name>TP6985</name>
  </trkpt>
  <trkpt lat="46.54327" lon="12.15148">
    <name>TP6986</name>
  </trkpt>
  <trkpt lat="46.54334" lon="12.15154">
    <name>TP6987</name>
  </trkpt>
  <trkpt lat="46.5434" lon="12.15159">
    <name>TP6988</name>
  </trkpt>
  <trkpt lat="46.54345" lon="12.15161">
    <name>TP6989</name>
  </trkpt>
  <trkpt lat="46.54347" lon="12.15161">
    <name>TP6990</name>
  </trkpt>
  <trkpt lat="46.54352" lon="12.15161">
    <name>TP6991</name>
  </trkpt>
  <trkpt lat="46.5437" lon="12.15154">
    <name>TP6992</name>
  </trkpt>
  <trkpt lat="46.54379" lon="12.15147">
    <name>TP6993</name>
  </trkpt>
  <trkpt lat="46.54391" lon="12.15134">
    <name>TP6994</name>
  </trkpt>
  <trkpt lat="46.54401" lon="12.15123">
    <name>TP6995</name>
  </trkpt>
  <trkpt lat="46.54409" lon="12.15115">
    <name>TP6996</name>
  </trkpt>
  <trkpt lat="46.54416" lon="12.15105">
    <name>TP6997</name>
  </trkpt>
  <trkpt lat="46.54426" lon="12.15088">
    <name>TP6998</name>
  </trkpt>
  <trkpt lat="46.54431" lon="12.15072">
    <name>TP6999</name>
  </trkpt>
  <trkpt lat="46.54434" lon="12.1506">
    <name>TP7000</name>
  </trkpt>
  <trkpt lat="46.54434" lon="12.15054">
    <name>TP7001</name>
  </trkpt>
  <trkpt lat="46.54434" lon="12.15043">
    <name>TP7002</name>
  </trkpt>
  <trkpt lat="46.54433" lon="12.15033">
    <name>TP7003</name>
  </trkpt>
  <trkpt lat="46.54423" lon="12.14982">
    <name>TP7004</name>
  </trkpt>
  <trkpt lat="46.5442" lon="12.14971">
    <name>TP7005</name>
  </trkpt>
  <trkpt lat="46.54405" lon="12.14896">
    <name>TP7006</name>
  </trkpt>
  <trkpt lat="46.54379" lon="12.14783">
    <name>TP7007</name>
  </trkpt>
  <trkpt lat="46.54376" lon="12.14759">
    <name>TP7008</name>
  </trkpt>
  <trkpt lat="46.5436" lon="12.14719">
    <name>TP7009</name>
  </trkpt>
  <trkpt lat="46.54354" lon="12.14692">
    <name>TP7010</name>
  </trkpt>
  <trkpt lat="46.54353" lon="12.14689">
    <name>TP7011</name>
  </trkpt>
  <trkpt lat="46.54351" lon="12.14682">
    <name>TP7012</name>
  </trkpt>
  <trkpt lat="46.54339" lon="12.14643">
    <name>TP7013</name>
  </trkpt>
  <trkpt lat="46.54324" lon="12.14603">
    <name>TP7014</name>
  </trkpt>
  <trkpt lat="46.54309" lon="12.14563">
    <name>TP7015</name>
  </trkpt>
  <trkpt lat="46.543" lon="12.1454">
    <name>TP7016</name>
  </trkpt>
  <trkpt lat="46.54294" lon="12.14527">
    <name>TP7017</name>
  </trkpt>
  <trkpt lat="46.54287" lon="12.14509">
    <name>TP7018</name>
  </trkpt>
  <trkpt lat="46.54236" lon="12.14383">
    <name>TP7019</name>
  </trkpt>
  <trkpt lat="46.54233" lon="12.14377">
    <name>TP7020</name>
  </trkpt>
  <trkpt lat="46.54204" lon="12.14307">
    <name>TP7021</name>
  </trkpt>
  <trkpt lat="46.54176" lon="12.14239">
    <name>TP7022</name>
  </trkpt>
  <trkpt lat="46.54171" lon="12.14226">
    <name>TP7023</name>
  </trkpt>
  <trkpt lat="46.54166" lon="12.14216">
    <name>TP7024</name>
  </trkpt>
  <trkpt lat="46.54154" lon="12.14199">
    <name>TP7025</name>
  </trkpt>
  <trkpt lat="46.54138" lon="12.14186">
    <name>TP7026</name>
  </trkpt>
  <trkpt lat="46.54091" lon="12.14156">
    <name>TP7027</name>
  </trkpt>
  <trkpt lat="46.54084" lon="12.14151">
    <name>TP7028</name>
  </trkpt>
  <trkpt lat="46.54076" lon="12.14144">
    <name>TP7029</name>
  </trkpt>
  <trkpt lat="46.54073" lon="12.14141">
    <name>TP7030</name>
  </trkpt>
  <trkpt lat="46.54068" lon="12.14134">
    <name>TP7031</name>
  </trkpt>
  <trkpt lat="46.54062" lon="12.14123">
    <name>TP7032</name>
  </trkpt>
  <trkpt lat="46.54058" lon="12.1411">
    <name>TP7033</name>
  </trkpt>
  <trkpt lat="46.54054" lon="12.14095">
    <name>TP7034</name>
  </trkpt>
  <trkpt lat="46.54054" lon="12.14085">
    <name>TP7035</name>
  </trkpt>
  <trkpt lat="46.54054" lon="12.14067">
    <name>TP7036</name>
  </trkpt>
  <trkpt lat="46.54057" lon="12.14055">
    <name>TP7037</name>
  </trkpt>
  <trkpt lat="46.5406" lon="12.14044">
    <name>TP7038</name>
  </trkpt>
  <trkpt lat="46.54074" lon="12.14017">
    <name>TP7039</name>
  </trkpt>
  <trkpt lat="46.54076" lon="12.14012">
    <name>TP7040</name>
  </trkpt>
  <trkpt lat="46.54093" lon="12.13978">
    <name>TP7041</name>
  </trkpt>
  <trkpt lat="46.54095" lon="12.13973">
    <name>TP7042</name>
  </trkpt>
  <trkpt lat="46.54096" lon="12.1397">
    <name>TP7043</name>
  </trkpt>
  <trkpt lat="46.54096" lon="12.13967">
    <name>TP7044</name>
  </trkpt>
  <trkpt lat="46.54096" lon="12.13964">
    <name>TP7045</name>
  </trkpt>
  <trkpt lat="46.54095" lon="12.13961">
    <name>TP7046</name>
  </trkpt>
  <trkpt lat="46.54095" lon="12.13959">
    <name>TP7047</name>
  </trkpt>
  <trkpt lat="46.54094" lon="12.13956">
    <name>TP7048</name>
  </trkpt>
  <trkpt lat="46.5409" lon="12.1395">
    <name>TP7049</name>
  </trkpt>
  <trkpt lat="46.54084" lon="12.13945">
    <name>TP7050</name>
  </trkpt>
  <trkpt lat="46.54075" lon="12.13939">
    <name>TP7051</name>
  </trkpt>
  <trkpt lat="46.54058" lon="12.1393">
    <name>TP7052</name>
  </trkpt>
  <trkpt lat="46.54055" lon="12.13927">
    <name>TP7053</name>
  </trkpt>
  <trkpt lat="46.54042" lon="12.13918">
    <name>TP7054</name>
  </trkpt>
  <trkpt lat="46.54038" lon="12.13914">
    <name>TP7055</name>
  </trkpt>
  <trkpt lat="46.54035" lon="12.13909">
    <name>TP7056</name>
  </trkpt>
  <trkpt lat="46.54034" lon="12.13903">
    <name>TP7057</name>
  </trkpt>
  <trkpt lat="46.54034" lon="12.13898">
    <name>TP7058</name>
  </trkpt>
  <trkpt lat="46.54034" lon="12.1389">
    <name>TP7059</name>
  </trkpt>
  <trkpt lat="46.54036" lon="12.13873">
    <name>TP7060</name>
  </trkpt>
  <trkpt lat="46.54046" lon="12.13803">
    <name>TP7061</name>
  </trkpt>
  <trkpt lat="46.54047" lon="12.13796">
    <name>TP7062</name>
  </trkpt>
  <trkpt lat="46.54054" lon="12.13764">
    <name>TP7063</name>
  </trkpt>
  <trkpt lat="46.54055" lon="12.13755">
    <name>TP7064</name>
  </trkpt>
  <trkpt lat="46.54054" lon="12.13749">
    <name>TP7065</name>
  </trkpt>
  <trkpt lat="46.54053" lon="12.13742">
    <name>TP7066</name>
  </trkpt>
  <trkpt lat="46.54053" lon="12.1374">
    <name>TP7067</name>
  </trkpt>
  <trkpt lat="46.54051" lon="12.13737">
    <name>TP7068</name>
  </trkpt>
  <trkpt lat="46.54049" lon="12.13733">
    <name>TP7069</name>
  </trkpt>
  <trkpt lat="46.54045" lon="12.13729">
    <name>TP7070</name>
  </trkpt>
  <trkpt lat="46.54026" lon="12.13714">
    <name>TP7071</name>
  </trkpt>
  <trkpt lat="46.5402" lon="12.1371">
    <name>TP7072</name>
  </trkpt>
  <trkpt lat="46.54019" lon="12.13708">
    <name>TP7073</name>
  </trkpt>
  <trkpt lat="46.54018" lon="12.13707">
    <name>TP7074</name>
  </trkpt>
  <trkpt lat="46.54016" lon="12.13702">
    <name>TP7075</name>
  </trkpt>
  <trkpt lat="46.54015" lon="12.13699">
    <name>TP7076</name>
  </trkpt>
  <trkpt lat="46.54015" lon="12.13694">
    <name>TP7077</name>
  </trkpt>
  <trkpt lat="46.54016" lon="12.13688">
    <name>TP7078</name>
  </trkpt>
  <trkpt lat="46.54017" lon="12.13679">
    <name>TP7079</name>
  </trkpt>
  <trkpt lat="46.54018" lon="12.13671">
    <name>TP7080</name>
  </trkpt>
  <trkpt lat="46.54019" lon="12.1366">
    <name>TP7081</name>
  </trkpt>
  <trkpt lat="46.54019" lon="12.13655">
    <name>TP7082</name>
  </trkpt>
  <trkpt lat="46.54018" lon="12.13651">
    <name>TP7083</name>
  </trkpt>
  <trkpt lat="46.54017" lon="12.1365">
    <name>TP7084</name>
  </trkpt>
  <trkpt lat="46.54016" lon="12.13649">
    <name>TP7085</name>
  </trkpt>
  <trkpt lat="46.54013" lon="12.13643">
    <name>TP7086</name>
  </trkpt>
  <trkpt lat="46.54006" lon="12.13634">
    <name>TP7087</name>
  </trkpt>
  <trkpt lat="46.5400572" lon="12.1363415">
    <name>TP7088</name>
  </trkpt>
  <trkpt lat="46.54016" lon="12.13616">
    <name>TP7089</name>
  </trkpt>
  <trkpt lat="46.54017" lon="12.13614">
    <name>TP7090</name>
  </trkpt>
  <trkpt lat="46.54025" lon="12.13602">
    <name>TP7091</name>
  </trkpt>
  <trkpt lat="46.54038" lon="12.13581">
    <name>TP7092</name>
  </trkpt>
  <trkpt lat="46.54041" lon="12.13574">
    <name>TP7093</name>
  </trkpt>
  <trkpt lat="46.54042" lon="12.13571">
    <name>TP7094</name>
  </trkpt>
  <trkpt lat="46.5404177" lon="12.135713">
    <name>TP7095</name>
  </trkpt>
  <trkpt lat="46.54044" lon="12.13566">
    <name>TP7096</name>
  </trkpt>
  <trkpt lat="46.54047" lon="12.13561">
    <name>TP7097</name>
  </trkpt>
  <trkpt lat="46.54048" lon="12.13556">
    <name>TP7098</name>
  </trkpt>
  <trkpt lat="46.54049" lon="12.13552">
    <name>TP7099</name>
  </trkpt>
  <trkpt lat="46.5404854" lon="12.1355201">
    <name>TP7100</name>
  </trkpt>
  <trkpt lat="46.54045" lon="12.13545">
    <name>TP7101</name>
  </trkpt>
  <trkpt lat="46.54041" lon="12.13539">
    <name>TP7102</name>
  </trkpt>
  <trkpt lat="46.54038" lon="12.13534">
    <name>TP7103</name>
  </trkpt>
  <trkpt lat="46.54021" lon="12.135">
    <name>TP7104</name>
  </trkpt>
  <trkpt lat="46.54002" lon="12.13495">
    <name>TP7105</name>
  </trkpt>
  <trkpt lat="46.53999" lon="12.13494">
    <name>TP7106</name>
  </trkpt>
  <trkpt lat="46.53997" lon="12.13493">
    <name>TP7107</name>
  </trkpt>
  <trkpt lat="46.53995" lon="12.13492">
    <name>TP7108</name>
  </trkpt>
  <trkpt lat="46.53994" lon="12.13491">
    <name>TP7109</name>
  </trkpt>
  <trkpt lat="46.5399412" lon="12.1349055">
    <name>TP7110</name>
  </trkpt>
  <trkpt lat="46.53992" lon="12.13487">
    <name>TP7111</name>
  </trkpt>
  <trkpt lat="46.53992" lon="12.13484">
    <name>TP7112</name>
  </trkpt>
  <trkpt lat="46.53991" lon="12.13482">
    <name>TP7113</name>
  </trkpt>
  <trkpt lat="46.53988" lon="12.13471">
    <name>TP7114</name>
  </trkpt>
  <trkpt lat="46.53987" lon="12.13467">
    <name>TP7115</name>
  </trkpt>
  <trkpt lat="46.53985" lon="12.13456">
    <name>TP7116</name>
  </trkpt>
  <trkpt lat="46.53978" lon="12.13432">
    <name>TP7117</name>
  </trkpt>
  <trkpt lat="46.53976" lon="12.13424">
    <name>TP7118</name>
  </trkpt>
  <trkpt lat="46.53974" lon="12.13419">
    <name>TP7119</name>
  </trkpt>
  <trkpt lat="46.53968" lon="12.13407">
    <name>TP7120</name>
  </trkpt>
  <trkpt lat="46.53967" lon="12.13404">
    <name>TP7121</name>
  </trkpt>
  <trkpt lat="46.53963" lon="12.13398">
    <name>TP7122</name>
  </trkpt>
  <trkpt lat="46.53962" lon="12.13396">
    <name>TP7123</name>
  </trkpt>
  <trkpt lat="46.53952" lon="12.13381">
    <name>TP7124</name>
  </trkpt>
  <trkpt lat="46.5394" lon="12.13361">
    <name>TP7125</name>
  </trkpt>
  <trkpt lat="46.53929" lon="12.13343">
    <name>TP7126</name>
  </trkpt>
  <trkpt lat="46.5392911" lon="12.1334254">
    <name>TP7127</name>
  </trkpt>
  <trkpt lat="46.53941" lon="12.13322">
    <name>TP7128</name>
  </trkpt>
  <trkpt lat="46.53942" lon="12.13322">
    <name>TP7129</name>
  </trkpt>
  <trkpt lat="46.53951" lon="12.13304">
    <name>TP7130</name>
  </trkpt>
  <trkpt lat="46.53957" lon="12.1329">
    <name>TP7131</name>
  </trkpt>
  <trkpt lat="46.5396" lon="12.13283">
    <name>TP7132</name>
  </trkpt>
  <trkpt lat="46.53961" lon="12.13279">
    <name>TP7133</name>
  </trkpt>
  <trkpt lat="46.53968" lon="12.13255">
    <name>TP7134</name>
  </trkpt>
  <trkpt lat="46.53972" lon="12.13242">
    <name>TP7135</name>
  </trkpt>
  <trkpt lat="46.53975" lon="12.1323">
    <name>TP7136</name>
  </trkpt>
  <trkpt lat="46.53981" lon="12.1321">
    <name>TP7137</name>
  </trkpt>
  <trkpt lat="46.53987" lon="12.13189">
    <name>TP7138</name>
  </trkpt>
  <trkpt lat="46.5398685" lon="12.1318925">
    <name>TP7139</name>
  </trkpt>
  <trkpt lat="46.53987" lon="12.1319">
    <name>TP7140</name>
  </trkpt>
  <trkpt lat="46.53988" lon="12.1319">
    <name>TP7141</name>
  </trkpt>
  <trkpt lat="46.53989" lon="12.1319">
    <name>TP7142</name>
  </trkpt>
  <trkpt lat="46.5399" lon="12.1319">
    <name>TP7143</name>
  </trkpt>
  <trkpt lat="46.53991" lon="12.1319">
    <name>TP7144</name>
  </trkpt>
  <trkpt lat="46.53992" lon="12.13189">
    <name>TP7145</name>
  </trkpt>
  <trkpt lat="46.53993" lon="12.13189">
    <name>TP7146</name>
  </trkpt>
  <trkpt lat="46.53993" lon="12.13188">
    <name>TP7147</name>
  </trkpt>
  <trkpt lat="46.53993" lon="12.13187">
    <name>TP7148</name>
  </trkpt>
  <trkpt lat="46.53994" lon="12.13187">
    <name>TP7149</name>
  </trkpt>
  <trkpt lat="46.53994" lon="12.13186">
    <name>TP7150</name>
  </trkpt>
  <trkpt lat="46.53994" lon="12.13185">
    <name>TP7151</name>
  </trkpt>
  <trkpt lat="46.53994" lon="12.13184">
    <name>TP7152</name>
  </trkpt>
  <trkpt lat="46.53995" lon="12.13184">
    <name>TP7153</name>
  </trkpt>
  <trkpt lat="46.53995" lon="12.13183">
    <name>TP7154</name>
  </trkpt>
  <trkpt lat="46.53995" lon="12.13182">
    <name>TP7155</name>
  </trkpt>
  <trkpt lat="46.53995" lon="12.13181">
    <name>TP7156</name>
  </trkpt>
  <trkpt lat="46.53994" lon="12.13181">
    <name>TP7157</name>
  </trkpt>
  <trkpt lat="46.53994" lon="12.1318">
    <name>TP7158</name>
  </trkpt>
  <trkpt lat="46.53994" lon="12.13179">
    <name>TP7159</name>
  </trkpt>
  <trkpt lat="46.53994" lon="12.13178">
    <name>TP7160</name>
  </trkpt>
  <trkpt lat="46.53993" lon="12.13178">
    <name>TP7161</name>
  </trkpt>
  <trkpt lat="46.53993" lon="12.13177">
    <name>TP7162</name>
  </trkpt>
  <trkpt lat="46.53992" lon="12.13176">
    <name>TP7163</name>
  </trkpt>
  <trkpt lat="46.53991" lon="12.13176">
    <name>TP7164</name>
  </trkpt>
  <trkpt lat="46.53991" lon="12.13175">
    <name>TP7165</name>
  </trkpt>
  <trkpt lat="46.5399" lon="12.13175">
    <name>TP7166</name>
  </trkpt>
  <trkpt lat="46.53989" lon="12.13175">
    <name>TP7167</name>
  </trkpt>
  <trkpt lat="46.53988" lon="12.13175">
    <name>TP7168</name>
  </trkpt>
  <trkpt lat="46.53987" lon="12.13175">
    <name>TP7169</name>
  </trkpt>
  <trkpt lat="46.53987" lon="12.13176">
    <name>TP7170</name>
  </trkpt>
  <trkpt lat="46.53986" lon="12.13176">
    <name>TP7171</name>
  </trkpt>
  <trkpt lat="46.53986" lon="12.13177">
    <name>TP7172</name>
  </trkpt>
  <trkpt lat="46.53985" lon="12.13177">
    <name>TP7173</name>
  </trkpt>
  <trkpt lat="46.53985" lon="12.13178">
    <name>TP7174</name>
  </trkpt>
  <trkpt lat="46.53934" lon="12.13124">
    <name>TP7175</name>
  </trkpt>
  <trkpt lat="46.53932" lon="12.13115">
    <name>TP7176</name>
  </trkpt>
  <trkpt lat="46.53931" lon="12.13109">
    <name>TP7177</name>
  </trkpt>
  <trkpt lat="46.53932" lon="12.13102">
    <name>TP7178</name>
  </trkpt>
  <trkpt lat="46.53934" lon="12.13095">
    <name>TP7179</name>
  </trkpt>
  <trkpt lat="46.53939" lon="12.13084">
    <name>TP7180</name>
  </trkpt>
  <trkpt lat="46.53939" lon="12.13083">
    <name>TP7181</name>
  </trkpt>
  <trkpt lat="46.53947" lon="12.13069">
    <name>TP7182</name>
  </trkpt>
  <trkpt lat="46.53956" lon="12.13057">
    <name>TP7183</name>
  </trkpt>
  <trkpt lat="46.53974" lon="12.13037">
    <name>TP7184</name>
  </trkpt>
  <trkpt lat="46.53988" lon="12.13021">
    <name>TP7185</name>
  </trkpt>
  <trkpt lat="46.54002" lon="12.13004">
    <name>TP7186</name>
  </trkpt>
  <trkpt lat="46.54025" lon="12.12977">
    <name>TP7187</name>
  </trkpt>
  <trkpt lat="46.54033" lon="12.1297">
    <name>TP7188</name>
  </trkpt>
  <trkpt lat="46.54048" lon="12.12961">
    <name>TP7189</name>
  </trkpt>
  <trkpt lat="46.54059" lon="12.12956">
    <name>TP7190</name>
  </trkpt>
  <trkpt lat="46.54092" lon="12.12939">
    <name>TP7191</name>
  </trkpt>
  <trkpt lat="46.54111" lon="12.12929">
    <name>TP7192</name>
  </trkpt>
  <trkpt lat="46.54116" lon="12.12926">
    <name>TP7193</name>
  </trkpt>
  <trkpt lat="46.54122" lon="12.12924">
    <name>TP7194</name>
  </trkpt>
  <trkpt lat="46.54133" lon="12.12921">
    <name>TP7195</name>
  </trkpt>
  <trkpt lat="46.54191" lon="12.1291">
    <name>TP7196</name>
  </trkpt>
  <trkpt lat="46.54208" lon="12.12906">
    <name>TP7197</name>
  </trkpt>
  <trkpt lat="46.54218" lon="12.12904">
    <name>TP7198</name>
  </trkpt>
  <trkpt lat="46.54224" lon="12.12902">
    <name>TP7199</name>
  </trkpt>
  <trkpt lat="46.54226" lon="12.12901">
    <name>TP7200</name>
  </trkpt>
  <trkpt lat="46.54229" lon="12.12901">
    <name>TP7201</name>
  </trkpt>
  <trkpt lat="46.54236" lon="12.12898">
    <name>TP7202</name>
  </trkpt>
  <trkpt lat="46.54243" lon="12.12895">
    <name>TP7203</name>
  </trkpt>
  <trkpt lat="46.54251" lon="12.1289">
    <name>TP7204</name>
  </trkpt>
  <trkpt lat="46.54287" lon="12.12865">
    <name>TP7205</name>
  </trkpt>
  <trkpt lat="46.54311" lon="12.12849">
    <name>TP7206</name>
  </trkpt>
  <trkpt lat="46.54317" lon="12.12847">
    <name>TP7207</name>
  </trkpt>
  <trkpt lat="46.54331" lon="12.12845">
    <name>TP7208</name>
  </trkpt>
  <trkpt lat="46.54343" lon="12.12845">
    <name>TP7209</name>
  </trkpt>
  <trkpt lat="46.5435" lon="12.12844">
    <name>TP7210</name>
  </trkpt>
  <trkpt lat="46.54356" lon="12.12842">
    <name>TP7211</name>
  </trkpt>
  <trkpt lat="46.54361" lon="12.1284">
    <name>TP7212</name>
  </trkpt>
  <trkpt lat="46.54365" lon="12.12837">
    <name>TP7213</name>
  </trkpt>
  <trkpt lat="46.54369" lon="12.12833">
    <name>TP7214</name>
  </trkpt>
  <trkpt lat="46.54373" lon="12.1283">
    <name>TP7215</name>
  </trkpt>
  <trkpt lat="46.54377" lon="12.12824">
    <name>TP7216</name>
  </trkpt>
  <trkpt lat="46.54379" lon="12.1282">
    <name>TP7217</name>
  </trkpt>
  <trkpt lat="46.54386" lon="12.1281">
    <name>TP7218</name>
  </trkpt>
  <trkpt lat="46.54387" lon="12.12808">
    <name>TP7219</name>
  </trkpt>
  <trkpt lat="46.54396" lon="12.12797">
    <name>TP7220</name>
  </trkpt>
  <trkpt lat="46.54404" lon="12.12788">
    <name>TP7221</name>
  </trkpt>
  <trkpt lat="46.5441" lon="12.12785">
    <name>TP7222</name>
  </trkpt>
  <trkpt lat="46.54414" lon="12.12783">
    <name>TP7223</name>
  </trkpt>
  <trkpt lat="46.54416" lon="12.12782">
    <name>TP7224</name>
  </trkpt>
  <trkpt lat="46.54427" lon="12.1278">
    <name>TP7225</name>
  </trkpt>
  <trkpt lat="46.54434" lon="12.1278">
    <name>TP7226</name>
  </trkpt>
  <trkpt lat="46.54443" lon="12.12777">
    <name>TP7227</name>
  </trkpt>
  <trkpt lat="46.54445" lon="12.12776">
    <name>TP7228</name>
  </trkpt>
  <trkpt lat="46.54446" lon="12.12775">
    <name>TP7229</name>
  </trkpt>
  <trkpt lat="46.54447" lon="12.12774">
    <name>TP7230</name>
  </trkpt>
  <trkpt lat="46.54447" lon="12.12772">
    <name>TP7231</name>
  </trkpt>
  <trkpt lat="46.54448" lon="12.1277">
    <name>TP7232</name>
  </trkpt>
  <trkpt lat="46.54448" lon="12.12768">
    <name>TP7233</name>
  </trkpt>
  <trkpt lat="46.54449" lon="12.12766">
    <name>TP7234</name>
  </trkpt>
  <trkpt lat="46.54449" lon="12.12763">
    <name>TP7235</name>
  </trkpt>
  <trkpt lat="46.54448" lon="12.1276">
    <name>TP7236</name>
  </trkpt>
  <trkpt lat="46.54448" lon="12.12757">
    <name>TP7237</name>
  </trkpt>
  <trkpt lat="46.54447" lon="12.12754">
    <name>TP7238</name>
  </trkpt>
  <trkpt lat="46.54445" lon="12.12752">
    <name>TP7239</name>
  </trkpt>
  <trkpt lat="46.54444" lon="12.1275">
    <name>TP7240</name>
  </trkpt>
  <trkpt lat="46.54442" lon="12.1275">
    <name>TP7241</name>
  </trkpt>
  <trkpt lat="46.54441" lon="12.12749">
    <name>TP7242</name>
  </trkpt>
  <trkpt lat="46.5444" lon="12.12748">
    <name>TP7243</name>
  </trkpt>
  <trkpt lat="46.54439" lon="12.12748">
    <name>TP7244</name>
  </trkpt>
  <trkpt lat="46.54437" lon="12.12748">
    <name>TP7245</name>
  </trkpt>
  <trkpt lat="46.54435" lon="12.12748">
    <name>TP7246</name>
  </trkpt>
  <trkpt lat="46.54432" lon="12.12749">
    <name>TP7247</name>
  </trkpt>
  <trkpt lat="46.54422" lon="12.12755">
    <name>TP7248</name>
  </trkpt>
  <trkpt lat="46.5442" lon="12.12756">
    <name>TP7249</name>
  </trkpt>
  <trkpt lat="46.5439" lon="12.12774">
    <name>TP7250</name>
  </trkpt>
  <trkpt lat="46.54386" lon="12.12776">
    <name>TP7251</name>
  </trkpt>
  <trkpt lat="46.54385" lon="12.12777">
    <name>TP7252</name>
  </trkpt>
  <trkpt lat="46.54383" lon="12.12777">
    <name>TP7253</name>
  </trkpt>
  <trkpt lat="46.5438" lon="12.12778">
    <name>TP7254</name>
  </trkpt>
  <trkpt lat="46.54378" lon="12.12777">
    <name>TP7255</name>
  </trkpt>
  <trkpt lat="46.54374" lon="12.12777">
    <name>TP7256</name>
  </trkpt>
  <trkpt lat="46.54373" lon="12.12776">
    <name>TP7257</name>
  </trkpt>
  <trkpt lat="46.54371" lon="12.12776">
    <name>TP7258</name>
  </trkpt>
  <trkpt lat="46.54362" lon="12.12771">
    <name>TP7259</name>
  </trkpt>
  <trkpt lat="46.5436" lon="12.12769">
    <name>TP7260</name>
  </trkpt>
  <trkpt lat="46.54358" lon="12.12767">
    <name>TP7261</name>
  </trkpt>
  <trkpt lat="46.54357" lon="12.12764">
    <name>TP7262</name>
  </trkpt>
  <trkpt lat="46.54356" lon="12.12761">
    <name>TP7263</name>
  </trkpt>
  <trkpt lat="46.54354" lon="12.12756">
    <name>TP7264</name>
  </trkpt>
  <trkpt lat="46.54351" lon="12.12745">
    <name>TP7265</name>
  </trkpt>
  <trkpt lat="46.54348" lon="12.12731">
    <name>TP7266</name>
  </trkpt>
  <trkpt lat="46.54347" lon="12.12729">
    <name>TP7267</name>
  </trkpt>
  <trkpt lat="46.54344" lon="12.12711">
    <name>TP7268</name>
  </trkpt>
  <trkpt lat="46.54342" lon="12.12699">
    <name>TP7269</name>
  </trkpt>
  <trkpt lat="46.54339" lon="12.1269">
    <name>TP7270</name>
  </trkpt>
  <trkpt lat="46.54335" lon="12.12679">
    <name>TP7271</name>
  </trkpt>
  <trkpt lat="46.54329" lon="12.12668">
    <name>TP7272</name>
  </trkpt>
  <trkpt lat="46.54309" lon="12.12641">
    <name>TP7273</name>
  </trkpt>
  <trkpt lat="46.54309" lon="12.1264">
    <name>TP7274</name>
  </trkpt>
  <trkpt lat="46.54306" lon="12.12635">
    <name>TP7275</name>
  </trkpt>
  <trkpt lat="46.54291" lon="12.12616">
    <name>TP7276</name>
  </trkpt>
  <trkpt lat="46.54289" lon="12.12613">
    <name>TP7277</name>
  </trkpt>
  <trkpt lat="46.54287" lon="12.1261">
    <name>TP7278</name>
  </trkpt>
  <trkpt lat="46.54283" lon="12.12603">
    <name>TP7279</name>
  </trkpt>
  <trkpt lat="46.54274" lon="12.12585">
    <name>TP7280</name>
  </trkpt>
  <trkpt lat="46.54265" lon="12.12548">
    <name>TP7281</name>
  </trkpt>
  <trkpt lat="46.54262" lon="12.12532">
    <name>TP7282</name>
  </trkpt>
  <trkpt lat="46.54258" lon="12.12513">
    <name>TP7283</name>
  </trkpt>
  <trkpt lat="46.54255" lon="12.12498">
    <name>TP7284</name>
  </trkpt>
  <trkpt lat="46.54253" lon="12.1249">
    <name>TP7285</name>
  </trkpt>
  <trkpt lat="46.54252" lon="12.12483">
    <name>TP7286</name>
  </trkpt>
  <trkpt lat="46.54249" lon="12.12476">
    <name>TP7287</name>
  </trkpt>
  <trkpt lat="46.54244" lon="12.12468">
    <name>TP7288</name>
  </trkpt>
  <trkpt lat="46.54243" lon="12.12468">
    <name>TP7289</name>
  </trkpt>
  <trkpt lat="46.54242" lon="12.12466">
    <name>TP7290</name>
  </trkpt>
  <trkpt lat="46.5424" lon="12.12465">
    <name>TP7291</name>
  </trkpt>
  <trkpt lat="46.54239" lon="12.12464">
    <name>TP7292</name>
  </trkpt>
  <trkpt lat="46.54238" lon="12.12464">
    <name>TP7293</name>
  </trkpt>
  <trkpt lat="46.54237" lon="12.12463">
    <name>TP7294</name>
  </trkpt>
  <trkpt lat="46.54235" lon="12.12463">
    <name>TP7295</name>
  </trkpt>
  <trkpt lat="46.54234" lon="12.12463">
    <name>TP7296</name>
  </trkpt>
  <trkpt lat="46.54232" lon="12.12462">
    <name>TP7297</name>
  </trkpt>
  <trkpt lat="46.5423" lon="12.12462">
    <name>TP7298</name>
  </trkpt>
  <trkpt lat="46.54228" lon="12.12462">
    <name>TP7299</name>
  </trkpt>
  <trkpt lat="46.54223" lon="12.12463">
    <name>TP7300</name>
  </trkpt>
  <trkpt lat="46.54218" lon="12.12465">
    <name>TP7301</name>
  </trkpt>
  <trkpt lat="46.54203" lon="12.12472">
    <name>TP7302</name>
  </trkpt>
  <trkpt lat="46.54196" lon="12.12475">
    <name>TP7303</name>
  </trkpt>
  <trkpt lat="46.54181" lon="12.12481">
    <name>TP7304</name>
  </trkpt>
  <trkpt lat="46.54169" lon="12.12485">
    <name>TP7305</name>
  </trkpt>
  <trkpt lat="46.54162" lon="12.12486">
    <name>TP7306</name>
  </trkpt>
  <trkpt lat="46.54151" lon="12.12485">
    <name>TP7307</name>
  </trkpt>
  <trkpt lat="46.54118" lon="12.12475">
    <name>TP7308</name>
  </trkpt>
  <trkpt lat="46.54098" lon="12.12468">
    <name>TP7309</name>
  </trkpt>
  <trkpt lat="46.54037" lon="12.12454">
    <name>TP7310</name>
  </trkpt>
  <trkpt lat="46.54029" lon="12.12452">
    <name>TP7311</name>
  </trkpt>
  <trkpt lat="46.54013" lon="12.12447">
    <name>TP7312</name>
  </trkpt>
  <trkpt lat="46.54009" lon="12.12446">
    <name>TP7313</name>
  </trkpt>
  <trkpt lat="46.54008" lon="12.12445">
    <name>TP7314</name>
  </trkpt>
  <trkpt lat="46.53996" lon="12.12439">
    <name>TP7315</name>
  </trkpt>
  <trkpt lat="46.53944" lon="12.12405">
    <name>TP7316</name>
  </trkpt>
  <trkpt lat="46.53943" lon="12.12404">
    <name>TP7317</name>
  </trkpt>
  <trkpt lat="46.53926" lon="12.12394">
    <name>TP7318</name>
  </trkpt>
  <trkpt lat="46.53922" lon="12.12391">
    <name>TP7319</name>
  </trkpt>
  <trkpt lat="46.53913" lon="12.12386">
    <name>TP7320</name>
  </trkpt>
  <trkpt lat="46.53911" lon="12.12386">
    <name>TP7321</name>
  </trkpt>
  <trkpt lat="46.53908" lon="12.12385">
    <name>TP7322</name>
  </trkpt>
  <trkpt lat="46.53905" lon="12.12385">
    <name>TP7323</name>
  </trkpt>
  <trkpt lat="46.53897" lon="12.12384">
    <name>TP7324</name>
  </trkpt>
  <trkpt lat="46.53891" lon="12.12384">
    <name>TP7325</name>
  </trkpt>
  <trkpt lat="46.53884" lon="12.12386">
    <name>TP7326</name>
  </trkpt>
  <trkpt lat="46.53874" lon="12.12391">
    <name>TP7327</name>
  </trkpt>
  <trkpt lat="46.53867" lon="12.12395">
    <name>TP7328</name>
  </trkpt>
  <trkpt lat="46.53856" lon="12.12406">
    <name>TP7329</name>
  </trkpt>
  <trkpt lat="46.53836" lon="12.12425">
    <name>TP7330</name>
  </trkpt>
  <trkpt lat="46.53809" lon="12.12452">
    <name>TP7331</name>
  </trkpt>
  <trkpt lat="46.53768" lon="12.12492">
    <name>TP7332</name>
  </trkpt>
  <trkpt lat="46.53756" lon="12.12501">
    <name>TP7333</name>
  </trkpt>
  <trkpt lat="46.5375" lon="12.12503">
    <name>TP7334</name>
  </trkpt>
  <trkpt lat="46.53745" lon="12.12504">
    <name>TP7335</name>
  </trkpt>
  <trkpt lat="46.53741" lon="12.12504">
    <name>TP7336</name>
  </trkpt>
  <trkpt lat="46.53736" lon="12.12503">
    <name>TP7337</name>
  </trkpt>
  <trkpt lat="46.5373" lon="12.125">
    <name>TP7338</name>
  </trkpt>
  <trkpt lat="46.53728" lon="12.12498">
    <name>TP7339</name>
  </trkpt>
  <trkpt lat="46.53721" lon="12.12493">
    <name>TP7340</name>
  </trkpt>
  <trkpt lat="46.53715" lon="12.12487">
    <name>TP7341</name>
  </trkpt>
  <trkpt lat="46.53686" lon="12.12458">
    <name>TP7342</name>
  </trkpt>
  <trkpt lat="46.53683" lon="12.12454">
    <name>TP7343</name>
  </trkpt>
  <trkpt lat="46.53651" lon="12.12423">
    <name>TP7344</name>
  </trkpt>
  <trkpt lat="46.53647" lon="12.1242">
    <name>TP7345</name>
  </trkpt>
  <trkpt lat="46.53641" lon="12.12414">
    <name>TP7346</name>
  </trkpt>
  <trkpt lat="46.53626" lon="12.12421">
    <name>TP7347</name>
  </trkpt>
  <trkpt lat="46.53623" lon="12.12422">
    <name>TP7348</name>
  </trkpt>
  <trkpt lat="46.53619" lon="12.12422">
    <name>TP7349</name>
  </trkpt>
  <trkpt lat="46.53617" lon="12.12421">
    <name>TP7350</name>
  </trkpt>
  <trkpt lat="46.53612" lon="12.1242">
    <name>TP7351</name>
  </trkpt>
  <trkpt lat="46.53606" lon="12.12416">
    <name>TP7352</name>
  </trkpt>
  <trkpt lat="46.53572" lon="12.12398">
    <name>TP7353</name>
  </trkpt>
  <trkpt lat="46.53563" lon="12.12393">
    <name>TP7354</name>
  </trkpt>
  <trkpt lat="46.53551" lon="12.12386">
    <name>TP7355</name>
  </trkpt>
  <trkpt lat="46.53541" lon="12.1238">
    <name>TP7356</name>
  </trkpt>
  <trkpt lat="46.53537" lon="12.12377">
    <name>TP7357</name>
  </trkpt>
  <trkpt lat="46.53529" lon="12.12371">
    <name>TP7358</name>
  </trkpt>
  <trkpt lat="46.53516" lon="12.12358">
    <name>TP7359</name>
  </trkpt>
  <trkpt lat="46.53497" lon="12.12349">
    <name>TP7360</name>
  </trkpt>
  <trkpt lat="46.53495" lon="12.12348">
    <name>TP7361</name>
  </trkpt>
  <trkpt lat="46.53461" lon="12.12333">
    <name>TP7362</name>
  </trkpt>
  <trkpt lat="46.53445" lon="12.12325">
    <name>TP7363</name>
  </trkpt>
  <trkpt lat="46.5344" lon="12.12323">
    <name>TP7364</name>
  </trkpt>
  <trkpt lat="46.53438" lon="12.12322">
    <name>TP7365</name>
  </trkpt>
  <trkpt lat="46.5343" lon="12.12317">
    <name>TP7366</name>
  </trkpt>
  <trkpt lat="46.53419" lon="12.1231">
    <name>TP7367</name>
  </trkpt>
  <trkpt lat="46.53412" lon="12.12303">
    <name>TP7368</name>
  </trkpt>
  <trkpt lat="46.53408" lon="12.12298">
    <name>TP7369</name>
  </trkpt>
  <trkpt lat="46.53398" lon="12.12288">
    <name>TP7370</name>
  </trkpt>
  <trkpt lat="46.53395" lon="12.12286">
    <name>TP7371</name>
  </trkpt>
  <trkpt lat="46.53391" lon="12.12281">
    <name>TP7372</name>
  </trkpt>
  <trkpt lat="46.53382" lon="12.1227">
    <name>TP7373</name>
  </trkpt>
  <trkpt lat="46.53379" lon="12.12266">
    <name>TP7374</name>
  </trkpt>
  <trkpt lat="46.53378" lon="12.12264">
    <name>TP7375</name>
  </trkpt>
  <trkpt lat="46.53375" lon="12.12258">
    <name>TP7376</name>
  </trkpt>
  <trkpt lat="46.5337" lon="12.12246">
    <name>TP7377</name>
  </trkpt>
  <trkpt lat="46.53365" lon="12.1223">
    <name>TP7378</name>
  </trkpt>
  <trkpt lat="46.53359" lon="12.1221">
    <name>TP7379</name>
  </trkpt>
  <trkpt lat="46.53355" lon="12.12205">
    <name>TP7380</name>
  </trkpt>
  <trkpt lat="46.53351" lon="12.122">
    <name>TP7381</name>
  </trkpt>
  <trkpt lat="46.53349" lon="12.122">
    <name>TP7382</name>
  </trkpt>
  <trkpt lat="46.53341" lon="12.12196">
    <name>TP7383</name>
  </trkpt>
  <trkpt lat="46.53327" lon="12.12188">
    <name>TP7384</name>
  </trkpt>
  <trkpt lat="46.53307" lon="12.12174">
    <name>TP7385</name>
  </trkpt>
  <trkpt lat="46.53302" lon="12.1217">
    <name>TP7386</name>
  </trkpt>
  <trkpt lat="46.533" lon="12.12168">
    <name>TP7387</name>
  </trkpt>
  <trkpt lat="46.53298" lon="12.12166">
    <name>TP7388</name>
  </trkpt>
  <trkpt lat="46.53291" lon="12.12158">
    <name>TP7389</name>
  </trkpt>
  <trkpt lat="46.53286" lon="12.1215">
    <name>TP7390</name>
  </trkpt>
  <trkpt lat="46.5328" lon="12.1214">
    <name>TP7391</name>
  </trkpt>
  <trkpt lat="46.53276" lon="12.12133">
    <name>TP7392</name>
  </trkpt>
  <trkpt lat="46.53265" lon="12.12113">
    <name>TP7393</name>
  </trkpt>
  <trkpt lat="46.53262" lon="12.1211">
    <name>TP7394</name>
  </trkpt>
  <trkpt lat="46.5326" lon="12.12107">
    <name>TP7395</name>
  </trkpt>
  <trkpt lat="46.53257" lon="12.12105">
    <name>TP7396</name>
  </trkpt>
  <trkpt lat="46.53251" lon="12.12102">
    <name>TP7397</name>
  </trkpt>
  <trkpt lat="46.53246" lon="12.121">
    <name>TP7398</name>
  </trkpt>
  <trkpt lat="46.53238" lon="12.12098">
    <name>TP7399</name>
  </trkpt>
  <trkpt lat="46.53232" lon="12.12097">
    <name>TP7400</name>
  </trkpt>
  <trkpt lat="46.53227" lon="12.12097">
    <name>TP7401</name>
  </trkpt>
  <trkpt lat="46.53219" lon="12.12099">
    <name>TP7402</name>
  </trkpt>
  <trkpt lat="46.53213" lon="12.12101">
    <name>TP7403</name>
  </trkpt>
  <trkpt lat="46.53199" lon="12.12108">
    <name>TP7404</name>
  </trkpt>
  <trkpt lat="46.5319" lon="12.12114">
    <name>TP7405</name>
  </trkpt>
  <trkpt lat="46.53177" lon="12.12121">
    <name>TP7406</name>
  </trkpt>
  <trkpt lat="46.53169" lon="12.12123">
    <name>TP7407</name>
  </trkpt>
  <trkpt lat="46.53166" lon="12.12125">
    <name>TP7408</name>
  </trkpt>
  <trkpt lat="46.53162" lon="12.12125">
    <name>TP7409</name>
  </trkpt>
  <trkpt lat="46.53157" lon="12.12126">
    <name>TP7410</name>
  </trkpt>
  <trkpt lat="46.53144" lon="12.12125">
    <name>TP7411</name>
  </trkpt>
  <trkpt lat="46.5314" lon="12.12125">
    <name>TP7412</name>
  </trkpt>
  <trkpt lat="46.53092" lon="12.12119">
    <name>TP7413</name>
  </trkpt>
  <trkpt lat="46.53086" lon="12.12119">
    <name>TP7414</name>
  </trkpt>
  <trkpt lat="46.53033" lon="12.12116">
    <name>TP7415</name>
  </trkpt>
  <trkpt lat="46.53032" lon="12.12116">
    <name>TP7416</name>
  </trkpt>
  <trkpt lat="46.53006" lon="12.12114">
    <name>TP7417</name>
  </trkpt>
  <trkpt lat="46.52989" lon="12.12113">
    <name>TP7418</name>
  </trkpt>
  <trkpt lat="46.52971" lon="12.12111">
    <name>TP7419</name>
  </trkpt>
  <trkpt lat="46.52956" lon="12.12111">
    <name>TP7420</name>
  </trkpt>
  <trkpt lat="46.52944" lon="12.12112">
    <name>TP7421</name>
  </trkpt>
  <trkpt lat="46.5293" lon="12.12114">
    <name>TP7422</name>
  </trkpt>
  <trkpt lat="46.52925" lon="12.12115">
    <name>TP7423</name>
  </trkpt>
  <trkpt lat="46.529" lon="12.12122">
    <name>TP7424</name>
  </trkpt>
  <trkpt lat="46.52887" lon="12.12126">
    <name>TP7425</name>
  </trkpt>
  <trkpt lat="46.52872" lon="12.12132">
    <name>TP7426</name>
  </trkpt>
  <trkpt lat="46.52871" lon="12.12132">
    <name>TP7427</name>
  </trkpt>
  <trkpt lat="46.52869" lon="12.12133">
    <name>TP7428</name>
  </trkpt>
  <trkpt lat="46.52849" lon="12.12142">
    <name>TP7429</name>
  </trkpt>
  <trkpt lat="46.52837" lon="12.12145">
    <name>TP7430</name>
  </trkpt>
  <trkpt lat="46.52836" lon="12.12146">
    <name>TP7431</name>
  </trkpt>
  <trkpt lat="46.52834" lon="12.12146">
    <name>TP7432</name>
  </trkpt>
  <trkpt lat="46.52829" lon="12.12147">
    <name>TP7433</name>
  </trkpt>
  <trkpt lat="46.52823" lon="12.12147">
    <name>TP7434</name>
  </trkpt>
  <trkpt lat="46.52815" lon="12.12145">
    <name>TP7435</name>
  </trkpt>
  <trkpt lat="46.52806" lon="12.12142">
    <name>TP7436</name>
  </trkpt>
  <trkpt lat="46.5279" lon="12.12133">
    <name>TP7437</name>
  </trkpt>
  <trkpt lat="46.52785" lon="12.1213">
    <name>TP7438</name>
  </trkpt>
  <trkpt lat="46.52783" lon="12.12128">
    <name>TP7439</name>
  </trkpt>
  <trkpt lat="46.52773" lon="12.12121">
    <name>TP7440</name>
  </trkpt>
  <trkpt lat="46.52745" lon="12.12096">
    <name>TP7441</name>
  </trkpt>
  <trkpt lat="46.52711" lon="12.12067">
    <name>TP7442</name>
  </trkpt>
  <trkpt lat="46.52708" lon="12.12065">
    <name>TP7443</name>
  </trkpt>
  <trkpt lat="46.52704" lon="12.12064">
    <name>TP7444</name>
  </trkpt>
  <trkpt lat="46.52704" lon="12.12063">
    <name>TP7445</name>
  </trkpt>
  <trkpt lat="46.52701" lon="12.12062">
    <name>TP7446</name>
  </trkpt>
  <trkpt lat="46.527" lon="12.12062">
    <name>TP7447</name>
  </trkpt>
  <trkpt lat="46.52697" lon="12.12061">
    <name>TP7448</name>
  </trkpt>
  <trkpt lat="46.52693" lon="12.1206">
    <name>TP7449</name>
  </trkpt>
  <trkpt lat="46.5269" lon="12.1206">
    <name>TP7450</name>
  </trkpt>
  <trkpt lat="46.52681" lon="12.12059">
    <name>TP7451</name>
  </trkpt>
  <trkpt lat="46.52664" lon="12.1206">
    <name>TP7452</name>
  </trkpt>
  <trkpt lat="46.5266" lon="12.1206">
    <name>TP7453</name>
  </trkpt>
  <trkpt lat="46.52654" lon="12.12061">
    <name>TP7454</name>
  </trkpt>
  <trkpt lat="46.52651" lon="12.12062">
    <name>TP7455</name>
  </trkpt>
  <trkpt lat="46.52646" lon="12.12063">
    <name>TP7456</name>
  </trkpt>
  <trkpt lat="46.52633" lon="12.12065">
    <name>TP7457</name>
  </trkpt>
  <trkpt lat="46.52627" lon="12.12066">
    <name>TP7458</name>
  </trkpt>
  <trkpt lat="46.52622" lon="12.12066">
    <name>TP7459</name>
  </trkpt>
  <trkpt lat="46.52618" lon="12.12066">
    <name>TP7460</name>
  </trkpt>
  <trkpt lat="46.52614" lon="12.12066">
    <name>TP7461</name>
  </trkpt>
  <trkpt lat="46.5261" lon="12.12065">
    <name>TP7462</name>
  </trkpt>
  <trkpt lat="46.52606" lon="12.12063">
    <name>TP7463</name>
  </trkpt>
  <trkpt lat="46.52559" lon="12.12019">
    <name>TP7464</name>
  </trkpt>
  <trkpt lat="46.52554" lon="12.12017">
    <name>TP7465</name>
  </trkpt>
  <trkpt lat="46.52548" lon="12.12015">
    <name>TP7466</name>
  </trkpt>
  <trkpt lat="46.52543" lon="12.12014">
    <name>TP7467</name>
  </trkpt>
  <trkpt lat="46.52538" lon="12.12013">
    <name>TP7468</name>
  </trkpt>
  <trkpt lat="46.52535" lon="12.12012">
    <name>TP7469</name>
  </trkpt>
  <trkpt lat="46.5252" lon="12.12009">
    <name>TP7470</name>
  </trkpt>
  <trkpt lat="46.5245" lon="12.11997">
    <name>TP7471</name>
  </trkpt>
  <trkpt lat="46.52413" lon="12.11993">
    <name>TP7472</name>
  </trkpt>
  <trkpt lat="46.52409" lon="12.11993">
    <name>TP7473</name>
  </trkpt>
  <trkpt lat="46.52403" lon="12.11993">
    <name>TP7474</name>
  </trkpt>
  <trkpt lat="46.52399" lon="12.11994">
    <name>TP7475</name>
  </trkpt>
  <trkpt lat="46.52395" lon="12.11994">
    <name>TP7476</name>
  </trkpt>
  <trkpt lat="46.52391" lon="12.11996">
    <name>TP7477</name>
  </trkpt>
  <trkpt lat="46.52386" lon="12.11998">
    <name>TP7478</name>
  </trkpt>
  <trkpt lat="46.52378" lon="12.12004">
    <name>TP7479</name>
  </trkpt>
  <trkpt lat="46.52362" lon="12.12016">
    <name>TP7480</name>
  </trkpt>
  <trkpt lat="46.52359" lon="12.12018">
    <name>TP7481</name>
  </trkpt>
  <trkpt lat="46.52355" lon="12.12021">
    <name>TP7482</name>
  </trkpt>
  <trkpt lat="46.52346" lon="12.12027">
    <name>TP7483</name>
  </trkpt>
  <trkpt lat="46.52343" lon="12.12029">
    <name>TP7484</name>
  </trkpt>
  <trkpt lat="46.52339" lon="12.12032">
    <name>TP7485</name>
  </trkpt>
  <trkpt lat="46.52332" lon="12.12036">
    <name>TP7486</name>
  </trkpt>
  <trkpt lat="46.52329" lon="12.12037">
    <name>TP7487</name>
  </trkpt>
  <trkpt lat="46.52324" lon="12.12039">
    <name>TP7488</name>
  </trkpt>
  <trkpt lat="46.52318" lon="12.12039">
    <name>TP7489</name>
  </trkpt>
  <trkpt lat="46.52311" lon="12.12038">
    <name>TP7490</name>
  </trkpt>
  <trkpt lat="46.52301" lon="12.12037">
    <name>TP7491</name>
  </trkpt>
  <trkpt lat="46.52294" lon="12.12035">
    <name>TP7492</name>
  </trkpt>
  <trkpt lat="46.52281" lon="12.12032">
    <name>TP7493</name>
  </trkpt>
  <trkpt lat="46.52276" lon="12.1203">
    <name>TP7494</name>
  </trkpt>
  <trkpt lat="46.52257" lon="12.12023">
    <name>TP7495</name>
  </trkpt>
  <trkpt lat="46.52252" lon="12.1202">
    <name>TP7496</name>
  </trkpt>
  <trkpt lat="46.5225" lon="12.12017">
    <name>TP7497</name>
  </trkpt>
  <trkpt lat="46.52248" lon="12.12016">
    <name>TP7498</name>
  </trkpt>
  <trkpt lat="46.52245" lon="12.12012">
    <name>TP7499</name>
  </trkpt>
  <trkpt lat="46.52244" lon="12.12009">
    <name>TP7500</name>
  </trkpt>
  <trkpt lat="46.52243" lon="12.12007">
    <name>TP7501</name>
  </trkpt>
  <trkpt lat="46.52242" lon="12.12002">
    <name>TP7502</name>
  </trkpt>
  <trkpt lat="46.5224" lon="12.11984">
    <name>TP7503</name>
  </trkpt>
  <trkpt lat="46.5224" lon="12.11983">
    <name>TP7504</name>
  </trkpt>
  <trkpt lat="46.52238" lon="12.11973">
    <name>TP7505</name>
  </trkpt>
  <trkpt lat="46.52237" lon="12.11962">
    <name>TP7506</name>
  </trkpt>
  <trkpt lat="46.52237" lon="12.11958">
    <name>TP7507</name>
  </trkpt>
  <trkpt lat="46.52237" lon="12.11947">
    <name>TP7508</name>
  </trkpt>
  <trkpt lat="46.52236" lon="12.11929">
    <name>TP7509</name>
  </trkpt>
  <trkpt lat="46.52235" lon="12.11902">
    <name>TP7510</name>
  </trkpt>
  <trkpt lat="46.52233" lon="12.11878">
    <name>TP7511</name>
  </trkpt>
  <trkpt lat="46.52231" lon="12.11864">
    <name>TP7512</name>
  </trkpt>
  <trkpt lat="46.52229" lon="12.11854">
    <name>TP7513</name>
  </trkpt>
  <trkpt lat="46.52225" lon="12.11844">
    <name>TP7514</name>
  </trkpt>
  <trkpt lat="46.52222" lon="12.11836">
    <name>TP7515</name>
  </trkpt>
  <trkpt lat="46.52219" lon="12.11833">
    <name>TP7516</name>
  </trkpt>
  <trkpt lat="46.52218" lon="12.11832">
    <name>TP7517</name>
  </trkpt>
  <trkpt lat="46.52213" lon="12.11826">
    <name>TP7518</name>
  </trkpt>
  <trkpt lat="46.52206" lon="12.11819">
    <name>TP7519</name>
  </trkpt>
  <trkpt lat="46.52204" lon="12.11816">
    <name>TP7520</name>
  </trkpt>
  <trkpt lat="46.52189" lon="12.11793">
    <name>TP7521</name>
  </trkpt>
  <trkpt lat="46.52172" lon="12.11768">
    <name>TP7522</name>
  </trkpt>
  <trkpt lat="46.5216" lon="12.11741">
    <name>TP7523</name>
  </trkpt>
  <trkpt lat="46.52156" lon="12.11726">
    <name>TP7524</name>
  </trkpt>
  <trkpt lat="46.5215" lon="12.11698">
    <name>TP7525</name>
  </trkpt>
  <trkpt lat="46.52147" lon="12.11686">
    <name>TP7526</name>
  </trkpt>
  <trkpt lat="46.52146" lon="12.11676">
    <name>TP7527</name>
  </trkpt>
  <trkpt lat="46.52143" lon="12.11661">
    <name>TP7528</name>
  </trkpt>
  <trkpt lat="46.52141" lon="12.11651">
    <name>TP7529</name>
  </trkpt>
  <trkpt lat="46.52141" lon="12.1165">
    <name>TP7530</name>
  </trkpt>
  <trkpt lat="46.52138" lon="12.11633">
    <name>TP7531</name>
  </trkpt>
  <trkpt lat="46.52133" lon="12.11612">
    <name>TP7532</name>
  </trkpt>
  <trkpt lat="46.52127" lon="12.1158">
    <name>TP7533</name>
  </trkpt>
  <trkpt lat="46.52126" lon="12.11564">
    <name>TP7534</name>
  </trkpt>
  <trkpt lat="46.52126" lon="12.11548">
    <name>TP7535</name>
  </trkpt>
  <trkpt lat="46.52126" lon="12.11519">
    <name>TP7536</name>
  </trkpt>
  <trkpt lat="46.52125" lon="12.11508">
    <name>TP7537</name>
  </trkpt>
  <trkpt lat="46.52125" lon="12.11507">
    <name>TP7538</name>
  </trkpt>
  <trkpt lat="46.52123" lon="12.115">
    <name>TP7539</name>
  </trkpt>
  <trkpt lat="46.52122" lon="12.11499">
    <name>TP7540</name>
  </trkpt>
  <trkpt lat="46.52122" lon="12.11498">
    <name>TP7541</name>
  </trkpt>
  <trkpt lat="46.52119" lon="12.11492">
    <name>TP7542</name>
  </trkpt>
  <trkpt lat="46.52116" lon="12.11488">
    <name>TP7543</name>
  </trkpt>
  <trkpt lat="46.52115" lon="12.11487">
    <name>TP7544</name>
  </trkpt>
  <trkpt lat="46.52107" lon="12.11481">
    <name>TP7545</name>
  </trkpt>
  <trkpt lat="46.52094" lon="12.11475">
    <name>TP7546</name>
  </trkpt>
  <trkpt lat="46.52066" lon="12.11465">
    <name>TP7547</name>
  </trkpt>
  <trkpt lat="46.5205" lon="12.11458">
    <name>TP7548</name>
  </trkpt>
  <trkpt lat="46.52049" lon="12.11457">
    <name>TP7549</name>
  </trkpt>
  <trkpt lat="46.52046" lon="12.11453">
    <name>TP7550</name>
  </trkpt>
  <trkpt lat="46.52043" lon="12.11447">
    <name>TP7551</name>
  </trkpt>
  <trkpt lat="46.52042" lon="12.11444">
    <name>TP7552</name>
  </trkpt>
  <trkpt lat="46.52041" lon="12.11443">
    <name>TP7553</name>
  </trkpt>
  <trkpt lat="46.52041" lon="12.11442">
    <name>TP7554</name>
  </trkpt>
  <trkpt lat="46.52041" lon="12.1144">
    <name>TP7555</name>
  </trkpt>
  <trkpt lat="46.52042" lon="12.11435">
    <name>TP7556</name>
  </trkpt>
  <trkpt lat="46.52043" lon="12.11432">
    <name>TP7557</name>
  </trkpt>
  <trkpt lat="46.52043" lon="12.11431">
    <name>TP7558</name>
  </trkpt>
  <trkpt lat="46.52044" lon="12.11429">
    <name>TP7559</name>
  </trkpt>
  <trkpt lat="46.52045" lon="12.11428">
    <name>TP7560</name>
  </trkpt>
  <trkpt lat="46.52046" lon="12.11428">
    <name>TP7561</name>
  </trkpt>
  <trkpt lat="46.52047" lon="12.11427">
    <name>TP7562</name>
  </trkpt>
  <trkpt lat="46.52049" lon="12.11427">
    <name>TP7563</name>
  </trkpt>
  <trkpt lat="46.52051" lon="12.11427">
    <name>TP7564</name>
  </trkpt>
  <trkpt lat="46.52057" lon="12.11429">
    <name>TP7565</name>
  </trkpt>
  <trkpt lat="46.52063" lon="12.11433">
    <name>TP7566</name>
  </trkpt>
  <trkpt lat="46.5207" lon="12.11438">
    <name>TP7567</name>
  </trkpt>
  <trkpt lat="46.5208" lon="12.11446">
    <name>TP7568</name>
  </trkpt>
  <trkpt lat="46.52087" lon="12.1145">
    <name>TP7569</name>
  </trkpt>
  <trkpt lat="46.52088" lon="12.11451">
    <name>TP7570</name>
  </trkpt>
  <trkpt lat="46.52089" lon="12.11451">
    <name>TP7571</name>
  </trkpt>
  <trkpt lat="46.52093" lon="12.11454">
    <name>TP7572</name>
  </trkpt>
  <trkpt lat="46.52099" lon="12.11456">
    <name>TP7573</name>
  </trkpt>
  <trkpt lat="46.52105" lon="12.11458">
    <name>TP7574</name>
  </trkpt>
  <trkpt lat="46.52117" lon="12.1146">
    <name>TP7575</name>
  </trkpt>
  <trkpt lat="46.52124" lon="12.11462">
    <name>TP7576</name>
  </trkpt>
  <trkpt lat="46.52131" lon="12.11466">
    <name>TP7577</name>
  </trkpt>
  <trkpt lat="46.52138" lon="12.11472">
    <name>TP7578</name>
  </trkpt>
  <trkpt lat="46.52143" lon="12.11479">
    <name>TP7579</name>
  </trkpt>
  <trkpt lat="46.52146" lon="12.11486">
    <name>TP7580</name>
  </trkpt>
  <trkpt lat="46.52149" lon="12.11493">
    <name>TP7581</name>
  </trkpt>
  <trkpt lat="46.52149" lon="12.11495">
    <name>TP7582</name>
  </trkpt>
  <trkpt lat="46.5215" lon="12.11498">
    <name>TP7583</name>
  </trkpt>
  <trkpt lat="46.52156" lon="12.1152">
    <name>TP7584</name>
  </trkpt>
  <trkpt lat="46.52157" lon="12.11523">
    <name>TP7585</name>
  </trkpt>
  <trkpt lat="46.52166" lon="12.11539">
    <name>TP7586</name>
  </trkpt>
  <trkpt lat="46.52166" lon="12.1154">
    <name>TP7587</name>
  </trkpt>
  <trkpt lat="46.52167" lon="12.1154">
    <name>TP7588</name>
  </trkpt>
  <trkpt lat="46.52167" lon="12.11541">
    <name>TP7589</name>
  </trkpt>
  <trkpt lat="46.52172" lon="12.11549">
    <name>TP7590</name>
  </trkpt>
  <trkpt lat="46.52181" lon="12.11556">
    <name>TP7591</name>
  </trkpt>
  <trkpt lat="46.52181" lon="12.11557">
    <name>TP7592</name>
  </trkpt>
  <trkpt lat="46.52191" lon="12.11565">
    <name>TP7593</name>
  </trkpt>
  <trkpt lat="46.52196" lon="12.11569">
    <name>TP7594</name>
  </trkpt>
  <trkpt lat="46.52197" lon="12.11569">
    <name>TP7595</name>
  </trkpt>
  <trkpt lat="46.52211" lon="12.1158">
    <name>TP7596</name>
  </trkpt>
  <trkpt lat="46.52212" lon="12.11581">
    <name>TP7597</name>
  </trkpt>
  <trkpt lat="46.5223" lon="12.11594">
    <name>TP7598</name>
  </trkpt>
  <trkpt lat="46.52242" lon="12.11603">
    <name>TP7599</name>
  </trkpt>
  <trkpt lat="46.52244" lon="12.11605">
    <name>TP7600</name>
  </trkpt>
  <trkpt lat="46.52245" lon="12.11605">
    <name>TP7601</name>
  </trkpt>
  <trkpt lat="46.5226" lon="12.11618">
    <name>TP7602</name>
  </trkpt>
  <trkpt lat="46.5226" lon="12.11619">
    <name>TP7603</name>
  </trkpt>
  <trkpt lat="46.52261" lon="12.11619">
    <name>TP7604</name>
  </trkpt>
  <trkpt lat="46.52284" lon="12.11643">
    <name>TP7605</name>
  </trkpt>
  <trkpt lat="46.52294" lon="12.11652">
    <name>TP7606</name>
  </trkpt>
  <trkpt lat="46.52298" lon="12.11656">
    <name>TP7607</name>
  </trkpt>
  <trkpt lat="46.52299" lon="12.11656">
    <name>TP7608</name>
  </trkpt>
  <trkpt lat="46.523" lon="12.11656">
    <name>TP7609</name>
  </trkpt>
  <trkpt lat="46.52302" lon="12.11656">
    <name>TP7610</name>
  </trkpt>
  <trkpt lat="46.52303" lon="12.11655">
    <name>TP7611</name>
  </trkpt>
  <trkpt lat="46.52304" lon="12.11654">
    <name>TP7612</name>
  </trkpt>
  <trkpt lat="46.52305" lon="12.11653">
    <name>TP7613</name>
  </trkpt>
  <trkpt lat="46.52306" lon="12.11652">
    <name>TP7614</name>
  </trkpt>
  <trkpt lat="46.52308" lon="12.1165">
    <name>TP7615</name>
  </trkpt>
  <trkpt lat="46.52308" lon="12.11648">
    <name>TP7616</name>
  </trkpt>
  <trkpt lat="46.52309" lon="12.11646">
    <name>TP7617</name>
  </trkpt>
  <trkpt lat="46.5231" lon="12.11641">
    <name>TP7618</name>
  </trkpt>
  <trkpt lat="46.5231" lon="12.11638">
    <name>TP7619</name>
  </trkpt>
  <trkpt lat="46.5231" lon="12.11636">
    <name>TP7620</name>
  </trkpt>
  <trkpt lat="46.52308" lon="12.11631">
    <name>TP7621</name>
  </trkpt>
  <trkpt lat="46.52307" lon="12.11628">
    <name>TP7622</name>
  </trkpt>
  <trkpt lat="46.52305" lon="12.11624">
    <name>TP7623</name>
  </trkpt>
  <trkpt lat="46.52296" lon="12.11615">
    <name>TP7624</name>
  </trkpt>
  <trkpt lat="46.52279" lon="12.11599">
    <name>TP7625</name>
  </trkpt>
  <trkpt lat="46.52265" lon="12.11586">
    <name>TP7626</name>
  </trkpt>
  <trkpt lat="46.52264" lon="12.11585">
    <name>TP7627</name>
  </trkpt>
  <trkpt lat="46.52264" lon="12.11584">
    <name>TP7628</name>
  </trkpt>
  <trkpt lat="46.52259" lon="12.11579">
    <name>TP7629</name>
  </trkpt>
  <trkpt lat="46.52239" lon="12.11559">
    <name>TP7630</name>
  </trkpt>
  <trkpt lat="46.52221" lon="12.11538">
    <name>TP7631</name>
  </trkpt>
  <trkpt lat="46.5222" lon="12.11538">
    <name>TP7632</name>
  </trkpt>
  <trkpt lat="46.52215" lon="12.11531">
    <name>TP7633</name>
  </trkpt>
  <trkpt lat="46.52208" lon="12.11522">
    <name>TP7634</name>
  </trkpt>
  <trkpt lat="46.52207" lon="12.11521">
    <name>TP7635</name>
  </trkpt>
  <trkpt lat="46.52207" lon="12.1152">
    <name>TP7636</name>
  </trkpt>
  <trkpt lat="46.52201" lon="12.1151">
    <name>TP7637</name>
  </trkpt>
  <trkpt lat="46.52199" lon="12.11505">
    <name>TP7638</name>
  </trkpt>
  <trkpt lat="46.52195" lon="12.11495">
    <name>TP7639</name>
  </trkpt>
  <trkpt lat="46.52193" lon="12.11487">
    <name>TP7640</name>
  </trkpt>
  <trkpt lat="46.52193" lon="12.11483">
    <name>TP7641</name>
  </trkpt>
  <trkpt lat="46.52193" lon="12.11476">
    <name>TP7642</name>
  </trkpt>
  <trkpt lat="46.52194" lon="12.11468">
    <name>TP7643</name>
  </trkpt>
  <trkpt lat="46.52195" lon="12.11454">
    <name>TP7644</name>
  </trkpt>
  <trkpt lat="46.52196" lon="12.11449">
    <name>TP7645</name>
  </trkpt>
  <trkpt lat="46.52196" lon="12.11438">
    <name>TP7646</name>
  </trkpt>
  <trkpt lat="46.52196" lon="12.11433">
    <name>TP7647</name>
  </trkpt>
  <trkpt lat="46.52194" lon="12.11426">
    <name>TP7648</name>
  </trkpt>
  <trkpt lat="46.52193" lon="12.11422">
    <name>TP7649</name>
  </trkpt>
  <trkpt lat="46.52192" lon="12.11416">
    <name>TP7650</name>
  </trkpt>
  <trkpt lat="46.52185" lon="12.11401">
    <name>TP7651</name>
  </trkpt>
  <trkpt lat="46.52183" lon="12.11399">
    <name>TP7652</name>
  </trkpt>
  <trkpt lat="46.52173" lon="12.11381">
    <name>TP7653</name>
  </trkpt>
  <trkpt lat="46.52166" lon="12.11367">
    <name>TP7654</name>
  </trkpt>
  <trkpt lat="46.52162" lon="12.11361">
    <name>TP7655</name>
  </trkpt>
  <trkpt lat="46.52156" lon="12.1135">
    <name>TP7656</name>
  </trkpt>
  <trkpt lat="46.52154" lon="12.11345">
    <name>TP7657</name>
  </trkpt>
  <trkpt lat="46.52153" lon="12.11338">
    <name>TP7658</name>
  </trkpt>
  <trkpt lat="46.52153" lon="12.11333">
    <name>TP7659</name>
  </trkpt>
  <trkpt lat="46.52154" lon="12.11328">
    <name>TP7660</name>
  </trkpt>
  <trkpt lat="46.52155" lon="12.11325">
    <name>TP7661</name>
  </trkpt>
  <trkpt lat="46.52157" lon="12.11322">
    <name>TP7662</name>
  </trkpt>
  <trkpt lat="46.52158" lon="12.11321">
    <name>TP7663</name>
  </trkpt>
  <trkpt lat="46.5216" lon="12.1132">
    <name>TP7664</name>
  </trkpt>
  <trkpt lat="46.52163" lon="12.11318">
    <name>TP7665</name>
  </trkpt>
  <trkpt lat="46.52166" lon="12.11318">
    <name>TP7666</name>
  </trkpt>
  <trkpt lat="46.5217" lon="12.11318">
    <name>TP7667</name>
  </trkpt>
  <trkpt lat="46.52185" lon="12.11323">
    <name>TP7668</name>
  </trkpt>
  <trkpt lat="46.52197" lon="12.1133">
    <name>TP7669</name>
  </trkpt>
  <trkpt lat="46.522" lon="12.11332">
    <name>TP7670</name>
  </trkpt>
  <trkpt lat="46.52207" lon="12.11338">
    <name>TP7671</name>
  </trkpt>
  <trkpt lat="46.52211" lon="12.11342">
    <name>TP7672</name>
  </trkpt>
  <trkpt lat="46.52212" lon="12.11343">
    <name>TP7673</name>
  </trkpt>
  <trkpt lat="46.52214" lon="12.11346">
    <name>TP7674</name>
  </trkpt>
  <trkpt lat="46.52219" lon="12.1136">
    <name>TP7675</name>
  </trkpt>
  <trkpt lat="46.5223" lon="12.11387">
    <name>TP7676</name>
  </trkpt>
  <trkpt lat="46.5223" lon="12.11389">
    <name>TP7677</name>
  </trkpt>
  <trkpt lat="46.52238" lon="12.11412">
    <name>TP7678</name>
  </trkpt>
  <trkpt lat="46.52251" lon="12.11451">
    <name>TP7679</name>
  </trkpt>
  <trkpt lat="46.52254" lon="12.11456">
    <name>TP7680</name>
  </trkpt>
  <trkpt lat="46.52255" lon="12.11458">
    <name>TP7681</name>
  </trkpt>
  <trkpt lat="46.52259" lon="12.11466">
    <name>TP7682</name>
  </trkpt>
  <trkpt lat="46.52264" lon="12.11472">
    <name>TP7683</name>
  </trkpt>
  <trkpt lat="46.5227" lon="12.11476">
    <name>TP7684</name>
  </trkpt>
  <trkpt lat="46.52276" lon="12.11477">
    <name>TP7685</name>
  </trkpt>
  <trkpt lat="46.52279" lon="12.11477">
    <name>TP7686</name>
  </trkpt>
  <trkpt lat="46.52284" lon="12.11476">
    <name>TP7687</name>
  </trkpt>
  <trkpt lat="46.52322" lon="12.11447">
    <name>TP7688</name>
  </trkpt>
  <trkpt lat="46.52331" lon="12.1144">
    <name>TP7689</name>
  </trkpt>
  <trkpt lat="46.52333" lon="12.11437">
    <name>TP7690</name>
  </trkpt>
  <trkpt lat="46.52337" lon="12.11433">
    <name>TP7691</name>
  </trkpt>
  <trkpt lat="46.5234" lon="12.11427">
    <name>TP7692</name>
  </trkpt>
  <trkpt lat="46.52342" lon="12.11424">
    <name>TP7693</name>
  </trkpt>
  <trkpt lat="46.52342" lon="12.1142">
    <name>TP7694</name>
  </trkpt>
  <trkpt lat="46.52342" lon="12.11419">
    <name>TP7695</name>
  </trkpt>
  <trkpt lat="46.52342" lon="12.11416">
    <name>TP7696</name>
  </trkpt>
  <trkpt lat="46.52342" lon="12.11412">
    <name>TP7697</name>
  </trkpt>
  <trkpt lat="46.5234" lon="12.11408">
    <name>TP7698</name>
  </trkpt>
  <trkpt lat="46.52339" lon="12.11404">
    <name>TP7699</name>
  </trkpt>
  <trkpt lat="46.52336" lon="12.11401">
    <name>TP7700</name>
  </trkpt>
  <trkpt lat="46.52332" lon="12.11399">
    <name>TP7701</name>
  </trkpt>
  <trkpt lat="46.52325" lon="12.11397">
    <name>TP7702</name>
  </trkpt>
  <trkpt lat="46.52313" lon="12.11397">
    <name>TP7703</name>
  </trkpt>
  <trkpt lat="46.5231" lon="12.11397">
    <name>TP7704</name>
  </trkpt>
  <trkpt lat="46.52308" lon="12.11397">
    <name>TP7705</name>
  </trkpt>
  <trkpt lat="46.52306" lon="12.11397">
    <name>TP7706</name>
  </trkpt>
  <trkpt lat="46.52305" lon="12.11396">
    <name>TP7707</name>
  </trkpt>
  <trkpt lat="46.52303" lon="12.11395">
    <name>TP7708</name>
  </trkpt>
  <trkpt lat="46.52302" lon="12.11393">
    <name>TP7709</name>
  </trkpt>
  <trkpt lat="46.52301" lon="12.11392">
    <name>TP7710</name>
  </trkpt>
  <trkpt lat="46.523" lon="12.1139">
    <name>TP7711</name>
  </trkpt>
  <trkpt lat="46.523" lon="12.11388">
    <name>TP7712</name>
  </trkpt>
  <trkpt lat="46.52299" lon="12.11386">
    <name>TP7713</name>
  </trkpt>
  <trkpt lat="46.52299" lon="12.11383">
    <name>TP7714</name>
  </trkpt>
  <trkpt lat="46.52299" lon="12.11381">
    <name>TP7715</name>
  </trkpt>
  <trkpt lat="46.523" lon="12.11378">
    <name>TP7716</name>
  </trkpt>
  <trkpt lat="46.523" lon="12.11376">
    <name>TP7717</name>
  </trkpt>
  <trkpt lat="46.52301" lon="12.11373">
    <name>TP7718</name>
  </trkpt>
  <trkpt lat="46.52302" lon="12.11372">
    <name>TP7719</name>
  </trkpt>
  <trkpt lat="46.52305" lon="12.1137">
    <name>TP7720</name>
  </trkpt>
  <trkpt lat="46.52307" lon="12.11369">
    <name>TP7721</name>
  </trkpt>
  <trkpt lat="46.52309" lon="12.11368">
    <name>TP7722</name>
  </trkpt>
  <trkpt lat="46.5231" lon="12.11368">
    <name>TP7723</name>
  </trkpt>
  <trkpt lat="46.52311" lon="12.11367">
    <name>TP7724</name>
  </trkpt>
  <trkpt lat="46.52323" lon="12.11368">
    <name>TP7725</name>
  </trkpt>
  <trkpt lat="46.52344" lon="12.11372">
    <name>TP7726</name>
  </trkpt>
  <trkpt lat="46.52346" lon="12.11372">
    <name>TP7727</name>
  </trkpt>
  <trkpt lat="46.52359" lon="12.11372">
    <name>TP7728</name>
  </trkpt>
  <trkpt lat="46.52362" lon="12.11371">
    <name>TP7729</name>
  </trkpt>
  <trkpt lat="46.52374" lon="12.11368">
    <name>TP7730</name>
  </trkpt>
  <trkpt lat="46.52379" lon="12.11365">
    <name>TP7731</name>
  </trkpt>
  <trkpt lat="46.52397" lon="12.11358">
    <name>TP7732</name>
  </trkpt>
  <trkpt lat="46.52407" lon="12.11352">
    <name>TP7733</name>
  </trkpt>
  <trkpt lat="46.52413" lon="12.11349">
    <name>TP7734</name>
  </trkpt>
  <trkpt lat="46.52424" lon="12.1134">
    <name>TP7735</name>
  </trkpt>
  <trkpt lat="46.52432" lon="12.11332">
    <name>TP7736</name>
  </trkpt>
  <trkpt lat="46.52437" lon="12.11324">
    <name>TP7737</name>
  </trkpt>
  <trkpt lat="46.5244" lon="12.11317">
    <name>TP7738</name>
  </trkpt>
  <trkpt lat="46.52442" lon="12.11308">
    <name>TP7739</name>
  </trkpt>
  <trkpt lat="46.52444" lon="12.11297">
    <name>TP7740</name>
  </trkpt>
  <trkpt lat="46.52444" lon="12.11296">
    <name>TP7741</name>
  </trkpt>
  <trkpt lat="46.52444" lon="12.11291">
    <name>TP7742</name>
  </trkpt>
  <trkpt lat="46.52444" lon="12.11285">
    <name>TP7743</name>
  </trkpt>
  <trkpt lat="46.52444" lon="12.11281">
    <name>TP7744</name>
  </trkpt>
  <trkpt lat="46.52443" lon="12.11275">
    <name>TP7745</name>
  </trkpt>
  <trkpt lat="46.52441" lon="12.11267">
    <name>TP7746</name>
  </trkpt>
  <trkpt lat="46.52429" lon="12.11226">
    <name>TP7747</name>
  </trkpt>
  <trkpt lat="46.52424" lon="12.11215">
    <name>TP7748</name>
  </trkpt>
  <trkpt lat="46.52423" lon="12.11214">
    <name>TP7749</name>
  </trkpt>
  <trkpt lat="46.52418" lon="12.11206">
    <name>TP7750</name>
  </trkpt>
  <trkpt lat="46.52408" lon="12.11195">
    <name>TP7751</name>
  </trkpt>
  <trkpt lat="46.52374" lon="12.11164">
    <name>TP7752</name>
  </trkpt>
  <trkpt lat="46.5237" lon="12.1116">
    <name>TP7753</name>
  </trkpt>
  <trkpt lat="46.52366" lon="12.11157">
    <name>TP7754</name>
  </trkpt>
  <trkpt lat="46.52328" lon="12.11122">
    <name>TP7755</name>
  </trkpt>
  <trkpt lat="46.52321" lon="12.11115">
    <name>TP7756</name>
  </trkpt>
  <trkpt lat="46.5232" lon="12.11114">
    <name>TP7757</name>
  </trkpt>
  <trkpt lat="46.52293" lon="12.11088">
    <name>TP7758</name>
  </trkpt>
  <trkpt lat="46.52281" lon="12.11074">
    <name>TP7759</name>
  </trkpt>
  <trkpt lat="46.52275" lon="12.11066">
    <name>TP7760</name>
  </trkpt>
  <trkpt lat="46.52267" lon="12.11051">
    <name>TP7761</name>
  </trkpt>
  <trkpt lat="46.52264" lon="12.11043">
    <name>TP7762</name>
  </trkpt>
  <trkpt lat="46.52249" lon="12.11001">
    <name>TP7763</name>
  </trkpt>
  <trkpt lat="46.5224" lon="12.10974">
    <name>TP7764</name>
  </trkpt>
  <trkpt lat="46.52222" lon="12.1092">
    <name>TP7765</name>
  </trkpt>
  <trkpt lat="46.52221" lon="12.10917">
    <name>TP7766</name>
  </trkpt>
  <trkpt lat="46.52221" lon="12.10915">
    <name>TP7767</name>
  </trkpt>
  <trkpt lat="46.52221" lon="12.10912">
    <name>TP7768</name>
  </trkpt>
  <trkpt lat="46.52221" lon="12.1091">
    <name>TP7769</name>
  </trkpt>
  <trkpt lat="46.52221" lon="12.10908">
    <name>TP7770</name>
  </trkpt>
  <trkpt lat="46.52222" lon="12.10905">
    <name>TP7771</name>
  </trkpt>
  <trkpt lat="46.52224" lon="12.10903">
    <name>TP7772</name>
  </trkpt>
  <trkpt lat="46.52226" lon="12.10901">
    <name>TP7773</name>
  </trkpt>
  <trkpt lat="46.52228" lon="12.109">
    <name>TP7774</name>
  </trkpt>
  <trkpt lat="46.5223" lon="12.10899">
    <name>TP7775</name>
  </trkpt>
  <trkpt lat="46.52232" lon="12.10899">
    <name>TP7776</name>
  </trkpt>
  <trkpt lat="46.52234" lon="12.10899">
    <name>TP7777</name>
  </trkpt>
  <trkpt lat="46.52236" lon="12.10899">
    <name>TP7778</name>
  </trkpt>
  <trkpt lat="46.52238" lon="12.10901">
    <name>TP7779</name>
  </trkpt>
  <trkpt lat="46.52239" lon="12.10901">
    <name>TP7780</name>
  </trkpt>
  <trkpt lat="46.52251" lon="12.10912">
    <name>TP7781</name>
  </trkpt>
  <trkpt lat="46.52261" lon="12.10917">
    <name>TP7782</name>
  </trkpt>
  <trkpt lat="46.52265" lon="12.1092">
    <name>TP7783</name>
  </trkpt>
  <trkpt lat="46.52267" lon="12.1092">
    <name>TP7784</name>
  </trkpt>
  <trkpt lat="46.52274" lon="12.10922">
    <name>TP7785</name>
  </trkpt>
  <trkpt lat="46.52279" lon="12.10922">
    <name>TP7786</name>
  </trkpt>
  <trkpt lat="46.52284" lon="12.10922">
    <name>TP7787</name>
  </trkpt>
  <trkpt lat="46.52285" lon="12.10922">
    <name>TP7788</name>
  </trkpt>
  <trkpt lat="46.52297" lon="12.10921">
    <name>TP7789</name>
  </trkpt>
  <trkpt lat="46.52322" lon="12.10919">
    <name>TP7790</name>
  </trkpt>
  <trkpt lat="46.52336" lon="12.10916">
    <name>TP7791</name>
  </trkpt>
  <trkpt lat="46.52342" lon="12.10914">
    <name>TP7792</name>
  </trkpt>
  <trkpt lat="46.52348" lon="12.10909">
    <name>TP7793</name>
  </trkpt>
  <trkpt lat="46.52354" lon="12.10904">
    <name>TP7794</name>
  </trkpt>
  <trkpt lat="46.52358" lon="12.10898">
    <name>TP7795</name>
  </trkpt>
  <trkpt lat="46.52363" lon="12.10886">
    <name>TP7796</name>
  </trkpt>
  <trkpt lat="46.52369" lon="12.10871">
    <name>TP7797</name>
  </trkpt>
  <trkpt lat="46.52376" lon="12.10848">
    <name>TP7798</name>
  </trkpt>
  <trkpt lat="46.52378" lon="12.10843">
    <name>TP7799</name>
  </trkpt>
  <trkpt lat="46.5238" lon="12.10837">
    <name>TP7800</name>
  </trkpt>
  <trkpt lat="46.52382" lon="12.10832">
    <name>TP7801</name>
  </trkpt>
  <trkpt lat="46.52382" lon="12.10829">
    <name>TP7802</name>
  </trkpt>
  <trkpt lat="46.52388" lon="12.10812">
    <name>TP7803</name>
  </trkpt>
  <trkpt lat="46.52388" lon="12.10811">
    <name>TP7804</name>
  </trkpt>
  <trkpt lat="46.52399" lon="12.10783">
    <name>TP7805</name>
  </trkpt>
  <trkpt lat="46.524" lon="12.10779">
    <name>TP7806</name>
  </trkpt>
  <trkpt lat="46.52403" lon="12.10769">
    <name>TP7807</name>
  </trkpt>
  <trkpt lat="46.52404" lon="12.10765">
    <name>TP7808</name>
  </trkpt>
  <trkpt lat="46.52404" lon="12.10761">
    <name>TP7809</name>
  </trkpt>
  <trkpt lat="46.52404" lon="12.10759">
    <name>TP7810</name>
  </trkpt>
  <trkpt lat="46.52404" lon="12.10756">
    <name>TP7811</name>
  </trkpt>
  <trkpt lat="46.52402" lon="12.10751">
    <name>TP7812</name>
  </trkpt>
  <trkpt lat="46.524" lon="12.10747">
    <name>TP7813</name>
  </trkpt>
  <trkpt lat="46.52399" lon="12.10745">
    <name>TP7814</name>
  </trkpt>
  <trkpt lat="46.52397" lon="12.10743">
    <name>TP7815</name>
  </trkpt>
  <trkpt lat="46.52393" lon="12.10742">
    <name>TP7816</name>
  </trkpt>
  <trkpt lat="46.52389" lon="12.10741">
    <name>TP7817</name>
  </trkpt>
  <trkpt lat="46.52381" lon="12.10744">
    <name>TP7818</name>
  </trkpt>
  <trkpt lat="46.52374" lon="12.10746">
    <name>TP7819</name>
  </trkpt>
  <trkpt lat="46.52358" lon="12.10753">
    <name>TP7820</name>
  </trkpt>
  <trkpt lat="46.5235" lon="12.10755">
    <name>TP7821</name>
  </trkpt>
  <trkpt lat="46.52344" lon="12.10755">
    <name>TP7822</name>
  </trkpt>
  <trkpt lat="46.52337" lon="12.10753">
    <name>TP7823</name>
  </trkpt>
  <trkpt lat="46.52325" lon="12.10749">
    <name>TP7824</name>
  </trkpt>
  <trkpt lat="46.52319" lon="12.10745">
    <name>TP7825</name>
  </trkpt>
  <trkpt lat="46.52319" lon="12.10744">
    <name>TP7826</name>
  </trkpt>
  <trkpt lat="46.52306" lon="12.1073">
    <name>TP7827</name>
  </trkpt>
  <trkpt lat="46.52305" lon="12.10729">
    <name>TP7828</name>
  </trkpt>
  <trkpt lat="46.52291" lon="12.10712">
    <name>TP7829</name>
  </trkpt>
  <trkpt lat="46.52285" lon="12.10703">
    <name>TP7830</name>
  </trkpt>
  <trkpt lat="46.52246" lon="12.10649">
    <name>TP7831</name>
  </trkpt>
  <trkpt lat="46.52242" lon="12.10641">
    <name>TP7832</name>
  </trkpt>
  <trkpt lat="46.5224" lon="12.10636">
    <name>TP7833</name>
  </trkpt>
  <trkpt lat="46.5224" lon="12.10632">
    <name>TP7834</name>
  </trkpt>
  <trkpt lat="46.52239" lon="12.10629">
    <name>TP7835</name>
  </trkpt>
  <trkpt lat="46.52239" lon="12.10625">
    <name>TP7836</name>
  </trkpt>
  <trkpt lat="46.5224" lon="12.10621">
    <name>TP7837</name>
  </trkpt>
  <trkpt lat="46.5224" lon="12.10619">
    <name>TP7838</name>
  </trkpt>
  <trkpt lat="46.52241" lon="12.10616">
    <name>TP7839</name>
  </trkpt>
  <trkpt lat="46.52242" lon="12.10615">
    <name>TP7840</name>
  </trkpt>
  <trkpt lat="46.52242" lon="12.10614">
    <name>TP7841</name>
  </trkpt>
  <trkpt lat="46.52243" lon="12.10613">
    <name>TP7842</name>
  </trkpt>
  <trkpt lat="46.52244" lon="12.10612">
    <name>TP7843</name>
  </trkpt>
  <trkpt lat="46.52245" lon="12.10612">
    <name>TP7844</name>
  </trkpt>
  <trkpt lat="46.52246" lon="12.10611">
    <name>TP7845</name>
  </trkpt>
  <trkpt lat="46.52249" lon="12.10612">
    <name>TP7846</name>
  </trkpt>
  <trkpt lat="46.52252" lon="12.10612">
    <name>TP7847</name>
  </trkpt>
  <trkpt lat="46.52255" lon="12.10614">
    <name>TP7848</name>
  </trkpt>
  <trkpt lat="46.52257" lon="12.10616">
    <name>TP7849</name>
  </trkpt>
  <trkpt lat="46.52258" lon="12.10618">
    <name>TP7850</name>
  </trkpt>
  <trkpt lat="46.52258" lon="12.10619">
    <name>TP7851</name>
  </trkpt>
  <trkpt lat="46.52262" lon="12.10627">
    <name>TP7852</name>
  </trkpt>
  <trkpt lat="46.52264" lon="12.10633">
    <name>TP7853</name>
  </trkpt>
  <trkpt lat="46.52267" lon="12.1064">
    <name>TP7854</name>
  </trkpt>
  <trkpt lat="46.52268" lon="12.10643">
    <name>TP7855</name>
  </trkpt>
  <trkpt lat="46.5227" lon="12.10645">
    <name>TP7856</name>
  </trkpt>
  <trkpt lat="46.52272" lon="12.10646">
    <name>TP7857</name>
  </trkpt>
  <trkpt lat="46.52273" lon="12.10647">
    <name>TP7858</name>
  </trkpt>
  <trkpt lat="46.52274" lon="12.10647">
    <name>TP7859</name>
  </trkpt>
  <trkpt lat="46.52277" lon="12.10647">
    <name>TP7860</name>
  </trkpt>
  <trkpt lat="46.5228" lon="12.10646">
    <name>TP7861</name>
  </trkpt>
  <trkpt lat="46.52281" lon="12.10645">
    <name>TP7862</name>
  </trkpt>
  <trkpt lat="46.52284" lon="12.10644">
    <name>TP7863</name>
  </trkpt>
  <trkpt lat="46.52286" lon="12.10641">
    <name>TP7864</name>
  </trkpt>
  <trkpt lat="46.52287" lon="12.10639">
    <name>TP7865</name>
  </trkpt>
  <trkpt lat="46.52288" lon="12.10636">
    <name>TP7866</name>
  </trkpt>
  <trkpt lat="46.52289" lon="12.10633">
    <name>TP7867</name>
  </trkpt>
  <trkpt lat="46.52289" lon="12.10628">
    <name>TP7868</name>
  </trkpt>
  <trkpt lat="46.52288" lon="12.1062">
    <name>TP7869</name>
  </trkpt>
  <trkpt lat="46.52286" lon="12.10594">
    <name>TP7870</name>
  </trkpt>
  <trkpt lat="46.52285" lon="12.10586">
    <name>TP7871</name>
  </trkpt>
  <trkpt lat="46.52283" lon="12.10572">
    <name>TP7872</name>
  </trkpt>
  <trkpt lat="46.52283" lon="12.10568">
    <name>TP7873</name>
  </trkpt>
  <trkpt lat="46.52278" lon="12.10531">
    <name>TP7874</name>
  </trkpt>
  <trkpt lat="46.52273" lon="12.10487">
    <name>TP7875</name>
  </trkpt>
  <trkpt lat="46.5227" lon="12.10449">
    <name>TP7876</name>
  </trkpt>
  <trkpt lat="46.52266" lon="12.10423">
    <name>TP7877</name>
  </trkpt>
  <trkpt lat="46.52265" lon="12.10409">
    <name>TP7878</name>
  </trkpt>
  <trkpt lat="46.52262" lon="12.10375">
    <name>TP7879</name>
  </trkpt>
  <trkpt lat="46.5226" lon="12.10362">
    <name>TP7880</name>
  </trkpt>
  <trkpt lat="46.52258" lon="12.10352">
    <name>TP7881</name>
  </trkpt>
  <trkpt lat="46.52257" lon="12.10346">
    <name>TP7882</name>
  </trkpt>
  <trkpt lat="46.52255" lon="12.10342">
    <name>TP7883</name>
  </trkpt>
  <trkpt lat="46.52255" lon="12.10341">
    <name>TP7884</name>
  </trkpt>
  <trkpt lat="46.52253" lon="12.10338">
    <name>TP7885</name>
  </trkpt>
  <trkpt lat="46.5225" lon="12.10335">
    <name>TP7886</name>
  </trkpt>
  <trkpt lat="46.52248" lon="12.10332">
    <name>TP7887</name>
  </trkpt>
  <trkpt lat="46.52245" lon="12.1033">
    <name>TP7888</name>
  </trkpt>
  <trkpt lat="46.52241" lon="12.1033">
    <name>TP7889</name>
  </trkpt>
  <trkpt lat="46.52237" lon="12.1033">
    <name>TP7890</name>
  </trkpt>
  <trkpt lat="46.52237" lon="12.10331">
    <name>TP7891</name>
  </trkpt>
  <trkpt lat="46.52235" lon="12.10332">
    <name>TP7892</name>
  </trkpt>
  <trkpt lat="46.52233" lon="12.10334">
    <name>TP7893</name>
  </trkpt>
  <trkpt lat="46.5223" lon="12.10337">
    <name>TP7894</name>
  </trkpt>
  <trkpt lat="46.52224" lon="12.10345">
    <name>TP7895</name>
  </trkpt>
  <trkpt lat="46.52214" lon="12.10369">
    <name>TP7896</name>
  </trkpt>
  <trkpt lat="46.52206" lon="12.10379">
    <name>TP7897</name>
  </trkpt>
  <trkpt lat="46.52204" lon="12.10382">
    <name>TP7898</name>
  </trkpt>
  <trkpt lat="46.52203" lon="12.10383">
    <name>TP7899</name>
  </trkpt>
  <trkpt lat="46.522" lon="12.10384">
    <name>TP7900</name>
  </trkpt>
  <trkpt lat="46.52198" lon="12.10384">
    <name>TP7901</name>
  </trkpt>
  <trkpt lat="46.52195" lon="12.10384">
    <name>TP7902</name>
  </trkpt>
  <trkpt lat="46.52193" lon="12.10384">
    <name>TP7903</name>
  </trkpt>
  <trkpt lat="46.5219" lon="12.10382">
    <name>TP7904</name>
  </trkpt>
  <trkpt lat="46.52188" lon="12.1038">
    <name>TP7905</name>
  </trkpt>
  <trkpt lat="46.52182" lon="12.10375">
    <name>TP7906</name>
  </trkpt>
  <trkpt lat="46.52171" lon="12.10364">
    <name>TP7907</name>
  </trkpt>
  <trkpt lat="46.52168" lon="12.1036">
    <name>TP7908</name>
  </trkpt>
  <trkpt lat="46.52141" lon="12.10326">
    <name>TP7909</name>
  </trkpt>
  <trkpt lat="46.52135" lon="12.10319">
    <name>TP7910</name>
  </trkpt>
  <trkpt lat="46.52124" lon="12.10302">
    <name>TP7911</name>
  </trkpt>
  <trkpt lat="46.52113" lon="12.10281">
    <name>TP7912</name>
  </trkpt>
  <trkpt lat="46.5211" lon="12.10272">
    <name>TP7913</name>
  </trkpt>
  <trkpt lat="46.52109" lon="12.10269">
    <name>TP7914</name>
  </trkpt>
  <trkpt lat="46.52107" lon="12.10258">
    <name>TP7915</name>
  </trkpt>
  <trkpt lat="46.52105" lon="12.10243">
    <name>TP7916</name>
  </trkpt>
  <trkpt lat="46.52105" lon="12.10236">
    <name>TP7917</name>
  </trkpt>
  <trkpt lat="46.52105" lon="12.10224">
    <name>TP7918</name>
  </trkpt>
  <trkpt lat="46.52107" lon="12.10215">
    <name>TP7919</name>
  </trkpt>
  <trkpt lat="46.52108" lon="12.10205">
    <name>TP7920</name>
  </trkpt>
  <trkpt lat="46.52112" lon="12.1019">
    <name>TP7921</name>
  </trkpt>
  <trkpt lat="46.52112" lon="12.10189">
    <name>TP7922</name>
  </trkpt>
  <trkpt lat="46.52118" lon="12.10168">
    <name>TP7923</name>
  </trkpt>
  <trkpt lat="46.52119" lon="12.10165">
    <name>TP7924</name>
  </trkpt>
  <trkpt lat="46.52123" lon="12.10151">
    <name>TP7925</name>
  </trkpt>
  <trkpt lat="46.52124" lon="12.1014">
    <name>TP7926</name>
  </trkpt>
  <trkpt lat="46.52124" lon="12.10133">
    <name>TP7927</name>
  </trkpt>
  <trkpt lat="46.52124" lon="12.10117">
    <name>TP7928</name>
  </trkpt>
  <trkpt lat="46.52123" lon="12.10114">
    <name>TP7929</name>
  </trkpt>
  <trkpt lat="46.52121" lon="12.10098">
    <name>TP7930</name>
  </trkpt>
  <trkpt lat="46.52121" lon="12.1009">
    <name>TP7931</name>
  </trkpt>
  <trkpt lat="46.52121" lon="12.10088">
    <name>TP7932</name>
  </trkpt>
  <trkpt lat="46.52122" lon="12.1008">
    <name>TP7933</name>
  </trkpt>
  <trkpt lat="46.52126" lon="12.10072">
    <name>TP7934</name>
  </trkpt>
  <trkpt lat="46.52128" lon="12.10069">
    <name>TP7935</name>
  </trkpt>
  <trkpt lat="46.5213" lon="12.10066">
    <name>TP7936</name>
  </trkpt>
  <trkpt lat="46.52139" lon="12.10062">
    <name>TP7937</name>
  </trkpt>
  <trkpt lat="46.52148" lon="12.10062">
    <name>TP7938</name>
  </trkpt>
  <trkpt lat="46.52163" lon="12.1006">
    <name>TP7939</name>
  </trkpt>
  <trkpt lat="46.52164" lon="12.1006">
    <name>TP7940</name>
  </trkpt>
  <trkpt lat="46.52166" lon="12.1006">
    <name>TP7941</name>
  </trkpt>
  <trkpt lat="46.5218" lon="12.10057">
    <name>TP7942</name>
  </trkpt>
  <trkpt lat="46.52186" lon="12.10054">
    <name>TP7943</name>
  </trkpt>
  <trkpt lat="46.52193" lon="12.1005">
    <name>TP7944</name>
  </trkpt>
  <trkpt lat="46.52201" lon="12.10042">
    <name>TP7945</name>
  </trkpt>
  <trkpt lat="46.52206" lon="12.10036">
    <name>TP7946</name>
  </trkpt>
  <trkpt lat="46.52209" lon="12.10031">
    <name>TP7947</name>
  </trkpt>
  <trkpt lat="46.52221" lon="12.10004">
    <name>TP7948</name>
  </trkpt>
  <trkpt lat="46.52223" lon="12.10001">
    <name>TP7949</name>
  </trkpt>
  <trkpt lat="46.5223" lon="12.09981">
    <name>TP7950</name>
  </trkpt>
  <trkpt lat="46.52232" lon="12.09976">
    <name>TP7951</name>
  </trkpt>
  <trkpt lat="46.52237" lon="12.09961">
    <name>TP7952</name>
  </trkpt>
  <trkpt lat="46.52246" lon="12.09936">
    <name>TP7953</name>
  </trkpt>
  <trkpt lat="46.5225" lon="12.09919">
    <name>TP7954</name>
  </trkpt>
  <trkpt lat="46.52251" lon="12.09909">
    <name>TP7955</name>
  </trkpt>
  <trkpt lat="46.52252" lon="12.09901">
    <name>TP7956</name>
  </trkpt>
  <trkpt lat="46.52253" lon="12.09894">
    <name>TP7957</name>
  </trkpt>
  <trkpt lat="46.52252" lon="12.09881">
    <name>TP7958</name>
  </trkpt>
  <trkpt lat="46.52252" lon="12.09873">
    <name>TP7959</name>
  </trkpt>
  <trkpt lat="46.52249" lon="12.09859">
    <name>TP7960</name>
  </trkpt>
  <trkpt lat="46.52248" lon="12.09856">
    <name>TP7961</name>
  </trkpt>
  <trkpt lat="46.52245" lon="12.09844">
    <name>TP7962</name>
  </trkpt>
  <trkpt lat="46.52241" lon="12.09831">
    <name>TP7963</name>
  </trkpt>
  <trkpt lat="46.5224" lon="12.09829">
    <name>TP7964</name>
  </trkpt>
  <trkpt lat="46.52235" lon="12.09809">
    <name>TP7965</name>
  </trkpt>
  <trkpt lat="46.52234" lon="12.09808">
    <name>TP7966</name>
  </trkpt>
  <trkpt lat="46.52233" lon="12.09805">
    <name>TP7967</name>
  </trkpt>
  <trkpt lat="46.52227" lon="12.09784">
    <name>TP7968</name>
  </trkpt>
  <trkpt lat="46.52223" lon="12.0977">
    <name>TP7969</name>
  </trkpt>
  <trkpt lat="46.52212" lon="12.09736">
    <name>TP7970</name>
  </trkpt>
  <trkpt lat="46.52211" lon="12.09733">
    <name>TP7971</name>
  </trkpt>
  <trkpt lat="46.52196" lon="12.09686">
    <name>TP7972</name>
  </trkpt>
  <trkpt lat="46.52191" lon="12.09672">
    <name>TP7973</name>
  </trkpt>
  <trkpt lat="46.52187" lon="12.09664">
    <name>TP7974</name>
  </trkpt>
  <trkpt lat="46.52186" lon="12.09664">
    <name>TP7975</name>
  </trkpt>
  <trkpt lat="46.52182" lon="12.09659">
    <name>TP7976</name>
  </trkpt>
  <trkpt lat="46.52177" lon="12.09656">
    <name>TP7977</name>
  </trkpt>
  <trkpt lat="46.52173" lon="12.09654">
    <name>TP7978</name>
  </trkpt>
  <trkpt lat="46.52172" lon="12.09654">
    <name>TP7979</name>
  </trkpt>
  <trkpt lat="46.52167" lon="12.09654">
    <name>TP7980</name>
  </trkpt>
  <trkpt lat="46.52162" lon="12.09655">
    <name>TP7981</name>
  </trkpt>
  <trkpt lat="46.52126" lon="12.09675">
    <name>TP7982</name>
  </trkpt>
  <trkpt lat="46.52122" lon="12.09677">
    <name>TP7983</name>
  </trkpt>
  <trkpt lat="46.52117" lon="12.09676">
    <name>TP7984</name>
  </trkpt>
  <trkpt lat="46.52114" lon="12.09674">
    <name>TP7985</name>
  </trkpt>
  <trkpt lat="46.5211" lon="12.09671">
    <name>TP7986</name>
  </trkpt>
  <trkpt lat="46.52107" lon="12.09665">
    <name>TP7987</name>
  </trkpt>
  <trkpt lat="46.52106" lon="12.09661">
    <name>TP7988</name>
  </trkpt>
  <trkpt lat="46.52105" lon="12.09655">
    <name>TP7989</name>
  </trkpt>
  <trkpt lat="46.52105" lon="12.09649">
    <name>TP7990</name>
  </trkpt>
  <trkpt lat="46.52106" lon="12.09643">
    <name>TP7991</name>
  </trkpt>
  <trkpt lat="46.52107" lon="12.0964">
    <name>TP7992</name>
  </trkpt>
  <trkpt lat="46.52108" lon="12.09638">
    <name>TP7993</name>
  </trkpt>
  <trkpt lat="46.52108" lon="12.09636">
    <name>TP7994</name>
  </trkpt>
  <trkpt lat="46.52116" lon="12.09618">
    <name>TP7995</name>
  </trkpt>
  <trkpt lat="46.52116" lon="12.09617">
    <name>TP7996</name>
  </trkpt>
  <trkpt lat="46.52118" lon="12.09614">
    <name>TP7997</name>
  </trkpt>
  <trkpt lat="46.52135" lon="12.09575">
    <name>TP7998</name>
  </trkpt>
  <trkpt lat="46.52135" lon="12.09573">
    <name>TP7999</name>
  </trkpt>
  <trkpt lat="46.52136" lon="12.09571">
    <name>TP8000</name>
  </trkpt>
  <trkpt lat="46.52137" lon="12.0957">
    <name>TP8001</name>
  </trkpt>
  <trkpt lat="46.52138" lon="12.09565">
    <name>TP8002</name>
  </trkpt>
  <trkpt lat="46.52137" lon="12.09561">
    <name>TP8003</name>
  </trkpt>
  <trkpt lat="46.52137" lon="12.09556">
    <name>TP8004</name>
  </trkpt>
  <trkpt lat="46.52134" lon="12.09551">
    <name>TP8005</name>
  </trkpt>
  <trkpt lat="46.52132" lon="12.09546">
    <name>TP8006</name>
  </trkpt>
  <trkpt lat="46.52129" lon="12.09543">
    <name>TP8007</name>
  </trkpt>
  <trkpt lat="46.52127" lon="12.09541">
    <name>TP8008</name>
  </trkpt>
  <trkpt lat="46.52125" lon="12.0954">
    <name>TP8009</name>
  </trkpt>
  <trkpt lat="46.52122" lon="12.0954">
    <name>TP8010</name>
  </trkpt>
  <trkpt lat="46.52119" lon="12.0954">
    <name>TP8011</name>
  </trkpt>
  <trkpt lat="46.52118" lon="12.0954">
    <name>TP8012</name>
  </trkpt>
  <trkpt lat="46.52117" lon="12.0954">
    <name>TP8013</name>
  </trkpt>
  <trkpt lat="46.52099" lon="12.09551">
    <name>TP8014</name>
  </trkpt>
  <trkpt lat="46.52096" lon="12.09552">
    <name>TP8015</name>
  </trkpt>
  <trkpt lat="46.52082" lon="12.0956">
    <name>TP8016</name>
  </trkpt>
  <trkpt lat="46.52065" lon="12.0957">
    <name>TP8017</name>
  </trkpt>
  <trkpt lat="46.52059" lon="12.09573">
    <name>TP8018</name>
  </trkpt>
  <trkpt lat="46.52054" lon="12.09575">
    <name>TP8019</name>
  </trkpt>
  <trkpt lat="46.52049" lon="12.09575">
    <name>TP8020</name>
  </trkpt>
  <trkpt lat="46.52048" lon="12.09575">
    <name>TP8021</name>
  </trkpt>
  <trkpt lat="46.52042" lon="12.09573">
    <name>TP8022</name>
  </trkpt>
  <trkpt lat="46.52033" lon="12.09567">
    <name>TP8023</name>
  </trkpt>
  <trkpt lat="46.52031" lon="12.09565">
    <name>TP8024</name>
  </trkpt>
  <trkpt lat="46.52029" lon="12.09563">
    <name>TP8025</name>
  </trkpt>
  <trkpt lat="46.52024" lon="12.09556">
    <name>TP8026</name>
  </trkpt>
  <trkpt lat="46.52022" lon="12.09545">
    <name>TP8027</name>
  </trkpt>
  <trkpt lat="46.5201" lon="12.09495">
    <name>TP8028</name>
  </trkpt>
  <trkpt lat="46.52004" lon="12.0947">
    <name>TP8029</name>
  </trkpt>
  <trkpt lat="46.51998" lon="12.09449">
    <name>TP8030</name>
  </trkpt>
  <trkpt lat="46.5199" lon="12.09416">
    <name>TP8031</name>
  </trkpt>
  <trkpt lat="46.51989" lon="12.09409">
    <name>TP8032</name>
  </trkpt>
  <trkpt lat="46.51989" lon="12.09402">
    <name>TP8033</name>
  </trkpt>
  <trkpt lat="46.5199" lon="12.09395">
    <name>TP8034</name>
  </trkpt>
  <trkpt lat="46.51993" lon="12.09386">
    <name>TP8035</name>
  </trkpt>
  <trkpt lat="46.52002" lon="12.09374">
    <name>TP8036</name>
  </trkpt>
  <trkpt lat="46.52023" lon="12.09353">
    <name>TP8037</name>
  </trkpt>
  <trkpt lat="46.52027" lon="12.09345">
    <name>TP8038</name>
  </trkpt>
  <trkpt lat="46.52028" lon="12.09342">
    <name>TP8039</name>
  </trkpt>
  <trkpt lat="46.52029" lon="12.09339">
    <name>TP8040</name>
  </trkpt>
  <trkpt lat="46.5203" lon="12.09333">
    <name>TP8041</name>
  </trkpt>
  <trkpt lat="46.5203" lon="12.09327">
    <name>TP8042</name>
  </trkpt>
  <trkpt lat="46.52029" lon="12.0932">
    <name>TP8043</name>
  </trkpt>
  <trkpt lat="46.52029" lon="12.09317">
    <name>TP8044</name>
  </trkpt>
  <trkpt lat="46.52025" lon="12.09305">
    <name>TP8045</name>
  </trkpt>
  <trkpt lat="46.52021" lon="12.09293">
    <name>TP8046</name>
  </trkpt>
  <trkpt lat="46.52016" lon="12.09277">
    <name>TP8047</name>
  </trkpt>
  <trkpt lat="46.5199" lon="12.09199">
    <name>TP8048</name>
  </trkpt>
  <trkpt lat="46.51986" lon="12.09187">
    <name>TP8049</name>
  </trkpt>
  <trkpt lat="46.51983" lon="12.09175">
    <name>TP8050</name>
  </trkpt>
  <trkpt lat="46.51981" lon="12.09168">
    <name>TP8051</name>
  </trkpt>
  <trkpt lat="46.51978" lon="12.0915">
    <name>TP8052</name>
  </trkpt>
  <trkpt lat="46.51977" lon="12.09148">
    <name>TP8053</name>
  </trkpt>
  <trkpt lat="46.51976" lon="12.09134">
    <name>TP8054</name>
  </trkpt>
  <trkpt lat="46.51976" lon="12.09124">
    <name>TP8055</name>
  </trkpt>
  <trkpt lat="46.51976" lon="12.09108">
    <name>TP8056</name>
  </trkpt>
  <trkpt lat="46.51977" lon="12.09098">
    <name>TP8057</name>
  </trkpt>
  <trkpt lat="46.51977" lon="12.09072">
    <name>TP8058</name>
  </trkpt>
  <trkpt lat="46.51978" lon="12.0905">
    <name>TP8059</name>
  </trkpt>
  <trkpt lat="46.51978" lon="12.09046">
    <name>TP8060</name>
  </trkpt>
  <trkpt lat="46.51979" lon="12.0902">
    <name>TP8061</name>
  </trkpt>
  <trkpt lat="46.51979" lon="12.09003">
    <name>TP8062</name>
  </trkpt>
  <trkpt lat="46.51979" lon="12.08994">
    <name>TP8063</name>
  </trkpt>
  <trkpt lat="46.5198" lon="12.08984">
    <name>TP8064</name>
  </trkpt>
  <trkpt lat="46.5198" lon="12.08968">
    <name>TP8065</name>
  </trkpt>
  <trkpt lat="46.5198" lon="12.08955">
    <name>TP8066</name>
  </trkpt>
  <trkpt lat="46.5198" lon="12.08941">
    <name>TP8067</name>
  </trkpt>
  <trkpt lat="46.51981" lon="12.08915">
    <name>TP8068</name>
  </trkpt>
  <trkpt lat="46.51981" lon="12.08895">
    <name>TP8069</name>
  </trkpt>
  <trkpt lat="46.51981" lon="12.08889">
    <name>TP8070</name>
  </trkpt>
  <trkpt lat="46.51982" lon="12.08863">
    <name>TP8071</name>
  </trkpt>
  <trkpt lat="46.51983" lon="12.08851">
    <name>TP8072</name>
  </trkpt>
  <trkpt lat="46.51984" lon="12.08837">
    <name>TP8073</name>
  </trkpt>
  <trkpt lat="46.51985" lon="12.08819">
    <name>TP8074</name>
  </trkpt>
  <trkpt lat="46.51986" lon="12.08811">
    <name>TP8075</name>
  </trkpt>
  <trkpt lat="46.51987" lon="12.08799">
    <name>TP8076</name>
  </trkpt>
  <trkpt lat="46.5199" lon="12.08786">
    <name>TP8077</name>
  </trkpt>
  <trkpt lat="46.51991" lon="12.08779">
    <name>TP8078</name>
  </trkpt>
  <trkpt lat="46.51995" lon="12.08761">
    <name>TP8079</name>
  </trkpt>
  <trkpt lat="46.51996" lon="12.08758">
    <name>TP8080</name>
  </trkpt>
  <trkpt lat="46.52001" lon="12.08736">
    <name>TP8081</name>
  </trkpt>
  <trkpt lat="46.52002" lon="12.08732">
    <name>TP8082</name>
  </trkpt>
  <trkpt lat="46.52014" lon="12.08684">
    <name>TP8083</name>
  </trkpt>
  <trkpt lat="46.5203" lon="12.08618">
    <name>TP8084</name>
  </trkpt>
  <trkpt lat="46.52049" lon="12.08559">
    <name>TP8085</name>
  </trkpt>
  <trkpt lat="46.52062" lon="12.08518">
    <name>TP8086</name>
  </trkpt>
  <trkpt lat="46.52064" lon="12.08511">
    <name>TP8087</name>
  </trkpt>
  <trkpt lat="46.52069" lon="12.08494">
    <name>TP8088</name>
  </trkpt>
  <trkpt lat="46.52072" lon="12.08485">
    <name>TP8089</name>
  </trkpt>
  <trkpt lat="46.52077" lon="12.08471">
    <name>TP8090</name>
  </trkpt>
  <trkpt lat="46.52077" lon="12.0847">
    <name>TP8091</name>
  </trkpt>
  <trkpt lat="46.52082" lon="12.08461">
    <name>TP8092</name>
  </trkpt>
  <trkpt lat="46.52087" lon="12.08456">
    <name>TP8093</name>
  </trkpt>
  <trkpt lat="46.5209" lon="12.08454">
    <name>TP8094</name>
  </trkpt>
  <trkpt lat="46.52097" lon="12.0845">
    <name>TP8095</name>
  </trkpt>
  <trkpt lat="46.52102" lon="12.08449">
    <name>TP8096</name>
  </trkpt>
  <trkpt lat="46.52105" lon="12.08448">
    <name>TP8097</name>
  </trkpt>
  <trkpt lat="46.52111" lon="12.08448">
    <name>TP8098</name>
  </trkpt>
  <trkpt lat="46.52126" lon="12.08451">
    <name>TP8099</name>
  </trkpt>
  <trkpt lat="46.52133" lon="12.08452">
    <name>TP8100</name>
  </trkpt>
  <trkpt lat="46.52148" lon="12.08451">
    <name>TP8101</name>
  </trkpt>
  <trkpt lat="46.52156" lon="12.08449">
    <name>TP8102</name>
  </trkpt>
  <trkpt lat="46.52161" lon="12.08449">
    <name>TP8103</name>
  </trkpt>
  <trkpt lat="46.52168" lon="12.08443">
    <name>TP8104</name>
  </trkpt>
  <trkpt lat="46.52173" lon="12.08438">
    <name>TP8105</name>
  </trkpt>
  <trkpt lat="46.52177" lon="12.08432">
    <name>TP8106</name>
  </trkpt>
  <trkpt lat="46.52184" lon="12.08417">
    <name>TP8107</name>
  </trkpt>
  <trkpt lat="46.5219" lon="12.08401">
    <name>TP8108</name>
  </trkpt>
  <trkpt lat="46.52193" lon="12.08392">
    <name>TP8109</name>
  </trkpt>
  <trkpt lat="46.52211" lon="12.08336">
    <name>TP8110</name>
  </trkpt>
  <trkpt lat="46.52212" lon="12.08334">
    <name>TP8111</name>
  </trkpt>
  <trkpt lat="46.52219" lon="12.08312">
    <name>TP8112</name>
  </trkpt>
  <trkpt lat="46.52236" lon="12.08262">
    <name>TP8113</name>
  </trkpt>
  <trkpt lat="46.52242" lon="12.08241">
    <name>TP8114</name>
  </trkpt>
  <trkpt lat="46.52246" lon="12.08227">
    <name>TP8115</name>
  </trkpt>
  <trkpt lat="46.52249" lon="12.08212">
    <name>TP8116</name>
  </trkpt>
  <trkpt lat="46.5225" lon="12.08202">
    <name>TP8117</name>
  </trkpt>
  <trkpt lat="46.5225" lon="12.08194">
    <name>TP8118</name>
  </trkpt>
  <trkpt lat="46.52249" lon="12.08186">
    <name>TP8119</name>
  </trkpt>
  <trkpt lat="46.52247" lon="12.08178">
    <name>TP8120</name>
  </trkpt>
  <trkpt lat="46.52244" lon="12.08172">
    <name>TP8121</name>
  </trkpt>
  <trkpt lat="46.52241" lon="12.08169">
    <name>TP8122</name>
  </trkpt>
  <trkpt lat="46.52238" lon="12.08166">
    <name>TP8123</name>
  </trkpt>
  <trkpt lat="46.52227" lon="12.08158">
    <name>TP8124</name>
  </trkpt>
  <trkpt lat="46.52225" lon="12.08156">
    <name>TP8125</name>
  </trkpt>
  <trkpt lat="46.52209" lon="12.08146">
    <name>TP8126</name>
  </trkpt>
  <trkpt lat="46.52192" lon="12.08135">
    <name>TP8127</name>
  </trkpt>
  <trkpt lat="46.5213" lon="12.08096">
    <name>TP8128</name>
  </trkpt>
  <trkpt lat="46.52127" lon="12.08093">
    <name>TP8129</name>
  </trkpt>
  <trkpt lat="46.52125" lon="12.08092">
    <name>TP8130</name>
  </trkpt>
  <trkpt lat="46.52123" lon="12.08089">
    <name>TP8131</name>
  </trkpt>
  <trkpt lat="46.52121" lon="12.08086">
    <name>TP8132</name>
  </trkpt>
  <trkpt lat="46.52118" lon="12.08079">
    <name>TP8133</name>
  </trkpt>
  <trkpt lat="46.52117" lon="12.08075">
    <name>TP8134</name>
  </trkpt>
  <trkpt lat="46.52116" lon="12.08072">
    <name>TP8135</name>
  </trkpt>
  <trkpt lat="46.52115" lon="12.08068">
    <name>TP8136</name>
  </trkpt>
  <trkpt lat="46.52115" lon="12.08057">
    <name>TP8137</name>
  </trkpt>
  <trkpt lat="46.52116" lon="12.08019">
    <name>TP8138</name>
  </trkpt>
  <trkpt lat="46.52117" lon="12.07991">
    <name>TP8139</name>
  </trkpt>
  <trkpt lat="46.52116" lon="12.07972">
    <name>TP8140</name>
  </trkpt>
  <trkpt lat="46.52116" lon="12.07968">
    <name>TP8141</name>
  </trkpt>
  <trkpt lat="46.52114" lon="12.07948">
    <name>TP8142</name>
  </trkpt>
  <trkpt lat="46.5211" lon="12.07916">
    <name>TP8143</name>
  </trkpt>
  <trkpt lat="46.52109" lon="12.0791">
    <name>TP8144</name>
  </trkpt>
  <trkpt lat="46.52091" lon="12.07788">
    <name>TP8145</name>
  </trkpt>
  <trkpt lat="46.52084" lon="12.07738">
    <name>TP8146</name>
  </trkpt>
  <trkpt lat="46.52078" lon="12.07702">
    <name>TP8147</name>
  </trkpt>
  <trkpt lat="46.52069" lon="12.07648">
    <name>TP8148</name>
  </trkpt>
  <trkpt lat="46.52062" lon="12.07594">
    <name>TP8149</name>
  </trkpt>
  <trkpt lat="46.52061" lon="12.07588">
    <name>TP8150</name>
  </trkpt>
  <trkpt lat="46.52061" lon="12.07584">
    <name>TP8151</name>
  </trkpt>
  <trkpt lat="46.52061" lon="12.07579">
    <name>TP8152</name>
  </trkpt>
  <trkpt lat="46.52063" lon="12.07571">
    <name>TP8153</name>
  </trkpt>
  <trkpt lat="46.52065" lon="12.07564">
    <name>TP8154</name>
  </trkpt>
  <trkpt lat="46.52067" lon="12.0756">
    <name>TP8155</name>
  </trkpt>
  <trkpt lat="46.52069" lon="12.07555">
    <name>TP8156</name>
  </trkpt>
  <trkpt lat="46.52076" lon="12.07546">
    <name>TP8157</name>
  </trkpt>
  <trkpt lat="46.5208" lon="12.07542">
    <name>TP8158</name>
  </trkpt>
  <trkpt lat="46.52094" lon="12.07526">
    <name>TP8159</name>
  </trkpt>
  <trkpt lat="46.52097" lon="12.07523">
    <name>TP8160</name>
  </trkpt>
  <trkpt lat="46.52102" lon="12.07513">
    <name>TP8161</name>
  </trkpt>
  <trkpt lat="46.52105" lon="12.07505">
    <name>TP8162</name>
  </trkpt>
  <trkpt lat="46.52107" lon="12.07495">
    <name>TP8163</name>
  </trkpt>
  <trkpt lat="46.52108" lon="12.07484">
    <name>TP8164</name>
  </trkpt>
  <trkpt lat="46.52108" lon="12.07452">
    <name>TP8165</name>
  </trkpt>
  <trkpt lat="46.52107" lon="12.07402">
    <name>TP8166</name>
  </trkpt>
  <trkpt lat="46.52107" lon="12.07376">
    <name>TP8167</name>
  </trkpt>
  <trkpt lat="46.52106" lon="12.07362">
    <name>TP8168</name>
  </trkpt>
  <trkpt lat="46.52105" lon="12.0734">
    <name>TP8169</name>
  </trkpt>
  <trkpt lat="46.52105" lon="12.0727">
    <name>TP8170</name>
  </trkpt>
  <trkpt lat="46.52105" lon="12.07195">
    <name>TP8171</name>
  </trkpt>
  <trkpt lat="46.52105" lon="12.07181">
    <name>TP8172</name>
  </trkpt>
  <trkpt lat="46.52108" lon="12.07167">
    <name>TP8173</name>
  </trkpt>
  <trkpt lat="46.52109" lon="12.07162">
    <name>TP8174</name>
  </trkpt>
  <trkpt lat="46.52114" lon="12.07143">
    <name>TP8175</name>
  </trkpt>
  <trkpt lat="46.52117" lon="12.07129">
    <name>TP8176</name>
  </trkpt>
  <trkpt lat="46.52121" lon="12.07119">
    <name>TP8177</name>
  </trkpt>
  <trkpt lat="46.52124" lon="12.07107">
    <name>TP8178</name>
  </trkpt>
  <trkpt lat="46.52138" lon="12.0706">
    <name>TP8179</name>
  </trkpt>
  <trkpt lat="46.52139" lon="12.07044">
    <name>TP8180</name>
  </trkpt>
  <trkpt lat="46.52139" lon="12.07035">
    <name>TP8181</name>
  </trkpt>
  <trkpt lat="46.52139" lon="12.07023">
    <name>TP8182</name>
  </trkpt>
  <trkpt lat="46.52139" lon="12.07004">
    <name>TP8183</name>
  </trkpt>
  <trkpt lat="46.52139" lon="12.06993">
    <name>TP8184</name>
  </trkpt>
  <trkpt lat="46.5214" lon="12.06974">
    <name>TP8185</name>
  </trkpt>
  <trkpt lat="46.52142" lon="12.0696">
    <name>TP8186</name>
  </trkpt>
  <trkpt lat="46.52144" lon="12.06951">
    <name>TP8187</name>
  </trkpt>
  <trkpt lat="46.52149" lon="12.06933">
    <name>TP8188</name>
  </trkpt>
  <trkpt lat="46.52165" lon="12.06898">
    <name>TP8189</name>
  </trkpt>
  <trkpt lat="46.52177" lon="12.06872">
    <name>TP8190</name>
  </trkpt>
  <trkpt lat="46.52202" lon="12.06814">
    <name>TP8191</name>
  </trkpt>
  <trkpt lat="46.52217" lon="12.06782">
    <name>TP8192</name>
  </trkpt>
  <trkpt lat="46.52221" lon="12.06771">
    <name>TP8193</name>
  </trkpt>
  <trkpt lat="46.52222" lon="12.06765">
    <name>TP8194</name>
  </trkpt>
  <trkpt lat="46.52226" lon="12.06752">
    <name>TP8195</name>
  </trkpt>
  <trkpt lat="46.5223" lon="12.06733">
    <name>TP8196</name>
  </trkpt>
  <trkpt lat="46.52233" lon="12.0671">
    <name>TP8197</name>
  </trkpt>
  <trkpt lat="46.52236" lon="12.0669">
    <name>TP8198</name>
  </trkpt>
  <trkpt lat="46.52236" lon="12.06688">
    <name>TP8199</name>
  </trkpt>
  <trkpt lat="46.5224" lon="12.06656">
    <name>TP8200</name>
  </trkpt>
  <trkpt lat="46.52242" lon="12.06623">
    <name>TP8201</name>
  </trkpt>
  <trkpt lat="46.52243" lon="12.06572">
    <name>TP8202</name>
  </trkpt>
  <trkpt lat="46.52243" lon="12.06557">
    <name>TP8203</name>
  </trkpt>
  <trkpt lat="46.52243" lon="12.0655">
    <name>TP8204</name>
  </trkpt>
  <trkpt lat="46.52242" lon="12.0651">
    <name>TP8205</name>
  </trkpt>
  <trkpt lat="46.52242" lon="12.06509">
    <name>TP8206</name>
  </trkpt>
  <trkpt lat="46.52241" lon="12.06496">
    <name>TP8207</name>
  </trkpt>
  <trkpt lat="46.5224" lon="12.06479">
    <name>TP8208</name>
  </trkpt>
  <trkpt lat="46.52239" lon="12.06412">
    <name>TP8209</name>
  </trkpt>
  <trkpt lat="46.52238" lon="12.06381">
    <name>TP8210</name>
  </trkpt>
  <trkpt lat="46.52238" lon="12.06377">
    <name>TP8211</name>
  </trkpt>
  <trkpt lat="46.52237" lon="12.06374">
    <name>TP8212</name>
  </trkpt>
  <trkpt lat="46.52236" lon="12.06327">
    <name>TP8213</name>
  </trkpt>
  <trkpt lat="46.52235" lon="12.06303">
    <name>TP8214</name>
  </trkpt>
  <trkpt lat="46.52234" lon="12.06249">
    <name>TP8215</name>
  </trkpt>
  <trkpt lat="46.52233" lon="12.06221">
    <name>TP8216</name>
  </trkpt>
  <trkpt lat="46.52233" lon="12.06202">
    <name>TP8217</name>
  </trkpt>
  <trkpt lat="46.52234" lon="12.0619">
    <name>TP8218</name>
  </trkpt>
  <trkpt lat="46.52236" lon="12.06175">
    <name>TP8219</name>
  </trkpt>
  <trkpt lat="46.5225" lon="12.06085">
    <name>TP8220</name>
  </trkpt>
  <trkpt lat="46.52254" lon="12.06059">
    <name>TP8221</name>
  </trkpt>
  <trkpt lat="46.52258" lon="12.06036">
    <name>TP8222</name>
  </trkpt>
  <trkpt lat="46.52269" lon="12.05978">
    <name>TP8223</name>
  </trkpt>
  <trkpt lat="46.52279" lon="12.05925">
    <name>TP8224</name>
  </trkpt>
  <trkpt lat="46.52284" lon="12.05893">
    <name>TP8225</name>
  </trkpt>
  <trkpt lat="46.52285" lon="12.05887">
    <name>TP8226</name>
  </trkpt>
  <trkpt lat="46.5229" lon="12.05862">
    <name>TP8227</name>
  </trkpt>
  <trkpt lat="46.52293" lon="12.05847">
    <name>TP8228</name>
  </trkpt>
  <trkpt lat="46.52297" lon="12.05829">
    <name>TP8229</name>
  </trkpt>
  <trkpt lat="46.52304" lon="12.05778">
    <name>TP8230</name>
  </trkpt>
  <trkpt lat="46.52307" lon="12.05754">
    <name>TP8231</name>
  </trkpt>
  <trkpt lat="46.52308" lon="12.05735">
    <name>TP8232</name>
  </trkpt>
  <trkpt lat="46.52308" lon="12.05715">
    <name>TP8233</name>
  </trkpt>
  <trkpt lat="46.52307" lon="12.05682">
    <name>TP8234</name>
  </trkpt>
  <trkpt lat="46.52307" lon="12.05676">
    <name>TP8235</name>
  </trkpt>
  <trkpt lat="46.52306" lon="12.05656">
    <name>TP8236</name>
  </trkpt>
  <trkpt lat="46.52306" lon="12.05654">
    <name>TP8237</name>
  </trkpt>
  <trkpt lat="46.52305" lon="12.05626">
    <name>TP8238</name>
  </trkpt>
  <trkpt lat="46.52301" lon="12.05576">
    <name>TP8239</name>
  </trkpt>
  <trkpt lat="46.52301" lon="12.05557">
    <name>TP8240</name>
  </trkpt>
  <trkpt lat="46.52299" lon="12.05536">
    <name>TP8241</name>
  </trkpt>
  <trkpt lat="46.52295" lon="12.05485">
    <name>TP8242</name>
  </trkpt>
  <trkpt lat="46.5229" lon="12.05427">
    <name>TP8243</name>
  </trkpt>
  <trkpt lat="46.52288" lon="12.0539">
    <name>TP8244</name>
  </trkpt>
  <trkpt lat="46.52285" lon="12.05355">
    <name>TP8245</name>
  </trkpt>
  <trkpt lat="46.52285" lon="12.05344">
    <name>TP8246</name>
  </trkpt>
  <trkpt lat="46.52284" lon="12.05318">
    <name>TP8247</name>
  </trkpt>
  <trkpt lat="46.52283" lon="12.05314">
    <name>TP8248</name>
  </trkpt>
  <trkpt lat="46.52282" lon="12.05292">
    <name>TP8249</name>
  </trkpt>
  <trkpt lat="46.52281" lon="12.05279">
    <name>TP8250</name>
  </trkpt>
  <trkpt lat="46.5228" lon="12.05267">
    <name>TP8251</name>
  </trkpt>
  <trkpt lat="46.52277" lon="12.05248">
    <name>TP8252</name>
  </trkpt>
  <trkpt lat="46.52276" lon="12.0524">
    <name>TP8253</name>
  </trkpt>
  <trkpt lat="46.52273" lon="12.05214">
    <name>TP8254</name>
  </trkpt>
  <trkpt lat="46.52271" lon="12.05196">
    <name>TP8255</name>
  </trkpt>
  <trkpt lat="46.52267" lon="12.05176">
    <name>TP8256</name>
  </trkpt>
  <trkpt lat="46.52263" lon="12.05156">
    <name>TP8257</name>
  </trkpt>
  <trkpt lat="46.52254" lon="12.05114">
    <name>TP8258</name>
  </trkpt>
  <trkpt lat="46.52246" lon="12.05074">
    <name>TP8259</name>
  </trkpt>
  <trkpt lat="46.52243" lon="12.05056">
    <name>TP8260</name>
  </trkpt>
  <trkpt lat="46.52242" lon="12.05047">
    <name>TP8261</name>
  </trkpt>
  <trkpt lat="46.52241" lon="12.05029">
    <name>TP8262</name>
  </trkpt>
  <trkpt lat="46.52241" lon="12.05013">
    <name>TP8263</name>
  </trkpt>
  <trkpt lat="46.52242" lon="12.04997">
    <name>TP8264</name>
  </trkpt>
  <trkpt lat="46.52243" lon="12.04982">
    <name>TP8265</name>
  </trkpt>
  <trkpt lat="46.52243" lon="12.04963">
    <name>TP8266</name>
  </trkpt>
  <trkpt lat="46.52244" lon="12.04946">
    <name>TP8267</name>
  </trkpt>
  <trkpt lat="46.52244" lon="12.04924">
    <name>TP8268</name>
  </trkpt>
  <trkpt lat="46.52243" lon="12.04912">
    <name>TP8269</name>
  </trkpt>
  <trkpt lat="46.52242" lon="12.04903">
    <name>TP8270</name>
  </trkpt>
  <trkpt lat="46.52239" lon="12.04893">
    <name>TP8271</name>
  </trkpt>
  <trkpt lat="46.52236" lon="12.04882">
    <name>TP8272</name>
  </trkpt>
  <trkpt lat="46.52233" lon="12.0487">
    <name>TP8273</name>
  </trkpt>
  <trkpt lat="46.52228" lon="12.04859">
    <name>TP8274</name>
  </trkpt>
  <trkpt lat="46.52227" lon="12.04856">
    <name>TP8275</name>
  </trkpt>
  <trkpt lat="46.52212" lon="12.04812">
    <name>TP8276</name>
  </trkpt>
  <trkpt lat="46.52208" lon="12.04784">
    <name>TP8277</name>
  </trkpt>
  <trkpt lat="46.52208" lon="12.0478">
    <name>TP8278</name>
  </trkpt>
  <trkpt lat="46.52207" lon="12.04778">
    <name>TP8279</name>
  </trkpt>
  <trkpt lat="46.52206" lon="12.0477">
    <name>TP8280</name>
  </trkpt>
  <trkpt lat="46.52203" lon="12.0475">
    <name>TP8281</name>
  </trkpt>
  <trkpt lat="46.52204" lon="12.04725">
    <name>TP8282</name>
  </trkpt>
  <trkpt lat="46.52204" lon="12.04674">
    <name>TP8283</name>
  </trkpt>
  <trkpt lat="46.52205" lon="12.04609">
    <name>TP8284</name>
  </trkpt>
  <trkpt lat="46.52204" lon="12.04572">
    <name>TP8285</name>
  </trkpt>
  <trkpt lat="46.52204" lon="12.04569">
    <name>TP8286</name>
  </trkpt>
  <trkpt lat="46.52204" lon="12.04546">
    <name>TP8287</name>
  </trkpt>
  <trkpt lat="46.52204" lon="12.04527">
    <name>TP8288</name>
  </trkpt>
  <trkpt lat="46.52204" lon="12.04492">
    <name>TP8289</name>
  </trkpt>
  <trkpt lat="46.52202" lon="12.04463">
    <name>TP8290</name>
  </trkpt>
  <trkpt lat="46.52195" lon="12.04407">
    <name>TP8291</name>
  </trkpt>
  <trkpt lat="46.52192" lon="12.04385">
    <name>TP8292</name>
  </trkpt>
  <trkpt lat="46.52185" lon="12.0435">
    <name>TP8293</name>
  </trkpt>
  <trkpt lat="46.52174" lon="12.04287">
    <name>TP8294</name>
  </trkpt>
  <trkpt lat="46.52169" lon="12.0426">
    <name>TP8295</name>
  </trkpt>
  <trkpt lat="46.52159" lon="12.04226">
    <name>TP8296</name>
  </trkpt>
  <trkpt lat="46.52149" lon="12.04194">
    <name>TP8297</name>
  </trkpt>
  <trkpt lat="46.5214" lon="12.04171">
    <name>TP8298</name>
  </trkpt>
  <trkpt lat="46.52122" lon="12.04124">
    <name>TP8299</name>
  </trkpt>
  <trkpt lat="46.52121" lon="12.04122">
    <name>TP8300</name>
  </trkpt>
  <trkpt lat="46.52116" lon="12.04106">
    <name>TP8301</name>
  </trkpt>
  <trkpt lat="46.52109" lon="12.04082">
    <name>TP8302</name>
  </trkpt>
  <trkpt lat="46.52097" lon="12.04029">
    <name>TP8303</name>
  </trkpt>
  <trkpt lat="46.52096" lon="12.04024">
    <name>TP8304</name>
  </trkpt>
  <trkpt lat="46.52091" lon="12.04005">
    <name>TP8305</name>
  </trkpt>
  <trkpt lat="46.52083" lon="12.03982">
    <name>TP8306</name>
  </trkpt>
  <trkpt lat="46.52076" lon="12.03955">
    <name>TP8307</name>
  </trkpt>
  <trkpt lat="46.52064" lon="12.03931">
    <name>TP8308</name>
  </trkpt>
  <trkpt lat="46.52057" lon="12.03909">
    <name>TP8309</name>
  </trkpt>
  <trkpt lat="46.52055" lon="12.03902">
    <name>TP8310</name>
  </trkpt>
  <trkpt lat="46.52048" lon="12.03884">
    <name>TP8311</name>
  </trkpt>
  <trkpt lat="46.52044" lon="12.0387">
    <name>TP8312</name>
  </trkpt>
  <trkpt lat="46.52044" lon="12.03867">
    <name>TP8313</name>
  </trkpt>
  <trkpt lat="46.52044" lon="12.03861">
    <name>TP8314</name>
  </trkpt>
  <trkpt lat="46.52044" lon="12.03859">
    <name>TP8315</name>
  </trkpt>
  <trkpt lat="46.52044" lon="12.03858">
    <name>TP8316</name>
  </trkpt>
  <trkpt lat="46.52045" lon="12.03854">
    <name>TP8317</name>
  </trkpt>
  <trkpt lat="46.52046" lon="12.03852">
    <name>TP8318</name>
  </trkpt>
  <trkpt lat="46.52047" lon="12.03851">
    <name>TP8319</name>
  </trkpt>
  <trkpt lat="46.52051" lon="12.03848">
    <name>TP8320</name>
  </trkpt>
  <trkpt lat="46.52054" lon="12.03848">
    <name>TP8321</name>
  </trkpt>
  <trkpt lat="46.52055" lon="12.03848">
    <name>TP8322</name>
  </trkpt>
  <trkpt lat="46.52057" lon="12.03849">
    <name>TP8323</name>
  </trkpt>
  <trkpt lat="46.52059" lon="12.0385">
    <name>TP8324</name>
  </trkpt>
  <trkpt lat="46.52062" lon="12.03851">
    <name>TP8325</name>
  </trkpt>
  <trkpt lat="46.52065" lon="12.03855">
    <name>TP8326</name>
  </trkpt>
  <trkpt lat="46.52067" lon="12.03858">
    <name>TP8327</name>
  </trkpt>
  <trkpt lat="46.52087" lon="12.03902">
    <name>TP8328</name>
  </trkpt>
  <trkpt lat="46.52088" lon="12.03904">
    <name>TP8329</name>
  </trkpt>
  <trkpt lat="46.52091" lon="12.03906">
    <name>TP8330</name>
  </trkpt>
  <trkpt lat="46.52092" lon="12.03908">
    <name>TP8331</name>
  </trkpt>
  <trkpt lat="46.52094" lon="12.03908">
    <name>TP8332</name>
  </trkpt>
  <trkpt lat="46.52095" lon="12.03908">
    <name>TP8333</name>
  </trkpt>
  <trkpt lat="46.52097" lon="12.03908">
    <name>TP8334</name>
  </trkpt>
  <trkpt lat="46.52101" lon="12.03907">
    <name>TP8335</name>
  </trkpt>
  <trkpt lat="46.52104" lon="12.03905">
    <name>TP8336</name>
  </trkpt>
  <trkpt lat="46.52105" lon="12.03904">
    <name>TP8337</name>
  </trkpt>
  <trkpt lat="46.52107" lon="12.03902">
    <name>TP8338</name>
  </trkpt>
  <trkpt lat="46.52108" lon="12.039">
    <name>TP8339</name>
  </trkpt>
  <trkpt lat="46.52109" lon="12.03896">
    <name>TP8340</name>
  </trkpt>
  <trkpt lat="46.5211" lon="12.0389">
    <name>TP8341</name>
  </trkpt>
  <trkpt lat="46.52109" lon="12.03881">
    <name>TP8342</name>
  </trkpt>
  <trkpt lat="46.52106" lon="12.03872">
    <name>TP8343</name>
  </trkpt>
  <trkpt lat="46.52099" lon="12.03857">
    <name>TP8344</name>
  </trkpt>
  <trkpt lat="46.52096" lon="12.03853">
    <name>TP8345</name>
  </trkpt>
  <trkpt lat="46.52094" lon="12.0385">
    <name>TP8346</name>
  </trkpt>
  <trkpt lat="46.52084" lon="12.03837">
    <name>TP8347</name>
  </trkpt>
  <trkpt lat="46.52083" lon="12.03835">
    <name>TP8348</name>
  </trkpt>
  <trkpt lat="46.52069" lon="12.03819">
    <name>TP8349</name>
  </trkpt>
  <trkpt lat="46.52041" lon="12.03785">
    <name>TP8350</name>
  </trkpt>
  <trkpt lat="46.52037" lon="12.03779">
    <name>TP8351</name>
  </trkpt>
  <trkpt lat="46.52029" lon="12.03762">
    <name>TP8352</name>
  </trkpt>
  <trkpt lat="46.52026" lon="12.03751">
    <name>TP8353</name>
  </trkpt>
  <trkpt lat="46.52022" lon="12.03732">
    <name>TP8354</name>
  </trkpt>
  <trkpt lat="46.52018" lon="12.03705">
    <name>TP8355</name>
  </trkpt>
  <trkpt lat="46.52014" lon="12.03679">
    <name>TP8356</name>
  </trkpt>
  <trkpt lat="46.52014" lon="12.03671">
    <name>TP8357</name>
  </trkpt>
  <trkpt lat="46.52014" lon="12.0367">
    <name>TP8358</name>
  </trkpt>
  <trkpt lat="46.52014" lon="12.03665">
    <name>TP8359</name>
  </trkpt>
  <trkpt lat="46.52014" lon="12.03664">
    <name>TP8360</name>
  </trkpt>
  <trkpt lat="46.52014" lon="12.03661">
    <name>TP8361</name>
  </trkpt>
  <trkpt lat="46.52014" lon="12.0366">
    <name>TP8362</name>
  </trkpt>
  <trkpt lat="46.52015" lon="12.03657">
    <name>TP8363</name>
  </trkpt>
  <trkpt lat="46.52017" lon="12.03653">
    <name>TP8364</name>
  </trkpt>
  <trkpt lat="46.52019" lon="12.0365">
    <name>TP8365</name>
  </trkpt>
  <trkpt lat="46.52022" lon="12.03647">
    <name>TP8366</name>
  </trkpt>
  <trkpt lat="46.52024" lon="12.03646">
    <name>TP8367</name>
  </trkpt>
  <trkpt lat="46.52026" lon="12.03646">
    <name>TP8368</name>
  </trkpt>
  <trkpt lat="46.52029" lon="12.03646">
    <name>TP8369</name>
  </trkpt>
  <trkpt lat="46.52031" lon="12.03647">
    <name>TP8370</name>
  </trkpt>
  <trkpt lat="46.52033" lon="12.03648">
    <name>TP8371</name>
  </trkpt>
  <trkpt lat="46.52034" lon="12.03651">
    <name>TP8372</name>
  </trkpt>
  <trkpt lat="46.52037" lon="12.03656">
    <name>TP8373</name>
  </trkpt>
  <trkpt lat="46.5204" lon="12.03664">
    <name>TP8374</name>
  </trkpt>
  <trkpt lat="46.52043" lon="12.03673">
    <name>TP8375</name>
  </trkpt>
  <trkpt lat="46.52046" lon="12.03684">
    <name>TP8376</name>
  </trkpt>
  <trkpt lat="46.52053" lon="12.03704">
    <name>TP8377</name>
  </trkpt>
  <trkpt lat="46.52054" lon="12.03707">
    <name>TP8378</name>
  </trkpt>
  <trkpt lat="46.52074" lon="12.03745">
    <name>TP8379</name>
  </trkpt>
  <trkpt lat="46.52077" lon="12.0375">
    <name>TP8380</name>
  </trkpt>
  <trkpt lat="46.52079" lon="12.03751">
    <name>TP8381</name>
  </trkpt>
  <trkpt lat="46.5208" lon="12.03752">
    <name>TP8382</name>
  </trkpt>
  <trkpt lat="46.52083" lon="12.03753">
    <name>TP8383</name>
  </trkpt>
  <trkpt lat="46.52085" lon="12.03753">
    <name>TP8384</name>
  </trkpt>
  <trkpt lat="46.52087" lon="12.03753">
    <name>TP8385</name>
  </trkpt>
  <trkpt lat="46.52089" lon="12.03752">
    <name>TP8386</name>
  </trkpt>
  <trkpt lat="46.52091" lon="12.0375">
    <name>TP8387</name>
  </trkpt>
  <trkpt lat="46.52093" lon="12.03748">
    <name>TP8388</name>
  </trkpt>
  <trkpt lat="46.52094" lon="12.03746">
    <name>TP8389</name>
  </trkpt>
  <trkpt lat="46.52095" lon="12.03744">
    <name>TP8390</name>
  </trkpt>
  <trkpt lat="46.52095" lon="12.03742">
    <name>TP8391</name>
  </trkpt>
  <trkpt lat="46.52095" lon="12.03739">
    <name>TP8392</name>
  </trkpt>
  <trkpt lat="46.52094" lon="12.03728">
    <name>TP8393</name>
  </trkpt>
  <trkpt lat="46.52092" lon="12.03713">
    <name>TP8394</name>
  </trkpt>
  <trkpt lat="46.52088" lon="12.03687">
    <name>TP8395</name>
  </trkpt>
  <trkpt lat="46.52086" lon="12.03672">
    <name>TP8396</name>
  </trkpt>
  <trkpt lat="46.52082" lon="12.03647">
    <name>TP8397</name>
  </trkpt>
  <trkpt lat="46.52079" lon="12.03621">
    <name>TP8398</name>
  </trkpt>
  <trkpt lat="46.52078" lon="12.03618">
    <name>TP8399</name>
  </trkpt>
  <trkpt lat="46.52075" lon="12.03595">
    <name>TP8400</name>
  </trkpt>
  <trkpt lat="46.52068" lon="12.03543">
    <name>TP8401</name>
  </trkpt>
  <trkpt lat="46.52063" lon="12.03501">
    <name>TP8402</name>
  </trkpt>
  <trkpt lat="46.52059" lon="12.03478">
    <name>TP8403</name>
  </trkpt>
  <trkpt lat="46.52056" lon="12.03455">
    <name>TP8404</name>
  </trkpt>
  <trkpt lat="46.52053" lon="12.03439">
    <name>TP8405</name>
  </trkpt>
  <trkpt lat="46.52048" lon="12.03421">
    <name>TP8406</name>
  </trkpt>
  <trkpt lat="46.52041" lon="12.03405">
    <name>TP8407</name>
  </trkpt>
  <trkpt lat="46.52033" lon="12.03387">
    <name>TP8408</name>
  </trkpt>
  <trkpt lat="46.5202" lon="12.03363">
    <name>TP8409</name>
  </trkpt>
  <trkpt lat="46.52017" lon="12.03353">
    <name>TP8410</name>
  </trkpt>
  <trkpt lat="46.52014" lon="12.03341">
    <name>TP8411</name>
  </trkpt>
  <trkpt lat="46.52013" lon="12.03333">
    <name>TP8412</name>
  </trkpt>
  <trkpt lat="46.52013" lon="12.03321">
    <name>TP8413</name>
  </trkpt>
  <trkpt lat="46.52012" lon="12.03308">
    <name>TP8414</name>
  </trkpt>
  <trkpt lat="46.52012" lon="12.03305">
    <name>TP8415</name>
  </trkpt>
  <trkpt lat="46.52012" lon="12.0329">
    <name>TP8416</name>
  </trkpt>
  <trkpt lat="46.52012" lon="12.03273">
    <name>TP8417</name>
  </trkpt>
  <trkpt lat="46.52013" lon="12.03255">
    <name>TP8418</name>
  </trkpt>
  <trkpt lat="46.52013" lon="12.03239">
    <name>TP8419</name>
  </trkpt>
  <trkpt lat="46.52012" lon="12.03202">
    <name>TP8420</name>
  </trkpt>
  <trkpt lat="46.5201" lon="12.03188">
    <name>TP8421</name>
  </trkpt>
  <trkpt lat="46.52008" lon="12.03178">
    <name>TP8422</name>
  </trkpt>
  <trkpt lat="46.52008" lon="12.03177">
    <name>TP8423</name>
  </trkpt>
  <trkpt lat="46.52006" lon="12.03172">
    <name>TP8424</name>
  </trkpt>
  <trkpt lat="46.52006" lon="12.03169">
    <name>TP8425</name>
  </trkpt>
  <trkpt lat="46.52" lon="12.03159">
    <name>TP8426</name>
  </trkpt>
  <trkpt lat="46.51998" lon="12.03156">
    <name>TP8427</name>
  </trkpt>
  <trkpt lat="46.51996" lon="12.03152">
    <name>TP8428</name>
  </trkpt>
  <trkpt lat="46.51979" lon="12.03127">
    <name>TP8429</name>
  </trkpt>
  <trkpt lat="46.51974" lon="12.03122">
    <name>TP8430</name>
  </trkpt>
  <trkpt lat="46.5197" lon="12.03118">
    <name>TP8431</name>
  </trkpt>
  <trkpt lat="46.51962" lon="12.03115">
    <name>TP8432</name>
  </trkpt>
  <trkpt lat="46.51954" lon="12.03114">
    <name>TP8433</name>
  </trkpt>
  <trkpt lat="46.51947" lon="12.03114">
    <name>TP8434</name>
  </trkpt>
  <trkpt lat="46.51943" lon="12.03116">
    <name>TP8435</name>
  </trkpt>
  <trkpt lat="46.51916" lon="12.03146">
    <name>TP8436</name>
  </trkpt>
  <trkpt lat="46.51914" lon="12.03148">
    <name>TP8437</name>
  </trkpt>
  <trkpt lat="46.51912" lon="12.03149">
    <name>TP8438</name>
  </trkpt>
  <trkpt lat="46.5191" lon="12.0315">
    <name>TP8439</name>
  </trkpt>
  <trkpt lat="46.51909" lon="12.03151">
    <name>TP8440</name>
  </trkpt>
  <trkpt lat="46.51908" lon="12.03152">
    <name>TP8441</name>
  </trkpt>
  <trkpt lat="46.51906" lon="12.03153">
    <name>TP8442</name>
  </trkpt>
  <trkpt lat="46.51905" lon="12.03153">
    <name>TP8443</name>
  </trkpt>
  <trkpt lat="46.51904" lon="12.03153">
    <name>TP8444</name>
  </trkpt>
  <trkpt lat="46.51902" lon="12.03153">
    <name>TP8445</name>
  </trkpt>
  <trkpt lat="46.51901" lon="12.03152">
    <name>TP8446</name>
  </trkpt>
  <trkpt lat="46.519" lon="12.03152">
    <name>TP8447</name>
  </trkpt>
  <trkpt lat="46.51899" lon="12.03151">
    <name>TP8448</name>
  </trkpt>
  <trkpt lat="46.51898" lon="12.0315">
    <name>TP8449</name>
  </trkpt>
  <trkpt lat="46.51897" lon="12.03149">
    <name>TP8450</name>
  </trkpt>
  <trkpt lat="46.51896" lon="12.03148">
    <name>TP8451</name>
  </trkpt>
  <trkpt lat="46.51896" lon="12.03146">
    <name>TP8452</name>
  </trkpt>
  <trkpt lat="46.51895" lon="12.03144">
    <name>TP8453</name>
  </trkpt>
  <trkpt lat="46.51894" lon="12.03142">
    <name>TP8454</name>
  </trkpt>
  <trkpt lat="46.51893" lon="12.0314">
    <name>TP8455</name>
  </trkpt>
  <trkpt lat="46.51893" lon="12.03138">
    <name>TP8456</name>
  </trkpt>
  <trkpt lat="46.51893" lon="12.03136">
    <name>TP8457</name>
  </trkpt>
  <trkpt lat="46.51893" lon="12.03133">
    <name>TP8458</name>
  </trkpt>
  <trkpt lat="46.51895" lon="12.0313">
    <name>TP8459</name>
  </trkpt>
  <trkpt lat="46.51896" lon="12.03127">
    <name>TP8460</name>
  </trkpt>
  <trkpt lat="46.51906" lon="12.03108">
    <name>TP8461</name>
  </trkpt>
  <trkpt lat="46.51939" lon="12.0305">
    <name>TP8462</name>
  </trkpt>
  <trkpt lat="46.51942" lon="12.03042">
    <name>TP8463</name>
  </trkpt>
  <trkpt lat="46.51943" lon="12.03037">
    <name>TP8464</name>
  </trkpt>
  <trkpt lat="46.51943" lon="12.03032">
    <name>TP8465</name>
  </trkpt>
  <trkpt lat="46.51943" lon="12.03029">
    <name>TP8466</name>
  </trkpt>
  <trkpt lat="46.51942" lon="12.03026">
    <name>TP8467</name>
  </trkpt>
  <trkpt lat="46.51941" lon="12.03024">
    <name>TP8468</name>
  </trkpt>
  <trkpt lat="46.5194" lon="12.0302">
    <name>TP8469</name>
  </trkpt>
  <trkpt lat="46.51937" lon="12.03018">
    <name>TP8470</name>
  </trkpt>
  <trkpt lat="46.51936" lon="12.03016">
    <name>TP8471</name>
  </trkpt>
  <trkpt lat="46.51935" lon="12.03016">
    <name>TP8472</name>
  </trkpt>
  <trkpt lat="46.51933" lon="12.03015">
    <name>TP8473</name>
  </trkpt>
  <trkpt lat="46.51931" lon="12.03014">
    <name>TP8474</name>
  </trkpt>
  <trkpt lat="46.51927" lon="12.03014">
    <name>TP8475</name>
  </trkpt>
  <trkpt lat="46.5189" lon="12.03008">
    <name>TP8476</name>
  </trkpt>
  <trkpt lat="46.51881" lon="12.03007">
    <name>TP8477</name>
  </trkpt>
  <trkpt lat="46.51869" lon="12.03002">
    <name>TP8478</name>
  </trkpt>
  <trkpt lat="46.51864" lon="12.02999">
    <name>TP8479</name>
  </trkpt>
  <trkpt lat="46.51857" lon="12.02995">
    <name>TP8480</name>
  </trkpt>
  <trkpt lat="46.51848" lon="12.02989">
    <name>TP8481</name>
  </trkpt>
  <trkpt lat="46.51836" lon="12.02979">
    <name>TP8482</name>
  </trkpt>
  <trkpt lat="46.51824" lon="12.02968">
    <name>TP8483</name>
  </trkpt>
  <trkpt lat="46.5181" lon="12.02953">
    <name>TP8484</name>
  </trkpt>
  <trkpt lat="46.51804" lon="12.02944">
    <name>TP8485</name>
  </trkpt>
  <trkpt lat="46.518" lon="12.02938">
    <name>TP8486</name>
  </trkpt>
  <trkpt lat="46.51798" lon="12.02934">
    <name>TP8487</name>
  </trkpt>
  <trkpt lat="46.51797" lon="12.0293">
    <name>TP8488</name>
  </trkpt>
  <trkpt lat="46.51796" lon="12.02923">
    <name>TP8489</name>
  </trkpt>
  <trkpt lat="46.51795" lon="12.02918">
    <name>TP8490</name>
  </trkpt>
  <trkpt lat="46.51795" lon="12.02913">
    <name>TP8491</name>
  </trkpt>
  <trkpt lat="46.51796" lon="12.02908">
    <name>TP8492</name>
  </trkpt>
  <trkpt lat="46.51797" lon="12.02903">
    <name>TP8493</name>
  </trkpt>
  <trkpt lat="46.51806" lon="12.02878">
    <name>TP8494</name>
  </trkpt>
  <trkpt lat="46.51814" lon="12.02857">
    <name>TP8495</name>
  </trkpt>
  <trkpt lat="46.51821" lon="12.02837">
    <name>TP8496</name>
  </trkpt>
  <trkpt lat="46.51838" lon="12.02795">
    <name>TP8497</name>
  </trkpt>
  <trkpt lat="46.51843" lon="12.02783">
    <name>TP8498</name>
  </trkpt>
  <trkpt lat="46.51845" lon="12.02777">
    <name>TP8499</name>
  </trkpt>
  <trkpt lat="46.51851" lon="12.02764">
    <name>TP8500</name>
  </trkpt>
  <trkpt lat="46.51858" lon="12.02753">
    <name>TP8501</name>
  </trkpt>
  <trkpt lat="46.51866" lon="12.02748">
    <name>TP8502</name>
  </trkpt>
  <trkpt lat="46.51872" lon="12.02746">
    <name>TP8503</name>
  </trkpt>
  <trkpt lat="46.51877" lon="12.02746">
    <name>TP8504</name>
  </trkpt>
  <trkpt lat="46.51885" lon="12.02746">
    <name>TP8505</name>
  </trkpt>
  <trkpt lat="46.51897" lon="12.02749">
    <name>TP8506</name>
  </trkpt>
  <trkpt lat="46.51919" lon="12.02752">
    <name>TP8507</name>
  </trkpt>
  <trkpt lat="46.5194" lon="12.02757">
    <name>TP8508</name>
  </trkpt>
  <trkpt lat="46.51963" lon="12.02761">
    <name>TP8509</name>
  </trkpt>
  <trkpt lat="46.51973" lon="12.0276">
    <name>TP8510</name>
  </trkpt>
  <trkpt lat="46.51975" lon="12.0276">
    <name>TP8511</name>
  </trkpt>
  <trkpt lat="46.51981" lon="12.02758">
    <name>TP8512</name>
  </trkpt>
  <trkpt lat="46.51989" lon="12.02753">
    <name>TP8513</name>
  </trkpt>
  <trkpt lat="46.51993" lon="12.02749">
    <name>TP8514</name>
  </trkpt>
  <trkpt lat="46.51995" lon="12.02746">
    <name>TP8515</name>
  </trkpt>
  <trkpt lat="46.51998" lon="12.02742">
    <name>TP8516</name>
  </trkpt>
  <trkpt lat="46.52001" lon="12.02736">
    <name>TP8517</name>
  </trkpt>
  <trkpt lat="46.52003" lon="12.0273">
    <name>TP8518</name>
  </trkpt>
  <trkpt lat="46.52003" lon="12.02729">
    <name>TP8519</name>
  </trkpt>
  <trkpt lat="46.52004" lon="12.02723">
    <name>TP8520</name>
  </trkpt>
  <trkpt lat="46.52005" lon="12.02714">
    <name>TP8521</name>
  </trkpt>
  <trkpt lat="46.52004" lon="12.02707">
    <name>TP8522</name>
  </trkpt>
  <trkpt lat="46.52004" lon="12.02697">
    <name>TP8523</name>
  </trkpt>
  <trkpt lat="46.51999" lon="12.02668">
    <name>TP8524</name>
  </trkpt>
  <trkpt lat="46.51994" lon="12.02639">
    <name>TP8525</name>
  </trkpt>
  <trkpt lat="46.5199" lon="12.02614">
    <name>TP8526</name>
  </trkpt>
  <trkpt lat="46.51989" lon="12.02608">
    <name>TP8527</name>
  </trkpt>
  <trkpt lat="46.51988" lon="12.02601">
    <name>TP8528</name>
  </trkpt>
  <trkpt lat="46.51984" lon="12.02577">
    <name>TP8529</name>
  </trkpt>
  <trkpt lat="46.51982" lon="12.02566">
    <name>TP8530</name>
  </trkpt>
  <trkpt lat="46.5198" lon="12.02551">
    <name>TP8531</name>
  </trkpt>
  <trkpt lat="46.51979" lon="12.02536">
    <name>TP8532</name>
  </trkpt>
  <trkpt lat="46.51974" lon="12.02505">
    <name>TP8533</name>
  </trkpt>
  <trkpt lat="46.51973" lon="12.02482">
    <name>TP8534</name>
  </trkpt>
  <trkpt lat="46.51972" lon="12.02452">
    <name>TP8535</name>
  </trkpt>
  <trkpt lat="46.51974" lon="12.02421">
    <name>TP8536</name>
  </trkpt>
  <trkpt lat="46.51975" lon="12.02383">
    <name>TP8537</name>
  </trkpt>
  <trkpt lat="46.51975" lon="12.02369">
    <name>TP8538</name>
  </trkpt>
  <trkpt lat="46.51975" lon="12.02367">
    <name>TP8539</name>
  </trkpt>
  <trkpt lat="46.51975" lon="12.02355">
    <name>TP8540</name>
  </trkpt>
  <trkpt lat="46.51973" lon="12.02342">
    <name>TP8541</name>
  </trkpt>
  <trkpt lat="46.51973" lon="12.02341">
    <name>TP8542</name>
  </trkpt>
  <trkpt lat="46.5197" lon="12.02332">
    <name>TP8543</name>
  </trkpt>
  <trkpt lat="46.51963" lon="12.02315">
    <name>TP8544</name>
  </trkpt>
  <trkpt lat="46.51955" lon="12.02299">
    <name>TP8545</name>
  </trkpt>
  <trkpt lat="46.51954" lon="12.02297">
    <name>TP8546</name>
  </trkpt>
  <trkpt lat="46.5195" lon="12.02289">
    <name>TP8547</name>
  </trkpt>
  <trkpt lat="46.51947" lon="12.0228">
    <name>TP8548</name>
  </trkpt>
  <trkpt lat="46.51947" lon="12.02276">
    <name>TP8549</name>
  </trkpt>
  <trkpt lat="46.51946" lon="12.02274">
    <name>TP8550</name>
  </trkpt>
  <trkpt lat="46.51946" lon="12.0227">
    <name>TP8551</name>
  </trkpt>
  <trkpt lat="46.51946" lon="12.02263">
    <name>TP8552</name>
  </trkpt>
  <trkpt lat="46.51947" lon="12.02259">
    <name>TP8553</name>
  </trkpt>
  <trkpt lat="46.51948" lon="12.02255">
    <name>TP8554</name>
  </trkpt>
  <trkpt lat="46.5195" lon="12.02252">
    <name>TP8555</name>
  </trkpt>
  <trkpt lat="46.51953" lon="12.02249">
    <name>TP8556</name>
  </trkpt>
  <trkpt lat="46.51956" lon="12.02247">
    <name>TP8557</name>
  </trkpt>
  <trkpt lat="46.51959" lon="12.02246">
    <name>TP8558</name>
  </trkpt>
  <trkpt lat="46.51964" lon="12.02246">
    <name>TP8559</name>
  </trkpt>
  <trkpt lat="46.51972" lon="12.02249">
    <name>TP8560</name>
  </trkpt>
  <trkpt lat="46.51979" lon="12.02254">
    <name>TP8561</name>
  </trkpt>
  <trkpt lat="46.51986" lon="12.02261">
    <name>TP8562</name>
  </trkpt>
  <trkpt lat="46.51996" lon="12.02272">
    <name>TP8563</name>
  </trkpt>
  <trkpt lat="46.51998" lon="12.02274">
    <name>TP8564</name>
  </trkpt>
  <trkpt lat="46.51998" lon="12.02276">
    <name>TP8565</name>
  </trkpt>
  <trkpt lat="46.52003" lon="12.02284">
    <name>TP8566</name>
  </trkpt>
  <trkpt lat="46.52009" lon="12.02297">
    <name>TP8567</name>
  </trkpt>
  <trkpt lat="46.52011" lon="12.02306">
    <name>TP8568</name>
  </trkpt>
  <trkpt lat="46.52014" lon="12.0232">
    <name>TP8569</name>
  </trkpt>
  <trkpt lat="46.52016" lon="12.0233">
    <name>TP8570</name>
  </trkpt>
  <trkpt lat="46.52018" lon="12.02337">
    <name>TP8571</name>
  </trkpt>
  <trkpt lat="46.52019" lon="12.0234">
    <name>TP8572</name>
  </trkpt>
  <trkpt lat="46.5202" lon="12.02342">
    <name>TP8573</name>
  </trkpt>
  <trkpt lat="46.52022" lon="12.02343">
    <name>TP8574</name>
  </trkpt>
  <trkpt lat="46.52023" lon="12.02344">
    <name>TP8575</name>
  </trkpt>
  <trkpt lat="46.52023" lon="12.02345">
    <name>TP8576</name>
  </trkpt>
  <trkpt lat="46.52026" lon="12.02346">
    <name>TP8577</name>
  </trkpt>
  <trkpt lat="46.52028" lon="12.02346">
    <name>TP8578</name>
  </trkpt>
  <trkpt lat="46.5203" lon="12.02346">
    <name>TP8579</name>
  </trkpt>
  <trkpt lat="46.52031" lon="12.02346">
    <name>TP8580</name>
  </trkpt>
  <trkpt lat="46.52032" lon="12.02344">
    <name>TP8581</name>
  </trkpt>
  <trkpt lat="46.52033" lon="12.02343">
    <name>TP8582</name>
  </trkpt>
  <trkpt lat="46.52034" lon="12.02341">
    <name>TP8583</name>
  </trkpt>
  <trkpt lat="46.52035" lon="12.0234">
    <name>TP8584</name>
  </trkpt>
  <trkpt lat="46.52035" lon="12.02338">
    <name>TP8585</name>
  </trkpt>
  <trkpt lat="46.52036" lon="12.02336">
    <name>TP8586</name>
  </trkpt>
  <trkpt lat="46.52036" lon="12.02333">
    <name>TP8587</name>
  </trkpt>
  <trkpt lat="46.52036" lon="12.0233">
    <name>TP8588</name>
  </trkpt>
  <trkpt lat="46.52033" lon="12.02309">
    <name>TP8589</name>
  </trkpt>
  <trkpt lat="46.52032" lon="12.02305">
    <name>TP8590</name>
  </trkpt>
  <trkpt lat="46.52029" lon="12.02285">
    <name>TP8591</name>
  </trkpt>
  <trkpt lat="46.52029" lon="12.02284">
    <name>TP8592</name>
  </trkpt>
  <trkpt lat="46.52028" lon="12.02278">
    <name>TP8593</name>
  </trkpt>
  <trkpt lat="46.52027" lon="12.02267">
    <name>TP8594</name>
  </trkpt>
  <trkpt lat="46.52029" lon="12.02258">
    <name>TP8595</name>
  </trkpt>
  <trkpt lat="46.5203" lon="12.02249">
    <name>TP8596</name>
  </trkpt>
  <trkpt lat="46.52034" lon="12.02235">
    <name>TP8597</name>
  </trkpt>
  <trkpt lat="46.52034" lon="12.02233">
    <name>TP8598</name>
  </trkpt>
  <trkpt lat="46.5204" lon="12.02209">
    <name>TP8599</name>
  </trkpt>
  <trkpt lat="46.52042" lon="12.02192">
    <name>TP8600</name>
  </trkpt>
  <trkpt lat="46.52043" lon="12.02176">
    <name>TP8601</name>
  </trkpt>
  <trkpt lat="46.52041" lon="12.02157">
    <name>TP8602</name>
  </trkpt>
  <trkpt lat="46.52037" lon="12.02131">
    <name>TP8603</name>
  </trkpt>
  <trkpt lat="46.5203" lon="12.0211">
    <name>TP8604</name>
  </trkpt>
  <trkpt lat="46.5203" lon="12.02109">
    <name>TP8605</name>
  </trkpt>
  <trkpt lat="46.52026" lon="12.02098">
    <name>TP8606</name>
  </trkpt>
  <trkpt lat="46.52022" lon="12.02088">
    <name>TP8607</name>
  </trkpt>
  <trkpt lat="46.52011" lon="12.02071">
    <name>TP8608</name>
  </trkpt>
  <trkpt lat="46.52001" lon="12.02058">
    <name>TP8609</name>
  </trkpt>
  <trkpt lat="46.51993" lon="12.02048">
    <name>TP8610</name>
  </trkpt>
  <trkpt lat="46.51978" lon="12.02032">
    <name>TP8611</name>
  </trkpt>
  <trkpt lat="46.51965" lon="12.02016">
    <name>TP8612</name>
  </trkpt>
  <trkpt lat="46.51962" lon="12.02011">
    <name>TP8613</name>
  </trkpt>
  <trkpt lat="46.51959" lon="12.02006">
    <name>TP8614</name>
  </trkpt>
  <trkpt lat="46.51957" lon="12.02002">
    <name>TP8615</name>
  </trkpt>
  <trkpt lat="46.51955" lon="12.01998">
    <name>TP8616</name>
  </trkpt>
  <trkpt lat="46.51954" lon="12.01994">
    <name>TP8617</name>
  </trkpt>
  <trkpt lat="46.51953" lon="12.01989">
    <name>TP8618</name>
  </trkpt>
  <trkpt lat="46.51952" lon="12.01985">
    <name>TP8619</name>
  </trkpt>
  <trkpt lat="46.51952" lon="12.0198">
    <name>TP8620</name>
  </trkpt>
  <trkpt lat="46.51952" lon="12.01974">
    <name>TP8621</name>
  </trkpt>
  <trkpt lat="46.51952" lon="12.01969">
    <name>TP8622</name>
  </trkpt>
  <trkpt lat="46.51953" lon="12.01966">
    <name>TP8623</name>
  </trkpt>
  <trkpt lat="46.51954" lon="12.01962">
    <name>TP8624</name>
  </trkpt>
  <trkpt lat="46.51956" lon="12.01956">
    <name>TP8625</name>
  </trkpt>
  <trkpt lat="46.51958" lon="12.01952">
    <name>TP8626</name>
  </trkpt>
  <trkpt lat="46.51959" lon="12.01948">
    <name>TP8627</name>
  </trkpt>
  <trkpt lat="46.5196" lon="12.01948">
    <name>TP8628</name>
  </trkpt>
  <trkpt lat="46.51963" lon="12.01941">
    <name>TP8629</name>
  </trkpt>
  <trkpt lat="46.51966" lon="12.01935">
    <name>TP8630</name>
  </trkpt>
  <trkpt lat="46.51969" lon="12.01932">
    <name>TP8631</name>
  </trkpt>
  <trkpt lat="46.51975" lon="12.01925">
    <name>TP8632</name>
  </trkpt>
  <trkpt lat="46.51984" lon="12.01917">
    <name>TP8633</name>
  </trkpt>
  <trkpt lat="46.51984" lon="12.01916">
    <name>TP8634</name>
  </trkpt>
  <trkpt lat="46.51993" lon="12.01911">
    <name>TP8635</name>
  </trkpt>
  <trkpt lat="46.52" lon="12.01907">
    <name>TP8636</name>
  </trkpt>
  <trkpt lat="46.5201" lon="12.019">
    <name>TP8637</name>
  </trkpt>
  <trkpt lat="46.52019" lon="12.01893">
    <name>TP8638</name>
  </trkpt>
  <trkpt lat="46.52023" lon="12.01889">
    <name>TP8639</name>
  </trkpt>
  <trkpt lat="46.52028" lon="12.01884">
    <name>TP8640</name>
  </trkpt>
  <trkpt lat="46.52036" lon="12.01874">
    <name>TP8641</name>
  </trkpt>
  <trkpt lat="46.52043" lon="12.01864">
    <name>TP8642</name>
  </trkpt>
  <trkpt lat="46.52049" lon="12.01854">
    <name>TP8643</name>
  </trkpt>
  <trkpt lat="46.52055" lon="12.01844">
    <name>TP8644</name>
  </trkpt>
  <trkpt lat="46.52061" lon="12.01832">
    <name>TP8645</name>
  </trkpt>
  <trkpt lat="46.5207" lon="12.01814">
    <name>TP8646</name>
  </trkpt>
  <trkpt lat="46.52077" lon="12.01798">
    <name>TP8647</name>
  </trkpt>
  <trkpt lat="46.52079" lon="12.01788">
    <name>TP8648</name>
  </trkpt>
  <trkpt lat="46.5208" lon="12.01784">
    <name>TP8649</name>
  </trkpt>
  <trkpt lat="46.52082" lon="12.01771">
    <name>TP8650</name>
  </trkpt>
  <trkpt lat="46.52083" lon="12.0176">
    <name>TP8651</name>
  </trkpt>
  <trkpt lat="46.52083" lon="12.01749">
    <name>TP8652</name>
  </trkpt>
  <trkpt lat="46.52082" lon="12.01737">
    <name>TP8653</name>
  </trkpt>
  <trkpt lat="46.52081" lon="12.01726">
    <name>TP8654</name>
  </trkpt>
  <trkpt lat="46.52079" lon="12.01717">
    <name>TP8655</name>
  </trkpt>
  <trkpt lat="46.52077" lon="12.01709">
    <name>TP8656</name>
  </trkpt>
  <trkpt lat="46.52072" lon="12.01695">
    <name>TP8657</name>
  </trkpt>
  <trkpt lat="46.52072" lon="12.01694">
    <name>TP8658</name>
  </trkpt>
  <trkpt lat="46.52071" lon="12.01693">
    <name>TP8659</name>
  </trkpt>
  <trkpt lat="46.52067" lon="12.01684">
    <name>TP8660</name>
  </trkpt>
  <trkpt lat="46.52057" lon="12.01665">
    <name>TP8661</name>
  </trkpt>
  <trkpt lat="46.52039" lon="12.01633">
    <name>TP8662</name>
  </trkpt>
  <trkpt lat="46.52034" lon="12.01625">
    <name>TP8663</name>
  </trkpt>
  <trkpt lat="46.52028" lon="12.01612">
    <name>TP8664</name>
  </trkpt>
  <trkpt lat="46.52027" lon="12.01611">
    <name>TP8665</name>
  </trkpt>
  <trkpt lat="46.52021" lon="12.01599">
    <name>TP8666</name>
  </trkpt>
  <trkpt lat="46.52019" lon="12.01594">
    <name>TP8667</name>
  </trkpt>
  <trkpt lat="46.52011" lon="12.01579">
    <name>TP8668</name>
  </trkpt>
  <trkpt lat="46.52007" lon="12.01569">
    <name>TP8669</name>
  </trkpt>
  <trkpt lat="46.52001" lon="12.01554">
    <name>TP8670</name>
  </trkpt>
  <trkpt lat="46.51997" lon="12.01547">
    <name>TP8671</name>
  </trkpt>
  <trkpt lat="46.51987" lon="12.01526">
    <name>TP8672</name>
  </trkpt>
  <trkpt lat="46.51987" lon="12.01525">
    <name>TP8673</name>
  </trkpt>
  <trkpt lat="46.51978" lon="12.01507">
    <name>TP8674</name>
  </trkpt>
  <trkpt lat="46.51975" lon="12.01501">
    <name>TP8675</name>
  </trkpt>
  <trkpt lat="46.51968" lon="12.01486">
    <name>TP8676</name>
  </trkpt>
  <trkpt lat="46.51967" lon="12.01482">
    <name>TP8677</name>
  </trkpt>
  <trkpt lat="46.5196" lon="12.01464">
    <name>TP8678</name>
  </trkpt>
  <trkpt lat="46.51959" lon="12.01459">
    <name>TP8679</name>
  </trkpt>
  <trkpt lat="46.51955" lon="12.01448">
    <name>TP8680</name>
  </trkpt>
  <trkpt lat="46.51953" lon="12.01435">
    <name>TP8681</name>
  </trkpt>
  <trkpt lat="46.51952" lon="12.01434">
    <name>TP8682</name>
  </trkpt>
  <trkpt lat="46.51952" lon="12.01432">
    <name>TP8683</name>
  </trkpt>
  <trkpt lat="46.5195" lon="12.01417">
    <name>TP8684</name>
  </trkpt>
  <trkpt lat="46.51948" lon="12.01392">
    <name>TP8685</name>
  </trkpt>
  <trkpt lat="46.51946" lon="12.01371">
    <name>TP8686</name>
  </trkpt>
  <trkpt lat="46.51945" lon="12.01357">
    <name>TP8687</name>
  </trkpt>
  <trkpt lat="46.51944" lon="12.01338">
    <name>TP8688</name>
  </trkpt>
  <trkpt lat="46.51943" lon="12.01331">
    <name>TP8689</name>
  </trkpt>
  <trkpt lat="46.51943" lon="12.0133">
    <name>TP8690</name>
  </trkpt>
  <trkpt lat="46.51941" lon="12.01311">
    <name>TP8691</name>
  </trkpt>
  <trkpt lat="46.51932" lon="12.01245">
    <name>TP8692</name>
  </trkpt>
  <trkpt lat="46.51924" lon="12.01195">
    <name>TP8693</name>
  </trkpt>
  <trkpt lat="46.51921" lon="12.01179">
    <name>TP8694</name>
  </trkpt>
  <trkpt lat="46.51919" lon="12.01156">
    <name>TP8695</name>
  </trkpt>
  <trkpt lat="46.51918" lon="12.01137">
    <name>TP8696</name>
  </trkpt>
  <trkpt lat="46.51919" lon="12.01119">
    <name>TP8697</name>
  </trkpt>
  <trkpt lat="46.5192" lon="12.01105">
    <name>TP8698</name>
  </trkpt>
  <trkpt lat="46.51923" lon="12.01076">
    <name>TP8699</name>
  </trkpt>
  <trkpt lat="46.51923" lon="12.01066">
    <name>TP8700</name>
  </trkpt>
  <trkpt lat="46.51922" lon="12.01055">
    <name>TP8701</name>
  </trkpt>
  <trkpt lat="46.5192" lon="12.01044">
    <name>TP8702</name>
  </trkpt>
  <trkpt lat="46.51917" lon="12.01032">
    <name>TP8703</name>
  </trkpt>
  <trkpt lat="46.51913" lon="12.01018">
    <name>TP8704</name>
  </trkpt>
  <trkpt lat="46.51908" lon="12.01003">
    <name>TP8705</name>
  </trkpt>
  <trkpt lat="46.51906" lon="12.01">
    <name>TP8706</name>
  </trkpt>
  <trkpt lat="46.51897" lon="12.00978">
    <name>TP8707</name>
  </trkpt>
  <trkpt lat="46.51892" lon="12.00968">
    <name>TP8708</name>
  </trkpt>
  <trkpt lat="46.51888" lon="12.00955">
    <name>TP8709</name>
  </trkpt>
  <trkpt lat="46.51888" lon="12.00954">
    <name>TP8710</name>
  </trkpt>
  <trkpt lat="46.51887" lon="12.00954">
    <name>TP8711</name>
  </trkpt>
  <trkpt lat="46.51884" lon="12.00941">
    <name>TP8712</name>
  </trkpt>
  <trkpt lat="46.51882" lon="12.00932">
    <name>TP8713</name>
  </trkpt>
  <trkpt lat="46.518815" lon="12.0093184">
    <name>TP8714</name>
  </trkpt>
  <trkpt lat="46.51885" lon="12.00913">
    <name>TP8715</name>
  </trkpt>
  <trkpt lat="46.51887" lon="12.00907">
    <name>TP8716</name>
  </trkpt>
  <trkpt lat="46.5189" lon="12.00886">
    <name>TP8717</name>
  </trkpt>
  <trkpt lat="46.51891" lon="12.00882">
    <name>TP8718</name>
  </trkpt>
  <trkpt lat="46.51892" lon="12.00875">
    <name>TP8719</name>
  </trkpt>
  <trkpt lat="46.51893" lon="12.00868">
    <name>TP8720</name>
  </trkpt>
  <trkpt lat="46.51893" lon="12.00861">
    <name>TP8721</name>
  </trkpt>
  <trkpt lat="46.51893" lon="12.00851">
    <name>TP8722</name>
  </trkpt>
  <trkpt lat="46.51894" lon="12.00845">
    <name>TP8723</name>
  </trkpt>
  <trkpt lat="46.51896" lon="12.00832">
    <name>TP8724</name>
  </trkpt>
  <trkpt lat="46.51899" lon="12.00826">
    <name>TP8725</name>
  </trkpt>
  <trkpt lat="46.51907" lon="12.00812">
    <name>TP8726</name>
  </trkpt>
  <trkpt lat="46.51909" lon="12.0081">
    <name>TP8727</name>
  </trkpt>
  <trkpt lat="46.51913" lon="12.00806">
    <name>TP8728</name>
  </trkpt>
  <trkpt lat="46.51919" lon="12.00802">
    <name>TP8729</name>
  </trkpt>
  <trkpt lat="46.51927" lon="12.00799">
    <name>TP8730</name>
  </trkpt>
  <trkpt lat="46.51969" lon="12.00792">
    <name>TP8731</name>
  </trkpt>
  <trkpt lat="46.51972" lon="12.00792">
    <name>TP8732</name>
  </trkpt>
  <trkpt lat="46.51997" lon="12.00791">
    <name>TP8733</name>
  </trkpt>
  <trkpt lat="46.52028" lon="12.00785">
    <name>TP8734</name>
  </trkpt>
  <trkpt lat="46.52033" lon="12.00783">
    <name>TP8735</name>
  </trkpt>
  <trkpt lat="46.52047" lon="12.00778">
    <name>TP8736</name>
  </trkpt>
  <trkpt lat="46.52064" lon="12.00763">
    <name>TP8737</name>
  </trkpt>
  <trkpt lat="46.52065" lon="12.00762">
    <name>TP8738</name>
  </trkpt>
  <trkpt lat="46.52079" lon="12.00746">
    <name>TP8739</name>
  </trkpt>
  <trkpt lat="46.52086" lon="12.00738">
    <name>TP8740</name>
  </trkpt>
  <trkpt lat="46.52103" lon="12.00707">
    <name>TP8741</name>
  </trkpt>
  <trkpt lat="46.52115" lon="12.00685">
    <name>TP8742</name>
  </trkpt>
  <trkpt lat="46.52126" lon="12.00669">
    <name>TP8743</name>
  </trkpt>
  <trkpt lat="46.52127" lon="12.00667">
    <name>TP8744</name>
  </trkpt>
  <trkpt lat="46.5215" lon="12.00622">
    <name>TP8745</name>
  </trkpt>
  <trkpt lat="46.52187" lon="12.00561">
    <name>TP8746</name>
  </trkpt>
  <trkpt lat="46.52194" lon="12.0055">
    <name>TP8747</name>
  </trkpt>
  <trkpt lat="46.52198" lon="12.00539">
    <name>TP8748</name>
  </trkpt>
  <trkpt lat="46.52202" lon="12.00522">
    <name>TP8749</name>
  </trkpt>
  <trkpt lat="46.52204" lon="12.00511">
    <name>TP8750</name>
  </trkpt>
  <trkpt lat="46.52208" lon="12.00482">
    <name>TP8751</name>
  </trkpt>
  <trkpt lat="46.52213" lon="12.00445">
    <name>TP8752</name>
  </trkpt>
  <trkpt lat="46.52218" lon="12.0041">
    <name>TP8753</name>
  </trkpt>
  <trkpt lat="46.52223" lon="12.00395">
    <name>TP8754</name>
  </trkpt>
  <trkpt lat="46.52227" lon="12.00381">
    <name>TP8755</name>
  </trkpt>
  <trkpt lat="46.52242" lon="12.00327">
    <name>TP8756</name>
  </trkpt>
  <trkpt lat="46.52242" lon="12.00324">
    <name>TP8757</name>
  </trkpt>
  <trkpt lat="46.52245" lon="12.00314">
    <name>TP8758</name>
  </trkpt>
  <trkpt lat="46.52246" lon="12.00308">
    <name>TP8759</name>
  </trkpt>
  <trkpt lat="46.52247" lon="12.00301">
    <name>TP8760</name>
  </trkpt>
  <trkpt lat="46.52249" lon="12.00287">
    <name>TP8761</name>
  </trkpt>
  <trkpt lat="46.5225" lon="12.00272">
    <name>TP8762</name>
  </trkpt>
  <trkpt lat="46.52251" lon="12.00256">
    <name>TP8763</name>
  </trkpt>
  <trkpt lat="46.52251" lon="12.00255">
    <name>TP8764</name>
  </trkpt>
  <trkpt lat="46.52251" lon="12.00239">
    <name>TP8765</name>
  </trkpt>
  <trkpt lat="46.52253" lon="12.00216">
    <name>TP8766</name>
  </trkpt>
  <trkpt lat="46.52254" lon="12.00206">
    <name>TP8767</name>
  </trkpt>
  <trkpt lat="46.52255" lon="12.00199">
    <name>TP8768</name>
  </trkpt>
  <trkpt lat="46.52257" lon="12.00191">
    <name>TP8769</name>
  </trkpt>
  <trkpt lat="46.52258" lon="12.00185">
    <name>TP8770</name>
  </trkpt>
  <trkpt lat="46.5226" lon="12.00179">
    <name>TP8771</name>
  </trkpt>
  <trkpt lat="46.52262" lon="12.00175">
    <name>TP8772</name>
  </trkpt>
  <trkpt lat="46.52268" lon="12.00159">
    <name>TP8773</name>
  </trkpt>
  <trkpt lat="46.52271" lon="12.00152">
    <name>TP8774</name>
  </trkpt>
  <trkpt lat="46.52289" lon="12.00109">
    <name>TP8775</name>
  </trkpt>
  <trkpt lat="46.52319" lon="12.00039">
    <name>TP8776</name>
  </trkpt>
  <trkpt lat="46.52333" lon="12.00004">
    <name>TP8777</name>
  </trkpt>
  <trkpt lat="46.52348" lon="11.99973">
    <name>TP8778</name>
  </trkpt>
  <trkpt lat="46.52357" lon="11.99953">
    <name>TP8779</name>
  </trkpt>
  <trkpt lat="46.52362" lon="11.99942">
    <name>TP8780</name>
  </trkpt>
  <trkpt lat="46.52371" lon="11.99923">
    <name>TP8781</name>
  </trkpt>
  <trkpt lat="46.52377" lon="11.99911">
    <name>TP8782</name>
  </trkpt>
  <trkpt lat="46.52386" lon="11.99895">
    <name>TP8783</name>
  </trkpt>
  <trkpt lat="46.52399" lon="11.99876">
    <name>TP8784</name>
  </trkpt>
  <trkpt lat="46.52404" lon="11.99869">
    <name>TP8785</name>
  </trkpt>
  <trkpt lat="46.52414" lon="11.99856">
    <name>TP8786</name>
  </trkpt>
  <trkpt lat="46.52415" lon="11.99854">
    <name>TP8787</name>
  </trkpt>
  <trkpt lat="46.5243" lon="11.9984">
    <name>TP8788</name>
  </trkpt>
  <trkpt lat="46.52434" lon="11.99836">
    <name>TP8789</name>
  </trkpt>
  <trkpt lat="46.52445" lon="11.99826">
    <name>TP8790</name>
  </trkpt>
  <trkpt lat="46.52451" lon="11.99821">
    <name>TP8791</name>
  </trkpt>
  <trkpt lat="46.52461" lon="11.99812">
    <name>TP8792</name>
  </trkpt>
  <trkpt lat="46.52462" lon="11.9981">
    <name>TP8793</name>
  </trkpt>
  <trkpt lat="46.52469" lon="11.99803">
    <name>TP8794</name>
  </trkpt>
  <trkpt lat="46.5248" lon="11.9979">
    <name>TP8795</name>
  </trkpt>
  <trkpt lat="46.52486" lon="11.99781">
    <name>TP8796</name>
  </trkpt>
  <trkpt lat="46.52488" lon="11.99779">
    <name>TP8797</name>
  </trkpt>
  <trkpt lat="46.52501" lon="11.9976">
    <name>TP8798</name>
  </trkpt>
  <trkpt lat="46.52513" lon="11.99741">
    <name>TP8799</name>
  </trkpt>
  <trkpt lat="46.52515" lon="11.99738">
    <name>TP8800</name>
  </trkpt>
  <trkpt lat="46.52538" lon="11.99703">
    <name>TP8801</name>
  </trkpt>
  <trkpt lat="46.52546" lon="11.99691">
    <name>TP8802</name>
  </trkpt>
  <trkpt lat="46.5255" lon="11.99684">
    <name>TP8803</name>
  </trkpt>
  <trkpt lat="46.52556" lon="11.99675">
    <name>TP8804</name>
  </trkpt>
  <trkpt lat="46.52564" lon="11.99662">
    <name>TP8805</name>
  </trkpt>
  <trkpt lat="46.5257" lon="11.99651">
    <name>TP8806</name>
  </trkpt>
  <trkpt lat="46.52579" lon="11.99634">
    <name>TP8807</name>
  </trkpt>
  <trkpt lat="46.52593" lon="11.99603">
    <name>TP8808</name>
  </trkpt>
  <trkpt lat="46.52646" lon="11.99492">
    <name>TP8809</name>
  </trkpt>
  <trkpt lat="46.52655" lon="11.99472">
    <name>TP8810</name>
  </trkpt>
  <trkpt lat="46.52666" lon="11.99451">
    <name>TP8811</name>
  </trkpt>
  <trkpt lat="46.52691" lon="11.99401">
    <name>TP8812</name>
  </trkpt>
  <trkpt lat="46.52708" lon="11.99366">
    <name>TP8813</name>
  </trkpt>
  <trkpt lat="46.52718" lon="11.99345">
    <name>TP8814</name>
  </trkpt>
  <trkpt lat="46.52729" lon="11.99324">
    <name>TP8815</name>
  </trkpt>
  <trkpt lat="46.5275" lon="11.99281">
    <name>TP8816</name>
  </trkpt>
  <trkpt lat="46.52752" lon="11.99277">
    <name>TP8817</name>
  </trkpt>
  <trkpt lat="46.5276" lon="11.9926">
    <name>TP8818</name>
  </trkpt>
  <trkpt lat="46.52773" lon="11.99237">
    <name>TP8819</name>
  </trkpt>
  <trkpt lat="46.52789" lon="11.99199">
    <name>TP8820</name>
  </trkpt>
  <trkpt lat="46.528" lon="11.99178">
    <name>TP8821</name>
  </trkpt>
  <trkpt lat="46.52809" lon="11.99159">
    <name>TP8822</name>
  </trkpt>
  <trkpt lat="46.52819" lon="11.99137">
    <name>TP8823</name>
  </trkpt>
  <trkpt lat="46.52826" lon="11.99123">
    <name>TP8824</name>
  </trkpt>
  <trkpt lat="46.52829" lon="11.99116">
    <name>TP8825</name>
  </trkpt>
  <trkpt lat="46.52831" lon="11.99113">
    <name>TP8826</name>
  </trkpt>
  <trkpt lat="46.52839" lon="11.99094">
    <name>TP8827</name>
  </trkpt>
  <trkpt lat="46.5285" lon="11.99072">
    <name>TP8828</name>
  </trkpt>
  <trkpt lat="46.52859" lon="11.99053">
    <name>TP8829</name>
  </trkpt>
  <trkpt lat="46.52871" lon="11.99031">
    <name>TP8830</name>
  </trkpt>
  <trkpt lat="46.52872" lon="11.99031">
    <name>TP8831</name>
  </trkpt>
  <trkpt lat="46.52878" lon="11.99022">
    <name>TP8832</name>
  </trkpt>
  <trkpt lat="46.52885" lon="11.99013">
    <name>TP8833</name>
  </trkpt>
  <trkpt lat="46.52885" lon="11.99012">
    <name>TP8834</name>
  </trkpt>
  <trkpt lat="46.52891" lon="11.99006">
    <name>TP8835</name>
  </trkpt>
  <trkpt lat="46.52898" lon="11.99">
    <name>TP8836</name>
  </trkpt>
  <trkpt lat="46.52904" lon="11.98994">
    <name>TP8837</name>
  </trkpt>
  <trkpt lat="46.52909" lon="11.98992">
    <name>TP8838</name>
  </trkpt>
  <trkpt lat="46.52916" lon="11.98989">
    <name>TP8839</name>
  </trkpt>
  <trkpt lat="46.5293" lon="11.98984">
    <name>TP8840</name>
  </trkpt>
  <trkpt lat="46.52948" lon="11.98979">
    <name>TP8841</name>
  </trkpt>
  <trkpt lat="46.52961" lon="11.98977">
    <name>TP8842</name>
  </trkpt>
  <trkpt lat="46.52978" lon="11.98971">
    <name>TP8843</name>
  </trkpt>
  <trkpt lat="46.52993" lon="11.98965">
    <name>TP8844</name>
  </trkpt>
  <trkpt lat="46.53012" lon="11.98957">
    <name>TP8845</name>
  </trkpt>
  <trkpt lat="46.53024" lon="11.98951">
    <name>TP8846</name>
  </trkpt>
  <trkpt lat="46.53026" lon="11.9895">
    <name>TP8847</name>
  </trkpt>
  <trkpt lat="46.53029" lon="11.9895">
    <name>TP8848</name>
  </trkpt>
  <trkpt lat="46.53047" lon="11.98952">
    <name>TP8849</name>
  </trkpt>
  <trkpt lat="46.5307" lon="11.98957">
    <name>TP8850</name>
  </trkpt>
  <trkpt lat="46.53074" lon="11.98958">
    <name>TP8851</name>
  </trkpt>
  <trkpt lat="46.53083" lon="11.98959">
    <name>TP8852</name>
  </trkpt>
  <trkpt lat="46.53087" lon="11.98959">
    <name>TP8853</name>
  </trkpt>
  <trkpt lat="46.53092" lon="11.98958">
    <name>TP8854</name>
  </trkpt>
  <trkpt lat="46.53096" lon="11.98957">
    <name>TP8855</name>
  </trkpt>
  <trkpt lat="46.531" lon="11.98955">
    <name>TP8856</name>
  </trkpt>
  <trkpt lat="46.53107" lon="11.9895">
    <name>TP8857</name>
  </trkpt>
  <trkpt lat="46.53113" lon="11.98946">
    <name>TP8858</name>
  </trkpt>
  <trkpt lat="46.53124" lon="11.98935">
    <name>TP8859</name>
  </trkpt>
  <trkpt lat="46.53142" lon="11.98918">
    <name>TP8860</name>
  </trkpt>
  <trkpt lat="46.53154" lon="11.98906">
    <name>TP8861</name>
  </trkpt>
  <trkpt lat="46.5316" lon="11.98899">
    <name>TP8862</name>
  </trkpt>
  <trkpt lat="46.53165" lon="11.98894">
    <name>TP8863</name>
  </trkpt>
  <trkpt lat="46.53168" lon="11.98892">
    <name>TP8864</name>
  </trkpt>
  <trkpt lat="46.53175" lon="11.98889">
    <name>TP8865</name>
  </trkpt>
  <trkpt lat="46.5318" lon="11.98888">
    <name>TP8866</name>
  </trkpt>
  <trkpt lat="46.53184" lon="11.98887">
    <name>TP8867</name>
  </trkpt>
  <trkpt lat="46.53187" lon="11.98887">
    <name>TP8868</name>
  </trkpt>
  <trkpt lat="46.53188" lon="11.98887">
    <name>TP8869</name>
  </trkpt>
  <trkpt lat="46.5319" lon="11.98888">
    <name>TP8870</name>
  </trkpt>
  <trkpt lat="46.53195" lon="11.9889">
    <name>TP8871</name>
  </trkpt>
  <trkpt lat="46.53199" lon="11.98893">
    <name>TP8872</name>
  </trkpt>
  <trkpt lat="46.53204" lon="11.98896">
    <name>TP8873</name>
  </trkpt>
  <trkpt lat="46.53207" lon="11.98898">
    <name>TP8874</name>
  </trkpt>
  <trkpt lat="46.53222" lon="11.98905">
    <name>TP8875</name>
  </trkpt>
  <trkpt lat="46.53231" lon="11.98907">
    <name>TP8876</name>
  </trkpt>
  <trkpt lat="46.53247" lon="11.98906">
    <name>TP8877</name>
  </trkpt>
  <trkpt lat="46.53255" lon="11.98905">
    <name>TP8878</name>
  </trkpt>
  <trkpt lat="46.53256" lon="11.98905">
    <name>TP8879</name>
  </trkpt>
  <trkpt lat="46.53259" lon="11.98904">
    <name>TP8880</name>
  </trkpt>
  <trkpt lat="46.53264" lon="11.98899">
    <name>TP8881</name>
  </trkpt>
  <trkpt lat="46.53274" lon="11.98891">
    <name>TP8882</name>
  </trkpt>
  <trkpt lat="46.53282" lon="11.98884">
    <name>TP8883</name>
  </trkpt>
  <trkpt lat="46.53288" lon="11.9888">
    <name>TP8884</name>
  </trkpt>
  <trkpt lat="46.53292" lon="11.98876">
    <name>TP8885</name>
  </trkpt>
  <trkpt lat="46.53299" lon="11.98871">
    <name>TP8886</name>
  </trkpt>
  <trkpt lat="46.53304" lon="11.98868">
    <name>TP8887</name>
  </trkpt>
  <trkpt lat="46.5332" lon="11.98863">
    <name>TP8888</name>
  </trkpt>
  <trkpt lat="46.53324" lon="11.98862">
    <name>TP8889</name>
  </trkpt>
  <trkpt lat="46.53329" lon="11.98863">
    <name>TP8890</name>
  </trkpt>
  <trkpt lat="46.53334" lon="11.98864">
    <name>TP8891</name>
  </trkpt>
  <trkpt lat="46.5334" lon="11.98865">
    <name>TP8892</name>
  </trkpt>
  <trkpt lat="46.53344" lon="11.98867">
    <name>TP8893</name>
  </trkpt>
  <trkpt lat="46.53351" lon="11.98872">
    <name>TP8894</name>
  </trkpt>
  <trkpt lat="46.53356" lon="11.98875">
    <name>TP8895</name>
  </trkpt>
  <trkpt lat="46.53358" lon="11.98878">
    <name>TP8896</name>
  </trkpt>
  <trkpt lat="46.53365" lon="11.98884">
    <name>TP8897</name>
  </trkpt>
  <trkpt lat="46.53368" lon="11.98888">
    <name>TP8898</name>
  </trkpt>
  <trkpt lat="46.5337" lon="11.98891">
    <name>TP8899</name>
  </trkpt>
  <trkpt lat="46.53371" lon="11.98894">
    <name>TP8900</name>
  </trkpt>
  <trkpt lat="46.53377" lon="11.98904">
    <name>TP8901</name>
  </trkpt>
  <trkpt lat="46.5338" lon="11.98912">
    <name>TP8902</name>
  </trkpt>
  <trkpt lat="46.5338" lon="11.98913">
    <name>TP8903</name>
  </trkpt>
  <trkpt lat="46.53384" lon="11.98927">
    <name>TP8904</name>
  </trkpt>
  <trkpt lat="46.53386" lon="11.98937">
    <name>TP8905</name>
  </trkpt>
  <trkpt lat="46.53388" lon="11.98947">
    <name>TP8906</name>
  </trkpt>
  <trkpt lat="46.5339" lon="11.98953">
    <name>TP8907</name>
  </trkpt>
  <trkpt lat="46.53392" lon="11.98957">
    <name>TP8908</name>
  </trkpt>
  <trkpt lat="46.53394" lon="11.98962">
    <name>TP8909</name>
  </trkpt>
  <trkpt lat="46.53396" lon="11.98965">
    <name>TP8910</name>
  </trkpt>
  <trkpt lat="46.53398" lon="11.98967">
    <name>TP8911</name>
  </trkpt>
  <trkpt lat="46.534" lon="11.98968">
    <name>TP8912</name>
  </trkpt>
  <trkpt lat="46.53404" lon="11.9897">
    <name>TP8913</name>
  </trkpt>
  <trkpt lat="46.53408" lon="11.98971">
    <name>TP8914</name>
  </trkpt>
  <trkpt lat="46.53413" lon="11.98972">
    <name>TP8915</name>
  </trkpt>
  <trkpt lat="46.53417" lon="11.98972">
    <name>TP8916</name>
  </trkpt>
  <trkpt lat="46.53419" lon="11.98971">
    <name>TP8917</name>
  </trkpt>
  <trkpt lat="46.5342" lon="11.9897">
    <name>TP8918</name>
  </trkpt>
  <trkpt lat="46.53426" lon="11.98965">
    <name>TP8919</name>
  </trkpt>
  <trkpt lat="46.53429" lon="11.98962">
    <name>TP8920</name>
  </trkpt>
  <trkpt lat="46.53432" lon="11.98957">
    <name>TP8921</name>
  </trkpt>
  <trkpt lat="46.53435" lon="11.98952">
    <name>TP8922</name>
  </trkpt>
  <trkpt lat="46.53437" lon="11.98948">
    <name>TP8923</name>
  </trkpt>
  <trkpt lat="46.53439" lon="11.98944">
    <name>TP8924</name>
  </trkpt>
  <trkpt lat="46.5344" lon="11.98942">
    <name>TP8925</name>
  </trkpt>
  <trkpt lat="46.5344" lon="11.98939">
    <name>TP8926</name>
  </trkpt>
  <trkpt lat="46.53441" lon="11.98935">
    <name>TP8927</name>
  </trkpt>
  <trkpt lat="46.53441" lon="11.98932">
    <name>TP8928</name>
  </trkpt>
  <trkpt lat="46.53441" lon="11.98929">
    <name>TP8929</name>
  </trkpt>
  <trkpt lat="46.5344" lon="11.98925">
    <name>TP8930</name>
  </trkpt>
  <trkpt lat="46.53439" lon="11.98922">
    <name>TP8931</name>
  </trkpt>
  <trkpt lat="46.53437" lon="11.98916">
    <name>TP8932</name>
  </trkpt>
  <trkpt lat="46.53434" lon="11.98909">
    <name>TP8933</name>
  </trkpt>
  <trkpt lat="46.53431" lon="11.98904">
    <name>TP8934</name>
  </trkpt>
  <trkpt lat="46.53428" lon="11.98901">
    <name>TP8935</name>
  </trkpt>
  <trkpt lat="46.5342" lon="11.9889">
    <name>TP8936</name>
  </trkpt>
  <trkpt lat="46.53415" lon="11.98883">
    <name>TP8937</name>
  </trkpt>
  <trkpt lat="46.5341" lon="11.98876">
    <name>TP8938</name>
  </trkpt>
  <trkpt lat="46.53402" lon="11.98865">
    <name>TP8939</name>
  </trkpt>
  <trkpt lat="46.53396" lon="11.98855">
    <name>TP8940</name>
  </trkpt>
  <trkpt lat="46.53393" lon="11.98852">
    <name>TP8941</name>
  </trkpt>
  <trkpt lat="46.5339" lon="11.98846">
    <name>TP8942</name>
  </trkpt>
  <trkpt lat="46.53384" lon="11.98831">
    <name>TP8943</name>
  </trkpt>
  <trkpt lat="46.53382" lon="11.98822">
    <name>TP8944</name>
  </trkpt>
  <trkpt lat="46.5338" lon="11.98816">
    <name>TP8945</name>
  </trkpt>
  <trkpt lat="46.53375" lon="11.98791">
    <name>TP8946</name>
  </trkpt>
  <trkpt lat="46.53372" lon="11.98758">
    <name>TP8947</name>
  </trkpt>
  <trkpt lat="46.53371" lon="11.98743">
    <name>TP8948</name>
  </trkpt>
  <trkpt lat="46.53369" lon="11.9873">
    <name>TP8949</name>
  </trkpt>
  <trkpt lat="46.53366" lon="11.98714">
    <name>TP8950</name>
  </trkpt>
  <trkpt lat="46.53363" lon="11.98707">
    <name>TP8951</name>
  </trkpt>
  <trkpt lat="46.53359" lon="11.98699">
    <name>TP8952</name>
  </trkpt>
  <trkpt lat="46.53358" lon="11.98698">
    <name>TP8953</name>
  </trkpt>
  <trkpt lat="46.53351" lon="11.98687">
    <name>TP8954</name>
  </trkpt>
  <trkpt lat="46.53345" lon="11.9868">
    <name>TP8955</name>
  </trkpt>
  <trkpt lat="46.53333" lon="11.98664">
    <name>TP8956</name>
  </trkpt>
  <trkpt lat="46.53332" lon="11.98663">
    <name>TP8957</name>
  </trkpt>
  <trkpt lat="46.53332" lon="11.98662">
    <name>TP8958</name>
  </trkpt>
  <trkpt lat="46.53332" lon="11.9866">
    <name>TP8959</name>
  </trkpt>
  <trkpt lat="46.53332" lon="11.98657">
    <name>TP8960</name>
  </trkpt>
  <trkpt lat="46.53332" lon="11.98653">
    <name>TP8961</name>
  </trkpt>
  <trkpt lat="46.53332" lon="11.98651">
    <name>TP8962</name>
  </trkpt>
  <trkpt lat="46.53332" lon="11.9865">
    <name>TP8963</name>
  </trkpt>
  <trkpt lat="46.53333" lon="11.98649">
    <name>TP8964</name>
  </trkpt>
  <trkpt lat="46.53333" lon="11.98647">
    <name>TP8965</name>
  </trkpt>
  <trkpt lat="46.53334" lon="11.98644">
    <name>TP8966</name>
  </trkpt>
  <trkpt lat="46.53337" lon="11.9864">
    <name>TP8967</name>
  </trkpt>
  <trkpt lat="46.53339" lon="11.98636">
    <name>TP8968</name>
  </trkpt>
  <trkpt lat="46.53342" lon="11.98633">
    <name>TP8969</name>
  </trkpt>
  <trkpt lat="46.53345" lon="11.98631">
    <name>TP8970</name>
  </trkpt>
  <trkpt lat="46.53348" lon="11.9863">
    <name>TP8971</name>
  </trkpt>
  <trkpt lat="46.5335" lon="11.9863">
    <name>TP8972</name>
  </trkpt>
  <trkpt lat="46.53353" lon="11.9863">
    <name>TP8973</name>
  </trkpt>
  <trkpt lat="46.53354" lon="11.9863">
    <name>TP8974</name>
  </trkpt>
  <trkpt lat="46.53356" lon="11.98631">
    <name>TP8975</name>
  </trkpt>
  <trkpt lat="46.53361" lon="11.98633">
    <name>TP8976</name>
  </trkpt>
  <trkpt lat="46.53369" lon="11.98637">
    <name>TP8977</name>
  </trkpt>
  <trkpt lat="46.53371" lon="11.98638">
    <name>TP8978</name>
  </trkpt>
  <trkpt lat="46.53373" lon="11.9864">
    <name>TP8979</name>
  </trkpt>
  <trkpt lat="46.53398" lon="11.98658">
    <name>TP8980</name>
  </trkpt>
  <trkpt lat="46.53403" lon="11.98663">
    <name>TP8981</name>
  </trkpt>
  <trkpt lat="46.53409" lon="11.98671">
    <name>TP8982</name>
  </trkpt>
  <trkpt lat="46.53412" lon="11.98673">
    <name>TP8983</name>
  </trkpt>
  <trkpt lat="46.53413" lon="11.98677">
    <name>TP8984</name>
  </trkpt>
  <trkpt lat="46.53415" lon="11.98681">
    <name>TP8985</name>
  </trkpt>
  <trkpt lat="46.53416" lon="11.98683">
    <name>TP8986</name>
  </trkpt>
  <trkpt lat="46.53418" lon="11.98691">
    <name>TP8987</name>
  </trkpt>
  <trkpt lat="46.53418" lon="11.98694">
    <name>TP8988</name>
  </trkpt>
  <trkpt lat="46.53421" lon="11.98706">
    <name>TP8989</name>
  </trkpt>
  <trkpt lat="46.53424" lon="11.98716">
    <name>TP8990</name>
  </trkpt>
  <trkpt lat="46.53427" lon="11.98731">
    <name>TP8991</name>
  </trkpt>
  <trkpt lat="46.5343" lon="11.98748">
    <name>TP8992</name>
  </trkpt>
  <trkpt lat="46.5343" lon="11.98752">
    <name>TP8993</name>
  </trkpt>
  <trkpt lat="46.53432" lon="11.9876">
    <name>TP8994</name>
  </trkpt>
  <trkpt lat="46.53434" lon="11.98763">
    <name>TP8995</name>
  </trkpt>
  <trkpt lat="46.53436" lon="11.98767">
    <name>TP8996</name>
  </trkpt>
  <trkpt lat="46.53438" lon="11.9877">
    <name>TP8997</name>
  </trkpt>
  <trkpt lat="46.5344" lon="11.98771">
    <name>TP8998</name>
  </trkpt>
  <trkpt lat="46.53441" lon="11.98772">
    <name>TP8999</name>
  </trkpt>
  <trkpt lat="46.53442" lon="11.98772">
    <name>TP9000</name>
  </trkpt>
  <trkpt lat="46.53445" lon="11.98772">
    <name>TP9001</name>
  </trkpt>
  <trkpt lat="46.53449" lon="11.98772">
    <name>TP9002</name>
  </trkpt>
  <trkpt lat="46.53452" lon="11.98771">
    <name>TP9003</name>
  </trkpt>
  <trkpt lat="46.53456" lon="11.98769">
    <name>TP9004</name>
  </trkpt>
  <trkpt lat="46.53461" lon="11.98766">
    <name>TP9005</name>
  </trkpt>
  <trkpt lat="46.53462" lon="11.98763">
    <name>TP9006</name>
  </trkpt>
  <trkpt lat="46.53463" lon="11.98762">
    <name>TP9007</name>
  </trkpt>
  <trkpt lat="46.53465" lon="11.98757">
    <name>TP9008</name>
  </trkpt>
  <trkpt lat="46.53465" lon="11.98754">
    <name>TP9009</name>
  </trkpt>
  <trkpt lat="46.53465" lon="11.98749">
    <name>TP9010</name>
  </trkpt>
  <trkpt lat="46.53465" lon="11.98742">
    <name>TP9011</name>
  </trkpt>
  <trkpt lat="46.53465" lon="11.98741">
    <name>TP9012</name>
  </trkpt>
  <trkpt lat="46.53465" lon="11.98733">
    <name>TP9013</name>
  </trkpt>
  <trkpt lat="46.53461" lon="11.98716">
    <name>TP9014</name>
  </trkpt>
  <trkpt lat="46.53461" lon="11.98713">
    <name>TP9015</name>
  </trkpt>
  <trkpt lat="46.5346" lon="11.98705">
    <name>TP9016</name>
  </trkpt>
  <trkpt lat="46.5346" lon="11.98694">
    <name>TP9017</name>
  </trkpt>
  <trkpt lat="46.5346" lon="11.9869">
    <name>TP9018</name>
  </trkpt>
  <trkpt lat="46.53461" lon="11.98664">
    <name>TP9019</name>
  </trkpt>
  <trkpt lat="46.53461" lon="11.98655">
    <name>TP9020</name>
  </trkpt>
  <trkpt lat="46.53462" lon="11.98638">
    <name>TP9021</name>
  </trkpt>
  <trkpt lat="46.53464" lon="11.9862">
    <name>TP9022</name>
  </trkpt>
  <trkpt lat="46.53466" lon="11.98578">
    <name>TP9023</name>
  </trkpt>
  <trkpt lat="46.53469" lon="11.98527">
    <name>TP9024</name>
  </trkpt>
  <trkpt lat="46.53469" lon="11.98519">
    <name>TP9025</name>
  </trkpt>
  <trkpt lat="46.53468" lon="11.98506">
    <name>TP9026</name>
  </trkpt>
  <trkpt lat="46.53465" lon="11.98496">
    <name>TP9027</name>
  </trkpt>
  <trkpt lat="46.53461" lon="11.98483">
    <name>TP9028</name>
  </trkpt>
  <trkpt lat="46.53452" lon="11.9847">
    <name>TP9029</name>
  </trkpt>
  <trkpt lat="46.53448" lon="11.98465">
    <name>TP9030</name>
  </trkpt>
  <trkpt lat="46.53446" lon="11.98461">
    <name>TP9031</name>
  </trkpt>
  <trkpt lat="46.53435" lon="11.98447">
    <name>TP9032</name>
  </trkpt>
  <trkpt lat="46.53421" lon="11.9843">
    <name>TP9033</name>
  </trkpt>
  <trkpt lat="46.5341" lon="11.98417">
    <name>TP9034</name>
  </trkpt>
  <trkpt lat="46.53408" lon="11.98413">
    <name>TP9035</name>
  </trkpt>
  <trkpt lat="46.53405" lon="11.98408">
    <name>TP9036</name>
  </trkpt>
  <trkpt lat="46.53403" lon="11.984">
    <name>TP9037</name>
  </trkpt>
  <trkpt lat="46.53403" lon="11.98394">
    <name>TP9038</name>
  </trkpt>
  <trkpt lat="46.53403" lon="11.98386">
    <name>TP9039</name>
  </trkpt>
  <trkpt lat="46.53404" lon="11.98379">
    <name>TP9040</name>
  </trkpt>
  <trkpt lat="46.53405" lon="11.98377">
    <name>TP9041</name>
  </trkpt>
  <trkpt lat="46.53407" lon="11.98371">
    <name>TP9042</name>
  </trkpt>
  <trkpt lat="46.53409" lon="11.98367">
    <name>TP9043</name>
  </trkpt>
  <trkpt lat="46.5341" lon="11.98366">
    <name>TP9044</name>
  </trkpt>
  <trkpt lat="46.53413" lon="11.98362">
    <name>TP9045</name>
  </trkpt>
  <trkpt lat="46.53419" lon="11.98357">
    <name>TP9046</name>
  </trkpt>
  <trkpt lat="46.53423" lon="11.98355">
    <name>TP9047</name>
  </trkpt>
  <trkpt lat="46.53427" lon="11.98354">
    <name>TP9048</name>
  </trkpt>
  <trkpt lat="46.53432" lon="11.98354">
    <name>TP9049</name>
  </trkpt>
  <trkpt lat="46.53436" lon="11.98356">
    <name>TP9050</name>
  </trkpt>
  <trkpt lat="46.53444" lon="11.9836">
    <name>TP9051</name>
  </trkpt>
  <trkpt lat="46.53447" lon="11.98361">
    <name>TP9052</name>
  </trkpt>
  <trkpt lat="46.53457" lon="11.98369">
    <name>TP9053</name>
  </trkpt>
  <trkpt lat="46.53472" lon="11.98378">
    <name>TP9054</name>
  </trkpt>
  <trkpt lat="46.53491" lon="11.98391">
    <name>TP9055</name>
  </trkpt>
  <trkpt lat="46.53492" lon="11.98393">
    <name>TP9056</name>
  </trkpt>
  <trkpt lat="46.53499" lon="11.98398">
    <name>TP9057</name>
  </trkpt>
  <trkpt lat="46.53507" lon="11.98407">
    <name>TP9058</name>
  </trkpt>
  <trkpt lat="46.53507" lon="11.98408">
    <name>TP9059</name>
  </trkpt>
  <trkpt lat="46.53519" lon="11.98421">
    <name>TP9060</name>
  </trkpt>
  <trkpt lat="46.53522" lon="11.98427">
    <name>TP9061</name>
  </trkpt>
  <trkpt lat="46.53525" lon="11.98432">
    <name>TP9062</name>
  </trkpt>
  <trkpt lat="46.53528" lon="11.98439">
    <name>TP9063</name>
  </trkpt>
  <trkpt lat="46.53531" lon="11.98446">
    <name>TP9064</name>
  </trkpt>
  <trkpt lat="46.53535" lon="11.9846">
    <name>TP9065</name>
  </trkpt>
  <trkpt lat="46.5354" lon="11.98481">
    <name>TP9066</name>
  </trkpt>
  <trkpt lat="46.53543" lon="11.98492">
    <name>TP9067</name>
  </trkpt>
  <trkpt lat="46.53546" lon="11.98508">
    <name>TP9068</name>
  </trkpt>
  <trkpt lat="46.53551" lon="11.98518">
    <name>TP9069</name>
  </trkpt>
  <trkpt lat="46.53559" lon="11.98533">
    <name>TP9070</name>
  </trkpt>
  <trkpt lat="46.53564" lon="11.98539">
    <name>TP9071</name>
  </trkpt>
  <trkpt lat="46.53569" lon="11.98543">
    <name>TP9072</name>
  </trkpt>
  <trkpt lat="46.53574" lon="11.98546">
    <name>TP9073</name>
  </trkpt>
  <trkpt lat="46.53578" lon="11.98549">
    <name>TP9074</name>
  </trkpt>
  <trkpt lat="46.53579" lon="11.98549">
    <name>TP9075</name>
  </trkpt>
  <trkpt lat="46.53589" lon="11.98551">
    <name>TP9076</name>
  </trkpt>
  <trkpt lat="46.53594" lon="11.98552">
    <name>TP9077</name>
  </trkpt>
  <trkpt lat="46.53598" lon="11.98551">
    <name>TP9078</name>
  </trkpt>
  <trkpt lat="46.53611" lon="11.98546">
    <name>TP9079</name>
  </trkpt>
  <trkpt lat="46.53617" lon="11.98543">
    <name>TP9080</name>
  </trkpt>
  <trkpt lat="46.53632" lon="11.98533">
    <name>TP9081</name>
  </trkpt>
  <trkpt lat="46.53667" lon="11.98507">
    <name>TP9082</name>
  </trkpt>
  <trkpt lat="46.53686" lon="11.98495">
    <name>TP9083</name>
  </trkpt>
  <trkpt lat="46.53693" lon="11.9849">
    <name>TP9084</name>
  </trkpt>
  <trkpt lat="46.53696" lon="11.98489">
    <name>TP9085</name>
  </trkpt>
  <trkpt lat="46.53702" lon="11.98486">
    <name>TP9086</name>
  </trkpt>
  <trkpt lat="46.53708" lon="11.98484">
    <name>TP9087</name>
  </trkpt>
  <trkpt lat="46.53713" lon="11.98483">
    <name>TP9088</name>
  </trkpt>
  <trkpt lat="46.53715" lon="11.98482">
    <name>TP9089</name>
  </trkpt>
  <trkpt lat="46.5372" lon="11.98481">
    <name>TP9090</name>
  </trkpt>
  <trkpt lat="46.53725" lon="11.98481">
    <name>TP9091</name>
  </trkpt>
  <trkpt lat="46.53764" lon="11.98473">
    <name>TP9092</name>
  </trkpt>
  <trkpt lat="46.53797" lon="11.98469">
    <name>TP9093</name>
  </trkpt>
  <trkpt lat="46.53838" lon="11.98464">
    <name>TP9094</name>
  </trkpt>
  <trkpt lat="46.53843" lon="11.98463">
    <name>TP9095</name>
  </trkpt>
  <trkpt lat="46.53856" lon="11.98462">
    <name>TP9096</name>
  </trkpt>
  <trkpt lat="46.53874" lon="11.9846">
    <name>TP9097</name>
  </trkpt>
  <trkpt lat="46.53877" lon="11.98459">
    <name>TP9098</name>
  </trkpt>
  <trkpt lat="46.53896" lon="11.98452">
    <name>TP9099</name>
  </trkpt>
  <trkpt lat="46.53924" lon="11.98436">
    <name>TP9100</name>
  </trkpt>
  <trkpt lat="46.53941" lon="11.98421">
    <name>TP9101</name>
  </trkpt>
  <trkpt lat="46.53949" lon="11.98411">
    <name>TP9102</name>
  </trkpt>
  <trkpt lat="46.53957" lon="11.984">
    <name>TP9103</name>
  </trkpt>
  <trkpt lat="46.54031" lon="11.98302">
    <name>TP9104</name>
  </trkpt>
  <trkpt lat="46.5406" lon="11.98263">
    <name>TP9105</name>
  </trkpt>
  <trkpt lat="46.54068" lon="11.98251">
    <name>TP9106</name>
  </trkpt>
  <trkpt lat="46.5409" lon="11.98218">
    <name>TP9107</name>
  </trkpt>
  <trkpt lat="46.54101" lon="11.98195">
    <name>TP9108</name>
  </trkpt>
  <trkpt lat="46.54111" lon="11.98169">
    <name>TP9109</name>
  </trkpt>
  <trkpt lat="46.54116" lon="11.98155">
    <name>TP9110</name>
  </trkpt>
  <trkpt lat="46.54118" lon="11.98148">
    <name>TP9111</name>
  </trkpt>
  <trkpt lat="46.54126" lon="11.9811">
    <name>TP9112</name>
  </trkpt>
  <trkpt lat="46.54127" lon="11.98105">
    <name>TP9113</name>
  </trkpt>
  <trkpt lat="46.54131" lon="11.98085">
    <name>TP9114</name>
  </trkpt>
  <trkpt lat="46.54134" lon="11.98067">
    <name>TP9115</name>
  </trkpt>
  <trkpt lat="46.5414" lon="11.98026">
    <name>TP9116</name>
  </trkpt>
  <trkpt lat="46.54144" lon="11.97998">
    <name>TP9117</name>
  </trkpt>
  <trkpt lat="46.54146" lon="11.97988">
    <name>TP9118</name>
  </trkpt>
  <trkpt lat="46.54149" lon="11.97974">
    <name>TP9119</name>
  </trkpt>
  <trkpt lat="46.54153" lon="11.9796">
    <name>TP9120</name>
  </trkpt>
  <trkpt lat="46.54157" lon="11.97946">
    <name>TP9121</name>
  </trkpt>
  <trkpt lat="46.5416" lon="11.97936">
    <name>TP9122</name>
  </trkpt>
  <trkpt lat="46.5416" lon="11.97935">
    <name>TP9123</name>
  </trkpt>
  <trkpt lat="46.54163" lon="11.97928">
    <name>TP9124</name>
  </trkpt>
  <trkpt lat="46.5417" lon="11.97912">
    <name>TP9125</name>
  </trkpt>
  <trkpt lat="46.54171" lon="11.9791">
    <name>TP9126</name>
  </trkpt>
  <trkpt lat="46.5418" lon="11.9789">
    <name>TP9127</name>
  </trkpt>
  <trkpt lat="46.54205" lon="11.97836">
    <name>TP9128</name>
  </trkpt>
  <trkpt lat="46.54229" lon="11.97784">
    <name>TP9129</name>
  </trkpt>
  <trkpt lat="46.54241" lon="11.97761">
    <name>TP9130</name>
  </trkpt>
  <trkpt lat="46.54243" lon="11.97758">
    <name>TP9131</name>
  </trkpt>
  <trkpt lat="46.54251" lon="11.97739">
    <name>TP9132</name>
  </trkpt>
  <trkpt lat="46.54257" lon="11.97725">
    <name>TP9133</name>
  </trkpt>
  <trkpt lat="46.5426" lon="11.97717">
    <name>TP9134</name>
  </trkpt>
  <trkpt lat="46.54267" lon="11.97699">
    <name>TP9135</name>
  </trkpt>
  <trkpt lat="46.54269" lon="11.97694">
    <name>TP9136</name>
  </trkpt>
  <trkpt lat="46.54272" lon="11.97684">
    <name>TP9137</name>
  </trkpt>
  <trkpt lat="46.54274" lon="11.97676">
    <name>TP9138</name>
  </trkpt>
  <trkpt lat="46.54275" lon="11.97665">
    <name>TP9139</name>
  </trkpt>
  <trkpt lat="46.54276" lon="11.97661">
    <name>TP9140</name>
  </trkpt>
  <trkpt lat="46.54277" lon="11.97655">
    <name>TP9141</name>
  </trkpt>
  <trkpt lat="46.54277" lon="11.9765">
    <name>TP9142</name>
  </trkpt>
  <trkpt lat="46.54278" lon="11.97642">
    <name>TP9143</name>
  </trkpt>
  <trkpt lat="46.54278" lon="11.97633">
    <name>TP9144</name>
  </trkpt>
  <trkpt lat="46.54278" lon="11.97617">
    <name>TP9145</name>
  </trkpt>
  <trkpt lat="46.54276" lon="11.9758">
    <name>TP9146</name>
  </trkpt>
  <trkpt lat="46.54275" lon="11.97568">
    <name>TP9147</name>
  </trkpt>
  <trkpt lat="46.54276" lon="11.97549">
    <name>TP9148</name>
  </trkpt>
  <trkpt lat="46.54276" lon="11.97539">
    <name>TP9149</name>
  </trkpt>
  <trkpt lat="46.54277" lon="11.97535">
    <name>TP9150</name>
  </trkpt>
  <trkpt lat="46.54278" lon="11.97522">
    <name>TP9151</name>
  </trkpt>
  <trkpt lat="46.5428" lon="11.97507">
    <name>TP9152</name>
  </trkpt>
  <trkpt lat="46.54283" lon="11.97495">
    <name>TP9153</name>
  </trkpt>
  <trkpt lat="46.54284" lon="11.97491">
    <name>TP9154</name>
  </trkpt>
  <trkpt lat="46.54289" lon="11.97478">
    <name>TP9155</name>
  </trkpt>
  <trkpt lat="46.54295" lon="11.97465">
    <name>TP9156</name>
  </trkpt>
  <trkpt lat="46.54303" lon="11.97449">
    <name>TP9157</name>
  </trkpt>
  <trkpt lat="46.54308" lon="11.97439">
    <name>TP9158</name>
  </trkpt>
  <trkpt lat="46.54314" lon="11.97425">
    <name>TP9159</name>
  </trkpt>
  <trkpt lat="46.5432" lon="11.97402">
    <name>TP9160</name>
  </trkpt>
  <trkpt lat="46.54325" lon="11.9738">
    <name>TP9161</name>
  </trkpt>
  <trkpt lat="46.54332" lon="11.97348">
    <name>TP9162</name>
  </trkpt>
  <trkpt lat="46.54336" lon="11.97339">
    <name>TP9163</name>
  </trkpt>
  <trkpt lat="46.54339" lon="11.97331">
    <name>TP9164</name>
  </trkpt>
  <trkpt lat="46.54342" lon="11.97327">
    <name>TP9165</name>
  </trkpt>
  <trkpt lat="46.54342" lon="11.97326">
    <name>TP9166</name>
  </trkpt>
  <trkpt lat="46.54347" lon="11.97323">
    <name>TP9167</name>
  </trkpt>
  <trkpt lat="46.5435" lon="11.9732">
    <name>TP9168</name>
  </trkpt>
  <trkpt lat="46.54354" lon="11.97319">
    <name>TP9169</name>
  </trkpt>
  <trkpt lat="46.54357" lon="11.97318">
    <name>TP9170</name>
  </trkpt>
  <trkpt lat="46.54362" lon="11.97318">
    <name>TP9171</name>
  </trkpt>
  <trkpt lat="46.54367" lon="11.97318">
    <name>TP9172</name>
  </trkpt>
  <trkpt lat="46.54371" lon="11.97319">
    <name>TP9173</name>
  </trkpt>
  <trkpt lat="46.54375" lon="11.9732">
    <name>TP9174</name>
  </trkpt>
  <trkpt lat="46.54385" lon="11.97324">
    <name>TP9175</name>
  </trkpt>
  <trkpt lat="46.54393" lon="11.97328">
    <name>TP9176</name>
  </trkpt>
  <trkpt lat="46.5441" lon="11.97335">
    <name>TP9177</name>
  </trkpt>
  <trkpt lat="46.54428" lon="11.97342">
    <name>TP9178</name>
  </trkpt>
  <trkpt lat="46.54445" lon="11.9735">
    <name>TP9179</name>
  </trkpt>
  <trkpt lat="46.54462" lon="11.97357">
    <name>TP9180</name>
  </trkpt>
  <trkpt lat="46.54482" lon="11.97365">
    <name>TP9181</name>
  </trkpt>
  <trkpt lat="46.54487" lon="11.97366">
    <name>TP9182</name>
  </trkpt>
  <trkpt lat="46.54492" lon="11.97366">
    <name>TP9183</name>
  </trkpt>
  <trkpt lat="46.545" lon="11.97364">
    <name>TP9184</name>
  </trkpt>
  <trkpt lat="46.5450024" lon="11.9736394">
    <name>TP9185</name>
  </trkpt>
  <trkpt lat="46.54511" lon="11.97362">
    <name>TP9186</name>
  </trkpt>
  <trkpt lat="46.54538" lon="11.97356">
    <name>TP9187</name>
  </trkpt>
  <trkpt lat="46.54555" lon="11.97352">
    <name>TP9188</name>
  </trkpt>
  <trkpt lat="46.54566" lon="11.97349">
    <name>TP9189</name>
  </trkpt>
  <trkpt lat="46.5459" lon="11.97344">
    <name>TP9190</name>
  </trkpt>
  <trkpt lat="46.54591" lon="11.97344">
    <name>TP9191</name>
  </trkpt>
  <trkpt lat="46.54596" lon="11.97344">
    <name>TP9192</name>
  </trkpt>
  <trkpt lat="46.54608" lon="11.97347">
    <name>TP9193</name>
  </trkpt>
  <trkpt lat="46.54609" lon="11.97347">
    <name>TP9194</name>
  </trkpt>
  <trkpt lat="46.54625" lon="11.97356">
    <name>TP9195</name>
  </trkpt>
  <trkpt lat="46.54626" lon="11.97356">
    <name>TP9196</name>
  </trkpt>
  <trkpt lat="46.54639" lon="11.97362">
    <name>TP9197</name>
  </trkpt>
  <trkpt lat="46.54645" lon="11.97368">
    <name>TP9198</name>
  </trkpt>
  <trkpt lat="46.54653" lon="11.97372">
    <name>TP9199</name>
  </trkpt>
  <trkpt lat="46.54658" lon="11.97374">
    <name>TP9200</name>
  </trkpt>
  <trkpt lat="46.54659" lon="11.97375">
    <name>TP9201</name>
  </trkpt>
  <trkpt lat="46.54662" lon="11.97376">
    <name>TP9202</name>
  </trkpt>
  <trkpt lat="46.54677" lon="11.97379">
    <name>TP9203</name>
  </trkpt>
  <trkpt lat="46.54695" lon="11.97383">
    <name>TP9204</name>
  </trkpt>
  <trkpt lat="46.54699" lon="11.97384">
    <name>TP9205</name>
  </trkpt>
  <trkpt lat="46.54706" lon="11.97388">
    <name>TP9206</name>
  </trkpt>
  <trkpt lat="46.54711" lon="11.9739">
    <name>TP9207</name>
  </trkpt>
  <trkpt lat="46.54712" lon="11.97391">
    <name>TP9208</name>
  </trkpt>
  <trkpt lat="46.54715" lon="11.97394">
    <name>TP9209</name>
  </trkpt>
  <trkpt lat="46.54721" lon="11.97399">
    <name>TP9210</name>
  </trkpt>
  <trkpt lat="46.54723" lon="11.97403">
    <name>TP9211</name>
  </trkpt>
  <trkpt lat="46.54725" lon="11.97408">
    <name>TP9212</name>
  </trkpt>
  <trkpt lat="46.54727" lon="11.97411">
    <name>TP9213</name>
  </trkpt>
  <trkpt lat="46.54732" lon="11.97423">
    <name>TP9214</name>
  </trkpt>
  <trkpt lat="46.54734" lon="11.97431">
    <name>TP9215</name>
  </trkpt>
  <trkpt lat="46.5474" lon="11.97455">
    <name>TP9216</name>
  </trkpt>
  <trkpt lat="46.54753" lon="11.97504">
    <name>TP9217</name>
  </trkpt>
  <trkpt lat="46.54754" lon="11.9751">
    <name>TP9218</name>
  </trkpt>
  <trkpt lat="46.54761" lon="11.97533">
    <name>TP9219</name>
  </trkpt>
  <trkpt lat="46.54764" lon="11.97545">
    <name>TP9220</name>
  </trkpt>
  <trkpt lat="46.54765" lon="11.97549">
    <name>TP9221</name>
  </trkpt>
  <trkpt lat="46.54766" lon="11.97551">
    <name>TP9222</name>
  </trkpt>
  <trkpt lat="46.54766" lon="11.97553">
    <name>TP9223</name>
  </trkpt>
  <trkpt lat="46.54766" lon="11.97555">
    <name>TP9224</name>
  </trkpt>
  <trkpt lat="46.54765" lon="11.97558">
    <name>TP9225</name>
  </trkpt>
  <trkpt lat="46.54764" lon="11.97578">
    <name>TP9226</name>
  </trkpt>
  <trkpt lat="46.54764" lon="11.97579">
    <name>TP9227</name>
  </trkpt>
  <trkpt lat="46.54763" lon="11.97586">
    <name>TP9228</name>
  </trkpt>
  <trkpt lat="46.54763" lon="11.97589">
    <name>TP9229</name>
  </trkpt>
  <trkpt lat="46.54763" lon="11.97595">
    <name>TP9230</name>
  </trkpt>
  <trkpt lat="46.54764" lon="11.97605">
    <name>TP9231</name>
  </trkpt>
  <trkpt lat="46.54767" lon="11.97616">
    <name>TP9232</name>
  </trkpt>
  <trkpt lat="46.5477" lon="11.97625">
    <name>TP9233</name>
  </trkpt>
  <trkpt lat="46.54772" lon="11.97628">
    <name>TP9234</name>
  </trkpt>
  <trkpt lat="46.54773" lon="11.9763">
    <name>TP9235</name>
  </trkpt>
  <trkpt lat="46.54777" lon="11.97634">
    <name>TP9236</name>
  </trkpt>
  <trkpt lat="46.54786" lon="11.97644">
    <name>TP9237</name>
  </trkpt>
  <trkpt lat="46.54801" lon="11.97659">
    <name>TP9238</name>
  </trkpt>
  <trkpt lat="46.54815" lon="11.97674">
    <name>TP9239</name>
  </trkpt>
  <trkpt lat="46.54827" lon="11.97687">
    <name>TP9240</name>
  </trkpt>
  <trkpt lat="46.5483" lon="11.97689">
    <name>TP9241</name>
  </trkpt>
  <trkpt lat="46.54832" lon="11.97691">
    <name>TP9242</name>
  </trkpt>
  <trkpt lat="46.54837" lon="11.97694">
    <name>TP9243</name>
  </trkpt>
  <trkpt lat="46.54842" lon="11.97695">
    <name>TP9244</name>
  </trkpt>
  <trkpt lat="46.54847" lon="11.97695">
    <name>TP9245</name>
  </trkpt>
  <trkpt lat="46.54853" lon="11.97696">
    <name>TP9246</name>
  </trkpt>
  <trkpt lat="46.54856" lon="11.97696">
    <name>TP9247</name>
  </trkpt>
  <trkpt lat="46.54865" lon="11.97697">
    <name>TP9248</name>
  </trkpt>
  <trkpt lat="46.54865" lon="11.97698">
    <name>TP9249</name>
  </trkpt>
  <trkpt lat="46.54874" lon="11.97699">
    <name>TP9250</name>
  </trkpt>
  <trkpt lat="46.54883" lon="11.97702">
    <name>TP9251</name>
  </trkpt>
  <trkpt lat="46.54889" lon="11.97704">
    <name>TP9252</name>
  </trkpt>
  <trkpt lat="46.54901" lon="11.9771">
    <name>TP9253</name>
  </trkpt>
  <trkpt lat="46.54907" lon="11.97714">
    <name>TP9254</name>
  </trkpt>
  <trkpt lat="46.5491" lon="11.97716">
    <name>TP9255</name>
  </trkpt>
  <trkpt lat="46.54913" lon="11.97719">
    <name>TP9256</name>
  </trkpt>
  <trkpt lat="46.54915" lon="11.97721">
    <name>TP9257</name>
  </trkpt>
  <trkpt lat="46.54917" lon="11.97723">
    <name>TP9258</name>
  </trkpt>
  <trkpt lat="46.54927" lon="11.97741">
    <name>TP9259</name>
  </trkpt>
  <trkpt lat="46.54928" lon="11.97742">
    <name>TP9260</name>
  </trkpt>
  <trkpt lat="46.54933" lon="11.97751">
    <name>TP9261</name>
  </trkpt>
  <trkpt lat="46.54935" lon="11.97756">
    <name>TP9262</name>
  </trkpt>
  <trkpt lat="46.5494" lon="11.97761">
    <name>TP9263</name>
  </trkpt>
  <trkpt lat="46.54947" lon="11.9777">
    <name>TP9264</name>
  </trkpt>
  <trkpt lat="46.54954" lon="11.97777">
    <name>TP9265</name>
  </trkpt>
  <trkpt lat="46.54962" lon="11.97782">
    <name>TP9266</name>
  </trkpt>
  <trkpt lat="46.5497" lon="11.97787">
    <name>TP9267</name>
  </trkpt>
  <trkpt lat="46.54972" lon="11.97789">
    <name>TP9268</name>
  </trkpt>
  <trkpt lat="46.54974" lon="11.9779">
    <name>TP9269</name>
  </trkpt>
  <trkpt lat="46.54979" lon="11.97791">
    <name>TP9270</name>
  </trkpt>
  <trkpt lat="46.54982" lon="11.97792">
    <name>TP9271</name>
  </trkpt>
  <trkpt lat="46.54984" lon="11.97792">
    <name>TP9272</name>
  </trkpt>
  <trkpt lat="46.54986" lon="11.97792">
    <name>TP9273</name>
  </trkpt>
  <trkpt lat="46.54988" lon="11.97791">
    <name>TP9274</name>
  </trkpt>
  <trkpt lat="46.54991" lon="11.9779">
    <name>TP9275</name>
  </trkpt>
  <trkpt lat="46.55002" lon="11.97784">
    <name>TP9276</name>
  </trkpt>
  <trkpt lat="46.55005" lon="11.97782">
    <name>TP9277</name>
  </trkpt>
  <trkpt lat="46.55006" lon="11.97781">
    <name>TP9278</name>
  </trkpt>
  <trkpt lat="46.55017" lon="11.9777">
    <name>TP9279</name>
  </trkpt>
  <trkpt lat="46.55035" lon="11.97753">
    <name>TP9280</name>
  </trkpt>
  <trkpt lat="46.55051" lon="11.97743">
    <name>TP9281</name>
  </trkpt>
  <trkpt lat="46.55051" lon="11.97742">
    <name>TP9282</name>
  </trkpt>
  <trkpt lat="46.55064" lon="11.97736">
    <name>TP9283</name>
  </trkpt>
  <trkpt lat="46.55071" lon="11.97733">
    <name>TP9284</name>
  </trkpt>
  <trkpt lat="46.5508" lon="11.97729">
    <name>TP9285</name>
  </trkpt>
  <trkpt lat="46.5509" lon="11.97727">
    <name>TP9286</name>
  </trkpt>
  <trkpt lat="46.551" lon="11.97727">
    <name>TP9287</name>
  </trkpt>
  <trkpt lat="46.55104" lon="11.97727">
    <name>TP9288</name>
  </trkpt>
  <trkpt lat="46.55117" lon="11.97728">
    <name>TP9289</name>
  </trkpt>
  <trkpt lat="46.55121" lon="11.9773">
    <name>TP9290</name>
  </trkpt>
  <trkpt lat="46.55124" lon="11.9773">
    <name>TP9291</name>
  </trkpt>
  <trkpt lat="46.55135" lon="11.97733">
    <name>TP9292</name>
  </trkpt>
  <trkpt lat="46.55146" lon="11.97741">
    <name>TP9293</name>
  </trkpt>
  <trkpt lat="46.55155" lon="11.97747">
    <name>TP9294</name>
  </trkpt>
  <trkpt lat="46.55159" lon="11.9775">
    <name>TP9295</name>
  </trkpt>
  <trkpt lat="46.55165" lon="11.97756">
    <name>TP9296</name>
  </trkpt>
  <trkpt lat="46.55184" lon="11.97778">
    <name>TP9297</name>
  </trkpt>
  <trkpt lat="46.55204" lon="11.97822">
    <name>TP9298</name>
  </trkpt>
  <trkpt lat="46.55207" lon="11.9783">
    <name>TP9299</name>
  </trkpt>
  <trkpt lat="46.55213" lon="11.97844">
    <name>TP9300</name>
  </trkpt>
  <trkpt lat="46.55214" lon="11.97845">
    <name>TP9301</name>
  </trkpt>
  <trkpt lat="46.55224" lon="11.97858">
    <name>TP9302</name>
  </trkpt>
  <trkpt lat="46.55227" lon="11.9786">
    <name>TP9303</name>
  </trkpt>
  <trkpt lat="46.55242" lon="11.97868">
    <name>TP9304</name>
  </trkpt>
  <trkpt lat="46.55244" lon="11.97868">
    <name>TP9305</name>
  </trkpt>
  <trkpt lat="46.55253" lon="11.97871">
    <name>TP9306</name>
  </trkpt>
  <trkpt lat="46.55258" lon="11.97872">
    <name>TP9307</name>
  </trkpt>
  <trkpt lat="46.55262" lon="11.97872">
    <name>TP9308</name>
  </trkpt>
  <trkpt lat="46.55271" lon="11.97872">
    <name>TP9309</name>
  </trkpt>
  <trkpt lat="46.55276" lon="11.97869">
    <name>TP9310</name>
  </trkpt>
  <trkpt lat="46.55278" lon="11.97867">
    <name>TP9311</name>
  </trkpt>
  <trkpt lat="46.55279" lon="11.97866">
    <name>TP9312</name>
  </trkpt>
  <trkpt lat="46.55281" lon="11.97862">
    <name>TP9313</name>
  </trkpt>
  <trkpt lat="46.55283" lon="11.97858">
    <name>TP9314</name>
  </trkpt>
  <trkpt lat="46.55284" lon="11.97854">
    <name>TP9315</name>
  </trkpt>
  <trkpt lat="46.55284" lon="11.97852">
    <name>TP9316</name>
  </trkpt>
  <trkpt lat="46.55284" lon="11.97847">
    <name>TP9317</name>
  </trkpt>
  <trkpt lat="46.55284" lon="11.97845">
    <name>TP9318</name>
  </trkpt>
  <trkpt lat="46.55283" lon="11.97843">
    <name>TP9319</name>
  </trkpt>
  <trkpt lat="46.55283" lon="11.97842">
    <name>TP9320</name>
  </trkpt>
  <trkpt lat="46.55281" lon="11.97839">
    <name>TP9321</name>
  </trkpt>
  <trkpt lat="46.55269" lon="11.97827">
    <name>TP9322</name>
  </trkpt>
  <trkpt lat="46.55268" lon="11.97827">
    <name>TP9323</name>
  </trkpt>
  <trkpt lat="46.55255" lon="11.97814">
    <name>TP9324</name>
  </trkpt>
  <trkpt lat="46.55246" lon="11.97806">
    <name>TP9325</name>
  </trkpt>
  <trkpt lat="46.5524" lon="11.97798">
    <name>TP9326</name>
  </trkpt>
  <trkpt lat="46.55233" lon="11.97788">
    <name>TP9327</name>
  </trkpt>
  <trkpt lat="46.55225" lon="11.97773">
    <name>TP9328</name>
  </trkpt>
  <trkpt lat="46.55222" lon="11.97766">
    <name>TP9329</name>
  </trkpt>
  <trkpt lat="46.55215" lon="11.97755">
    <name>TP9330</name>
  </trkpt>
  <trkpt lat="46.55204" lon="11.97738">
    <name>TP9331</name>
  </trkpt>
  <trkpt lat="46.552" lon="11.97732">
    <name>TP9332</name>
  </trkpt>
  <trkpt lat="46.5518" lon="11.97706">
    <name>TP9333</name>
  </trkpt>
  <trkpt lat="46.55177" lon="11.97701">
    <name>TP9334</name>
  </trkpt>
  <trkpt lat="46.55174" lon="11.97694">
    <name>TP9335</name>
  </trkpt>
  <trkpt lat="46.55174" lon="11.97692">
    <name>TP9336</name>
  </trkpt>
  <trkpt lat="46.55174" lon="11.97689">
    <name>TP9337</name>
  </trkpt>
  <trkpt lat="46.55174" lon="11.97685">
    <name>TP9338</name>
  </trkpt>
  <trkpt lat="46.55174" lon="11.97682">
    <name>TP9339</name>
  </trkpt>
  <trkpt lat="46.55175" lon="11.9768">
    <name>TP9340</name>
  </trkpt>
  <trkpt lat="46.55176" lon="11.97678">
    <name>TP9341</name>
  </trkpt>
  <trkpt lat="46.55177" lon="11.97678">
    <name>TP9342</name>
  </trkpt>
  <trkpt lat="46.55179" lon="11.97674">
    <name>TP9343</name>
  </trkpt>
  <trkpt lat="46.55183" lon="11.97671">
    <name>TP9344</name>
  </trkpt>
  <trkpt lat="46.55186" lon="11.97669">
    <name>TP9345</name>
  </trkpt>
  <trkpt lat="46.55188" lon="11.97668">
    <name>TP9346</name>
  </trkpt>
  <trkpt lat="46.55194" lon="11.9767">
    <name>TP9347</name>
  </trkpt>
  <trkpt lat="46.55197" lon="11.97671">
    <name>TP9348</name>
  </trkpt>
  <trkpt lat="46.55207" lon="11.97682">
    <name>TP9349</name>
  </trkpt>
  <trkpt lat="46.55213" lon="11.9769">
    <name>TP9350</name>
  </trkpt>
  <trkpt lat="46.55242" lon="11.97743">
    <name>TP9351</name>
  </trkpt>
  <trkpt lat="46.55252" lon="11.97755">
    <name>TP9352</name>
  </trkpt>
  <trkpt lat="46.55259" lon="11.97761">
    <name>TP9353</name>
  </trkpt>
  <trkpt lat="46.55265" lon="11.97765">
    <name>TP9354</name>
  </trkpt>
  <trkpt lat="46.5527" lon="11.97767">
    <name>TP9355</name>
  </trkpt>
  <trkpt lat="46.55272" lon="11.97768">
    <name>TP9356</name>
  </trkpt>
  <trkpt lat="46.55278" lon="11.97769">
    <name>TP9357</name>
  </trkpt>
  <trkpt lat="46.55284" lon="11.97769">
    <name>TP9358</name>
  </trkpt>
  <trkpt lat="46.55288" lon="11.97769">
    <name>TP9359</name>
  </trkpt>
  <trkpt lat="46.5529" lon="11.97768">
    <name>TP9360</name>
  </trkpt>
  <trkpt lat="46.55298" lon="11.97763">
    <name>TP9361</name>
  </trkpt>
  <trkpt lat="46.55307" lon="11.97757">
    <name>TP9362</name>
  </trkpt>
  <trkpt lat="46.55309" lon="11.97755">
    <name>TP9363</name>
  </trkpt>
  <trkpt lat="46.55314" lon="11.97752">
    <name>TP9364</name>
  </trkpt>
  <trkpt lat="46.55319" lon="11.97748">
    <name>TP9365</name>
  </trkpt>
  <trkpt lat="46.55326" lon="11.97745">
    <name>TP9366</name>
  </trkpt>
  <trkpt lat="46.55329" lon="11.97744">
    <name>TP9367</name>
  </trkpt>
  <trkpt lat="46.55333" lon="11.97744">
    <name>TP9368</name>
  </trkpt>
  <trkpt lat="46.55338" lon="11.97744">
    <name>TP9369</name>
  </trkpt>
  <trkpt lat="46.55341" lon="11.97745">
    <name>TP9370</name>
  </trkpt>
  <trkpt lat="46.55355" lon="11.97751">
    <name>TP9371</name>
  </trkpt>
  <trkpt lat="46.55358" lon="11.97753">
    <name>TP9372</name>
  </trkpt>
  <trkpt lat="46.55359" lon="11.97755">
    <name>TP9373</name>
  </trkpt>
  <trkpt lat="46.55361" lon="11.97758">
    <name>TP9374</name>
  </trkpt>
  <trkpt lat="46.55363" lon="11.9776">
    <name>TP9375</name>
  </trkpt>
  <trkpt lat="46.55365" lon="11.97765">
    <name>TP9376</name>
  </trkpt>
  <trkpt lat="46.55367" lon="11.97769">
    <name>TP9377</name>
  </trkpt>
  <trkpt lat="46.55368" lon="11.97774">
    <name>TP9378</name>
  </trkpt>
  <trkpt lat="46.55369" lon="11.97775">
    <name>TP9379</name>
  </trkpt>
  <trkpt lat="46.55377" lon="11.97796">
    <name>TP9380</name>
  </trkpt>
  <trkpt lat="46.55379" lon="11.97801">
    <name>TP9381</name>
  </trkpt>
  <trkpt lat="46.55383" lon="11.97809">
    <name>TP9382</name>
  </trkpt>
  <trkpt lat="46.55385" lon="11.97811">
    <name>TP9383</name>
  </trkpt>
  <trkpt lat="46.55386" lon="11.97812">
    <name>TP9384</name>
  </trkpt>
  <trkpt lat="46.55388" lon="11.97813">
    <name>TP9385</name>
  </trkpt>
  <trkpt lat="46.5539" lon="11.97813">
    <name>TP9386</name>
  </trkpt>
  <trkpt lat="46.55391" lon="11.97814">
    <name>TP9387</name>
  </trkpt>
  <trkpt lat="46.55393" lon="11.97814">
    <name>TP9388</name>
  </trkpt>
  <trkpt lat="46.55395" lon="11.97813">
    <name>TP9389</name>
  </trkpt>
  <trkpt lat="46.55397" lon="11.97812">
    <name>TP9390</name>
  </trkpt>
  <trkpt lat="46.55402" lon="11.97807">
    <name>TP9391</name>
  </trkpt>
  <trkpt lat="46.55408" lon="11.97803">
    <name>TP9392</name>
  </trkpt>
  <trkpt lat="46.5541" lon="11.978">
    <name>TP9393</name>
  </trkpt>
  <trkpt lat="46.55411" lon="11.97798">
    <name>TP9394</name>
  </trkpt>
  <trkpt lat="46.55413" lon="11.97794">
    <name>TP9395</name>
  </trkpt>
  <trkpt lat="46.55413" lon="11.97792">
    <name>TP9396</name>
  </trkpt>
  <trkpt lat="46.55414" lon="11.9779">
    <name>TP9397</name>
  </trkpt>
  <trkpt lat="46.55414" lon="11.97788">
    <name>TP9398</name>
  </trkpt>
  <trkpt lat="46.55414" lon="11.97786">
    <name>TP9399</name>
  </trkpt>
  <trkpt lat="46.55414" lon="11.97783">
    <name>TP9400</name>
  </trkpt>
  <trkpt lat="46.55413" lon="11.9778">
    <name>TP9401</name>
  </trkpt>
  <trkpt lat="46.55413" lon="11.97779">
    <name>TP9402</name>
  </trkpt>
  <trkpt lat="46.55412" lon="11.97777">
    <name>TP9403</name>
  </trkpt>
  <trkpt lat="46.55411" lon="11.97775">
    <name>TP9404</name>
  </trkpt>
  <trkpt lat="46.55402" lon="11.97764">
    <name>TP9405</name>
  </trkpt>
  <trkpt lat="46.55384" lon="11.97742">
    <name>TP9406</name>
  </trkpt>
  <trkpt lat="46.55363" lon="11.9772">
    <name>TP9407</name>
  </trkpt>
  <trkpt lat="46.55343" lon="11.977">
    <name>TP9408</name>
  </trkpt>
  <trkpt lat="46.55324" lon="11.97682">
    <name>TP9409</name>
  </trkpt>
  <trkpt lat="46.55301" lon="11.97657">
    <name>TP9410</name>
  </trkpt>
  <trkpt lat="46.55296" lon="11.97651">
    <name>TP9411</name>
  </trkpt>
  <trkpt lat="46.55289" lon="11.97642">
    <name>TP9412</name>
  </trkpt>
  <trkpt lat="46.55282" lon="11.97633">
    <name>TP9413</name>
  </trkpt>
  <trkpt lat="46.55269" lon="11.97616">
    <name>TP9414</name>
  </trkpt>
  <trkpt lat="46.55263" lon="11.97608">
    <name>TP9415</name>
  </trkpt>
  <trkpt lat="46.55253" lon="11.9759">
    <name>TP9416</name>
  </trkpt>
  <trkpt lat="46.55243" lon="11.97571">
    <name>TP9417</name>
  </trkpt>
  <trkpt lat="46.55237" lon="11.97561">
    <name>TP9418</name>
  </trkpt>
  <trkpt lat="46.55234" lon="11.97557">
    <name>TP9419</name>
  </trkpt>
  <trkpt lat="46.55229" lon="11.97549">
    <name>TP9420</name>
  </trkpt>
  <trkpt lat="46.55211" lon="11.97527">
    <name>TP9421</name>
  </trkpt>
  <trkpt lat="46.55177" lon="11.97494">
    <name>TP9422</name>
  </trkpt>
  <trkpt lat="46.55176" lon="11.97493">
    <name>TP9423</name>
  </trkpt>
  <trkpt lat="46.5517" lon="11.97485">
    <name>TP9424</name>
  </trkpt>
  <trkpt lat="46.55168" lon="11.97482">
    <name>TP9425</name>
  </trkpt>
  <trkpt lat="46.55166" lon="11.97477">
    <name>TP9426</name>
  </trkpt>
  <trkpt lat="46.55165" lon="11.97475">
    <name>TP9427</name>
  </trkpt>
  <trkpt lat="46.55161" lon="11.97466">
    <name>TP9428</name>
  </trkpt>
  <trkpt lat="46.5516" lon="11.97463">
    <name>TP9429</name>
  </trkpt>
  <trkpt lat="46.55151" lon="11.97426">
    <name>TP9430</name>
  </trkpt>
  <trkpt lat="46.5515" lon="11.97424">
    <name>TP9431</name>
  </trkpt>
  <trkpt lat="46.5515" lon="11.97423">
    <name>TP9432</name>
  </trkpt>
  <trkpt lat="46.55149" lon="11.97421">
    <name>TP9433</name>
  </trkpt>
  <trkpt lat="46.55145" lon="11.97415">
    <name>TP9434</name>
  </trkpt>
  <trkpt lat="46.5514" lon="11.97407">
    <name>TP9435</name>
  </trkpt>
  <trkpt lat="46.55139" lon="11.97407">
    <name>TP9436</name>
  </trkpt>
  <trkpt lat="46.55138" lon="11.97405">
    <name>TP9437</name>
  </trkpt>
  <trkpt lat="46.55136" lon="11.97403">
    <name>TP9438</name>
  </trkpt>
  <trkpt lat="46.55129" lon="11.97399">
    <name>TP9439</name>
  </trkpt>
  <trkpt lat="46.55124" lon="11.97396">
    <name>TP9440</name>
  </trkpt>
  <trkpt lat="46.55123" lon="11.97395">
    <name>TP9441</name>
  </trkpt>
  <trkpt lat="46.55122" lon="11.97394">
    <name>TP9442</name>
  </trkpt>
  <trkpt lat="46.55112" lon="11.97392">
    <name>TP9443</name>
  </trkpt>
  <trkpt lat="46.5511" lon="11.97391">
    <name>TP9444</name>
  </trkpt>
  <trkpt lat="46.55109" lon="11.9739">
    <name>TP9445</name>
  </trkpt>
  <trkpt lat="46.55107" lon="11.97389">
    <name>TP9446</name>
  </trkpt>
  <trkpt lat="46.55105" lon="11.97387">
    <name>TP9447</name>
  </trkpt>
  <trkpt lat="46.55097" lon="11.97378">
    <name>TP9448</name>
  </trkpt>
  <trkpt lat="46.55089" lon="11.97367">
    <name>TP9449</name>
  </trkpt>
  <trkpt lat="46.55079" lon="11.97348">
    <name>TP9450</name>
  </trkpt>
  <trkpt lat="46.5507" lon="11.97331">
    <name>TP9451</name>
  </trkpt>
  <trkpt lat="46.5506" lon="11.97309">
    <name>TP9452</name>
  </trkpt>
  <trkpt lat="46.55053" lon="11.97295">
    <name>TP9453</name>
  </trkpt>
  <trkpt lat="46.55041" lon="11.97264">
    <name>TP9454</name>
  </trkpt>
  <trkpt lat="46.55041" lon="11.97262">
    <name>TP9455</name>
  </trkpt>
  <trkpt lat="46.55035" lon="11.9724">
    <name>TP9456</name>
  </trkpt>
  <trkpt lat="46.55034" lon="11.97236">
    <name>TP9457</name>
  </trkpt>
  <trkpt lat="46.55028" lon="11.97201">
    <name>TP9458</name>
  </trkpt>
  <trkpt lat="46.55025" lon="11.97188">
    <name>TP9459</name>
  </trkpt>
  <trkpt lat="46.55024" lon="11.97176">
    <name>TP9460</name>
  </trkpt>
  <trkpt lat="46.55024" lon="11.97163">
    <name>TP9461</name>
  </trkpt>
  <trkpt lat="46.55025" lon="11.97152">
    <name>TP9462</name>
  </trkpt>
  <trkpt lat="46.55026" lon="11.97144">
    <name>TP9463</name>
  </trkpt>
  <trkpt lat="46.5503" lon="11.97131">
    <name>TP9464</name>
  </trkpt>
  <trkpt lat="46.55036" lon="11.97115">
    <name>TP9465</name>
  </trkpt>
  <trkpt lat="46.55041" lon="11.97102">
    <name>TP9466</name>
  </trkpt>
  <trkpt lat="46.55044" lon="11.97093">
    <name>TP9467</name>
  </trkpt>
  <trkpt lat="46.55046" lon="11.97086">
    <name>TP9468</name>
  </trkpt>
  <trkpt lat="46.55047" lon="11.97079">
    <name>TP9469</name>
  </trkpt>
  <trkpt lat="46.55048" lon="11.9707">
    <name>TP9470</name>
  </trkpt>
  <trkpt lat="46.55048" lon="11.97066">
    <name>TP9471</name>
  </trkpt>
  <trkpt lat="46.55048" lon="11.97061">
    <name>TP9472</name>
  </trkpt>
  <trkpt lat="46.55048" lon="11.97052">
    <name>TP9473</name>
  </trkpt>
  <trkpt lat="46.55048" lon="11.97046">
    <name>TP9474</name>
  </trkpt>
  <trkpt lat="46.55046" lon="11.9704">
    <name>TP9475</name>
  </trkpt>
  <trkpt lat="46.55045" lon="11.97031">
    <name>TP9476</name>
  </trkpt>
  <trkpt lat="46.55038" lon="11.97002">
    <name>TP9477</name>
  </trkpt>
  <trkpt lat="46.55028" lon="11.96966">
    <name>TP9478</name>
  </trkpt>
  <trkpt lat="46.55024" lon="11.96949">
    <name>TP9479</name>
  </trkpt>
  <trkpt lat="46.55016" lon="11.96917">
    <name>TP9480</name>
  </trkpt>
  <trkpt lat="46.55007" lon="11.96882">
    <name>TP9481</name>
  </trkpt>
  <trkpt lat="46.55003" lon="11.96868">
    <name>TP9482</name>
  </trkpt>
  <trkpt lat="46.54997" lon="11.96842">
    <name>TP9483</name>
  </trkpt>
  <trkpt lat="46.54994" lon="11.96835">
    <name>TP9484</name>
  </trkpt>
  <trkpt lat="46.5499" lon="11.96828">
    <name>TP9485</name>
  </trkpt>
  <trkpt lat="46.54985" lon="11.9682">
    <name>TP9486</name>
  </trkpt>
  <trkpt lat="46.54976" lon="11.96813">
    <name>TP9487</name>
  </trkpt>
  <trkpt lat="46.54923" lon="11.96774">
    <name>TP9488</name>
  </trkpt>
  <trkpt lat="46.54916" lon="11.96769">
    <name>TP9489</name>
  </trkpt>
  <trkpt lat="46.54913" lon="11.96767">
    <name>TP9490</name>
  </trkpt>
  <trkpt lat="46.5491" lon="11.96762">
    <name>TP9491</name>
  </trkpt>
  <trkpt lat="46.54898" lon="11.96742">
    <name>TP9492</name>
  </trkpt>
  <trkpt lat="46.54897" lon="11.9674">
    <name>TP9493</name>
  </trkpt>
  <trkpt lat="46.54896" lon="11.9674">
    <name>TP9494</name>
  </trkpt>
  <trkpt lat="46.54895" lon="11.96739">
    <name>TP9495</name>
  </trkpt>
  <trkpt lat="46.54889" lon="11.96735">
    <name>TP9496</name>
  </trkpt>
  <trkpt lat="46.5488" lon="11.9673">
    <name>TP9497</name>
  </trkpt>
  <trkpt lat="46.54865" lon="11.96723">
    <name>TP9498</name>
  </trkpt>
  <trkpt lat="46.54863" lon="11.96721">
    <name>TP9499</name>
  </trkpt>
  <trkpt lat="46.54862" lon="11.96718">
    <name>TP9500</name>
  </trkpt>
  <trkpt lat="46.54861" lon="11.96715">
    <name>TP9501</name>
  </trkpt>
  <trkpt lat="46.5486" lon="11.96711">
    <name>TP9502</name>
  </trkpt>
  <trkpt lat="46.54859" lon="11.96708">
    <name>TP9503</name>
  </trkpt>
  <trkpt lat="46.54859" lon="11.96703">
    <name>TP9504</name>
  </trkpt>
  <trkpt lat="46.54859" lon="11.967">
    <name>TP9505</name>
  </trkpt>
  <trkpt lat="46.5486" lon="11.96698">
    <name>TP9506</name>
  </trkpt>
  <trkpt lat="46.54861" lon="11.96696">
    <name>TP9507</name>
  </trkpt>
  <trkpt lat="46.54863" lon="11.96692">
    <name>TP9508</name>
  </trkpt>
  <trkpt lat="46.54865" lon="11.9669">
    <name>TP9509</name>
  </trkpt>
  <trkpt lat="46.54867" lon="11.96688">
    <name>TP9510</name>
  </trkpt>
  <trkpt lat="46.5487" lon="11.96687">
    <name>TP9511</name>
  </trkpt>
  <trkpt lat="46.54872" lon="11.96686">
    <name>TP9512</name>
  </trkpt>
  <trkpt lat="46.54875" lon="11.96686">
    <name>TP9513</name>
  </trkpt>
  <trkpt lat="46.54876" lon="11.96686">
    <name>TP9514</name>
  </trkpt>
  <trkpt lat="46.54878" lon="11.96686">
    <name>TP9515</name>
  </trkpt>
  <trkpt lat="46.5488" lon="11.96686">
    <name>TP9516</name>
  </trkpt>
  <trkpt lat="46.54882" lon="11.96687">
    <name>TP9517</name>
  </trkpt>
  <trkpt lat="46.54883" lon="11.96688">
    <name>TP9518</name>
  </trkpt>
  <trkpt lat="46.54884" lon="11.96688">
    <name>TP9519</name>
  </trkpt>
  <trkpt lat="46.54887" lon="11.96693">
    <name>TP9520</name>
  </trkpt>
  <trkpt lat="46.54889" lon="11.96696">
    <name>TP9521</name>
  </trkpt>
  <trkpt lat="46.5489" lon="11.96699">
    <name>TP9522</name>
  </trkpt>
  <trkpt lat="46.54906" lon="11.96729">
    <name>TP9523</name>
  </trkpt>
  <trkpt lat="46.5491" lon="11.96734">
    <name>TP9524</name>
  </trkpt>
  <trkpt lat="46.54914" lon="11.96738">
    <name>TP9525</name>
  </trkpt>
  <trkpt lat="46.54916" lon="11.96741">
    <name>TP9526</name>
  </trkpt>
  <trkpt lat="46.54923" lon="11.96746">
    <name>TP9527</name>
  </trkpt>
  <trkpt lat="46.54931" lon="11.96749">
    <name>TP9528</name>
  </trkpt>
  <trkpt lat="46.54935" lon="11.9675">
    <name>TP9529</name>
  </trkpt>
  <trkpt lat="46.54939" lon="11.96751">
    <name>TP9530</name>
  </trkpt>
  <trkpt lat="46.54945" lon="11.9675">
    <name>TP9531</name>
  </trkpt>
  <trkpt lat="46.54974" lon="11.96748">
    <name>TP9532</name>
  </trkpt>
  <trkpt lat="46.55037" lon="11.96746">
    <name>TP9533</name>
  </trkpt>
  <trkpt lat="46.55038" lon="11.96746">
    <name>TP9534</name>
  </trkpt>
  <trkpt lat="46.55054" lon="11.96746">
    <name>TP9535</name>
  </trkpt>
  <trkpt lat="46.55056" lon="11.96747">
    <name>TP9536</name>
  </trkpt>
  <trkpt lat="46.55068" lon="11.96748">
    <name>TP9537</name>
  </trkpt>
  <trkpt lat="46.55075" lon="11.96751">
    <name>TP9538</name>
  </trkpt>
  <trkpt lat="46.55088" lon="11.96756">
    <name>TP9539</name>
  </trkpt>
  <trkpt lat="46.55092" lon="11.96758">
    <name>TP9540</name>
  </trkpt>
  <trkpt lat="46.55095" lon="11.9676">
    <name>TP9541</name>
  </trkpt>
  <trkpt lat="46.55098" lon="11.96763">
    <name>TP9542</name>
  </trkpt>
  <trkpt lat="46.55105" lon="11.96773">
    <name>TP9543</name>
  </trkpt>
  <trkpt lat="46.55131" lon="11.9681">
    <name>TP9544</name>
  </trkpt>
  <trkpt lat="46.55138" lon="11.96821">
    <name>TP9545</name>
  </trkpt>
  <trkpt lat="46.55143" lon="11.96828">
    <name>TP9546</name>
  </trkpt>
  <trkpt lat="46.55146" lon="11.96832">
    <name>TP9547</name>
  </trkpt>
  <trkpt lat="46.55155" lon="11.96848">
    <name>TP9548</name>
  </trkpt>
  <trkpt lat="46.55159" lon="11.96854">
    <name>TP9549</name>
  </trkpt>
  <trkpt lat="46.55166" lon="11.96864">
    <name>TP9550</name>
  </trkpt>
  <trkpt lat="46.55168" lon="11.96866">
    <name>TP9551</name>
  </trkpt>
  <trkpt lat="46.55172" lon="11.96874">
    <name>TP9552</name>
  </trkpt>
  <trkpt lat="46.5518" lon="11.96883">
    <name>TP9553</name>
  </trkpt>
  <trkpt lat="46.55181" lon="11.96884">
    <name>TP9554</name>
  </trkpt>
  <trkpt lat="46.5519" lon="11.96891">
    <name>TP9555</name>
  </trkpt>
  <trkpt lat="46.55197" lon="11.96896">
    <name>TP9556</name>
  </trkpt>
  <trkpt lat="46.55201" lon="11.96899">
    <name>TP9557</name>
  </trkpt>
  <trkpt lat="46.55209" lon="11.96903">
    <name>TP9558</name>
  </trkpt>
  <trkpt lat="46.55212" lon="11.96904">
    <name>TP9559</name>
  </trkpt>
  <trkpt lat="46.55214" lon="11.96905">
    <name>TP9560</name>
  </trkpt>
  <trkpt lat="46.55216" lon="11.96905">
    <name>TP9561</name>
  </trkpt>
  <trkpt lat="46.55221" lon="11.96906">
    <name>TP9562</name>
  </trkpt>
  <trkpt lat="46.55228" lon="11.96904">
    <name>TP9563</name>
  </trkpt>
  <trkpt lat="46.55236" lon="11.96901">
    <name>TP9564</name>
  </trkpt>
  <trkpt lat="46.55239" lon="11.96899">
    <name>TP9565</name>
  </trkpt>
  <trkpt lat="46.55242" lon="11.96897">
    <name>TP9566</name>
  </trkpt>
  <trkpt lat="46.55246" lon="11.96894">
    <name>TP9567</name>
  </trkpt>
  <trkpt lat="46.55248" lon="11.96892">
    <name>TP9568</name>
  </trkpt>
  <trkpt lat="46.55251" lon="11.9689">
    <name>TP9569</name>
  </trkpt>
  <trkpt lat="46.5526" lon="11.96882">
    <name>TP9570</name>
  </trkpt>
  <trkpt lat="46.55263" lon="11.96878">
    <name>TP9571</name>
  </trkpt>
  <trkpt lat="46.55265" lon="11.96877">
    <name>TP9572</name>
  </trkpt>
  <trkpt lat="46.5527" lon="11.96871">
    <name>TP9573</name>
  </trkpt>
  <trkpt lat="46.55278" lon="11.96864">
    <name>TP9574</name>
  </trkpt>
  <trkpt lat="46.5528" lon="11.96862">
    <name>TP9575</name>
  </trkpt>
  <trkpt lat="46.55286" lon="11.96858">
    <name>TP9576</name>
  </trkpt>
  <trkpt lat="46.55295" lon="11.96848">
    <name>TP9577</name>
  </trkpt>
  <trkpt lat="46.55311" lon="11.96833">
    <name>TP9578</name>
  </trkpt>
  <trkpt lat="46.55317" lon="11.96829">
    <name>TP9579</name>
  </trkpt>
  <trkpt lat="46.55324" lon="11.96821">
    <name>TP9580</name>
  </trkpt>
  <trkpt lat="46.55341" lon="11.96805">
    <name>TP9581</name>
  </trkpt>
  <trkpt lat="46.55348" lon="11.96799">
    <name>TP9582</name>
  </trkpt>
  <trkpt lat="46.55354" lon="11.96793">
    <name>TP9583</name>
  </trkpt>
  <trkpt lat="46.55369" lon="11.96779">
    <name>TP9584</name>
  </trkpt>
  <trkpt lat="46.55392" lon="11.96758">
    <name>TP9585</name>
  </trkpt>
  <trkpt lat="46.5542" lon="11.96732">
    <name>TP9586</name>
  </trkpt>
  <trkpt lat="46.55422" lon="11.9673">
    <name>TP9587</name>
  </trkpt>
  <trkpt lat="46.55428" lon="11.96724">
    <name>TP9588</name>
  </trkpt>
  <trkpt lat="46.55467" lon="11.96688">
    <name>TP9589</name>
  </trkpt>
  <trkpt lat="46.55467" lon="11.96687">
    <name>TP9590</name>
  </trkpt>
  <trkpt lat="46.55488" lon="11.96667">
    <name>TP9591</name>
  </trkpt>
  <trkpt lat="46.55512" lon="11.96645">
    <name>TP9592</name>
  </trkpt>
  <trkpt lat="46.55558" lon="11.96602">
    <name>TP9593</name>
  </trkpt>
  <trkpt lat="46.55564" lon="11.96596">
    <name>TP9594</name>
  </trkpt>
  <trkpt lat="46.55572" lon="11.96588">
    <name>TP9595</name>
  </trkpt>
  <trkpt lat="46.55577" lon="11.96581">
    <name>TP9596</name>
  </trkpt>
  <trkpt lat="46.55584" lon="11.96572">
    <name>TP9597</name>
  </trkpt>
  <trkpt lat="46.55594" lon="11.96557">
    <name>TP9598</name>
  </trkpt>
  <trkpt lat="46.55614" lon="11.96525">
    <name>TP9599</name>
  </trkpt>
  <trkpt lat="46.55632" lon="11.96492">
    <name>TP9600</name>
  </trkpt>
  <trkpt lat="46.55644" lon="11.9647">
    <name>TP9601</name>
  </trkpt>
  <trkpt lat="46.55647" lon="11.96464">
    <name>TP9602</name>
  </trkpt>
  <trkpt lat="46.55652" lon="11.96454">
    <name>TP9603</name>
  </trkpt>
  <trkpt lat="46.55658" lon="11.96441">
    <name>TP9604</name>
  </trkpt>
  <trkpt lat="46.55681" lon="11.96401">
    <name>TP9605</name>
  </trkpt>
  <trkpt lat="46.55688" lon="11.96388">
    <name>TP9606</name>
  </trkpt>
  <trkpt lat="46.557" lon="11.96368">
    <name>TP9607</name>
  </trkpt>
  <trkpt lat="46.55701" lon="11.96366">
    <name>TP9608</name>
  </trkpt>
  <trkpt lat="46.55709" lon="11.96351">
    <name>TP9609</name>
  </trkpt>
  <trkpt lat="46.55724" lon="11.96329">
    <name>TP9610</name>
  </trkpt>
  <trkpt lat="46.55737" lon="11.96309">
    <name>TP9611</name>
  </trkpt>
  <trkpt lat="46.5578" lon="11.96226">
    <name>TP9612</name>
  </trkpt>
  <trkpt lat="46.55783" lon="11.96219">
    <name>TP9613</name>
  </trkpt>
  <trkpt lat="46.55793" lon="11.96197">
    <name>TP9614</name>
  </trkpt>
  <trkpt lat="46.55801" lon="11.96177">
    <name>TP9615</name>
  </trkpt>
  <trkpt lat="46.55806" lon="11.9616">
    <name>TP9616</name>
  </trkpt>
  <trkpt lat="46.55819" lon="11.96107">
    <name>TP9617</name>
  </trkpt>
  <trkpt lat="46.55826" lon="11.96075">
    <name>TP9618</name>
  </trkpt>
  <trkpt lat="46.55831" lon="11.96056">
    <name>TP9619</name>
  </trkpt>
  <trkpt lat="46.55833" lon="11.96039">
    <name>TP9620</name>
  </trkpt>
  <trkpt lat="46.55836" lon="11.9602">
    <name>TP9621</name>
  </trkpt>
  <trkpt lat="46.5584" lon="11.96005">
    <name>TP9622</name>
  </trkpt>
  <trkpt lat="46.55841" lon="11.95993">
    <name>TP9623</name>
  </trkpt>
  <trkpt lat="46.55844" lon="11.9598">
    <name>TP9624</name>
  </trkpt>
  <trkpt lat="46.55851" lon="11.95956">
    <name>TP9625</name>
  </trkpt>
  <trkpt lat="46.55852" lon="11.95953">
    <name>TP9626</name>
  </trkpt>
  <trkpt lat="46.55854" lon="11.95946">
    <name>TP9627</name>
  </trkpt>
  <trkpt lat="46.55857" lon="11.9594">
    <name>TP9628</name>
  </trkpt>
  <trkpt lat="46.55859" lon="11.95936">
    <name>TP9629</name>
  </trkpt>
  <trkpt lat="46.55861" lon="11.95932">
    <name>TP9630</name>
  </trkpt>
  <trkpt lat="46.55864" lon="11.95929">
    <name>TP9631</name>
  </trkpt>
  <trkpt lat="46.55874" lon="11.95916">
    <name>TP9632</name>
  </trkpt>
  <trkpt lat="46.55898" lon="11.95886">
    <name>TP9633</name>
  </trkpt>
  <trkpt lat="46.55902" lon="11.95882">
    <name>TP9634</name>
  </trkpt>
  <trkpt lat="46.55905" lon="11.95877">
    <name>TP9635</name>
  </trkpt>
  <trkpt lat="46.55911" lon="11.95869">
    <name>TP9636</name>
  </trkpt>
  <trkpt lat="46.55931" lon="11.95839">
    <name>TP9637</name>
  </trkpt>
  <trkpt lat="46.55939" lon="11.95825">
    <name>TP9638</name>
  </trkpt>
  <trkpt lat="46.55942" lon="11.9582">
    <name>TP9639</name>
  </trkpt>
  <trkpt lat="46.55974" lon="11.95761">
    <name>TP9640</name>
  </trkpt>
  <trkpt lat="46.55995" lon="11.95724">
    <name>TP9641</name>
  </trkpt>
  <trkpt lat="46.56021" lon="11.95681">
    <name>TP9642</name>
  </trkpt>
  <trkpt lat="46.56032" lon="11.95665">
    <name>TP9643</name>
  </trkpt>
  <trkpt lat="46.56054" lon="11.95634">
    <name>TP9644</name>
  </trkpt>
  <trkpt lat="46.56058" lon="11.95624">
    <name>TP9645</name>
  </trkpt>
  <trkpt lat="46.56063" lon="11.95609">
    <name>TP9646</name>
  </trkpt>
  <trkpt lat="46.56072" lon="11.95576">
    <name>TP9647</name>
  </trkpt>
  <trkpt lat="46.56078" lon="11.95545">
    <name>TP9648</name>
  </trkpt>
  <trkpt lat="46.56082" lon="11.95517">
    <name>TP9649</name>
  </trkpt>
  <trkpt lat="46.56085" lon="11.95498">
    <name>TP9650</name>
  </trkpt>
  <trkpt lat="46.56086" lon="11.95494">
    <name>TP9651</name>
  </trkpt>
  <trkpt lat="46.5609" lon="11.9548">
    <name>TP9652</name>
  </trkpt>
  <trkpt lat="46.56095" lon="11.95471">
    <name>TP9653</name>
  </trkpt>
  <trkpt lat="46.56097" lon="11.95467">
    <name>TP9654</name>
  </trkpt>
  <trkpt lat="46.56104" lon="11.95457">
    <name>TP9655</name>
  </trkpt>
  <trkpt lat="46.56107" lon="11.95452">
    <name>TP9656</name>
  </trkpt>
  <trkpt lat="46.56116" lon="11.95437">
    <name>TP9657</name>
  </trkpt>
  <trkpt lat="46.56119" lon="11.95433">
    <name>TP9658</name>
  </trkpt>
  <trkpt lat="46.56141" lon="11.95403">
    <name>TP9659</name>
  </trkpt>
  <trkpt lat="46.56149" lon="11.95392">
    <name>TP9660</name>
  </trkpt>
  <trkpt lat="46.56152" lon="11.95387">
    <name>TP9661</name>
  </trkpt>
  <trkpt lat="46.56162" lon="11.95372">
    <name>TP9662</name>
  </trkpt>
  <trkpt lat="46.56171" lon="11.95359">
    <name>TP9663</name>
  </trkpt>
  <trkpt lat="46.56177" lon="11.95345">
    <name>TP9664</name>
  </trkpt>
  <trkpt lat="46.56178" lon="11.95344">
    <name>TP9665</name>
  </trkpt>
  <trkpt lat="46.56183" lon="11.95331">
    <name>TP9666</name>
  </trkpt>
  <trkpt lat="46.56186" lon="11.95323">
    <name>TP9667</name>
  </trkpt>
  <trkpt lat="46.56188" lon="11.95318">
    <name>TP9668</name>
  </trkpt>
  <trkpt lat="46.56189" lon="11.95315">
    <name>TP9669</name>
  </trkpt>
  <trkpt lat="46.56196" lon="11.95286">
    <name>TP9670</name>
  </trkpt>
  <trkpt lat="46.56199" lon="11.95279">
    <name>TP9671</name>
  </trkpt>
  <trkpt lat="46.56203" lon="11.95266">
    <name>TP9672</name>
  </trkpt>
  <trkpt lat="46.56205" lon="11.9526">
    <name>TP9673</name>
  </trkpt>
  <trkpt lat="46.5621" lon="11.95236">
    <name>TP9674</name>
  </trkpt>
  <trkpt lat="46.56215" lon="11.9522">
    <name>TP9675</name>
  </trkpt>
  <trkpt lat="46.56221" lon="11.95196">
    <name>TP9676</name>
  </trkpt>
  <trkpt lat="46.56221" lon="11.95193">
    <name>TP9677</name>
  </trkpt>
  <trkpt lat="46.56227" lon="11.95171">
    <name>TP9678</name>
  </trkpt>
  <trkpt lat="46.56229" lon="11.9516">
    <name>TP9679</name>
  </trkpt>
  <trkpt lat="46.56234" lon="11.9514">
    <name>TP9680</name>
  </trkpt>
  <trkpt lat="46.56242" lon="11.95109">
    <name>TP9681</name>
  </trkpt>
  <trkpt lat="46.56243" lon="11.95105">
    <name>TP9682</name>
  </trkpt>
  <trkpt lat="46.56244" lon="11.95099">
    <name>TP9683</name>
  </trkpt>
  <trkpt lat="46.5625" lon="11.95081">
    <name>TP9684</name>
  </trkpt>
  <trkpt lat="46.56254" lon="11.95071">
    <name>TP9685</name>
  </trkpt>
  <trkpt lat="46.56256" lon="11.95064">
    <name>TP9686</name>
  </trkpt>
  <trkpt lat="46.56263" lon="11.95046">
    <name>TP9687</name>
  </trkpt>
  <trkpt lat="46.56278" lon="11.95014">
    <name>TP9688</name>
  </trkpt>
  <trkpt lat="46.56281" lon="11.95006">
    <name>TP9689</name>
  </trkpt>
  <trkpt lat="46.56291" lon="11.94983">
    <name>TP9690</name>
  </trkpt>
  <trkpt lat="46.56301" lon="11.94957">
    <name>TP9691</name>
  </trkpt>
  <trkpt lat="46.56319" lon="11.94914">
    <name>TP9692</name>
  </trkpt>
  <trkpt lat="46.56325" lon="11.94902">
    <name>TP9693</name>
  </trkpt>
  <trkpt lat="46.56329" lon="11.94893">
    <name>TP9694</name>
  </trkpt>
  <trkpt lat="46.56335" lon="11.9488">
    <name>TP9695</name>
  </trkpt>
  <trkpt lat="46.56349" lon="11.94849">
    <name>TP9696</name>
  </trkpt>
  <trkpt lat="46.56351" lon="11.94847">
    <name>TP9697</name>
  </trkpt>
  <trkpt lat="46.56357" lon="11.94832">
    <name>TP9698</name>
  </trkpt>
  <trkpt lat="46.56361" lon="11.94826">
    <name>TP9699</name>
  </trkpt>
  <trkpt lat="46.56363" lon="11.94819">
    <name>TP9700</name>
  </trkpt>
  <trkpt lat="46.56367" lon="11.9481">
    <name>TP9701</name>
  </trkpt>
  <trkpt lat="46.56377" lon="11.94788">
    <name>TP9702</name>
  </trkpt>
  <trkpt lat="46.56387" lon="11.94767">
    <name>TP9703</name>
  </trkpt>
  <trkpt lat="46.56391" lon="11.94755">
    <name>TP9704</name>
  </trkpt>
  <trkpt lat="46.56392" lon="11.94754">
    <name>TP9705</name>
  </trkpt>
  <trkpt lat="46.564" lon="11.94737">
    <name>TP9706</name>
  </trkpt>
  <trkpt lat="46.56402" lon="11.94732">
    <name>TP9707</name>
  </trkpt>
  <trkpt lat="46.56409" lon="11.94715">
    <name>TP9708</name>
  </trkpt>
  <trkpt lat="46.56411" lon="11.94709">
    <name>TP9709</name>
  </trkpt>
  <trkpt lat="46.5642" lon="11.94684">
    <name>TP9710</name>
  </trkpt>
  <trkpt lat="46.56422" lon="11.94675">
    <name>TP9711</name>
  </trkpt>
  <trkpt lat="46.56423" lon="11.94672">
    <name>TP9712</name>
  </trkpt>
  <trkpt lat="46.56424" lon="11.94667">
    <name>TP9713</name>
  </trkpt>
  <trkpt lat="46.56424" lon="11.94661">
    <name>TP9714</name>
  </trkpt>
  <trkpt lat="46.56425" lon="11.94659">
    <name>TP9715</name>
  </trkpt>
  <trkpt lat="46.56424" lon="11.9465">
    <name>TP9716</name>
  </trkpt>
  <trkpt lat="46.56424" lon="11.94638">
    <name>TP9717</name>
  </trkpt>
  <trkpt lat="46.5642" lon="11.94578">
    <name>TP9718</name>
  </trkpt>
  <trkpt lat="46.56419" lon="11.94574">
    <name>TP9719</name>
  </trkpt>
  <trkpt lat="46.56419" lon="11.94566">
    <name>TP9720</name>
  </trkpt>
  <trkpt lat="46.56419" lon="11.94563">
    <name>TP9721</name>
  </trkpt>
  <trkpt lat="46.5642" lon="11.94558">
    <name>TP9722</name>
  </trkpt>
  <trkpt lat="46.56422" lon="11.94546">
    <name>TP9723</name>
  </trkpt>
  <trkpt lat="46.56423" lon="11.94541">
    <name>TP9724</name>
  </trkpt>
  <trkpt lat="46.56424" lon="11.94536">
    <name>TP9725</name>
  </trkpt>
  <trkpt lat="46.56426" lon="11.9453">
    <name>TP9726</name>
  </trkpt>
  <trkpt lat="46.56428" lon="11.94525">
    <name>TP9727</name>
  </trkpt>
  <trkpt lat="46.56431" lon="11.94521">
    <name>TP9728</name>
  </trkpt>
  <trkpt lat="46.56437" lon="11.94511">
    <name>TP9729</name>
  </trkpt>
  <trkpt lat="46.56447" lon="11.94496">
    <name>TP9730</name>
  </trkpt>
  <trkpt lat="46.56449" lon="11.94494">
    <name>TP9731</name>
  </trkpt>
  <trkpt lat="46.56459" lon="11.94483">
    <name>TP9732</name>
  </trkpt>
  <trkpt lat="46.56464" lon="11.94479">
    <name>TP9733</name>
  </trkpt>
  <trkpt lat="46.56465" lon="11.94479">
    <name>TP9734</name>
  </trkpt>
  <trkpt lat="46.56477" lon="11.94471">
    <name>TP9735</name>
  </trkpt>
  <trkpt lat="46.56481" lon="11.9447">
    <name>TP9736</name>
  </trkpt>
  <trkpt lat="46.56515" lon="11.94453">
    <name>TP9737</name>
  </trkpt>
  <trkpt lat="46.56529" lon="11.94447">
    <name>TP9738</name>
  </trkpt>
  <trkpt lat="46.56532" lon="11.94446">
    <name>TP9739</name>
  </trkpt>
  <trkpt lat="46.56533" lon="11.94445">
    <name>TP9740</name>
  </trkpt>
  <trkpt lat="46.56535" lon="11.94443">
    <name>TP9741</name>
  </trkpt>
  <trkpt lat="46.56538" lon="11.94438">
    <name>TP9742</name>
  </trkpt>
  <trkpt lat="46.56543" lon="11.94428">
    <name>TP9743</name>
  </trkpt>
  <trkpt lat="46.56546" lon="11.94419">
    <name>TP9744</name>
  </trkpt>
  <trkpt lat="46.56549" lon="11.94411">
    <name>TP9745</name>
  </trkpt>
  <trkpt lat="46.56549" lon="11.9441">
    <name>TP9746</name>
  </trkpt>
  <trkpt lat="46.5655" lon="11.94408">
    <name>TP9747</name>
  </trkpt>
  <trkpt lat="46.56551" lon="11.94405">
    <name>TP9748</name>
  </trkpt>
  <trkpt lat="46.56552" lon="11.94397">
    <name>TP9749</name>
  </trkpt>
  <trkpt lat="46.56554" lon="11.94381">
    <name>TP9750</name>
  </trkpt>
  <trkpt lat="46.56555" lon="11.94369">
    <name>TP9751</name>
  </trkpt>
  <trkpt lat="46.56556" lon="11.94354">
    <name>TP9752</name>
  </trkpt>
  <trkpt lat="46.56556" lon="11.94335">
    <name>TP9753</name>
  </trkpt>
  <trkpt lat="46.56559" lon="11.94317">
    <name>TP9754</name>
  </trkpt>
  <trkpt lat="46.56561" lon="11.94313">
    <name>TP9755</name>
  </trkpt>
  <trkpt lat="46.56565" lon="11.94304">
    <name>TP9756</name>
  </trkpt>
  <trkpt lat="46.5657" lon="11.94293">
    <name>TP9757</name>
  </trkpt>
  <trkpt lat="46.56581" lon="11.94273">
    <name>TP9758</name>
  </trkpt>
  <trkpt lat="46.5659" lon="11.94259">
    <name>TP9759</name>
  </trkpt>
  <trkpt lat="46.56607" lon="11.9423">
    <name>TP9760</name>
  </trkpt>
  <trkpt lat="46.56609" lon="11.94225">
    <name>TP9761</name>
  </trkpt>
  <trkpt lat="46.56614" lon="11.94215">
    <name>TP9762</name>
  </trkpt>
  <trkpt lat="46.56616" lon="11.94209">
    <name>TP9763</name>
  </trkpt>
  <trkpt lat="46.56621" lon="11.94194">
    <name>TP9764</name>
  </trkpt>
  <trkpt lat="46.56625" lon="11.94178">
    <name>TP9765</name>
  </trkpt>
  <trkpt lat="46.56626" lon="11.94166">
    <name>TP9766</name>
  </trkpt>
  <trkpt lat="46.56629" lon="11.94153">
    <name>TP9767</name>
  </trkpt>
  <trkpt lat="46.56634" lon="11.94118">
    <name>TP9768</name>
  </trkpt>
  <trkpt lat="46.56638" lon="11.94106">
    <name>TP9769</name>
  </trkpt>
  <trkpt lat="46.5664" lon="11.94101">
    <name>TP9770</name>
  </trkpt>
  <trkpt lat="46.56644" lon="11.94093">
    <name>TP9771</name>
  </trkpt>
  <trkpt lat="46.5665" lon="11.94084">
    <name>TP9772</name>
  </trkpt>
  <trkpt lat="46.56655" lon="11.94078">
    <name>TP9773</name>
  </trkpt>
  <trkpt lat="46.5666" lon="11.94073">
    <name>TP9774</name>
  </trkpt>
  <trkpt lat="46.56668" lon="11.94069">
    <name>TP9775</name>
  </trkpt>
  <trkpt lat="46.56674" lon="11.94067">
    <name>TP9776</name>
  </trkpt>
  <trkpt lat="46.56678" lon="11.94066">
    <name>TP9777</name>
  </trkpt>
  <trkpt lat="46.5668" lon="11.94066">
    <name>TP9778</name>
  </trkpt>
  <trkpt lat="46.56683" lon="11.94067">
    <name>TP9779</name>
  </trkpt>
  <trkpt lat="46.56685" lon="11.94067">
    <name>TP9780</name>
  </trkpt>
  <trkpt lat="46.5669" lon="11.94069">
    <name>TP9781</name>
  </trkpt>
  <trkpt lat="46.56695" lon="11.94071">
    <name>TP9782</name>
  </trkpt>
  <trkpt lat="46.56701" lon="11.94072">
    <name>TP9783</name>
  </trkpt>
  <trkpt lat="46.56709" lon="11.94074">
    <name>TP9784</name>
  </trkpt>
  <trkpt lat="46.56713" lon="11.94074">
    <name>TP9785</name>
  </trkpt>
  <trkpt lat="46.5672" lon="11.94073">
    <name>TP9786</name>
  </trkpt>
  <trkpt lat="46.56739" lon="11.94067">
    <name>TP9787</name>
  </trkpt>
  <trkpt lat="46.56745" lon="11.94063">
    <name>TP9788</name>
  </trkpt>
  <trkpt lat="46.56751" lon="11.94057">
    <name>TP9789</name>
  </trkpt>
  <trkpt lat="46.56757" lon="11.94051">
    <name>TP9790</name>
  </trkpt>
  <trkpt lat="46.56759" lon="11.94048">
    <name>TP9791</name>
  </trkpt>
  <trkpt lat="46.56764" lon="11.94041">
    <name>TP9792</name>
  </trkpt>
  <trkpt lat="46.5677" lon="11.94031">
    <name>TP9793</name>
  </trkpt>
  <trkpt lat="46.56785" lon="11.93998">
    <name>TP9794</name>
  </trkpt>
  <trkpt lat="46.56789" lon="11.93964">
    <name>TP9795</name>
  </trkpt>
  <trkpt lat="46.56798" lon="11.93923">
    <name>TP9796</name>
  </trkpt>
  <trkpt lat="46.56798" lon="11.93922">
    <name>TP9797</name>
  </trkpt>
  <trkpt lat="46.56801" lon="11.93912">
    <name>TP9798</name>
  </trkpt>
  <trkpt lat="46.56808" lon="11.93889">
    <name>TP9799</name>
  </trkpt>
  <trkpt lat="46.56818" lon="11.93862">
    <name>TP9800</name>
  </trkpt>
  <trkpt lat="46.56819" lon="11.93858">
    <name>TP9801</name>
  </trkpt>
  <trkpt lat="46.56822" lon="11.93848">
    <name>TP9802</name>
  </trkpt>
  <trkpt lat="46.56824" lon="11.93841">
    <name>TP9803</name>
  </trkpt>
  <trkpt lat="46.56828" lon="11.93799">
    <name>TP9804</name>
  </trkpt>
  <trkpt lat="46.56828" lon="11.93797">
    <name>TP9805</name>
  </trkpt>
  <trkpt lat="46.56833" lon="11.93753">
    <name>TP9806</name>
  </trkpt>
  <trkpt lat="46.56836" lon="11.93721">
    <name>TP9807</name>
  </trkpt>
  <trkpt lat="46.56839" lon="11.93701">
    <name>TP9808</name>
  </trkpt>
  <trkpt lat="46.56839" lon="11.937">
    <name>TP9809</name>
  </trkpt>
  <trkpt lat="46.56842" lon="11.93685">
    <name>TP9810</name>
  </trkpt>
  <trkpt lat="46.56844" lon="11.93676">
    <name>TP9811</name>
  </trkpt>
  <trkpt lat="46.56845" lon="11.93674">
    <name>TP9812</name>
  </trkpt>
  <trkpt lat="46.56852" lon="11.93655">
    <name>TP9813</name>
  </trkpt>
  <trkpt lat="46.56857" lon="11.93644">
    <name>TP9814</name>
  </trkpt>
  <trkpt lat="46.56864" lon="11.93632">
    <name>TP9815</name>
  </trkpt>
  <trkpt lat="46.56867" lon="11.93626">
    <name>TP9816</name>
  </trkpt>
  <trkpt lat="46.56875" lon="11.93613">
    <name>TP9817</name>
  </trkpt>
  <trkpt lat="46.56885" lon="11.93599">
    <name>TP9818</name>
  </trkpt>
  <trkpt lat="46.56889" lon="11.93595">
    <name>TP9819</name>
  </trkpt>
  <trkpt lat="46.56892" lon="11.93591">
    <name>TP9820</name>
  </trkpt>
  <trkpt lat="46.56904" lon="11.9358">
    <name>TP9821</name>
  </trkpt>
  <trkpt lat="46.5693" lon="11.93555">
    <name>TP9822</name>
  </trkpt>
  <trkpt lat="46.5693035" lon="11.9355526">
    <name>TP9823</name>
  </trkpt>
  <trkpt lat="46.5693" lon="11.93556">
    <name>TP9824</name>
  </trkpt>
  <trkpt lat="46.56931" lon="11.93556">
    <name>TP9825</name>
  </trkpt>
  <trkpt lat="46.56931" lon="11.93557">
    <name>TP9826</name>
  </trkpt>
  <trkpt lat="46.56932" lon="11.93558">
    <name>TP9827</name>
  </trkpt>
  <trkpt lat="46.56933" lon="11.93559">
    <name>TP9828</name>
  </trkpt>
  <trkpt lat="46.56933" lon="11.9356">
    <name>TP9829</name>
  </trkpt>
  <trkpt lat="46.56934" lon="11.9356">
    <name>TP9830</name>
  </trkpt>
  <trkpt lat="46.56934" lon="11.93561">
    <name>TP9831</name>
  </trkpt>
  <trkpt lat="46.56935" lon="11.93561">
    <name>TP9832</name>
  </trkpt>
  <trkpt lat="46.56935" lon="11.93562">
    <name>TP9833</name>
  </trkpt>
  <trkpt lat="46.56936" lon="11.93562">
    <name>TP9834</name>
  </trkpt>
  <trkpt lat="46.56937" lon="11.93563">
    <name>TP9835</name>
  </trkpt>
  <trkpt lat="46.56938" lon="11.93563">
    <name>TP9836</name>
  </trkpt>
  <trkpt lat="46.56939" lon="11.93563">
    <name>TP9837</name>
  </trkpt>
  <trkpt lat="46.5694" lon="11.93564">
    <name>TP9838</name>
  </trkpt>
  <trkpt lat="46.56941" lon="11.93564">
    <name>TP9839</name>
  </trkpt>
  <trkpt lat="46.56942" lon="11.93564">
    <name>TP9840</name>
  </trkpt>
  <trkpt lat="46.56943" lon="11.93564">
    <name>TP9841</name>
  </trkpt>
  <trkpt lat="46.56945" lon="11.93563">
    <name>TP9842</name>
  </trkpt>
  <trkpt lat="46.56946" lon="11.93563">
    <name>TP9843</name>
  </trkpt>
  <trkpt lat="46.56947" lon="11.93563">
    <name>TP9844</name>
  </trkpt>
  <trkpt lat="46.56948" lon="11.93562">
    <name>TP9845</name>
  </trkpt>
  <trkpt lat="46.56949" lon="11.93562">
    <name>TP9846</name>
  </trkpt>
  <trkpt lat="46.56949" lon="11.93561">
    <name>TP9847</name>
  </trkpt>
  <trkpt lat="46.5695" lon="11.9356">
    <name>TP9848</name>
  </trkpt>
  <trkpt lat="46.56951" lon="11.9356">
    <name>TP9849</name>
  </trkpt>
  <trkpt lat="46.56951" lon="11.93559">
    <name>TP9850</name>
  </trkpt>
  <trkpt lat="46.56951" lon="11.93558">
    <name>TP9851</name>
  </trkpt>
  <trkpt lat="46.56952" lon="11.93558">
    <name>TP9852</name>
  </trkpt>
  <trkpt lat="46.56952" lon="11.93557">
    <name>TP9853</name>
  </trkpt>
  <trkpt lat="46.56952" lon="11.93556">
    <name>TP9854</name>
  </trkpt>
  <trkpt lat="46.56953" lon="11.93556">
    <name>TP9855</name>
  </trkpt>
  <trkpt lat="46.56953" lon="11.93555">
    <name>TP9856</name>
  </trkpt>
  <trkpt lat="46.56953" lon="11.93554">
    <name>TP9857</name>
  </trkpt>
  <trkpt lat="46.56953" lon="11.93553">
    <name>TP9858</name>
  </trkpt>
  <trkpt lat="46.56953" lon="11.93552">
    <name>TP9859</name>
  </trkpt>
  <trkpt lat="46.56954" lon="11.93551">
    <name>TP9860</name>
  </trkpt>
  <trkpt lat="46.56954" lon="11.9355">
    <name>TP9861</name>
  </trkpt>
  <trkpt lat="46.56954" lon="11.93549">
    <name>TP9862</name>
  </trkpt>
  <trkpt lat="46.56954" lon="11.93548">
    <name>TP9863</name>
  </trkpt>
  <trkpt lat="46.56954" lon="11.93547">
    <name>TP9864</name>
  </trkpt>
  <trkpt lat="46.56954" lon="11.93546">
    <name>TP9865</name>
  </trkpt>
  <trkpt lat="46.56953" lon="11.93546">
    <name>TP9866</name>
  </trkpt>
  <trkpt lat="46.56953" lon="11.93545">
    <name>TP9867</name>
  </trkpt>
  <trkpt lat="46.56953" lon="11.93544">
    <name>TP9868</name>
  </trkpt>
  <trkpt lat="46.56953" lon="11.93543">
    <name>TP9869</name>
  </trkpt>
  <trkpt lat="46.56953" lon="11.93542">
    <name>TP9870</name>
  </trkpt>
  <trkpt lat="46.56952" lon="11.93541">
    <name>TP9871</name>
  </trkpt>
  <trkpt lat="46.56952" lon="11.9354">
    <name>TP9872</name>
  </trkpt>
  <trkpt lat="46.56951" lon="11.9354">
    <name>TP9873</name>
  </trkpt>
  <trkpt lat="46.56951" lon="11.93539">
    <name>TP9874</name>
  </trkpt>
  <trkpt lat="46.5695" lon="11.93539">
    <name>TP9875</name>
  </trkpt>
  <trkpt lat="46.5695" lon="11.93538">
    <name>TP9876</name>
  </trkpt>
  <trkpt lat="46.56949" lon="11.93538">
    <name>TP9877</name>
  </trkpt>
  <trkpt lat="46.56949" lon="11.93537">
    <name>TP9878</name>
  </trkpt>
  <trkpt lat="46.56948" lon="11.93537">
    <name>TP9879</name>
  </trkpt>
  <trkpt lat="46.56947" lon="11.93536">
    <name>TP9880</name>
  </trkpt>
  <trkpt lat="46.56946" lon="11.93536">
    <name>TP9881</name>
  </trkpt>
  <trkpt lat="46.56945" lon="11.93536">
    <name>TP9882</name>
  </trkpt>
  <trkpt lat="46.56945" lon="11.93535">
    <name>TP9883</name>
  </trkpt>
  <trkpt lat="46.56944" lon="11.93535">
    <name>TP9884</name>
  </trkpt>
  <trkpt lat="46.56943" lon="11.93535">
    <name>TP9885</name>
  </trkpt>
  <trkpt lat="46.56942" lon="11.93535">
    <name>TP9886</name>
  </trkpt>
  <trkpt lat="46.56941" lon="11.93535">
    <name>TP9887</name>
  </trkpt>
  <trkpt lat="46.5694" lon="11.93535">
    <name>TP9888</name>
  </trkpt>
  <trkpt lat="46.56939" lon="11.93535">
    <name>TP9889</name>
  </trkpt>
  <trkpt lat="46.56947" lon="11.93517">
    <name>TP9890</name>
  </trkpt>
  <trkpt lat="46.56949" lon="11.93509">
    <name>TP9891</name>
  </trkpt>
  <trkpt lat="46.56954" lon="11.93486">
    <name>TP9892</name>
  </trkpt>
  <trkpt lat="46.56967" lon="11.93422">
    <name>TP9893</name>
  </trkpt>
  <trkpt lat="46.56985" lon="11.93347">
    <name>TP9894</name>
  </trkpt>
  <trkpt lat="46.56998" lon="11.93296">
    <name>TP9895</name>
  </trkpt>
  <trkpt lat="46.57007" lon="11.93238">
    <name>TP9896</name>
  </trkpt>
  <trkpt lat="46.5702" lon="11.9319">
    <name>TP9897</name>
  </trkpt>
  <trkpt lat="46.57028" lon="11.93171">
    <name>TP9898</name>
  </trkpt>
  <trkpt lat="46.57034" lon="11.93159">
    <name>TP9899</name>
  </trkpt>
  <trkpt lat="46.57041" lon="11.93147">
    <name>TP9900</name>
  </trkpt>
  <trkpt lat="46.5706" lon="11.93122">
    <name>TP9901</name>
  </trkpt>
  <trkpt lat="46.57076" lon="11.93108">
    <name>TP9902</name>
  </trkpt>
  <trkpt lat="46.57083" lon="11.93103">
    <name>TP9903</name>
  </trkpt>
  <trkpt lat="46.57089" lon="11.93097">
    <name>TP9904</name>
  </trkpt>
  <trkpt lat="46.57091" lon="11.93094">
    <name>TP9905</name>
  </trkpt>
  <trkpt lat="46.57093" lon="11.93091">
    <name>TP9906</name>
  </trkpt>
  <trkpt lat="46.57096" lon="11.93086">
    <name>TP9907</name>
  </trkpt>
  <trkpt lat="46.57102" lon="11.93074">
    <name>TP9908</name>
  </trkpt>
  <trkpt lat="46.57113" lon="11.93053">
    <name>TP9909</name>
  </trkpt>
  <trkpt lat="46.57117" lon="11.93046">
    <name>TP9910</name>
  </trkpt>
  <trkpt lat="46.57135" lon="11.93012">
    <name>TP9911</name>
  </trkpt>
  <trkpt lat="46.57143" lon="11.92991">
    <name>TP9912</name>
  </trkpt>
  <trkpt lat="46.57151" lon="11.92971">
    <name>TP9913</name>
  </trkpt>
  <trkpt lat="46.57152" lon="11.92969">
    <name>TP9914</name>
  </trkpt>
  <trkpt lat="46.57158" lon="11.92959">
    <name>TP9915</name>
  </trkpt>
  <trkpt lat="46.57162" lon="11.92952">
    <name>TP9916</name>
  </trkpt>
  <trkpt lat="46.5717" lon="11.92938">
    <name>TP9917</name>
  </trkpt>
  <trkpt lat="46.57182" lon="11.92923">
    <name>TP9918</name>
  </trkpt>
  <trkpt lat="46.5719" lon="11.92916">
    <name>TP9919</name>
  </trkpt>
  <trkpt lat="46.57194" lon="11.92912">
    <name>TP9920</name>
  </trkpt>
  <trkpt lat="46.57203" lon="11.92904">
    <name>TP9921</name>
  </trkpt>
  <trkpt lat="46.57219" lon="11.92889">
    <name>TP9922</name>
  </trkpt>
  <trkpt lat="46.57234" lon="11.92879">
    <name>TP9923</name>
  </trkpt>
  <trkpt lat="46.57263" lon="11.92862">
    <name>TP9924</name>
  </trkpt>
  <trkpt lat="46.57296" lon="11.92841">
    <name>TP9925</name>
  </trkpt>
  <trkpt lat="46.5729562" lon="11.9284111">
    <name>TP9926</name>
  </trkpt>
  <trkpt lat="46.57295" lon="11.92841">
    <name>TP9927</name>
  </trkpt>
  <trkpt lat="46.57295" lon="11.92842">
    <name>TP9928</name>
  </trkpt>
  <trkpt lat="46.57295" lon="11.92843">
    <name>TP9929</name>
  </trkpt>
  <trkpt lat="46.57294" lon="11.92843">
    <name>TP9930</name>
  </trkpt>
  <trkpt lat="46.57294" lon="11.92844">
    <name>TP9931</name>
  </trkpt>
  <trkpt lat="46.57294" lon="11.92845">
    <name>TP9932</name>
  </trkpt>
  <trkpt lat="46.57294" lon="11.92846">
    <name>TP9933</name>
  </trkpt>
  <trkpt lat="46.57294" lon="11.92847">
    <name>TP9934</name>
  </trkpt>
  <trkpt lat="46.57294" lon="11.92848">
    <name>TP9935</name>
  </trkpt>
  <trkpt lat="46.57294" lon="11.92849">
    <name>TP9936</name>
  </trkpt>
  <trkpt lat="46.57294" lon="11.9285">
    <name>TP9937</name>
  </trkpt>
  <trkpt lat="46.57294" lon="11.92851">
    <name>TP9938</name>
  </trkpt>
  <trkpt lat="46.57294" lon="11.92852">
    <name>TP9939</name>
  </trkpt>
  <trkpt lat="46.57294" lon="11.92853">
    <name>TP9940</name>
  </trkpt>
  <trkpt lat="46.57294" lon="11.92854">
    <name>TP9941</name>
  </trkpt>
  <trkpt lat="46.57295" lon="11.92854">
    <name>TP9942</name>
  </trkpt>
  <trkpt lat="46.57295" lon="11.92855">
    <name>TP9943</name>
  </trkpt>
  <trkpt lat="46.57295" lon="11.92856">
    <name>TP9944</name>
  </trkpt>
  <trkpt lat="46.57296" lon="11.92856">
    <name>TP9945</name>
  </trkpt>
  <trkpt lat="46.57296" lon="11.92857">
    <name>TP9946</name>
  </trkpt>
  <trkpt lat="46.57297" lon="11.92857">
    <name>TP9947</name>
  </trkpt>
  <trkpt lat="46.57297" lon="11.92858">
    <name>TP9948</name>
  </trkpt>
  <trkpt lat="46.57298" lon="11.92858">
    <name>TP9949</name>
  </trkpt>
  <trkpt lat="46.57298" lon="11.92859">
    <name>TP9950</name>
  </trkpt>
  <trkpt lat="46.57299" lon="11.92859">
    <name>TP9951</name>
  </trkpt>
  <trkpt lat="46.573" lon="11.92859">
    <name>TP9952</name>
  </trkpt>
  <trkpt lat="46.5729" lon="11.92881">
    <name>TP9953</name>
  </trkpt>
  <trkpt lat="46.57287" lon="11.92886">
    <name>TP9954</name>
  </trkpt>
  <trkpt lat="46.57286" lon="11.92888">
    <name>TP9955</name>
  </trkpt>
  <trkpt lat="46.57285" lon="11.92891">
    <name>TP9956</name>
  </trkpt>
  <trkpt lat="46.57282" lon="11.92896">
    <name>TP9957</name>
  </trkpt>
  <trkpt lat="46.57278" lon="11.92901">
    <name>TP9958</name>
  </trkpt>
  <trkpt lat="46.57276" lon="11.92903">
    <name>TP9959</name>
  </trkpt>
  <trkpt lat="46.57271" lon="11.9291">
    <name>TP9960</name>
  </trkpt>
  <trkpt lat="46.57251" lon="11.92935">
    <name>TP9961</name>
  </trkpt>
  <trkpt lat="46.57246" lon="11.92942">
    <name>TP9962</name>
  </trkpt>
  <trkpt lat="46.57241" lon="11.92948">
    <name>TP9963</name>
  </trkpt>
  <trkpt lat="46.57237" lon="11.92952">
    <name>TP9964</name>
  </trkpt>
  <trkpt lat="46.57228" lon="11.92964">
    <name>TP9965</name>
  </trkpt>
  <trkpt lat="46.57197" lon="11.93001">
    <name>TP9966</name>
  </trkpt>
  <trkpt lat="46.57194" lon="11.93006">
    <name>TP9967</name>
  </trkpt>
  <trkpt lat="46.57192" lon="11.93013">
    <name>TP9968</name>
  </trkpt>
  <trkpt lat="46.57165" lon="11.93108">
    <name>TP9969</name>
  </trkpt>
  <trkpt lat="46.57162" lon="11.93116">
    <name>TP9970</name>
  </trkpt>
  <trkpt lat="46.5716" lon="11.93123">
    <name>TP9971</name>
  </trkpt>
  <trkpt lat="46.57154" lon="11.93145">
    <name>TP9972</name>
  </trkpt>
  <trkpt lat="46.5715" lon="11.93155">
    <name>TP9973</name>
  </trkpt>
  <trkpt lat="46.571497" lon="11.9315491">
    <name>TP9974</name>
  </trkpt>
  <trkpt lat="46.5716" lon="11.93177">
    <name>TP9975</name>
  </trkpt>
  <trkpt lat="46.57163" lon="11.93186">
    <name>TP9976</name>
  </trkpt>
  <trkpt lat="46.5716338" lon="11.9318556">
    <name>TP9977</name>
  </trkpt>
  <trkpt lat="46.5716338" lon="11.9318556">
    <name>TP9978</name>
  </trkpt>
  <trkpt lat="46.57164" lon="11.93188">
    <name>TP9979</name>
  </trkpt>
  <trkpt lat="46.57164" lon="11.93192">
    <name>TP9980</name>
  </trkpt>
  <trkpt lat="46.57164" lon="11.93197">
    <name>TP9981</name>
  </trkpt>
  <trkpt lat="46.57163" lon="11.93202">
    <name>TP9982</name>
  </trkpt>
  <trkpt lat="46.57162" lon="11.93206">
    <name>TP9983</name>
  </trkpt>
  <trkpt lat="46.57153" lon="11.93223">
    <name>TP9984</name>
  </trkpt>
  <trkpt lat="46.57143" lon="11.93244">
    <name>TP9985</name>
  </trkpt>
  <trkpt lat="46.57142" lon="11.93244">
    <name>TP9986</name>
  </trkpt>
  <trkpt lat="46.57135" lon="11.93258">
    <name>TP9987</name>
  </trkpt>
  <trkpt lat="46.5713472" lon="11.9325791">
    <name>TP9988</name>
  </trkpt>
  <trkpt lat="46.57125" lon="11.93236">
    <name>TP9989</name>
  </trkpt>
  <trkpt lat="46.57114" lon="11.93215">
    <name>TP9990</name>
  </trkpt>
  <trkpt lat="46.5711" lon="11.93205">
    <name>TP9991</name>
  </trkpt>
  <trkpt lat="46.57109" lon="11.93204">
    <name>TP9992</name>
  </trkpt>
  <trkpt lat="46.57108" lon="11.93201">
    <name>TP9993</name>
  </trkpt>
  <trkpt lat="46.57106" lon="11.93194">
    <name>TP9994</name>
  </trkpt>
  <trkpt lat="46.57103" lon="11.93189">
    <name>TP9995</name>
  </trkpt>
  <trkpt lat="46.57101" lon="11.93185">
    <name>TP9996</name>
  </trkpt>
  <trkpt lat="46.57094" lon="11.93174">
    <name>TP9997</name>
  </trkpt>
  <trkpt lat="46.57091" lon="11.9317">
    <name>TP9998</name>
  </trkpt>
  <trkpt lat="46.57089" lon="11.93169">
    <name>TP9999</name>
  </trkpt>
  <trkpt lat="46.57086" lon="11.93168">
    <name>TP10000</name>
  </trkpt>
  <trkpt lat="46.57083" lon="11.93168">
    <name>TP10001</name>
  </trkpt>
  <trkpt lat="46.5708" lon="11.93168">
    <name>TP10002</name>
  </trkpt>
  <trkpt lat="46.57074" lon="11.93174">
    <name>TP10003</name>
  </trkpt>
  <trkpt lat="46.57063" lon="11.93195">
    <name>TP10004</name>
  </trkpt>
  <trkpt lat="46.57062" lon="11.93198">
    <name>TP10005</name>
  </trkpt>
  <trkpt lat="46.57056" lon="11.9321">
    <name>TP10006</name>
  </trkpt>
  <trkpt lat="46.57053" lon="11.93216">
    <name>TP10007</name>
  </trkpt>
  <trkpt lat="46.57035" lon="11.93244">
    <name>TP10008</name>
  </trkpt>
  <trkpt lat="46.57032" lon="11.9325">
    <name>TP10009</name>
  </trkpt>
  <trkpt lat="46.57029" lon="11.93255">
    <name>TP10010</name>
  </trkpt>
  <trkpt lat="46.57029" lon="11.93256">
    <name>TP10011</name>
  </trkpt>
  <trkpt lat="46.57027" lon="11.9326">
    <name>TP10012</name>
  </trkpt>
  <trkpt lat="46.5702732" lon="11.932601">
    <name>TP10013</name>
  </trkpt>
  <trkpt lat="46.5702732" lon="11.932601">
    <name>TP10014</name>
  </trkpt>
  <trkpt lat="46.5702732" lon="11.932601">
    <name>TP10015</name>
  </trkpt>
  </trkseg>
</trk>
</gpx>