<?xml version="1.0" encoding="UTF-8" standalone="no" ?>
<gpx xmlns="http://www.topografix.com/GPX/1/1" xmlns:gpxx="http://www.garmin.com/xmlschemas/GpxExtensions/v3" xmlns:gpxtpx="http://www.garmin.com/xmlschemas/TrackPointExtension/v1" creator="mapstogpx.com" version="1.1" xmlns:xsi="http://www.w3.org/2001/XMLSchema-instance" xsi:schemaLocation="http://www.topografix.com/GPX/1/1 http://www.topografix.com/GPX/1/1/gpx.xsd http://www.garmin.com/xmlschemas/GpxExtensions/v3 http://www.garmin.com/xmlschemas/GpxExtensionsv3.xsd http://www.garmin.com/xmlschemas/TrackPointExtension/v1 http://www.garmin.com/xmlschemas/TrackPointExtensionv1.xsd">
  <metadata>
    <link href="http://www.mapstogpx.com">
      <text>Sverrir Sigmundarson</text>
    </link>
    <!--desc>Map data ©2024 Google</desc-->
    <!--copyright author="Google Inc">
    	<year>2024</year>
    	<license>https://developers.google.com/maps/terms</license>
    </copyright-->
    <!--url>https://www.google.com/maps/dir/(35.1608191,+-111.6991839)/(35.2785609,+-112.6930607)/@34.9537331,-112.8032154,230451m/data=!3m1!1e3!4m10!4m9!1m3!2m2!1d-111.6991839!2d35.1608191!1m3!2m2!1d-112.6930607!2d35.2785609!3e0?entry=tts&g_ep=EgoyMDI0MTAxNi4wKgBIAVAD&hl=en</url-->
    <time>2024-10-21T11:20:16Z</time>
  </metadata>
  <wpt lat="35.1982836" lon="-111.651302">
    <name>Flagstaff</name>
    <desc>Flagstaff, Arizona</desc>
  </wpt>
  <wpt lat="35.2792992" lon="-112.6957816">
    <name>Ash Fork</name>
    <desc>Ash Fork, Arizona 86320</desc>
  </wpt>
<trk>
  <name>Flagstaff to Ash Fork</name>
  <number>1</number>
  <trkseg>
  <trkpt lat="35.1982522" lon="-111.6513166">
    <name>TP001</name>
  </trkpt>
  <trkpt lat="35.19827" lon="-111.65138">
    <name>TP002</name>
  </trkpt>
  <trkpt lat="35.19853" lon="-111.6522">
    <name>TP003</name>
  </trkpt>
  <trkpt lat="35.19859" lon="-111.6524">
    <name>TP004</name>
  </trkpt>
  <trkpt lat="35.19872" lon="-111.65283">
    <name>TP005</name>
  </trkpt>
  <trkpt lat="35.19873" lon="-111.65291">
    <name>TP006</name>
  </trkpt>
  <trkpt lat="35.19874" lon="-111.653">
    <name>TP007</name>
  </trkpt>
  <trkpt lat="35.19875" lon="-111.65307">
    <name>TP008</name>
  </trkpt>
  <trkpt lat="35.19874" lon="-111.65314">
    <name>TP009</name>
  </trkpt>
  <trkpt lat="35.19873" lon="-111.65326">
    <name>TP010</name>
  </trkpt>
  <trkpt lat="35.19869" lon="-111.65339">
    <name>TP011</name>
  </trkpt>
  <trkpt lat="35.19866" lon="-111.65345">
    <name>TP012</name>
  </trkpt>
  <trkpt lat="35.19864" lon="-111.6535">
    <name>TP013</name>
  </trkpt>
  <trkpt lat="35.1986" lon="-111.65358">
    <name>TP014</name>
  </trkpt>
  <trkpt lat="35.19856" lon="-111.65364">
    <name>TP015</name>
  </trkpt>
  <trkpt lat="35.19852" lon="-111.65369">
    <name>TP016</name>
  </trkpt>
  <trkpt lat="35.19848" lon="-111.65373">
    <name>TP017</name>
  </trkpt>
  <trkpt lat="35.19841" lon="-111.65379">
    <name>TP018</name>
  </trkpt>
  <trkpt lat="35.1982" lon="-111.6539">
    <name>TP019</name>
  </trkpt>
  <trkpt lat="35.19804" lon="-111.65397">
    <name>TP020</name>
  </trkpt>
  <trkpt lat="35.19787" lon="-111.65406">
    <name>TP021</name>
  </trkpt>
  <trkpt lat="35.19756" lon="-111.6542">
    <name>TP022</name>
  </trkpt>
  <trkpt lat="35.19748" lon="-111.65423">
    <name>TP023</name>
  </trkpt>
  <trkpt lat="35.19747" lon="-111.65423">
    <name>TP024</name>
  </trkpt>
  <trkpt lat="35.19746" lon="-111.65422">
    <name>TP025</name>
  </trkpt>
  <trkpt lat="35.19744" lon="-111.6542">
    <name>TP026</name>
  </trkpt>
  <trkpt lat="35.19736" lon="-111.65424">
    <name>TP027</name>
  </trkpt>
  <trkpt lat="35.1972" lon="-111.65431">
    <name>TP028</name>
  </trkpt>
  <trkpt lat="35.1971" lon="-111.65435">
    <name>TP029</name>
  </trkpt>
  <trkpt lat="35.19685" lon="-111.65447">
    <name>TP030</name>
  </trkpt>
  <trkpt lat="35.19665" lon="-111.65456">
    <name>TP031</name>
  </trkpt>
  <trkpt lat="35.19642" lon="-111.65467">
    <name>TP032</name>
  </trkpt>
  <trkpt lat="35.1963" lon="-111.65472">
    <name>TP033</name>
  </trkpt>
  <trkpt lat="35.1962" lon="-111.65477">
    <name>TP034</name>
  </trkpt>
  <trkpt lat="35.19605" lon="-111.65484">
    <name>TP035</name>
  </trkpt>
  <trkpt lat="35.19592" lon="-111.6549">
    <name>TP036</name>
  </trkpt>
  <trkpt lat="35.19587" lon="-111.65492">
    <name>TP037</name>
  </trkpt>
  <trkpt lat="35.19563" lon="-111.65505">
    <name>TP038</name>
  </trkpt>
  <trkpt lat="35.19551" lon="-111.65513">
    <name>TP039</name>
  </trkpt>
  <trkpt lat="35.19531" lon="-111.65529">
    <name>TP040</name>
  </trkpt>
  <trkpt lat="35.19523" lon="-111.65535">
    <name>TP041</name>
  </trkpt>
  <trkpt lat="35.19513" lon="-111.65549">
    <name>TP042</name>
  </trkpt>
  <trkpt lat="35.19479" lon="-111.65591">
    <name>TP043</name>
  </trkpt>
  <trkpt lat="35.19471" lon="-111.65601">
    <name>TP044</name>
  </trkpt>
  <trkpt lat="35.1947" lon="-111.65602">
    <name>TP045</name>
  </trkpt>
  <trkpt lat="35.19436" lon="-111.65646">
    <name>TP046</name>
  </trkpt>
  <trkpt lat="35.19415" lon="-111.65673">
    <name>TP047</name>
  </trkpt>
  <trkpt lat="35.19396" lon="-111.65698">
    <name>TP048</name>
  </trkpt>
  <trkpt lat="35.19378" lon="-111.65721">
    <name>TP049</name>
  </trkpt>
  <trkpt lat="35.19354" lon="-111.65754">
    <name>TP050</name>
  </trkpt>
  <trkpt lat="35.19336" lon="-111.65779">
    <name>TP051</name>
  </trkpt>
  <trkpt lat="35.19326" lon="-111.65793">
    <name>TP052</name>
  </trkpt>
  <trkpt lat="35.19322" lon="-111.65797">
    <name>TP053</name>
  </trkpt>
  <trkpt lat="35.19316" lon="-111.65805">
    <name>TP054</name>
  </trkpt>
  <trkpt lat="35.19307" lon="-111.65816">
    <name>TP055</name>
  </trkpt>
  <trkpt lat="35.1929" lon="-111.65838">
    <name>TP056</name>
  </trkpt>
  <trkpt lat="35.1929021" lon="-111.6583759">
    <name>TP057</name>
  </trkpt>
  <trkpt lat="35.19292" lon="-111.65844">
    <name>TP058</name>
  </trkpt>
  <trkpt lat="35.19295" lon="-111.65852">
    <name>TP059</name>
  </trkpt>
  <trkpt lat="35.19296" lon="-111.65859">
    <name>TP060</name>
  </trkpt>
  <trkpt lat="35.19298" lon="-111.6587">
    <name>TP061</name>
  </trkpt>
  <trkpt lat="35.19298" lon="-111.65875">
    <name>TP062</name>
  </trkpt>
  <trkpt lat="35.19298" lon="-111.65879">
    <name>TP063</name>
  </trkpt>
  <trkpt lat="35.19298" lon="-111.65883">
    <name>TP064</name>
  </trkpt>
  <trkpt lat="35.19297" lon="-111.65887">
    <name>TP065</name>
  </trkpt>
  <trkpt lat="35.19297" lon="-111.65893">
    <name>TP066</name>
  </trkpt>
  <trkpt lat="35.19295" lon="-111.65899">
    <name>TP067</name>
  </trkpt>
  <trkpt lat="35.19295" lon="-111.659">
    <name>TP068</name>
  </trkpt>
  <trkpt lat="35.19294" lon="-111.65906">
    <name>TP069</name>
  </trkpt>
  <trkpt lat="35.19292" lon="-111.6591">
    <name>TP070</name>
  </trkpt>
  <trkpt lat="35.1929" lon="-111.65915">
    <name>TP071</name>
  </trkpt>
  <trkpt lat="35.19288" lon="-111.65926">
    <name>TP072</name>
  </trkpt>
  <trkpt lat="35.19287" lon="-111.65938">
    <name>TP073</name>
  </trkpt>
  <trkpt lat="35.19285" lon="-111.6596">
    <name>TP074</name>
  </trkpt>
  <trkpt lat="35.19283" lon="-111.65983">
    <name>TP075</name>
  </trkpt>
  <trkpt lat="35.19284" lon="-111.66059">
    <name>TP076</name>
  </trkpt>
  <trkpt lat="35.19281" lon="-111.66086">
    <name>TP077</name>
  </trkpt>
  <trkpt lat="35.19279" lon="-111.66095">
    <name>TP078</name>
  </trkpt>
  <trkpt lat="35.19274" lon="-111.6612">
    <name>TP079</name>
  </trkpt>
  <trkpt lat="35.19273" lon="-111.66122">
    <name>TP080</name>
  </trkpt>
  <trkpt lat="35.19268" lon="-111.6614">
    <name>TP081</name>
  </trkpt>
  <trkpt lat="35.19264" lon="-111.66154">
    <name>TP082</name>
  </trkpt>
  <trkpt lat="35.19262" lon="-111.66159">
    <name>TP083</name>
  </trkpt>
  <trkpt lat="35.1926" lon="-111.66166">
    <name>TP084</name>
  </trkpt>
  <trkpt lat="35.19249" lon="-111.66192">
    <name>TP085</name>
  </trkpt>
  <trkpt lat="35.19238" lon="-111.66214">
    <name>TP086</name>
  </trkpt>
  <trkpt lat="35.19229" lon="-111.66227">
    <name>TP087</name>
  </trkpt>
  <trkpt lat="35.19225" lon="-111.66233">
    <name>TP088</name>
  </trkpt>
  <trkpt lat="35.19203" lon="-111.66262">
    <name>TP089</name>
  </trkpt>
  <trkpt lat="35.19188" lon="-111.66282">
    <name>TP090</name>
  </trkpt>
  <trkpt lat="35.19175" lon="-111.66299">
    <name>TP091</name>
  </trkpt>
  <trkpt lat="35.19163" lon="-111.66315">
    <name>TP092</name>
  </trkpt>
  <trkpt lat="35.19137" lon="-111.66348">
    <name>TP093</name>
  </trkpt>
  <trkpt lat="35.19132" lon="-111.66354">
    <name>TP094</name>
  </trkpt>
  <trkpt lat="35.1912" lon="-111.66369">
    <name>TP095</name>
  </trkpt>
  <trkpt lat="35.19114" lon="-111.66378">
    <name>TP096</name>
  </trkpt>
  <trkpt lat="35.19098" lon="-111.66399">
    <name>TP097</name>
  </trkpt>
  <trkpt lat="35.19072" lon="-111.66432">
    <name>TP098</name>
  </trkpt>
  <trkpt lat="35.19051" lon="-111.66458">
    <name>TP099</name>
  </trkpt>
  <trkpt lat="35.19019" lon="-111.66499">
    <name>TP100</name>
  </trkpt>
  <trkpt lat="35.18986" lon="-111.66541">
    <name>TP101</name>
  </trkpt>
  <trkpt lat="35.18983" lon="-111.66546">
    <name>TP102</name>
  </trkpt>
  <trkpt lat="35.18955" lon="-111.66582">
    <name>TP103</name>
  </trkpt>
  <trkpt lat="35.18949" lon="-111.66589">
    <name>TP104</name>
  </trkpt>
  <trkpt lat="35.18927" lon="-111.66617">
    <name>TP105</name>
  </trkpt>
  <trkpt lat="35.18924" lon="-111.66622">
    <name>TP106</name>
  </trkpt>
  <trkpt lat="35.18904" lon="-111.66649">
    <name>TP107</name>
  </trkpt>
  <trkpt lat="35.18874" lon="-111.66696">
    <name>TP108</name>
  </trkpt>
  <trkpt lat="35.18852" lon="-111.66739">
    <name>TP109</name>
  </trkpt>
  <trkpt lat="35.18848" lon="-111.66749">
    <name>TP110</name>
  </trkpt>
  <trkpt lat="35.18839" lon="-111.66772">
    <name>TP111</name>
  </trkpt>
  <trkpt lat="35.18831" lon="-111.66798">
    <name>TP112</name>
  </trkpt>
  <trkpt lat="35.18829" lon="-111.66804">
    <name>TP113</name>
  </trkpt>
  <trkpt lat="35.18826" lon="-111.66813">
    <name>TP114</name>
  </trkpt>
  <trkpt lat="35.18821" lon="-111.6684">
    <name>TP115</name>
  </trkpt>
  <trkpt lat="35.18814" lon="-111.66875">
    <name>TP116</name>
  </trkpt>
  <trkpt lat="35.18812" lon="-111.66886">
    <name>TP117</name>
  </trkpt>
  <trkpt lat="35.18808" lon="-111.66919">
    <name>TP118</name>
  </trkpt>
  <trkpt lat="35.18805" lon="-111.66948">
    <name>TP119</name>
  </trkpt>
  <trkpt lat="35.18805" lon="-111.66957">
    <name>TP120</name>
  </trkpt>
  <trkpt lat="35.18803" lon="-111.67007">
    <name>TP121</name>
  </trkpt>
  <trkpt lat="35.18802" lon="-111.67026">
    <name>TP122</name>
  </trkpt>
  <trkpt lat="35.188" lon="-111.671">
    <name>TP123</name>
  </trkpt>
  <trkpt lat="35.18799" lon="-111.67126">
    <name>TP124</name>
  </trkpt>
  <trkpt lat="35.18799" lon="-111.67141">
    <name>TP125</name>
  </trkpt>
  <trkpt lat="35.18799" lon="-111.67153">
    <name>TP126</name>
  </trkpt>
  <trkpt lat="35.18798" lon="-111.6721">
    <name>TP127</name>
  </trkpt>
  <trkpt lat="35.18797" lon="-111.67241">
    <name>TP128</name>
  </trkpt>
  <trkpt lat="35.18795" lon="-111.67329">
    <name>TP129</name>
  </trkpt>
  <trkpt lat="35.18794" lon="-111.67351">
    <name>TP130</name>
  </trkpt>
  <trkpt lat="35.18794" lon="-111.67373">
    <name>TP131</name>
  </trkpt>
  <trkpt lat="35.18793" lon="-111.67413">
    <name>TP132</name>
  </trkpt>
  <trkpt lat="35.18792" lon="-111.67476">
    <name>TP133</name>
  </trkpt>
  <trkpt lat="35.18793" lon="-111.67478">
    <name>TP134</name>
  </trkpt>
  <trkpt lat="35.18793" lon="-111.67479">
    <name>TP135</name>
  </trkpt>
  <trkpt lat="35.18794" lon="-111.67481">
    <name>TP136</name>
  </trkpt>
  <trkpt lat="35.18795" lon="-111.67488">
    <name>TP137</name>
  </trkpt>
  <trkpt lat="35.1879" lon="-111.67654">
    <name>TP138</name>
  </trkpt>
  <trkpt lat="35.18787" lon="-111.6773">
    <name>TP139</name>
  </trkpt>
  <trkpt lat="35.18786" lon="-111.67735">
    <name>TP140</name>
  </trkpt>
  <trkpt lat="35.18784" lon="-111.67747">
    <name>TP141</name>
  </trkpt>
  <trkpt lat="35.18782" lon="-111.6783">
    <name>TP142</name>
  </trkpt>
  <trkpt lat="35.18781" lon="-111.67913">
    <name>TP143</name>
  </trkpt>
  <trkpt lat="35.18781" lon="-111.67945">
    <name>TP144</name>
  </trkpt>
  <trkpt lat="35.1878" lon="-111.67971">
    <name>TP145</name>
  </trkpt>
  <trkpt lat="35.1878" lon="-111.67986">
    <name>TP146</name>
  </trkpt>
  <trkpt lat="35.1878" lon="-111.68045">
    <name>TP147</name>
  </trkpt>
  <trkpt lat="35.18779" lon="-111.68073">
    <name>TP148</name>
  </trkpt>
  <trkpt lat="35.18779" lon="-111.68083">
    <name>TP149</name>
  </trkpt>
  <trkpt lat="35.18778" lon="-111.68103">
    <name>TP150</name>
  </trkpt>
  <trkpt lat="35.18777" lon="-111.68137">
    <name>TP151</name>
  </trkpt>
  <trkpt lat="35.18776" lon="-111.68187">
    <name>TP152</name>
  </trkpt>
  <trkpt lat="35.18776" lon="-111.68204">
    <name>TP153</name>
  </trkpt>
  <trkpt lat="35.18776" lon="-111.68248">
    <name>TP154</name>
  </trkpt>
  <trkpt lat="35.18778" lon="-111.683">
    <name>TP155</name>
  </trkpt>
  <trkpt lat="35.18779" lon="-111.68317">
    <name>TP156</name>
  </trkpt>
  <trkpt lat="35.18779" lon="-111.6832">
    <name>TP157</name>
  </trkpt>
  <trkpt lat="35.1878" lon="-111.68341">
    <name>TP158</name>
  </trkpt>
  <trkpt lat="35.18784" lon="-111.68395">
    <name>TP159</name>
  </trkpt>
  <trkpt lat="35.18787" lon="-111.68429">
    <name>TP160</name>
  </trkpt>
  <trkpt lat="35.18797" lon="-111.68501">
    <name>TP161</name>
  </trkpt>
  <trkpt lat="35.18803" lon="-111.68542">
    <name>TP162</name>
  </trkpt>
  <trkpt lat="35.18808" lon="-111.68563">
    <name>TP163</name>
  </trkpt>
  <trkpt lat="35.18814" lon="-111.68595">
    <name>TP164</name>
  </trkpt>
  <trkpt lat="35.18818" lon="-111.6861">
    <name>TP165</name>
  </trkpt>
  <trkpt lat="35.18822" lon="-111.68631">
    <name>TP166</name>
  </trkpt>
  <trkpt lat="35.18827" lon="-111.68652">
    <name>TP167</name>
  </trkpt>
  <trkpt lat="35.18834" lon="-111.68682">
    <name>TP168</name>
  </trkpt>
  <trkpt lat="35.18838" lon="-111.687">
    <name>TP169</name>
  </trkpt>
  <trkpt lat="35.18843" lon="-111.6872">
    <name>TP170</name>
  </trkpt>
  <trkpt lat="35.18849" lon="-111.68747">
    <name>TP171</name>
  </trkpt>
  <trkpt lat="35.1886" lon="-111.68789">
    <name>TP172</name>
  </trkpt>
  <trkpt lat="35.18871" lon="-111.68841">
    <name>TP173</name>
  </trkpt>
  <trkpt lat="35.18875" lon="-111.68861">
    <name>TP174</name>
  </trkpt>
  <trkpt lat="35.18875" lon="-111.68862">
    <name>TP175</name>
  </trkpt>
  <trkpt lat="35.18879" lon="-111.68884">
    <name>TP176</name>
  </trkpt>
  <trkpt lat="35.18882" lon="-111.68904">
    <name>TP177</name>
  </trkpt>
  <trkpt lat="35.18883" lon="-111.68915">
    <name>TP178</name>
  </trkpt>
  <trkpt lat="35.18884" lon="-111.68921">
    <name>TP179</name>
  </trkpt>
  <trkpt lat="35.18886" lon="-111.68938">
    <name>TP180</name>
  </trkpt>
  <trkpt lat="35.18887" lon="-111.68952">
    <name>TP181</name>
  </trkpt>
  <trkpt lat="35.18888" lon="-111.68967">
    <name>TP182</name>
  </trkpt>
  <trkpt lat="35.18893" lon="-111.69035">
    <name>TP183</name>
  </trkpt>
  <trkpt lat="35.189" lon="-111.69122">
    <name>TP184</name>
  </trkpt>
  <trkpt lat="35.18904" lon="-111.69169">
    <name>TP185</name>
  </trkpt>
  <trkpt lat="35.18908" lon="-111.69236">
    <name>TP186</name>
  </trkpt>
  <trkpt lat="35.18911" lon="-111.69274">
    <name>TP187</name>
  </trkpt>
  <trkpt lat="35.18911" lon="-111.69276">
    <name>TP188</name>
  </trkpt>
  <trkpt lat="35.18911" lon="-111.69283">
    <name>TP189</name>
  </trkpt>
  <trkpt lat="35.18911" lon="-111.69284">
    <name>TP190</name>
  </trkpt>
  <trkpt lat="35.18912" lon="-111.69291">
    <name>TP191</name>
  </trkpt>
  <trkpt lat="35.18912" lon="-111.69292">
    <name>TP192</name>
  </trkpt>
  <trkpt lat="35.18913" lon="-111.69315">
    <name>TP193</name>
  </trkpt>
  <trkpt lat="35.18913" lon="-111.69316">
    <name>TP194</name>
  </trkpt>
  <trkpt lat="35.18914" lon="-111.69321">
    <name>TP195</name>
  </trkpt>
  <trkpt lat="35.18915" lon="-111.69337">
    <name>TP196</name>
  </trkpt>
  <trkpt lat="35.18916" lon="-111.6936">
    <name>TP197</name>
  </trkpt>
  <trkpt lat="35.18918" lon="-111.69378">
    <name>TP198</name>
  </trkpt>
  <trkpt lat="35.18918" lon="-111.69379">
    <name>TP199</name>
  </trkpt>
  <trkpt lat="35.18918" lon="-111.69386">
    <name>TP200</name>
  </trkpt>
  <trkpt lat="35.18919" lon="-111.694">
    <name>TP201</name>
  </trkpt>
  <trkpt lat="35.1892" lon="-111.69415">
    <name>TP202</name>
  </trkpt>
  <trkpt lat="35.18923" lon="-111.69448">
    <name>TP203</name>
  </trkpt>
  <trkpt lat="35.18926" lon="-111.69471">
    <name>TP204</name>
  </trkpt>
  <trkpt lat="35.1893" lon="-111.69504">
    <name>TP205</name>
  </trkpt>
  <trkpt lat="35.18931" lon="-111.6951">
    <name>TP206</name>
  </trkpt>
  <trkpt lat="35.18935" lon="-111.69536">
    <name>TP207</name>
  </trkpt>
  <trkpt lat="35.18938" lon="-111.69549">
    <name>TP208</name>
  </trkpt>
  <trkpt lat="35.18941" lon="-111.69565">
    <name>TP209</name>
  </trkpt>
  <trkpt lat="35.18944" lon="-111.69582">
    <name>TP210</name>
  </trkpt>
  <trkpt lat="35.18952" lon="-111.69615">
    <name>TP211</name>
  </trkpt>
  <trkpt lat="35.18954" lon="-111.69623">
    <name>TP212</name>
  </trkpt>
  <trkpt lat="35.18958" lon="-111.69639">
    <name>TP213</name>
  </trkpt>
  <trkpt lat="35.18958" lon="-111.6964">
    <name>TP214</name>
  </trkpt>
  <trkpt lat="35.18967" lon="-111.69674">
    <name>TP215</name>
  </trkpt>
  <trkpt lat="35.18967" lon="-111.69675">
    <name>TP216</name>
  </trkpt>
  <trkpt lat="35.18968" lon="-111.69679">
    <name>TP217</name>
  </trkpt>
  <trkpt lat="35.18973" lon="-111.697">
    <name>TP218</name>
  </trkpt>
  <trkpt lat="35.18979" lon="-111.69724">
    <name>TP219</name>
  </trkpt>
  <trkpt lat="35.18988" lon="-111.69757">
    <name>TP220</name>
  </trkpt>
  <trkpt lat="35.1899" lon="-111.69767">
    <name>TP221</name>
  </trkpt>
  <trkpt lat="35.18992" lon="-111.69773">
    <name>TP222</name>
  </trkpt>
  <trkpt lat="35.18999" lon="-111.698">
    <name>TP223</name>
  </trkpt>
  <trkpt lat="35.1902" lon="-111.69886">
    <name>TP224</name>
  </trkpt>
  <trkpt lat="35.19053" lon="-111.70013">
    <name>TP225</name>
  </trkpt>
  <trkpt lat="35.19054" lon="-111.70019">
    <name>TP226</name>
  </trkpt>
  <trkpt lat="35.1906" lon="-111.7004">
    <name>TP227</name>
  </trkpt>
  <trkpt lat="35.1907" lon="-111.70079">
    <name>TP228</name>
  </trkpt>
  <trkpt lat="35.19075" lon="-111.701">
    <name>TP229</name>
  </trkpt>
  <trkpt lat="35.19078" lon="-111.70112">
    <name>TP230</name>
  </trkpt>
  <trkpt lat="35.1908" lon="-111.70118">
    <name>TP231</name>
  </trkpt>
  <trkpt lat="35.19085" lon="-111.7014">
    <name>TP232</name>
  </trkpt>
  <trkpt lat="35.19087" lon="-111.70145">
    <name>TP233</name>
  </trkpt>
  <trkpt lat="35.19097" lon="-111.70187">
    <name>TP234</name>
  </trkpt>
  <trkpt lat="35.19106" lon="-111.70223">
    <name>TP235</name>
  </trkpt>
  <trkpt lat="35.19107" lon="-111.70226">
    <name>TP236</name>
  </trkpt>
  <trkpt lat="35.19108" lon="-111.7023">
    <name>TP237</name>
  </trkpt>
  <trkpt lat="35.19134" lon="-111.70329">
    <name>TP238</name>
  </trkpt>
  <trkpt lat="35.19134" lon="-111.70331">
    <name>TP239</name>
  </trkpt>
  <trkpt lat="35.19141" lon="-111.70356">
    <name>TP240</name>
  </trkpt>
  <trkpt lat="35.1915" lon="-111.70392">
    <name>TP241</name>
  </trkpt>
  <trkpt lat="35.19151" lon="-111.70397">
    <name>TP242</name>
  </trkpt>
  <trkpt lat="35.19157" lon="-111.70419">
    <name>TP243</name>
  </trkpt>
  <trkpt lat="35.19171" lon="-111.70475">
    <name>TP244</name>
  </trkpt>
  <trkpt lat="35.19201" lon="-111.7059">
    <name>TP245</name>
  </trkpt>
  <trkpt lat="35.19205" lon="-111.70604">
    <name>TP246</name>
  </trkpt>
  <trkpt lat="35.19214" lon="-111.70642">
    <name>TP247</name>
  </trkpt>
  <trkpt lat="35.19219" lon="-111.70662">
    <name>TP248</name>
  </trkpt>
  <trkpt lat="35.1922" lon="-111.70667">
    <name>TP249</name>
  </trkpt>
  <trkpt lat="35.19233" lon="-111.70719">
    <name>TP250</name>
  </trkpt>
  <trkpt lat="35.19242" lon="-111.70754">
    <name>TP251</name>
  </trkpt>
  <trkpt lat="35.19252" lon="-111.70793">
    <name>TP252</name>
  </trkpt>
  <trkpt lat="35.19261" lon="-111.70832">
    <name>TP253</name>
  </trkpt>
  <trkpt lat="35.19262" lon="-111.70837">
    <name>TP254</name>
  </trkpt>
  <trkpt lat="35.19274" lon="-111.70897">
    <name>TP255</name>
  </trkpt>
  <trkpt lat="35.1928" lon="-111.70934">
    <name>TP256</name>
  </trkpt>
  <trkpt lat="35.19284" lon="-111.70961">
    <name>TP257</name>
  </trkpt>
  <trkpt lat="35.19291" lon="-111.71008">
    <name>TP258</name>
  </trkpt>
  <trkpt lat="35.19292" lon="-111.71011">
    <name>TP259</name>
  </trkpt>
  <trkpt lat="35.19293" lon="-111.71019">
    <name>TP260</name>
  </trkpt>
  <trkpt lat="35.19296" lon="-111.71046">
    <name>TP261</name>
  </trkpt>
  <trkpt lat="35.19297" lon="-111.71051">
    <name>TP262</name>
  </trkpt>
  <trkpt lat="35.19298" lon="-111.71062">
    <name>TP263</name>
  </trkpt>
  <trkpt lat="35.193" lon="-111.71075">
    <name>TP264</name>
  </trkpt>
  <trkpt lat="35.19303" lon="-111.71104">
    <name>TP265</name>
  </trkpt>
  <trkpt lat="35.19305" lon="-111.7112">
    <name>TP266</name>
  </trkpt>
  <trkpt lat="35.19307" lon="-111.71141">
    <name>TP267</name>
  </trkpt>
  <trkpt lat="35.19308" lon="-111.71155">
    <name>TP268</name>
  </trkpt>
  <trkpt lat="35.1931" lon="-111.71202">
    <name>TP269</name>
  </trkpt>
  <trkpt lat="35.19311" lon="-111.71216">
    <name>TP270</name>
  </trkpt>
  <trkpt lat="35.19312" lon="-111.71224">
    <name>TP271</name>
  </trkpt>
  <trkpt lat="35.19312" lon="-111.71236">
    <name>TP272</name>
  </trkpt>
  <trkpt lat="35.19313" lon="-111.71244">
    <name>TP273</name>
  </trkpt>
  <trkpt lat="35.19313" lon="-111.71245">
    <name>TP274</name>
  </trkpt>
  <trkpt lat="35.19313" lon="-111.71289">
    <name>TP275</name>
  </trkpt>
  <trkpt lat="35.19313" lon="-111.71304">
    <name>TP276</name>
  </trkpt>
  <trkpt lat="35.19313" lon="-111.71311">
    <name>TP277</name>
  </trkpt>
  <trkpt lat="35.19314" lon="-111.71326">
    <name>TP278</name>
  </trkpt>
  <trkpt lat="35.19314" lon="-111.71332">
    <name>TP279</name>
  </trkpt>
  <trkpt lat="35.19314" lon="-111.71333">
    <name>TP280</name>
  </trkpt>
  <trkpt lat="35.19314" lon="-111.71345">
    <name>TP281</name>
  </trkpt>
  <trkpt lat="35.19311" lon="-111.7147">
    <name>TP282</name>
  </trkpt>
  <trkpt lat="35.1931" lon="-111.71524">
    <name>TP283</name>
  </trkpt>
  <trkpt lat="35.1931" lon="-111.71528">
    <name>TP284</name>
  </trkpt>
  <trkpt lat="35.19306" lon="-111.71658">
    <name>TP285</name>
  </trkpt>
  <trkpt lat="35.19305" lon="-111.717">
    <name>TP286</name>
  </trkpt>
  <trkpt lat="35.19304" lon="-111.71722">
    <name>TP287</name>
  </trkpt>
  <trkpt lat="35.19304" lon="-111.71723">
    <name>TP288</name>
  </trkpt>
  <trkpt lat="35.19304" lon="-111.71745">
    <name>TP289</name>
  </trkpt>
  <trkpt lat="35.19302" lon="-111.71788">
    <name>TP290</name>
  </trkpt>
  <trkpt lat="35.19302" lon="-111.7181">
    <name>TP291</name>
  </trkpt>
  <trkpt lat="35.19301" lon="-111.71832">
    <name>TP292</name>
  </trkpt>
  <trkpt lat="35.193" lon="-111.71884">
    <name>TP293</name>
  </trkpt>
  <trkpt lat="35.19299" lon="-111.71944">
    <name>TP294</name>
  </trkpt>
  <trkpt lat="35.19299" lon="-111.71964">
    <name>TP295</name>
  </trkpt>
  <trkpt lat="35.19298" lon="-111.71986">
    <name>TP296</name>
  </trkpt>
  <trkpt lat="35.19298" lon="-111.72008">
    <name>TP297</name>
  </trkpt>
  <trkpt lat="35.19295" lon="-111.72114">
    <name>TP298</name>
  </trkpt>
  <trkpt lat="35.19292" lon="-111.72202">
    <name>TP299</name>
  </trkpt>
  <trkpt lat="35.19291" lon="-111.72246">
    <name>TP300</name>
  </trkpt>
  <trkpt lat="35.1929" lon="-111.72292">
    <name>TP301</name>
  </trkpt>
  <trkpt lat="35.1929" lon="-111.72323">
    <name>TP302</name>
  </trkpt>
  <trkpt lat="35.19289" lon="-111.72345">
    <name>TP303</name>
  </trkpt>
  <trkpt lat="35.19289" lon="-111.72367">
    <name>TP304</name>
  </trkpt>
  <trkpt lat="35.19288" lon="-111.72389">
    <name>TP305</name>
  </trkpt>
  <trkpt lat="35.19288" lon="-111.72394">
    <name>TP306</name>
  </trkpt>
  <trkpt lat="35.19286" lon="-111.72482">
    <name>TP307</name>
  </trkpt>
  <trkpt lat="35.19285" lon="-111.72526">
    <name>TP308</name>
  </trkpt>
  <trkpt lat="35.19285" lon="-111.72565">
    <name>TP309</name>
  </trkpt>
  <trkpt lat="35.19284" lon="-111.7263">
    <name>TP310</name>
  </trkpt>
  <trkpt lat="35.19284" lon="-111.72631">
    <name>TP311</name>
  </trkpt>
  <trkpt lat="35.19284" lon="-111.7267">
    <name>TP312</name>
  </trkpt>
  <trkpt lat="35.19284" lon="-111.72703">
    <name>TP313</name>
  </trkpt>
  <trkpt lat="35.19283" lon="-111.72726">
    <name>TP314</name>
  </trkpt>
  <trkpt lat="35.19283" lon="-111.72728">
    <name>TP315</name>
  </trkpt>
  <trkpt lat="35.19283" lon="-111.7275">
    <name>TP316</name>
  </trkpt>
  <trkpt lat="35.19282" lon="-111.72765">
    <name>TP317</name>
  </trkpt>
  <trkpt lat="35.19282" lon="-111.72781">
    <name>TP318</name>
  </trkpt>
  <trkpt lat="35.19282" lon="-111.72788">
    <name>TP319</name>
  </trkpt>
  <trkpt lat="35.19282" lon="-111.72794">
    <name>TP320</name>
  </trkpt>
  <trkpt lat="35.19281" lon="-111.72808">
    <name>TP321</name>
  </trkpt>
  <trkpt lat="35.19281" lon="-111.72816">
    <name>TP322</name>
  </trkpt>
  <trkpt lat="35.19281" lon="-111.72819">
    <name>TP323</name>
  </trkpt>
  <trkpt lat="35.19281" lon="-111.72825">
    <name>TP324</name>
  </trkpt>
  <trkpt lat="35.19281" lon="-111.72838">
    <name>TP325</name>
  </trkpt>
  <trkpt lat="35.19281" lon="-111.72842">
    <name>TP326</name>
  </trkpt>
  <trkpt lat="35.1928" lon="-111.72851">
    <name>TP327</name>
  </trkpt>
  <trkpt lat="35.1928" lon="-111.72874">
    <name>TP328</name>
  </trkpt>
  <trkpt lat="35.19279" lon="-111.72904">
    <name>TP329</name>
  </trkpt>
  <trkpt lat="35.19279" lon="-111.72912">
    <name>TP330</name>
  </trkpt>
  <trkpt lat="35.19279" lon="-111.72935">
    <name>TP331</name>
  </trkpt>
  <trkpt lat="35.19278" lon="-111.72948">
    <name>TP332</name>
  </trkpt>
  <trkpt lat="35.19278" lon="-111.72974">
    <name>TP333</name>
  </trkpt>
  <trkpt lat="35.19277" lon="-111.72992">
    <name>TP334</name>
  </trkpt>
  <trkpt lat="35.19277" lon="-111.73003">
    <name>TP335</name>
  </trkpt>
  <trkpt lat="35.19277" lon="-111.73014">
    <name>TP336</name>
  </trkpt>
  <trkpt lat="35.19276" lon="-111.7303">
    <name>TP337</name>
  </trkpt>
  <trkpt lat="35.19276" lon="-111.7305">
    <name>TP338</name>
  </trkpt>
  <trkpt lat="35.19276" lon="-111.73065">
    <name>TP339</name>
  </trkpt>
  <trkpt lat="35.19276" lon="-111.73076">
    <name>TP340</name>
  </trkpt>
  <trkpt lat="35.19277" lon="-111.73087">
    <name>TP341</name>
  </trkpt>
  <trkpt lat="35.19279" lon="-111.73107">
    <name>TP342</name>
  </trkpt>
  <trkpt lat="35.1928" lon="-111.73112">
    <name>TP343</name>
  </trkpt>
  <trkpt lat="35.1928" lon="-111.73114">
    <name>TP344</name>
  </trkpt>
  <trkpt lat="35.19281" lon="-111.7312">
    <name>TP345</name>
  </trkpt>
  <trkpt lat="35.19281" lon="-111.73127">
    <name>TP346</name>
  </trkpt>
  <trkpt lat="35.19283" lon="-111.73134">
    <name>TP347</name>
  </trkpt>
  <trkpt lat="35.19284" lon="-111.7314">
    <name>TP348</name>
  </trkpt>
  <trkpt lat="35.19286" lon="-111.73147">
    <name>TP349</name>
  </trkpt>
  <trkpt lat="35.19287" lon="-111.73154">
    <name>TP350</name>
  </trkpt>
  <trkpt lat="35.1929" lon="-111.73166">
    <name>TP351</name>
  </trkpt>
  <trkpt lat="35.19293" lon="-111.73176">
    <name>TP352</name>
  </trkpt>
  <trkpt lat="35.19296" lon="-111.73185">
    <name>TP353</name>
  </trkpt>
  <trkpt lat="35.19299" lon="-111.73194">
    <name>TP354</name>
  </trkpt>
  <trkpt lat="35.19306" lon="-111.73218">
    <name>TP355</name>
  </trkpt>
  <trkpt lat="35.19311" lon="-111.73234">
    <name>TP356</name>
  </trkpt>
  <trkpt lat="35.19315" lon="-111.7325">
    <name>TP357</name>
  </trkpt>
  <trkpt lat="35.19319" lon="-111.73261">
    <name>TP358</name>
  </trkpt>
  <trkpt lat="35.19322" lon="-111.73274">
    <name>TP359</name>
  </trkpt>
  <trkpt lat="35.1933" lon="-111.73299">
    <name>TP360</name>
  </trkpt>
  <trkpt lat="35.19333" lon="-111.73309">
    <name>TP361</name>
  </trkpt>
  <trkpt lat="35.19345" lon="-111.73351">
    <name>TP362</name>
  </trkpt>
  <trkpt lat="35.19347" lon="-111.73356">
    <name>TP363</name>
  </trkpt>
  <trkpt lat="35.19347" lon="-111.73357">
    <name>TP364</name>
  </trkpt>
  <trkpt lat="35.19348" lon="-111.7336">
    <name>TP365</name>
  </trkpt>
  <trkpt lat="35.19347" lon="-111.73377">
    <name>TP366</name>
  </trkpt>
  <trkpt lat="35.1934723" lon="-111.7337737">
    <name>TP367</name>
  </trkpt>
  <trkpt lat="35.19354" lon="-111.73399">
    <name>TP368</name>
  </trkpt>
  <trkpt lat="35.19357" lon="-111.7341">
    <name>TP369</name>
  </trkpt>
  <trkpt lat="35.19363" lon="-111.73428">
    <name>TP370</name>
  </trkpt>
  <trkpt lat="35.19367" lon="-111.73441">
    <name>TP371</name>
  </trkpt>
  <trkpt lat="35.19383" lon="-111.73492">
    <name>TP372</name>
  </trkpt>
  <trkpt lat="35.19388" lon="-111.7351">
    <name>TP373</name>
  </trkpt>
  <trkpt lat="35.19394" lon="-111.73527">
    <name>TP374</name>
  </trkpt>
  <trkpt lat="35.19407" lon="-111.73569">
    <name>TP375</name>
  </trkpt>
  <trkpt lat="35.19411" lon="-111.7358">
    <name>TP376</name>
  </trkpt>
  <trkpt lat="35.19413" lon="-111.73586">
    <name>TP377</name>
  </trkpt>
  <trkpt lat="35.1942" lon="-111.73603">
    <name>TP378</name>
  </trkpt>
  <trkpt lat="35.19425" lon="-111.73617">
    <name>TP379</name>
  </trkpt>
  <trkpt lat="35.19427" lon="-111.73622">
    <name>TP380</name>
  </trkpt>
  <trkpt lat="35.19431" lon="-111.73631">
    <name>TP381</name>
  </trkpt>
  <trkpt lat="35.19435" lon="-111.73641">
    <name>TP382</name>
  </trkpt>
  <trkpt lat="35.19441" lon="-111.73654">
    <name>TP383</name>
  </trkpt>
  <trkpt lat="35.19449" lon="-111.73671">
    <name>TP384</name>
  </trkpt>
  <trkpt lat="35.19458" lon="-111.73691">
    <name>TP385</name>
  </trkpt>
  <trkpt lat="35.19474" lon="-111.73722">
    <name>TP386</name>
  </trkpt>
  <trkpt lat="35.19491" lon="-111.73752">
    <name>TP387</name>
  </trkpt>
  <trkpt lat="35.19507" lon="-111.73777">
    <name>TP388</name>
  </trkpt>
  <trkpt lat="35.19512" lon="-111.73786">
    <name>TP389</name>
  </trkpt>
  <trkpt lat="35.19516" lon="-111.73793">
    <name>TP390</name>
  </trkpt>
  <trkpt lat="35.19536" lon="-111.73822">
    <name>TP391</name>
  </trkpt>
  <trkpt lat="35.19542" lon="-111.73832">
    <name>TP392</name>
  </trkpt>
  <trkpt lat="35.19544" lon="-111.73834">
    <name>TP393</name>
  </trkpt>
  <trkpt lat="35.19567" lon="-111.73868">
    <name>TP394</name>
  </trkpt>
  <trkpt lat="35.19574" lon="-111.73877">
    <name>TP395</name>
  </trkpt>
  <trkpt lat="35.19581" lon="-111.73887">
    <name>TP396</name>
  </trkpt>
  <trkpt lat="35.19586" lon="-111.73894">
    <name>TP397</name>
  </trkpt>
  <trkpt lat="35.19588" lon="-111.73898">
    <name>TP398</name>
  </trkpt>
  <trkpt lat="35.19595" lon="-111.73908">
    <name>TP399</name>
  </trkpt>
  <trkpt lat="35.19604" lon="-111.7392">
    <name>TP400</name>
  </trkpt>
  <trkpt lat="35.19611" lon="-111.7393">
    <name>TP401</name>
  </trkpt>
  <trkpt lat="35.19617" lon="-111.7394">
    <name>TP402</name>
  </trkpt>
  <trkpt lat="35.19623" lon="-111.73949">
    <name>TP403</name>
  </trkpt>
  <trkpt lat="35.1963" lon="-111.7396">
    <name>TP404</name>
  </trkpt>
  <trkpt lat="35.19637" lon="-111.7397">
    <name>TP405</name>
  </trkpt>
  <trkpt lat="35.19644" lon="-111.73982">
    <name>TP406</name>
  </trkpt>
  <trkpt lat="35.19651" lon="-111.73991">
    <name>TP407</name>
  </trkpt>
  <trkpt lat="35.19657" lon="-111.74001">
    <name>TP408</name>
  </trkpt>
  <trkpt lat="35.19664" lon="-111.74013">
    <name>TP409</name>
  </trkpt>
  <trkpt lat="35.1967" lon="-111.74024">
    <name>TP410</name>
  </trkpt>
  <trkpt lat="35.19675" lon="-111.74032">
    <name>TP411</name>
  </trkpt>
  <trkpt lat="35.19678" lon="-111.74037">
    <name>TP412</name>
  </trkpt>
  <trkpt lat="35.19684" lon="-111.74047">
    <name>TP413</name>
  </trkpt>
  <trkpt lat="35.19687" lon="-111.74052">
    <name>TP414</name>
  </trkpt>
  <trkpt lat="35.19695" lon="-111.74066">
    <name>TP415</name>
  </trkpt>
  <trkpt lat="35.19705" lon="-111.74084">
    <name>TP416</name>
  </trkpt>
  <trkpt lat="35.19723" lon="-111.74119">
    <name>TP417</name>
  </trkpt>
  <trkpt lat="35.1973" lon="-111.74133">
    <name>TP418</name>
  </trkpt>
  <trkpt lat="35.19736" lon="-111.74144">
    <name>TP419</name>
  </trkpt>
  <trkpt lat="35.19738" lon="-111.74148">
    <name>TP420</name>
  </trkpt>
  <trkpt lat="35.19738" lon="-111.74149">
    <name>TP421</name>
  </trkpt>
  <trkpt lat="35.19746" lon="-111.74166">
    <name>TP422</name>
  </trkpt>
  <trkpt lat="35.19752" lon="-111.74177">
    <name>TP423</name>
  </trkpt>
  <trkpt lat="35.19755" lon="-111.74185">
    <name>TP424</name>
  </trkpt>
  <trkpt lat="35.19762" lon="-111.742">
    <name>TP425</name>
  </trkpt>
  <trkpt lat="35.19767" lon="-111.74212">
    <name>TP426</name>
  </trkpt>
  <trkpt lat="35.19769" lon="-111.74217">
    <name>TP427</name>
  </trkpt>
  <trkpt lat="35.19772" lon="-111.74224">
    <name>TP428</name>
  </trkpt>
  <trkpt lat="35.1978" lon="-111.74243">
    <name>TP429</name>
  </trkpt>
  <trkpt lat="35.19781" lon="-111.74244">
    <name>TP430</name>
  </trkpt>
  <trkpt lat="35.19788" lon="-111.74263">
    <name>TP431</name>
  </trkpt>
  <trkpt lat="35.19791" lon="-111.74271">
    <name>TP432</name>
  </trkpt>
  <trkpt lat="35.19794" lon="-111.74277">
    <name>TP433</name>
  </trkpt>
  <trkpt lat="35.19801" lon="-111.74296">
    <name>TP434</name>
  </trkpt>
  <trkpt lat="35.19803" lon="-111.74301">
    <name>TP435</name>
  </trkpt>
  <trkpt lat="35.19804" lon="-111.74303">
    <name>TP436</name>
  </trkpt>
  <trkpt lat="35.19811" lon="-111.74324">
    <name>TP437</name>
  </trkpt>
  <trkpt lat="35.19813" lon="-111.74331">
    <name>TP438</name>
  </trkpt>
  <trkpt lat="35.19818" lon="-111.74343">
    <name>TP439</name>
  </trkpt>
  <trkpt lat="35.19818" lon="-111.74344">
    <name>TP440</name>
  </trkpt>
  <trkpt lat="35.19827" lon="-111.74371">
    <name>TP441</name>
  </trkpt>
  <trkpt lat="35.19833" lon="-111.74392">
    <name>TP442</name>
  </trkpt>
  <trkpt lat="35.1984" lon="-111.74415">
    <name>TP443</name>
  </trkpt>
  <trkpt lat="35.19841" lon="-111.74419">
    <name>TP444</name>
  </trkpt>
  <trkpt lat="35.19847" lon="-111.74439">
    <name>TP445</name>
  </trkpt>
  <trkpt lat="35.19851" lon="-111.74454">
    <name>TP446</name>
  </trkpt>
  <trkpt lat="35.19857" lon="-111.74476">
    <name>TP447</name>
  </trkpt>
  <trkpt lat="35.19863" lon="-111.74504">
    <name>TP448</name>
  </trkpt>
  <trkpt lat="35.19868" lon="-111.74525">
    <name>TP449</name>
  </trkpt>
  <trkpt lat="35.1987" lon="-111.74531">
    <name>TP450</name>
  </trkpt>
  <trkpt lat="35.19875" lon="-111.74558">
    <name>TP451</name>
  </trkpt>
  <trkpt lat="35.19883" lon="-111.74595">
    <name>TP452</name>
  </trkpt>
  <trkpt lat="35.19888" lon="-111.74625">
    <name>TP453</name>
  </trkpt>
  <trkpt lat="35.19891" lon="-111.74646">
    <name>TP454</name>
  </trkpt>
  <trkpt lat="35.19895" lon="-111.7467">
    <name>TP455</name>
  </trkpt>
  <trkpt lat="35.19898" lon="-111.74698">
    <name>TP456</name>
  </trkpt>
  <trkpt lat="35.199" lon="-111.74712">
    <name>TP457</name>
  </trkpt>
  <trkpt lat="35.19902" lon="-111.74727">
    <name>TP458</name>
  </trkpt>
  <trkpt lat="35.19903" lon="-111.74738">
    <name>TP459</name>
  </trkpt>
  <trkpt lat="35.19904" lon="-111.74752">
    <name>TP460</name>
  </trkpt>
  <trkpt lat="35.19906" lon="-111.74765">
    <name>TP461</name>
  </trkpt>
  <trkpt lat="35.19907" lon="-111.74778">
    <name>TP462</name>
  </trkpt>
  <trkpt lat="35.19907" lon="-111.74782">
    <name>TP463</name>
  </trkpt>
  <trkpt lat="35.19908" lon="-111.74792">
    <name>TP464</name>
  </trkpt>
  <trkpt lat="35.19909" lon="-111.74805">
    <name>TP465</name>
  </trkpt>
  <trkpt lat="35.19911" lon="-111.74819">
    <name>TP466</name>
  </trkpt>
  <trkpt lat="35.19911" lon="-111.74825">
    <name>TP467</name>
  </trkpt>
  <trkpt lat="35.19913" lon="-111.7484">
    <name>TP468</name>
  </trkpt>
  <trkpt lat="35.19918" lon="-111.74892">
    <name>TP469</name>
  </trkpt>
  <trkpt lat="35.1992" lon="-111.74918">
    <name>TP470</name>
  </trkpt>
  <trkpt lat="35.19921" lon="-111.7493">
    <name>TP471</name>
  </trkpt>
  <trkpt lat="35.19922" lon="-111.74937">
    <name>TP472</name>
  </trkpt>
  <trkpt lat="35.19924" lon="-111.74954">
    <name>TP473</name>
  </trkpt>
  <trkpt lat="35.19926" lon="-111.74981">
    <name>TP474</name>
  </trkpt>
  <trkpt lat="35.19927" lon="-111.7499">
    <name>TP475</name>
  </trkpt>
  <trkpt lat="35.1993" lon="-111.75018">
    <name>TP476</name>
  </trkpt>
  <trkpt lat="35.19933" lon="-111.75055">
    <name>TP477</name>
  </trkpt>
  <trkpt lat="35.19935" lon="-111.7507">
    <name>TP478</name>
  </trkpt>
  <trkpt lat="35.19936" lon="-111.75088">
    <name>TP479</name>
  </trkpt>
  <trkpt lat="35.19938" lon="-111.75099">
    <name>TP480</name>
  </trkpt>
  <trkpt lat="35.19938" lon="-111.75101">
    <name>TP481</name>
  </trkpt>
  <trkpt lat="35.1994" lon="-111.75123">
    <name>TP482</name>
  </trkpt>
  <trkpt lat="35.19942" lon="-111.75141">
    <name>TP483</name>
  </trkpt>
  <trkpt lat="35.19943" lon="-111.75143">
    <name>TP484</name>
  </trkpt>
  <trkpt lat="35.19947" lon="-111.75178">
    <name>TP485</name>
  </trkpt>
  <trkpt lat="35.19949" lon="-111.75191">
    <name>TP486</name>
  </trkpt>
  <trkpt lat="35.1995" lon="-111.75198">
    <name>TP487</name>
  </trkpt>
  <trkpt lat="35.19952" lon="-111.75208">
    <name>TP488</name>
  </trkpt>
  <trkpt lat="35.19955" lon="-111.7523">
    <name>TP489</name>
  </trkpt>
  <trkpt lat="35.19961" lon="-111.75268">
    <name>TP490</name>
  </trkpt>
  <trkpt lat="35.19964" lon="-111.75281">
    <name>TP491</name>
  </trkpt>
  <trkpt lat="35.19966" lon="-111.75294">
    <name>TP492</name>
  </trkpt>
  <trkpt lat="35.19967" lon="-111.75296">
    <name>TP493</name>
  </trkpt>
  <trkpt lat="35.19968" lon="-111.75304">
    <name>TP494</name>
  </trkpt>
  <trkpt lat="35.19971" lon="-111.75315">
    <name>TP495</name>
  </trkpt>
  <trkpt lat="35.19972" lon="-111.75321">
    <name>TP496</name>
  </trkpt>
  <trkpt lat="35.19975" lon="-111.75336">
    <name>TP497</name>
  </trkpt>
  <trkpt lat="35.19981" lon="-111.75364">
    <name>TP498</name>
  </trkpt>
  <trkpt lat="35.19985" lon="-111.75381">
    <name>TP499</name>
  </trkpt>
  <trkpt lat="35.19989" lon="-111.75402">
    <name>TP500</name>
  </trkpt>
  <trkpt lat="35.1999" lon="-111.75403">
    <name>TP501</name>
  </trkpt>
  <trkpt lat="35.19994" lon="-111.75419">
    <name>TP502</name>
  </trkpt>
  <trkpt lat="35.19996" lon="-111.75429">
    <name>TP503</name>
  </trkpt>
  <trkpt lat="35.19999" lon="-111.75439">
    <name>TP504</name>
  </trkpt>
  <trkpt lat="35.20003" lon="-111.75457">
    <name>TP505</name>
  </trkpt>
  <trkpt lat="35.2001" lon="-111.75479">
    <name>TP506</name>
  </trkpt>
  <trkpt lat="35.20012" lon="-111.75489">
    <name>TP507</name>
  </trkpt>
  <trkpt lat="35.20014" lon="-111.75495">
    <name>TP508</name>
  </trkpt>
  <trkpt lat="35.20016" lon="-111.75504">
    <name>TP509</name>
  </trkpt>
  <trkpt lat="35.20019" lon="-111.75512">
    <name>TP510</name>
  </trkpt>
  <trkpt lat="35.20025" lon="-111.75532">
    <name>TP511</name>
  </trkpt>
  <trkpt lat="35.20026" lon="-111.75536">
    <name>TP512</name>
  </trkpt>
  <trkpt lat="35.20029" lon="-111.75543">
    <name>TP513</name>
  </trkpt>
  <trkpt lat="35.20031" lon="-111.75552">
    <name>TP514</name>
  </trkpt>
  <trkpt lat="35.20034" lon="-111.7556">
    <name>TP515</name>
  </trkpt>
  <trkpt lat="35.20037" lon="-111.75569">
    <name>TP516</name>
  </trkpt>
  <trkpt lat="35.20038" lon="-111.75573">
    <name>TP517</name>
  </trkpt>
  <trkpt lat="35.20046" lon="-111.75596">
    <name>TP518</name>
  </trkpt>
  <trkpt lat="35.20057" lon="-111.7563">
    <name>TP519</name>
  </trkpt>
  <trkpt lat="35.20062" lon="-111.75646">
    <name>TP520</name>
  </trkpt>
  <trkpt lat="35.20081" lon="-111.75708">
    <name>TP521</name>
  </trkpt>
  <trkpt lat="35.20094" lon="-111.75749">
    <name>TP522</name>
  </trkpt>
  <trkpt lat="35.20113" lon="-111.75808">
    <name>TP523</name>
  </trkpt>
  <trkpt lat="35.20117" lon="-111.75818">
    <name>TP524</name>
  </trkpt>
  <trkpt lat="35.20136" lon="-111.7588">
    <name>TP525</name>
  </trkpt>
  <trkpt lat="35.20143" lon="-111.759">
    <name>TP526</name>
  </trkpt>
  <trkpt lat="35.20156" lon="-111.75941">
    <name>TP527</name>
  </trkpt>
  <trkpt lat="35.20158" lon="-111.75947">
    <name>TP528</name>
  </trkpt>
  <trkpt lat="35.20163" lon="-111.75962">
    <name>TP529</name>
  </trkpt>
  <trkpt lat="35.20169" lon="-111.75982">
    <name>TP530</name>
  </trkpt>
  <trkpt lat="35.20175" lon="-111.75999">
    <name>TP531</name>
  </trkpt>
  <trkpt lat="35.20184" lon="-111.76029">
    <name>TP532</name>
  </trkpt>
  <trkpt lat="35.20199" lon="-111.76074">
    <name>TP533</name>
  </trkpt>
  <trkpt lat="35.20202" lon="-111.76084">
    <name>TP534</name>
  </trkpt>
  <trkpt lat="35.20206" lon="-111.76097">
    <name>TP535</name>
  </trkpt>
  <trkpt lat="35.20224" lon="-111.76152">
    <name>TP536</name>
  </trkpt>
  <trkpt lat="35.2023" lon="-111.76168">
    <name>TP537</name>
  </trkpt>
  <trkpt lat="35.20239" lon="-111.76197">
    <name>TP538</name>
  </trkpt>
  <trkpt lat="35.2027" lon="-111.76294">
    <name>TP539</name>
  </trkpt>
  <trkpt lat="35.20294" lon="-111.76367">
    <name>TP540</name>
  </trkpt>
  <trkpt lat="35.20297" lon="-111.76377">
    <name>TP541</name>
  </trkpt>
  <trkpt lat="35.20312" lon="-111.76426">
    <name>TP542</name>
  </trkpt>
  <trkpt lat="35.20317" lon="-111.76439">
    <name>TP543</name>
  </trkpt>
  <trkpt lat="35.20319" lon="-111.76447">
    <name>TP544</name>
  </trkpt>
  <trkpt lat="35.20323" lon="-111.76459">
    <name>TP545</name>
  </trkpt>
  <trkpt lat="35.20327" lon="-111.76468">
    <name>TP546</name>
  </trkpt>
  <trkpt lat="35.20336" lon="-111.76494">
    <name>TP547</name>
  </trkpt>
  <trkpt lat="35.20343" lon="-111.76513">
    <name>TP548</name>
  </trkpt>
  <trkpt lat="35.2035" lon="-111.76531">
    <name>TP549</name>
  </trkpt>
  <trkpt lat="35.20354" lon="-111.76544">
    <name>TP550</name>
  </trkpt>
  <trkpt lat="35.20358" lon="-111.76553">
    <name>TP551</name>
  </trkpt>
  <trkpt lat="35.20361" lon="-111.76559">
    <name>TP552</name>
  </trkpt>
  <trkpt lat="35.20369" lon="-111.76579">
    <name>TP553</name>
  </trkpt>
  <trkpt lat="35.20375" lon="-111.76591">
    <name>TP554</name>
  </trkpt>
  <trkpt lat="35.2038" lon="-111.76603">
    <name>TP555</name>
  </trkpt>
  <trkpt lat="35.20385" lon="-111.76613">
    <name>TP556</name>
  </trkpt>
  <trkpt lat="35.20391" lon="-111.76626">
    <name>TP557</name>
  </trkpt>
  <trkpt lat="35.20403" lon="-111.76649">
    <name>TP558</name>
  </trkpt>
  <trkpt lat="35.20415" lon="-111.76673">
    <name>TP559</name>
  </trkpt>
  <trkpt lat="35.20425" lon="-111.76691">
    <name>TP560</name>
  </trkpt>
  <trkpt lat="35.20436" lon="-111.76709">
    <name>TP561</name>
  </trkpt>
  <trkpt lat="35.20446" lon="-111.76726">
    <name>TP562</name>
  </trkpt>
  <trkpt lat="35.20447" lon="-111.76727">
    <name>TP563</name>
  </trkpt>
  <trkpt lat="35.20458" lon="-111.76746">
    <name>TP564</name>
  </trkpt>
  <trkpt lat="35.20466" lon="-111.76757">
    <name>TP565</name>
  </trkpt>
  <trkpt lat="35.2048" lon="-111.76778">
    <name>TP566</name>
  </trkpt>
  <trkpt lat="35.20494" lon="-111.76797">
    <name>TP567</name>
  </trkpt>
  <trkpt lat="35.20505" lon="-111.76814">
    <name>TP568</name>
  </trkpt>
  <trkpt lat="35.20516" lon="-111.76827">
    <name>TP569</name>
  </trkpt>
  <trkpt lat="35.20524" lon="-111.76838">
    <name>TP570</name>
  </trkpt>
  <trkpt lat="35.20529" lon="-111.76843">
    <name>TP571</name>
  </trkpt>
  <trkpt lat="35.20542" lon="-111.76859">
    <name>TP572</name>
  </trkpt>
  <trkpt lat="35.20547" lon="-111.76866">
    <name>TP573</name>
  </trkpt>
  <trkpt lat="35.2058" lon="-111.76902">
    <name>TP574</name>
  </trkpt>
  <trkpt lat="35.20588" lon="-111.7691">
    <name>TP575</name>
  </trkpt>
  <trkpt lat="35.20604" lon="-111.76928">
    <name>TP576</name>
  </trkpt>
  <trkpt lat="35.20622" lon="-111.76945">
    <name>TP577</name>
  </trkpt>
  <trkpt lat="35.20631" lon="-111.76954">
    <name>TP578</name>
  </trkpt>
  <trkpt lat="35.20637" lon="-111.76959">
    <name>TP579</name>
  </trkpt>
  <trkpt lat="35.20641" lon="-111.76962">
    <name>TP580</name>
  </trkpt>
  <trkpt lat="35.20652" lon="-111.76972">
    <name>TP581</name>
  </trkpt>
  <trkpt lat="35.20656" lon="-111.76976">
    <name>TP582</name>
  </trkpt>
  <trkpt lat="35.20678" lon="-111.76994">
    <name>TP583</name>
  </trkpt>
  <trkpt lat="35.20693" lon="-111.77006">
    <name>TP584</name>
  </trkpt>
  <trkpt lat="35.20702" lon="-111.77014">
    <name>TP585</name>
  </trkpt>
  <trkpt lat="35.2072" lon="-111.77028">
    <name>TP586</name>
  </trkpt>
  <trkpt lat="35.20741" lon="-111.77042">
    <name>TP587</name>
  </trkpt>
  <trkpt lat="35.20742" lon="-111.77043">
    <name>TP588</name>
  </trkpt>
  <trkpt lat="35.20748" lon="-111.77047">
    <name>TP589</name>
  </trkpt>
  <trkpt lat="35.20758" lon="-111.77054">
    <name>TP590</name>
  </trkpt>
  <trkpt lat="35.20767" lon="-111.7706">
    <name>TP591</name>
  </trkpt>
  <trkpt lat="35.20789" lon="-111.77074">
    <name>TP592</name>
  </trkpt>
  <trkpt lat="35.2081" lon="-111.77086">
    <name>TP593</name>
  </trkpt>
  <trkpt lat="35.20838" lon="-111.77103">
    <name>TP594</name>
  </trkpt>
  <trkpt lat="35.2087" lon="-111.77123">
    <name>TP595</name>
  </trkpt>
  <trkpt lat="35.20871" lon="-111.77123">
    <name>TP596</name>
  </trkpt>
  <trkpt lat="35.20886" lon="-111.77133">
    <name>TP597</name>
  </trkpt>
  <trkpt lat="35.20906" lon="-111.77146">
    <name>TP598</name>
  </trkpt>
  <trkpt lat="35.20917" lon="-111.77152">
    <name>TP599</name>
  </trkpt>
  <trkpt lat="35.20949" lon="-111.77172">
    <name>TP600</name>
  </trkpt>
  <trkpt lat="35.20977" lon="-111.7719">
    <name>TP601</name>
  </trkpt>
  <trkpt lat="35.21005" lon="-111.77209">
    <name>TP602</name>
  </trkpt>
  <trkpt lat="35.21014" lon="-111.77215">
    <name>TP603</name>
  </trkpt>
  <trkpt lat="35.21024" lon="-111.77222">
    <name>TP604</name>
  </trkpt>
  <trkpt lat="35.21032" lon="-111.77228">
    <name>TP605</name>
  </trkpt>
  <trkpt lat="35.21041" lon="-111.77236">
    <name>TP606</name>
  </trkpt>
  <trkpt lat="35.21052" lon="-111.77245">
    <name>TP607</name>
  </trkpt>
  <trkpt lat="35.21069" lon="-111.77259">
    <name>TP608</name>
  </trkpt>
  <trkpt lat="35.21085" lon="-111.77274">
    <name>TP609</name>
  </trkpt>
  <trkpt lat="35.21096" lon="-111.77283">
    <name>TP610</name>
  </trkpt>
  <trkpt lat="35.21106" lon="-111.77294">
    <name>TP611</name>
  </trkpt>
  <trkpt lat="35.21118" lon="-111.77306">
    <name>TP612</name>
  </trkpt>
  <trkpt lat="35.21129" lon="-111.77317">
    <name>TP613</name>
  </trkpt>
  <trkpt lat="35.2114" lon="-111.7733">
    <name>TP614</name>
  </trkpt>
  <trkpt lat="35.21156" lon="-111.77346">
    <name>TP615</name>
  </trkpt>
  <trkpt lat="35.21157" lon="-111.77348">
    <name>TP616</name>
  </trkpt>
  <trkpt lat="35.2117" lon="-111.77363">
    <name>TP617</name>
  </trkpt>
  <trkpt lat="35.21192" lon="-111.77392">
    <name>TP618</name>
  </trkpt>
  <trkpt lat="35.21204" lon="-111.77408">
    <name>TP619</name>
  </trkpt>
  <trkpt lat="35.21212" lon="-111.7742">
    <name>TP620</name>
  </trkpt>
  <trkpt lat="35.21226" lon="-111.77441">
    <name>TP621</name>
  </trkpt>
  <trkpt lat="35.21229" lon="-111.77447">
    <name>TP622</name>
  </trkpt>
  <trkpt lat="35.21238" lon="-111.7746">
    <name>TP623</name>
  </trkpt>
  <trkpt lat="35.21251" lon="-111.77482">
    <name>TP624</name>
  </trkpt>
  <trkpt lat="35.21264" lon="-111.77506">
    <name>TP625</name>
  </trkpt>
  <trkpt lat="35.21278" lon="-111.77533">
    <name>TP626</name>
  </trkpt>
  <trkpt lat="35.2128" lon="-111.77537">
    <name>TP627</name>
  </trkpt>
  <trkpt lat="35.21287" lon="-111.77552">
    <name>TP628</name>
  </trkpt>
  <trkpt lat="35.21289" lon="-111.77556">
    <name>TP629</name>
  </trkpt>
  <trkpt lat="35.21296" lon="-111.77571">
    <name>TP630</name>
  </trkpt>
  <trkpt lat="35.21301" lon="-111.77584">
    <name>TP631</name>
  </trkpt>
  <trkpt lat="35.21306" lon="-111.77595">
    <name>TP632</name>
  </trkpt>
  <trkpt lat="35.21307" lon="-111.77596">
    <name>TP633</name>
  </trkpt>
  <trkpt lat="35.21315" lon="-111.77617">
    <name>TP634</name>
  </trkpt>
  <trkpt lat="35.21322" lon="-111.77634">
    <name>TP635</name>
  </trkpt>
  <trkpt lat="35.21326" lon="-111.77644">
    <name>TP636</name>
  </trkpt>
  <trkpt lat="35.21334" lon="-111.77667">
    <name>TP637</name>
  </trkpt>
  <trkpt lat="35.21337" lon="-111.77675">
    <name>TP638</name>
  </trkpt>
  <trkpt lat="35.21344" lon="-111.77695">
    <name>TP639</name>
  </trkpt>
  <trkpt lat="35.21349" lon="-111.7771">
    <name>TP640</name>
  </trkpt>
  <trkpt lat="35.21351" lon="-111.77715">
    <name>TP641</name>
  </trkpt>
  <trkpt lat="35.21353" lon="-111.77722">
    <name>TP642</name>
  </trkpt>
  <trkpt lat="35.21365" lon="-111.77757">
    <name>TP643</name>
  </trkpt>
  <trkpt lat="35.21377" lon="-111.77794">
    <name>TP644</name>
  </trkpt>
  <trkpt lat="35.21378" lon="-111.77797">
    <name>TP645</name>
  </trkpt>
  <trkpt lat="35.21409" lon="-111.77893">
    <name>TP646</name>
  </trkpt>
  <trkpt lat="35.21418" lon="-111.7792">
    <name>TP647</name>
  </trkpt>
  <trkpt lat="35.21421" lon="-111.77929">
    <name>TP648</name>
  </trkpt>
  <trkpt lat="35.21432" lon="-111.77963">
    <name>TP649</name>
  </trkpt>
  <trkpt lat="35.2145" lon="-111.7802">
    <name>TP650</name>
  </trkpt>
  <trkpt lat="35.21459" lon="-111.78046">
    <name>TP651</name>
  </trkpt>
  <trkpt lat="35.21469" lon="-111.78079">
    <name>TP652</name>
  </trkpt>
  <trkpt lat="35.21485" lon="-111.78124">
    <name>TP653</name>
  </trkpt>
  <trkpt lat="35.21485" lon="-111.78125">
    <name>TP654</name>
  </trkpt>
  <trkpt lat="35.21503" lon="-111.78179">
    <name>TP655</name>
  </trkpt>
  <trkpt lat="35.2151" lon="-111.782">
    <name>TP656</name>
  </trkpt>
  <trkpt lat="35.21517" lon="-111.78222">
    <name>TP657</name>
  </trkpt>
  <trkpt lat="35.2153" lon="-111.7826">
    <name>TP658</name>
  </trkpt>
  <trkpt lat="35.21544" lon="-111.78297">
    <name>TP659</name>
  </trkpt>
  <trkpt lat="35.21558" lon="-111.78334">
    <name>TP660</name>
  </trkpt>
  <trkpt lat="35.21566" lon="-111.78352">
    <name>TP661</name>
  </trkpt>
  <trkpt lat="35.21574" lon="-111.78371">
    <name>TP662</name>
  </trkpt>
  <trkpt lat="35.21586" lon="-111.78401">
    <name>TP663</name>
  </trkpt>
  <trkpt lat="35.21595" lon="-111.7842">
    <name>TP664</name>
  </trkpt>
  <trkpt lat="35.21601" lon="-111.78432">
    <name>TP665</name>
  </trkpt>
  <trkpt lat="35.21605" lon="-111.7844">
    <name>TP666</name>
  </trkpt>
  <trkpt lat="35.21612" lon="-111.78455">
    <name>TP667</name>
  </trkpt>
  <trkpt lat="35.2162" lon="-111.78473">
    <name>TP668</name>
  </trkpt>
  <trkpt lat="35.21627" lon="-111.78486">
    <name>TP669</name>
  </trkpt>
  <trkpt lat="35.21644" lon="-111.7852">
    <name>TP670</name>
  </trkpt>
  <trkpt lat="35.21652" lon="-111.78535">
    <name>TP671</name>
  </trkpt>
  <trkpt lat="35.21657" lon="-111.78544">
    <name>TP672</name>
  </trkpt>
  <trkpt lat="35.21661" lon="-111.78553">
    <name>TP673</name>
  </trkpt>
  <trkpt lat="35.21668" lon="-111.78566">
    <name>TP674</name>
  </trkpt>
  <trkpt lat="35.2168" lon="-111.78586">
    <name>TP675</name>
  </trkpt>
  <trkpt lat="35.21688" lon="-111.786">
    <name>TP676</name>
  </trkpt>
  <trkpt lat="35.21695" lon="-111.78612">
    <name>TP677</name>
  </trkpt>
  <trkpt lat="35.21701" lon="-111.78623">
    <name>TP678</name>
  </trkpt>
  <trkpt lat="35.21707" lon="-111.78633">
    <name>TP679</name>
  </trkpt>
  <trkpt lat="35.21714" lon="-111.78643">
    <name>TP680</name>
  </trkpt>
  <trkpt lat="35.2172" lon="-111.78653">
    <name>TP681</name>
  </trkpt>
  <trkpt lat="35.21728" lon="-111.78666">
    <name>TP682</name>
  </trkpt>
  <trkpt lat="35.21735" lon="-111.78676">
    <name>TP683</name>
  </trkpt>
  <trkpt lat="35.21747" lon="-111.78696">
    <name>TP684</name>
  </trkpt>
  <trkpt lat="35.21762" lon="-111.78718">
    <name>TP685</name>
  </trkpt>
  <trkpt lat="35.21777" lon="-111.78739">
    <name>TP686</name>
  </trkpt>
  <trkpt lat="35.21783" lon="-111.78748">
    <name>TP687</name>
  </trkpt>
  <trkpt lat="35.21791" lon="-111.78759">
    <name>TP688</name>
  </trkpt>
  <trkpt lat="35.21792" lon="-111.78761">
    <name>TP689</name>
  </trkpt>
  <trkpt lat="35.21811" lon="-111.78787">
    <name>TP690</name>
  </trkpt>
  <trkpt lat="35.2182" lon="-111.78799">
    <name>TP691</name>
  </trkpt>
  <trkpt lat="35.2183" lon="-111.78812">
    <name>TP692</name>
  </trkpt>
  <trkpt lat="35.21844" lon="-111.78829">
    <name>TP693</name>
  </trkpt>
  <trkpt lat="35.21851" lon="-111.78838">
    <name>TP694</name>
  </trkpt>
  <trkpt lat="35.21859" lon="-111.78848">
    <name>TP695</name>
  </trkpt>
  <trkpt lat="35.21875" lon="-111.78868">
    <name>TP696</name>
  </trkpt>
  <trkpt lat="35.21888" lon="-111.78885">
    <name>TP697</name>
  </trkpt>
  <trkpt lat="35.21904" lon="-111.78904">
    <name>TP698</name>
  </trkpt>
  <trkpt lat="35.21919" lon="-111.78922">
    <name>TP699</name>
  </trkpt>
  <trkpt lat="35.21936" lon="-111.78943">
    <name>TP700</name>
  </trkpt>
  <trkpt lat="35.21943" lon="-111.78952">
    <name>TP701</name>
  </trkpt>
  <trkpt lat="35.21952" lon="-111.78964">
    <name>TP702</name>
  </trkpt>
  <trkpt lat="35.21974" lon="-111.78991">
    <name>TP703</name>
  </trkpt>
  <trkpt lat="35.21989" lon="-111.7901">
    <name>TP704</name>
  </trkpt>
  <trkpt lat="35.21997" lon="-111.7902">
    <name>TP705</name>
  </trkpt>
  <trkpt lat="35.22034" lon="-111.79068">
    <name>TP706</name>
  </trkpt>
  <trkpt lat="35.22048" lon="-111.79088">
    <name>TP707</name>
  </trkpt>
  <trkpt lat="35.22084" lon="-111.79137">
    <name>TP708</name>
  </trkpt>
  <trkpt lat="35.22098" lon="-111.79155">
    <name>TP709</name>
  </trkpt>
  <trkpt lat="35.22124" lon="-111.79192">
    <name>TP710</name>
  </trkpt>
  <trkpt lat="35.22136" lon="-111.79209">
    <name>TP711</name>
  </trkpt>
  <trkpt lat="35.22148" lon="-111.79227">
    <name>TP712</name>
  </trkpt>
  <trkpt lat="35.22169" lon="-111.79258">
    <name>TP713</name>
  </trkpt>
  <trkpt lat="35.2219" lon="-111.79288">
    <name>TP714</name>
  </trkpt>
  <trkpt lat="35.22245" lon="-111.79375">
    <name>TP715</name>
  </trkpt>
  <trkpt lat="35.22259" lon="-111.79398">
    <name>TP716</name>
  </trkpt>
  <trkpt lat="35.22271" lon="-111.79415">
    <name>TP717</name>
  </trkpt>
  <trkpt lat="35.22271" lon="-111.79416">
    <name>TP718</name>
  </trkpt>
  <trkpt lat="35.22282" lon="-111.79432">
    <name>TP719</name>
  </trkpt>
  <trkpt lat="35.22293" lon="-111.7945">
    <name>TP720</name>
  </trkpt>
  <trkpt lat="35.22301" lon="-111.79463">
    <name>TP721</name>
  </trkpt>
  <trkpt lat="35.22311" lon="-111.79479">
    <name>TP722</name>
  </trkpt>
  <trkpt lat="35.2232" lon="-111.79494">
    <name>TP723</name>
  </trkpt>
  <trkpt lat="35.22326" lon="-111.79504">
    <name>TP724</name>
  </trkpt>
  <trkpt lat="35.22339" lon="-111.79526">
    <name>TP725</name>
  </trkpt>
  <trkpt lat="35.22348" lon="-111.79542">
    <name>TP726</name>
  </trkpt>
  <trkpt lat="35.22357" lon="-111.79558">
    <name>TP727</name>
  </trkpt>
  <trkpt lat="35.22366" lon="-111.79573">
    <name>TP728</name>
  </trkpt>
  <trkpt lat="35.22373" lon="-111.79585">
    <name>TP729</name>
  </trkpt>
  <trkpt lat="35.22386" lon="-111.79608">
    <name>TP730</name>
  </trkpt>
  <trkpt lat="35.22397" lon="-111.79629">
    <name>TP731</name>
  </trkpt>
  <trkpt lat="35.22407" lon="-111.79647">
    <name>TP732</name>
  </trkpt>
  <trkpt lat="35.2241" lon="-111.79651">
    <name>TP733</name>
  </trkpt>
  <trkpt lat="35.22417" lon="-111.79665">
    <name>TP734</name>
  </trkpt>
  <trkpt lat="35.22427" lon="-111.79683">
    <name>TP735</name>
  </trkpt>
  <trkpt lat="35.2244" lon="-111.79707">
    <name>TP736</name>
  </trkpt>
  <trkpt lat="35.22451" lon="-111.79728">
    <name>TP737</name>
  </trkpt>
  <trkpt lat="35.22466" lon="-111.79756">
    <name>TP738</name>
  </trkpt>
  <trkpt lat="35.22477" lon="-111.79778">
    <name>TP739</name>
  </trkpt>
  <trkpt lat="35.22484" lon="-111.79793">
    <name>TP740</name>
  </trkpt>
  <trkpt lat="35.22489" lon="-111.79802">
    <name>TP741</name>
  </trkpt>
  <trkpt lat="35.22499" lon="-111.79821">
    <name>TP742</name>
  </trkpt>
  <trkpt lat="35.22512" lon="-111.79849">
    <name>TP743</name>
  </trkpt>
  <trkpt lat="35.22521" lon="-111.79866">
    <name>TP744</name>
  </trkpt>
  <trkpt lat="35.22537" lon="-111.79899">
    <name>TP745</name>
  </trkpt>
  <trkpt lat="35.22554" lon="-111.79936">
    <name>TP746</name>
  </trkpt>
  <trkpt lat="35.22568" lon="-111.79964">
    <name>TP747</name>
  </trkpt>
  <trkpt lat="35.22581" lon="-111.79992">
    <name>TP748</name>
  </trkpt>
  <trkpt lat="35.22605" lon="-111.80043">
    <name>TP749</name>
  </trkpt>
  <trkpt lat="35.22631" lon="-111.80098">
    <name>TP750</name>
  </trkpt>
  <trkpt lat="35.2264" lon="-111.80118">
    <name>TP751</name>
  </trkpt>
  <trkpt lat="35.22647" lon="-111.80133">
    <name>TP752</name>
  </trkpt>
  <trkpt lat="35.22674" lon="-111.80189">
    <name>TP753</name>
  </trkpt>
  <trkpt lat="35.22685" lon="-111.80213">
    <name>TP754</name>
  </trkpt>
  <trkpt lat="35.22694" lon="-111.8023">
    <name>TP755</name>
  </trkpt>
  <trkpt lat="35.227" lon="-111.80244">
    <name>TP756</name>
  </trkpt>
  <trkpt lat="35.22705" lon="-111.80256">
    <name>TP757</name>
  </trkpt>
  <trkpt lat="35.22715" lon="-111.80275">
    <name>TP758</name>
  </trkpt>
  <trkpt lat="35.22728" lon="-111.80303">
    <name>TP759</name>
  </trkpt>
  <trkpt lat="35.22749" lon="-111.80347">
    <name>TP760</name>
  </trkpt>
  <trkpt lat="35.22775" lon="-111.80402">
    <name>TP761</name>
  </trkpt>
  <trkpt lat="35.22786" lon="-111.80427">
    <name>TP762</name>
  </trkpt>
  <trkpt lat="35.22793" lon="-111.8044">
    <name>TP763</name>
  </trkpt>
  <trkpt lat="35.22802" lon="-111.80461">
    <name>TP764</name>
  </trkpt>
  <trkpt lat="35.22811" lon="-111.80478">
    <name>TP765</name>
  </trkpt>
  <trkpt lat="35.22812" lon="-111.8048">
    <name>TP766</name>
  </trkpt>
  <trkpt lat="35.22825" lon="-111.80508">
    <name>TP767</name>
  </trkpt>
  <trkpt lat="35.22856" lon="-111.80573">
    <name>TP768</name>
  </trkpt>
  <trkpt lat="35.22865" lon="-111.80593">
    <name>TP769</name>
  </trkpt>
  <trkpt lat="35.22882" lon="-111.80629">
    <name>TP770</name>
  </trkpt>
  <trkpt lat="35.22907" lon="-111.80681">
    <name>TP771</name>
  </trkpt>
  <trkpt lat="35.22928" lon="-111.80726">
    <name>TP772</name>
  </trkpt>
  <trkpt lat="35.22955" lon="-111.80783">
    <name>TP773</name>
  </trkpt>
  <trkpt lat="35.22977" lon="-111.8083">
    <name>TP774</name>
  </trkpt>
  <trkpt lat="35.2299" lon="-111.80857">
    <name>TP775</name>
  </trkpt>
  <trkpt lat="35.22996" lon="-111.8087">
    <name>TP776</name>
  </trkpt>
  <trkpt lat="35.23004" lon="-111.80887">
    <name>TP777</name>
  </trkpt>
  <trkpt lat="35.23015" lon="-111.8091">
    <name>TP778</name>
  </trkpt>
  <trkpt lat="35.23023" lon="-111.80927">
    <name>TP779</name>
  </trkpt>
  <trkpt lat="35.23036" lon="-111.80955">
    <name>TP780</name>
  </trkpt>
  <trkpt lat="35.23076" lon="-111.81039">
    <name>TP781</name>
  </trkpt>
  <trkpt lat="35.23091" lon="-111.81071">
    <name>TP782</name>
  </trkpt>
  <trkpt lat="35.23134" lon="-111.81162">
    <name>TP783</name>
  </trkpt>
  <trkpt lat="35.23139" lon="-111.81172">
    <name>TP784</name>
  </trkpt>
  <trkpt lat="35.23143" lon="-111.81181">
    <name>TP785</name>
  </trkpt>
  <trkpt lat="35.23149" lon="-111.81193">
    <name>TP786</name>
  </trkpt>
  <trkpt lat="35.23167" lon="-111.81231">
    <name>TP787</name>
  </trkpt>
  <trkpt lat="35.23174" lon="-111.81246">
    <name>TP788</name>
  </trkpt>
  <trkpt lat="35.23193" lon="-111.81287">
    <name>TP789</name>
  </trkpt>
  <trkpt lat="35.23236" lon="-111.81377">
    <name>TP790</name>
  </trkpt>
  <trkpt lat="35.2334" lon="-111.81596">
    <name>TP791</name>
  </trkpt>
  <trkpt lat="35.23372" lon="-111.81664">
    <name>TP792</name>
  </trkpt>
  <trkpt lat="35.23377" lon="-111.81675">
    <name>TP793</name>
  </trkpt>
  <trkpt lat="35.2338" lon="-111.81681">
    <name>TP794</name>
  </trkpt>
  <trkpt lat="35.23385" lon="-111.81692">
    <name>TP795</name>
  </trkpt>
  <trkpt lat="35.2341" lon="-111.81744">
    <name>TP796</name>
  </trkpt>
  <trkpt lat="35.23417" lon="-111.81759">
    <name>TP797</name>
  </trkpt>
  <trkpt lat="35.23418" lon="-111.81762">
    <name>TP798</name>
  </trkpt>
  <trkpt lat="35.2342" lon="-111.81767">
    <name>TP799</name>
  </trkpt>
  <trkpt lat="35.23422" lon="-111.8177">
    <name>TP800</name>
  </trkpt>
  <trkpt lat="35.23423" lon="-111.81773">
    <name>TP801</name>
  </trkpt>
  <trkpt lat="35.23437" lon="-111.81803">
    <name>TP802</name>
  </trkpt>
  <trkpt lat="35.23449" lon="-111.81828">
    <name>TP803</name>
  </trkpt>
  <trkpt lat="35.23469" lon="-111.8187">
    <name>TP804</name>
  </trkpt>
  <trkpt lat="35.23474" lon="-111.81881">
    <name>TP805</name>
  </trkpt>
  <trkpt lat="35.23479" lon="-111.81892">
    <name>TP806</name>
  </trkpt>
  <trkpt lat="35.23488" lon="-111.8191">
    <name>TP807</name>
  </trkpt>
  <trkpt lat="35.23493" lon="-111.81921">
    <name>TP808</name>
  </trkpt>
  <trkpt lat="35.23498" lon="-111.81931">
    <name>TP809</name>
  </trkpt>
  <trkpt lat="35.23504" lon="-111.81945">
    <name>TP810</name>
  </trkpt>
  <trkpt lat="35.23513" lon="-111.81962">
    <name>TP811</name>
  </trkpt>
  <trkpt lat="35.23537" lon="-111.82015">
    <name>TP812</name>
  </trkpt>
  <trkpt lat="35.23546" lon="-111.82034">
    <name>TP813</name>
  </trkpt>
  <trkpt lat="35.2357" lon="-111.82084">
    <name>TP814</name>
  </trkpt>
  <trkpt lat="35.23575" lon="-111.82095">
    <name>TP815</name>
  </trkpt>
  <trkpt lat="35.23586" lon="-111.82119">
    <name>TP816</name>
  </trkpt>
  <trkpt lat="35.236" lon="-111.82147">
    <name>TP817</name>
  </trkpt>
  <trkpt lat="35.23641" lon="-111.82235">
    <name>TP818</name>
  </trkpt>
  <trkpt lat="35.23654" lon="-111.82262">
    <name>TP819</name>
  </trkpt>
  <trkpt lat="35.23656" lon="-111.82267">
    <name>TP820</name>
  </trkpt>
  <trkpt lat="35.23661" lon="-111.82278">
    <name>TP821</name>
  </trkpt>
  <trkpt lat="35.23679" lon="-111.82315">
    <name>TP822</name>
  </trkpt>
  <trkpt lat="35.23695" lon="-111.8235">
    <name>TP823</name>
  </trkpt>
  <trkpt lat="35.23711" lon="-111.82382">
    <name>TP824</name>
  </trkpt>
  <trkpt lat="35.2375" lon="-111.82465">
    <name>TP825</name>
  </trkpt>
  <trkpt lat="35.23761" lon="-111.82488">
    <name>TP826</name>
  </trkpt>
  <trkpt lat="35.23772" lon="-111.82512">
    <name>TP827</name>
  </trkpt>
  <trkpt lat="35.23801" lon="-111.82574">
    <name>TP828</name>
  </trkpt>
  <trkpt lat="35.23832" lon="-111.82639">
    <name>TP829</name>
  </trkpt>
  <trkpt lat="35.23849" lon="-111.82674">
    <name>TP830</name>
  </trkpt>
  <trkpt lat="35.23863" lon="-111.82705">
    <name>TP831</name>
  </trkpt>
  <trkpt lat="35.2387" lon="-111.82719">
    <name>TP832</name>
  </trkpt>
  <trkpt lat="35.23876" lon="-111.82732">
    <name>TP833</name>
  </trkpt>
  <trkpt lat="35.23893" lon="-111.82769">
    <name>TP834</name>
  </trkpt>
  <trkpt lat="35.23905" lon="-111.82794">
    <name>TP835</name>
  </trkpt>
  <trkpt lat="35.23909" lon="-111.82802">
    <name>TP836</name>
  </trkpt>
  <trkpt lat="35.23911" lon="-111.82806">
    <name>TP837</name>
  </trkpt>
  <trkpt lat="35.2392" lon="-111.82825">
    <name>TP838</name>
  </trkpt>
  <trkpt lat="35.23927" lon="-111.82841">
    <name>TP839</name>
  </trkpt>
  <trkpt lat="35.23931" lon="-111.82848">
    <name>TP840</name>
  </trkpt>
  <trkpt lat="35.23936" lon="-111.82859">
    <name>TP841</name>
  </trkpt>
  <trkpt lat="35.23942" lon="-111.8287">
    <name>TP842</name>
  </trkpt>
  <trkpt lat="35.23943" lon="-111.82874">
    <name>TP843</name>
  </trkpt>
  <trkpt lat="35.2396" lon="-111.82909">
    <name>TP844</name>
  </trkpt>
  <trkpt lat="35.23964" lon="-111.82918">
    <name>TP845</name>
  </trkpt>
  <trkpt lat="35.23971" lon="-111.82934">
    <name>TP846</name>
  </trkpt>
  <trkpt lat="35.23982" lon="-111.82956">
    <name>TP847</name>
  </trkpt>
  <trkpt lat="35.23985" lon="-111.82963">
    <name>TP848</name>
  </trkpt>
  <trkpt lat="35.23995" lon="-111.82983">
    <name>TP849</name>
  </trkpt>
  <trkpt lat="35.23997" lon="-111.82988">
    <name>TP850</name>
  </trkpt>
  <trkpt lat="35.24007" lon="-111.83009">
    <name>TP851</name>
  </trkpt>
  <trkpt lat="35.24016" lon="-111.83028">
    <name>TP852</name>
  </trkpt>
  <trkpt lat="35.2403" lon="-111.83057">
    <name>TP853</name>
  </trkpt>
  <trkpt lat="35.24041" lon="-111.8308">
    <name>TP854</name>
  </trkpt>
  <trkpt lat="35.2406" lon="-111.83121">
    <name>TP855</name>
  </trkpt>
  <trkpt lat="35.24074" lon="-111.83151">
    <name>TP856</name>
  </trkpt>
  <trkpt lat="35.24096" lon="-111.83198">
    <name>TP857</name>
  </trkpt>
  <trkpt lat="35.24122" lon="-111.83253">
    <name>TP858</name>
  </trkpt>
  <trkpt lat="35.24141" lon="-111.83292">
    <name>TP859</name>
  </trkpt>
  <trkpt lat="35.24148" lon="-111.83308">
    <name>TP860</name>
  </trkpt>
  <trkpt lat="35.24161" lon="-111.83336">
    <name>TP861</name>
  </trkpt>
  <trkpt lat="35.24175" lon="-111.83366">
    <name>TP862</name>
  </trkpt>
  <trkpt lat="35.24178" lon="-111.83372">
    <name>TP863</name>
  </trkpt>
  <trkpt lat="35.2418" lon="-111.83375">
    <name>TP864</name>
  </trkpt>
  <trkpt lat="35.24188" lon="-111.83393">
    <name>TP865</name>
  </trkpt>
  <trkpt lat="35.24194" lon="-111.83406">
    <name>TP866</name>
  </trkpt>
  <trkpt lat="35.24204" lon="-111.83427">
    <name>TP867</name>
  </trkpt>
  <trkpt lat="35.24209" lon="-111.83437">
    <name>TP868</name>
  </trkpt>
  <trkpt lat="35.24215" lon="-111.83449">
    <name>TP869</name>
  </trkpt>
  <trkpt lat="35.24221" lon="-111.83463">
    <name>TP870</name>
  </trkpt>
  <trkpt lat="35.24237" lon="-111.83497">
    <name>TP871</name>
  </trkpt>
  <trkpt lat="35.2426" lon="-111.83545">
    <name>TP872</name>
  </trkpt>
  <trkpt lat="35.2427" lon="-111.83566">
    <name>TP873</name>
  </trkpt>
  <trkpt lat="35.24272" lon="-111.8357">
    <name>TP874</name>
  </trkpt>
  <trkpt lat="35.24288" lon="-111.83603">
    <name>TP875</name>
  </trkpt>
  <trkpt lat="35.24336" lon="-111.83706">
    <name>TP876</name>
  </trkpt>
  <trkpt lat="35.24357" lon="-111.83751">
    <name>TP877</name>
  </trkpt>
  <trkpt lat="35.24369" lon="-111.83777">
    <name>TP878</name>
  </trkpt>
  <trkpt lat="35.2439" lon="-111.8382">
    <name>TP879</name>
  </trkpt>
  <trkpt lat="35.24402" lon="-111.83846">
    <name>TP880</name>
  </trkpt>
  <trkpt lat="35.24424" lon="-111.83891">
    <name>TP881</name>
  </trkpt>
  <trkpt lat="35.24445" lon="-111.83937">
    <name>TP882</name>
  </trkpt>
  <trkpt lat="35.2445" lon="-111.83947">
    <name>TP883</name>
  </trkpt>
  <trkpt lat="35.24459" lon="-111.83967">
    <name>TP884</name>
  </trkpt>
  <trkpt lat="35.24473" lon="-111.83997">
    <name>TP885</name>
  </trkpt>
  <trkpt lat="35.24483" lon="-111.8402">
    <name>TP886</name>
  </trkpt>
  <trkpt lat="35.24488" lon="-111.84031">
    <name>TP887</name>
  </trkpt>
  <trkpt lat="35.24492" lon="-111.8404">
    <name>TP888</name>
  </trkpt>
  <trkpt lat="35.24497" lon="-111.84051">
    <name>TP889</name>
  </trkpt>
  <trkpt lat="35.2453" lon="-111.84127">
    <name>TP890</name>
  </trkpt>
  <trkpt lat="35.2454" lon="-111.84151">
    <name>TP891</name>
  </trkpt>
  <trkpt lat="35.24545" lon="-111.84162">
    <name>TP892</name>
  </trkpt>
  <trkpt lat="35.24555" lon="-111.84187">
    <name>TP893</name>
  </trkpt>
  <trkpt lat="35.2456" lon="-111.842">
    <name>TP894</name>
  </trkpt>
  <trkpt lat="35.24564" lon="-111.84208">
    <name>TP895</name>
  </trkpt>
  <trkpt lat="35.24568" lon="-111.8422">
    <name>TP896</name>
  </trkpt>
  <trkpt lat="35.2458" lon="-111.84251">
    <name>TP897</name>
  </trkpt>
  <trkpt lat="35.24588" lon="-111.84269">
    <name>TP898</name>
  </trkpt>
  <trkpt lat="35.24592" lon="-111.8428">
    <name>TP899</name>
  </trkpt>
  <trkpt lat="35.24605" lon="-111.84315">
    <name>TP900</name>
  </trkpt>
  <trkpt lat="35.2461" lon="-111.84328">
    <name>TP901</name>
  </trkpt>
  <trkpt lat="35.24632" lon="-111.84387">
    <name>TP902</name>
  </trkpt>
  <trkpt lat="35.24642" lon="-111.84414">
    <name>TP903</name>
  </trkpt>
  <trkpt lat="35.2465" lon="-111.84438">
    <name>TP904</name>
  </trkpt>
  <trkpt lat="35.2466" lon="-111.84468">
    <name>TP905</name>
  </trkpt>
  <trkpt lat="35.24667" lon="-111.84488">
    <name>TP906</name>
  </trkpt>
  <trkpt lat="35.24684" lon="-111.84539">
    <name>TP907</name>
  </trkpt>
  <trkpt lat="35.24692" lon="-111.84564">
    <name>TP908</name>
  </trkpt>
  <trkpt lat="35.24698" lon="-111.84583">
    <name>TP909</name>
  </trkpt>
  <trkpt lat="35.24709" lon="-111.84616">
    <name>TP910</name>
  </trkpt>
  <trkpt lat="35.24725" lon="-111.84667">
    <name>TP911</name>
  </trkpt>
  <trkpt lat="35.24734" lon="-111.847">
    <name>TP912</name>
  </trkpt>
  <trkpt lat="35.24747" lon="-111.84745">
    <name>TP913</name>
  </trkpt>
  <trkpt lat="35.24765" lon="-111.8481">
    <name>TP914</name>
  </trkpt>
  <trkpt lat="35.24771" lon="-111.84831">
    <name>TP915</name>
  </trkpt>
  <trkpt lat="35.24777" lon="-111.84851">
    <name>TP916</name>
  </trkpt>
  <trkpt lat="35.24777" lon="-111.84852">
    <name>TP917</name>
  </trkpt>
  <trkpt lat="35.24781" lon="-111.84866">
    <name>TP918</name>
  </trkpt>
  <trkpt lat="35.24787" lon="-111.84892">
    <name>TP919</name>
  </trkpt>
  <trkpt lat="35.24789" lon="-111.849">
    <name>TP920</name>
  </trkpt>
  <trkpt lat="35.24796" lon="-111.84928">
    <name>TP921</name>
  </trkpt>
  <trkpt lat="35.24805" lon="-111.84966">
    <name>TP922</name>
  </trkpt>
  <trkpt lat="35.24815" lon="-111.85006">
    <name>TP923</name>
  </trkpt>
  <trkpt lat="35.24823" lon="-111.8504">
    <name>TP924</name>
  </trkpt>
  <trkpt lat="35.24824" lon="-111.85045">
    <name>TP925</name>
  </trkpt>
  <trkpt lat="35.24828" lon="-111.85062">
    <name>TP926</name>
  </trkpt>
  <trkpt lat="35.2483" lon="-111.85073">
    <name>TP927</name>
  </trkpt>
  <trkpt lat="35.24835" lon="-111.85096">
    <name>TP928</name>
  </trkpt>
  <trkpt lat="35.24846" lon="-111.85146">
    <name>TP929</name>
  </trkpt>
  <trkpt lat="35.24852" lon="-111.85175">
    <name>TP930</name>
  </trkpt>
  <trkpt lat="35.24858" lon="-111.85202">
    <name>TP931</name>
  </trkpt>
  <trkpt lat="35.2486" lon="-111.85213">
    <name>TP932</name>
  </trkpt>
  <trkpt lat="35.24867" lon="-111.85252">
    <name>TP933</name>
  </trkpt>
  <trkpt lat="35.24875" lon="-111.85295">
    <name>TP934</name>
  </trkpt>
  <trkpt lat="35.24876" lon="-111.85298">
    <name>TP935</name>
  </trkpt>
  <trkpt lat="35.24878" lon="-111.85312">
    <name>TP936</name>
  </trkpt>
  <trkpt lat="35.2488" lon="-111.8532">
    <name>TP937</name>
  </trkpt>
  <trkpt lat="35.24881" lon="-111.8533">
    <name>TP938</name>
  </trkpt>
  <trkpt lat="35.24887" lon="-111.85366">
    <name>TP939</name>
  </trkpt>
  <trkpt lat="35.24891" lon="-111.85392">
    <name>TP940</name>
  </trkpt>
  <trkpt lat="35.24898" lon="-111.85433">
    <name>TP941</name>
  </trkpt>
  <trkpt lat="35.24899" lon="-111.85443">
    <name>TP942</name>
  </trkpt>
  <trkpt lat="35.24901" lon="-111.85454">
    <name>TP943</name>
  </trkpt>
  <trkpt lat="35.24905" lon="-111.85477">
    <name>TP944</name>
  </trkpt>
  <trkpt lat="35.2491" lon="-111.85512">
    <name>TP945</name>
  </trkpt>
  <trkpt lat="35.24916" lon="-111.85556">
    <name>TP946</name>
  </trkpt>
  <trkpt lat="35.24921" lon="-111.85596">
    <name>TP947</name>
  </trkpt>
  <trkpt lat="35.24923" lon="-111.85614">
    <name>TP948</name>
  </trkpt>
  <trkpt lat="35.24926" lon="-111.85641">
    <name>TP949</name>
  </trkpt>
  <trkpt lat="35.2493" lon="-111.8567">
    <name>TP950</name>
  </trkpt>
  <trkpt lat="35.24931" lon="-111.85677">
    <name>TP951</name>
  </trkpt>
  <trkpt lat="35.24931" lon="-111.85685">
    <name>TP952</name>
  </trkpt>
  <trkpt lat="35.24934" lon="-111.85712">
    <name>TP953</name>
  </trkpt>
  <trkpt lat="35.24936" lon="-111.85727">
    <name>TP954</name>
  </trkpt>
  <trkpt lat="35.24938" lon="-111.85752">
    <name>TP955</name>
  </trkpt>
  <trkpt lat="35.24939" lon="-111.85764">
    <name>TP956</name>
  </trkpt>
  <trkpt lat="35.24941" lon="-111.8578">
    <name>TP957</name>
  </trkpt>
  <trkpt lat="35.24943" lon="-111.85805">
    <name>TP958</name>
  </trkpt>
  <trkpt lat="35.24944" lon="-111.85817">
    <name>TP959</name>
  </trkpt>
  <trkpt lat="35.24945" lon="-111.85831">
    <name>TP960</name>
  </trkpt>
  <trkpt lat="35.24947" lon="-111.85844">
    <name>TP961</name>
  </trkpt>
  <trkpt lat="35.24948" lon="-111.85857">
    <name>TP962</name>
  </trkpt>
  <trkpt lat="35.2495" lon="-111.85885">
    <name>TP963</name>
  </trkpt>
  <trkpt lat="35.2495" lon="-111.85895">
    <name>TP964</name>
  </trkpt>
  <trkpt lat="35.24951" lon="-111.85897">
    <name>TP965</name>
  </trkpt>
  <trkpt lat="35.24951" lon="-111.8591">
    <name>TP966</name>
  </trkpt>
  <trkpt lat="35.24952" lon="-111.85924">
    <name>TP967</name>
  </trkpt>
  <trkpt lat="35.24953" lon="-111.85938">
    <name>TP968</name>
  </trkpt>
  <trkpt lat="35.24954" lon="-111.85941">
    <name>TP969</name>
  </trkpt>
  <trkpt lat="35.24954" lon="-111.85953">
    <name>TP970</name>
  </trkpt>
  <trkpt lat="35.24957" lon="-111.85991">
    <name>TP971</name>
  </trkpt>
  <trkpt lat="35.24957" lon="-111.86004">
    <name>TP972</name>
  </trkpt>
  <trkpt lat="35.24958" lon="-111.86007">
    <name>TP973</name>
  </trkpt>
  <trkpt lat="35.24958" lon="-111.86019">
    <name>TP974</name>
  </trkpt>
  <trkpt lat="35.24959" lon="-111.86032">
    <name>TP975</name>
  </trkpt>
  <trkpt lat="35.24959" lon="-111.86045">
    <name>TP976</name>
  </trkpt>
  <trkpt lat="35.2496" lon="-111.86048">
    <name>TP977</name>
  </trkpt>
  <trkpt lat="35.2496" lon="-111.86059">
    <name>TP978</name>
  </trkpt>
  <trkpt lat="35.24961" lon="-111.86073">
    <name>TP979</name>
  </trkpt>
  <trkpt lat="35.24961" lon="-111.86085">
    <name>TP980</name>
  </trkpt>
  <trkpt lat="35.24962" lon="-111.86098">
    <name>TP981</name>
  </trkpt>
  <trkpt lat="35.24962" lon="-111.86111">
    <name>TP982</name>
  </trkpt>
  <trkpt lat="35.24962" lon="-111.86114">
    <name>TP983</name>
  </trkpt>
  <trkpt lat="35.24963" lon="-111.86125">
    <name>TP984</name>
  </trkpt>
  <trkpt lat="35.24963" lon="-111.86128">
    <name>TP985</name>
  </trkpt>
  <trkpt lat="35.24963" lon="-111.86133">
    <name>TP986</name>
  </trkpt>
  <trkpt lat="35.24963" lon="-111.86145">
    <name>TP987</name>
  </trkpt>
  <trkpt lat="35.24963" lon="-111.86148">
    <name>TP988</name>
  </trkpt>
  <trkpt lat="35.24964" lon="-111.86151">
    <name>TP989</name>
  </trkpt>
  <trkpt lat="35.24964" lon="-111.86154">
    <name>TP990</name>
  </trkpt>
  <trkpt lat="35.24964" lon="-111.86165">
    <name>TP991</name>
  </trkpt>
  <trkpt lat="35.24964" lon="-111.8617">
    <name>TP992</name>
  </trkpt>
  <trkpt lat="35.24964" lon="-111.86179">
    <name>TP993</name>
  </trkpt>
  <trkpt lat="35.24965" lon="-111.86192">
    <name>TP994</name>
  </trkpt>
  <trkpt lat="35.24965" lon="-111.86205">
    <name>TP995</name>
  </trkpt>
  <trkpt lat="35.24965" lon="-111.86217">
    <name>TP996</name>
  </trkpt>
  <trkpt lat="35.24965" lon="-111.8622">
    <name>TP997</name>
  </trkpt>
  <trkpt lat="35.24965" lon="-111.86231">
    <name>TP998</name>
  </trkpt>
  <trkpt lat="35.24965" lon="-111.86235">
    <name>TP999</name>
  </trkpt>
  <trkpt lat="35.24965" lon="-111.86245">
    <name>TP1000</name>
  </trkpt>
  <trkpt lat="35.24965" lon="-111.86258">
    <name>TP1001</name>
  </trkpt>
  <trkpt lat="35.24966" lon="-111.86272">
    <name>TP1002</name>
  </trkpt>
  <trkpt lat="35.24966" lon="-111.86286">
    <name>TP1003</name>
  </trkpt>
  <trkpt lat="35.24966" lon="-111.86298">
    <name>TP1004</name>
  </trkpt>
  <trkpt lat="35.24966" lon="-111.86311">
    <name>TP1005</name>
  </trkpt>
  <trkpt lat="35.24966" lon="-111.86315">
    <name>TP1006</name>
  </trkpt>
  <trkpt lat="35.24966" lon="-111.86324">
    <name>TP1007</name>
  </trkpt>
  <trkpt lat="35.24966" lon="-111.86326">
    <name>TP1008</name>
  </trkpt>
  <trkpt lat="35.24966" lon="-111.86338">
    <name>TP1009</name>
  </trkpt>
  <trkpt lat="35.24966" lon="-111.86352">
    <name>TP1010</name>
  </trkpt>
  <trkpt lat="35.24965" lon="-111.86377">
    <name>TP1011</name>
  </trkpt>
  <trkpt lat="35.24965" lon="-111.86401">
    <name>TP1012</name>
  </trkpt>
  <trkpt lat="35.24965" lon="-111.86419">
    <name>TP1013</name>
  </trkpt>
  <trkpt lat="35.24964" lon="-111.86445">
    <name>TP1014</name>
  </trkpt>
  <trkpt lat="35.24964" lon="-111.86459">
    <name>TP1015</name>
  </trkpt>
  <trkpt lat="35.24964" lon="-111.86462">
    <name>TP1016</name>
  </trkpt>
  <trkpt lat="35.24964" lon="-111.86474">
    <name>TP1017</name>
  </trkpt>
  <trkpt lat="35.24964" lon="-111.86485">
    <name>TP1018</name>
  </trkpt>
  <trkpt lat="35.24963" lon="-111.86499">
    <name>TP1019</name>
  </trkpt>
  <trkpt lat="35.24963" lon="-111.86514">
    <name>TP1020</name>
  </trkpt>
  <trkpt lat="35.24962" lon="-111.86537">
    <name>TP1021</name>
  </trkpt>
  <trkpt lat="35.24962" lon="-111.86542">
    <name>TP1022</name>
  </trkpt>
  <trkpt lat="35.2496" lon="-111.86581">
    <name>TP1023</name>
  </trkpt>
  <trkpt lat="35.24959" lon="-111.86606">
    <name>TP1024</name>
  </trkpt>
  <trkpt lat="35.24958" lon="-111.86632">
    <name>TP1025</name>
  </trkpt>
  <trkpt lat="35.24957" lon="-111.86636">
    <name>TP1026</name>
  </trkpt>
  <trkpt lat="35.24956" lon="-111.86659">
    <name>TP1027</name>
  </trkpt>
  <trkpt lat="35.24955" lon="-111.86685">
    <name>TP1028</name>
  </trkpt>
  <trkpt lat="35.24952" lon="-111.86726">
    <name>TP1029</name>
  </trkpt>
  <trkpt lat="35.24951" lon="-111.86736">
    <name>TP1030</name>
  </trkpt>
  <trkpt lat="35.2495" lon="-111.86752">
    <name>TP1031</name>
  </trkpt>
  <trkpt lat="35.2495" lon="-111.86758">
    <name>TP1032</name>
  </trkpt>
  <trkpt lat="35.24948" lon="-111.86779">
    <name>TP1033</name>
  </trkpt>
  <trkpt lat="35.24947" lon="-111.86792">
    <name>TP1034</name>
  </trkpt>
  <trkpt lat="35.24946" lon="-111.86805">
    <name>TP1035</name>
  </trkpt>
  <trkpt lat="35.24945" lon="-111.86819">
    <name>TP1036</name>
  </trkpt>
  <trkpt lat="35.24944" lon="-111.86832">
    <name>TP1037</name>
  </trkpt>
  <trkpt lat="35.24942" lon="-111.86846">
    <name>TP1038</name>
  </trkpt>
  <trkpt lat="35.24941" lon="-111.8686">
    <name>TP1039</name>
  </trkpt>
  <trkpt lat="35.2494" lon="-111.86872">
    <name>TP1040</name>
  </trkpt>
  <trkpt lat="35.24938" lon="-111.86885">
    <name>TP1041</name>
  </trkpt>
  <trkpt lat="35.24937" lon="-111.86899">
    <name>TP1042</name>
  </trkpt>
  <trkpt lat="35.24936" lon="-111.86912">
    <name>TP1043</name>
  </trkpt>
  <trkpt lat="35.24934" lon="-111.86925">
    <name>TP1044</name>
  </trkpt>
  <trkpt lat="35.24931" lon="-111.86953">
    <name>TP1045</name>
  </trkpt>
  <trkpt lat="35.24929" lon="-111.86978">
    <name>TP1046</name>
  </trkpt>
  <trkpt lat="35.24927" lon="-111.86992">
    <name>TP1047</name>
  </trkpt>
  <trkpt lat="35.24924" lon="-111.87018">
    <name>TP1048</name>
  </trkpt>
  <trkpt lat="35.24924" lon="-111.8702">
    <name>TP1049</name>
  </trkpt>
  <trkpt lat="35.24921" lon="-111.87042">
    <name>TP1050</name>
  </trkpt>
  <trkpt lat="35.2492" lon="-111.87047">
    <name>TP1051</name>
  </trkpt>
  <trkpt lat="35.24918" lon="-111.87064">
    <name>TP1052</name>
  </trkpt>
  <trkpt lat="35.24916" lon="-111.87085">
    <name>TP1053</name>
  </trkpt>
  <trkpt lat="35.24913" lon="-111.87101">
    <name>TP1054</name>
  </trkpt>
  <trkpt lat="35.2491" lon="-111.87124">
    <name>TP1055</name>
  </trkpt>
  <trkpt lat="35.24908" lon="-111.87139">
    <name>TP1056</name>
  </trkpt>
  <trkpt lat="35.24901" lon="-111.8719">
    <name>TP1057</name>
  </trkpt>
  <trkpt lat="35.24899" lon="-111.87203">
    <name>TP1058</name>
  </trkpt>
  <trkpt lat="35.24897" lon="-111.87216">
    <name>TP1059</name>
  </trkpt>
  <trkpt lat="35.24894" lon="-111.87231">
    <name>TP1060</name>
  </trkpt>
  <trkpt lat="35.24892" lon="-111.87243">
    <name>TP1061</name>
  </trkpt>
  <trkpt lat="35.24891" lon="-111.87254">
    <name>TP1062</name>
  </trkpt>
  <trkpt lat="35.2489" lon="-111.87256">
    <name>TP1063</name>
  </trkpt>
  <trkpt lat="35.24888" lon="-111.8727">
    <name>TP1064</name>
  </trkpt>
  <trkpt lat="35.24886" lon="-111.87282">
    <name>TP1065</name>
  </trkpt>
  <trkpt lat="35.24884" lon="-111.87295">
    <name>TP1066</name>
  </trkpt>
  <trkpt lat="35.24881" lon="-111.87308">
    <name>TP1067</name>
  </trkpt>
  <trkpt lat="35.24879" lon="-111.87321">
    <name>TP1068</name>
  </trkpt>
  <trkpt lat="35.24877" lon="-111.87334">
    <name>TP1069</name>
  </trkpt>
  <trkpt lat="35.2487" lon="-111.87372">
    <name>TP1070</name>
  </trkpt>
  <trkpt lat="35.24869" lon="-111.87374">
    <name>TP1071</name>
  </trkpt>
  <trkpt lat="35.24868" lon="-111.87382">
    <name>TP1072</name>
  </trkpt>
  <trkpt lat="35.24867" lon="-111.87387">
    <name>TP1073</name>
  </trkpt>
  <trkpt lat="35.24865" lon="-111.874">
    <name>TP1074</name>
  </trkpt>
  <trkpt lat="35.24862" lon="-111.87413">
    <name>TP1075</name>
  </trkpt>
  <trkpt lat="35.2486" lon="-111.87428">
    <name>TP1076</name>
  </trkpt>
  <trkpt lat="35.24856" lon="-111.87448">
    <name>TP1077</name>
  </trkpt>
  <trkpt lat="35.24855" lon="-111.87454">
    <name>TP1078</name>
  </trkpt>
  <trkpt lat="35.2485" lon="-111.87478">
    <name>TP1079</name>
  </trkpt>
  <trkpt lat="35.2485" lon="-111.87482">
    <name>TP1080</name>
  </trkpt>
  <trkpt lat="35.24848" lon="-111.87492">
    <name>TP1081</name>
  </trkpt>
  <trkpt lat="35.24845" lon="-111.87505">
    <name>TP1082</name>
  </trkpt>
  <trkpt lat="35.24843" lon="-111.87518">
    <name>TP1083</name>
  </trkpt>
  <trkpt lat="35.2484" lon="-111.8753">
    <name>TP1084</name>
  </trkpt>
  <trkpt lat="35.2484" lon="-111.87531">
    <name>TP1085</name>
  </trkpt>
  <trkpt lat="35.24835" lon="-111.87555">
    <name>TP1086</name>
  </trkpt>
  <trkpt lat="35.24832" lon="-111.87571">
    <name>TP1087</name>
  </trkpt>
  <trkpt lat="35.2483" lon="-111.87583">
    <name>TP1088</name>
  </trkpt>
  <trkpt lat="35.24828" lon="-111.87596">
    <name>TP1089</name>
  </trkpt>
  <trkpt lat="35.24825" lon="-111.87609">
    <name>TP1090</name>
  </trkpt>
  <trkpt lat="35.24824" lon="-111.87616">
    <name>TP1091</name>
  </trkpt>
  <trkpt lat="35.24822" lon="-111.87623">
    <name>TP1092</name>
  </trkpt>
  <trkpt lat="35.2482" lon="-111.87636">
    <name>TP1093</name>
  </trkpt>
  <trkpt lat="35.24818" lon="-111.87648">
    <name>TP1094</name>
  </trkpt>
  <trkpt lat="35.24815" lon="-111.87661">
    <name>TP1095</name>
  </trkpt>
  <trkpt lat="35.24813" lon="-111.87675">
    <name>TP1096</name>
  </trkpt>
  <trkpt lat="35.2481" lon="-111.87688">
    <name>TP1097</name>
  </trkpt>
  <trkpt lat="35.24808" lon="-111.87701">
    <name>TP1098</name>
  </trkpt>
  <trkpt lat="35.24805" lon="-111.87713">
    <name>TP1099</name>
  </trkpt>
  <trkpt lat="35.24803" lon="-111.87726">
    <name>TP1100</name>
  </trkpt>
  <trkpt lat="35.248" lon="-111.8774">
    <name>TP1101</name>
  </trkpt>
  <trkpt lat="35.24798" lon="-111.87752">
    <name>TP1102</name>
  </trkpt>
  <trkpt lat="35.24795" lon="-111.87766">
    <name>TP1103</name>
  </trkpt>
  <trkpt lat="35.24792" lon="-111.8778">
    <name>TP1104</name>
  </trkpt>
  <trkpt lat="35.2479" lon="-111.87792">
    <name>TP1105</name>
  </trkpt>
  <trkpt lat="35.24788" lon="-111.87805">
    <name>TP1106</name>
  </trkpt>
  <trkpt lat="35.24785" lon="-111.87818">
    <name>TP1107</name>
  </trkpt>
  <trkpt lat="35.24783" lon="-111.87831">
    <name>TP1108</name>
  </trkpt>
  <trkpt lat="35.24781" lon="-111.87839">
    <name>TP1109</name>
  </trkpt>
  <trkpt lat="35.2478" lon="-111.87844">
    <name>TP1110</name>
  </trkpt>
  <trkpt lat="35.24778" lon="-111.87857">
    <name>TP1111</name>
  </trkpt>
  <trkpt lat="35.24775" lon="-111.87871">
    <name>TP1112</name>
  </trkpt>
  <trkpt lat="35.24773" lon="-111.87883">
    <name>TP1113</name>
  </trkpt>
  <trkpt lat="35.2477" lon="-111.87896">
    <name>TP1114</name>
  </trkpt>
  <trkpt lat="35.24768" lon="-111.87909">
    <name>TP1115</name>
  </trkpt>
  <trkpt lat="35.24765" lon="-111.87923">
    <name>TP1116</name>
  </trkpt>
  <trkpt lat="35.24765" lon="-111.87925">
    <name>TP1117</name>
  </trkpt>
  <trkpt lat="35.24761" lon="-111.87948">
    <name>TP1118</name>
  </trkpt>
  <trkpt lat="35.24756" lon="-111.87975">
    <name>TP1119</name>
  </trkpt>
  <trkpt lat="35.24753" lon="-111.87988">
    <name>TP1120</name>
  </trkpt>
  <trkpt lat="35.24751" lon="-111.88001">
    <name>TP1121</name>
  </trkpt>
  <trkpt lat="35.24749" lon="-111.88014">
    <name>TP1122</name>
  </trkpt>
  <trkpt lat="35.24747" lon="-111.88027">
    <name>TP1123</name>
  </trkpt>
  <trkpt lat="35.24745" lon="-111.8804">
    <name>TP1124</name>
  </trkpt>
  <trkpt lat="35.24743" lon="-111.88054">
    <name>TP1125</name>
  </trkpt>
  <trkpt lat="35.24742" lon="-111.88062">
    <name>TP1126</name>
  </trkpt>
  <trkpt lat="35.24741" lon="-111.88067">
    <name>TP1127</name>
  </trkpt>
  <trkpt lat="35.24741" lon="-111.88072">
    <name>TP1128</name>
  </trkpt>
  <trkpt lat="35.2474" lon="-111.8808">
    <name>TP1129</name>
  </trkpt>
  <trkpt lat="35.24739" lon="-111.88083">
    <name>TP1130</name>
  </trkpt>
  <trkpt lat="35.24738" lon="-111.88093">
    <name>TP1131</name>
  </trkpt>
  <trkpt lat="35.24738" lon="-111.88097">
    <name>TP1132</name>
  </trkpt>
  <trkpt lat="35.24736" lon="-111.88107">
    <name>TP1133</name>
  </trkpt>
  <trkpt lat="35.24736" lon="-111.8811">
    <name>TP1134</name>
  </trkpt>
  <trkpt lat="35.24735" lon="-111.88119">
    <name>TP1135</name>
  </trkpt>
  <trkpt lat="35.24735" lon="-111.8812">
    <name>TP1136</name>
  </trkpt>
  <trkpt lat="35.24734" lon="-111.88123">
    <name>TP1137</name>
  </trkpt>
  <trkpt lat="35.24733" lon="-111.88133">
    <name>TP1138</name>
  </trkpt>
  <trkpt lat="35.24733" lon="-111.88136">
    <name>TP1139</name>
  </trkpt>
  <trkpt lat="35.24732" lon="-111.88147">
    <name>TP1140</name>
  </trkpt>
  <trkpt lat="35.24732" lon="-111.8815">
    <name>TP1141</name>
  </trkpt>
  <trkpt lat="35.24731" lon="-111.88161">
    <name>TP1142</name>
  </trkpt>
  <trkpt lat="35.24731" lon="-111.88162">
    <name>TP1143</name>
  </trkpt>
  <trkpt lat="35.2473" lon="-111.88163">
    <name>TP1144</name>
  </trkpt>
  <trkpt lat="35.24729" lon="-111.88174">
    <name>TP1145</name>
  </trkpt>
  <trkpt lat="35.24729" lon="-111.88176">
    <name>TP1146</name>
  </trkpt>
  <trkpt lat="35.24728" lon="-111.88187">
    <name>TP1147</name>
  </trkpt>
  <trkpt lat="35.24728" lon="-111.8819">
    <name>TP1148</name>
  </trkpt>
  <trkpt lat="35.24727" lon="-111.88201">
    <name>TP1149</name>
  </trkpt>
  <trkpt lat="35.24727" lon="-111.88203">
    <name>TP1150</name>
  </trkpt>
  <trkpt lat="35.24726" lon="-111.8821">
    <name>TP1151</name>
  </trkpt>
  <trkpt lat="35.24726" lon="-111.88213">
    <name>TP1152</name>
  </trkpt>
  <trkpt lat="35.24726" lon="-111.88217">
    <name>TP1153</name>
  </trkpt>
  <trkpt lat="35.24725" lon="-111.88227">
    <name>TP1154</name>
  </trkpt>
  <trkpt lat="35.24725" lon="-111.8823">
    <name>TP1155</name>
  </trkpt>
  <trkpt lat="35.24724" lon="-111.88242">
    <name>TP1156</name>
  </trkpt>
  <trkpt lat="35.24724" lon="-111.88254">
    <name>TP1157</name>
  </trkpt>
  <trkpt lat="35.24723" lon="-111.88257">
    <name>TP1158</name>
  </trkpt>
  <trkpt lat="35.24723" lon="-111.88267">
    <name>TP1159</name>
  </trkpt>
  <trkpt lat="35.24723" lon="-111.8827">
    <name>TP1160</name>
  </trkpt>
  <trkpt lat="35.24722" lon="-111.8828">
    <name>TP1161</name>
  </trkpt>
  <trkpt lat="35.24722" lon="-111.88283">
    <name>TP1162</name>
  </trkpt>
  <trkpt lat="35.24722" lon="-111.88294">
    <name>TP1163</name>
  </trkpt>
  <trkpt lat="35.24722" lon="-111.88297">
    <name>TP1164</name>
  </trkpt>
  <trkpt lat="35.24722" lon="-111.88303">
    <name>TP1165</name>
  </trkpt>
  <trkpt lat="35.24721" lon="-111.88308">
    <name>TP1166</name>
  </trkpt>
  <trkpt lat="35.24721" lon="-111.8831">
    <name>TP1167</name>
  </trkpt>
  <trkpt lat="35.24721" lon="-111.88321">
    <name>TP1168</name>
  </trkpt>
  <trkpt lat="35.24721" lon="-111.88323">
    <name>TP1169</name>
  </trkpt>
  <trkpt lat="35.24721" lon="-111.88335">
    <name>TP1170</name>
  </trkpt>
  <trkpt lat="35.24721" lon="-111.88337">
    <name>TP1171</name>
  </trkpt>
  <trkpt lat="35.24721" lon="-111.88348">
    <name>TP1172</name>
  </trkpt>
  <trkpt lat="35.24721" lon="-111.88351">
    <name>TP1173</name>
  </trkpt>
  <trkpt lat="35.2472" lon="-111.8836">
    <name>TP1174</name>
  </trkpt>
  <trkpt lat="35.2472" lon="-111.88364">
    <name>TP1175</name>
  </trkpt>
  <trkpt lat="35.2472" lon="-111.88375">
    <name>TP1176</name>
  </trkpt>
  <trkpt lat="35.2472" lon="-111.88377">
    <name>TP1177</name>
  </trkpt>
  <trkpt lat="35.24721" lon="-111.88388">
    <name>TP1178</name>
  </trkpt>
  <trkpt lat="35.24721" lon="-111.88391">
    <name>TP1179</name>
  </trkpt>
  <trkpt lat="35.24721" lon="-111.88401">
    <name>TP1180</name>
  </trkpt>
  <trkpt lat="35.24721" lon="-111.88404">
    <name>TP1181</name>
  </trkpt>
  <trkpt lat="35.24721" lon="-111.88416">
    <name>TP1182</name>
  </trkpt>
  <trkpt lat="35.24721" lon="-111.88417">
    <name>TP1183</name>
  </trkpt>
  <trkpt lat="35.24721" lon="-111.88428">
    <name>TP1184</name>
  </trkpt>
  <trkpt lat="35.24721" lon="-111.88431">
    <name>TP1185</name>
  </trkpt>
  <trkpt lat="35.24721" lon="-111.88443">
    <name>TP1186</name>
  </trkpt>
  <trkpt lat="35.24722" lon="-111.88444">
    <name>TP1187</name>
  </trkpt>
  <trkpt lat="35.24722" lon="-111.88455">
    <name>TP1188</name>
  </trkpt>
  <trkpt lat="35.24722" lon="-111.88456">
    <name>TP1189</name>
  </trkpt>
  <trkpt lat="35.24722" lon="-111.88458">
    <name>TP1190</name>
  </trkpt>
  <trkpt lat="35.24723" lon="-111.88471">
    <name>TP1191</name>
  </trkpt>
  <trkpt lat="35.24723" lon="-111.88484">
    <name>TP1192</name>
  </trkpt>
  <trkpt lat="35.24723" lon="-111.88485">
    <name>TP1193</name>
  </trkpt>
  <trkpt lat="35.24724" lon="-111.88496">
    <name>TP1194</name>
  </trkpt>
  <trkpt lat="35.24724" lon="-111.8851">
    <name>TP1195</name>
  </trkpt>
  <trkpt lat="35.24725" lon="-111.88522">
    <name>TP1196</name>
  </trkpt>
  <trkpt lat="35.24725" lon="-111.88525">
    <name>TP1197</name>
  </trkpt>
  <trkpt lat="35.24726" lon="-111.88535">
    <name>TP1198</name>
  </trkpt>
  <trkpt lat="35.24726" lon="-111.88538">
    <name>TP1199</name>
  </trkpt>
  <trkpt lat="35.24727" lon="-111.8855">
    <name>TP1200</name>
  </trkpt>
  <trkpt lat="35.24727" lon="-111.88552">
    <name>TP1201</name>
  </trkpt>
  <trkpt lat="35.24728" lon="-111.88563">
    <name>TP1202</name>
  </trkpt>
  <trkpt lat="35.24729" lon="-111.88578">
    <name>TP1203</name>
  </trkpt>
  <trkpt lat="35.2473" lon="-111.8859">
    <name>TP1204</name>
  </trkpt>
  <trkpt lat="35.24731" lon="-111.88592">
    <name>TP1205</name>
  </trkpt>
  <trkpt lat="35.24732" lon="-111.88604">
    <name>TP1206</name>
  </trkpt>
  <trkpt lat="35.24733" lon="-111.88613">
    <name>TP1207</name>
  </trkpt>
  <trkpt lat="35.24733" lon="-111.88618">
    <name>TP1208</name>
  </trkpt>
  <trkpt lat="35.24734" lon="-111.8863">
    <name>TP1209</name>
  </trkpt>
  <trkpt lat="35.24736" lon="-111.88644">
    <name>TP1210</name>
  </trkpt>
  <trkpt lat="35.24737" lon="-111.88656">
    <name>TP1211</name>
  </trkpt>
  <trkpt lat="35.24738" lon="-111.88657">
    <name>TP1212</name>
  </trkpt>
  <trkpt lat="35.24738" lon="-111.88658">
    <name>TP1213</name>
  </trkpt>
  <trkpt lat="35.24739" lon="-111.8867">
    <name>TP1214</name>
  </trkpt>
  <trkpt lat="35.2474" lon="-111.88679">
    <name>TP1215</name>
  </trkpt>
  <trkpt lat="35.24741" lon="-111.88682">
    <name>TP1216</name>
  </trkpt>
  <trkpt lat="35.24743" lon="-111.88696">
    <name>TP1217</name>
  </trkpt>
  <trkpt lat="35.24744" lon="-111.88709">
    <name>TP1218</name>
  </trkpt>
  <trkpt lat="35.24746" lon="-111.88723">
    <name>TP1219</name>
  </trkpt>
  <trkpt lat="35.24748" lon="-111.88735">
    <name>TP1220</name>
  </trkpt>
  <trkpt lat="35.2475" lon="-111.88744">
    <name>TP1221</name>
  </trkpt>
  <trkpt lat="35.24751" lon="-111.8875">
    <name>TP1222</name>
  </trkpt>
  <trkpt lat="35.24753" lon="-111.88763">
    <name>TP1223</name>
  </trkpt>
  <trkpt lat="35.24753" lon="-111.88765">
    <name>TP1224</name>
  </trkpt>
  <trkpt lat="35.24755" lon="-111.88776">
    <name>TP1225</name>
  </trkpt>
  <trkpt lat="35.24757" lon="-111.88789">
    <name>TP1226</name>
  </trkpt>
  <trkpt lat="35.2476" lon="-111.88802">
    <name>TP1227</name>
  </trkpt>
  <trkpt lat="35.24762" lon="-111.88815">
    <name>TP1228</name>
  </trkpt>
  <trkpt lat="35.24765" lon="-111.88828">
    <name>TP1229</name>
  </trkpt>
  <trkpt lat="35.24767" lon="-111.88841">
    <name>TP1230</name>
  </trkpt>
  <trkpt lat="35.2477" lon="-111.88854">
    <name>TP1231</name>
  </trkpt>
  <trkpt lat="35.24772" lon="-111.88864">
    <name>TP1232</name>
  </trkpt>
  <trkpt lat="35.24773" lon="-111.88867">
    <name>TP1233</name>
  </trkpt>
  <trkpt lat="35.24775" lon="-111.88878">
    <name>TP1234</name>
  </trkpt>
  <trkpt lat="35.24776" lon="-111.8888">
    <name>TP1235</name>
  </trkpt>
  <trkpt lat="35.24779" lon="-111.88893">
    <name>TP1236</name>
  </trkpt>
  <trkpt lat="35.24779" lon="-111.88894">
    <name>TP1237</name>
  </trkpt>
  <trkpt lat="35.24782" lon="-111.88906">
    <name>TP1238</name>
  </trkpt>
  <trkpt lat="35.24784" lon="-111.88915">
    <name>TP1239</name>
  </trkpt>
  <trkpt lat="35.24784" lon="-111.88918">
    <name>TP1240</name>
  </trkpt>
  <trkpt lat="35.24788" lon="-111.88931">
    <name>TP1241</name>
  </trkpt>
  <trkpt lat="35.2479" lon="-111.8894">
    <name>TP1242</name>
  </trkpt>
  <trkpt lat="35.24791" lon="-111.88944">
    <name>TP1243</name>
  </trkpt>
  <trkpt lat="35.24794" lon="-111.88956">
    <name>TP1244</name>
  </trkpt>
  <trkpt lat="35.24797" lon="-111.88969">
    <name>TP1245</name>
  </trkpt>
  <trkpt lat="35.24801" lon="-111.88981">
    <name>TP1246</name>
  </trkpt>
  <trkpt lat="35.24804" lon="-111.88992">
    <name>TP1247</name>
  </trkpt>
  <trkpt lat="35.24808" lon="-111.89007">
    <name>TP1248</name>
  </trkpt>
  <trkpt lat="35.24811" lon="-111.89019">
    <name>TP1249</name>
  </trkpt>
  <trkpt lat="35.24819" lon="-111.89045">
    <name>TP1250</name>
  </trkpt>
  <trkpt lat="35.24823" lon="-111.89057">
    <name>TP1251</name>
  </trkpt>
  <trkpt lat="35.24827" lon="-111.89069">
    <name>TP1252</name>
  </trkpt>
  <trkpt lat="35.2483" lon="-111.89079">
    <name>TP1253</name>
  </trkpt>
  <trkpt lat="35.24831" lon="-111.89082">
    <name>TP1254</name>
  </trkpt>
  <trkpt lat="35.24835" lon="-111.89094">
    <name>TP1255</name>
  </trkpt>
  <trkpt lat="35.24837" lon="-111.89102">
    <name>TP1256</name>
  </trkpt>
  <trkpt lat="35.24839" lon="-111.89106">
    <name>TP1257</name>
  </trkpt>
  <trkpt lat="35.24843" lon="-111.89119">
    <name>TP1258</name>
  </trkpt>
  <trkpt lat="35.24847" lon="-111.89131">
    <name>TP1259</name>
  </trkpt>
  <trkpt lat="35.24851" lon="-111.89141">
    <name>TP1260</name>
  </trkpt>
  <trkpt lat="35.24852" lon="-111.89144">
    <name>TP1261</name>
  </trkpt>
  <trkpt lat="35.24855" lon="-111.89153">
    <name>TP1262</name>
  </trkpt>
  <trkpt lat="35.24856" lon="-111.89156">
    <name>TP1263</name>
  </trkpt>
  <trkpt lat="35.2486" lon="-111.89168">
    <name>TP1264</name>
  </trkpt>
  <trkpt lat="35.24861" lon="-111.8917">
    <name>TP1265</name>
  </trkpt>
  <trkpt lat="35.24865" lon="-111.8918">
    <name>TP1266</name>
  </trkpt>
  <trkpt lat="35.24869" lon="-111.8919">
    <name>TP1267</name>
  </trkpt>
  <trkpt lat="35.2487" lon="-111.89192">
    <name>TP1268</name>
  </trkpt>
  <trkpt lat="35.24874" lon="-111.89203">
    <name>TP1269</name>
  </trkpt>
  <trkpt lat="35.24874" lon="-111.89205">
    <name>TP1270</name>
  </trkpt>
  <trkpt lat="35.24878" lon="-111.89214">
    <name>TP1271</name>
  </trkpt>
  <trkpt lat="35.24879" lon="-111.89217">
    <name>TP1272</name>
  </trkpt>
  <trkpt lat="35.24884" lon="-111.89229">
    <name>TP1273</name>
  </trkpt>
  <trkpt lat="35.24889" lon="-111.89241">
    <name>TP1274</name>
  </trkpt>
  <trkpt lat="35.24894" lon="-111.89253">
    <name>TP1275</name>
  </trkpt>
  <trkpt lat="35.24899" lon="-111.89265">
    <name>TP1276</name>
  </trkpt>
  <trkpt lat="35.24904" lon="-111.89276">
    <name>TP1277</name>
  </trkpt>
  <trkpt lat="35.2491" lon="-111.89289">
    <name>TP1278</name>
  </trkpt>
  <trkpt lat="35.24915" lon="-111.893">
    <name>TP1279</name>
  </trkpt>
  <trkpt lat="35.2492" lon="-111.89312">
    <name>TP1280</name>
  </trkpt>
  <trkpt lat="35.24923" lon="-111.89317">
    <name>TP1281</name>
  </trkpt>
  <trkpt lat="35.24924" lon="-111.89321">
    <name>TP1282</name>
  </trkpt>
  <trkpt lat="35.24926" lon="-111.89324">
    <name>TP1283</name>
  </trkpt>
  <trkpt lat="35.24931" lon="-111.89336">
    <name>TP1284</name>
  </trkpt>
  <trkpt lat="35.24937" lon="-111.89348">
    <name>TP1285</name>
  </trkpt>
  <trkpt lat="35.24941" lon="-111.89356">
    <name>TP1286</name>
  </trkpt>
  <trkpt lat="35.24942" lon="-111.89359">
    <name>TP1287</name>
  </trkpt>
  <trkpt lat="35.24944" lon="-111.89364">
    <name>TP1288</name>
  </trkpt>
  <trkpt lat="35.24948" lon="-111.89371">
    <name>TP1289</name>
  </trkpt>
  <trkpt lat="35.24952" lon="-111.8938">
    <name>TP1290</name>
  </trkpt>
  <trkpt lat="35.24953" lon="-111.89382">
    <name>TP1291</name>
  </trkpt>
  <trkpt lat="35.24959" lon="-111.89393">
    <name>TP1292</name>
  </trkpt>
  <trkpt lat="35.24965" lon="-111.89406">
    <name>TP1293</name>
  </trkpt>
  <trkpt lat="35.24966" lon="-111.89408">
    <name>TP1294</name>
  </trkpt>
  <trkpt lat="35.2497" lon="-111.89417">
    <name>TP1295</name>
  </trkpt>
  <trkpt lat="35.24976" lon="-111.89428">
    <name>TP1296</name>
  </trkpt>
  <trkpt lat="35.24982" lon="-111.8944">
    <name>TP1297</name>
  </trkpt>
  <trkpt lat="35.24986" lon="-111.89449">
    <name>TP1298</name>
  </trkpt>
  <trkpt lat="35.24987" lon="-111.89452">
    <name>TP1299</name>
  </trkpt>
  <trkpt lat="35.24993" lon="-111.89463">
    <name>TP1300</name>
  </trkpt>
  <trkpt lat="35.24998" lon="-111.89475">
    <name>TP1301</name>
  </trkpt>
  <trkpt lat="35.25003" lon="-111.89485">
    <name>TP1302</name>
  </trkpt>
  <trkpt lat="35.25004" lon="-111.89487">
    <name>TP1303</name>
  </trkpt>
  <trkpt lat="35.2501" lon="-111.89498">
    <name>TP1304</name>
  </trkpt>
  <trkpt lat="35.25016" lon="-111.8951">
    <name>TP1305</name>
  </trkpt>
  <trkpt lat="35.25021" lon="-111.89521">
    <name>TP1306</name>
  </trkpt>
  <trkpt lat="35.25027" lon="-111.89532">
    <name>TP1307</name>
  </trkpt>
  <trkpt lat="35.25033" lon="-111.89544">
    <name>TP1308</name>
  </trkpt>
  <trkpt lat="35.25037" lon="-111.89554">
    <name>TP1309</name>
  </trkpt>
  <trkpt lat="35.25038" lon="-111.89557">
    <name>TP1310</name>
  </trkpt>
  <trkpt lat="35.25044" lon="-111.89567">
    <name>TP1311</name>
  </trkpt>
  <trkpt lat="35.25048" lon="-111.89576">
    <name>TP1312</name>
  </trkpt>
  <trkpt lat="35.25049" lon="-111.89578">
    <name>TP1313</name>
  </trkpt>
  <trkpt lat="35.25055" lon="-111.8959">
    <name>TP1314</name>
  </trkpt>
  <trkpt lat="35.2506" lon="-111.89602">
    <name>TP1315</name>
  </trkpt>
  <trkpt lat="35.2507" lon="-111.89622">
    <name>TP1316</name>
  </trkpt>
  <trkpt lat="35.25071" lon="-111.89624">
    <name>TP1317</name>
  </trkpt>
  <trkpt lat="35.25072" lon="-111.89625">
    <name>TP1318</name>
  </trkpt>
  <trkpt lat="35.25077" lon="-111.89637">
    <name>TP1319</name>
  </trkpt>
  <trkpt lat="35.25082" lon="-111.89645">
    <name>TP1320</name>
  </trkpt>
  <trkpt lat="35.25083" lon="-111.89648">
    <name>TP1321</name>
  </trkpt>
  <trkpt lat="35.25087" lon="-111.89657">
    <name>TP1322</name>
  </trkpt>
  <trkpt lat="35.25088" lon="-111.8966">
    <name>TP1323</name>
  </trkpt>
  <trkpt lat="35.25092" lon="-111.89668">
    <name>TP1324</name>
  </trkpt>
  <trkpt lat="35.25094" lon="-111.89672">
    <name>TP1325</name>
  </trkpt>
  <trkpt lat="35.25098" lon="-111.89681">
    <name>TP1326</name>
  </trkpt>
  <trkpt lat="35.25099" lon="-111.89683">
    <name>TP1327</name>
  </trkpt>
  <trkpt lat="35.25104" lon="-111.89695">
    <name>TP1328</name>
  </trkpt>
  <trkpt lat="35.25108" lon="-111.89704">
    <name>TP1329</name>
  </trkpt>
  <trkpt lat="35.25109" lon="-111.89706">
    <name>TP1330</name>
  </trkpt>
  <trkpt lat="35.25115" lon="-111.89719">
    <name>TP1331</name>
  </trkpt>
  <trkpt lat="35.25119" lon="-111.8973">
    <name>TP1332</name>
  </trkpt>
  <trkpt lat="35.25124" lon="-111.89741">
    <name>TP1333</name>
  </trkpt>
  <trkpt lat="35.25126" lon="-111.89748">
    <name>TP1334</name>
  </trkpt>
  <trkpt lat="35.2513" lon="-111.89756">
    <name>TP1335</name>
  </trkpt>
  <trkpt lat="35.25137" lon="-111.89774">
    <name>TP1336</name>
  </trkpt>
  <trkpt lat="35.25143" lon="-111.8979">
    <name>TP1337</name>
  </trkpt>
  <trkpt lat="35.2515" lon="-111.89808">
    <name>TP1338</name>
  </trkpt>
  <trkpt lat="35.25155" lon="-111.89823">
    <name>TP1339</name>
  </trkpt>
  <trkpt lat="35.25161" lon="-111.89839">
    <name>TP1340</name>
  </trkpt>
  <trkpt lat="35.25163" lon="-111.89844">
    <name>TP1341</name>
  </trkpt>
  <trkpt lat="35.25166" lon="-111.89854">
    <name>TP1342</name>
  </trkpt>
  <trkpt lat="35.25173" lon="-111.89872">
    <name>TP1343</name>
  </trkpt>
  <trkpt lat="35.25173" lon="-111.89873">
    <name>TP1344</name>
  </trkpt>
  <trkpt lat="35.2518" lon="-111.89893">
    <name>TP1345</name>
  </trkpt>
  <trkpt lat="35.25186" lon="-111.89913">
    <name>TP1346</name>
  </trkpt>
  <trkpt lat="35.25188" lon="-111.89921">
    <name>TP1347</name>
  </trkpt>
  <trkpt lat="35.25194" lon="-111.89937">
    <name>TP1348</name>
  </trkpt>
  <trkpt lat="35.25198" lon="-111.89952">
    <name>TP1349</name>
  </trkpt>
  <trkpt lat="35.25202" lon="-111.89964">
    <name>TP1350</name>
  </trkpt>
  <trkpt lat="35.25207" lon="-111.89982">
    <name>TP1351</name>
  </trkpt>
  <trkpt lat="35.25212" lon="-111.90001">
    <name>TP1352</name>
  </trkpt>
  <trkpt lat="35.25217" lon="-111.9002">
    <name>TP1353</name>
  </trkpt>
  <trkpt lat="35.25222" lon="-111.90039">
    <name>TP1354</name>
  </trkpt>
  <trkpt lat="35.25228" lon="-111.90063">
    <name>TP1355</name>
  </trkpt>
  <trkpt lat="35.25233" lon="-111.90087">
    <name>TP1356</name>
  </trkpt>
  <trkpt lat="35.25239" lon="-111.90112">
    <name>TP1357</name>
  </trkpt>
  <trkpt lat="35.25243" lon="-111.90133">
    <name>TP1358</name>
  </trkpt>
  <trkpt lat="35.25248" lon="-111.90155">
    <name>TP1359</name>
  </trkpt>
  <trkpt lat="35.25252" lon="-111.90181">
    <name>TP1360</name>
  </trkpt>
  <trkpt lat="35.25255" lon="-111.90193">
    <name>TP1361</name>
  </trkpt>
  <trkpt lat="35.25259" lon="-111.9022">
    <name>TP1362</name>
  </trkpt>
  <trkpt lat="35.25263" lon="-111.90245">
    <name>TP1363</name>
  </trkpt>
  <trkpt lat="35.25267" lon="-111.90268">
    <name>TP1364</name>
  </trkpt>
  <trkpt lat="35.2527" lon="-111.90289">
    <name>TP1365</name>
  </trkpt>
  <trkpt lat="35.2527" lon="-111.90291">
    <name>TP1366</name>
  </trkpt>
  <trkpt lat="35.25273" lon="-111.90312">
    <name>TP1367</name>
  </trkpt>
  <trkpt lat="35.25276" lon="-111.90337">
    <name>TP1368</name>
  </trkpt>
  <trkpt lat="35.25277" lon="-111.90348">
    <name>TP1369</name>
  </trkpt>
  <trkpt lat="35.25277" lon="-111.9035">
    <name>TP1370</name>
  </trkpt>
  <trkpt lat="35.25278" lon="-111.90361">
    <name>TP1371</name>
  </trkpt>
  <trkpt lat="35.25279" lon="-111.90375">
    <name>TP1372</name>
  </trkpt>
  <trkpt lat="35.25281" lon="-111.90388">
    <name>TP1373</name>
  </trkpt>
  <trkpt lat="35.25282" lon="-111.90407">
    <name>TP1374</name>
  </trkpt>
  <trkpt lat="35.25284" lon="-111.90427">
    <name>TP1375</name>
  </trkpt>
  <trkpt lat="35.25285" lon="-111.90444">
    <name>TP1376</name>
  </trkpt>
  <trkpt lat="35.25286" lon="-111.90457">
    <name>TP1377</name>
  </trkpt>
  <trkpt lat="35.25287" lon="-111.90474">
    <name>TP1378</name>
  </trkpt>
  <trkpt lat="35.25288" lon="-111.90489">
    <name>TP1379</name>
  </trkpt>
  <trkpt lat="35.25289" lon="-111.90504">
    <name>TP1380</name>
  </trkpt>
  <trkpt lat="35.2529" lon="-111.90523">
    <name>TP1381</name>
  </trkpt>
  <trkpt lat="35.2529" lon="-111.9054">
    <name>TP1382</name>
  </trkpt>
  <trkpt lat="35.25291" lon="-111.90557">
    <name>TP1383</name>
  </trkpt>
  <trkpt lat="35.25293" lon="-111.90601">
    <name>TP1384</name>
  </trkpt>
  <trkpt lat="35.25295" lon="-111.90645">
    <name>TP1385</name>
  </trkpt>
  <trkpt lat="35.25298" lon="-111.90691">
    <name>TP1386</name>
  </trkpt>
  <trkpt lat="35.253" lon="-111.9072">
    <name>TP1387</name>
  </trkpt>
  <trkpt lat="35.25301" lon="-111.90745">
    <name>TP1388</name>
  </trkpt>
  <trkpt lat="35.25303" lon="-111.90765">
    <name>TP1389</name>
  </trkpt>
  <trkpt lat="35.25304" lon="-111.9078">
    <name>TP1390</name>
  </trkpt>
  <trkpt lat="35.25309" lon="-111.90828">
    <name>TP1391</name>
  </trkpt>
  <trkpt lat="35.25311" lon="-111.90845">
    <name>TP1392</name>
  </trkpt>
  <trkpt lat="35.25314" lon="-111.90873">
    <name>TP1393</name>
  </trkpt>
  <trkpt lat="35.25316" lon="-111.90886">
    <name>TP1394</name>
  </trkpt>
  <trkpt lat="35.25319" lon="-111.90912">
    <name>TP1395</name>
  </trkpt>
  <trkpt lat="35.25321" lon="-111.9093">
    <name>TP1396</name>
  </trkpt>
  <trkpt lat="35.25325" lon="-111.90953">
    <name>TP1397</name>
  </trkpt>
  <trkpt lat="35.25328" lon="-111.90977">
    <name>TP1398</name>
  </trkpt>
  <trkpt lat="35.25333" lon="-111.91004">
    <name>TP1399</name>
  </trkpt>
  <trkpt lat="35.25336" lon="-111.91021">
    <name>TP1400</name>
  </trkpt>
  <trkpt lat="35.25339" lon="-111.9104">
    <name>TP1401</name>
  </trkpt>
  <trkpt lat="35.25339" lon="-111.91043">
    <name>TP1402</name>
  </trkpt>
  <trkpt lat="35.25342" lon="-111.91057">
    <name>TP1403</name>
  </trkpt>
  <trkpt lat="35.25345" lon="-111.91072">
    <name>TP1404</name>
  </trkpt>
  <trkpt lat="35.25347" lon="-111.91086">
    <name>TP1405</name>
  </trkpt>
  <trkpt lat="35.25352" lon="-111.91112">
    <name>TP1406</name>
  </trkpt>
  <trkpt lat="35.25355" lon="-111.91123">
    <name>TP1407</name>
  </trkpt>
  <trkpt lat="35.25357" lon="-111.91134">
    <name>TP1408</name>
  </trkpt>
  <trkpt lat="35.2536" lon="-111.91147">
    <name>TP1409</name>
  </trkpt>
  <trkpt lat="35.25363" lon="-111.91159">
    <name>TP1410</name>
  </trkpt>
  <trkpt lat="35.25365" lon="-111.91171">
    <name>TP1411</name>
  </trkpt>
  <trkpt lat="35.25372" lon="-111.91198">
    <name>TP1412</name>
  </trkpt>
  <trkpt lat="35.2538" lon="-111.91232">
    <name>TP1413</name>
  </trkpt>
  <trkpt lat="35.25389" lon="-111.91268">
    <name>TP1414</name>
  </trkpt>
  <trkpt lat="35.25393" lon="-111.91284">
    <name>TP1415</name>
  </trkpt>
  <trkpt lat="35.25399" lon="-111.91309">
    <name>TP1416</name>
  </trkpt>
  <trkpt lat="35.25411" lon="-111.91357">
    <name>TP1417</name>
  </trkpt>
  <trkpt lat="35.25422" lon="-111.91402">
    <name>TP1418</name>
  </trkpt>
  <trkpt lat="35.25441" lon="-111.91477">
    <name>TP1419</name>
  </trkpt>
  <trkpt lat="35.25457" lon="-111.91543">
    <name>TP1420</name>
  </trkpt>
  <trkpt lat="35.25469" lon="-111.91588">
    <name>TP1421</name>
  </trkpt>
  <trkpt lat="35.25477" lon="-111.91621">
    <name>TP1422</name>
  </trkpt>
  <trkpt lat="35.25484" lon="-111.91652">
    <name>TP1423</name>
  </trkpt>
  <trkpt lat="35.25488" lon="-111.91666">
    <name>TP1424</name>
  </trkpt>
  <trkpt lat="35.25493" lon="-111.91688">
    <name>TP1425</name>
  </trkpt>
  <trkpt lat="35.25497" lon="-111.91702">
    <name>TP1426</name>
  </trkpt>
  <trkpt lat="35.25503" lon="-111.91726">
    <name>TP1427</name>
  </trkpt>
  <trkpt lat="35.25508" lon="-111.91747">
    <name>TP1428</name>
  </trkpt>
  <trkpt lat="35.2551" lon="-111.91752">
    <name>TP1429</name>
  </trkpt>
  <trkpt lat="35.25532" lon="-111.91842">
    <name>TP1430</name>
  </trkpt>
  <trkpt lat="35.25535" lon="-111.91852">
    <name>TP1431</name>
  </trkpt>
  <trkpt lat="35.25543" lon="-111.91884">
    <name>TP1432</name>
  </trkpt>
  <trkpt lat="35.25558" lon="-111.91944">
    <name>TP1433</name>
  </trkpt>
  <trkpt lat="35.25566" lon="-111.91979">
    <name>TP1434</name>
  </trkpt>
  <trkpt lat="35.25567" lon="-111.91981">
    <name>TP1435</name>
  </trkpt>
  <trkpt lat="35.25571" lon="-111.92">
    <name>TP1436</name>
  </trkpt>
  <trkpt lat="35.25573" lon="-111.92005">
    <name>TP1437</name>
  </trkpt>
  <trkpt lat="35.2559" lon="-111.92076">
    <name>TP1438</name>
  </trkpt>
  <trkpt lat="35.2562" lon="-111.92196">
    <name>TP1439</name>
  </trkpt>
  <trkpt lat="35.25632" lon="-111.92241">
    <name>TP1440</name>
  </trkpt>
  <trkpt lat="35.2564" lon="-111.92274">
    <name>TP1441</name>
  </trkpt>
  <trkpt lat="35.25647" lon="-111.92305">
    <name>TP1442</name>
  </trkpt>
  <trkpt lat="35.25653" lon="-111.92331">
    <name>TP1443</name>
  </trkpt>
  <trkpt lat="35.25662" lon="-111.92366">
    <name>TP1444</name>
  </trkpt>
  <trkpt lat="35.25671" lon="-111.92405">
    <name>TP1445</name>
  </trkpt>
  <trkpt lat="35.25679" lon="-111.92439">
    <name>TP1446</name>
  </trkpt>
  <trkpt lat="35.25682" lon="-111.92457">
    <name>TP1447</name>
  </trkpt>
  <trkpt lat="35.25687" lon="-111.92482">
    <name>TP1448</name>
  </trkpt>
  <trkpt lat="35.25691" lon="-111.92504">
    <name>TP1449</name>
  </trkpt>
  <trkpt lat="35.25694" lon="-111.92522">
    <name>TP1450</name>
  </trkpt>
  <trkpt lat="35.25698" lon="-111.92545">
    <name>TP1451</name>
  </trkpt>
  <trkpt lat="35.25702" lon="-111.92573">
    <name>TP1452</name>
  </trkpt>
  <trkpt lat="35.25706" lon="-111.92598">
    <name>TP1453</name>
  </trkpt>
  <trkpt lat="35.25709" lon="-111.92621">
    <name>TP1454</name>
  </trkpt>
  <trkpt lat="35.25713" lon="-111.92648">
    <name>TP1455</name>
  </trkpt>
  <trkpt lat="35.25716" lon="-111.92674">
    <name>TP1456</name>
  </trkpt>
  <trkpt lat="35.25719" lon="-111.927">
    <name>TP1457</name>
  </trkpt>
  <trkpt lat="35.2572" lon="-111.92706">
    <name>TP1458</name>
  </trkpt>
  <trkpt lat="35.25721" lon="-111.92728">
    <name>TP1459</name>
  </trkpt>
  <trkpt lat="35.25722" lon="-111.92731">
    <name>TP1460</name>
  </trkpt>
  <trkpt lat="35.25723" lon="-111.92749">
    <name>TP1461</name>
  </trkpt>
  <trkpt lat="35.25725" lon="-111.92771">
    <name>TP1462</name>
  </trkpt>
  <trkpt lat="35.25727" lon="-111.92813">
    <name>TP1463</name>
  </trkpt>
  <trkpt lat="35.25728" lon="-111.92842">
    <name>TP1464</name>
  </trkpt>
  <trkpt lat="35.25729" lon="-111.92857">
    <name>TP1465</name>
  </trkpt>
  <trkpt lat="35.25729" lon="-111.92877">
    <name>TP1466</name>
  </trkpt>
  <trkpt lat="35.2573" lon="-111.92911">
    <name>TP1467</name>
  </trkpt>
  <trkpt lat="35.2573" lon="-111.92934">
    <name>TP1468</name>
  </trkpt>
  <trkpt lat="35.2573" lon="-111.92957">
    <name>TP1469</name>
  </trkpt>
  <trkpt lat="35.2573" lon="-111.92978">
    <name>TP1470</name>
  </trkpt>
  <trkpt lat="35.2573" lon="-111.92993">
    <name>TP1471</name>
  </trkpt>
  <trkpt lat="35.2573" lon="-111.92996">
    <name>TP1472</name>
  </trkpt>
  <trkpt lat="35.25729" lon="-111.93018">
    <name>TP1473</name>
  </trkpt>
  <trkpt lat="35.25728" lon="-111.93043">
    <name>TP1474</name>
  </trkpt>
  <trkpt lat="35.25726" lon="-111.93081">
    <name>TP1475</name>
  </trkpt>
  <trkpt lat="35.25726" lon="-111.93082">
    <name>TP1476</name>
  </trkpt>
  <trkpt lat="35.25725" lon="-111.93103">
    <name>TP1477</name>
  </trkpt>
  <trkpt lat="35.25725" lon="-111.93108">
    <name>TP1478</name>
  </trkpt>
  <trkpt lat="35.25723" lon="-111.93125">
    <name>TP1479</name>
  </trkpt>
  <trkpt lat="35.25723" lon="-111.93129">
    <name>TP1480</name>
  </trkpt>
  <trkpt lat="35.25721" lon="-111.9315">
    <name>TP1481</name>
  </trkpt>
  <trkpt lat="35.25719" lon="-111.93173">
    <name>TP1482</name>
  </trkpt>
  <trkpt lat="35.25717" lon="-111.93199">
    <name>TP1483</name>
  </trkpt>
  <trkpt lat="35.25713" lon="-111.93229">
    <name>TP1484</name>
  </trkpt>
  <trkpt lat="35.25713" lon="-111.93234">
    <name>TP1485</name>
  </trkpt>
  <trkpt lat="35.2571" lon="-111.9325">
    <name>TP1486</name>
  </trkpt>
  <trkpt lat="35.25709" lon="-111.93264">
    <name>TP1487</name>
  </trkpt>
  <trkpt lat="35.25706" lon="-111.93281">
    <name>TP1488</name>
  </trkpt>
  <trkpt lat="35.25705" lon="-111.93294">
    <name>TP1489</name>
  </trkpt>
  <trkpt lat="35.25699" lon="-111.93333">
    <name>TP1490</name>
  </trkpt>
  <trkpt lat="35.25693" lon="-111.93364">
    <name>TP1491</name>
  </trkpt>
  <trkpt lat="35.25691" lon="-111.93375">
    <name>TP1492</name>
  </trkpt>
  <trkpt lat="35.25684" lon="-111.93413">
    <name>TP1493</name>
  </trkpt>
  <trkpt lat="35.25678" lon="-111.9344">
    <name>TP1494</name>
  </trkpt>
  <trkpt lat="35.25678" lon="-111.93441">
    <name>TP1495</name>
  </trkpt>
  <trkpt lat="35.25673" lon="-111.93465">
    <name>TP1496</name>
  </trkpt>
  <trkpt lat="35.2567" lon="-111.9348">
    <name>TP1497</name>
  </trkpt>
  <trkpt lat="35.25663" lon="-111.93506">
    <name>TP1498</name>
  </trkpt>
  <trkpt lat="35.25658" lon="-111.93529">
    <name>TP1499</name>
  </trkpt>
  <trkpt lat="35.25649" lon="-111.93567">
    <name>TP1500</name>
  </trkpt>
  <trkpt lat="35.25647" lon="-111.93579">
    <name>TP1501</name>
  </trkpt>
  <trkpt lat="35.25644" lon="-111.93589">
    <name>TP1502</name>
  </trkpt>
  <trkpt lat="35.2564" lon="-111.93606">
    <name>TP1503</name>
  </trkpt>
  <trkpt lat="35.25632" lon="-111.93641">
    <name>TP1504</name>
  </trkpt>
  <trkpt lat="35.25626" lon="-111.93665">
    <name>TP1505</name>
  </trkpt>
  <trkpt lat="35.25619" lon="-111.93691">
    <name>TP1506</name>
  </trkpt>
  <trkpt lat="35.25614" lon="-111.93714">
    <name>TP1507</name>
  </trkpt>
  <trkpt lat="35.25614" lon="-111.93715">
    <name>TP1508</name>
  </trkpt>
  <trkpt lat="35.25607" lon="-111.93742">
    <name>TP1509</name>
  </trkpt>
  <trkpt lat="35.25595" lon="-111.93793">
    <name>TP1510</name>
  </trkpt>
  <trkpt lat="35.25583" lon="-111.93841">
    <name>TP1511</name>
  </trkpt>
  <trkpt lat="35.25581" lon="-111.9385">
    <name>TP1512</name>
  </trkpt>
  <trkpt lat="35.25577" lon="-111.93868">
    <name>TP1513</name>
  </trkpt>
  <trkpt lat="35.2557" lon="-111.93894">
    <name>TP1514</name>
  </trkpt>
  <trkpt lat="35.25565" lon="-111.93917">
    <name>TP1515</name>
  </trkpt>
  <trkpt lat="35.25561" lon="-111.93932">
    <name>TP1516</name>
  </trkpt>
  <trkpt lat="35.25557" lon="-111.93951">
    <name>TP1517</name>
  </trkpt>
  <trkpt lat="35.25548" lon="-111.93987">
    <name>TP1518</name>
  </trkpt>
  <trkpt lat="35.25532" lon="-111.94053">
    <name>TP1519</name>
  </trkpt>
  <trkpt lat="35.2552" lon="-111.94101">
    <name>TP1520</name>
  </trkpt>
  <trkpt lat="35.25514" lon="-111.94128">
    <name>TP1521</name>
  </trkpt>
  <trkpt lat="35.25511" lon="-111.94141">
    <name>TP1522</name>
  </trkpt>
  <trkpt lat="35.25495" lon="-111.94207">
    <name>TP1523</name>
  </trkpt>
  <trkpt lat="35.25478" lon="-111.94277">
    <name>TP1524</name>
  </trkpt>
  <trkpt lat="35.2547" lon="-111.94309">
    <name>TP1525</name>
  </trkpt>
  <trkpt lat="35.2546" lon="-111.94352">
    <name>TP1526</name>
  </trkpt>
  <trkpt lat="35.25447" lon="-111.94405">
    <name>TP1527</name>
  </trkpt>
  <trkpt lat="35.25439" lon="-111.94436">
    <name>TP1528</name>
  </trkpt>
  <trkpt lat="35.25434" lon="-111.94457">
    <name>TP1529</name>
  </trkpt>
  <trkpt lat="35.25424" lon="-111.94499">
    <name>TP1530</name>
  </trkpt>
  <trkpt lat="35.25417" lon="-111.94527">
    <name>TP1531</name>
  </trkpt>
  <trkpt lat="35.25413" lon="-111.94545">
    <name>TP1532</name>
  </trkpt>
  <trkpt lat="35.25411" lon="-111.94555">
    <name>TP1533</name>
  </trkpt>
  <trkpt lat="35.25402" lon="-111.94593">
    <name>TP1534</name>
  </trkpt>
  <trkpt lat="35.25395" lon="-111.94622">
    <name>TP1535</name>
  </trkpt>
  <trkpt lat="35.25383" lon="-111.94674">
    <name>TP1536</name>
  </trkpt>
  <trkpt lat="35.25373" lon="-111.94722">
    <name>TP1537</name>
  </trkpt>
  <trkpt lat="35.25372" lon="-111.94728">
    <name>TP1538</name>
  </trkpt>
  <trkpt lat="35.25369" lon="-111.94742">
    <name>TP1539</name>
  </trkpt>
  <trkpt lat="35.25366" lon="-111.94755">
    <name>TP1540</name>
  </trkpt>
  <trkpt lat="35.2536" lon="-111.94782">
    <name>TP1541</name>
  </trkpt>
  <trkpt lat="35.25354" lon="-111.94813">
    <name>TP1542</name>
  </trkpt>
  <trkpt lat="35.25342" lon="-111.9487">
    <name>TP1543</name>
  </trkpt>
  <trkpt lat="35.25339" lon="-111.94884">
    <name>TP1544</name>
  </trkpt>
  <trkpt lat="35.25336" lon="-111.94899">
    <name>TP1545</name>
  </trkpt>
  <trkpt lat="35.25328" lon="-111.94934">
    <name>TP1546</name>
  </trkpt>
  <trkpt lat="35.25321" lon="-111.94967">
    <name>TP1547</name>
  </trkpt>
  <trkpt lat="35.25316" lon="-111.94992">
    <name>TP1548</name>
  </trkpt>
  <trkpt lat="35.25309" lon="-111.95022">
    <name>TP1549</name>
  </trkpt>
  <trkpt lat="35.25305" lon="-111.95041">
    <name>TP1550</name>
  </trkpt>
  <trkpt lat="35.25302" lon="-111.95054">
    <name>TP1551</name>
  </trkpt>
  <trkpt lat="35.25295" lon="-111.95086">
    <name>TP1552</name>
  </trkpt>
  <trkpt lat="35.25295" lon="-111.95087">
    <name>TP1553</name>
  </trkpt>
  <trkpt lat="35.25291" lon="-111.95101">
    <name>TP1554</name>
  </trkpt>
  <trkpt lat="35.25284" lon="-111.95131">
    <name>TP1555</name>
  </trkpt>
  <trkpt lat="35.25276" lon="-111.95164">
    <name>TP1556</name>
  </trkpt>
  <trkpt lat="35.25268" lon="-111.95198">
    <name>TP1557</name>
  </trkpt>
  <trkpt lat="35.25262" lon="-111.95227">
    <name>TP1558</name>
  </trkpt>
  <trkpt lat="35.25257" lon="-111.95245">
    <name>TP1559</name>
  </trkpt>
  <trkpt lat="35.25246" lon="-111.95291">
    <name>TP1560</name>
  </trkpt>
  <trkpt lat="35.25239" lon="-111.95323">
    <name>TP1561</name>
  </trkpt>
  <trkpt lat="35.25235" lon="-111.95339">
    <name>TP1562</name>
  </trkpt>
  <trkpt lat="35.25229" lon="-111.95363">
    <name>TP1563</name>
  </trkpt>
  <trkpt lat="35.25226" lon="-111.95374">
    <name>TP1564</name>
  </trkpt>
  <trkpt lat="35.25221" lon="-111.95393">
    <name>TP1565</name>
  </trkpt>
  <trkpt lat="35.2522" lon="-111.95398">
    <name>TP1566</name>
  </trkpt>
  <trkpt lat="35.25204" lon="-111.95465">
    <name>TP1567</name>
  </trkpt>
  <trkpt lat="35.25184" lon="-111.95548">
    <name>TP1568</name>
  </trkpt>
  <trkpt lat="35.25173" lon="-111.95595">
    <name>TP1569</name>
  </trkpt>
  <trkpt lat="35.25155" lon="-111.95666">
    <name>TP1570</name>
  </trkpt>
  <trkpt lat="35.2514" lon="-111.95731">
    <name>TP1571</name>
  </trkpt>
  <trkpt lat="35.25129" lon="-111.95774">
    <name>TP1572</name>
  </trkpt>
  <trkpt lat="35.25119" lon="-111.95817">
    <name>TP1573</name>
  </trkpt>
  <trkpt lat="35.25108" lon="-111.95863">
    <name>TP1574</name>
  </trkpt>
  <trkpt lat="35.25097" lon="-111.95908">
    <name>TP1575</name>
  </trkpt>
  <trkpt lat="35.25096" lon="-111.9591">
    <name>TP1576</name>
  </trkpt>
  <trkpt lat="35.25092" lon="-111.95929">
    <name>TP1577</name>
  </trkpt>
  <trkpt lat="35.25091" lon="-111.95931">
    <name>TP1578</name>
  </trkpt>
  <trkpt lat="35.25088" lon="-111.95945">
    <name>TP1579</name>
  </trkpt>
  <trkpt lat="35.25087" lon="-111.9595">
    <name>TP1580</name>
  </trkpt>
  <trkpt lat="35.25075" lon="-111.95998">
    <name>TP1581</name>
  </trkpt>
  <trkpt lat="35.25049" lon="-111.96105">
    <name>TP1582</name>
  </trkpt>
  <trkpt lat="35.25032" lon="-111.96176">
    <name>TP1583</name>
  </trkpt>
  <trkpt lat="35.25017" lon="-111.96239">
    <name>TP1584</name>
  </trkpt>
  <trkpt lat="35.2501" lon="-111.96267">
    <name>TP1585</name>
  </trkpt>
  <trkpt lat="35.25005" lon="-111.96288">
    <name>TP1586</name>
  </trkpt>
  <trkpt lat="35.25003" lon="-111.96294">
    <name>TP1587</name>
  </trkpt>
  <trkpt lat="35.25" lon="-111.96309">
    <name>TP1588</name>
  </trkpt>
  <trkpt lat="35.24994" lon="-111.96332">
    <name>TP1589</name>
  </trkpt>
  <trkpt lat="35.24993" lon="-111.96338">
    <name>TP1590</name>
  </trkpt>
  <trkpt lat="35.24986" lon="-111.96366">
    <name>TP1591</name>
  </trkpt>
  <trkpt lat="35.24979" lon="-111.96393">
    <name>TP1592</name>
  </trkpt>
  <trkpt lat="35.24976" lon="-111.96407">
    <name>TP1593</name>
  </trkpt>
  <trkpt lat="35.24974" lon="-111.96414">
    <name>TP1594</name>
  </trkpt>
  <trkpt lat="35.2497" lon="-111.96431">
    <name>TP1595</name>
  </trkpt>
  <trkpt lat="35.24969" lon="-111.96435">
    <name>TP1596</name>
  </trkpt>
  <trkpt lat="35.24968" lon="-111.96438">
    <name>TP1597</name>
  </trkpt>
  <trkpt lat="35.24964" lon="-111.96457">
    <name>TP1598</name>
  </trkpt>
  <trkpt lat="35.24963" lon="-111.96459">
    <name>TP1599</name>
  </trkpt>
  <trkpt lat="35.24955" lon="-111.96496">
    <name>TP1600</name>
  </trkpt>
  <trkpt lat="35.24947" lon="-111.96528">
    <name>TP1601</name>
  </trkpt>
  <trkpt lat="35.24938" lon="-111.96565">
    <name>TP1602</name>
  </trkpt>
  <trkpt lat="35.24933" lon="-111.96583">
    <name>TP1603</name>
  </trkpt>
  <trkpt lat="35.24932" lon="-111.96587">
    <name>TP1604</name>
  </trkpt>
  <trkpt lat="35.24928" lon="-111.96604">
    <name>TP1605</name>
  </trkpt>
  <trkpt lat="35.24927" lon="-111.96607">
    <name>TP1606</name>
  </trkpt>
  <trkpt lat="35.24926" lon="-111.96612">
    <name>TP1607</name>
  </trkpt>
  <trkpt lat="35.24917" lon="-111.96648">
    <name>TP1608</name>
  </trkpt>
  <trkpt lat="35.24907" lon="-111.96691">
    <name>TP1609</name>
  </trkpt>
  <trkpt lat="35.24896" lon="-111.96737">
    <name>TP1610</name>
  </trkpt>
  <trkpt lat="35.24889" lon="-111.96768">
    <name>TP1611</name>
  </trkpt>
  <trkpt lat="35.24883" lon="-111.96794">
    <name>TP1612</name>
  </trkpt>
  <trkpt lat="35.24875" lon="-111.96836">
    <name>TP1613</name>
  </trkpt>
  <trkpt lat="35.2487" lon="-111.96859">
    <name>TP1614</name>
  </trkpt>
  <trkpt lat="35.24866" lon="-111.9688">
    <name>TP1615</name>
  </trkpt>
  <trkpt lat="35.24866" lon="-111.96882">
    <name>TP1616</name>
  </trkpt>
  <trkpt lat="35.24866" lon="-111.96883">
    <name>TP1617</name>
  </trkpt>
  <trkpt lat="35.24862" lon="-111.96903">
    <name>TP1618</name>
  </trkpt>
  <trkpt lat="35.24857" lon="-111.96929">
    <name>TP1619</name>
  </trkpt>
  <trkpt lat="35.24854" lon="-111.96947">
    <name>TP1620</name>
  </trkpt>
  <trkpt lat="35.24853" lon="-111.96953">
    <name>TP1621</name>
  </trkpt>
  <trkpt lat="35.24851" lon="-111.96966">
    <name>TP1622</name>
  </trkpt>
  <trkpt lat="35.2485" lon="-111.96973">
    <name>TP1623</name>
  </trkpt>
  <trkpt lat="35.24847" lon="-111.96988">
    <name>TP1624</name>
  </trkpt>
  <trkpt lat="35.24847" lon="-111.96991">
    <name>TP1625</name>
  </trkpt>
  <trkpt lat="35.24846" lon="-111.96998">
    <name>TP1626</name>
  </trkpt>
  <trkpt lat="35.24841" lon="-111.97029">
    <name>TP1627</name>
  </trkpt>
  <trkpt lat="35.24837" lon="-111.97053">
    <name>TP1628</name>
  </trkpt>
  <trkpt lat="35.24834" lon="-111.97075">
    <name>TP1629</name>
  </trkpt>
  <trkpt lat="35.24833" lon="-111.97076">
    <name>TP1630</name>
  </trkpt>
  <trkpt lat="35.24833" lon="-111.97077">
    <name>TP1631</name>
  </trkpt>
  <trkpt lat="35.24831" lon="-111.97096">
    <name>TP1632</name>
  </trkpt>
  <trkpt lat="35.2483" lon="-111.97099">
    <name>TP1633</name>
  </trkpt>
  <trkpt lat="35.2483" lon="-111.97102">
    <name>TP1634</name>
  </trkpt>
  <trkpt lat="35.24825" lon="-111.97137">
    <name>TP1635</name>
  </trkpt>
  <trkpt lat="35.24819" lon="-111.97189">
    <name>TP1636</name>
  </trkpt>
  <trkpt lat="35.24815" lon="-111.97221">
    <name>TP1637</name>
  </trkpt>
  <trkpt lat="35.2481" lon="-111.97268">
    <name>TP1638</name>
  </trkpt>
  <trkpt lat="35.24809" lon="-111.97273">
    <name>TP1639</name>
  </trkpt>
  <trkpt lat="35.24807" lon="-111.97292">
    <name>TP1640</name>
  </trkpt>
  <trkpt lat="35.24805" lon="-111.97316">
    <name>TP1641</name>
  </trkpt>
  <trkpt lat="35.24803" lon="-111.97336">
    <name>TP1642</name>
  </trkpt>
  <trkpt lat="35.248" lon="-111.9737">
    <name>TP1643</name>
  </trkpt>
  <trkpt lat="35.24798" lon="-111.97407">
    <name>TP1644</name>
  </trkpt>
  <trkpt lat="35.24795" lon="-111.97438">
    <name>TP1645</name>
  </trkpt>
  <trkpt lat="35.24794" lon="-111.97455">
    <name>TP1646</name>
  </trkpt>
  <trkpt lat="35.24794" lon="-111.9747">
    <name>TP1647</name>
  </trkpt>
  <trkpt lat="35.24791" lon="-111.97511">
    <name>TP1648</name>
  </trkpt>
  <trkpt lat="35.24791" lon="-111.9752">
    <name>TP1649</name>
  </trkpt>
  <trkpt lat="35.2479" lon="-111.97542">
    <name>TP1650</name>
  </trkpt>
  <trkpt lat="35.24789" lon="-111.97558">
    <name>TP1651</name>
  </trkpt>
  <trkpt lat="35.24787" lon="-111.97608">
    <name>TP1652</name>
  </trkpt>
  <trkpt lat="35.24786" lon="-111.97639">
    <name>TP1653</name>
  </trkpt>
  <trkpt lat="35.24785" lon="-111.97677">
    <name>TP1654</name>
  </trkpt>
  <trkpt lat="35.24785" lon="-111.9771">
    <name>TP1655</name>
  </trkpt>
  <trkpt lat="35.24785" lon="-111.97742">
    <name>TP1656</name>
  </trkpt>
  <trkpt lat="35.24785" lon="-111.97778">
    <name>TP1657</name>
  </trkpt>
  <trkpt lat="35.24785" lon="-111.97811">
    <name>TP1658</name>
  </trkpt>
  <trkpt lat="35.24786" lon="-111.97837">
    <name>TP1659</name>
  </trkpt>
  <trkpt lat="35.24786" lon="-111.97863">
    <name>TP1660</name>
  </trkpt>
  <trkpt lat="35.24787" lon="-111.97876">
    <name>TP1661</name>
  </trkpt>
  <trkpt lat="35.24787" lon="-111.97906">
    <name>TP1662</name>
  </trkpt>
  <trkpt lat="35.24789" lon="-111.97935">
    <name>TP1663</name>
  </trkpt>
  <trkpt lat="35.2479" lon="-111.97967">
    <name>TP1664</name>
  </trkpt>
  <trkpt lat="35.24791" lon="-111.97986">
    <name>TP1665</name>
  </trkpt>
  <trkpt lat="35.24793" lon="-111.9802">
    <name>TP1666</name>
  </trkpt>
  <trkpt lat="35.24795" lon="-111.98059">
    <name>TP1667</name>
  </trkpt>
  <trkpt lat="35.24798" lon="-111.98102">
    <name>TP1668</name>
  </trkpt>
  <trkpt lat="35.24802" lon="-111.98143">
    <name>TP1669</name>
  </trkpt>
  <trkpt lat="35.24805" lon="-111.98182">
    <name>TP1670</name>
  </trkpt>
  <trkpt lat="35.24809" lon="-111.98221">
    <name>TP1671</name>
  </trkpt>
  <trkpt lat="35.24814" lon="-111.98263">
    <name>TP1672</name>
  </trkpt>
  <trkpt lat="35.24817" lon="-111.98291">
    <name>TP1673</name>
  </trkpt>
  <trkpt lat="35.24821" lon="-111.9832">
    <name>TP1674</name>
  </trkpt>
  <trkpt lat="35.24824" lon="-111.9835">
    <name>TP1675</name>
  </trkpt>
  <trkpt lat="35.24833" lon="-111.98409">
    <name>TP1676</name>
  </trkpt>
  <trkpt lat="35.24834" lon="-111.98417">
    <name>TP1677</name>
  </trkpt>
  <trkpt lat="35.24842" lon="-111.98468">
    <name>TP1678</name>
  </trkpt>
  <trkpt lat="35.24848" lon="-111.98505">
    <name>TP1679</name>
  </trkpt>
  <trkpt lat="35.24856" lon="-111.98555">
    <name>TP1680</name>
  </trkpt>
  <trkpt lat="35.24859" lon="-111.98573">
    <name>TP1681</name>
  </trkpt>
  <trkpt lat="35.24861" lon="-111.98584">
    <name>TP1682</name>
  </trkpt>
  <trkpt lat="35.24867" lon="-111.98616">
    <name>TP1683</name>
  </trkpt>
  <trkpt lat="35.24867" lon="-111.98617">
    <name>TP1684</name>
  </trkpt>
  <trkpt lat="35.24872" lon="-111.98637">
    <name>TP1685</name>
  </trkpt>
  <trkpt lat="35.24874" lon="-111.98648">
    <name>TP1686</name>
  </trkpt>
  <trkpt lat="35.2488" lon="-111.9868">
    <name>TP1687</name>
  </trkpt>
  <trkpt lat="35.24881" lon="-111.98682">
    <name>TP1688</name>
  </trkpt>
  <trkpt lat="35.24887" lon="-111.98712">
    <name>TP1689</name>
  </trkpt>
  <trkpt lat="35.24889" lon="-111.98723">
    <name>TP1690</name>
  </trkpt>
  <trkpt lat="35.24894" lon="-111.98743">
    <name>TP1691</name>
  </trkpt>
  <trkpt lat="35.24894" lon="-111.98744">
    <name>TP1692</name>
  </trkpt>
  <trkpt lat="35.24899" lon="-111.98765">
    <name>TP1693</name>
  </trkpt>
  <trkpt lat="35.24899" lon="-111.98767">
    <name>TP1694</name>
  </trkpt>
  <trkpt lat="35.24903" lon="-111.98787">
    <name>TP1695</name>
  </trkpt>
  <trkpt lat="35.24911" lon="-111.98819">
    <name>TP1696</name>
  </trkpt>
  <trkpt lat="35.24913" lon="-111.98826">
    <name>TP1697</name>
  </trkpt>
  <trkpt lat="35.24916" lon="-111.9884">
    <name>TP1698</name>
  </trkpt>
  <trkpt lat="35.24921" lon="-111.98859">
    <name>TP1699</name>
  </trkpt>
  <trkpt lat="35.24922" lon="-111.98861">
    <name>TP1700</name>
  </trkpt>
  <trkpt lat="35.24924" lon="-111.98873">
    <name>TP1701</name>
  </trkpt>
  <trkpt lat="35.24928" lon="-111.98887">
    <name>TP1702</name>
  </trkpt>
  <trkpt lat="35.24932" lon="-111.98904">
    <name>TP1703</name>
  </trkpt>
  <trkpt lat="35.24935" lon="-111.98913">
    <name>TP1704</name>
  </trkpt>
  <trkpt lat="35.24938" lon="-111.98925">
    <name>TP1705</name>
  </trkpt>
  <trkpt lat="35.24941" lon="-111.98938">
    <name>TP1706</name>
  </trkpt>
  <trkpt lat="35.24948" lon="-111.98961">
    <name>TP1707</name>
  </trkpt>
  <trkpt lat="35.24949" lon="-111.98966">
    <name>TP1708</name>
  </trkpt>
  <trkpt lat="35.24955" lon="-111.98986">
    <name>TP1709</name>
  </trkpt>
  <trkpt lat="35.24961" lon="-111.99008">
    <name>TP1710</name>
  </trkpt>
  <trkpt lat="35.24963" lon="-111.99016">
    <name>TP1711</name>
  </trkpt>
  <trkpt lat="35.24967" lon="-111.99029">
    <name>TP1712</name>
  </trkpt>
  <trkpt lat="35.24972" lon="-111.99047">
    <name>TP1713</name>
  </trkpt>
  <trkpt lat="35.24979" lon="-111.9907">
    <name>TP1714</name>
  </trkpt>
  <trkpt lat="35.24982" lon="-111.99078">
    <name>TP1715</name>
  </trkpt>
  <trkpt lat="35.24986" lon="-111.99091">
    <name>TP1716</name>
  </trkpt>
  <trkpt lat="35.24992" lon="-111.9911">
    <name>TP1717</name>
  </trkpt>
  <trkpt lat="35.24999" lon="-111.99132">
    <name>TP1718</name>
  </trkpt>
  <trkpt lat="35.25" lon="-111.99136">
    <name>TP1719</name>
  </trkpt>
  <trkpt lat="35.25008" lon="-111.9916">
    <name>TP1720</name>
  </trkpt>
  <trkpt lat="35.25017" lon="-111.99187">
    <name>TP1721</name>
  </trkpt>
  <trkpt lat="35.25026" lon="-111.99215">
    <name>TP1722</name>
  </trkpt>
  <trkpt lat="35.25034" lon="-111.99237">
    <name>TP1723</name>
  </trkpt>
  <trkpt lat="35.25042" lon="-111.9926">
    <name>TP1724</name>
  </trkpt>
  <trkpt lat="35.25053" lon="-111.9929">
    <name>TP1725</name>
  </trkpt>
  <trkpt lat="35.25054" lon="-111.99294">
    <name>TP1726</name>
  </trkpt>
  <trkpt lat="35.25063" lon="-111.99318">
    <name>TP1727</name>
  </trkpt>
  <trkpt lat="35.25075" lon="-111.99355">
    <name>TP1728</name>
  </trkpt>
  <trkpt lat="35.25088" lon="-111.9939">
    <name>TP1729</name>
  </trkpt>
  <trkpt lat="35.2509" lon="-111.99395">
    <name>TP1730</name>
  </trkpt>
  <trkpt lat="35.25108" lon="-111.99448">
    <name>TP1731</name>
  </trkpt>
  <trkpt lat="35.25119" lon="-111.99476">
    <name>TP1732</name>
  </trkpt>
  <trkpt lat="35.25123" lon="-111.99489">
    <name>TP1733</name>
  </trkpt>
  <trkpt lat="35.25142" lon="-111.99542">
    <name>TP1734</name>
  </trkpt>
  <trkpt lat="35.25147" lon="-111.99557">
    <name>TP1735</name>
  </trkpt>
  <trkpt lat="35.25157" lon="-111.99583">
    <name>TP1736</name>
  </trkpt>
  <trkpt lat="35.25171" lon="-111.99623">
    <name>TP1737</name>
  </trkpt>
  <trkpt lat="35.25176" lon="-111.99638">
    <name>TP1738</name>
  </trkpt>
  <trkpt lat="35.25183" lon="-111.99658">
    <name>TP1739</name>
  </trkpt>
  <trkpt lat="35.2519" lon="-111.99678">
    <name>TP1740</name>
  </trkpt>
  <trkpt lat="35.25202" lon="-111.99712">
    <name>TP1741</name>
  </trkpt>
  <trkpt lat="35.25205" lon="-111.99719">
    <name>TP1742</name>
  </trkpt>
  <trkpt lat="35.25212" lon="-111.99739">
    <name>TP1743</name>
  </trkpt>
  <trkpt lat="35.25215" lon="-111.99748">
    <name>TP1744</name>
  </trkpt>
  <trkpt lat="35.25227" lon="-111.99783">
    <name>TP1745</name>
  </trkpt>
  <trkpt lat="35.25235" lon="-111.99804">
    <name>TP1746</name>
  </trkpt>
  <trkpt lat="35.25243" lon="-111.99829">
    <name>TP1747</name>
  </trkpt>
  <trkpt lat="35.25253" lon="-111.99859">
    <name>TP1748</name>
  </trkpt>
  <trkpt lat="35.25263" lon="-111.99891">
    <name>TP1749</name>
  </trkpt>
  <trkpt lat="35.25272" lon="-111.99919">
    <name>TP1750</name>
  </trkpt>
  <trkpt lat="35.25277" lon="-111.99937">
    <name>TP1751</name>
  </trkpt>
  <trkpt lat="35.25279" lon="-111.99943">
    <name>TP1752</name>
  </trkpt>
  <trkpt lat="35.25282" lon="-111.99952">
    <name>TP1753</name>
  </trkpt>
  <trkpt lat="35.25285" lon="-111.99962">
    <name>TP1754</name>
  </trkpt>
  <trkpt lat="35.25293" lon="-111.99988">
    <name>TP1755</name>
  </trkpt>
  <trkpt lat="35.25314" lon="-112.00063">
    <name>TP1756</name>
  </trkpt>
  <trkpt lat="35.25334" lon="-112.0014">
    <name>TP1757</name>
  </trkpt>
  <trkpt lat="35.25363" lon="-112.00261">
    <name>TP1758</name>
  </trkpt>
  <trkpt lat="35.25379" lon="-112.00324">
    <name>TP1759</name>
  </trkpt>
  <trkpt lat="35.2538" lon="-112.00329">
    <name>TP1760</name>
  </trkpt>
  <trkpt lat="35.25404" lon="-112.0043">
    <name>TP1761</name>
  </trkpt>
  <trkpt lat="35.25404" lon="-112.00431">
    <name>TP1762</name>
  </trkpt>
  <trkpt lat="35.25409" lon="-112.00451">
    <name>TP1763</name>
  </trkpt>
  <trkpt lat="35.25444" lon="-112.00599">
    <name>TP1764</name>
  </trkpt>
  <trkpt lat="35.25449" lon="-112.0062">
    <name>TP1765</name>
  </trkpt>
  <trkpt lat="35.25485" lon="-112.00768">
    <name>TP1766</name>
  </trkpt>
  <trkpt lat="35.25489" lon="-112.00786">
    <name>TP1767</name>
  </trkpt>
  <trkpt lat="35.25494" lon="-112.00807">
    <name>TP1768</name>
  </trkpt>
  <trkpt lat="35.25496" lon="-112.00815">
    <name>TP1769</name>
  </trkpt>
  <trkpt lat="35.25523" lon="-112.00927">
    <name>TP1770</name>
  </trkpt>
  <trkpt lat="35.25539" lon="-112.00994">
    <name>TP1771</name>
  </trkpt>
  <trkpt lat="35.25553" lon="-112.01054">
    <name>TP1772</name>
  </trkpt>
  <trkpt lat="35.2556" lon="-112.01082">
    <name>TP1773</name>
  </trkpt>
  <trkpt lat="35.25566" lon="-112.0111">
    <name>TP1774</name>
  </trkpt>
  <trkpt lat="35.25572" lon="-112.01132">
    <name>TP1775</name>
  </trkpt>
  <trkpt lat="35.25573" lon="-112.01139">
    <name>TP1776</name>
  </trkpt>
  <trkpt lat="35.25578" lon="-112.0116">
    <name>TP1777</name>
  </trkpt>
  <trkpt lat="35.25579" lon="-112.01162">
    <name>TP1778</name>
  </trkpt>
  <trkpt lat="35.25585" lon="-112.01188">
    <name>TP1779</name>
  </trkpt>
  <trkpt lat="35.25588" lon="-112.01202">
    <name>TP1780</name>
  </trkpt>
  <trkpt lat="35.25592" lon="-112.01218">
    <name>TP1781</name>
  </trkpt>
  <trkpt lat="35.25593" lon="-112.01223">
    <name>TP1782</name>
  </trkpt>
  <trkpt lat="35.25599" lon="-112.01244">
    <name>TP1783</name>
  </trkpt>
  <trkpt lat="35.25602" lon="-112.01257">
    <name>TP1784</name>
  </trkpt>
  <trkpt lat="35.25614" lon="-112.01308">
    <name>TP1785</name>
  </trkpt>
  <trkpt lat="35.25617" lon="-112.01322">
    <name>TP1786</name>
  </trkpt>
  <trkpt lat="35.25624" lon="-112.0135">
    <name>TP1787</name>
  </trkpt>
  <trkpt lat="35.25629" lon="-112.01371">
    <name>TP1788</name>
  </trkpt>
  <trkpt lat="35.25633" lon="-112.01389">
    <name>TP1789</name>
  </trkpt>
  <trkpt lat="35.25634" lon="-112.01392">
    <name>TP1790</name>
  </trkpt>
  <trkpt lat="35.25649" lon="-112.01456">
    <name>TP1791</name>
  </trkpt>
  <trkpt lat="35.25651" lon="-112.01463">
    <name>TP1792</name>
  </trkpt>
  <trkpt lat="35.25664" lon="-112.01517">
    <name>TP1793</name>
  </trkpt>
  <trkpt lat="35.25664" lon="-112.01519">
    <name>TP1794</name>
  </trkpt>
  <trkpt lat="35.25669" lon="-112.0154">
    <name>TP1795</name>
  </trkpt>
  <trkpt lat="35.25685" lon="-112.01605">
    <name>TP1796</name>
  </trkpt>
  <trkpt lat="35.257" lon="-112.01667">
    <name>TP1797</name>
  </trkpt>
  <trkpt lat="35.257" lon="-112.0167">
    <name>TP1798</name>
  </trkpt>
  <trkpt lat="35.2571" lon="-112.01709">
    <name>TP1799</name>
  </trkpt>
  <trkpt lat="35.25714" lon="-112.01726">
    <name>TP1800</name>
  </trkpt>
  <trkpt lat="35.25721" lon="-112.01755">
    <name>TP1801</name>
  </trkpt>
  <trkpt lat="35.25725" lon="-112.01773">
    <name>TP1802</name>
  </trkpt>
  <trkpt lat="35.2573" lon="-112.01792">
    <name>TP1803</name>
  </trkpt>
  <trkpt lat="35.2573" lon="-112.01794">
    <name>TP1804</name>
  </trkpt>
  <trkpt lat="35.25735" lon="-112.01815">
    <name>TP1805</name>
  </trkpt>
  <trkpt lat="35.25736" lon="-112.01818">
    <name>TP1806</name>
  </trkpt>
  <trkpt lat="35.2575" lon="-112.01877">
    <name>TP1807</name>
  </trkpt>
  <trkpt lat="35.25761" lon="-112.01921">
    <name>TP1808</name>
  </trkpt>
  <trkpt lat="35.25762" lon="-112.01926">
    <name>TP1809</name>
  </trkpt>
  <trkpt lat="35.25766" lon="-112.01942">
    <name>TP1810</name>
  </trkpt>
  <trkpt lat="35.25772" lon="-112.01967">
    <name>TP1811</name>
  </trkpt>
  <trkpt lat="35.2578" lon="-112.02002">
    <name>TP1812</name>
  </trkpt>
  <trkpt lat="35.25781" lon="-112.02005">
    <name>TP1813</name>
  </trkpt>
  <trkpt lat="35.25789" lon="-112.02041">
    <name>TP1814</name>
  </trkpt>
  <trkpt lat="35.25797" lon="-112.02074">
    <name>TP1815</name>
  </trkpt>
  <trkpt lat="35.25809" lon="-112.02122">
    <name>TP1816</name>
  </trkpt>
  <trkpt lat="35.25819" lon="-112.02165">
    <name>TP1817</name>
  </trkpt>
  <trkpt lat="35.2583" lon="-112.02212">
    <name>TP1818</name>
  </trkpt>
  <trkpt lat="35.25831" lon="-112.02217">
    <name>TP1819</name>
  </trkpt>
  <trkpt lat="35.2584" lon="-112.02252">
    <name>TP1820</name>
  </trkpt>
  <trkpt lat="35.25841" lon="-112.02259">
    <name>TP1821</name>
  </trkpt>
  <trkpt lat="35.25847" lon="-112.0228">
    <name>TP1822</name>
  </trkpt>
  <trkpt lat="35.25847" lon="-112.02283">
    <name>TP1823</name>
  </trkpt>
  <trkpt lat="35.25853" lon="-112.02309">
    <name>TP1824</name>
  </trkpt>
  <trkpt lat="35.25862" lon="-112.02344">
    <name>TP1825</name>
  </trkpt>
  <trkpt lat="35.25863" lon="-112.0235">
    <name>TP1826</name>
  </trkpt>
  <trkpt lat="35.2587" lon="-112.02381">
    <name>TP1827</name>
  </trkpt>
  <trkpt lat="35.25881" lon="-112.02423">
    <name>TP1828</name>
  </trkpt>
  <trkpt lat="35.25889" lon="-112.02457">
    <name>TP1829</name>
  </trkpt>
  <trkpt lat="35.25898" lon="-112.02494">
    <name>TP1830</name>
  </trkpt>
  <trkpt lat="35.25907" lon="-112.02531">
    <name>TP1831</name>
  </trkpt>
  <trkpt lat="35.25913" lon="-112.02558">
    <name>TP1832</name>
  </trkpt>
  <trkpt lat="35.25916" lon="-112.02568">
    <name>TP1833</name>
  </trkpt>
  <trkpt lat="35.25924" lon="-112.02603">
    <name>TP1834</name>
  </trkpt>
  <trkpt lat="35.25934" lon="-112.02647">
    <name>TP1835</name>
  </trkpt>
  <trkpt lat="35.25936" lon="-112.02656">
    <name>TP1836</name>
  </trkpt>
  <trkpt lat="35.25939" lon="-112.02668">
    <name>TP1837</name>
  </trkpt>
  <trkpt lat="35.25945" lon="-112.02689">
    <name>TP1838</name>
  </trkpt>
  <trkpt lat="35.25946" lon="-112.02697">
    <name>TP1839</name>
  </trkpt>
  <trkpt lat="35.2595" lon="-112.0271">
    <name>TP1840</name>
  </trkpt>
  <trkpt lat="35.25958" lon="-112.02745">
    <name>TP1841</name>
  </trkpt>
  <trkpt lat="35.2596" lon="-112.02753">
    <name>TP1842</name>
  </trkpt>
  <trkpt lat="35.25968" lon="-112.02786">
    <name>TP1843</name>
  </trkpt>
  <trkpt lat="35.25968" lon="-112.02787">
    <name>TP1844</name>
  </trkpt>
  <trkpt lat="35.25978" lon="-112.0283">
    <name>TP1845</name>
  </trkpt>
  <trkpt lat="35.25979" lon="-112.02832">
    <name>TP1846</name>
  </trkpt>
  <trkpt lat="35.25987" lon="-112.02864">
    <name>TP1847</name>
  </trkpt>
  <trkpt lat="35.25992" lon="-112.02881">
    <name>TP1848</name>
  </trkpt>
  <trkpt lat="35.25994" lon="-112.02893">
    <name>TP1849</name>
  </trkpt>
  <trkpt lat="35.25999" lon="-112.02914">
    <name>TP1850</name>
  </trkpt>
  <trkpt lat="35.26006" lon="-112.02947">
    <name>TP1851</name>
  </trkpt>
  <trkpt lat="35.26008" lon="-112.02952">
    <name>TP1852</name>
  </trkpt>
  <trkpt lat="35.26017" lon="-112.02992">
    <name>TP1853</name>
  </trkpt>
  <trkpt lat="35.26023" lon="-112.03015">
    <name>TP1854</name>
  </trkpt>
  <trkpt lat="35.26024" lon="-112.03022">
    <name>TP1855</name>
  </trkpt>
  <trkpt lat="35.26028" lon="-112.03037">
    <name>TP1856</name>
  </trkpt>
  <trkpt lat="35.2604" lon="-112.03087">
    <name>TP1857</name>
  </trkpt>
  <trkpt lat="35.26044" lon="-112.03104">
    <name>TP1858</name>
  </trkpt>
  <trkpt lat="35.2605" lon="-112.0313">
    <name>TP1859</name>
  </trkpt>
  <trkpt lat="35.26059" lon="-112.03166">
    <name>TP1860</name>
  </trkpt>
  <trkpt lat="35.26067" lon="-112.032">
    <name>TP1861</name>
  </trkpt>
  <trkpt lat="35.2607" lon="-112.03213">
    <name>TP1862</name>
  </trkpt>
  <trkpt lat="35.26081" lon="-112.03259">
    <name>TP1863</name>
  </trkpt>
  <trkpt lat="35.26086" lon="-112.0328">
    <name>TP1864</name>
  </trkpt>
  <trkpt lat="35.26089" lon="-112.03294">
    <name>TP1865</name>
  </trkpt>
  <trkpt lat="35.26092" lon="-112.03306">
    <name>TP1866</name>
  </trkpt>
  <trkpt lat="35.26098" lon="-112.03332">
    <name>TP1867</name>
  </trkpt>
  <trkpt lat="35.26101" lon="-112.03342">
    <name>TP1868</name>
  </trkpt>
  <trkpt lat="35.26104" lon="-112.03355">
    <name>TP1869</name>
  </trkpt>
  <trkpt lat="35.26107" lon="-112.03365">
    <name>TP1870</name>
  </trkpt>
  <trkpt lat="35.26107" lon="-112.03368">
    <name>TP1871</name>
  </trkpt>
  <trkpt lat="35.26118" lon="-112.03413">
    <name>TP1872</name>
  </trkpt>
  <trkpt lat="35.26129" lon="-112.03459">
    <name>TP1873</name>
  </trkpt>
  <trkpt lat="35.26136" lon="-112.03488">
    <name>TP1874</name>
  </trkpt>
  <trkpt lat="35.26144" lon="-112.0352">
    <name>TP1875</name>
  </trkpt>
  <trkpt lat="35.26156" lon="-112.03573">
    <name>TP1876</name>
  </trkpt>
  <trkpt lat="35.2618" lon="-112.03674">
    <name>TP1877</name>
  </trkpt>
  <trkpt lat="35.26192" lon="-112.0372">
    <name>TP1878</name>
  </trkpt>
  <trkpt lat="35.26202" lon="-112.03766">
    <name>TP1879</name>
  </trkpt>
  <trkpt lat="35.26212" lon="-112.03805">
    <name>TP1880</name>
  </trkpt>
  <trkpt lat="35.26213" lon="-112.0381">
    <name>TP1881</name>
  </trkpt>
  <trkpt lat="35.26227" lon="-112.03868">
    <name>TP1882</name>
  </trkpt>
  <trkpt lat="35.26237" lon="-112.03911">
    <name>TP1883</name>
  </trkpt>
  <trkpt lat="35.26243" lon="-112.03936">
    <name>TP1884</name>
  </trkpt>
  <trkpt lat="35.26252" lon="-112.03974">
    <name>TP1885</name>
  </trkpt>
  <trkpt lat="35.2626" lon="-112.04007">
    <name>TP1886</name>
  </trkpt>
  <trkpt lat="35.26267" lon="-112.04036">
    <name>TP1887</name>
  </trkpt>
  <trkpt lat="35.26273" lon="-112.04063">
    <name>TP1888</name>
  </trkpt>
  <trkpt lat="35.26279" lon="-112.04088">
    <name>TP1889</name>
  </trkpt>
  <trkpt lat="35.26286" lon="-112.04116">
    <name>TP1890</name>
  </trkpt>
  <trkpt lat="35.26293" lon="-112.04145">
    <name>TP1891</name>
  </trkpt>
  <trkpt lat="35.26301" lon="-112.0418">
    <name>TP1892</name>
  </trkpt>
  <trkpt lat="35.2631" lon="-112.04215">
    <name>TP1893</name>
  </trkpt>
  <trkpt lat="35.26316" lon="-112.04241">
    <name>TP1894</name>
  </trkpt>
  <trkpt lat="35.26323" lon="-112.04271">
    <name>TP1895</name>
  </trkpt>
  <trkpt lat="35.2633" lon="-112.043">
    <name>TP1896</name>
  </trkpt>
  <trkpt lat="35.26336" lon="-112.04326">
    <name>TP1897</name>
  </trkpt>
  <trkpt lat="35.26345" lon="-112.04361">
    <name>TP1898</name>
  </trkpt>
  <trkpt lat="35.26349" lon="-112.0438">
    <name>TP1899</name>
  </trkpt>
  <trkpt lat="35.26355" lon="-112.04403">
    <name>TP1900</name>
  </trkpt>
  <trkpt lat="35.26366" lon="-112.04448">
    <name>TP1901</name>
  </trkpt>
  <trkpt lat="35.26372" lon="-112.04474">
    <name>TP1902</name>
  </trkpt>
  <trkpt lat="35.2638" lon="-112.04506">
    <name>TP1903</name>
  </trkpt>
  <trkpt lat="35.26381" lon="-112.0451">
    <name>TP1904</name>
  </trkpt>
  <trkpt lat="35.26381" lon="-112.04511">
    <name>TP1905</name>
  </trkpt>
  <trkpt lat="35.26383" lon="-112.04517">
    <name>TP1906</name>
  </trkpt>
  <trkpt lat="35.26385" lon="-112.0453">
    <name>TP1907</name>
  </trkpt>
  <trkpt lat="35.26389" lon="-112.04544">
    <name>TP1908</name>
  </trkpt>
  <trkpt lat="35.26393" lon="-112.04564">
    <name>TP1909</name>
  </trkpt>
  <trkpt lat="35.264" lon="-112.04593">
    <name>TP1910</name>
  </trkpt>
  <trkpt lat="35.26408" lon="-112.04628">
    <name>TP1911</name>
  </trkpt>
  <trkpt lat="35.26416" lon="-112.04664">
    <name>TP1912</name>
  </trkpt>
  <trkpt lat="35.2642" lon="-112.0468">
    <name>TP1913</name>
  </trkpt>
  <trkpt lat="35.26428" lon="-112.04718">
    <name>TP1914</name>
  </trkpt>
  <trkpt lat="35.26429" lon="-112.04723">
    <name>TP1915</name>
  </trkpt>
  <trkpt lat="35.26431" lon="-112.04732">
    <name>TP1916</name>
  </trkpt>
  <trkpt lat="35.26434" lon="-112.04744">
    <name>TP1917</name>
  </trkpt>
  <trkpt lat="35.26436" lon="-112.04757">
    <name>TP1918</name>
  </trkpt>
  <trkpt lat="35.26438" lon="-112.04766">
    <name>TP1919</name>
  </trkpt>
  <trkpt lat="35.26441" lon="-112.0478">
    <name>TP1920</name>
  </trkpt>
  <trkpt lat="35.26444" lon="-112.04795">
    <name>TP1921</name>
  </trkpt>
  <trkpt lat="35.26451" lon="-112.04834">
    <name>TP1922</name>
  </trkpt>
  <trkpt lat="35.26456" lon="-112.04861">
    <name>TP1923</name>
  </trkpt>
  <trkpt lat="35.26458" lon="-112.04873">
    <name>TP1924</name>
  </trkpt>
  <trkpt lat="35.2646" lon="-112.04887">
    <name>TP1925</name>
  </trkpt>
  <trkpt lat="35.26464" lon="-112.04913">
    <name>TP1926</name>
  </trkpt>
  <trkpt lat="35.26465" lon="-112.04921">
    <name>TP1927</name>
  </trkpt>
  <trkpt lat="35.26468" lon="-112.04938">
    <name>TP1928</name>
  </trkpt>
  <trkpt lat="35.26468" lon="-112.04939">
    <name>TP1929</name>
  </trkpt>
  <trkpt lat="35.26472" lon="-112.04966">
    <name>TP1930</name>
  </trkpt>
  <trkpt lat="35.26474" lon="-112.04977">
    <name>TP1931</name>
  </trkpt>
  <trkpt lat="35.26475" lon="-112.04986">
    <name>TP1932</name>
  </trkpt>
  <trkpt lat="35.26476" lon="-112.04992">
    <name>TP1933</name>
  </trkpt>
  <trkpt lat="35.26478" lon="-112.05004">
    <name>TP1934</name>
  </trkpt>
  <trkpt lat="35.26481" lon="-112.05029">
    <name>TP1935</name>
  </trkpt>
  <trkpt lat="35.26481" lon="-112.05031">
    <name>TP1936</name>
  </trkpt>
  <trkpt lat="35.26484" lon="-112.05057">
    <name>TP1937</name>
  </trkpt>
  <trkpt lat="35.26489" lon="-112.05097">
    <name>TP1938</name>
  </trkpt>
  <trkpt lat="35.26491" lon="-112.05111">
    <name>TP1939</name>
  </trkpt>
  <trkpt lat="35.26494" lon="-112.05138">
    <name>TP1940</name>
  </trkpt>
  <trkpt lat="35.26497" lon="-112.05164">
    <name>TP1941</name>
  </trkpt>
  <trkpt lat="35.26498" lon="-112.05177">
    <name>TP1942</name>
  </trkpt>
  <trkpt lat="35.26499" lon="-112.0519">
    <name>TP1943</name>
  </trkpt>
  <trkpt lat="35.265" lon="-112.05202">
    <name>TP1944</name>
  </trkpt>
  <trkpt lat="35.265" lon="-112.05204">
    <name>TP1945</name>
  </trkpt>
  <trkpt lat="35.26501" lon="-112.05217">
    <name>TP1946</name>
  </trkpt>
  <trkpt lat="35.26501" lon="-112.05218">
    <name>TP1947</name>
  </trkpt>
  <trkpt lat="35.26503" lon="-112.05244">
    <name>TP1948</name>
  </trkpt>
  <trkpt lat="35.26505" lon="-112.0527">
    <name>TP1949</name>
  </trkpt>
  <trkpt lat="35.26506" lon="-112.05283">
    <name>TP1950</name>
  </trkpt>
  <trkpt lat="35.26506" lon="-112.05297">
    <name>TP1951</name>
  </trkpt>
  <trkpt lat="35.26507" lon="-112.0531">
    <name>TP1952</name>
  </trkpt>
  <trkpt lat="35.26509" lon="-112.05336">
    <name>TP1953</name>
  </trkpt>
  <trkpt lat="35.26509" lon="-112.05349">
    <name>TP1954</name>
  </trkpt>
  <trkpt lat="35.2651" lon="-112.05363">
    <name>TP1955</name>
  </trkpt>
  <trkpt lat="35.2651" lon="-112.05375">
    <name>TP1956</name>
  </trkpt>
  <trkpt lat="35.26511" lon="-112.05388">
    <name>TP1957</name>
  </trkpt>
  <trkpt lat="35.26511" lon="-112.05402">
    <name>TP1958</name>
  </trkpt>
  <trkpt lat="35.26512" lon="-112.05415">
    <name>TP1959</name>
  </trkpt>
  <trkpt lat="35.26512" lon="-112.05427">
    <name>TP1960</name>
  </trkpt>
  <trkpt lat="35.26512" lon="-112.05428">
    <name>TP1961</name>
  </trkpt>
  <trkpt lat="35.26512" lon="-112.0544">
    <name>TP1962</name>
  </trkpt>
  <trkpt lat="35.26513" lon="-112.05481">
    <name>TP1963</name>
  </trkpt>
  <trkpt lat="35.26513" lon="-112.05497">
    <name>TP1964</name>
  </trkpt>
  <trkpt lat="35.26513" lon="-112.05511">
    <name>TP1965</name>
  </trkpt>
  <trkpt lat="35.26513" lon="-112.05552">
    <name>TP1966</name>
  </trkpt>
  <trkpt lat="35.26513" lon="-112.05586">
    <name>TP1967</name>
  </trkpt>
  <trkpt lat="35.26512" lon="-112.0561">
    <name>TP1968</name>
  </trkpt>
  <trkpt lat="35.2651" lon="-112.05698">
    <name>TP1969</name>
  </trkpt>
  <trkpt lat="35.26508" lon="-112.05739">
    <name>TP1970</name>
  </trkpt>
  <trkpt lat="35.26506" lon="-112.05766">
    <name>TP1971</name>
  </trkpt>
  <trkpt lat="35.26505" lon="-112.05792">
    <name>TP1972</name>
  </trkpt>
  <trkpt lat="35.26503" lon="-112.05819">
    <name>TP1973</name>
  </trkpt>
  <trkpt lat="35.26501" lon="-112.05845">
    <name>TP1974</name>
  </trkpt>
  <trkpt lat="35.26499" lon="-112.05872">
    <name>TP1975</name>
  </trkpt>
  <trkpt lat="35.26499" lon="-112.05873">
    <name>TP1976</name>
  </trkpt>
  <trkpt lat="35.26496" lon="-112.05898">
    <name>TP1977</name>
  </trkpt>
  <trkpt lat="35.26494" lon="-112.05923">
    <name>TP1978</name>
  </trkpt>
  <trkpt lat="35.26489" lon="-112.05972">
    <name>TP1979</name>
  </trkpt>
  <trkpt lat="35.26486" lon="-112.06">
    <name>TP1980</name>
  </trkpt>
  <trkpt lat="35.26479" lon="-112.06053">
    <name>TP1981</name>
  </trkpt>
  <trkpt lat="35.26473" lon="-112.06104">
    <name>TP1982</name>
  </trkpt>
  <trkpt lat="35.26465" lon="-112.06156">
    <name>TP1983</name>
  </trkpt>
  <trkpt lat="35.26458" lon="-112.06198">
    <name>TP1984</name>
  </trkpt>
  <trkpt lat="35.26452" lon="-112.06229">
    <name>TP1985</name>
  </trkpt>
  <trkpt lat="35.26449" lon="-112.06246">
    <name>TP1986</name>
  </trkpt>
  <trkpt lat="35.26446" lon="-112.06264">
    <name>TP1987</name>
  </trkpt>
  <trkpt lat="35.26442" lon="-112.06282">
    <name>TP1988</name>
  </trkpt>
  <trkpt lat="35.26438" lon="-112.06306">
    <name>TP1989</name>
  </trkpt>
  <trkpt lat="35.26426" lon="-112.06362">
    <name>TP1990</name>
  </trkpt>
  <trkpt lat="35.26423" lon="-112.0637">
    <name>TP1991</name>
  </trkpt>
  <trkpt lat="35.26421" lon="-112.0638">
    <name>TP1992</name>
  </trkpt>
  <trkpt lat="35.26418" lon="-112.06394">
    <name>TP1993</name>
  </trkpt>
  <trkpt lat="35.26413" lon="-112.06419">
    <name>TP1994</name>
  </trkpt>
  <trkpt lat="35.2641" lon="-112.06432">
    <name>TP1995</name>
  </trkpt>
  <trkpt lat="35.26406" lon="-112.06445">
    <name>TP1996</name>
  </trkpt>
  <trkpt lat="35.26397" lon="-112.06484">
    <name>TP1997</name>
  </trkpt>
  <trkpt lat="35.2639" lon="-112.06509">
    <name>TP1998</name>
  </trkpt>
  <trkpt lat="35.26384" lon="-112.06535">
    <name>TP1999</name>
  </trkpt>
  <trkpt lat="35.26381" lon="-112.06545">
    <name>TP2000</name>
  </trkpt>
  <trkpt lat="35.2638" lon="-112.06549">
    <name>TP2001</name>
  </trkpt>
  <trkpt lat="35.26377" lon="-112.0656">
    <name>TP2002</name>
  </trkpt>
  <trkpt lat="35.26375" lon="-112.06566">
    <name>TP2003</name>
  </trkpt>
  <trkpt lat="35.2637" lon="-112.06585">
    <name>TP2004</name>
  </trkpt>
  <trkpt lat="35.26363" lon="-112.06611">
    <name>TP2005</name>
  </trkpt>
  <trkpt lat="35.26359" lon="-112.06623">
    <name>TP2006</name>
  </trkpt>
  <trkpt lat="35.26356" lon="-112.06635">
    <name>TP2007</name>
  </trkpt>
  <trkpt lat="35.26348" lon="-112.0666">
    <name>TP2008</name>
  </trkpt>
  <trkpt lat="35.26344" lon="-112.06673">
    <name>TP2009</name>
  </trkpt>
  <trkpt lat="35.26342" lon="-112.0668">
    <name>TP2010</name>
  </trkpt>
  <trkpt lat="35.26336" lon="-112.06698">
    <name>TP2011</name>
  </trkpt>
  <trkpt lat="35.26332" lon="-112.06711">
    <name>TP2012</name>
  </trkpt>
  <trkpt lat="35.26324" lon="-112.06736">
    <name>TP2013</name>
  </trkpt>
  <trkpt lat="35.26316" lon="-112.0676">
    <name>TP2014</name>
  </trkpt>
  <trkpt lat="35.26308" lon="-112.06786">
    <name>TP2015</name>
  </trkpt>
  <trkpt lat="35.26299" lon="-112.0681">
    <name>TP2016</name>
  </trkpt>
  <trkpt lat="35.26295" lon="-112.06822">
    <name>TP2017</name>
  </trkpt>
  <trkpt lat="35.26291" lon="-112.06835">
    <name>TP2018</name>
  </trkpt>
  <trkpt lat="35.26288" lon="-112.06841">
    <name>TP2019</name>
  </trkpt>
  <trkpt lat="35.26286" lon="-112.06847">
    <name>TP2020</name>
  </trkpt>
  <trkpt lat="35.26277" lon="-112.06872">
    <name>TP2021</name>
  </trkpt>
  <trkpt lat="35.26273" lon="-112.06884">
    <name>TP2022</name>
  </trkpt>
  <trkpt lat="35.26268" lon="-112.06896">
    <name>TP2023</name>
  </trkpt>
  <trkpt lat="35.26264" lon="-112.06908">
    <name>TP2024</name>
  </trkpt>
  <trkpt lat="35.26259" lon="-112.0692">
    <name>TP2025</name>
  </trkpt>
  <trkpt lat="35.26254" lon="-112.06932">
    <name>TP2026</name>
  </trkpt>
  <trkpt lat="35.26245" lon="-112.06957">
    <name>TP2027</name>
  </trkpt>
  <trkpt lat="35.26235" lon="-112.06981">
    <name>TP2028</name>
  </trkpt>
  <trkpt lat="35.26225" lon="-112.07005">
    <name>TP2029</name>
  </trkpt>
  <trkpt lat="35.26215" lon="-112.07029">
    <name>TP2030</name>
  </trkpt>
  <trkpt lat="35.26214" lon="-112.0703">
    <name>TP2031</name>
  </trkpt>
  <trkpt lat="35.26205" lon="-112.07052">
    <name>TP2032</name>
  </trkpt>
  <trkpt lat="35.26195" lon="-112.07076">
    <name>TP2033</name>
  </trkpt>
  <trkpt lat="35.26185" lon="-112.071">
    <name>TP2034</name>
  </trkpt>
  <trkpt lat="35.26175" lon="-112.07123">
    <name>TP2035</name>
  </trkpt>
  <trkpt lat="35.26165" lon="-112.07147">
    <name>TP2036</name>
  </trkpt>
  <trkpt lat="35.2616" lon="-112.07159">
    <name>TP2037</name>
  </trkpt>
  <trkpt lat="35.26154" lon="-112.0717">
    <name>TP2038</name>
  </trkpt>
  <trkpt lat="35.26143" lon="-112.07195">
    <name>TP2039</name>
  </trkpt>
  <trkpt lat="35.26133" lon="-112.07218">
    <name>TP2040</name>
  </trkpt>
  <trkpt lat="35.2612" lon="-112.07247">
    <name>TP2041</name>
  </trkpt>
  <trkpt lat="35.26112" lon="-112.07264">
    <name>TP2042</name>
  </trkpt>
  <trkpt lat="35.26106" lon="-112.07278">
    <name>TP2043</name>
  </trkpt>
  <trkpt lat="35.26091" lon="-112.07309">
    <name>TP2044</name>
  </trkpt>
  <trkpt lat="35.26085" lon="-112.07322">
    <name>TP2045</name>
  </trkpt>
  <trkpt lat="35.26079" lon="-112.07335">
    <name>TP2046</name>
  </trkpt>
  <trkpt lat="35.26074" lon="-112.07347">
    <name>TP2047</name>
  </trkpt>
  <trkpt lat="35.26063" lon="-112.0737">
    <name>TP2048</name>
  </trkpt>
  <trkpt lat="35.26062" lon="-112.07374">
    <name>TP2049</name>
  </trkpt>
  <trkpt lat="35.26053" lon="-112.07393">
    <name>TP2050</name>
  </trkpt>
  <trkpt lat="35.26047" lon="-112.07406">
    <name>TP2051</name>
  </trkpt>
  <trkpt lat="35.26032" lon="-112.0744">
    <name>TP2052</name>
  </trkpt>
  <trkpt lat="35.26021" lon="-112.07464">
    <name>TP2053</name>
  </trkpt>
  <trkpt lat="35.26011" lon="-112.07487">
    <name>TP2054</name>
  </trkpt>
  <trkpt lat="35.26005" lon="-112.075">
    <name>TP2055</name>
  </trkpt>
  <trkpt lat="35.26" lon="-112.07511">
    <name>TP2056</name>
  </trkpt>
  <trkpt lat="35.25995" lon="-112.07523">
    <name>TP2057</name>
  </trkpt>
  <trkpt lat="35.2599" lon="-112.07534">
    <name>TP2058</name>
  </trkpt>
  <trkpt lat="35.2598" lon="-112.07558">
    <name>TP2059</name>
  </trkpt>
  <trkpt lat="35.25974" lon="-112.0757">
    <name>TP2060</name>
  </trkpt>
  <trkpt lat="35.25969" lon="-112.07583">
    <name>TP2061</name>
  </trkpt>
  <trkpt lat="35.25964" lon="-112.07595">
    <name>TP2062</name>
  </trkpt>
  <trkpt lat="35.25959" lon="-112.07607">
    <name>TP2063</name>
  </trkpt>
  <trkpt lat="35.25955" lon="-112.07619">
    <name>TP2064</name>
  </trkpt>
  <trkpt lat="35.25951" lon="-112.0763">
    <name>TP2065</name>
  </trkpt>
  <trkpt lat="35.25946" lon="-112.07642">
    <name>TP2066</name>
  </trkpt>
  <trkpt lat="35.25942" lon="-112.07653">
    <name>TP2067</name>
  </trkpt>
  <trkpt lat="35.25937" lon="-112.07667">
    <name>TP2068</name>
  </trkpt>
  <trkpt lat="35.25928" lon="-112.07693">
    <name>TP2069</name>
  </trkpt>
  <trkpt lat="35.25924" lon="-112.07702">
    <name>TP2070</name>
  </trkpt>
  <trkpt lat="35.25912" lon="-112.07741">
    <name>TP2071</name>
  </trkpt>
  <trkpt lat="35.25904" lon="-112.07767">
    <name>TP2072</name>
  </trkpt>
  <trkpt lat="35.259" lon="-112.0778">
    <name>TP2073</name>
  </trkpt>
  <trkpt lat="35.25893" lon="-112.07805">
    <name>TP2074</name>
  </trkpt>
  <trkpt lat="35.25886" lon="-112.0783">
    <name>TP2075</name>
  </trkpt>
  <trkpt lat="35.25883" lon="-112.0784">
    <name>TP2076</name>
  </trkpt>
  <trkpt lat="35.25882" lon="-112.07844">
    <name>TP2077</name>
  </trkpt>
  <trkpt lat="35.2588" lon="-112.07852">
    <name>TP2078</name>
  </trkpt>
  <trkpt lat="35.25877" lon="-112.07866">
    <name>TP2079</name>
  </trkpt>
  <trkpt lat="35.25873" lon="-112.07878">
    <name>TP2080</name>
  </trkpt>
  <trkpt lat="35.2587" lon="-112.07891">
    <name>TP2081</name>
  </trkpt>
  <trkpt lat="35.25867" lon="-112.07903">
    <name>TP2082</name>
  </trkpt>
  <trkpt lat="35.25864" lon="-112.07917">
    <name>TP2083</name>
  </trkpt>
  <trkpt lat="35.25861" lon="-112.07931">
    <name>TP2084</name>
  </trkpt>
  <trkpt lat="35.25859" lon="-112.07943">
    <name>TP2085</name>
  </trkpt>
  <trkpt lat="35.25856" lon="-112.07956">
    <name>TP2086</name>
  </trkpt>
  <trkpt lat="35.25853" lon="-112.07969">
    <name>TP2087</name>
  </trkpt>
  <trkpt lat="35.25851" lon="-112.07981">
    <name>TP2088</name>
  </trkpt>
  <trkpt lat="35.25848" lon="-112.07994">
    <name>TP2089</name>
  </trkpt>
  <trkpt lat="35.25846" lon="-112.08006">
    <name>TP2090</name>
  </trkpt>
  <trkpt lat="35.25843" lon="-112.0802">
    <name>TP2091</name>
  </trkpt>
  <trkpt lat="35.2584" lon="-112.08037">
    <name>TP2092</name>
  </trkpt>
  <trkpt lat="35.25838" lon="-112.08052">
    <name>TP2093</name>
  </trkpt>
  <trkpt lat="35.25835" lon="-112.08073">
    <name>TP2094</name>
  </trkpt>
  <trkpt lat="35.25833" lon="-112.08086">
    <name>TP2095</name>
  </trkpt>
  <trkpt lat="35.25831" lon="-112.08099">
    <name>TP2096</name>
  </trkpt>
  <trkpt lat="35.25829" lon="-112.08109">
    <name>TP2097</name>
  </trkpt>
  <trkpt lat="35.25829" lon="-112.08112">
    <name>TP2098</name>
  </trkpt>
  <trkpt lat="35.25827" lon="-112.08125">
    <name>TP2099</name>
  </trkpt>
  <trkpt lat="35.25827" lon="-112.0813">
    <name>TP2100</name>
  </trkpt>
  <trkpt lat="35.25826" lon="-112.08138">
    <name>TP2101</name>
  </trkpt>
  <trkpt lat="35.25824" lon="-112.08151">
    <name>TP2102</name>
  </trkpt>
  <trkpt lat="35.25824" lon="-112.08152">
    <name>TP2103</name>
  </trkpt>
  <trkpt lat="35.25822" lon="-112.08164">
    <name>TP2104</name>
  </trkpt>
  <trkpt lat="35.25821" lon="-112.08177">
    <name>TP2105</name>
  </trkpt>
  <trkpt lat="35.2582" lon="-112.08184">
    <name>TP2106</name>
  </trkpt>
  <trkpt lat="35.2582" lon="-112.0819">
    <name>TP2107</name>
  </trkpt>
  <trkpt lat="35.25818" lon="-112.08204">
    <name>TP2108</name>
  </trkpt>
  <trkpt lat="35.25817" lon="-112.08217">
    <name>TP2109</name>
  </trkpt>
  <trkpt lat="35.25816" lon="-112.08229">
    <name>TP2110</name>
  </trkpt>
  <trkpt lat="35.25815" lon="-112.08239">
    <name>TP2111</name>
  </trkpt>
  <trkpt lat="35.25815" lon="-112.08249">
    <name>TP2112</name>
  </trkpt>
  <trkpt lat="35.25814" lon="-112.08263">
    <name>TP2113</name>
  </trkpt>
  <trkpt lat="35.25813" lon="-112.08276">
    <name>TP2114</name>
  </trkpt>
  <trkpt lat="35.25812" lon="-112.0829">
    <name>TP2115</name>
  </trkpt>
  <trkpt lat="35.25811" lon="-112.08303">
    <name>TP2116</name>
  </trkpt>
  <trkpt lat="35.25811" lon="-112.08317">
    <name>TP2117</name>
  </trkpt>
  <trkpt lat="35.2581" lon="-112.08328">
    <name>TP2118</name>
  </trkpt>
  <trkpt lat="35.2581" lon="-112.0833">
    <name>TP2119</name>
  </trkpt>
  <trkpt lat="35.2581" lon="-112.08342">
    <name>TP2120</name>
  </trkpt>
  <trkpt lat="35.25809" lon="-112.08348">
    <name>TP2121</name>
  </trkpt>
  <trkpt lat="35.25809" lon="-112.0835">
    <name>TP2122</name>
  </trkpt>
  <trkpt lat="35.25809" lon="-112.08357">
    <name>TP2123</name>
  </trkpt>
  <trkpt lat="35.25809" lon="-112.08371">
    <name>TP2124</name>
  </trkpt>
  <trkpt lat="35.25809" lon="-112.08384">
    <name>TP2125</name>
  </trkpt>
  <trkpt lat="35.25808" lon="-112.08397">
    <name>TP2126</name>
  </trkpt>
  <trkpt lat="35.25808" lon="-112.08411">
    <name>TP2127</name>
  </trkpt>
  <trkpt lat="35.25808" lon="-112.08423">
    <name>TP2128</name>
  </trkpt>
  <trkpt lat="35.25808" lon="-112.08437">
    <name>TP2129</name>
  </trkpt>
  <trkpt lat="35.25809" lon="-112.0845">
    <name>TP2130</name>
  </trkpt>
  <trkpt lat="35.25809" lon="-112.08464">
    <name>TP2131</name>
  </trkpt>
  <trkpt lat="35.2581" lon="-112.08517">
    <name>TP2132</name>
  </trkpt>
  <trkpt lat="35.25811" lon="-112.08531">
    <name>TP2133</name>
  </trkpt>
  <trkpt lat="35.25811" lon="-112.08544">
    <name>TP2134</name>
  </trkpt>
  <trkpt lat="35.25812" lon="-112.08557">
    <name>TP2135</name>
  </trkpt>
  <trkpt lat="35.25813" lon="-112.08571">
    <name>TP2136</name>
  </trkpt>
  <trkpt lat="35.25813" lon="-112.08584">
    <name>TP2137</name>
  </trkpt>
  <trkpt lat="35.25814" lon="-112.08597">
    <name>TP2138</name>
  </trkpt>
  <trkpt lat="35.25815" lon="-112.08612">
    <name>TP2139</name>
  </trkpt>
  <trkpt lat="35.25816" lon="-112.08637">
    <name>TP2140</name>
  </trkpt>
  <trkpt lat="35.25817" lon="-112.08665">
    <name>TP2141</name>
  </trkpt>
  <trkpt lat="35.25817" lon="-112.08678">
    <name>TP2142</name>
  </trkpt>
  <trkpt lat="35.25818" lon="-112.08691">
    <name>TP2143</name>
  </trkpt>
  <trkpt lat="35.25819" lon="-112.08717">
    <name>TP2144</name>
  </trkpt>
  <trkpt lat="35.2582" lon="-112.08744">
    <name>TP2145</name>
  </trkpt>
  <trkpt lat="35.25822" lon="-112.08771">
    <name>TP2146</name>
  </trkpt>
  <trkpt lat="35.25823" lon="-112.08798">
    <name>TP2147</name>
  </trkpt>
  <trkpt lat="35.25824" lon="-112.08824">
    <name>TP2148</name>
  </trkpt>
  <trkpt lat="35.25825" lon="-112.0885">
    <name>TP2149</name>
  </trkpt>
  <trkpt lat="35.25826" lon="-112.08878">
    <name>TP2150</name>
  </trkpt>
  <trkpt lat="35.25828" lon="-112.08904">
    <name>TP2151</name>
  </trkpt>
  <trkpt lat="35.25829" lon="-112.08931">
    <name>TP2152</name>
  </trkpt>
  <trkpt lat="35.2583" lon="-112.08957">
    <name>TP2153</name>
  </trkpt>
  <trkpt lat="35.25831" lon="-112.08985">
    <name>TP2154</name>
  </trkpt>
  <trkpt lat="35.25833" lon="-112.09011">
    <name>TP2155</name>
  </trkpt>
  <trkpt lat="35.25834" lon="-112.09038">
    <name>TP2156</name>
  </trkpt>
  <trkpt lat="35.25834" lon="-112.09051">
    <name>TP2157</name>
  </trkpt>
  <trkpt lat="35.25835" lon="-112.09061">
    <name>TP2158</name>
  </trkpt>
  <trkpt lat="35.25835" lon="-112.09064">
    <name>TP2159</name>
  </trkpt>
  <trkpt lat="35.25836" lon="-112.09078">
    <name>TP2160</name>
  </trkpt>
  <trkpt lat="35.25836" lon="-112.09083">
    <name>TP2161</name>
  </trkpt>
  <trkpt lat="35.25836" lon="-112.09092">
    <name>TP2162</name>
  </trkpt>
  <trkpt lat="35.25837" lon="-112.09105">
    <name>TP2163</name>
  </trkpt>
  <trkpt lat="35.25838" lon="-112.09118">
    <name>TP2164</name>
  </trkpt>
  <trkpt lat="35.25838" lon="-112.09132">
    <name>TP2165</name>
  </trkpt>
  <trkpt lat="35.25839" lon="-112.09145">
    <name>TP2166</name>
  </trkpt>
  <trkpt lat="35.25839" lon="-112.09158">
    <name>TP2167</name>
  </trkpt>
  <trkpt lat="35.25841" lon="-112.09195">
    <name>TP2168</name>
  </trkpt>
  <trkpt lat="35.25842" lon="-112.09212">
    <name>TP2169</name>
  </trkpt>
  <trkpt lat="35.25842" lon="-112.09225">
    <name>TP2170</name>
  </trkpt>
  <trkpt lat="35.25843" lon="-112.09238">
    <name>TP2171</name>
  </trkpt>
  <trkpt lat="35.25844" lon="-112.09252">
    <name>TP2172</name>
  </trkpt>
  <trkpt lat="35.25844" lon="-112.09265">
    <name>TP2173</name>
  </trkpt>
  <trkpt lat="35.25845" lon="-112.09292">
    <name>TP2174</name>
  </trkpt>
  <trkpt lat="35.25846" lon="-112.09306">
    <name>TP2175</name>
  </trkpt>
  <trkpt lat="35.25847" lon="-112.09319">
    <name>TP2176</name>
  </trkpt>
  <trkpt lat="35.25847" lon="-112.09332">
    <name>TP2177</name>
  </trkpt>
  <trkpt lat="35.25848" lon="-112.09345">
    <name>TP2178</name>
  </trkpt>
  <trkpt lat="35.25849" lon="-112.09372">
    <name>TP2179</name>
  </trkpt>
  <trkpt lat="35.2585" lon="-112.09399">
    <name>TP2180</name>
  </trkpt>
  <trkpt lat="35.25851" lon="-112.09425">
    <name>TP2181</name>
  </trkpt>
  <trkpt lat="35.25852" lon="-112.09439">
    <name>TP2182</name>
  </trkpt>
  <trkpt lat="35.25853" lon="-112.09461">
    <name>TP2183</name>
  </trkpt>
  <trkpt lat="35.25854" lon="-112.09479">
    <name>TP2184</name>
  </trkpt>
  <trkpt lat="35.25855" lon="-112.09505">
    <name>TP2185</name>
  </trkpt>
  <trkpt lat="35.25856" lon="-112.09519">
    <name>TP2186</name>
  </trkpt>
  <trkpt lat="35.25856" lon="-112.09532">
    <name>TP2187</name>
  </trkpt>
  <trkpt lat="35.25858" lon="-112.09558">
    <name>TP2188</name>
  </trkpt>
  <trkpt lat="35.25858" lon="-112.09574">
    <name>TP2189</name>
  </trkpt>
  <trkpt lat="35.25858" lon="-112.09577">
    <name>TP2190</name>
  </trkpt>
  <trkpt lat="35.25859" lon="-112.09585">
    <name>TP2191</name>
  </trkpt>
  <trkpt lat="35.25861" lon="-112.09637">
    <name>TP2192</name>
  </trkpt>
  <trkpt lat="35.25861" lon="-112.0967">
    <name>TP2193</name>
  </trkpt>
  <trkpt lat="35.25861" lon="-112.09699">
    <name>TP2194</name>
  </trkpt>
  <trkpt lat="35.25861" lon="-112.09725">
    <name>TP2195</name>
  </trkpt>
  <trkpt lat="35.25861" lon="-112.09739">
    <name>TP2196</name>
  </trkpt>
  <trkpt lat="35.2586" lon="-112.09765">
    <name>TP2197</name>
  </trkpt>
  <trkpt lat="35.2586" lon="-112.0978">
    <name>TP2198</name>
  </trkpt>
  <trkpt lat="35.2586" lon="-112.09805">
    <name>TP2199</name>
  </trkpt>
  <trkpt lat="35.2586" lon="-112.09809">
    <name>TP2200</name>
  </trkpt>
  <trkpt lat="35.2586" lon="-112.09847">
    <name>TP2201</name>
  </trkpt>
  <trkpt lat="35.2586" lon="-112.09849">
    <name>TP2202</name>
  </trkpt>
  <trkpt lat="35.25859" lon="-112.0988">
    <name>TP2203</name>
  </trkpt>
  <trkpt lat="35.25859" lon="-112.09899">
    <name>TP2204</name>
  </trkpt>
  <trkpt lat="35.25858" lon="-112.0996">
    <name>TP2205</name>
  </trkpt>
  <trkpt lat="35.25858" lon="-112.10007">
    <name>TP2206</name>
  </trkpt>
  <trkpt lat="35.25858" lon="-112.10022">
    <name>TP2207</name>
  </trkpt>
  <trkpt lat="35.25858" lon="-112.10047">
    <name>TP2208</name>
  </trkpt>
  <trkpt lat="35.25858" lon="-112.10051">
    <name>TP2209</name>
  </trkpt>
  <trkpt lat="35.25857" lon="-112.10095">
    <name>TP2210</name>
  </trkpt>
  <trkpt lat="35.25857" lon="-112.10133">
    <name>TP2211</name>
  </trkpt>
  <trkpt lat="35.25856" lon="-112.10179">
    <name>TP2212</name>
  </trkpt>
  <trkpt lat="35.25856" lon="-112.10183">
    <name>TP2213</name>
  </trkpt>
  <trkpt lat="35.25856" lon="-112.10223">
    <name>TP2214</name>
  </trkpt>
  <trkpt lat="35.25856" lon="-112.10249">
    <name>TP2215</name>
  </trkpt>
  <trkpt lat="35.25855" lon="-112.10279">
    <name>TP2216</name>
  </trkpt>
  <trkpt lat="35.25855" lon="-112.1032">
    <name>TP2217</name>
  </trkpt>
  <trkpt lat="35.25855" lon="-112.10321">
    <name>TP2218</name>
  </trkpt>
  <trkpt lat="35.25854" lon="-112.10359">
    <name>TP2219</name>
  </trkpt>
  <trkpt lat="35.25854" lon="-112.10414">
    <name>TP2220</name>
  </trkpt>
  <trkpt lat="35.25854" lon="-112.10431">
    <name>TP2221</name>
  </trkpt>
  <trkpt lat="35.25853" lon="-112.10468">
    <name>TP2222</name>
  </trkpt>
  <trkpt lat="35.25853" lon="-112.10496">
    <name>TP2223</name>
  </trkpt>
  <trkpt lat="35.25853" lon="-112.10535">
    <name>TP2224</name>
  </trkpt>
  <trkpt lat="35.25853" lon="-112.10536">
    <name>TP2225</name>
  </trkpt>
  <trkpt lat="35.25852" lon="-112.10579">
    <name>TP2226</name>
  </trkpt>
  <trkpt lat="35.25852" lon="-112.10616">
    <name>TP2227</name>
  </trkpt>
  <trkpt lat="35.25852" lon="-112.10655">
    <name>TP2228</name>
  </trkpt>
  <trkpt lat="35.25851" lon="-112.10679">
    <name>TP2229</name>
  </trkpt>
  <trkpt lat="35.25851" lon="-112.10756">
    <name>TP2230</name>
  </trkpt>
  <trkpt lat="35.2585" lon="-112.10787">
    <name>TP2231</name>
  </trkpt>
  <trkpt lat="35.2585" lon="-112.10831">
    <name>TP2232</name>
  </trkpt>
  <trkpt lat="35.2585" lon="-112.1087">
    <name>TP2233</name>
  </trkpt>
  <trkpt lat="35.25849" lon="-112.1091">
    <name>TP2234</name>
  </trkpt>
  <trkpt lat="35.25849" lon="-112.10922">
    <name>TP2235</name>
  </trkpt>
  <trkpt lat="35.25849" lon="-112.10965">
    <name>TP2236</name>
  </trkpt>
  <trkpt lat="35.25848" lon="-112.11029">
    <name>TP2237</name>
  </trkpt>
  <trkpt lat="35.25847" lon="-112.11071">
    <name>TP2238</name>
  </trkpt>
  <trkpt lat="35.25847" lon="-112.11111">
    <name>TP2239</name>
  </trkpt>
  <trkpt lat="35.25847" lon="-112.11139">
    <name>TP2240</name>
  </trkpt>
  <trkpt lat="35.25846" lon="-112.11174">
    <name>TP2241</name>
  </trkpt>
  <trkpt lat="35.25846" lon="-112.11216">
    <name>TP2242</name>
  </trkpt>
  <trkpt lat="35.25846" lon="-112.11252">
    <name>TP2243</name>
  </trkpt>
  <trkpt lat="35.25845" lon="-112.11271">
    <name>TP2244</name>
  </trkpt>
  <trkpt lat="35.25845" lon="-112.11313">
    <name>TP2245</name>
  </trkpt>
  <trkpt lat="35.25845" lon="-112.11364">
    <name>TP2246</name>
  </trkpt>
  <trkpt lat="35.25844" lon="-112.11419">
    <name>TP2247</name>
  </trkpt>
  <trkpt lat="35.25843" lon="-112.11469">
    <name>TP2248</name>
  </trkpt>
  <trkpt lat="35.25843" lon="-112.11472">
    <name>TP2249</name>
  </trkpt>
  <trkpt lat="35.25843" lon="-112.11515">
    <name>TP2250</name>
  </trkpt>
  <trkpt lat="35.25843" lon="-112.11546">
    <name>TP2251</name>
  </trkpt>
  <trkpt lat="35.25842" lon="-112.11595">
    <name>TP2252</name>
  </trkpt>
  <trkpt lat="35.25842" lon="-112.11612">
    <name>TP2253</name>
  </trkpt>
  <trkpt lat="35.25842" lon="-112.11649">
    <name>TP2254</name>
  </trkpt>
  <trkpt lat="35.25841" lon="-112.11701">
    <name>TP2255</name>
  </trkpt>
  <trkpt lat="35.25841" lon="-112.11731">
    <name>TP2256</name>
  </trkpt>
  <trkpt lat="35.25841" lon="-112.11754">
    <name>TP2257</name>
  </trkpt>
  <trkpt lat="35.2584" lon="-112.11789">
    <name>TP2258</name>
  </trkpt>
  <trkpt lat="35.2584" lon="-112.11828">
    <name>TP2259</name>
  </trkpt>
  <trkpt lat="35.2584" lon="-112.11848">
    <name>TP2260</name>
  </trkpt>
  <trkpt lat="35.25839" lon="-112.11883">
    <name>TP2261</name>
  </trkpt>
  <trkpt lat="35.25839" lon="-112.11915">
    <name>TP2262</name>
  </trkpt>
  <trkpt lat="35.25839" lon="-112.11917">
    <name>TP2263</name>
  </trkpt>
  <trkpt lat="35.25839" lon="-112.11927">
    <name>TP2264</name>
  </trkpt>
  <trkpt lat="35.25839" lon="-112.11941">
    <name>TP2265</name>
  </trkpt>
  <trkpt lat="35.25839" lon="-112.11943">
    <name>TP2266</name>
  </trkpt>
  <trkpt lat="35.25839" lon="-112.11949">
    <name>TP2267</name>
  </trkpt>
  <trkpt lat="35.25838" lon="-112.11969">
    <name>TP2268</name>
  </trkpt>
  <trkpt lat="35.25838" lon="-112.1201">
    <name>TP2269</name>
  </trkpt>
  <trkpt lat="35.25838" lon="-112.12049">
    <name>TP2270</name>
  </trkpt>
  <trkpt lat="35.25837" lon="-112.12077">
    <name>TP2271</name>
  </trkpt>
  <trkpt lat="35.25837" lon="-112.12117">
    <name>TP2272</name>
  </trkpt>
  <trkpt lat="35.25837" lon="-112.12144">
    <name>TP2273</name>
  </trkpt>
  <trkpt lat="35.25836" lon="-112.12184">
    <name>TP2274</name>
  </trkpt>
  <trkpt lat="35.25836" lon="-112.12211">
    <name>TP2275</name>
  </trkpt>
  <trkpt lat="35.25836" lon="-112.12251">
    <name>TP2276</name>
  </trkpt>
  <trkpt lat="35.25836" lon="-112.12265">
    <name>TP2277</name>
  </trkpt>
  <trkpt lat="35.25835" lon="-112.12304">
    <name>TP2278</name>
  </trkpt>
  <trkpt lat="35.25835" lon="-112.12345">
    <name>TP2279</name>
  </trkpt>
  <trkpt lat="35.25834" lon="-112.12385">
    <name>TP2280</name>
  </trkpt>
  <trkpt lat="35.25834" lon="-112.12425">
    <name>TP2281</name>
  </trkpt>
  <trkpt lat="35.25833" lon="-112.12467">
    <name>TP2282</name>
  </trkpt>
  <trkpt lat="35.25833" lon="-112.12506">
    <name>TP2283</name>
  </trkpt>
  <trkpt lat="35.25832" lon="-112.12559">
    <name>TP2284</name>
  </trkpt>
  <trkpt lat="35.25832" lon="-112.12586">
    <name>TP2285</name>
  </trkpt>
  <trkpt lat="35.25832" lon="-112.12614">
    <name>TP2286</name>
  </trkpt>
  <trkpt lat="35.25832" lon="-112.12642">
    <name>TP2287</name>
  </trkpt>
  <trkpt lat="35.25831" lon="-112.12668">
    <name>TP2288</name>
  </trkpt>
  <trkpt lat="35.25831" lon="-112.12696">
    <name>TP2289</name>
  </trkpt>
  <trkpt lat="35.25831" lon="-112.12723">
    <name>TP2290</name>
  </trkpt>
  <trkpt lat="35.2583" lon="-112.12751">
    <name>TP2291</name>
  </trkpt>
  <trkpt lat="35.2583" lon="-112.12757">
    <name>TP2292</name>
  </trkpt>
  <trkpt lat="35.2583" lon="-112.12758">
    <name>TP2293</name>
  </trkpt>
  <trkpt lat="35.2583" lon="-112.12779">
    <name>TP2294</name>
  </trkpt>
  <trkpt lat="35.2583" lon="-112.12792">
    <name>TP2295</name>
  </trkpt>
  <trkpt lat="35.2583" lon="-112.12806">
    <name>TP2296</name>
  </trkpt>
  <trkpt lat="35.2583" lon="-112.12819">
    <name>TP2297</name>
  </trkpt>
  <trkpt lat="35.2583" lon="-112.12847">
    <name>TP2298</name>
  </trkpt>
  <trkpt lat="35.2583" lon="-112.12851">
    <name>TP2299</name>
  </trkpt>
  <trkpt lat="35.25829" lon="-112.12873">
    <name>TP2300</name>
  </trkpt>
  <trkpt lat="35.25829" lon="-112.12907">
    <name>TP2301</name>
  </trkpt>
  <trkpt lat="35.25829" lon="-112.12924">
    <name>TP2302</name>
  </trkpt>
  <trkpt lat="35.25829" lon="-112.12958">
    <name>TP2303</name>
  </trkpt>
  <trkpt lat="35.25828" lon="-112.13">
    <name>TP2304</name>
  </trkpt>
  <trkpt lat="35.25828" lon="-112.13029">
    <name>TP2305</name>
  </trkpt>
  <trkpt lat="35.25828" lon="-112.13039">
    <name>TP2306</name>
  </trkpt>
  <trkpt lat="35.25827" lon="-112.13069">
    <name>TP2307</name>
  </trkpt>
  <trkpt lat="35.25827" lon="-112.13081">
    <name>TP2308</name>
  </trkpt>
  <trkpt lat="35.25827" lon="-112.13095">
    <name>TP2309</name>
  </trkpt>
  <trkpt lat="35.25827" lon="-112.13122">
    <name>TP2310</name>
  </trkpt>
  <trkpt lat="35.25827" lon="-112.13157">
    <name>TP2311</name>
  </trkpt>
  <trkpt lat="35.25826" lon="-112.13188">
    <name>TP2312</name>
  </trkpt>
  <trkpt lat="35.25826" lon="-112.13215">
    <name>TP2313</name>
  </trkpt>
  <trkpt lat="35.25826" lon="-112.13233">
    <name>TP2314</name>
  </trkpt>
  <trkpt lat="35.25826" lon="-112.13242">
    <name>TP2315</name>
  </trkpt>
  <trkpt lat="35.25825" lon="-112.13269">
    <name>TP2316</name>
  </trkpt>
  <trkpt lat="35.25825" lon="-112.13283">
    <name>TP2317</name>
  </trkpt>
  <trkpt lat="35.25825" lon="-112.13296">
    <name>TP2318</name>
  </trkpt>
  <trkpt lat="35.25825" lon="-112.13324">
    <name>TP2319</name>
  </trkpt>
  <trkpt lat="35.25825" lon="-112.13349">
    <name>TP2320</name>
  </trkpt>
  <trkpt lat="35.25825" lon="-112.13376">
    <name>TP2321</name>
  </trkpt>
  <trkpt lat="35.25824" lon="-112.1339">
    <name>TP2322</name>
  </trkpt>
  <trkpt lat="35.25824" lon="-112.13402">
    <name>TP2323</name>
  </trkpt>
  <trkpt lat="35.25824" lon="-112.13424">
    <name>TP2324</name>
  </trkpt>
  <trkpt lat="35.25824" lon="-112.13456">
    <name>TP2325</name>
  </trkpt>
  <trkpt lat="35.25823" lon="-112.13483">
    <name>TP2326</name>
  </trkpt>
  <trkpt lat="35.25823" lon="-112.13509">
    <name>TP2327</name>
  </trkpt>
  <trkpt lat="35.25823" lon="-112.13532">
    <name>TP2328</name>
  </trkpt>
  <trkpt lat="35.25823" lon="-112.13536">
    <name>TP2329</name>
  </trkpt>
  <trkpt lat="35.25823" lon="-112.13563">
    <name>TP2330</name>
  </trkpt>
  <trkpt lat="35.25822" lon="-112.1359">
    <name>TP2331</name>
  </trkpt>
  <trkpt lat="35.25822" lon="-112.13617">
    <name>TP2332</name>
  </trkpt>
  <trkpt lat="35.25822" lon="-112.1363">
    <name>TP2333</name>
  </trkpt>
  <trkpt lat="35.25822" lon="-112.13657">
    <name>TP2334</name>
  </trkpt>
  <trkpt lat="35.25822" lon="-112.1367">
    <name>TP2335</name>
  </trkpt>
  <trkpt lat="35.25821" lon="-112.13683">
    <name>TP2336</name>
  </trkpt>
  <trkpt lat="35.25822" lon="-112.13691">
    <name>TP2337</name>
  </trkpt>
  <trkpt lat="35.25821" lon="-112.13697">
    <name>TP2338</name>
  </trkpt>
  <trkpt lat="35.25821" lon="-112.13705">
    <name>TP2339</name>
  </trkpt>
  <trkpt lat="35.25821" lon="-112.13713">
    <name>TP2340</name>
  </trkpt>
  <trkpt lat="35.25821" lon="-112.13719">
    <name>TP2341</name>
  </trkpt>
  <trkpt lat="35.25821" lon="-112.13726">
    <name>TP2342</name>
  </trkpt>
  <trkpt lat="35.25821" lon="-112.13737">
    <name>TP2343</name>
  </trkpt>
  <trkpt lat="35.25821" lon="-112.1375">
    <name>TP2344</name>
  </trkpt>
  <trkpt lat="35.25821" lon="-112.13764">
    <name>TP2345</name>
  </trkpt>
  <trkpt lat="35.25821" lon="-112.13777">
    <name>TP2346</name>
  </trkpt>
  <trkpt lat="35.2582" lon="-112.1379">
    <name>TP2347</name>
  </trkpt>
  <trkpt lat="35.2582" lon="-112.13804">
    <name>TP2348</name>
  </trkpt>
  <trkpt lat="35.2582" lon="-112.13817">
    <name>TP2349</name>
  </trkpt>
  <trkpt lat="35.2582" lon="-112.13831">
    <name>TP2350</name>
  </trkpt>
  <trkpt lat="35.2582" lon="-112.13844">
    <name>TP2351</name>
  </trkpt>
  <trkpt lat="35.2582" lon="-112.13857">
    <name>TP2352</name>
  </trkpt>
  <trkpt lat="35.2582" lon="-112.13871">
    <name>TP2353</name>
  </trkpt>
  <trkpt lat="35.2582" lon="-112.13884">
    <name>TP2354</name>
  </trkpt>
  <trkpt lat="35.25819" lon="-112.13897">
    <name>TP2355</name>
  </trkpt>
  <trkpt lat="35.25819" lon="-112.1391">
    <name>TP2356</name>
  </trkpt>
  <trkpt lat="35.25819" lon="-112.13924">
    <name>TP2357</name>
  </trkpt>
  <trkpt lat="35.25819" lon="-112.13937">
    <name>TP2358</name>
  </trkpt>
  <trkpt lat="35.25819" lon="-112.13951">
    <name>TP2359</name>
  </trkpt>
  <trkpt lat="35.25819" lon="-112.13964">
    <name>TP2360</name>
  </trkpt>
  <trkpt lat="35.25818" lon="-112.13978">
    <name>TP2361</name>
  </trkpt>
  <trkpt lat="35.25818" lon="-112.13991">
    <name>TP2362</name>
  </trkpt>
  <trkpt lat="35.25818" lon="-112.14005">
    <name>TP2363</name>
  </trkpt>
  <trkpt lat="35.25818" lon="-112.14017">
    <name>TP2364</name>
  </trkpt>
  <trkpt lat="35.25818" lon="-112.14031">
    <name>TP2365</name>
  </trkpt>
  <trkpt lat="35.25818" lon="-112.14044">
    <name>TP2366</name>
  </trkpt>
  <trkpt lat="35.25818" lon="-112.14058">
    <name>TP2367</name>
  </trkpt>
  <trkpt lat="35.25819" lon="-112.14071">
    <name>TP2368</name>
  </trkpt>
  <trkpt lat="35.25819" lon="-112.14085">
    <name>TP2369</name>
  </trkpt>
  <trkpt lat="35.25819" lon="-112.14098">
    <name>TP2370</name>
  </trkpt>
  <trkpt lat="35.25819" lon="-112.14112">
    <name>TP2371</name>
  </trkpt>
  <trkpt lat="35.2582" lon="-112.14125">
    <name>TP2372</name>
  </trkpt>
  <trkpt lat="35.2582" lon="-112.14139">
    <name>TP2373</name>
  </trkpt>
  <trkpt lat="35.25821" lon="-112.14152">
    <name>TP2374</name>
  </trkpt>
  <trkpt lat="35.25822" lon="-112.14165">
    <name>TP2375</name>
  </trkpt>
  <trkpt lat="35.25823" lon="-112.14179">
    <name>TP2376</name>
  </trkpt>
  <trkpt lat="35.25824" lon="-112.14192">
    <name>TP2377</name>
  </trkpt>
  <trkpt lat="35.25825" lon="-112.14205">
    <name>TP2378</name>
  </trkpt>
  <trkpt lat="35.25826" lon="-112.14218">
    <name>TP2379</name>
  </trkpt>
  <trkpt lat="35.25827" lon="-112.14232">
    <name>TP2380</name>
  </trkpt>
  <trkpt lat="35.25828" lon="-112.14245">
    <name>TP2381</name>
  </trkpt>
  <trkpt lat="35.25829" lon="-112.14259">
    <name>TP2382</name>
  </trkpt>
  <trkpt lat="35.25831" lon="-112.14272">
    <name>TP2383</name>
  </trkpt>
  <trkpt lat="35.25832" lon="-112.14285">
    <name>TP2384</name>
  </trkpt>
  <trkpt lat="35.25833" lon="-112.14299">
    <name>TP2385</name>
  </trkpt>
  <trkpt lat="35.25837" lon="-112.14325">
    <name>TP2386</name>
  </trkpt>
  <trkpt lat="35.2584" lon="-112.14352">
    <name>TP2387</name>
  </trkpt>
  <trkpt lat="35.25843" lon="-112.14373">
    <name>TP2388</name>
  </trkpt>
  <trkpt lat="35.25846" lon="-112.14393">
    <name>TP2389</name>
  </trkpt>
  <trkpt lat="35.25849" lon="-112.14407">
    <name>TP2390</name>
  </trkpt>
  <trkpt lat="35.25849" lon="-112.1441">
    <name>TP2391</name>
  </trkpt>
  <trkpt lat="35.25851" lon="-112.14421">
    <name>TP2392</name>
  </trkpt>
  <trkpt lat="35.25853" lon="-112.14437">
    <name>TP2393</name>
  </trkpt>
  <trkpt lat="35.25855" lon="-112.14448">
    <name>TP2394</name>
  </trkpt>
  <trkpt lat="35.25861" lon="-112.14474">
    <name>TP2395</name>
  </trkpt>
  <trkpt lat="35.25866" lon="-112.14502">
    <name>TP2396</name>
  </trkpt>
  <trkpt lat="35.25869" lon="-112.14517">
    <name>TP2397</name>
  </trkpt>
  <trkpt lat="35.25872" lon="-112.14529">
    <name>TP2398</name>
  </trkpt>
  <trkpt lat="35.25875" lon="-112.14544">
    <name>TP2399</name>
  </trkpt>
  <trkpt lat="35.25881" lon="-112.14568">
    <name>TP2400</name>
  </trkpt>
  <trkpt lat="35.25886" lon="-112.14592">
    <name>TP2401</name>
  </trkpt>
  <trkpt lat="35.25892" lon="-112.14616">
    <name>TP2402</name>
  </trkpt>
  <trkpt lat="35.25895" lon="-112.14627">
    <name>TP2403</name>
  </trkpt>
  <trkpt lat="35.25902" lon="-112.14651">
    <name>TP2404</name>
  </trkpt>
  <trkpt lat="35.25905" lon="-112.14664">
    <name>TP2405</name>
  </trkpt>
  <trkpt lat="35.25909" lon="-112.14678">
    <name>TP2406</name>
  </trkpt>
  <trkpt lat="35.25912" lon="-112.14687">
    <name>TP2407</name>
  </trkpt>
  <trkpt lat="35.25916" lon="-112.147">
    <name>TP2408</name>
  </trkpt>
  <trkpt lat="35.2592" lon="-112.14712">
    <name>TP2409</name>
  </trkpt>
  <trkpt lat="35.25924" lon="-112.14725">
    <name>TP2410</name>
  </trkpt>
  <trkpt lat="35.25928" lon="-112.14737">
    <name>TP2411</name>
  </trkpt>
  <trkpt lat="35.25929" lon="-112.1474">
    <name>TP2412</name>
  </trkpt>
  <trkpt lat="35.25932" lon="-112.14749">
    <name>TP2413</name>
  </trkpt>
  <trkpt lat="35.25936" lon="-112.14761">
    <name>TP2414</name>
  </trkpt>
  <trkpt lat="35.2594" lon="-112.14774">
    <name>TP2415</name>
  </trkpt>
  <trkpt lat="35.25944" lon="-112.14786">
    <name>TP2416</name>
  </trkpt>
  <trkpt lat="35.25949" lon="-112.14798">
    <name>TP2417</name>
  </trkpt>
  <trkpt lat="35.25953" lon="-112.1481">
    <name>TP2418</name>
  </trkpt>
  <trkpt lat="35.25957" lon="-112.1482">
    <name>TP2419</name>
  </trkpt>
  <trkpt lat="35.25958" lon="-112.14823">
    <name>TP2420</name>
  </trkpt>
  <trkpt lat="35.25962" lon="-112.14835">
    <name>TP2421</name>
  </trkpt>
  <trkpt lat="35.25967" lon="-112.14847">
    <name>TP2422</name>
  </trkpt>
  <trkpt lat="35.25971" lon="-112.1486">
    <name>TP2423</name>
  </trkpt>
  <trkpt lat="35.2598" lon="-112.14884">
    <name>TP2424</name>
  </trkpt>
  <trkpt lat="35.25985" lon="-112.14896">
    <name>TP2425</name>
  </trkpt>
  <trkpt lat="35.25989" lon="-112.14908">
    <name>TP2426</name>
  </trkpt>
  <trkpt lat="35.25994" lon="-112.14921">
    <name>TP2427</name>
  </trkpt>
  <trkpt lat="35.25998" lon="-112.14932">
    <name>TP2428</name>
  </trkpt>
  <trkpt lat="35.26001" lon="-112.1494">
    <name>TP2429</name>
  </trkpt>
  <trkpt lat="35.26003" lon="-112.14945">
    <name>TP2430</name>
  </trkpt>
  <trkpt lat="35.26008" lon="-112.14957">
    <name>TP2431</name>
  </trkpt>
  <trkpt lat="35.26012" lon="-112.14969">
    <name>TP2432</name>
  </trkpt>
  <trkpt lat="35.26016" lon="-112.14981">
    <name>TP2433</name>
  </trkpt>
  <trkpt lat="35.26021" lon="-112.14994">
    <name>TP2434</name>
  </trkpt>
  <trkpt lat="35.26023" lon="-112.15001">
    <name>TP2435</name>
  </trkpt>
  <trkpt lat="35.26025" lon="-112.15006">
    <name>TP2436</name>
  </trkpt>
  <trkpt lat="35.2603" lon="-112.15018">
    <name>TP2437</name>
  </trkpt>
  <trkpt lat="35.26034" lon="-112.1503">
    <name>TP2438</name>
  </trkpt>
  <trkpt lat="35.26039" lon="-112.15042">
    <name>TP2439</name>
  </trkpt>
  <trkpt lat="35.26043" lon="-112.15054">
    <name>TP2440</name>
  </trkpt>
  <trkpt lat="35.26048" lon="-112.15066">
    <name>TP2441</name>
  </trkpt>
  <trkpt lat="35.26052" lon="-112.15079">
    <name>TP2442</name>
  </trkpt>
  <trkpt lat="35.26056" lon="-112.15089">
    <name>TP2443</name>
  </trkpt>
  <trkpt lat="35.26061" lon="-112.15103">
    <name>TP2444</name>
  </trkpt>
  <trkpt lat="35.26066" lon="-112.15117">
    <name>TP2445</name>
  </trkpt>
  <trkpt lat="35.26076" lon="-112.15143">
    <name>TP2446</name>
  </trkpt>
  <trkpt lat="35.2608" lon="-112.15153">
    <name>TP2447</name>
  </trkpt>
  <trkpt lat="35.26084" lon="-112.15165">
    <name>TP2448</name>
  </trkpt>
  <trkpt lat="35.26088" lon="-112.15176">
    <name>TP2449</name>
  </trkpt>
  <trkpt lat="35.26093" lon="-112.15189">
    <name>TP2450</name>
  </trkpt>
  <trkpt lat="35.26097" lon="-112.15201">
    <name>TP2451</name>
  </trkpt>
  <trkpt lat="35.26102" lon="-112.15213">
    <name>TP2452</name>
  </trkpt>
  <trkpt lat="35.26106" lon="-112.15225">
    <name>TP2453</name>
  </trkpt>
  <trkpt lat="35.26111" lon="-112.15237">
    <name>TP2454</name>
  </trkpt>
  <trkpt lat="35.26115" lon="-112.15249">
    <name>TP2455</name>
  </trkpt>
  <trkpt lat="35.2612" lon="-112.15261">
    <name>TP2456</name>
  </trkpt>
  <trkpt lat="35.26124" lon="-112.15273">
    <name>TP2457</name>
  </trkpt>
  <trkpt lat="35.26127" lon="-112.15282">
    <name>TP2458</name>
  </trkpt>
  <trkpt lat="35.2613" lon="-112.15289">
    <name>TP2459</name>
  </trkpt>
  <trkpt lat="35.26134" lon="-112.15301">
    <name>TP2460</name>
  </trkpt>
  <trkpt lat="35.26135" lon="-112.15302">
    <name>TP2461</name>
  </trkpt>
  <trkpt lat="35.26139" lon="-112.15313">
    <name>TP2462</name>
  </trkpt>
  <trkpt lat="35.26143" lon="-112.15325">
    <name>TP2463</name>
  </trkpt>
  <trkpt lat="35.26148" lon="-112.15337">
    <name>TP2464</name>
  </trkpt>
  <trkpt lat="35.26152" lon="-112.15349">
    <name>TP2465</name>
  </trkpt>
  <trkpt lat="35.26157" lon="-112.15362">
    <name>TP2466</name>
  </trkpt>
  <trkpt lat="35.26162" lon="-112.15375">
    <name>TP2467</name>
  </trkpt>
  <trkpt lat="35.26167" lon="-112.15388">
    <name>TP2468</name>
  </trkpt>
  <trkpt lat="35.26171" lon="-112.154">
    <name>TP2469</name>
  </trkpt>
  <trkpt lat="35.26175" lon="-112.15412">
    <name>TP2470</name>
  </trkpt>
  <trkpt lat="35.2618" lon="-112.15425">
    <name>TP2471</name>
  </trkpt>
  <trkpt lat="35.26185" lon="-112.15437">
    <name>TP2472</name>
  </trkpt>
  <trkpt lat="35.26187" lon="-112.15442">
    <name>TP2473</name>
  </trkpt>
  <trkpt lat="35.26189" lon="-112.1545">
    <name>TP2474</name>
  </trkpt>
  <trkpt lat="35.26194" lon="-112.15462">
    <name>TP2475</name>
  </trkpt>
  <trkpt lat="35.26198" lon="-112.15474">
    <name>TP2476</name>
  </trkpt>
  <trkpt lat="35.26201" lon="-112.15482">
    <name>TP2477</name>
  </trkpt>
  <trkpt lat="35.26203" lon="-112.15486">
    <name>TP2478</name>
  </trkpt>
  <trkpt lat="35.26207" lon="-112.15498">
    <name>TP2479</name>
  </trkpt>
  <trkpt lat="35.26212" lon="-112.15511">
    <name>TP2480</name>
  </trkpt>
  <trkpt lat="35.26216" lon="-112.15522">
    <name>TP2481</name>
  </trkpt>
  <trkpt lat="35.26221" lon="-112.15535">
    <name>TP2482</name>
  </trkpt>
  <trkpt lat="35.26225" lon="-112.15547">
    <name>TP2483</name>
  </trkpt>
  <trkpt lat="35.2623" lon="-112.1556">
    <name>TP2484</name>
  </trkpt>
  <trkpt lat="35.26235" lon="-112.15571">
    <name>TP2485</name>
  </trkpt>
  <trkpt lat="35.26239" lon="-112.15584">
    <name>TP2486</name>
  </trkpt>
  <trkpt lat="35.26244" lon="-112.15596">
    <name>TP2487</name>
  </trkpt>
  <trkpt lat="35.26248" lon="-112.15608">
    <name>TP2488</name>
  </trkpt>
  <trkpt lat="35.26253" lon="-112.1562">
    <name>TP2489</name>
  </trkpt>
  <trkpt lat="35.26257" lon="-112.15633">
    <name>TP2490</name>
  </trkpt>
  <trkpt lat="35.26262" lon="-112.15645">
    <name>TP2491</name>
  </trkpt>
  <trkpt lat="35.26266" lon="-112.15657">
    <name>TP2492</name>
  </trkpt>
  <trkpt lat="35.26271" lon="-112.1567">
    <name>TP2493</name>
  </trkpt>
  <trkpt lat="35.26275" lon="-112.15681">
    <name>TP2494</name>
  </trkpt>
  <trkpt lat="35.26276" lon="-112.15686">
    <name>TP2495</name>
  </trkpt>
  <trkpt lat="35.2628" lon="-112.15694">
    <name>TP2496</name>
  </trkpt>
  <trkpt lat="35.26284" lon="-112.15705">
    <name>TP2497</name>
  </trkpt>
  <trkpt lat="35.26288" lon="-112.15718">
    <name>TP2498</name>
  </trkpt>
  <trkpt lat="35.26293" lon="-112.1573">
    <name>TP2499</name>
  </trkpt>
  <trkpt lat="35.26297" lon="-112.15743">
    <name>TP2500</name>
  </trkpt>
  <trkpt lat="35.26304" lon="-112.15762">
    <name>TP2501</name>
  </trkpt>
  <trkpt lat="35.2631" lon="-112.15779">
    <name>TP2502</name>
  </trkpt>
  <trkpt lat="35.26314" lon="-112.15792">
    <name>TP2503</name>
  </trkpt>
  <trkpt lat="35.26321" lon="-112.15811">
    <name>TP2504</name>
  </trkpt>
  <trkpt lat="35.26323" lon="-112.15818">
    <name>TP2505</name>
  </trkpt>
  <trkpt lat="35.2633" lon="-112.15842">
    <name>TP2506</name>
  </trkpt>
  <trkpt lat="35.26338" lon="-112.15871">
    <name>TP2507</name>
  </trkpt>
  <trkpt lat="35.26339" lon="-112.15872">
    <name>TP2508</name>
  </trkpt>
  <trkpt lat="35.26342" lon="-112.15884">
    <name>TP2509</name>
  </trkpt>
  <trkpt lat="35.26345" lon="-112.15896">
    <name>TP2510</name>
  </trkpt>
  <trkpt lat="35.26348" lon="-112.15905">
    <name>TP2511</name>
  </trkpt>
  <trkpt lat="35.26349" lon="-112.15909">
    <name>TP2512</name>
  </trkpt>
  <trkpt lat="35.26352" lon="-112.15922">
    <name>TP2513</name>
  </trkpt>
  <trkpt lat="35.26355" lon="-112.15935">
    <name>TP2514</name>
  </trkpt>
  <trkpt lat="35.26356" lon="-112.15935">
    <name>TP2515</name>
  </trkpt>
  <trkpt lat="35.26359" lon="-112.15947">
    <name>TP2516</name>
  </trkpt>
  <trkpt lat="35.26361" lon="-112.15956">
    <name>TP2517</name>
  </trkpt>
  <trkpt lat="35.26362" lon="-112.1596">
    <name>TP2518</name>
  </trkpt>
  <trkpt lat="35.26365" lon="-112.15973">
    <name>TP2519</name>
  </trkpt>
  <trkpt lat="35.26368" lon="-112.15985">
    <name>TP2520</name>
  </trkpt>
  <trkpt lat="35.26369" lon="-112.15991">
    <name>TP2521</name>
  </trkpt>
  <trkpt lat="35.26371" lon="-112.15999">
    <name>TP2522</name>
  </trkpt>
  <trkpt lat="35.26374" lon="-112.16011">
    <name>TP2523</name>
  </trkpt>
  <trkpt lat="35.26377" lon="-112.16025">
    <name>TP2524</name>
  </trkpt>
  <trkpt lat="35.26379" lon="-112.16037">
    <name>TP2525</name>
  </trkpt>
  <trkpt lat="35.26382" lon="-112.1605">
    <name>TP2526</name>
  </trkpt>
  <trkpt lat="35.26384" lon="-112.16063">
    <name>TP2527</name>
  </trkpt>
  <trkpt lat="35.26387" lon="-112.16076">
    <name>TP2528</name>
  </trkpt>
  <trkpt lat="35.26389" lon="-112.1609">
    <name>TP2529</name>
  </trkpt>
  <trkpt lat="35.26392" lon="-112.16103">
    <name>TP2530</name>
  </trkpt>
  <trkpt lat="35.26392" lon="-112.16107">
    <name>TP2531</name>
  </trkpt>
  <trkpt lat="35.26394" lon="-112.16115">
    <name>TP2532</name>
  </trkpt>
  <trkpt lat="35.26396" lon="-112.16129">
    <name>TP2533</name>
  </trkpt>
  <trkpt lat="35.26398" lon="-112.16141">
    <name>TP2534</name>
  </trkpt>
  <trkpt lat="35.264" lon="-112.16155">
    <name>TP2535</name>
  </trkpt>
  <trkpt lat="35.26402" lon="-112.16168">
    <name>TP2536</name>
  </trkpt>
  <trkpt lat="35.26402" lon="-112.1617">
    <name>TP2537</name>
  </trkpt>
  <trkpt lat="35.26404" lon="-112.16179">
    <name>TP2538</name>
  </trkpt>
  <trkpt lat="35.26408" lon="-112.16208">
    <name>TP2539</name>
  </trkpt>
  <trkpt lat="35.2641" lon="-112.16229">
    <name>TP2540</name>
  </trkpt>
  <trkpt lat="35.26411" lon="-112.16238">
    <name>TP2541</name>
  </trkpt>
  <trkpt lat="35.26418" lon="-112.16305">
    <name>TP2542</name>
  </trkpt>
  <trkpt lat="35.26419" lon="-112.16312">
    <name>TP2543</name>
  </trkpt>
  <trkpt lat="35.26419" lon="-112.16322">
    <name>TP2544</name>
  </trkpt>
  <trkpt lat="35.26421" lon="-112.16354">
    <name>TP2545</name>
  </trkpt>
  <trkpt lat="35.26422" lon="-112.16366">
    <name>TP2546</name>
  </trkpt>
  <trkpt lat="35.26423" lon="-112.16381">
    <name>TP2547</name>
  </trkpt>
  <trkpt lat="35.26423" lon="-112.16388">
    <name>TP2548</name>
  </trkpt>
  <trkpt lat="35.26425" lon="-112.16431">
    <name>TP2549</name>
  </trkpt>
  <trkpt lat="35.26425" lon="-112.16433">
    <name>TP2550</name>
  </trkpt>
  <trkpt lat="35.26426" lon="-112.16454">
    <name>TP2551</name>
  </trkpt>
  <trkpt lat="35.26426" lon="-112.16472">
    <name>TP2552</name>
  </trkpt>
  <trkpt lat="35.26426" lon="-112.16514">
    <name>TP2553</name>
  </trkpt>
  <trkpt lat="35.26426" lon="-112.1652">
    <name>TP2554</name>
  </trkpt>
  <trkpt lat="35.26426" lon="-112.16521">
    <name>TP2555</name>
  </trkpt>
  <trkpt lat="35.26426" lon="-112.16549">
    <name>TP2556</name>
  </trkpt>
  <trkpt lat="35.26426" lon="-112.16559">
    <name>TP2557</name>
  </trkpt>
  <trkpt lat="35.26426" lon="-112.16579">
    <name>TP2558</name>
  </trkpt>
  <trkpt lat="35.26426" lon="-112.16592">
    <name>TP2559</name>
  </trkpt>
  <trkpt lat="35.26425" lon="-112.16616">
    <name>TP2560</name>
  </trkpt>
  <trkpt lat="35.26425" lon="-112.16663">
    <name>TP2561</name>
  </trkpt>
  <trkpt lat="35.26425" lon="-112.16706">
    <name>TP2562</name>
  </trkpt>
  <trkpt lat="35.26424" lon="-112.16726">
    <name>TP2563</name>
  </trkpt>
  <trkpt lat="35.26424" lon="-112.16736">
    <name>TP2564</name>
  </trkpt>
  <trkpt lat="35.26424" lon="-112.16759">
    <name>TP2565</name>
  </trkpt>
  <trkpt lat="35.26423" lon="-112.16785">
    <name>TP2566</name>
  </trkpt>
  <trkpt lat="35.26423" lon="-112.16812">
    <name>TP2567</name>
  </trkpt>
  <trkpt lat="35.26423" lon="-112.16839">
    <name>TP2568</name>
  </trkpt>
  <trkpt lat="35.26422" lon="-112.16865">
    <name>TP2569</name>
  </trkpt>
  <trkpt lat="35.26422" lon="-112.16882">
    <name>TP2570</name>
  </trkpt>
  <trkpt lat="35.26422" lon="-112.16893">
    <name>TP2571</name>
  </trkpt>
  <trkpt lat="35.26422" lon="-112.16919">
    <name>TP2572</name>
  </trkpt>
  <trkpt lat="35.26421" lon="-112.16946">
    <name>TP2573</name>
  </trkpt>
  <trkpt lat="35.26421" lon="-112.16973">
    <name>TP2574</name>
  </trkpt>
  <trkpt lat="35.26421" lon="-112.17">
    <name>TP2575</name>
  </trkpt>
  <trkpt lat="35.2642" lon="-112.17027">
    <name>TP2576</name>
  </trkpt>
  <trkpt lat="35.2642" lon="-112.17054">
    <name>TP2577</name>
  </trkpt>
  <trkpt lat="35.2642" lon="-112.1708">
    <name>TP2578</name>
  </trkpt>
  <trkpt lat="35.26419" lon="-112.17107">
    <name>TP2579</name>
  </trkpt>
  <trkpt lat="35.26419" lon="-112.17133">
    <name>TP2580</name>
  </trkpt>
  <trkpt lat="35.26418" lon="-112.1715">
    <name>TP2581</name>
  </trkpt>
  <trkpt lat="35.26418" lon="-112.17177">
    <name>TP2582</name>
  </trkpt>
  <trkpt lat="35.26418" lon="-112.17204">
    <name>TP2583</name>
  </trkpt>
  <trkpt lat="35.26417" lon="-112.1723">
    <name>TP2584</name>
  </trkpt>
  <trkpt lat="35.26417" lon="-112.17257">
    <name>TP2585</name>
  </trkpt>
  <trkpt lat="35.26417" lon="-112.17279">
    <name>TP2586</name>
  </trkpt>
  <trkpt lat="35.26417" lon="-112.17295">
    <name>TP2587</name>
  </trkpt>
  <trkpt lat="35.26417" lon="-112.17311">
    <name>TP2588</name>
  </trkpt>
  <trkpt lat="35.26416" lon="-112.17326">
    <name>TP2589</name>
  </trkpt>
  <trkpt lat="35.26416" lon="-112.1734">
    <name>TP2590</name>
  </trkpt>
  <trkpt lat="35.26416" lon="-112.17353">
    <name>TP2591</name>
  </trkpt>
  <trkpt lat="35.26416" lon="-112.17366">
    <name>TP2592</name>
  </trkpt>
  <trkpt lat="35.26416" lon="-112.17379">
    <name>TP2593</name>
  </trkpt>
  <trkpt lat="35.26416" lon="-112.17392">
    <name>TP2594</name>
  </trkpt>
  <trkpt lat="35.26416" lon="-112.17394">
    <name>TP2595</name>
  </trkpt>
  <trkpt lat="35.26415" lon="-112.17406">
    <name>TP2596</name>
  </trkpt>
  <trkpt lat="35.26415" lon="-112.17419">
    <name>TP2597</name>
  </trkpt>
  <trkpt lat="35.26415" lon="-112.17433">
    <name>TP2598</name>
  </trkpt>
  <trkpt lat="35.26415" lon="-112.17439">
    <name>TP2599</name>
  </trkpt>
  <trkpt lat="35.26415" lon="-112.17442">
    <name>TP2600</name>
  </trkpt>
  <trkpt lat="35.26415" lon="-112.17447">
    <name>TP2601</name>
  </trkpt>
  <trkpt lat="35.26415" lon="-112.1746">
    <name>TP2602</name>
  </trkpt>
  <trkpt lat="35.26414" lon="-112.17473">
    <name>TP2603</name>
  </trkpt>
  <trkpt lat="35.26414" lon="-112.17487">
    <name>TP2604</name>
  </trkpt>
  <trkpt lat="35.26414" lon="-112.17501">
    <name>TP2605</name>
  </trkpt>
  <trkpt lat="35.26414" lon="-112.17508">
    <name>TP2606</name>
  </trkpt>
  <trkpt lat="35.26414" lon="-112.17514">
    <name>TP2607</name>
  </trkpt>
  <trkpt lat="35.26414" lon="-112.17527">
    <name>TP2608</name>
  </trkpt>
  <trkpt lat="35.26413" lon="-112.17554">
    <name>TP2609</name>
  </trkpt>
  <trkpt lat="35.26413" lon="-112.17581">
    <name>TP2610</name>
  </trkpt>
  <trkpt lat="35.26413" lon="-112.17607">
    <name>TP2611</name>
  </trkpt>
  <trkpt lat="35.26413" lon="-112.17618">
    <name>TP2612</name>
  </trkpt>
  <trkpt lat="35.26412" lon="-112.17634">
    <name>TP2613</name>
  </trkpt>
  <trkpt lat="35.26412" lon="-112.17661">
    <name>TP2614</name>
  </trkpt>
  <trkpt lat="35.26412" lon="-112.17687">
    <name>TP2615</name>
  </trkpt>
  <trkpt lat="35.26411" lon="-112.17728">
    <name>TP2616</name>
  </trkpt>
  <trkpt lat="35.26411" lon="-112.17755">
    <name>TP2617</name>
  </trkpt>
  <trkpt lat="35.26411" lon="-112.17781">
    <name>TP2618</name>
  </trkpt>
  <trkpt lat="35.2641" lon="-112.17822">
    <name>TP2619</name>
  </trkpt>
  <trkpt lat="35.26409" lon="-112.17876">
    <name>TP2620</name>
  </trkpt>
  <trkpt lat="35.26409" lon="-112.17905">
    <name>TP2621</name>
  </trkpt>
  <trkpt lat="35.26409" lon="-112.17914">
    <name>TP2622</name>
  </trkpt>
  <trkpt lat="35.26408" lon="-112.17924">
    <name>TP2623</name>
  </trkpt>
  <trkpt lat="35.26408" lon="-112.17941">
    <name>TP2624</name>
  </trkpt>
  <trkpt lat="35.26408" lon="-112.17942">
    <name>TP2625</name>
  </trkpt>
  <trkpt lat="35.26407" lon="-112.17964">
    <name>TP2626</name>
  </trkpt>
  <trkpt lat="35.26406" lon="-112.17991">
    <name>TP2627</name>
  </trkpt>
  <trkpt lat="35.26405" lon="-112.18008">
    <name>TP2628</name>
  </trkpt>
  <trkpt lat="35.26404" lon="-112.18021">
    <name>TP2629</name>
  </trkpt>
  <trkpt lat="35.26403" lon="-112.18035">
    <name>TP2630</name>
  </trkpt>
  <trkpt lat="35.26402" lon="-112.18048">
    <name>TP2631</name>
  </trkpt>
  <trkpt lat="35.26401" lon="-112.18061">
    <name>TP2632</name>
  </trkpt>
  <trkpt lat="35.264" lon="-112.18074">
    <name>TP2633</name>
  </trkpt>
  <trkpt lat="35.26398" lon="-112.1809">
    <name>TP2634</name>
  </trkpt>
  <trkpt lat="35.26397" lon="-112.181">
    <name>TP2635</name>
  </trkpt>
  <trkpt lat="35.26397" lon="-112.18103">
    <name>TP2636</name>
  </trkpt>
  <trkpt lat="35.26395" lon="-112.18116">
    <name>TP2637</name>
  </trkpt>
  <trkpt lat="35.26393" lon="-112.18128">
    <name>TP2638</name>
  </trkpt>
  <trkpt lat="35.26391" lon="-112.18142">
    <name>TP2639</name>
  </trkpt>
  <trkpt lat="35.2639" lon="-112.18155">
    <name>TP2640</name>
  </trkpt>
  <trkpt lat="35.26388" lon="-112.18168">
    <name>TP2641</name>
  </trkpt>
  <trkpt lat="35.26386" lon="-112.18182">
    <name>TP2642</name>
  </trkpt>
  <trkpt lat="35.26384" lon="-112.18194">
    <name>TP2643</name>
  </trkpt>
  <trkpt lat="35.26381" lon="-112.18208">
    <name>TP2644</name>
  </trkpt>
  <trkpt lat="35.26376" lon="-112.18235">
    <name>TP2645</name>
  </trkpt>
  <trkpt lat="35.26374" lon="-112.18248">
    <name>TP2646</name>
  </trkpt>
  <trkpt lat="35.26371" lon="-112.18261">
    <name>TP2647</name>
  </trkpt>
  <trkpt lat="35.26369" lon="-112.18273">
    <name>TP2648</name>
  </trkpt>
  <trkpt lat="35.26366" lon="-112.18286">
    <name>TP2649</name>
  </trkpt>
  <trkpt lat="35.26364" lon="-112.18294">
    <name>TP2650</name>
  </trkpt>
  <trkpt lat="35.26363" lon="-112.18299">
    <name>TP2651</name>
  </trkpt>
  <trkpt lat="35.26359" lon="-112.18316">
    <name>TP2652</name>
  </trkpt>
  <trkpt lat="35.26357" lon="-112.18324">
    <name>TP2653</name>
  </trkpt>
  <trkpt lat="35.26354" lon="-112.18337">
    <name>TP2654</name>
  </trkpt>
  <trkpt lat="35.26351" lon="-112.1835">
    <name>TP2655</name>
  </trkpt>
  <trkpt lat="35.26348" lon="-112.18363">
    <name>TP2656</name>
  </trkpt>
  <trkpt lat="35.26344" lon="-112.18375">
    <name>TP2657</name>
  </trkpt>
  <trkpt lat="35.26341" lon="-112.18388">
    <name>TP2658</name>
  </trkpt>
  <trkpt lat="35.26337" lon="-112.184">
    <name>TP2659</name>
  </trkpt>
  <trkpt lat="35.26333" lon="-112.18414">
    <name>TP2660</name>
  </trkpt>
  <trkpt lat="35.2633" lon="-112.18426">
    <name>TP2661</name>
  </trkpt>
  <trkpt lat="35.26329" lon="-112.18429">
    <name>TP2662</name>
  </trkpt>
  <trkpt lat="35.26326" lon="-112.18439">
    <name>TP2663</name>
  </trkpt>
  <trkpt lat="35.26322" lon="-112.18451">
    <name>TP2664</name>
  </trkpt>
  <trkpt lat="35.26318" lon="-112.18463">
    <name>TP2665</name>
  </trkpt>
  <trkpt lat="35.26314" lon="-112.18476">
    <name>TP2666</name>
  </trkpt>
  <trkpt lat="35.26309" lon="-112.18488">
    <name>TP2667</name>
  </trkpt>
  <trkpt lat="35.26296" lon="-112.18526">
    <name>TP2668</name>
  </trkpt>
  <trkpt lat="35.26291" lon="-112.18538">
    <name>TP2669</name>
  </trkpt>
  <trkpt lat="35.26287" lon="-112.1855">
    <name>TP2670</name>
  </trkpt>
  <trkpt lat="35.26282" lon="-112.18562">
    <name>TP2671</name>
  </trkpt>
  <trkpt lat="35.26272" lon="-112.18586">
    <name>TP2672</name>
  </trkpt>
  <trkpt lat="35.26267" lon="-112.18598">
    <name>TP2673</name>
  </trkpt>
  <trkpt lat="35.26261" lon="-112.18613">
    <name>TP2674</name>
  </trkpt>
  <trkpt lat="35.26248" lon="-112.18641">
    <name>TP2675</name>
  </trkpt>
  <trkpt lat="35.26241" lon="-112.18656">
    <name>TP2676</name>
  </trkpt>
  <trkpt lat="35.26241" lon="-112.18657">
    <name>TP2677</name>
  </trkpt>
  <trkpt lat="35.26239" lon="-112.1866">
    <name>TP2678</name>
  </trkpt>
  <trkpt lat="35.26236" lon="-112.18667">
    <name>TP2679</name>
  </trkpt>
  <trkpt lat="35.26231" lon="-112.18678">
    <name>TP2680</name>
  </trkpt>
  <trkpt lat="35.2623" lon="-112.1868">
    <name>TP2681</name>
  </trkpt>
  <trkpt lat="35.26227" lon="-112.18686">
    <name>TP2682</name>
  </trkpt>
  <trkpt lat="35.26224" lon="-112.18692">
    <name>TP2683</name>
  </trkpt>
  <trkpt lat="35.26222" lon="-112.18696">
    <name>TP2684</name>
  </trkpt>
  <trkpt lat="35.26219" lon="-112.18703">
    <name>TP2685</name>
  </trkpt>
  <trkpt lat="35.26212" lon="-112.18717">
    <name>TP2686</name>
  </trkpt>
  <trkpt lat="35.26207" lon="-112.18727">
    <name>TP2687</name>
  </trkpt>
  <trkpt lat="35.26196" lon="-112.18749">
    <name>TP2688</name>
  </trkpt>
  <trkpt lat="35.26185" lon="-112.18772">
    <name>TP2689</name>
  </trkpt>
  <trkpt lat="35.26174" lon="-112.18794">
    <name>TP2690</name>
  </trkpt>
  <trkpt lat="35.26169" lon="-112.18805">
    <name>TP2691</name>
  </trkpt>
  <trkpt lat="35.26163" lon="-112.18817">
    <name>TP2692</name>
  </trkpt>
  <trkpt lat="35.26151" lon="-112.1884">
    <name>TP2693</name>
  </trkpt>
  <trkpt lat="35.26145" lon="-112.18852">
    <name>TP2694</name>
  </trkpt>
  <trkpt lat="35.2614" lon="-112.18864">
    <name>TP2695</name>
  </trkpt>
  <trkpt lat="35.26133" lon="-112.18877">
    <name>TP2696</name>
  </trkpt>
  <trkpt lat="35.26128" lon="-112.18888">
    <name>TP2697</name>
  </trkpt>
  <trkpt lat="35.26123" lon="-112.18898">
    <name>TP2698</name>
  </trkpt>
  <trkpt lat="35.2612" lon="-112.18902">
    <name>TP2699</name>
  </trkpt>
  <trkpt lat="35.26112" lon="-112.1892">
    <name>TP2700</name>
  </trkpt>
  <trkpt lat="35.26106" lon="-112.18932">
    <name>TP2701</name>
  </trkpt>
  <trkpt lat="35.261" lon="-112.18944">
    <name>TP2702</name>
  </trkpt>
  <trkpt lat="35.26095" lon="-112.18955">
    <name>TP2703</name>
  </trkpt>
  <trkpt lat="35.26089" lon="-112.18967">
    <name>TP2704</name>
  </trkpt>
  <trkpt lat="35.26065" lon="-112.19013">
    <name>TP2705</name>
  </trkpt>
  <trkpt lat="35.26043" lon="-112.19059">
    <name>TP2706</name>
  </trkpt>
  <trkpt lat="35.26039" lon="-112.19066">
    <name>TP2707</name>
  </trkpt>
  <trkpt lat="35.26032" lon="-112.19082">
    <name>TP2708</name>
  </trkpt>
  <trkpt lat="35.26021" lon="-112.19104">
    <name>TP2709</name>
  </trkpt>
  <trkpt lat="35.25998" lon="-112.1915">
    <name>TP2710</name>
  </trkpt>
  <trkpt lat="35.25987" lon="-112.19173">
    <name>TP2711</name>
  </trkpt>
  <trkpt lat="35.25975" lon="-112.19196">
    <name>TP2712</name>
  </trkpt>
  <trkpt lat="35.25952" lon="-112.19242">
    <name>TP2713</name>
  </trkpt>
  <trkpt lat="35.25941" lon="-112.19265">
    <name>TP2714</name>
  </trkpt>
  <trkpt lat="35.25931" lon="-112.19284">
    <name>TP2715</name>
  </trkpt>
  <trkpt lat="35.25922" lon="-112.19303">
    <name>TP2716</name>
  </trkpt>
  <trkpt lat="35.25911" lon="-112.19324">
    <name>TP2717</name>
  </trkpt>
  <trkpt lat="35.259" lon="-112.19347">
    <name>TP2718</name>
  </trkpt>
  <trkpt lat="35.25889" lon="-112.1937">
    <name>TP2719</name>
  </trkpt>
  <trkpt lat="35.25885" lon="-112.19379">
    <name>TP2720</name>
  </trkpt>
  <trkpt lat="35.25878" lon="-112.19393">
    <name>TP2721</name>
  </trkpt>
  <trkpt lat="35.25866" lon="-112.19417">
    <name>TP2722</name>
  </trkpt>
  <trkpt lat="35.25849" lon="-112.1945">
    <name>TP2723</name>
  </trkpt>
  <trkpt lat="35.25838" lon="-112.19473">
    <name>TP2724</name>
  </trkpt>
  <trkpt lat="35.25829" lon="-112.19492">
    <name>TP2725</name>
  </trkpt>
  <trkpt lat="35.25823" lon="-112.19504">
    <name>TP2726</name>
  </trkpt>
  <trkpt lat="35.25814" lon="-112.19521">
    <name>TP2727</name>
  </trkpt>
  <trkpt lat="35.25806" lon="-112.19538">
    <name>TP2728</name>
  </trkpt>
  <trkpt lat="35.25802" lon="-112.19547">
    <name>TP2729</name>
  </trkpt>
  <trkpt lat="35.25797" lon="-112.19555">
    <name>TP2730</name>
  </trkpt>
  <trkpt lat="35.25789" lon="-112.19572">
    <name>TP2731</name>
  </trkpt>
  <trkpt lat="35.25785" lon="-112.19581">
    <name>TP2732</name>
  </trkpt>
  <trkpt lat="35.2578" lon="-112.19589">
    <name>TP2733</name>
  </trkpt>
  <trkpt lat="35.25776" lon="-112.19598">
    <name>TP2734</name>
  </trkpt>
  <trkpt lat="35.25772" lon="-112.19607">
    <name>TP2735</name>
  </trkpt>
  <trkpt lat="35.25768" lon="-112.19615">
    <name>TP2736</name>
  </trkpt>
  <trkpt lat="35.25759" lon="-112.19632">
    <name>TP2737</name>
  </trkpt>
  <trkpt lat="35.25758" lon="-112.19634">
    <name>TP2738</name>
  </trkpt>
  <trkpt lat="35.25745" lon="-112.19662">
    <name>TP2739</name>
  </trkpt>
  <trkpt lat="35.25743" lon="-112.19666">
    <name>TP2740</name>
  </trkpt>
  <trkpt lat="35.25726" lon="-112.197">
    <name>TP2741</name>
  </trkpt>
  <trkpt lat="35.25709" lon="-112.19733">
    <name>TP2742</name>
  </trkpt>
  <trkpt lat="35.25688" lon="-112.19777">
    <name>TP2743</name>
  </trkpt>
  <trkpt lat="35.25685" lon="-112.19782">
    <name>TP2744</name>
  </trkpt>
  <trkpt lat="35.25666" lon="-112.19823">
    <name>TP2745</name>
  </trkpt>
  <trkpt lat="35.25652" lon="-112.1985">
    <name>TP2746</name>
  </trkpt>
  <trkpt lat="35.25651" lon="-112.19852">
    <name>TP2747</name>
  </trkpt>
  <trkpt lat="35.25645" lon="-112.19863">
    <name>TP2748</name>
  </trkpt>
  <trkpt lat="35.2564" lon="-112.19875">
    <name>TP2749</name>
  </trkpt>
  <trkpt lat="35.25634" lon="-112.19886">
    <name>TP2750</name>
  </trkpt>
  <trkpt lat="35.2562" lon="-112.19915">
    <name>TP2751</name>
  </trkpt>
  <trkpt lat="35.25616" lon="-112.19922">
    <name>TP2752</name>
  </trkpt>
  <trkpt lat="35.25611" lon="-112.19932">
    <name>TP2753</name>
  </trkpt>
  <trkpt lat="35.25605" lon="-112.19943">
    <name>TP2754</name>
  </trkpt>
  <trkpt lat="35.25594" lon="-112.19966">
    <name>TP2755</name>
  </trkpt>
  <trkpt lat="35.25589" lon="-112.19977">
    <name>TP2756</name>
  </trkpt>
  <trkpt lat="35.25583" lon="-112.19989">
    <name>TP2757</name>
  </trkpt>
  <trkpt lat="35.25577" lon="-112.20001">
    <name>TP2758</name>
  </trkpt>
  <trkpt lat="35.25571" lon="-112.20012">
    <name>TP2759</name>
  </trkpt>
  <trkpt lat="35.25566" lon="-112.20024">
    <name>TP2760</name>
  </trkpt>
  <trkpt lat="35.25561" lon="-112.20033">
    <name>TP2761</name>
  </trkpt>
  <trkpt lat="35.2556" lon="-112.20035">
    <name>TP2762</name>
  </trkpt>
  <trkpt lat="35.25555" lon="-112.20046">
    <name>TP2763</name>
  </trkpt>
  <trkpt lat="35.25549" lon="-112.20058">
    <name>TP2764</name>
  </trkpt>
  <trkpt lat="35.25543" lon="-112.20069">
    <name>TP2765</name>
  </trkpt>
  <trkpt lat="35.2554" lon="-112.20076">
    <name>TP2766</name>
  </trkpt>
  <trkpt lat="35.25537" lon="-112.20081">
    <name>TP2767</name>
  </trkpt>
  <trkpt lat="35.2553" lon="-112.20095">
    <name>TP2768</name>
  </trkpt>
  <trkpt lat="35.25526" lon="-112.20104">
    <name>TP2769</name>
  </trkpt>
  <trkpt lat="35.25524" lon="-112.20107">
    <name>TP2770</name>
  </trkpt>
  <trkpt lat="35.2552" lon="-112.20116">
    <name>TP2771</name>
  </trkpt>
  <trkpt lat="35.25518" lon="-112.20119">
    <name>TP2772</name>
  </trkpt>
  <trkpt lat="35.25515" lon="-112.20126">
    <name>TP2773</name>
  </trkpt>
  <trkpt lat="35.25509" lon="-112.20138">
    <name>TP2774</name>
  </trkpt>
  <trkpt lat="35.25503" lon="-112.20149">
    <name>TP2775</name>
  </trkpt>
  <trkpt lat="35.25498" lon="-112.20161">
    <name>TP2776</name>
  </trkpt>
  <trkpt lat="35.25497" lon="-112.20162">
    <name>TP2777</name>
  </trkpt>
  <trkpt lat="35.25488" lon="-112.20181">
    <name>TP2778</name>
  </trkpt>
  <trkpt lat="35.25487" lon="-112.20184">
    <name>TP2779</name>
  </trkpt>
  <trkpt lat="35.25475" lon="-112.20206">
    <name>TP2780</name>
  </trkpt>
  <trkpt lat="35.25468" lon="-112.20221">
    <name>TP2781</name>
  </trkpt>
  <trkpt lat="35.25464" lon="-112.20228">
    <name>TP2782</name>
  </trkpt>
  <trkpt lat="35.25464" lon="-112.2023">
    <name>TP2783</name>
  </trkpt>
  <trkpt lat="35.25458" lon="-112.20241">
    <name>TP2784</name>
  </trkpt>
  <trkpt lat="35.25458" lon="-112.20242">
    <name>TP2785</name>
  </trkpt>
  <trkpt lat="35.25452" lon="-112.20252">
    <name>TP2786</name>
  </trkpt>
  <trkpt lat="35.2545" lon="-112.20256">
    <name>TP2787</name>
  </trkpt>
  <trkpt lat="35.25446" lon="-112.20264">
    <name>TP2788</name>
  </trkpt>
  <trkpt lat="35.25441" lon="-112.20275">
    <name>TP2789</name>
  </trkpt>
  <trkpt lat="35.25435" lon="-112.20287">
    <name>TP2790</name>
  </trkpt>
  <trkpt lat="35.25429" lon="-112.20298">
    <name>TP2791</name>
  </trkpt>
  <trkpt lat="35.25423" lon="-112.20309">
    <name>TP2792</name>
  </trkpt>
  <trkpt lat="35.25417" lon="-112.2032">
    <name>TP2793</name>
  </trkpt>
  <trkpt lat="35.25417" lon="-112.20321">
    <name>TP2794</name>
  </trkpt>
  <trkpt lat="35.25411" lon="-112.20331">
    <name>TP2795</name>
  </trkpt>
  <trkpt lat="35.25409" lon="-112.20334">
    <name>TP2796</name>
  </trkpt>
  <trkpt lat="35.25405" lon="-112.20343">
    <name>TP2797</name>
  </trkpt>
  <trkpt lat="35.25399" lon="-112.20354">
    <name>TP2798</name>
  </trkpt>
  <trkpt lat="35.25397" lon="-112.20356">
    <name>TP2799</name>
  </trkpt>
  <trkpt lat="35.25392" lon="-112.20365">
    <name>TP2800</name>
  </trkpt>
  <trkpt lat="35.25387" lon="-112.20374">
    <name>TP2801</name>
  </trkpt>
  <trkpt lat="35.25386" lon="-112.20376">
    <name>TP2802</name>
  </trkpt>
  <trkpt lat="35.2538" lon="-112.20387">
    <name>TP2803</name>
  </trkpt>
  <trkpt lat="35.25376" lon="-112.20392">
    <name>TP2804</name>
  </trkpt>
  <trkpt lat="35.25366" lon="-112.2041">
    <name>TP2805</name>
  </trkpt>
  <trkpt lat="35.25362" lon="-112.20417">
    <name>TP2806</name>
  </trkpt>
  <trkpt lat="35.2536" lon="-112.2042">
    <name>TP2807</name>
  </trkpt>
  <trkpt lat="35.25353" lon="-112.20431">
    <name>TP2808</name>
  </trkpt>
  <trkpt lat="35.25347" lon="-112.20441">
    <name>TP2809</name>
  </trkpt>
  <trkpt lat="35.25341" lon="-112.20452">
    <name>TP2810</name>
  </trkpt>
  <trkpt lat="35.25337" lon="-112.20457">
    <name>TP2811</name>
  </trkpt>
  <trkpt lat="35.25334" lon="-112.20462">
    <name>TP2812</name>
  </trkpt>
  <trkpt lat="35.25327" lon="-112.20473">
    <name>TP2813</name>
  </trkpt>
  <trkpt lat="35.2532" lon="-112.20483">
    <name>TP2814</name>
  </trkpt>
  <trkpt lat="35.25315" lon="-112.20492">
    <name>TP2815</name>
  </trkpt>
  <trkpt lat="35.25314" lon="-112.20494">
    <name>TP2816</name>
  </trkpt>
  <trkpt lat="35.25307" lon="-112.20504">
    <name>TP2817</name>
  </trkpt>
  <trkpt lat="35.253" lon="-112.20514">
    <name>TP2818</name>
  </trkpt>
  <trkpt lat="35.25293" lon="-112.20525">
    <name>TP2819</name>
  </trkpt>
  <trkpt lat="35.25286" lon="-112.20535">
    <name>TP2820</name>
  </trkpt>
  <trkpt lat="35.25279" lon="-112.20545">
    <name>TP2821</name>
  </trkpt>
  <trkpt lat="35.25273" lon="-112.20555">
    <name>TP2822</name>
  </trkpt>
  <trkpt lat="35.25265" lon="-112.20566">
    <name>TP2823</name>
  </trkpt>
  <trkpt lat="35.25258" lon="-112.20577">
    <name>TP2824</name>
  </trkpt>
  <trkpt lat="35.25251" lon="-112.20586">
    <name>TP2825</name>
  </trkpt>
  <trkpt lat="35.25243" lon="-112.20596">
    <name>TP2826</name>
  </trkpt>
  <trkpt lat="35.25237" lon="-112.20606">
    <name>TP2827</name>
  </trkpt>
  <trkpt lat="35.25229" lon="-112.20616">
    <name>TP2828</name>
  </trkpt>
  <trkpt lat="35.25222" lon="-112.20625">
    <name>TP2829</name>
  </trkpt>
  <trkpt lat="35.25215" lon="-112.20635">
    <name>TP2830</name>
  </trkpt>
  <trkpt lat="35.25213" lon="-112.20637">
    <name>TP2831</name>
  </trkpt>
  <trkpt lat="35.25207" lon="-112.20645">
    <name>TP2832</name>
  </trkpt>
  <trkpt lat="35.252" lon="-112.20655">
    <name>TP2833</name>
  </trkpt>
  <trkpt lat="35.25192" lon="-112.20665">
    <name>TP2834</name>
  </trkpt>
  <trkpt lat="35.25185" lon="-112.20674">
    <name>TP2835</name>
  </trkpt>
  <trkpt lat="35.25177" lon="-112.20684">
    <name>TP2836</name>
  </trkpt>
  <trkpt lat="35.2517" lon="-112.20694">
    <name>TP2837</name>
  </trkpt>
  <trkpt lat="35.25155" lon="-112.20713">
    <name>TP2838</name>
  </trkpt>
  <trkpt lat="35.25141" lon="-112.20732">
    <name>TP2839</name>
  </trkpt>
  <trkpt lat="35.25132" lon="-112.20742">
    <name>TP2840</name>
  </trkpt>
  <trkpt lat="35.25117" lon="-112.20761">
    <name>TP2841</name>
  </trkpt>
  <trkpt lat="35.25102" lon="-112.20781">
    <name>TP2842</name>
  </trkpt>
  <trkpt lat="35.25101" lon="-112.20782">
    <name>TP2843</name>
  </trkpt>
  <trkpt lat="35.25087" lon="-112.208">
    <name>TP2844</name>
  </trkpt>
  <trkpt lat="35.25072" lon="-112.20819">
    <name>TP2845</name>
  </trkpt>
  <trkpt lat="35.25064" lon="-112.20829">
    <name>TP2846</name>
  </trkpt>
  <trkpt lat="35.25057" lon="-112.20838">
    <name>TP2847</name>
  </trkpt>
  <trkpt lat="35.25042" lon="-112.20858">
    <name>TP2848</name>
  </trkpt>
  <trkpt lat="35.25037" lon="-112.20864">
    <name>TP2849</name>
  </trkpt>
  <trkpt lat="35.25028" lon="-112.20875">
    <name>TP2850</name>
  </trkpt>
  <trkpt lat="35.2502" lon="-112.20885">
    <name>TP2851</name>
  </trkpt>
  <trkpt lat="35.25006" lon="-112.20903">
    <name>TP2852</name>
  </trkpt>
  <trkpt lat="35.24992" lon="-112.20921">
    <name>TP2853</name>
  </trkpt>
  <trkpt lat="35.24978" lon="-112.20939">
    <name>TP2854</name>
  </trkpt>
  <trkpt lat="35.2496" lon="-112.20961">
    <name>TP2855</name>
  </trkpt>
  <trkpt lat="35.24953" lon="-112.2097">
    <name>TP2856</name>
  </trkpt>
  <trkpt lat="35.24944" lon="-112.20983">
    <name>TP2857</name>
  </trkpt>
  <trkpt lat="35.24943" lon="-112.20983">
    <name>TP2858</name>
  </trkpt>
  <trkpt lat="35.2493" lon="-112.21001">
    <name>TP2859</name>
  </trkpt>
  <trkpt lat="35.24902" lon="-112.21036">
    <name>TP2860</name>
  </trkpt>
  <trkpt lat="35.2489" lon="-112.21051">
    <name>TP2861</name>
  </trkpt>
  <trkpt lat="35.2487" lon="-112.21077">
    <name>TP2862</name>
  </trkpt>
  <trkpt lat="35.24861" lon="-112.21088">
    <name>TP2863</name>
  </trkpt>
  <trkpt lat="35.24853" lon="-112.21099">
    <name>TP2864</name>
  </trkpt>
  <trkpt lat="35.24838" lon="-112.21118">
    <name>TP2865</name>
  </trkpt>
  <trkpt lat="35.24823" lon="-112.21137">
    <name>TP2866</name>
  </trkpt>
  <trkpt lat="35.24808" lon="-112.21156">
    <name>TP2867</name>
  </trkpt>
  <trkpt lat="35.24793" lon="-112.21176">
    <name>TP2868</name>
  </trkpt>
  <trkpt lat="35.24783" lon="-112.21188">
    <name>TP2869</name>
  </trkpt>
  <trkpt lat="35.24762" lon="-112.21215">
    <name>TP2870</name>
  </trkpt>
  <trkpt lat="35.24747" lon="-112.21234">
    <name>TP2871</name>
  </trkpt>
  <trkpt lat="35.24732" lon="-112.21253">
    <name>TP2872</name>
  </trkpt>
  <trkpt lat="35.24724" lon="-112.21263">
    <name>TP2873</name>
  </trkpt>
  <trkpt lat="35.24709" lon="-112.21283">
    <name>TP2874</name>
  </trkpt>
  <trkpt lat="35.24694" lon="-112.21301">
    <name>TP2875</name>
  </trkpt>
  <trkpt lat="35.24677" lon="-112.21321">
    <name>TP2876</name>
  </trkpt>
  <trkpt lat="35.24662" lon="-112.21339">
    <name>TP2877</name>
  </trkpt>
  <trkpt lat="35.24646" lon="-112.21358">
    <name>TP2878</name>
  </trkpt>
  <trkpt lat="35.2463" lon="-112.21377">
    <name>TP2879</name>
  </trkpt>
  <trkpt lat="35.24614" lon="-112.21395">
    <name>TP2880</name>
  </trkpt>
  <trkpt lat="35.24598" lon="-112.21412">
    <name>TP2881</name>
  </trkpt>
  <trkpt lat="35.24582" lon="-112.21429">
    <name>TP2882</name>
  </trkpt>
  <trkpt lat="35.24564" lon="-112.21447">
    <name>TP2883</name>
  </trkpt>
  <trkpt lat="35.24555" lon="-112.21456">
    <name>TP2884</name>
  </trkpt>
  <trkpt lat="35.24548" lon="-112.21463">
    <name>TP2885</name>
  </trkpt>
  <trkpt lat="35.2453" lon="-112.2148">
    <name>TP2886</name>
  </trkpt>
  <trkpt lat="35.24504" lon="-112.21504">
    <name>TP2887</name>
  </trkpt>
  <trkpt lat="35.24496" lon="-112.21511">
    <name>TP2888</name>
  </trkpt>
  <trkpt lat="35.24486" lon="-112.2152">
    <name>TP2889</name>
  </trkpt>
  <trkpt lat="35.24477" lon="-112.21528">
    <name>TP2890</name>
  </trkpt>
  <trkpt lat="35.24459" lon="-112.21544">
    <name>TP2891</name>
  </trkpt>
  <trkpt lat="35.2445" lon="-112.21551">
    <name>TP2892</name>
  </trkpt>
  <trkpt lat="35.24441" lon="-112.21559">
    <name>TP2893</name>
  </trkpt>
  <trkpt lat="35.24432" lon="-112.21566">
    <name>TP2894</name>
  </trkpt>
  <trkpt lat="35.24409" lon="-112.21584">
    <name>TP2895</name>
  </trkpt>
  <trkpt lat="35.24404" lon="-112.21588">
    <name>TP2896</name>
  </trkpt>
  <trkpt lat="35.24375" lon="-112.21609">
    <name>TP2897</name>
  </trkpt>
  <trkpt lat="35.24348" lon="-112.2163">
    <name>TP2898</name>
  </trkpt>
  <trkpt lat="35.24334" lon="-112.2164">
    <name>TP2899</name>
  </trkpt>
  <trkpt lat="35.24319" lon="-112.21651">
    <name>TP2900</name>
  </trkpt>
  <trkpt lat="35.24301" lon="-112.21664">
    <name>TP2901</name>
  </trkpt>
  <trkpt lat="35.24282" lon="-112.21677">
    <name>TP2902</name>
  </trkpt>
  <trkpt lat="35.24262" lon="-112.21692">
    <name>TP2903</name>
  </trkpt>
  <trkpt lat="35.24244" lon="-112.21705">
    <name>TP2904</name>
  </trkpt>
  <trkpt lat="35.24225" lon="-112.21719">
    <name>TP2905</name>
  </trkpt>
  <trkpt lat="35.24206" lon="-112.21732">
    <name>TP2906</name>
  </trkpt>
  <trkpt lat="35.24188" lon="-112.21745">
    <name>TP2907</name>
  </trkpt>
  <trkpt lat="35.24178" lon="-112.21753">
    <name>TP2908</name>
  </trkpt>
  <trkpt lat="35.24167" lon="-112.2176">
    <name>TP2909</name>
  </trkpt>
  <trkpt lat="35.2416" lon="-112.21765">
    <name>TP2910</name>
  </trkpt>
  <trkpt lat="35.2415" lon="-112.21772">
    <name>TP2911</name>
  </trkpt>
  <trkpt lat="35.24141" lon="-112.2178">
    <name>TP2912</name>
  </trkpt>
  <trkpt lat="35.24131" lon="-112.21787">
    <name>TP2913</name>
  </trkpt>
  <trkpt lat="35.24122" lon="-112.21794">
    <name>TP2914</name>
  </trkpt>
  <trkpt lat="35.24112" lon="-112.21801">
    <name>TP2915</name>
  </trkpt>
  <trkpt lat="35.24103" lon="-112.21808">
    <name>TP2916</name>
  </trkpt>
  <trkpt lat="35.24094" lon="-112.21815">
    <name>TP2917</name>
  </trkpt>
  <trkpt lat="35.24085" lon="-112.21823">
    <name>TP2918</name>
  </trkpt>
  <trkpt lat="35.24075" lon="-112.21831">
    <name>TP2919</name>
  </trkpt>
  <trkpt lat="35.24066" lon="-112.21839">
    <name>TP2920</name>
  </trkpt>
  <trkpt lat="35.24057" lon="-112.21847">
    <name>TP2921</name>
  </trkpt>
  <trkpt lat="35.24053" lon="-112.2185">
    <name>TP2922</name>
  </trkpt>
  <trkpt lat="35.24048" lon="-112.21854">
    <name>TP2923</name>
  </trkpt>
  <trkpt lat="35.2404" lon="-112.21862">
    <name>TP2924</name>
  </trkpt>
  <trkpt lat="35.2403" lon="-112.21871">
    <name>TP2925</name>
  </trkpt>
  <trkpt lat="35.24022" lon="-112.21879">
    <name>TP2926</name>
  </trkpt>
  <trkpt lat="35.24005" lon="-112.21896">
    <name>TP2927</name>
  </trkpt>
  <trkpt lat="35.2399" lon="-112.21912">
    <name>TP2928</name>
  </trkpt>
  <trkpt lat="35.23981" lon="-112.21922">
    <name>TP2929</name>
  </trkpt>
  <trkpt lat="35.23967" lon="-112.21938">
    <name>TP2930</name>
  </trkpt>
  <trkpt lat="35.23965" lon="-112.2194">
    <name>TP2931</name>
  </trkpt>
  <trkpt lat="35.23952" lon="-112.21954">
    <name>TP2932</name>
  </trkpt>
  <trkpt lat="35.23949" lon="-112.21958">
    <name>TP2933</name>
  </trkpt>
  <trkpt lat="35.23926" lon="-112.21987">
    <name>TP2934</name>
  </trkpt>
  <trkpt lat="35.23918" lon="-112.21996">
    <name>TP2935</name>
  </trkpt>
  <trkpt lat="35.23911" lon="-112.22006">
    <name>TP2936</name>
  </trkpt>
  <trkpt lat="35.23903" lon="-112.22016">
    <name>TP2937</name>
  </trkpt>
  <trkpt lat="35.23889" lon="-112.22035">
    <name>TP2938</name>
  </trkpt>
  <trkpt lat="35.23881" lon="-112.22046">
    <name>TP2939</name>
  </trkpt>
  <trkpt lat="35.23874" lon="-112.22056">
    <name>TP2940</name>
  </trkpt>
  <trkpt lat="35.23867" lon="-112.22066">
    <name>TP2941</name>
  </trkpt>
  <trkpt lat="35.23847" lon="-112.22095">
    <name>TP2942</name>
  </trkpt>
  <trkpt lat="35.23835" lon="-112.22115">
    <name>TP2943</name>
  </trkpt>
  <trkpt lat="35.23828" lon="-112.22125">
    <name>TP2944</name>
  </trkpt>
  <trkpt lat="35.23822" lon="-112.22136">
    <name>TP2945</name>
  </trkpt>
  <trkpt lat="35.23816" lon="-112.22147">
    <name>TP2946</name>
  </trkpt>
  <trkpt lat="35.23809" lon="-112.22158">
    <name>TP2947</name>
  </trkpt>
  <trkpt lat="35.23803" lon="-112.2217">
    <name>TP2948</name>
  </trkpt>
  <trkpt lat="35.23796" lon="-112.22181">
    <name>TP2949</name>
  </trkpt>
  <trkpt lat="35.23795" lon="-112.22183">
    <name>TP2950</name>
  </trkpt>
  <trkpt lat="35.2379" lon="-112.22193">
    <name>TP2951</name>
  </trkpt>
  <trkpt lat="35.23784" lon="-112.22204">
    <name>TP2952</name>
  </trkpt>
  <trkpt lat="35.23779" lon="-112.22215">
    <name>TP2953</name>
  </trkpt>
  <trkpt lat="35.23772" lon="-112.22228">
    <name>TP2954</name>
  </trkpt>
  <trkpt lat="35.23767" lon="-112.22239">
    <name>TP2955</name>
  </trkpt>
  <trkpt lat="35.23761" lon="-112.2225">
    <name>TP2956</name>
  </trkpt>
  <trkpt lat="35.23756" lon="-112.22262">
    <name>TP2957</name>
  </trkpt>
  <trkpt lat="35.2375" lon="-112.22274">
    <name>TP2958</name>
  </trkpt>
  <trkpt lat="35.23746" lon="-112.22284">
    <name>TP2959</name>
  </trkpt>
  <trkpt lat="35.23745" lon="-112.22286">
    <name>TP2960</name>
  </trkpt>
  <trkpt lat="35.2374" lon="-112.22298">
    <name>TP2961</name>
  </trkpt>
  <trkpt lat="35.2373" lon="-112.22321">
    <name>TP2962</name>
  </trkpt>
  <trkpt lat="35.23725" lon="-112.22334">
    <name>TP2963</name>
  </trkpt>
  <trkpt lat="35.23715" lon="-112.22358">
    <name>TP2964</name>
  </trkpt>
  <trkpt lat="35.23705" lon="-112.22382">
    <name>TP2965</name>
  </trkpt>
  <trkpt lat="35.23695" lon="-112.22406">
    <name>TP2966</name>
  </trkpt>
  <trkpt lat="35.23685" lon="-112.22429">
    <name>TP2967</name>
  </trkpt>
  <trkpt lat="35.23675" lon="-112.22454">
    <name>TP2968</name>
  </trkpt>
  <trkpt lat="35.23665" lon="-112.22477">
    <name>TP2969</name>
  </trkpt>
  <trkpt lat="35.23656" lon="-112.22497">
    <name>TP2970</name>
  </trkpt>
  <trkpt lat="35.2363" lon="-112.22559">
    <name>TP2971</name>
  </trkpt>
  <trkpt lat="35.2362" lon="-112.22584">
    <name>TP2972</name>
  </trkpt>
  <trkpt lat="35.23579" lon="-112.22681">
    <name>TP2973</name>
  </trkpt>
  <trkpt lat="35.2357" lon="-112.22704">
    <name>TP2974</name>
  </trkpt>
  <trkpt lat="35.23566" lon="-112.22712">
    <name>TP2975</name>
  </trkpt>
  <trkpt lat="35.23565" lon="-112.22715">
    <name>TP2976</name>
  </trkpt>
  <trkpt lat="35.2356" lon="-112.22726">
    <name>TP2977</name>
  </trkpt>
  <trkpt lat="35.23558" lon="-112.22732">
    <name>TP2978</name>
  </trkpt>
  <trkpt lat="35.23555" lon="-112.22739">
    <name>TP2979</name>
  </trkpt>
  <trkpt lat="35.23549" lon="-112.22751">
    <name>TP2980</name>
  </trkpt>
  <trkpt lat="35.23544" lon="-112.22763">
    <name>TP2981</name>
  </trkpt>
  <trkpt lat="35.23538" lon="-112.22775">
    <name>TP2982</name>
  </trkpt>
  <trkpt lat="35.23533" lon="-112.22787">
    <name>TP2983</name>
  </trkpt>
  <trkpt lat="35.23528" lon="-112.22798">
    <name>TP2984</name>
  </trkpt>
  <trkpt lat="35.23522" lon="-112.2281">
    <name>TP2985</name>
  </trkpt>
  <trkpt lat="35.23516" lon="-112.22821">
    <name>TP2986</name>
  </trkpt>
  <trkpt lat="35.23511" lon="-112.22833">
    <name>TP2987</name>
  </trkpt>
  <trkpt lat="35.23505" lon="-112.22844">
    <name>TP2988</name>
  </trkpt>
  <trkpt lat="35.23499" lon="-112.22856">
    <name>TP2989</name>
  </trkpt>
  <trkpt lat="35.23493" lon="-112.22867">
    <name>TP2990</name>
  </trkpt>
  <trkpt lat="35.23487" lon="-112.22878">
    <name>TP2991</name>
  </trkpt>
  <trkpt lat="35.23475" lon="-112.22902">
    <name>TP2992</name>
  </trkpt>
  <trkpt lat="35.23464" lon="-112.22921">
    <name>TP2993</name>
  </trkpt>
  <trkpt lat="35.2345" lon="-112.22945">
    <name>TP2994</name>
  </trkpt>
  <trkpt lat="35.23447" lon="-112.2295">
    <name>TP2995</name>
  </trkpt>
  <trkpt lat="35.23445" lon="-112.22955">
    <name>TP2996</name>
  </trkpt>
  <trkpt lat="35.23438" lon="-112.22966">
    <name>TP2997</name>
  </trkpt>
  <trkpt lat="35.23425" lon="-112.22986">
    <name>TP2998</name>
  </trkpt>
  <trkpt lat="35.23419" lon="-112.22997">
    <name>TP2999</name>
  </trkpt>
  <trkpt lat="35.23412" lon="-112.23008">
    <name>TP3000</name>
  </trkpt>
  <trkpt lat="35.23405" lon="-112.23019">
    <name>TP3001</name>
  </trkpt>
  <trkpt lat="35.23398" lon="-112.23029">
    <name>TP3002</name>
  </trkpt>
  <trkpt lat="35.23392" lon="-112.2304">
    <name>TP3003</name>
  </trkpt>
  <trkpt lat="35.23385" lon="-112.2305">
    <name>TP3004</name>
  </trkpt>
  <trkpt lat="35.23378" lon="-112.23061">
    <name>TP3005</name>
  </trkpt>
  <trkpt lat="35.2337" lon="-112.23071">
    <name>TP3006</name>
  </trkpt>
  <trkpt lat="35.23363" lon="-112.23081">
    <name>TP3007</name>
  </trkpt>
  <trkpt lat="35.23356" lon="-112.23091">
    <name>TP3008</name>
  </trkpt>
  <trkpt lat="35.23349" lon="-112.23102">
    <name>TP3009</name>
  </trkpt>
  <trkpt lat="35.23341" lon="-112.23112">
    <name>TP3010</name>
  </trkpt>
  <trkpt lat="35.23334" lon="-112.23122">
    <name>TP3011</name>
  </trkpt>
  <trkpt lat="35.23327" lon="-112.23132">
    <name>TP3012</name>
  </trkpt>
  <trkpt lat="35.23319" lon="-112.23142">
    <name>TP3013</name>
  </trkpt>
  <trkpt lat="35.23312" lon="-112.23152">
    <name>TP3014</name>
  </trkpt>
  <trkpt lat="35.23304" lon="-112.23162">
    <name>TP3015</name>
  </trkpt>
  <trkpt lat="35.23296" lon="-112.23171">
    <name>TP3016</name>
  </trkpt>
  <trkpt lat="35.23288" lon="-112.23181">
    <name>TP3017</name>
  </trkpt>
  <trkpt lat="35.23281" lon="-112.23191">
    <name>TP3018</name>
  </trkpt>
  <trkpt lat="35.23273" lon="-112.232">
    <name>TP3019</name>
  </trkpt>
  <trkpt lat="35.23264" lon="-112.23211">
    <name>TP3020</name>
  </trkpt>
  <trkpt lat="35.23248" lon="-112.2323">
    <name>TP3021</name>
  </trkpt>
  <trkpt lat="35.23236" lon="-112.23243">
    <name>TP3022</name>
  </trkpt>
  <trkpt lat="35.23218" lon="-112.23264">
    <name>TP3023</name>
  </trkpt>
  <trkpt lat="35.23208" lon="-112.23274">
    <name>TP3024</name>
  </trkpt>
  <trkpt lat="35.23204" lon="-112.23279">
    <name>TP3025</name>
  </trkpt>
  <trkpt lat="35.23192" lon="-112.23291">
    <name>TP3026</name>
  </trkpt>
  <trkpt lat="35.23184" lon="-112.233">
    <name>TP3027</name>
  </trkpt>
  <trkpt lat="35.23174" lon="-112.23309">
    <name>TP3028</name>
  </trkpt>
  <trkpt lat="35.23166" lon="-112.23317">
    <name>TP3029</name>
  </trkpt>
  <trkpt lat="35.2315" lon="-112.23334">
    <name>TP3030</name>
  </trkpt>
  <trkpt lat="35.23124" lon="-112.23359">
    <name>TP3031</name>
  </trkpt>
  <trkpt lat="35.23105" lon="-112.23376">
    <name>TP3032</name>
  </trkpt>
  <trkpt lat="35.2308" lon="-112.23399">
    <name>TP3033</name>
  </trkpt>
  <trkpt lat="35.23062" lon="-112.23414">
    <name>TP3034</name>
  </trkpt>
  <trkpt lat="35.23043" lon="-112.23429">
    <name>TP3035</name>
  </trkpt>
  <trkpt lat="35.23025" lon="-112.23444">
    <name>TP3036</name>
  </trkpt>
  <trkpt lat="35.23007" lon="-112.23458">
    <name>TP3037</name>
  </trkpt>
  <trkpt lat="35.22987" lon="-112.23473">
    <name>TP3038</name>
  </trkpt>
  <trkpt lat="35.22969" lon="-112.23486">
    <name>TP3039</name>
  </trkpt>
  <trkpt lat="35.2295" lon="-112.235">
    <name>TP3040</name>
  </trkpt>
  <trkpt lat="35.2291" lon="-112.23527">
    <name>TP3041</name>
  </trkpt>
  <trkpt lat="35.22844" lon="-112.23572">
    <name>TP3042</name>
  </trkpt>
  <trkpt lat="35.22824" lon="-112.23585">
    <name>TP3043</name>
  </trkpt>
  <trkpt lat="35.22805" lon="-112.23598">
    <name>TP3044</name>
  </trkpt>
  <trkpt lat="35.22777" lon="-112.23618">
    <name>TP3045</name>
  </trkpt>
  <trkpt lat="35.22758" lon="-112.23633">
    <name>TP3046</name>
  </trkpt>
  <trkpt lat="35.22754" lon="-112.23636">
    <name>TP3047</name>
  </trkpt>
  <trkpt lat="35.2274" lon="-112.23648">
    <name>TP3048</name>
  </trkpt>
  <trkpt lat="35.22721" lon="-112.23664">
    <name>TP3049</name>
  </trkpt>
  <trkpt lat="35.22704" lon="-112.2368">
    <name>TP3050</name>
  </trkpt>
  <trkpt lat="35.22702" lon="-112.23682">
    <name>TP3051</name>
  </trkpt>
  <trkpt lat="35.22686" lon="-112.23697">
    <name>TP3052</name>
  </trkpt>
  <trkpt lat="35.22669" lon="-112.23715">
    <name>TP3053</name>
  </trkpt>
  <trkpt lat="35.22653" lon="-112.23732">
    <name>TP3054</name>
  </trkpt>
  <trkpt lat="35.22637" lon="-112.2375">
    <name>TP3055</name>
  </trkpt>
  <trkpt lat="35.22613" lon="-112.23779">
    <name>TP3056</name>
  </trkpt>
  <trkpt lat="35.22598" lon="-112.23799">
    <name>TP3057</name>
  </trkpt>
  <trkpt lat="35.22591" lon="-112.23809">
    <name>TP3058</name>
  </trkpt>
  <trkpt lat="35.22584" lon="-112.2382">
    <name>TP3059</name>
  </trkpt>
  <trkpt lat="35.22577" lon="-112.2383">
    <name>TP3060</name>
  </trkpt>
  <trkpt lat="35.2257" lon="-112.2384">
    <name>TP3061</name>
  </trkpt>
  <trkpt lat="35.22563" lon="-112.23851">
    <name>TP3062</name>
  </trkpt>
  <trkpt lat="35.22554" lon="-112.23865">
    <name>TP3063</name>
  </trkpt>
  <trkpt lat="35.22545" lon="-112.2388">
    <name>TP3064</name>
  </trkpt>
  <trkpt lat="35.22532" lon="-112.23903">
    <name>TP3065</name>
  </trkpt>
  <trkpt lat="35.22523" lon="-112.23919">
    <name>TP3066</name>
  </trkpt>
  <trkpt lat="35.22514" lon="-112.23937">
    <name>TP3067</name>
  </trkpt>
  <trkpt lat="35.22503" lon="-112.2396">
    <name>TP3068</name>
  </trkpt>
  <trkpt lat="35.22493" lon="-112.23982">
    <name>TP3069</name>
  </trkpt>
  <trkpt lat="35.22482" lon="-112.24008">
    <name>TP3070</name>
  </trkpt>
  <trkpt lat="35.22476" lon="-112.24022">
    <name>TP3071</name>
  </trkpt>
  <trkpt lat="35.22473" lon="-112.2403">
    <name>TP3072</name>
  </trkpt>
  <trkpt lat="35.22464" lon="-112.24053">
    <name>TP3073</name>
  </trkpt>
  <trkpt lat="35.22457" lon="-112.24074">
    <name>TP3074</name>
  </trkpt>
  <trkpt lat="35.2245" lon="-112.24095">
    <name>TP3075</name>
  </trkpt>
  <trkpt lat="35.22443" lon="-112.24118">
    <name>TP3076</name>
  </trkpt>
  <trkpt lat="35.22437" lon="-112.24138">
    <name>TP3077</name>
  </trkpt>
  <trkpt lat="35.22433" lon="-112.24156">
    <name>TP3078</name>
  </trkpt>
  <trkpt lat="35.22432" lon="-112.24158">
    <name>TP3079</name>
  </trkpt>
  <trkpt lat="35.22427" lon="-112.24178">
    <name>TP3080</name>
  </trkpt>
  <trkpt lat="35.22423" lon="-112.24198">
    <name>TP3081</name>
  </trkpt>
  <trkpt lat="35.22418" lon="-112.2422">
    <name>TP3082</name>
  </trkpt>
  <trkpt lat="35.22414" lon="-112.24242">
    <name>TP3083</name>
  </trkpt>
  <trkpt lat="35.22411" lon="-112.24265">
    <name>TP3084</name>
  </trkpt>
  <trkpt lat="35.22408" lon="-112.24286">
    <name>TP3085</name>
  </trkpt>
  <trkpt lat="35.22403" lon="-112.2433">
    <name>TP3086</name>
  </trkpt>
  <trkpt lat="35.22402" lon="-112.24335">
    <name>TP3087</name>
  </trkpt>
  <trkpt lat="35.22402" lon="-112.24337">
    <name>TP3088</name>
  </trkpt>
  <trkpt lat="35.22401" lon="-112.24351">
    <name>TP3089</name>
  </trkpt>
  <trkpt lat="35.224" lon="-112.2437">
    <name>TP3090</name>
  </trkpt>
  <trkpt lat="35.22398" lon="-112.24395">
    <name>TP3091</name>
  </trkpt>
  <trkpt lat="35.22398" lon="-112.24414">
    <name>TP3092</name>
  </trkpt>
  <trkpt lat="35.22397" lon="-112.24431">
    <name>TP3093</name>
  </trkpt>
  <trkpt lat="35.22397" lon="-112.24452">
    <name>TP3094</name>
  </trkpt>
  <trkpt lat="35.22398" lon="-112.24477">
    <name>TP3095</name>
  </trkpt>
  <trkpt lat="35.22399" lon="-112.24502">
    <name>TP3096</name>
  </trkpt>
  <trkpt lat="35.224" lon="-112.24516">
    <name>TP3097</name>
  </trkpt>
  <trkpt lat="35.22401" lon="-112.24532">
    <name>TP3098</name>
  </trkpt>
  <trkpt lat="35.22404" lon="-112.2456">
    <name>TP3099</name>
  </trkpt>
  <trkpt lat="35.22407" lon="-112.24585">
    <name>TP3100</name>
  </trkpt>
  <trkpt lat="35.2241" lon="-112.24613">
    <name>TP3101</name>
  </trkpt>
  <trkpt lat="35.22411" lon="-112.24618">
    <name>TP3102</name>
  </trkpt>
  <trkpt lat="35.22414" lon="-112.24637">
    <name>TP3103</name>
  </trkpt>
  <trkpt lat="35.22418" lon="-112.24659">
    <name>TP3104</name>
  </trkpt>
  <trkpt lat="35.22423" lon="-112.24691">
    <name>TP3105</name>
  </trkpt>
  <trkpt lat="35.22425" lon="-112.24704">
    <name>TP3106</name>
  </trkpt>
  <trkpt lat="35.22428" lon="-112.2472">
    <name>TP3107</name>
  </trkpt>
  <trkpt lat="35.22432" lon="-112.24744">
    <name>TP3108</name>
  </trkpt>
  <trkpt lat="35.22436" lon="-112.24765">
    <name>TP3109</name>
  </trkpt>
  <trkpt lat="35.22436" lon="-112.24769">
    <name>TP3110</name>
  </trkpt>
  <trkpt lat="35.22439" lon="-112.24784">
    <name>TP3111</name>
  </trkpt>
  <trkpt lat="35.22441" lon="-112.24798">
    <name>TP3112</name>
  </trkpt>
  <trkpt lat="35.22443" lon="-112.24809">
    <name>TP3113</name>
  </trkpt>
  <trkpt lat="35.22445" lon="-112.24824">
    <name>TP3114</name>
  </trkpt>
  <trkpt lat="35.22449" lon="-112.24849">
    <name>TP3115</name>
  </trkpt>
  <trkpt lat="35.2245" lon="-112.24855">
    <name>TP3116</name>
  </trkpt>
  <trkpt lat="35.22452" lon="-112.24878">
    <name>TP3117</name>
  </trkpt>
  <trkpt lat="35.22454" lon="-112.24899">
    <name>TP3118</name>
  </trkpt>
  <trkpt lat="35.22456" lon="-112.24918">
    <name>TP3119</name>
  </trkpt>
  <trkpt lat="35.22457" lon="-112.2494">
    <name>TP3120</name>
  </trkpt>
  <trkpt lat="35.22457" lon="-112.24941">
    <name>TP3121</name>
  </trkpt>
  <trkpt lat="35.22458" lon="-112.24961">
    <name>TP3122</name>
  </trkpt>
  <trkpt lat="35.22459" lon="-112.24991">
    <name>TP3123</name>
  </trkpt>
  <trkpt lat="35.22459" lon="-112.2502">
    <name>TP3124</name>
  </trkpt>
  <trkpt lat="35.22459" lon="-112.25042">
    <name>TP3125</name>
  </trkpt>
  <trkpt lat="35.22457" lon="-112.25067">
    <name>TP3126</name>
  </trkpt>
  <trkpt lat="35.22456" lon="-112.25084">
    <name>TP3127</name>
  </trkpt>
  <trkpt lat="35.22456" lon="-112.25094">
    <name>TP3128</name>
  </trkpt>
  <trkpt lat="35.22453" lon="-112.25123">
    <name>TP3129</name>
  </trkpt>
  <trkpt lat="35.2245" lon="-112.25146">
    <name>TP3130</name>
  </trkpt>
  <trkpt lat="35.22448" lon="-112.25166">
    <name>TP3131</name>
  </trkpt>
  <trkpt lat="35.22445" lon="-112.25187">
    <name>TP3132</name>
  </trkpt>
  <trkpt lat="35.22442" lon="-112.25202">
    <name>TP3133</name>
  </trkpt>
  <trkpt lat="35.22438" lon="-112.25224">
    <name>TP3134</name>
  </trkpt>
  <trkpt lat="35.22436" lon="-112.25234">
    <name>TP3135</name>
  </trkpt>
  <trkpt lat="35.2243" lon="-112.25263">
    <name>TP3136</name>
  </trkpt>
  <trkpt lat="35.22429" lon="-112.25267">
    <name>TP3137</name>
  </trkpt>
  <trkpt lat="35.22423" lon="-112.25291">
    <name>TP3138</name>
  </trkpt>
  <trkpt lat="35.22417" lon="-112.25314">
    <name>TP3139</name>
  </trkpt>
  <trkpt lat="35.22411" lon="-112.25335">
    <name>TP3140</name>
  </trkpt>
  <trkpt lat="35.22406" lon="-112.2535">
    <name>TP3141</name>
  </trkpt>
  <trkpt lat="35.22405" lon="-112.25355">
    <name>TP3142</name>
  </trkpt>
  <trkpt lat="35.22397" lon="-112.25378">
    <name>TP3143</name>
  </trkpt>
  <trkpt lat="35.22388" lon="-112.25403">
    <name>TP3144</name>
  </trkpt>
  <trkpt lat="35.22377" lon="-112.25433">
    <name>TP3145</name>
  </trkpt>
  <trkpt lat="35.2237" lon="-112.25452">
    <name>TP3146</name>
  </trkpt>
  <trkpt lat="35.22363" lon="-112.2547">
    <name>TP3147</name>
  </trkpt>
  <trkpt lat="35.22362" lon="-112.25471">
    <name>TP3148</name>
  </trkpt>
  <trkpt lat="35.22354" lon="-112.25493">
    <name>TP3149</name>
  </trkpt>
  <trkpt lat="35.22346" lon="-112.25516">
    <name>TP3150</name>
  </trkpt>
  <trkpt lat="35.22339" lon="-112.25536">
    <name>TP3151</name>
  </trkpt>
  <trkpt lat="35.22331" lon="-112.25559">
    <name>TP3152</name>
  </trkpt>
  <trkpt lat="35.22329" lon="-112.25565">
    <name>TP3153</name>
  </trkpt>
  <trkpt lat="35.22325" lon="-112.2558">
    <name>TP3154</name>
  </trkpt>
  <trkpt lat="35.2232" lon="-112.25597">
    <name>TP3155</name>
  </trkpt>
  <trkpt lat="35.22315" lon="-112.25612">
    <name>TP3156</name>
  </trkpt>
  <trkpt lat="35.22308" lon="-112.25642">
    <name>TP3157</name>
  </trkpt>
  <trkpt lat="35.22304" lon="-112.25658">
    <name>TP3158</name>
  </trkpt>
  <trkpt lat="35.22302" lon="-112.25664">
    <name>TP3159</name>
  </trkpt>
  <trkpt lat="35.22297" lon="-112.2569">
    <name>TP3160</name>
  </trkpt>
  <trkpt lat="35.22292" lon="-112.25713">
    <name>TP3161</name>
  </trkpt>
  <trkpt lat="35.22288" lon="-112.25734">
    <name>TP3162</name>
  </trkpt>
  <trkpt lat="35.22284" lon="-112.2576">
    <name>TP3163</name>
  </trkpt>
  <trkpt lat="35.2228" lon="-112.25787">
    <name>TP3164</name>
  </trkpt>
  <trkpt lat="35.22274" lon="-112.25839">
    <name>TP3165</name>
  </trkpt>
  <trkpt lat="35.22272" lon="-112.2587">
    <name>TP3166</name>
  </trkpt>
  <trkpt lat="35.22267" lon="-112.25936">
    <name>TP3167</name>
  </trkpt>
  <trkpt lat="35.22264" lon="-112.25998">
    <name>TP3168</name>
  </trkpt>
  <trkpt lat="35.22262" lon="-112.26021">
    <name>TP3169</name>
  </trkpt>
  <trkpt lat="35.22261" lon="-112.26046">
    <name>TP3170</name>
  </trkpt>
  <trkpt lat="35.22259" lon="-112.26068">
    <name>TP3171</name>
  </trkpt>
  <trkpt lat="35.22255" lon="-112.26134">
    <name>TP3172</name>
  </trkpt>
  <trkpt lat="35.22254" lon="-112.26156">
    <name>TP3173</name>
  </trkpt>
  <trkpt lat="35.22253" lon="-112.26172">
    <name>TP3174</name>
  </trkpt>
  <trkpt lat="35.2225" lon="-112.26217">
    <name>TP3175</name>
  </trkpt>
  <trkpt lat="35.22248" lon="-112.26253">
    <name>TP3176</name>
  </trkpt>
  <trkpt lat="35.22247" lon="-112.26265">
    <name>TP3177</name>
  </trkpt>
  <trkpt lat="35.22244" lon="-112.26308">
    <name>TP3178</name>
  </trkpt>
  <trkpt lat="35.22243" lon="-112.26331">
    <name>TP3179</name>
  </trkpt>
  <trkpt lat="35.2224" lon="-112.26375">
    <name>TP3180</name>
  </trkpt>
  <trkpt lat="35.22236" lon="-112.2643">
    <name>TP3181</name>
  </trkpt>
  <trkpt lat="35.22233" lon="-112.26483">
    <name>TP3182</name>
  </trkpt>
  <trkpt lat="35.2223" lon="-112.26535">
    <name>TP3183</name>
  </trkpt>
  <trkpt lat="35.2223" lon="-112.2654">
    <name>TP3184</name>
  </trkpt>
  <trkpt lat="35.22229" lon="-112.2655">
    <name>TP3185</name>
  </trkpt>
  <trkpt lat="35.22229" lon="-112.26566">
    <name>TP3186</name>
  </trkpt>
  <trkpt lat="35.22228" lon="-112.26581">
    <name>TP3187</name>
  </trkpt>
  <trkpt lat="35.22228" lon="-112.26594">
    <name>TP3188</name>
  </trkpt>
  <trkpt lat="35.22227" lon="-112.26608">
    <name>TP3189</name>
  </trkpt>
  <trkpt lat="35.22227" lon="-112.26619">
    <name>TP3190</name>
  </trkpt>
  <trkpt lat="35.22226" lon="-112.26673">
    <name>TP3191</name>
  </trkpt>
  <trkpt lat="35.22225" lon="-112.26731">
    <name>TP3192</name>
  </trkpt>
  <trkpt lat="35.22226" lon="-112.26766">
    <name>TP3193</name>
  </trkpt>
  <trkpt lat="35.22226" lon="-112.26787">
    <name>TP3194</name>
  </trkpt>
  <trkpt lat="35.22226" lon="-112.26807">
    <name>TP3195</name>
  </trkpt>
  <trkpt lat="35.22227" lon="-112.26832">
    <name>TP3196</name>
  </trkpt>
  <trkpt lat="35.22228" lon="-112.2686">
    <name>TP3197</name>
  </trkpt>
  <trkpt lat="35.22229" lon="-112.26888">
    <name>TP3198</name>
  </trkpt>
  <trkpt lat="35.2223" lon="-112.26929">
    <name>TP3199</name>
  </trkpt>
  <trkpt lat="35.22231" lon="-112.26969">
    <name>TP3200</name>
  </trkpt>
  <trkpt lat="35.22231" lon="-112.26982">
    <name>TP3201</name>
  </trkpt>
  <trkpt lat="35.22232" lon="-112.26999">
    <name>TP3202</name>
  </trkpt>
  <trkpt lat="35.22231" lon="-112.27026">
    <name>TP3203</name>
  </trkpt>
  <trkpt lat="35.22231" lon="-112.27061">
    <name>TP3204</name>
  </trkpt>
  <trkpt lat="35.2223" lon="-112.2708">
    <name>TP3205</name>
  </trkpt>
  <trkpt lat="35.22229" lon="-112.27098">
    <name>TP3206</name>
  </trkpt>
  <trkpt lat="35.22228" lon="-112.27114">
    <name>TP3207</name>
  </trkpt>
  <trkpt lat="35.22228" lon="-112.27122">
    <name>TP3208</name>
  </trkpt>
  <trkpt lat="35.22226" lon="-112.27149">
    <name>TP3209</name>
  </trkpt>
  <trkpt lat="35.22224" lon="-112.27173">
    <name>TP3210</name>
  </trkpt>
  <trkpt lat="35.22223" lon="-112.2718">
    <name>TP3211</name>
  </trkpt>
  <trkpt lat="35.22221" lon="-112.27199">
    <name>TP3212</name>
  </trkpt>
  <trkpt lat="35.22218" lon="-112.27221">
    <name>TP3213</name>
  </trkpt>
  <trkpt lat="35.22218" lon="-112.27223">
    <name>TP3214</name>
  </trkpt>
  <trkpt lat="35.22215" lon="-112.27242">
    <name>TP3215</name>
  </trkpt>
  <trkpt lat="35.22211" lon="-112.27265">
    <name>TP3216</name>
  </trkpt>
  <trkpt lat="35.22208" lon="-112.27285">
    <name>TP3217</name>
  </trkpt>
  <trkpt lat="35.22205" lon="-112.27303">
    <name>TP3218</name>
  </trkpt>
  <trkpt lat="35.22201" lon="-112.27319">
    <name>TP3219</name>
  </trkpt>
  <trkpt lat="35.22197" lon="-112.27343">
    <name>TP3220</name>
  </trkpt>
  <trkpt lat="35.22192" lon="-112.27365">
    <name>TP3221</name>
  </trkpt>
  <trkpt lat="35.2219" lon="-112.27373">
    <name>TP3222</name>
  </trkpt>
  <trkpt lat="35.22186" lon="-112.27388">
    <name>TP3223</name>
  </trkpt>
  <trkpt lat="35.22184" lon="-112.27395">
    <name>TP3224</name>
  </trkpt>
  <trkpt lat="35.2218" lon="-112.27412">
    <name>TP3225</name>
  </trkpt>
  <trkpt lat="35.22177" lon="-112.27425">
    <name>TP3226</name>
  </trkpt>
  <trkpt lat="35.22172" lon="-112.27442">
    <name>TP3227</name>
  </trkpt>
  <trkpt lat="35.22167" lon="-112.27457">
    <name>TP3228</name>
  </trkpt>
  <trkpt lat="35.22165" lon="-112.27463">
    <name>TP3229</name>
  </trkpt>
  <trkpt lat="35.22158" lon="-112.27485">
    <name>TP3230</name>
  </trkpt>
  <trkpt lat="35.22152" lon="-112.27503">
    <name>TP3231</name>
  </trkpt>
  <trkpt lat="35.22146" lon="-112.2752">
    <name>TP3232</name>
  </trkpt>
  <trkpt lat="35.22146" lon="-112.27522">
    <name>TP3233</name>
  </trkpt>
  <trkpt lat="35.2214" lon="-112.27537">
    <name>TP3234</name>
  </trkpt>
  <trkpt lat="35.2214" lon="-112.27539">
    <name>TP3235</name>
  </trkpt>
  <trkpt lat="35.22139" lon="-112.27542">
    <name>TP3236</name>
  </trkpt>
  <trkpt lat="35.22134" lon="-112.27556">
    <name>TP3237</name>
  </trkpt>
  <trkpt lat="35.22123" lon="-112.27583">
    <name>TP3238</name>
  </trkpt>
  <trkpt lat="35.22115" lon="-112.27602">
    <name>TP3239</name>
  </trkpt>
  <trkpt lat="35.22114" lon="-112.27606">
    <name>TP3240</name>
  </trkpt>
  <trkpt lat="35.22103" lon="-112.27631">
    <name>TP3241</name>
  </trkpt>
  <trkpt lat="35.22099" lon="-112.27642">
    <name>TP3242</name>
  </trkpt>
  <trkpt lat="35.22094" lon="-112.27654">
    <name>TP3243</name>
  </trkpt>
  <trkpt lat="35.22084" lon="-112.27679">
    <name>TP3244</name>
  </trkpt>
  <trkpt lat="35.22067" lon="-112.27724">
    <name>TP3245</name>
  </trkpt>
  <trkpt lat="35.22059" lon="-112.27743">
    <name>TP3246</name>
  </trkpt>
  <trkpt lat="35.22052" lon="-112.27761">
    <name>TP3247</name>
  </trkpt>
  <trkpt lat="35.2205" lon="-112.27766">
    <name>TP3248</name>
  </trkpt>
  <trkpt lat="35.22042" lon="-112.27786">
    <name>TP3249</name>
  </trkpt>
  <trkpt lat="35.2204" lon="-112.27791">
    <name>TP3250</name>
  </trkpt>
  <trkpt lat="35.22035" lon="-112.27806">
    <name>TP3251</name>
  </trkpt>
  <trkpt lat="35.22026" lon="-112.27831">
    <name>TP3252</name>
  </trkpt>
  <trkpt lat="35.22019" lon="-112.27851">
    <name>TP3253</name>
  </trkpt>
  <trkpt lat="35.22014" lon="-112.27866">
    <name>TP3254</name>
  </trkpt>
  <trkpt lat="35.22004" lon="-112.27898">
    <name>TP3255</name>
  </trkpt>
  <trkpt lat="35.22002" lon="-112.27905">
    <name>TP3256</name>
  </trkpt>
  <trkpt lat="35.21998" lon="-112.27919">
    <name>TP3257</name>
  </trkpt>
  <trkpt lat="35.21992" lon="-112.27942">
    <name>TP3258</name>
  </trkpt>
  <trkpt lat="35.21985" lon="-112.27973">
    <name>TP3259</name>
  </trkpt>
  <trkpt lat="35.21981" lon="-112.27992">
    <name>TP3260</name>
  </trkpt>
  <trkpt lat="35.21978" lon="-112.28006">
    <name>TP3261</name>
  </trkpt>
  <trkpt lat="35.21975" lon="-112.28022">
    <name>TP3262</name>
  </trkpt>
  <trkpt lat="35.21972" lon="-112.28035">
    <name>TP3263</name>
  </trkpt>
  <trkpt lat="35.21971" lon="-112.28042">
    <name>TP3264</name>
  </trkpt>
  <trkpt lat="35.21968" lon="-112.28058">
    <name>TP3265</name>
  </trkpt>
  <trkpt lat="35.21966" lon="-112.28071">
    <name>TP3266</name>
  </trkpt>
  <trkpt lat="35.21965" lon="-112.28079">
    <name>TP3267</name>
  </trkpt>
  <trkpt lat="35.21964" lon="-112.28084">
    <name>TP3268</name>
  </trkpt>
  <trkpt lat="35.21962" lon="-112.28103">
    <name>TP3269</name>
  </trkpt>
  <trkpt lat="35.21959" lon="-112.28122">
    <name>TP3270</name>
  </trkpt>
  <trkpt lat="35.21956" lon="-112.28153">
    <name>TP3271</name>
  </trkpt>
  <trkpt lat="35.21955" lon="-112.28175">
    <name>TP3272</name>
  </trkpt>
  <trkpt lat="35.21954" lon="-112.28184">
    <name>TP3273</name>
  </trkpt>
  <trkpt lat="35.21953" lon="-112.28202">
    <name>TP3274</name>
  </trkpt>
  <trkpt lat="35.21952" lon="-112.28218">
    <name>TP3275</name>
  </trkpt>
  <trkpt lat="35.21951" lon="-112.28232">
    <name>TP3276</name>
  </trkpt>
  <trkpt lat="35.21951" lon="-112.28246">
    <name>TP3277</name>
  </trkpt>
  <trkpt lat="35.21951" lon="-112.28263">
    <name>TP3278</name>
  </trkpt>
  <trkpt lat="35.2195" lon="-112.28288">
    <name>TP3279</name>
  </trkpt>
  <trkpt lat="35.21951" lon="-112.28312">
    <name>TP3280</name>
  </trkpt>
  <trkpt lat="35.21952" lon="-112.28336">
    <name>TP3281</name>
  </trkpt>
  <trkpt lat="35.21953" lon="-112.28365">
    <name>TP3282</name>
  </trkpt>
  <trkpt lat="35.21955" lon="-112.28394">
    <name>TP3283</name>
  </trkpt>
  <trkpt lat="35.21957" lon="-112.28411">
    <name>TP3284</name>
  </trkpt>
  <trkpt lat="35.21958" lon="-112.28425">
    <name>TP3285</name>
  </trkpt>
  <trkpt lat="35.21961" lon="-112.28449">
    <name>TP3286</name>
  </trkpt>
  <trkpt lat="35.21965" lon="-112.28476">
    <name>TP3287</name>
  </trkpt>
  <trkpt lat="35.21968" lon="-112.285">
    <name>TP3288</name>
  </trkpt>
  <trkpt lat="35.21974" lon="-112.28535">
    <name>TP3289</name>
  </trkpt>
  <trkpt lat="35.21978" lon="-112.28555">
    <name>TP3290</name>
  </trkpt>
  <trkpt lat="35.21982" lon="-112.28574">
    <name>TP3291</name>
  </trkpt>
  <trkpt lat="35.21989" lon="-112.28603">
    <name>TP3292</name>
  </trkpt>
  <trkpt lat="35.21993" lon="-112.2862">
    <name>TP3293</name>
  </trkpt>
  <trkpt lat="35.21995" lon="-112.28627">
    <name>TP3294</name>
  </trkpt>
  <trkpt lat="35.2201" lon="-112.28681">
    <name>TP3295</name>
  </trkpt>
  <trkpt lat="35.22033" lon="-112.28751">
    <name>TP3296</name>
  </trkpt>
  <trkpt lat="35.22036" lon="-112.28762">
    <name>TP3297</name>
  </trkpt>
  <trkpt lat="35.22043" lon="-112.28782">
    <name>TP3298</name>
  </trkpt>
  <trkpt lat="35.22043" lon="-112.28783">
    <name>TP3299</name>
  </trkpt>
  <trkpt lat="35.2205" lon="-112.28803">
    <name>TP3300</name>
  </trkpt>
  <trkpt lat="35.2207" lon="-112.28864">
    <name>TP3301</name>
  </trkpt>
  <trkpt lat="35.22077" lon="-112.28884">
    <name>TP3302</name>
  </trkpt>
  <trkpt lat="35.22084" lon="-112.28905">
    <name>TP3303</name>
  </trkpt>
  <trkpt lat="35.22091" lon="-112.28925">
    <name>TP3304</name>
  </trkpt>
  <trkpt lat="35.22094" lon="-112.28936">
    <name>TP3305</name>
  </trkpt>
  <trkpt lat="35.22101" lon="-112.28955">
    <name>TP3306</name>
  </trkpt>
  <trkpt lat="35.22115" lon="-112.28999">
    <name>TP3307</name>
  </trkpt>
  <trkpt lat="35.22129" lon="-112.29041">
    <name>TP3308</name>
  </trkpt>
  <trkpt lat="35.22139" lon="-112.2907">
    <name>TP3309</name>
  </trkpt>
  <trkpt lat="35.22143" lon="-112.29083">
    <name>TP3310</name>
  </trkpt>
  <trkpt lat="35.22152" lon="-112.29115">
    <name>TP3311</name>
  </trkpt>
  <trkpt lat="35.22159" lon="-112.29142">
    <name>TP3312</name>
  </trkpt>
  <trkpt lat="35.22166" lon="-112.29168">
    <name>TP3313</name>
  </trkpt>
  <trkpt lat="35.22171" lon="-112.29193">
    <name>TP3314</name>
  </trkpt>
  <trkpt lat="35.22177" lon="-112.29223">
    <name>TP3315</name>
  </trkpt>
  <trkpt lat="35.22178" lon="-112.2923">
    <name>TP3316</name>
  </trkpt>
  <trkpt lat="35.22182" lon="-112.29252">
    <name>TP3317</name>
  </trkpt>
  <trkpt lat="35.22187" lon="-112.29281">
    <name>TP3318</name>
  </trkpt>
  <trkpt lat="35.22192" lon="-112.29325">
    <name>TP3319</name>
  </trkpt>
  <trkpt lat="35.22195" lon="-112.29355">
    <name>TP3320</name>
  </trkpt>
  <trkpt lat="35.22197" lon="-112.29375">
    <name>TP3321</name>
  </trkpt>
  <trkpt lat="35.22198" lon="-112.2939">
    <name>TP3322</name>
  </trkpt>
  <trkpt lat="35.222" lon="-112.2944">
    <name>TP3323</name>
  </trkpt>
  <trkpt lat="35.222" lon="-112.29468">
    <name>TP3324</name>
  </trkpt>
  <trkpt lat="35.222" lon="-112.29492">
    <name>TP3325</name>
  </trkpt>
  <trkpt lat="35.22199" lon="-112.29523">
    <name>TP3326</name>
  </trkpt>
  <trkpt lat="35.22198" lon="-112.29552">
    <name>TP3327</name>
  </trkpt>
  <trkpt lat="35.22195" lon="-112.29582">
    <name>TP3328</name>
  </trkpt>
  <trkpt lat="35.22192" lon="-112.29615">
    <name>TP3329</name>
  </trkpt>
  <trkpt lat="35.2219" lon="-112.2963">
    <name>TP3330</name>
  </trkpt>
  <trkpt lat="35.22188" lon="-112.29647">
    <name>TP3331</name>
  </trkpt>
  <trkpt lat="35.22184" lon="-112.29672">
    <name>TP3332</name>
  </trkpt>
  <trkpt lat="35.22183" lon="-112.29682">
    <name>TP3333</name>
  </trkpt>
  <trkpt lat="35.22182" lon="-112.29691">
    <name>TP3334</name>
  </trkpt>
  <trkpt lat="35.22176" lon="-112.29721">
    <name>TP3335</name>
  </trkpt>
  <trkpt lat="35.2217" lon="-112.2975">
    <name>TP3336</name>
  </trkpt>
  <trkpt lat="35.22166" lon="-112.29767">
    <name>TP3337</name>
  </trkpt>
  <trkpt lat="35.22163" lon="-112.2978">
    <name>TP3338</name>
  </trkpt>
  <trkpt lat="35.22156" lon="-112.29806">
    <name>TP3339</name>
  </trkpt>
  <trkpt lat="35.2215" lon="-112.29831">
    <name>TP3340</name>
  </trkpt>
  <trkpt lat="35.22137" lon="-112.29872">
    <name>TP3341</name>
  </trkpt>
  <trkpt lat="35.22135" lon="-112.29879">
    <name>TP3342</name>
  </trkpt>
  <trkpt lat="35.22126" lon="-112.29907">
    <name>TP3343</name>
  </trkpt>
  <trkpt lat="35.22124" lon="-112.29913">
    <name>TP3344</name>
  </trkpt>
  <trkpt lat="35.22117" lon="-112.29932">
    <name>TP3345</name>
  </trkpt>
  <trkpt lat="35.22117" lon="-112.29933">
    <name>TP3346</name>
  </trkpt>
  <trkpt lat="35.22108" lon="-112.29961">
    <name>TP3347</name>
  </trkpt>
  <trkpt lat="35.22098" lon="-112.29988">
    <name>TP3348</name>
  </trkpt>
  <trkpt lat="35.22096" lon="-112.29994">
    <name>TP3349</name>
  </trkpt>
  <trkpt lat="35.2209" lon="-112.30011">
    <name>TP3350</name>
  </trkpt>
  <trkpt lat="35.22089" lon="-112.30014">
    <name>TP3351</name>
  </trkpt>
  <trkpt lat="35.22076" lon="-112.30055">
    <name>TP3352</name>
  </trkpt>
  <trkpt lat="35.22072" lon="-112.30066">
    <name>TP3353</name>
  </trkpt>
  <trkpt lat="35.22061" lon="-112.30101">
    <name>TP3354</name>
  </trkpt>
  <trkpt lat="35.2205" lon="-112.30136">
    <name>TP3355</name>
  </trkpt>
  <trkpt lat="35.22042" lon="-112.30165">
    <name>TP3356</name>
  </trkpt>
  <trkpt lat="35.22037" lon="-112.30186">
    <name>TP3357</name>
  </trkpt>
  <trkpt lat="35.22029" lon="-112.30223">
    <name>TP3358</name>
  </trkpt>
  <trkpt lat="35.22022" lon="-112.30258">
    <name>TP3359</name>
  </trkpt>
  <trkpt lat="35.22018" lon="-112.30279">
    <name>TP3360</name>
  </trkpt>
  <trkpt lat="35.22017" lon="-112.30288">
    <name>TP3361</name>
  </trkpt>
  <trkpt lat="35.22011" lon="-112.30328">
    <name>TP3362</name>
  </trkpt>
  <trkpt lat="35.22006" lon="-112.3036">
    <name>TP3363</name>
  </trkpt>
  <trkpt lat="35.22002" lon="-112.30399">
    <name>TP3364</name>
  </trkpt>
  <trkpt lat="35.21998" lon="-112.30447">
    <name>TP3365</name>
  </trkpt>
  <trkpt lat="35.21996" lon="-112.30488">
    <name>TP3366</name>
  </trkpt>
  <trkpt lat="35.21995" lon="-112.30526">
    <name>TP3367</name>
  </trkpt>
  <trkpt lat="35.21995" lon="-112.30562">
    <name>TP3368</name>
  </trkpt>
  <trkpt lat="35.21996" lon="-112.30595">
    <name>TP3369</name>
  </trkpt>
  <trkpt lat="35.21998" lon="-112.30626">
    <name>TP3370</name>
  </trkpt>
  <trkpt lat="35.21999" lon="-112.30651">
    <name>TP3371</name>
  </trkpt>
  <trkpt lat="35.21999" lon="-112.30656">
    <name>TP3372</name>
  </trkpt>
  <trkpt lat="35.22003" lon="-112.30695">
    <name>TP3373</name>
  </trkpt>
  <trkpt lat="35.22003" lon="-112.30696">
    <name>TP3374</name>
  </trkpt>
  <trkpt lat="35.22005" lon="-112.3072">
    <name>TP3375</name>
  </trkpt>
  <trkpt lat="35.22006" lon="-112.30723">
    <name>TP3376</name>
  </trkpt>
  <trkpt lat="35.22009" lon="-112.30748">
    <name>TP3377</name>
  </trkpt>
  <trkpt lat="35.22011" lon="-112.30762">
    <name>TP3378</name>
  </trkpt>
  <trkpt lat="35.22013" lon="-112.30778">
    <name>TP3379</name>
  </trkpt>
  <trkpt lat="35.22018" lon="-112.30809">
    <name>TP3380</name>
  </trkpt>
  <trkpt lat="35.22022" lon="-112.30827">
    <name>TP3381</name>
  </trkpt>
  <trkpt lat="35.22023" lon="-112.30833">
    <name>TP3382</name>
  </trkpt>
  <trkpt lat="35.22027" lon="-112.30855">
    <name>TP3383</name>
  </trkpt>
  <trkpt lat="35.22033" lon="-112.30883">
    <name>TP3384</name>
  </trkpt>
  <trkpt lat="35.22047" lon="-112.30946">
    <name>TP3385</name>
  </trkpt>
  <trkpt lat="35.22053" lon="-112.30977">
    <name>TP3386</name>
  </trkpt>
  <trkpt lat="35.22058" lon="-112.30998">
    <name>TP3387</name>
  </trkpt>
  <trkpt lat="35.22075" lon="-112.31075">
    <name>TP3388</name>
  </trkpt>
  <trkpt lat="35.22077" lon="-112.31085">
    <name>TP3389</name>
  </trkpt>
  <trkpt lat="35.22082" lon="-112.31106">
    <name>TP3390</name>
  </trkpt>
  <trkpt lat="35.22086" lon="-112.31125">
    <name>TP3391</name>
  </trkpt>
  <trkpt lat="35.2209" lon="-112.31144">
    <name>TP3392</name>
  </trkpt>
  <trkpt lat="35.22102" lon="-112.312">
    <name>TP3393</name>
  </trkpt>
  <trkpt lat="35.22109" lon="-112.31232">
    <name>TP3394</name>
  </trkpt>
  <trkpt lat="35.22111" lon="-112.3124">
    <name>TP3395</name>
  </trkpt>
  <trkpt lat="35.22124" lon="-112.313">
    <name>TP3396</name>
  </trkpt>
  <trkpt lat="35.22132" lon="-112.31338">
    <name>TP3397</name>
  </trkpt>
  <trkpt lat="35.22134" lon="-112.31347">
    <name>TP3398</name>
  </trkpt>
  <trkpt lat="35.22141" lon="-112.3138">
    <name>TP3399</name>
  </trkpt>
  <trkpt lat="35.22149" lon="-112.31417">
    <name>TP3400</name>
  </trkpt>
  <trkpt lat="35.22156" lon="-112.31447">
    <name>TP3401</name>
  </trkpt>
  <trkpt lat="35.2216" lon="-112.31463">
    <name>TP3402</name>
  </trkpt>
  <trkpt lat="35.22187" lon="-112.31587">
    <name>TP3403</name>
  </trkpt>
  <trkpt lat="35.2219" lon="-112.31601">
    <name>TP3404</name>
  </trkpt>
  <trkpt lat="35.2223" lon="-112.31784">
    <name>TP3405</name>
  </trkpt>
  <trkpt lat="35.22236" lon="-112.31813">
    <name>TP3406</name>
  </trkpt>
  <trkpt lat="35.22246" lon="-112.31855">
    <name>TP3407</name>
  </trkpt>
  <trkpt lat="35.22249" lon="-112.31869">
    <name>TP3408</name>
  </trkpt>
  <trkpt lat="35.22257" lon="-112.31906">
    <name>TP3409</name>
  </trkpt>
  <trkpt lat="35.2226" lon="-112.31919">
    <name>TP3410</name>
  </trkpt>
  <trkpt lat="35.22263" lon="-112.31933">
    <name>TP3411</name>
  </trkpt>
  <trkpt lat="35.22268" lon="-112.31958">
    <name>TP3412</name>
  </trkpt>
  <trkpt lat="35.22273" lon="-112.31979">
    <name>TP3413</name>
  </trkpt>
  <trkpt lat="35.22274" lon="-112.31985">
    <name>TP3414</name>
  </trkpt>
  <trkpt lat="35.22279" lon="-112.32006">
    <name>TP3415</name>
  </trkpt>
  <trkpt lat="35.22286" lon="-112.32038">
    <name>TP3416</name>
  </trkpt>
  <trkpt lat="35.22289" lon="-112.32055">
    <name>TP3417</name>
  </trkpt>
  <trkpt lat="35.22298" lon="-112.32097">
    <name>TP3418</name>
  </trkpt>
  <trkpt lat="35.22303" lon="-112.32122">
    <name>TP3419</name>
  </trkpt>
  <trkpt lat="35.22307" lon="-112.32144">
    <name>TP3420</name>
  </trkpt>
  <trkpt lat="35.22308" lon="-112.3215">
    <name>TP3421</name>
  </trkpt>
  <trkpt lat="35.22312" lon="-112.32181">
    <name>TP3422</name>
  </trkpt>
  <trkpt lat="35.22318" lon="-112.3222">
    <name>TP3423</name>
  </trkpt>
  <trkpt lat="35.2232" lon="-112.32241">
    <name>TP3424</name>
  </trkpt>
  <trkpt lat="35.22323" lon="-112.32269">
    <name>TP3425</name>
  </trkpt>
  <trkpt lat="35.22325" lon="-112.32296">
    <name>TP3426</name>
  </trkpt>
  <trkpt lat="35.22326" lon="-112.32313">
    <name>TP3427</name>
  </trkpt>
  <trkpt lat="35.22328" lon="-112.32338">
    <name>TP3428</name>
  </trkpt>
  <trkpt lat="35.22329" lon="-112.32367">
    <name>TP3429</name>
  </trkpt>
  <trkpt lat="35.22329" lon="-112.32394">
    <name>TP3430</name>
  </trkpt>
  <trkpt lat="35.22329" lon="-112.32419">
    <name>TP3431</name>
  </trkpt>
  <trkpt lat="35.22329" lon="-112.32447">
    <name>TP3432</name>
  </trkpt>
  <trkpt lat="35.22328" lon="-112.3247">
    <name>TP3433</name>
  </trkpt>
  <trkpt lat="35.22328" lon="-112.32475">
    <name>TP3434</name>
  </trkpt>
  <trkpt lat="35.22326" lon="-112.32498">
    <name>TP3435</name>
  </trkpt>
  <trkpt lat="35.22322" lon="-112.32552">
    <name>TP3436</name>
  </trkpt>
  <trkpt lat="35.22318" lon="-112.32594">
    <name>TP3437</name>
  </trkpt>
  <trkpt lat="35.22313" lon="-112.32627">
    <name>TP3438</name>
  </trkpt>
  <trkpt lat="35.22308" lon="-112.32665">
    <name>TP3439</name>
  </trkpt>
  <trkpt lat="35.22299" lon="-112.32716">
    <name>TP3440</name>
  </trkpt>
  <trkpt lat="35.2228" lon="-112.32835">
    <name>TP3441</name>
  </trkpt>
  <trkpt lat="35.22272" lon="-112.32888">
    <name>TP3442</name>
  </trkpt>
  <trkpt lat="35.2227" lon="-112.32898">
    <name>TP3443</name>
  </trkpt>
  <trkpt lat="35.22268" lon="-112.32909">
    <name>TP3444</name>
  </trkpt>
  <trkpt lat="35.22264" lon="-112.32936">
    <name>TP3445</name>
  </trkpt>
  <trkpt lat="35.22257" lon="-112.32977">
    <name>TP3446</name>
  </trkpt>
  <trkpt lat="35.22243" lon="-112.33059">
    <name>TP3447</name>
  </trkpt>
  <trkpt lat="35.22235" lon="-112.33106">
    <name>TP3448</name>
  </trkpt>
  <trkpt lat="35.22225" lon="-112.33152">
    <name>TP3449</name>
  </trkpt>
  <trkpt lat="35.22216" lon="-112.33189">
    <name>TP3450</name>
  </trkpt>
  <trkpt lat="35.22206" lon="-112.33227">
    <name>TP3451</name>
  </trkpt>
  <trkpt lat="35.22199" lon="-112.3325">
    <name>TP3452</name>
  </trkpt>
  <trkpt lat="35.22191" lon="-112.33276">
    <name>TP3453</name>
  </trkpt>
  <trkpt lat="35.22181" lon="-112.33308">
    <name>TP3454</name>
  </trkpt>
  <trkpt lat="35.22169" lon="-112.33341">
    <name>TP3455</name>
  </trkpt>
  <trkpt lat="35.22158" lon="-112.33373">
    <name>TP3456</name>
  </trkpt>
  <trkpt lat="35.22153" lon="-112.33384">
    <name>TP3457</name>
  </trkpt>
  <trkpt lat="35.22135" lon="-112.3343">
    <name>TP3458</name>
  </trkpt>
  <trkpt lat="35.22117" lon="-112.33471">
    <name>TP3459</name>
  </trkpt>
  <trkpt lat="35.22106" lon="-112.33494">
    <name>TP3460</name>
  </trkpt>
  <trkpt lat="35.22101" lon="-112.33505">
    <name>TP3461</name>
  </trkpt>
  <trkpt lat="35.22096" lon="-112.33516">
    <name>TP3462</name>
  </trkpt>
  <trkpt lat="35.22091" lon="-112.33524">
    <name>TP3463</name>
  </trkpt>
  <trkpt lat="35.22084" lon="-112.33538">
    <name>TP3464</name>
  </trkpt>
  <trkpt lat="35.22072" lon="-112.33561">
    <name>TP3465</name>
  </trkpt>
  <trkpt lat="35.22068" lon="-112.33569">
    <name>TP3466</name>
  </trkpt>
  <trkpt lat="35.22053" lon="-112.33597">
    <name>TP3467</name>
  </trkpt>
  <trkpt lat="35.22039" lon="-112.33622">
    <name>TP3468</name>
  </trkpt>
  <trkpt lat="35.22023" lon="-112.33653">
    <name>TP3469</name>
  </trkpt>
  <trkpt lat="35.22022" lon="-112.33655">
    <name>TP3470</name>
  </trkpt>
  <trkpt lat="35.22007" lon="-112.33685">
    <name>TP3471</name>
  </trkpt>
  <trkpt lat="35.21995" lon="-112.3371">
    <name>TP3472</name>
  </trkpt>
  <trkpt lat="35.21992" lon="-112.33716">
    <name>TP3473</name>
  </trkpt>
  <trkpt lat="35.21982" lon="-112.33739">
    <name>TP3474</name>
  </trkpt>
  <trkpt lat="35.21967" lon="-112.33773">
    <name>TP3475</name>
  </trkpt>
  <trkpt lat="35.21954" lon="-112.33807">
    <name>TP3476</name>
  </trkpt>
  <trkpt lat="35.21951" lon="-112.33815">
    <name>TP3477</name>
  </trkpt>
  <trkpt lat="35.21937" lon="-112.33853">
    <name>TP3478</name>
  </trkpt>
  <trkpt lat="35.21932" lon="-112.33868">
    <name>TP3479</name>
  </trkpt>
  <trkpt lat="35.21931" lon="-112.33872">
    <name>TP3480</name>
  </trkpt>
  <trkpt lat="35.21925" lon="-112.33889">
    <name>TP3481</name>
  </trkpt>
  <trkpt lat="35.21921" lon="-112.33902">
    <name>TP3482</name>
  </trkpt>
  <trkpt lat="35.21909" lon="-112.3394">
    <name>TP3483</name>
  </trkpt>
  <trkpt lat="35.21901" lon="-112.33969">
    <name>TP3484</name>
  </trkpt>
  <trkpt lat="35.21895" lon="-112.33992">
    <name>TP3485</name>
  </trkpt>
  <trkpt lat="35.21895" lon="-112.33995">
    <name>TP3486</name>
  </trkpt>
  <trkpt lat="35.21888" lon="-112.34024">
    <name>TP3487</name>
  </trkpt>
  <trkpt lat="35.21881" lon="-112.34058">
    <name>TP3488</name>
  </trkpt>
  <trkpt lat="35.21877" lon="-112.34077">
    <name>TP3489</name>
  </trkpt>
  <trkpt lat="35.2187" lon="-112.34113">
    <name>TP3490</name>
  </trkpt>
  <trkpt lat="35.21869" lon="-112.3412">
    <name>TP3491</name>
  </trkpt>
  <trkpt lat="35.21866" lon="-112.3414">
    <name>TP3492</name>
  </trkpt>
  <trkpt lat="35.2186" lon="-112.3417">
    <name>TP3493</name>
  </trkpt>
  <trkpt lat="35.2185" lon="-112.34234">
    <name>TP3494</name>
  </trkpt>
  <trkpt lat="35.2184" lon="-112.34296">
    <name>TP3495</name>
  </trkpt>
  <trkpt lat="35.21829" lon="-112.34357">
    <name>TP3496</name>
  </trkpt>
  <trkpt lat="35.21821" lon="-112.34409">
    <name>TP3497</name>
  </trkpt>
  <trkpt lat="35.21816" lon="-112.34439">
    <name>TP3498</name>
  </trkpt>
  <trkpt lat="35.21809" lon="-112.34482">
    <name>TP3499</name>
  </trkpt>
  <trkpt lat="35.21805" lon="-112.34504">
    <name>TP3500</name>
  </trkpt>
  <trkpt lat="35.21791" lon="-112.34589">
    <name>TP3501</name>
  </trkpt>
  <trkpt lat="35.21781" lon="-112.34646">
    <name>TP3502</name>
  </trkpt>
  <trkpt lat="35.21777" lon="-112.34669">
    <name>TP3503</name>
  </trkpt>
  <trkpt lat="35.21774" lon="-112.34688">
    <name>TP3504</name>
  </trkpt>
  <trkpt lat="35.21767" lon="-112.34719">
    <name>TP3505</name>
  </trkpt>
  <trkpt lat="35.21763" lon="-112.3474">
    <name>TP3506</name>
  </trkpt>
  <trkpt lat="35.21761" lon="-112.34745">
    <name>TP3507</name>
  </trkpt>
  <trkpt lat="35.21757" lon="-112.34761">
    <name>TP3508</name>
  </trkpt>
  <trkpt lat="35.21752" lon="-112.34783">
    <name>TP3509</name>
  </trkpt>
  <trkpt lat="35.2175" lon="-112.34793">
    <name>TP3510</name>
  </trkpt>
  <trkpt lat="35.21747" lon="-112.34803">
    <name>TP3511</name>
  </trkpt>
  <trkpt lat="35.21737" lon="-112.34838">
    <name>TP3512</name>
  </trkpt>
  <trkpt lat="35.21735" lon="-112.34845">
    <name>TP3513</name>
  </trkpt>
  <trkpt lat="35.2173" lon="-112.34863">
    <name>TP3514</name>
  </trkpt>
  <trkpt lat="35.21723" lon="-112.34886">
    <name>TP3515</name>
  </trkpt>
  <trkpt lat="35.21716" lon="-112.34905">
    <name>TP3516</name>
  </trkpt>
  <trkpt lat="35.21709" lon="-112.34927">
    <name>TP3517</name>
  </trkpt>
  <trkpt lat="35.21699" lon="-112.34957">
    <name>TP3518</name>
  </trkpt>
  <trkpt lat="35.21695" lon="-112.34967">
    <name>TP3519</name>
  </trkpt>
  <trkpt lat="35.21687" lon="-112.34987">
    <name>TP3520</name>
  </trkpt>
  <trkpt lat="35.21682" lon="-112.35">
    <name>TP3521</name>
  </trkpt>
  <trkpt lat="35.21671" lon="-112.35027">
    <name>TP3522</name>
  </trkpt>
  <trkpt lat="35.21656" lon="-112.35064">
    <name>TP3523</name>
  </trkpt>
  <trkpt lat="35.21631" lon="-112.35126">
    <name>TP3524</name>
  </trkpt>
  <trkpt lat="35.21625" lon="-112.35141">
    <name>TP3525</name>
  </trkpt>
  <trkpt lat="35.21617" lon="-112.35162">
    <name>TP3526</name>
  </trkpt>
  <trkpt lat="35.21608" lon="-112.35185">
    <name>TP3527</name>
  </trkpt>
  <trkpt lat="35.21605" lon="-112.35192">
    <name>TP3528</name>
  </trkpt>
  <trkpt lat="35.21598" lon="-112.35212">
    <name>TP3529</name>
  </trkpt>
  <trkpt lat="35.2159" lon="-112.35237">
    <name>TP3530</name>
  </trkpt>
  <trkpt lat="35.2158" lon="-112.35267">
    <name>TP3531</name>
  </trkpt>
  <trkpt lat="35.21569" lon="-112.35302">
    <name>TP3532</name>
  </trkpt>
  <trkpt lat="35.21563" lon="-112.35325">
    <name>TP3533</name>
  </trkpt>
  <trkpt lat="35.21555" lon="-112.35356">
    <name>TP3534</name>
  </trkpt>
  <trkpt lat="35.21551" lon="-112.35371">
    <name>TP3535</name>
  </trkpt>
  <trkpt lat="35.21548" lon="-112.35384">
    <name>TP3536</name>
  </trkpt>
  <trkpt lat="35.21546" lon="-112.35392">
    <name>TP3537</name>
  </trkpt>
  <trkpt lat="35.21537" lon="-112.35432">
    <name>TP3538</name>
  </trkpt>
  <trkpt lat="35.2153" lon="-112.35468">
    <name>TP3539</name>
  </trkpt>
  <trkpt lat="35.21523" lon="-112.35503">
    <name>TP3540</name>
  </trkpt>
  <trkpt lat="35.21519" lon="-112.35529">
    <name>TP3541</name>
  </trkpt>
  <trkpt lat="35.21517" lon="-112.35542">
    <name>TP3542</name>
  </trkpt>
  <trkpt lat="35.21515" lon="-112.35556">
    <name>TP3543</name>
  </trkpt>
  <trkpt lat="35.21512" lon="-112.35577">
    <name>TP3544</name>
  </trkpt>
  <trkpt lat="35.21508" lon="-112.35614">
    <name>TP3545</name>
  </trkpt>
  <trkpt lat="35.21504" lon="-112.35656">
    <name>TP3546</name>
  </trkpt>
  <trkpt lat="35.21501" lon="-112.35694">
    <name>TP3547</name>
  </trkpt>
  <trkpt lat="35.215" lon="-112.35721">
    <name>TP3548</name>
  </trkpt>
  <trkpt lat="35.21498" lon="-112.35747">
    <name>TP3549</name>
  </trkpt>
  <trkpt lat="35.21498" lon="-112.3576">
    <name>TP3550</name>
  </trkpt>
  <trkpt lat="35.21498" lon="-112.35781">
    <name>TP3551</name>
  </trkpt>
  <trkpt lat="35.21497" lon="-112.35818">
    <name>TP3552</name>
  </trkpt>
  <trkpt lat="35.21498" lon="-112.35853">
    <name>TP3553</name>
  </trkpt>
  <trkpt lat="35.21499" lon="-112.35893">
    <name>TP3554</name>
  </trkpt>
  <trkpt lat="35.21501" lon="-112.35938">
    <name>TP3555</name>
  </trkpt>
  <trkpt lat="35.21501" lon="-112.35942">
    <name>TP3556</name>
  </trkpt>
  <trkpt lat="35.21504" lon="-112.35978">
    <name>TP3557</name>
  </trkpt>
  <trkpt lat="35.21507" lon="-112.36004">
    <name>TP3558</name>
  </trkpt>
  <trkpt lat="35.21507" lon="-112.36008">
    <name>TP3559</name>
  </trkpt>
  <trkpt lat="35.21509" lon="-112.36028">
    <name>TP3560</name>
  </trkpt>
  <trkpt lat="35.21512" lon="-112.36055">
    <name>TP3561</name>
  </trkpt>
  <trkpt lat="35.21515" lon="-112.36074">
    <name>TP3562</name>
  </trkpt>
  <trkpt lat="35.2152" lon="-112.36111">
    <name>TP3563</name>
  </trkpt>
  <trkpt lat="35.21524" lon="-112.36133">
    <name>TP3564</name>
  </trkpt>
  <trkpt lat="35.21527" lon="-112.3615">
    <name>TP3565</name>
  </trkpt>
  <trkpt lat="35.21532" lon="-112.36175">
    <name>TP3566</name>
  </trkpt>
  <trkpt lat="35.21538" lon="-112.36202">
    <name>TP3567</name>
  </trkpt>
  <trkpt lat="35.21544" lon="-112.36231">
    <name>TP3568</name>
  </trkpt>
  <trkpt lat="35.21555" lon="-112.36276">
    <name>TP3569</name>
  </trkpt>
  <trkpt lat="35.21568" lon="-112.36336">
    <name>TP3570</name>
  </trkpt>
  <trkpt lat="35.21579" lon="-112.36381">
    <name>TP3571</name>
  </trkpt>
  <trkpt lat="35.21585" lon="-112.3641">
    <name>TP3572</name>
  </trkpt>
  <trkpt lat="35.21586" lon="-112.36414">
    <name>TP3573</name>
  </trkpt>
  <trkpt lat="35.21589" lon="-112.36425">
    <name>TP3574</name>
  </trkpt>
  <trkpt lat="35.216" lon="-112.36473">
    <name>TP3575</name>
  </trkpt>
  <trkpt lat="35.21609" lon="-112.3651">
    <name>TP3576</name>
  </trkpt>
  <trkpt lat="35.21616" lon="-112.36544">
    <name>TP3577</name>
  </trkpt>
  <trkpt lat="35.21625" lon="-112.36583">
    <name>TP3578</name>
  </trkpt>
  <trkpt lat="35.21626" lon="-112.36583">
    <name>TP3579</name>
  </trkpt>
  <trkpt lat="35.21635" lon="-112.36622">
    <name>TP3580</name>
  </trkpt>
  <trkpt lat="35.21635" lon="-112.36626">
    <name>TP3581</name>
  </trkpt>
  <trkpt lat="35.21647" lon="-112.36675">
    <name>TP3582</name>
  </trkpt>
  <trkpt lat="35.21653" lon="-112.367">
    <name>TP3583</name>
  </trkpt>
  <trkpt lat="35.21659" lon="-112.36726">
    <name>TP3584</name>
  </trkpt>
  <trkpt lat="35.21666" lon="-112.36758">
    <name>TP3585</name>
  </trkpt>
  <trkpt lat="35.21678" lon="-112.36811">
    <name>TP3586</name>
  </trkpt>
  <trkpt lat="35.21687" lon="-112.36855">
    <name>TP3587</name>
  </trkpt>
  <trkpt lat="35.21688" lon="-112.36856">
    <name>TP3588</name>
  </trkpt>
  <trkpt lat="35.21692" lon="-112.36878">
    <name>TP3589</name>
  </trkpt>
  <trkpt lat="35.21698" lon="-112.36912">
    <name>TP3590</name>
  </trkpt>
  <trkpt lat="35.21701" lon="-112.36931">
    <name>TP3591</name>
  </trkpt>
  <trkpt lat="35.21704" lon="-112.36955">
    <name>TP3592</name>
  </trkpt>
  <trkpt lat="35.21706" lon="-112.36968">
    <name>TP3593</name>
  </trkpt>
  <trkpt lat="35.21708" lon="-112.36983">
    <name>TP3594</name>
  </trkpt>
  <trkpt lat="35.2171" lon="-112.37004">
    <name>TP3595</name>
  </trkpt>
  <trkpt lat="35.21712" lon="-112.37021">
    <name>TP3596</name>
  </trkpt>
  <trkpt lat="35.21713" lon="-112.37037">
    <name>TP3597</name>
  </trkpt>
  <trkpt lat="35.21715" lon="-112.37061">
    <name>TP3598</name>
  </trkpt>
  <trkpt lat="35.21716" lon="-112.37085">
    <name>TP3599</name>
  </trkpt>
  <trkpt lat="35.21717" lon="-112.37095">
    <name>TP3600</name>
  </trkpt>
  <trkpt lat="35.21717" lon="-112.37107">
    <name>TP3601</name>
  </trkpt>
  <trkpt lat="35.21717" lon="-112.37117">
    <name>TP3602</name>
  </trkpt>
  <trkpt lat="35.21718" lon="-112.37132">
    <name>TP3603</name>
  </trkpt>
  <trkpt lat="35.21718" lon="-112.37171">
    <name>TP3604</name>
  </trkpt>
  <trkpt lat="35.21718" lon="-112.37201">
    <name>TP3605</name>
  </trkpt>
  <trkpt lat="35.21717" lon="-112.3723">
    <name>TP3606</name>
  </trkpt>
  <trkpt lat="35.21715" lon="-112.37262">
    <name>TP3607</name>
  </trkpt>
  <trkpt lat="35.21714" lon="-112.37271">
    <name>TP3608</name>
  </trkpt>
  <trkpt lat="35.21712" lon="-112.37299">
    <name>TP3609</name>
  </trkpt>
  <trkpt lat="35.2171" lon="-112.37315">
    <name>TP3610</name>
  </trkpt>
  <trkpt lat="35.21709" lon="-112.37328">
    <name>TP3611</name>
  </trkpt>
  <trkpt lat="35.21706" lon="-112.37353">
    <name>TP3612</name>
  </trkpt>
  <trkpt lat="35.21705" lon="-112.37363">
    <name>TP3613</name>
  </trkpt>
  <trkpt lat="35.21702" lon="-112.37384">
    <name>TP3614</name>
  </trkpt>
  <trkpt lat="35.21699" lon="-112.37414">
    <name>TP3615</name>
  </trkpt>
  <trkpt lat="35.21698" lon="-112.37419">
    <name>TP3616</name>
  </trkpt>
  <trkpt lat="35.21694" lon="-112.37452">
    <name>TP3617</name>
  </trkpt>
  <trkpt lat="35.21692" lon="-112.37467">
    <name>TP3618</name>
  </trkpt>
  <trkpt lat="35.2169" lon="-112.37485">
    <name>TP3619</name>
  </trkpt>
  <trkpt lat="35.21685" lon="-112.3752">
    <name>TP3620</name>
  </trkpt>
  <trkpt lat="35.21683" lon="-112.37537">
    <name>TP3621</name>
  </trkpt>
  <trkpt lat="35.2168" lon="-112.37563">
    <name>TP3622</name>
  </trkpt>
  <trkpt lat="35.21676" lon="-112.37596">
    <name>TP3623</name>
  </trkpt>
  <trkpt lat="35.21673" lon="-112.37615">
    <name>TP3624</name>
  </trkpt>
  <trkpt lat="35.2167" lon="-112.37641">
    <name>TP3625</name>
  </trkpt>
  <trkpt lat="35.21664" lon="-112.37684">
    <name>TP3626</name>
  </trkpt>
  <trkpt lat="35.21659" lon="-112.37728">
    <name>TP3627</name>
  </trkpt>
  <trkpt lat="35.21657" lon="-112.37742">
    <name>TP3628</name>
  </trkpt>
  <trkpt lat="35.21651" lon="-112.37793">
    <name>TP3629</name>
  </trkpt>
  <trkpt lat="35.21648" lon="-112.37814">
    <name>TP3630</name>
  </trkpt>
  <trkpt lat="35.21645" lon="-112.3784">
    <name>TP3631</name>
  </trkpt>
  <trkpt lat="35.21644" lon="-112.37848">
    <name>TP3632</name>
  </trkpt>
  <trkpt lat="35.21643" lon="-112.37861">
    <name>TP3633</name>
  </trkpt>
  <trkpt lat="35.2164" lon="-112.37884">
    <name>TP3634</name>
  </trkpt>
  <trkpt lat="35.21636" lon="-112.37924">
    <name>TP3635</name>
  </trkpt>
  <trkpt lat="35.21636" lon="-112.37925">
    <name>TP3636</name>
  </trkpt>
  <trkpt lat="35.21633" lon="-112.37953">
    <name>TP3637</name>
  </trkpt>
  <trkpt lat="35.2163" lon="-112.37987">
    <name>TP3638</name>
  </trkpt>
  <trkpt lat="35.21628" lon="-112.38014">
    <name>TP3639</name>
  </trkpt>
  <trkpt lat="35.21628" lon="-112.38018">
    <name>TP3640</name>
  </trkpt>
  <trkpt lat="35.21625" lon="-112.38051">
    <name>TP3641</name>
  </trkpt>
  <trkpt lat="35.21623" lon="-112.38085">
    <name>TP3642</name>
  </trkpt>
  <trkpt lat="35.21623" lon="-112.38089">
    <name>TP3643</name>
  </trkpt>
  <trkpt lat="35.2162" lon="-112.38138">
    <name>TP3644</name>
  </trkpt>
  <trkpt lat="35.21619" lon="-112.3816">
    <name>TP3645</name>
  </trkpt>
  <trkpt lat="35.21619" lon="-112.38164">
    <name>TP3646</name>
  </trkpt>
  <trkpt lat="35.21619" lon="-112.38168">
    <name>TP3647</name>
  </trkpt>
  <trkpt lat="35.21618" lon="-112.38182">
    <name>TP3648</name>
  </trkpt>
  <trkpt lat="35.21617" lon="-112.38204">
    <name>TP3649</name>
  </trkpt>
  <trkpt lat="35.21617" lon="-112.38226">
    <name>TP3650</name>
  </trkpt>
  <trkpt lat="35.21616" lon="-112.38248">
    <name>TP3651</name>
  </trkpt>
  <trkpt lat="35.21616" lon="-112.38254">
    <name>TP3652</name>
  </trkpt>
  <trkpt lat="35.21615" lon="-112.38276">
    <name>TP3653</name>
  </trkpt>
  <trkpt lat="35.21615" lon="-112.38285">
    <name>TP3654</name>
  </trkpt>
  <trkpt lat="35.21614" lon="-112.38292">
    <name>TP3655</name>
  </trkpt>
  <trkpt lat="35.21614" lon="-112.383">
    <name>TP3656</name>
  </trkpt>
  <trkpt lat="35.21614" lon="-112.38314">
    <name>TP3657</name>
  </trkpt>
  <trkpt lat="35.21613" lon="-112.38326">
    <name>TP3658</name>
  </trkpt>
  <trkpt lat="35.21613" lon="-112.38336">
    <name>TP3659</name>
  </trkpt>
  <trkpt lat="35.21613" lon="-112.38349">
    <name>TP3660</name>
  </trkpt>
  <trkpt lat="35.21612" lon="-112.3838">
    <name>TP3661</name>
  </trkpt>
  <trkpt lat="35.21611" lon="-112.38408">
    <name>TP3662</name>
  </trkpt>
  <trkpt lat="35.21611" lon="-112.38424">
    <name>TP3663</name>
  </trkpt>
  <trkpt lat="35.2161" lon="-112.3843">
    <name>TP3664</name>
  </trkpt>
  <trkpt lat="35.2161" lon="-112.38452">
    <name>TP3665</name>
  </trkpt>
  <trkpt lat="35.21609" lon="-112.38497">
    <name>TP3666</name>
  </trkpt>
  <trkpt lat="35.21608" lon="-112.38502">
    <name>TP3667</name>
  </trkpt>
  <trkpt lat="35.21608" lon="-112.38508">
    <name>TP3668</name>
  </trkpt>
  <trkpt lat="35.21607" lon="-112.38549">
    <name>TP3669</name>
  </trkpt>
  <trkpt lat="35.21606" lon="-112.38584">
    <name>TP3670</name>
  </trkpt>
  <trkpt lat="35.21606" lon="-112.38596">
    <name>TP3671</name>
  </trkpt>
  <trkpt lat="35.21605" lon="-112.38606">
    <name>TP3672</name>
  </trkpt>
  <trkpt lat="35.21605" lon="-112.38628">
    <name>TP3673</name>
  </trkpt>
  <trkpt lat="35.21604" lon="-112.38668">
    <name>TP3674</name>
  </trkpt>
  <trkpt lat="35.21603" lon="-112.38684">
    <name>TP3675</name>
  </trkpt>
  <trkpt lat="35.21602" lon="-112.38706">
    <name>TP3676</name>
  </trkpt>
  <trkpt lat="35.21601" lon="-112.38738">
    <name>TP3677</name>
  </trkpt>
  <trkpt lat="35.21601" lon="-112.3875">
    <name>TP3678</name>
  </trkpt>
  <trkpt lat="35.21601" lon="-112.38794">
    <name>TP3679</name>
  </trkpt>
  <trkpt lat="35.216" lon="-112.38802">
    <name>TP3680</name>
  </trkpt>
  <trkpt lat="35.216" lon="-112.38804">
    <name>TP3681</name>
  </trkpt>
  <trkpt lat="35.216" lon="-112.38826">
    <name>TP3682</name>
  </trkpt>
  <trkpt lat="35.216" lon="-112.38838">
    <name>TP3683</name>
  </trkpt>
  <trkpt lat="35.216" lon="-112.38843">
    <name>TP3684</name>
  </trkpt>
  <trkpt lat="35.216" lon="-112.38849">
    <name>TP3685</name>
  </trkpt>
  <trkpt lat="35.216" lon="-112.3886">
    <name>TP3686</name>
  </trkpt>
  <trkpt lat="35.21601" lon="-112.38869">
    <name>TP3687</name>
  </trkpt>
  <trkpt lat="35.21601" lon="-112.38898">
    <name>TP3688</name>
  </trkpt>
  <trkpt lat="35.21603" lon="-112.38926">
    <name>TP3689</name>
  </trkpt>
  <trkpt lat="35.21604" lon="-112.38938">
    <name>TP3690</name>
  </trkpt>
  <trkpt lat="35.21605" lon="-112.38948">
    <name>TP3691</name>
  </trkpt>
  <trkpt lat="35.21607" lon="-112.3898">
    <name>TP3692</name>
  </trkpt>
  <trkpt lat="35.21608" lon="-112.3899">
    <name>TP3693</name>
  </trkpt>
  <trkpt lat="35.2161" lon="-112.39013">
    <name>TP3694</name>
  </trkpt>
  <trkpt lat="35.21611" lon="-112.3902">
    <name>TP3695</name>
  </trkpt>
  <trkpt lat="35.21613" lon="-112.39035">
    <name>TP3696</name>
  </trkpt>
  <trkpt lat="35.21616" lon="-112.39058">
    <name>TP3697</name>
  </trkpt>
  <trkpt lat="35.21625" lon="-112.39113">
    <name>TP3698</name>
  </trkpt>
  <trkpt lat="35.21627" lon="-112.39122">
    <name>TP3699</name>
  </trkpt>
  <trkpt lat="35.21638" lon="-112.39179">
    <name>TP3700</name>
  </trkpt>
  <trkpt lat="35.21642" lon="-112.39197">
    <name>TP3701</name>
  </trkpt>
  <trkpt lat="35.21648" lon="-112.39229">
    <name>TP3702</name>
  </trkpt>
  <trkpt lat="35.2165" lon="-112.39239">
    <name>TP3703</name>
  </trkpt>
  <trkpt lat="35.21653" lon="-112.39253">
    <name>TP3704</name>
  </trkpt>
  <trkpt lat="35.2166" lon="-112.39295">
    <name>TP3705</name>
  </trkpt>
  <trkpt lat="35.21666" lon="-112.39333">
    <name>TP3706</name>
  </trkpt>
  <trkpt lat="35.21671" lon="-112.39366">
    <name>TP3707</name>
  </trkpt>
  <trkpt lat="35.21678" lon="-112.39426">
    <name>TP3708</name>
  </trkpt>
  <trkpt lat="35.21682" lon="-112.39482">
    <name>TP3709</name>
  </trkpt>
  <trkpt lat="35.21683" lon="-112.39515">
    <name>TP3710</name>
  </trkpt>
  <trkpt lat="35.21684" lon="-112.39552">
    <name>TP3711</name>
  </trkpt>
  <trkpt lat="35.21684" lon="-112.39587">
    <name>TP3712</name>
  </trkpt>
  <trkpt lat="35.21684" lon="-112.39597">
    <name>TP3713</name>
  </trkpt>
  <trkpt lat="35.21683" lon="-112.39609">
    <name>TP3714</name>
  </trkpt>
  <trkpt lat="35.21683" lon="-112.3963">
    <name>TP3715</name>
  </trkpt>
  <trkpt lat="35.21683" lon="-112.39631">
    <name>TP3716</name>
  </trkpt>
  <trkpt lat="35.21682" lon="-112.39657">
    <name>TP3717</name>
  </trkpt>
  <trkpt lat="35.21679" lon="-112.39695">
    <name>TP3718</name>
  </trkpt>
  <trkpt lat="35.21678" lon="-112.39697">
    <name>TP3719</name>
  </trkpt>
  <trkpt lat="35.21675" lon="-112.3973">
    <name>TP3720</name>
  </trkpt>
  <trkpt lat="35.21669" lon="-112.39781">
    <name>TP3721</name>
  </trkpt>
  <trkpt lat="35.21662" lon="-112.39828">
    <name>TP3722</name>
  </trkpt>
  <trkpt lat="35.2166" lon="-112.39836">
    <name>TP3723</name>
  </trkpt>
  <trkpt lat="35.21658" lon="-112.39849">
    <name>TP3724</name>
  </trkpt>
  <trkpt lat="35.2165" lon="-112.39891">
    <name>TP3725</name>
  </trkpt>
  <trkpt lat="35.2165" lon="-112.39892">
    <name>TP3726</name>
  </trkpt>
  <trkpt lat="35.21645" lon="-112.39913">
    <name>TP3727</name>
  </trkpt>
  <trkpt lat="35.21643" lon="-112.39923">
    <name>TP3728</name>
  </trkpt>
  <trkpt lat="35.2164" lon="-112.39934">
    <name>TP3729</name>
  </trkpt>
  <trkpt lat="35.21636" lon="-112.3995">
    <name>TP3730</name>
  </trkpt>
  <trkpt lat="35.21635" lon="-112.39956">
    <name>TP3731</name>
  </trkpt>
  <trkpt lat="35.21629" lon="-112.39976">
    <name>TP3732</name>
  </trkpt>
  <trkpt lat="35.21623" lon="-112.39997">
    <name>TP3733</name>
  </trkpt>
  <trkpt lat="35.2162" lon="-112.40008">
    <name>TP3734</name>
  </trkpt>
  <trkpt lat="35.21613" lon="-112.4003">
    <name>TP3735</name>
  </trkpt>
  <trkpt lat="35.21601" lon="-112.40068">
    <name>TP3736</name>
  </trkpt>
  <trkpt lat="35.21596" lon="-112.40081">
    <name>TP3737</name>
  </trkpt>
  <trkpt lat="35.21588" lon="-112.40105">
    <name>TP3738</name>
  </trkpt>
  <trkpt lat="35.21583" lon="-112.40118">
    <name>TP3739</name>
  </trkpt>
  <trkpt lat="35.21579" lon="-112.4013">
    <name>TP3740</name>
  </trkpt>
  <trkpt lat="35.21574" lon="-112.40142">
    <name>TP3741</name>
  </trkpt>
  <trkpt lat="35.21569" lon="-112.40154">
    <name>TP3742</name>
  </trkpt>
  <trkpt lat="35.21554" lon="-112.40191">
    <name>TP3743</name>
  </trkpt>
  <trkpt lat="35.21544" lon="-112.40214">
    <name>TP3744</name>
  </trkpt>
  <trkpt lat="35.21534" lon="-112.40239">
    <name>TP3745</name>
  </trkpt>
  <trkpt lat="35.21524" lon="-112.40262">
    <name>TP3746</name>
  </trkpt>
  <trkpt lat="35.21519" lon="-112.40274">
    <name>TP3747</name>
  </trkpt>
  <trkpt lat="35.21515" lon="-112.40286">
    <name>TP3748</name>
  </trkpt>
  <trkpt lat="35.2151" lon="-112.40298">
    <name>TP3749</name>
  </trkpt>
  <trkpt lat="35.21499" lon="-112.40322">
    <name>TP3750</name>
  </trkpt>
  <trkpt lat="35.21487" lon="-112.40353">
    <name>TP3751</name>
  </trkpt>
  <trkpt lat="35.21484" lon="-112.4036">
    <name>TP3752</name>
  </trkpt>
  <trkpt lat="35.2148" lon="-112.40371">
    <name>TP3753</name>
  </trkpt>
  <trkpt lat="35.21475" lon="-112.40383">
    <name>TP3754</name>
  </trkpt>
  <trkpt lat="35.2146" lon="-112.40419">
    <name>TP3755</name>
  </trkpt>
  <trkpt lat="35.21437" lon="-112.40481">
    <name>TP3756</name>
  </trkpt>
  <trkpt lat="35.21421" lon="-112.40528">
    <name>TP3757</name>
  </trkpt>
  <trkpt lat="35.21416" lon="-112.40544">
    <name>TP3758</name>
  </trkpt>
  <trkpt lat="35.21409" lon="-112.40565">
    <name>TP3759</name>
  </trkpt>
  <trkpt lat="35.21408" lon="-112.40569">
    <name>TP3760</name>
  </trkpt>
  <trkpt lat="35.214" lon="-112.40598">
    <name>TP3761</name>
  </trkpt>
  <trkpt lat="35.21393" lon="-112.40625">
    <name>TP3762</name>
  </trkpt>
  <trkpt lat="35.21381" lon="-112.40675">
    <name>TP3763</name>
  </trkpt>
  <trkpt lat="35.21377" lon="-112.40698">
    <name>TP3764</name>
  </trkpt>
  <trkpt lat="35.21372" lon="-112.40719">
    <name>TP3765</name>
  </trkpt>
  <trkpt lat="35.2137" lon="-112.40732">
    <name>TP3766</name>
  </trkpt>
  <trkpt lat="35.21369" lon="-112.40735">
    <name>TP3767</name>
  </trkpt>
  <trkpt lat="35.21365" lon="-112.4076">
    <name>TP3768</name>
  </trkpt>
  <trkpt lat="35.21362" lon="-112.40776">
    <name>TP3769</name>
  </trkpt>
  <trkpt lat="35.21358" lon="-112.40804">
    <name>TP3770</name>
  </trkpt>
  <trkpt lat="35.21355" lon="-112.40832">
    <name>TP3771</name>
  </trkpt>
  <trkpt lat="35.21353" lon="-112.40853">
    <name>TP3772</name>
  </trkpt>
  <trkpt lat="35.21351" lon="-112.40868">
    <name>TP3773</name>
  </trkpt>
  <trkpt lat="35.2135" lon="-112.40876">
    <name>TP3774</name>
  </trkpt>
  <trkpt lat="35.21349" lon="-112.40895">
    <name>TP3775</name>
  </trkpt>
  <trkpt lat="35.21347" lon="-112.4092">
    <name>TP3776</name>
  </trkpt>
  <trkpt lat="35.21347" lon="-112.40922">
    <name>TP3777</name>
  </trkpt>
  <trkpt lat="35.21345" lon="-112.40948">
    <name>TP3778</name>
  </trkpt>
  <trkpt lat="35.21344" lon="-112.40977">
    <name>TP3779</name>
  </trkpt>
  <trkpt lat="35.21344" lon="-112.40999">
    <name>TP3780</name>
  </trkpt>
  <trkpt lat="35.21344" lon="-112.41001">
    <name>TP3781</name>
  </trkpt>
  <trkpt lat="35.21344" lon="-112.41028">
    <name>TP3782</name>
  </trkpt>
  <trkpt lat="35.21344" lon="-112.41056">
    <name>TP3783</name>
  </trkpt>
  <trkpt lat="35.21344" lon="-112.4107">
    <name>TP3784</name>
  </trkpt>
  <trkpt lat="35.21345" lon="-112.41097">
    <name>TP3785</name>
  </trkpt>
  <trkpt lat="35.21347" lon="-112.41123">
    <name>TP3786</name>
  </trkpt>
  <trkpt lat="35.21348" lon="-112.41141">
    <name>TP3787</name>
  </trkpt>
  <trkpt lat="35.2135" lon="-112.41176">
    <name>TP3788</name>
  </trkpt>
  <trkpt lat="35.21351" lon="-112.41179">
    <name>TP3789</name>
  </trkpt>
  <trkpt lat="35.21351" lon="-112.41187">
    <name>TP3790</name>
  </trkpt>
  <trkpt lat="35.21352" lon="-112.41203">
    <name>TP3791</name>
  </trkpt>
  <trkpt lat="35.21354" lon="-112.41224">
    <name>TP3792</name>
  </trkpt>
  <trkpt lat="35.21355" lon="-112.4123">
    <name>TP3793</name>
  </trkpt>
  <trkpt lat="35.21358" lon="-112.4127">
    <name>TP3794</name>
  </trkpt>
  <trkpt lat="35.21359" lon="-112.41278">
    <name>TP3795</name>
  </trkpt>
  <trkpt lat="35.2136" lon="-112.4129">
    <name>TP3796</name>
  </trkpt>
  <trkpt lat="35.21364" lon="-112.41336">
    <name>TP3797</name>
  </trkpt>
  <trkpt lat="35.21366" lon="-112.41361">
    <name>TP3798</name>
  </trkpt>
  <trkpt lat="35.21369" lon="-112.41397">
    <name>TP3799</name>
  </trkpt>
  <trkpt lat="35.21372" lon="-112.41424">
    <name>TP3800</name>
  </trkpt>
  <trkpt lat="35.21374" lon="-112.41444">
    <name>TP3801</name>
  </trkpt>
  <trkpt lat="35.21379" lon="-112.41505">
    <name>TP3802</name>
  </trkpt>
  <trkpt lat="35.21386" lon="-112.41578">
    <name>TP3803</name>
  </trkpt>
  <trkpt lat="35.21387" lon="-112.41595">
    <name>TP3804</name>
  </trkpt>
  <trkpt lat="35.21388" lon="-112.41612">
    <name>TP3805</name>
  </trkpt>
  <trkpt lat="35.21403" lon="-112.41785">
    <name>TP3806</name>
  </trkpt>
  <trkpt lat="35.21408" lon="-112.41838">
    <name>TP3807</name>
  </trkpt>
  <trkpt lat="35.21415" lon="-112.41925">
    <name>TP3808</name>
  </trkpt>
  <trkpt lat="35.21418" lon="-112.41957">
    <name>TP3809</name>
  </trkpt>
  <trkpt lat="35.21421" lon="-112.41987">
    <name>TP3810</name>
  </trkpt>
  <trkpt lat="35.21425" lon="-112.4204">
    <name>TP3811</name>
  </trkpt>
  <trkpt lat="35.2143" lon="-112.42092">
    <name>TP3812</name>
  </trkpt>
  <trkpt lat="35.21431" lon="-112.4211">
    <name>TP3813</name>
  </trkpt>
  <trkpt lat="35.21435" lon="-112.42155">
    <name>TP3814</name>
  </trkpt>
  <trkpt lat="35.21441" lon="-112.4223">
    <name>TP3815</name>
  </trkpt>
  <trkpt lat="35.21444" lon="-112.42269">
    <name>TP3816</name>
  </trkpt>
  <trkpt lat="35.21448" lon="-112.42329">
    <name>TP3817</name>
  </trkpt>
  <trkpt lat="35.21449" lon="-112.4235">
    <name>TP3818</name>
  </trkpt>
  <trkpt lat="35.2145" lon="-112.42373">
    <name>TP3819</name>
  </trkpt>
  <trkpt lat="35.2145" lon="-112.42389">
    <name>TP3820</name>
  </trkpt>
  <trkpt lat="35.2145" lon="-112.42393">
    <name>TP3821</name>
  </trkpt>
  <trkpt lat="35.21451" lon="-112.42411">
    <name>TP3822</name>
  </trkpt>
  <trkpt lat="35.21452" lon="-112.42431">
    <name>TP3823</name>
  </trkpt>
  <trkpt lat="35.21452" lon="-112.42435">
    <name>TP3824</name>
  </trkpt>
  <trkpt lat="35.21453" lon="-112.42446">
    <name>TP3825</name>
  </trkpt>
  <trkpt lat="35.21453" lon="-112.42457">
    <name>TP3826</name>
  </trkpt>
  <trkpt lat="35.21453" lon="-112.4246">
    <name>TP3827</name>
  </trkpt>
  <trkpt lat="35.21454" lon="-112.42474">
    <name>TP3828</name>
  </trkpt>
  <trkpt lat="35.21454" lon="-112.42493">
    <name>TP3829</name>
  </trkpt>
  <trkpt lat="35.21457" lon="-112.42539">
    <name>TP3830</name>
  </trkpt>
  <trkpt lat="35.21459" lon="-112.42591">
    <name>TP3831</name>
  </trkpt>
  <trkpt lat="35.21459" lon="-112.42597">
    <name>TP3832</name>
  </trkpt>
  <trkpt lat="35.21461" lon="-112.42646">
    <name>TP3833</name>
  </trkpt>
  <trkpt lat="35.21461" lon="-112.42656">
    <name>TP3834</name>
  </trkpt>
  <trkpt lat="35.21463" lon="-112.42698">
    <name>TP3835</name>
  </trkpt>
  <trkpt lat="35.21463" lon="-112.42709">
    <name>TP3836</name>
  </trkpt>
  <trkpt lat="35.21463" lon="-112.42714">
    <name>TP3837</name>
  </trkpt>
  <trkpt lat="35.21465" lon="-112.42751">
    <name>TP3838</name>
  </trkpt>
  <trkpt lat="35.21466" lon="-112.42793">
    <name>TP3839</name>
  </trkpt>
  <trkpt lat="35.21466" lon="-112.42794">
    <name>TP3840</name>
  </trkpt>
  <trkpt lat="35.21467" lon="-112.42829">
    <name>TP3841</name>
  </trkpt>
  <trkpt lat="35.2147" lon="-112.42869">
    <name>TP3842</name>
  </trkpt>
  <trkpt lat="35.21473" lon="-112.42903">
    <name>TP3843</name>
  </trkpt>
  <trkpt lat="35.21473" lon="-112.42906">
    <name>TP3844</name>
  </trkpt>
  <trkpt lat="35.21474" lon="-112.42911">
    <name>TP3845</name>
  </trkpt>
  <trkpt lat="35.21476" lon="-112.42938">
    <name>TP3846</name>
  </trkpt>
  <trkpt lat="35.21478" lon="-112.42951">
    <name>TP3847</name>
  </trkpt>
  <trkpt lat="35.21479" lon="-112.42965">
    <name>TP3848</name>
  </trkpt>
  <trkpt lat="35.2148" lon="-112.4297">
    <name>TP3849</name>
  </trkpt>
  <trkpt lat="35.21481" lon="-112.42978">
    <name>TP3850</name>
  </trkpt>
  <trkpt lat="35.21482" lon="-112.42991">
    <name>TP3851</name>
  </trkpt>
  <trkpt lat="35.21484" lon="-112.43004">
    <name>TP3852</name>
  </trkpt>
  <trkpt lat="35.21486" lon="-112.43017">
    <name>TP3853</name>
  </trkpt>
  <trkpt lat="35.21488" lon="-112.43031">
    <name>TP3854</name>
  </trkpt>
  <trkpt lat="35.2149" lon="-112.43044">
    <name>TP3855</name>
  </trkpt>
  <trkpt lat="35.21492" lon="-112.43057">
    <name>TP3856</name>
  </trkpt>
  <trkpt lat="35.21494" lon="-112.43071">
    <name>TP3857</name>
  </trkpt>
  <trkpt lat="35.21496" lon="-112.43079">
    <name>TP3858</name>
  </trkpt>
  <trkpt lat="35.21497" lon="-112.43083">
    <name>TP3859</name>
  </trkpt>
  <trkpt lat="35.21499" lon="-112.43096">
    <name>TP3860</name>
  </trkpt>
  <trkpt lat="35.215" lon="-112.43101">
    <name>TP3861</name>
  </trkpt>
  <trkpt lat="35.21501" lon="-112.43109">
    <name>TP3862</name>
  </trkpt>
  <trkpt lat="35.21504" lon="-112.43122">
    <name>TP3863</name>
  </trkpt>
  <trkpt lat="35.21509" lon="-112.43148">
    <name>TP3864</name>
  </trkpt>
  <trkpt lat="35.21512" lon="-112.43161">
    <name>TP3865</name>
  </trkpt>
  <trkpt lat="35.21514" lon="-112.43174">
    <name>TP3866</name>
  </trkpt>
  <trkpt lat="35.21517" lon="-112.43186">
    <name>TP3867</name>
  </trkpt>
  <trkpt lat="35.21517" lon="-112.43187">
    <name>TP3868</name>
  </trkpt>
  <trkpt lat="35.2152" lon="-112.432">
    <name>TP3869</name>
  </trkpt>
  <trkpt lat="35.21523" lon="-112.43213">
    <name>TP3870</name>
  </trkpt>
  <trkpt lat="35.21527" lon="-112.43226">
    <name>TP3871</name>
  </trkpt>
  <trkpt lat="35.2153" lon="-112.43238">
    <name>TP3872</name>
  </trkpt>
  <trkpt lat="35.21533" lon="-112.43251">
    <name>TP3873</name>
  </trkpt>
  <trkpt lat="35.21537" lon="-112.43264">
    <name>TP3874</name>
  </trkpt>
  <trkpt lat="35.2154" lon="-112.43276">
    <name>TP3875</name>
  </trkpt>
  <trkpt lat="35.21544" lon="-112.43289">
    <name>TP3876</name>
  </trkpt>
  <trkpt lat="35.21551" lon="-112.43315">
    <name>TP3877</name>
  </trkpt>
  <trkpt lat="35.21555" lon="-112.43327">
    <name>TP3878</name>
  </trkpt>
  <trkpt lat="35.21559" lon="-112.4334">
    <name>TP3879</name>
  </trkpt>
  <trkpt lat="35.21562" lon="-112.43352">
    <name>TP3880</name>
  </trkpt>
  <trkpt lat="35.21572" lon="-112.43383">
    <name>TP3881</name>
  </trkpt>
  <trkpt lat="35.21573" lon="-112.43389">
    <name>TP3882</name>
  </trkpt>
  <trkpt lat="35.21575" lon="-112.43394">
    <name>TP3883</name>
  </trkpt>
  <trkpt lat="35.21589" lon="-112.4344">
    <name>TP3884</name>
  </trkpt>
  <trkpt lat="35.21592" lon="-112.43448">
    <name>TP3885</name>
  </trkpt>
  <trkpt lat="35.21597" lon="-112.43465">
    <name>TP3886</name>
  </trkpt>
  <trkpt lat="35.21609" lon="-112.43506">
    <name>TP3887</name>
  </trkpt>
  <trkpt lat="35.21628" lon="-112.43568">
    <name>TP3888</name>
  </trkpt>
  <trkpt lat="35.2163" lon="-112.43574">
    <name>TP3889</name>
  </trkpt>
  <trkpt lat="35.21644" lon="-112.4362">
    <name>TP3890</name>
  </trkpt>
  <trkpt lat="35.21657" lon="-112.43665">
    <name>TP3891</name>
  </trkpt>
  <trkpt lat="35.21666" lon="-112.43695">
    <name>TP3892</name>
  </trkpt>
  <trkpt lat="35.21671" lon="-112.43711">
    <name>TP3893</name>
  </trkpt>
  <trkpt lat="35.21721" lon="-112.43874">
    <name>TP3894</name>
  </trkpt>
  <trkpt lat="35.21727" lon="-112.43895">
    <name>TP3895</name>
  </trkpt>
  <trkpt lat="35.21741" lon="-112.43942">
    <name>TP3896</name>
  </trkpt>
  <trkpt lat="35.21747" lon="-112.43962">
    <name>TP3897</name>
  </trkpt>
  <trkpt lat="35.21766" lon="-112.44022">
    <name>TP3898</name>
  </trkpt>
  <trkpt lat="35.2177" lon="-112.44038">
    <name>TP3899</name>
  </trkpt>
  <trkpt lat="35.21778" lon="-112.44063">
    <name>TP3900</name>
  </trkpt>
  <trkpt lat="35.2178" lon="-112.4407">
    <name>TP3901</name>
  </trkpt>
  <trkpt lat="35.21798" lon="-112.44129">
    <name>TP3902</name>
  </trkpt>
  <trkpt lat="35.21812" lon="-112.44177">
    <name>TP3903</name>
  </trkpt>
  <trkpt lat="35.21823" lon="-112.44213">
    <name>TP3904</name>
  </trkpt>
  <trkpt lat="35.21827" lon="-112.44226">
    <name>TP3905</name>
  </trkpt>
  <trkpt lat="35.21837" lon="-112.44264">
    <name>TP3906</name>
  </trkpt>
  <trkpt lat="35.21841" lon="-112.44276">
    <name>TP3907</name>
  </trkpt>
  <trkpt lat="35.21844" lon="-112.44289">
    <name>TP3908</name>
  </trkpt>
  <trkpt lat="35.21848" lon="-112.44301">
    <name>TP3909</name>
  </trkpt>
  <trkpt lat="35.21848" lon="-112.44302">
    <name>TP3910</name>
  </trkpt>
  <trkpt lat="35.21851" lon="-112.44314">
    <name>TP3911</name>
  </trkpt>
  <trkpt lat="35.21853" lon="-112.44322">
    <name>TP3912</name>
  </trkpt>
  <trkpt lat="35.21854" lon="-112.44326">
    <name>TP3913</name>
  </trkpt>
  <trkpt lat="35.21854" lon="-112.44327">
    <name>TP3914</name>
  </trkpt>
  <trkpt lat="35.21858" lon="-112.4434">
    <name>TP3915</name>
  </trkpt>
  <trkpt lat="35.21861" lon="-112.44353">
    <name>TP3916</name>
  </trkpt>
  <trkpt lat="35.21864" lon="-112.44365">
    <name>TP3917</name>
  </trkpt>
  <trkpt lat="35.21867" lon="-112.44378">
    <name>TP3918</name>
  </trkpt>
  <trkpt lat="35.21871" lon="-112.44391">
    <name>TP3919</name>
  </trkpt>
  <trkpt lat="35.21874" lon="-112.44403">
    <name>TP3920</name>
  </trkpt>
  <trkpt lat="35.21877" lon="-112.44416">
    <name>TP3921</name>
  </trkpt>
  <trkpt lat="35.2188" lon="-112.44429">
    <name>TP3922</name>
  </trkpt>
  <trkpt lat="35.21883" lon="-112.44441">
    <name>TP3923</name>
  </trkpt>
  <trkpt lat="35.21886" lon="-112.44454">
    <name>TP3924</name>
  </trkpt>
  <trkpt lat="35.21889" lon="-112.44467">
    <name>TP3925</name>
  </trkpt>
  <trkpt lat="35.21892" lon="-112.4448">
    <name>TP3926</name>
  </trkpt>
  <trkpt lat="35.21895" lon="-112.44493">
    <name>TP3927</name>
  </trkpt>
  <trkpt lat="35.21897" lon="-112.44505">
    <name>TP3928</name>
  </trkpt>
  <trkpt lat="35.219" lon="-112.44518">
    <name>TP3929</name>
  </trkpt>
  <trkpt lat="35.21903" lon="-112.4453">
    <name>TP3930</name>
  </trkpt>
  <trkpt lat="35.21903" lon="-112.44532">
    <name>TP3931</name>
  </trkpt>
  <trkpt lat="35.21906" lon="-112.44544">
    <name>TP3932</name>
  </trkpt>
  <trkpt lat="35.21908" lon="-112.44557">
    <name>TP3933</name>
  </trkpt>
  <trkpt lat="35.21911" lon="-112.4457">
    <name>TP3934</name>
  </trkpt>
  <trkpt lat="35.21914" lon="-112.44583">
    <name>TP3935</name>
  </trkpt>
  <trkpt lat="35.21916" lon="-112.44595">
    <name>TP3936</name>
  </trkpt>
  <trkpt lat="35.21919" lon="-112.44608">
    <name>TP3937</name>
  </trkpt>
  <trkpt lat="35.21921" lon="-112.44621">
    <name>TP3938</name>
  </trkpt>
  <trkpt lat="35.21924" lon="-112.44634">
    <name>TP3939</name>
  </trkpt>
  <trkpt lat="35.21926" lon="-112.44646">
    <name>TP3940</name>
  </trkpt>
  <trkpt lat="35.21929" lon="-112.4466">
    <name>TP3941</name>
  </trkpt>
  <trkpt lat="35.21931" lon="-112.44673">
    <name>TP3942</name>
  </trkpt>
  <trkpt lat="35.21934" lon="-112.44686">
    <name>TP3943</name>
  </trkpt>
  <trkpt lat="35.21936" lon="-112.44699">
    <name>TP3944</name>
  </trkpt>
  <trkpt lat="35.21937" lon="-112.44702">
    <name>TP3945</name>
  </trkpt>
  <trkpt lat="35.21938" lon="-112.44712">
    <name>TP3946</name>
  </trkpt>
  <trkpt lat="35.2194" lon="-112.44725">
    <name>TP3947</name>
  </trkpt>
  <trkpt lat="35.21942" lon="-112.44738">
    <name>TP3948</name>
  </trkpt>
  <trkpt lat="35.21945" lon="-112.44751">
    <name>TP3949</name>
  </trkpt>
  <trkpt lat="35.21947" lon="-112.44765">
    <name>TP3950</name>
  </trkpt>
  <trkpt lat="35.21949" lon="-112.44778">
    <name>TP3951</name>
  </trkpt>
  <trkpt lat="35.21951" lon="-112.4479">
    <name>TP3952</name>
  </trkpt>
  <trkpt lat="35.21953" lon="-112.44803">
    <name>TP3953</name>
  </trkpt>
  <trkpt lat="35.21954" lon="-112.44816">
    <name>TP3954</name>
  </trkpt>
  <trkpt lat="35.21956" lon="-112.44829">
    <name>TP3955</name>
  </trkpt>
  <trkpt lat="35.21958" lon="-112.44842">
    <name>TP3956</name>
  </trkpt>
  <trkpt lat="35.2196" lon="-112.44855">
    <name>TP3957</name>
  </trkpt>
  <trkpt lat="35.21962" lon="-112.44868">
    <name>TP3958</name>
  </trkpt>
  <trkpt lat="35.21963" lon="-112.44876">
    <name>TP3959</name>
  </trkpt>
  <trkpt lat="35.21964" lon="-112.44881">
    <name>TP3960</name>
  </trkpt>
  <trkpt lat="35.21965" lon="-112.44889">
    <name>TP3961</name>
  </trkpt>
  <trkpt lat="35.21966" lon="-112.44894">
    <name>TP3962</name>
  </trkpt>
  <trkpt lat="35.21967" lon="-112.44908">
    <name>TP3963</name>
  </trkpt>
  <trkpt lat="35.21971" lon="-112.44934">
    <name>TP3964</name>
  </trkpt>
  <trkpt lat="35.21974" lon="-112.4496">
    <name>TP3965</name>
  </trkpt>
  <trkpt lat="35.21975" lon="-112.44974">
    <name>TP3966</name>
  </trkpt>
  <trkpt lat="35.21977" lon="-112.44987">
    <name>TP3967</name>
  </trkpt>
  <trkpt lat="35.21978" lon="-112.44999">
    <name>TP3968</name>
  </trkpt>
  <trkpt lat="35.21979" lon="-112.45013">
    <name>TP3969</name>
  </trkpt>
  <trkpt lat="35.21981" lon="-112.45026">
    <name>TP3970</name>
  </trkpt>
  <trkpt lat="35.21981" lon="-112.45029">
    <name>TP3971</name>
  </trkpt>
  <trkpt lat="35.21982" lon="-112.45035">
    <name>TP3972</name>
  </trkpt>
  <trkpt lat="35.21982" lon="-112.45039">
    <name>TP3973</name>
  </trkpt>
  <trkpt lat="35.21983" lon="-112.45052">
    <name>TP3974</name>
  </trkpt>
  <trkpt lat="35.21985" lon="-112.45066">
    <name>TP3975</name>
  </trkpt>
  <trkpt lat="35.21986" lon="-112.45079">
    <name>TP3976</name>
  </trkpt>
  <trkpt lat="35.21987" lon="-112.45092">
    <name>TP3977</name>
  </trkpt>
  <trkpt lat="35.21988" lon="-112.45105">
    <name>TP3978</name>
  </trkpt>
  <trkpt lat="35.21989" lon="-112.45119">
    <name>TP3979</name>
  </trkpt>
  <trkpt lat="35.2199" lon="-112.45132">
    <name>TP3980</name>
  </trkpt>
  <trkpt lat="35.21991" lon="-112.45145">
    <name>TP3981</name>
  </trkpt>
  <trkpt lat="35.21992" lon="-112.45157">
    <name>TP3982</name>
  </trkpt>
  <trkpt lat="35.21993" lon="-112.45171">
    <name>TP3983</name>
  </trkpt>
  <trkpt lat="35.21994" lon="-112.45185">
    <name>TP3984</name>
  </trkpt>
  <trkpt lat="35.21994" lon="-112.45189">
    <name>TP3985</name>
  </trkpt>
  <trkpt lat="35.21995" lon="-112.4521">
    <name>TP3986</name>
  </trkpt>
  <trkpt lat="35.21998" lon="-112.45264">
    <name>TP3987</name>
  </trkpt>
  <trkpt lat="35.22" lon="-112.45302">
    <name>TP3988</name>
  </trkpt>
  <trkpt lat="35.22" lon="-112.45308">
    <name>TP3989</name>
  </trkpt>
  <trkpt lat="35.22" lon="-112.45311">
    <name>TP3990</name>
  </trkpt>
  <trkpt lat="35.22002" lon="-112.45343">
    <name>TP3991</name>
  </trkpt>
  <trkpt lat="35.22002" lon="-112.45367">
    <name>TP3992</name>
  </trkpt>
  <trkpt lat="35.22003" lon="-112.45374">
    <name>TP3993</name>
  </trkpt>
  <trkpt lat="35.22005" lon="-112.45423">
    <name>TP3994</name>
  </trkpt>
  <trkpt lat="35.22005" lon="-112.45443">
    <name>TP3995</name>
  </trkpt>
  <trkpt lat="35.22006" lon="-112.45455">
    <name>TP3996</name>
  </trkpt>
  <trkpt lat="35.2201" lon="-112.45554">
    <name>TP3997</name>
  </trkpt>
  <trkpt lat="35.2201" lon="-112.45567">
    <name>TP3998</name>
  </trkpt>
  <trkpt lat="35.22011" lon="-112.45587">
    <name>TP3999</name>
  </trkpt>
  <trkpt lat="35.22011" lon="-112.45594">
    <name>TP4000</name>
  </trkpt>
  <trkpt lat="35.22011" lon="-112.456">
    <name>TP4001</name>
  </trkpt>
  <trkpt lat="35.22012" lon="-112.45627">
    <name>TP4002</name>
  </trkpt>
  <trkpt lat="35.22014" lon="-112.45675">
    <name>TP4003</name>
  </trkpt>
  <trkpt lat="35.22015" lon="-112.45702">
    <name>TP4004</name>
  </trkpt>
  <trkpt lat="35.22015" lon="-112.45704">
    <name>TP4005</name>
  </trkpt>
  <trkpt lat="35.22017" lon="-112.45732">
    <name>TP4006</name>
  </trkpt>
  <trkpt lat="35.22018" lon="-112.45754">
    <name>TP4007</name>
  </trkpt>
  <trkpt lat="35.22019" lon="-112.45769">
    <name>TP4008</name>
  </trkpt>
  <trkpt lat="35.2202" lon="-112.45792">
    <name>TP4009</name>
  </trkpt>
  <trkpt lat="35.22022" lon="-112.4582">
    <name>TP4010</name>
  </trkpt>
  <trkpt lat="35.22023" lon="-112.45835">
    <name>TP4011</name>
  </trkpt>
  <trkpt lat="35.22025" lon="-112.4586">
    <name>TP4012</name>
  </trkpt>
  <trkpt lat="35.22027" lon="-112.45879">
    <name>TP4013</name>
  </trkpt>
  <trkpt lat="35.22027" lon="-112.45885">
    <name>TP4014</name>
  </trkpt>
  <trkpt lat="35.22028" lon="-112.45894">
    <name>TP4015</name>
  </trkpt>
  <trkpt lat="35.22029" lon="-112.45907">
    <name>TP4016</name>
  </trkpt>
  <trkpt lat="35.22031" lon="-112.45929">
    <name>TP4017</name>
  </trkpt>
  <trkpt lat="35.22032" lon="-112.4594">
    <name>TP4018</name>
  </trkpt>
  <trkpt lat="35.22035" lon="-112.45964">
    <name>TP4019</name>
  </trkpt>
  <trkpt lat="35.22035" lon="-112.45967">
    <name>TP4020</name>
  </trkpt>
  <trkpt lat="35.22038" lon="-112.45995">
    <name>TP4021</name>
  </trkpt>
  <trkpt lat="35.2204" lon="-112.46016">
    <name>TP4022</name>
  </trkpt>
  <trkpt lat="35.22042" lon="-112.46032">
    <name>TP4023</name>
  </trkpt>
  <trkpt lat="35.22043" lon="-112.46038">
    <name>TP4024</name>
  </trkpt>
  <trkpt lat="35.22045" lon="-112.4606">
    <name>TP4025</name>
  </trkpt>
  <trkpt lat="35.22046" lon="-112.46069">
    <name>TP4026</name>
  </trkpt>
  <trkpt lat="35.22047" lon="-112.46076">
    <name>TP4027</name>
  </trkpt>
  <trkpt lat="35.2205" lon="-112.46098">
    <name>TP4028</name>
  </trkpt>
  <trkpt lat="35.2205" lon="-112.46099">
    <name>TP4029</name>
  </trkpt>
  <trkpt lat="35.22054" lon="-112.46125">
    <name>TP4030</name>
  </trkpt>
  <trkpt lat="35.22061" lon="-112.46178">
    <name>TP4031</name>
  </trkpt>
  <trkpt lat="35.22061" lon="-112.46179">
    <name>TP4032</name>
  </trkpt>
  <trkpt lat="35.22065" lon="-112.46204">
    <name>TP4033</name>
  </trkpt>
  <trkpt lat="35.22071" lon="-112.46244">
    <name>TP4034</name>
  </trkpt>
  <trkpt lat="35.22077" lon="-112.46276">
    <name>TP4035</name>
  </trkpt>
  <trkpt lat="35.22077" lon="-112.4628">
    <name>TP4036</name>
  </trkpt>
  <trkpt lat="35.22081" lon="-112.46299">
    <name>TP4037</name>
  </trkpt>
  <trkpt lat="35.22087" lon="-112.46335">
    <name>TP4038</name>
  </trkpt>
  <trkpt lat="35.22094" lon="-112.46372">
    <name>TP4039</name>
  </trkpt>
  <trkpt lat="35.22102" lon="-112.46414">
    <name>TP4040</name>
  </trkpt>
  <trkpt lat="35.22104" lon="-112.46423">
    <name>TP4041</name>
  </trkpt>
  <trkpt lat="35.22105" lon="-112.46429">
    <name>TP4042</name>
  </trkpt>
  <trkpt lat="35.22107" lon="-112.46437">
    <name>TP4043</name>
  </trkpt>
  <trkpt lat="35.2211" lon="-112.46454">
    <name>TP4044</name>
  </trkpt>
  <trkpt lat="35.22114" lon="-112.46473">
    <name>TP4045</name>
  </trkpt>
  <trkpt lat="35.22118" lon="-112.46491">
    <name>TP4046</name>
  </trkpt>
  <trkpt lat="35.22119" lon="-112.46497">
    <name>TP4047</name>
  </trkpt>
  <trkpt lat="35.2213" lon="-112.46553">
    <name>TP4048</name>
  </trkpt>
  <trkpt lat="35.22131" lon="-112.46559">
    <name>TP4049</name>
  </trkpt>
  <trkpt lat="35.22131" lon="-112.4656">
    <name>TP4050</name>
  </trkpt>
  <trkpt lat="35.22134" lon="-112.46574">
    <name>TP4051</name>
  </trkpt>
  <trkpt lat="35.22135" lon="-112.4658">
    <name>TP4052</name>
  </trkpt>
  <trkpt lat="35.22136" lon="-112.46583">
    <name>TP4053</name>
  </trkpt>
  <trkpt lat="35.22136" lon="-112.46584">
    <name>TP4054</name>
  </trkpt>
  <trkpt lat="35.22138" lon="-112.46595">
    <name>TP4055</name>
  </trkpt>
  <trkpt lat="35.22143" lon="-112.46623">
    <name>TP4056</name>
  </trkpt>
  <trkpt lat="35.22145" lon="-112.46632">
    <name>TP4057</name>
  </trkpt>
  <trkpt lat="35.22152" lon="-112.46671">
    <name>TP4058</name>
  </trkpt>
  <trkpt lat="35.22157" lon="-112.46697">
    <name>TP4059</name>
  </trkpt>
  <trkpt lat="35.22159" lon="-112.46711">
    <name>TP4060</name>
  </trkpt>
  <trkpt lat="35.22164" lon="-112.46749">
    <name>TP4061</name>
  </trkpt>
  <trkpt lat="35.22168" lon="-112.46774">
    <name>TP4062</name>
  </trkpt>
  <trkpt lat="35.22168" lon="-112.46776">
    <name>TP4063</name>
  </trkpt>
  <trkpt lat="35.2217" lon="-112.46796">
    <name>TP4064</name>
  </trkpt>
  <trkpt lat="35.22171" lon="-112.46803">
    <name>TP4065</name>
  </trkpt>
  <trkpt lat="35.22173" lon="-112.46831">
    <name>TP4066</name>
  </trkpt>
  <trkpt lat="35.22177" lon="-112.4687">
    <name>TP4067</name>
  </trkpt>
  <trkpt lat="35.22178" lon="-112.46896">
    <name>TP4068</name>
  </trkpt>
  <trkpt lat="35.22179" lon="-112.46914">
    <name>TP4069</name>
  </trkpt>
  <trkpt lat="35.2218" lon="-112.46933">
    <name>TP4070</name>
  </trkpt>
  <trkpt lat="35.2218" lon="-112.46949">
    <name>TP4071</name>
  </trkpt>
  <trkpt lat="35.2218" lon="-112.46952">
    <name>TP4072</name>
  </trkpt>
  <trkpt lat="35.22181" lon="-112.46974">
    <name>TP4073</name>
  </trkpt>
  <trkpt lat="35.22181" lon="-112.47004">
    <name>TP4074</name>
  </trkpt>
  <trkpt lat="35.22181" lon="-112.4702">
    <name>TP4075</name>
  </trkpt>
  <trkpt lat="35.2218" lon="-112.47057">
    <name>TP4076</name>
  </trkpt>
  <trkpt lat="35.22179" lon="-112.47087">
    <name>TP4077</name>
  </trkpt>
  <trkpt lat="35.22177" lon="-112.47116">
    <name>TP4078</name>
  </trkpt>
  <trkpt lat="35.22175" lon="-112.47141">
    <name>TP4079</name>
  </trkpt>
  <trkpt lat="35.22174" lon="-112.47162">
    <name>TP4080</name>
  </trkpt>
  <trkpt lat="35.22171" lon="-112.47193">
    <name>TP4081</name>
  </trkpt>
  <trkpt lat="35.22169" lon="-112.47213">
    <name>TP4082</name>
  </trkpt>
  <trkpt lat="35.22169" lon="-112.47215">
    <name>TP4083</name>
  </trkpt>
  <trkpt lat="35.22167" lon="-112.4723">
    <name>TP4084</name>
  </trkpt>
  <trkpt lat="35.22165" lon="-112.47242">
    <name>TP4085</name>
  </trkpt>
  <trkpt lat="35.22163" lon="-112.47255">
    <name>TP4086</name>
  </trkpt>
  <trkpt lat="35.22158" lon="-112.47294">
    <name>TP4087</name>
  </trkpt>
  <trkpt lat="35.22153" lon="-112.4732">
    <name>TP4088</name>
  </trkpt>
  <trkpt lat="35.22148" lon="-112.47347">
    <name>TP4089</name>
  </trkpt>
  <trkpt lat="35.22143" lon="-112.47373">
    <name>TP4090</name>
  </trkpt>
  <trkpt lat="35.2214" lon="-112.47386">
    <name>TP4091</name>
  </trkpt>
  <trkpt lat="35.22139" lon="-112.47393">
    <name>TP4092</name>
  </trkpt>
  <trkpt lat="35.22134" lon="-112.47415">
    <name>TP4093</name>
  </trkpt>
  <trkpt lat="35.22133" lon="-112.47418">
    <name>TP4094</name>
  </trkpt>
  <trkpt lat="35.22124" lon="-112.47457">
    <name>TP4095</name>
  </trkpt>
  <trkpt lat="35.22117" lon="-112.47486">
    <name>TP4096</name>
  </trkpt>
  <trkpt lat="35.22109" lon="-112.47511">
    <name>TP4097</name>
  </trkpt>
  <trkpt lat="35.22103" lon="-112.47532">
    <name>TP4098</name>
  </trkpt>
  <trkpt lat="35.22095" lon="-112.4756">
    <name>TP4099</name>
  </trkpt>
  <trkpt lat="35.22088" lon="-112.47581">
    <name>TP4100</name>
  </trkpt>
  <trkpt lat="35.22085" lon="-112.47591">
    <name>TP4101</name>
  </trkpt>
  <trkpt lat="35.22082" lon="-112.47601">
    <name>TP4102</name>
  </trkpt>
  <trkpt lat="35.22076" lon="-112.47622">
    <name>TP4103</name>
  </trkpt>
  <trkpt lat="35.22063" lon="-112.47665">
    <name>TP4104</name>
  </trkpt>
  <trkpt lat="35.22058" lon="-112.47679">
    <name>TP4105</name>
  </trkpt>
  <trkpt lat="35.22056" lon="-112.47685">
    <name>TP4106</name>
  </trkpt>
  <trkpt lat="35.22052" lon="-112.47699">
    <name>TP4107</name>
  </trkpt>
  <trkpt lat="35.22046" lon="-112.47723">
    <name>TP4108</name>
  </trkpt>
  <trkpt lat="35.22042" lon="-112.47737">
    <name>TP4109</name>
  </trkpt>
  <trkpt lat="35.22039" lon="-112.47749">
    <name>TP4110</name>
  </trkpt>
  <trkpt lat="35.22035" lon="-112.47762">
    <name>TP4111</name>
  </trkpt>
  <trkpt lat="35.22029" lon="-112.47784">
    <name>TP4112</name>
  </trkpt>
  <trkpt lat="35.22021" lon="-112.47815">
    <name>TP4113</name>
  </trkpt>
  <trkpt lat="35.22017" lon="-112.4783">
    <name>TP4114</name>
  </trkpt>
  <trkpt lat="35.22014" lon="-112.47843">
    <name>TP4115</name>
  </trkpt>
  <trkpt lat="35.22003" lon="-112.4789">
    <name>TP4116</name>
  </trkpt>
  <trkpt lat="35.22002" lon="-112.47897">
    <name>TP4117</name>
  </trkpt>
  <trkpt lat="35.22001" lon="-112.479">
    <name>TP4118</name>
  </trkpt>
  <trkpt lat="35.21999" lon="-112.47908">
    <name>TP4119</name>
  </trkpt>
  <trkpt lat="35.21999" lon="-112.47911">
    <name>TP4120</name>
  </trkpt>
  <trkpt lat="35.21997" lon="-112.4792">
    <name>TP4121</name>
  </trkpt>
  <trkpt lat="35.21996" lon="-112.47922">
    <name>TP4122</name>
  </trkpt>
  <trkpt lat="35.21995" lon="-112.47927">
    <name>TP4123</name>
  </trkpt>
  <trkpt lat="35.21993" lon="-112.47941">
    <name>TP4124</name>
  </trkpt>
  <trkpt lat="35.21986" lon="-112.4797">
    <name>TP4125</name>
  </trkpt>
  <trkpt lat="35.21981" lon="-112.47995">
    <name>TP4126</name>
  </trkpt>
  <trkpt lat="35.21978" lon="-112.48015">
    <name>TP4127</name>
  </trkpt>
  <trkpt lat="35.21975" lon="-112.48028">
    <name>TP4128</name>
  </trkpt>
  <trkpt lat="35.21967" lon="-112.48072">
    <name>TP4129</name>
  </trkpt>
  <trkpt lat="35.21962" lon="-112.48104">
    <name>TP4130</name>
  </trkpt>
  <trkpt lat="35.21953" lon="-112.48155">
    <name>TP4131</name>
  </trkpt>
  <trkpt lat="35.2195" lon="-112.48185">
    <name>TP4132</name>
  </trkpt>
  <trkpt lat="35.21946" lon="-112.48212">
    <name>TP4133</name>
  </trkpt>
  <trkpt lat="35.21945" lon="-112.48218">
    <name>TP4134</name>
  </trkpt>
  <trkpt lat="35.21943" lon="-112.48234">
    <name>TP4135</name>
  </trkpt>
  <trkpt lat="35.21942" lon="-112.48245">
    <name>TP4136</name>
  </trkpt>
  <trkpt lat="35.21941" lon="-112.48256">
    <name>TP4137</name>
  </trkpt>
  <trkpt lat="35.21938" lon="-112.48278">
    <name>TP4138</name>
  </trkpt>
  <trkpt lat="35.21936" lon="-112.48299">
    <name>TP4139</name>
  </trkpt>
  <trkpt lat="35.21935" lon="-112.48306">
    <name>TP4140</name>
  </trkpt>
  <trkpt lat="35.21934" lon="-112.48325">
    <name>TP4141</name>
  </trkpt>
  <trkpt lat="35.21933" lon="-112.48337">
    <name>TP4142</name>
  </trkpt>
  <trkpt lat="35.21931" lon="-112.48355">
    <name>TP4143</name>
  </trkpt>
  <trkpt lat="35.2193" lon="-112.48362">
    <name>TP4144</name>
  </trkpt>
  <trkpt lat="35.21929" lon="-112.48367">
    <name>TP4145</name>
  </trkpt>
  <trkpt lat="35.21928" lon="-112.48392">
    <name>TP4146</name>
  </trkpt>
  <trkpt lat="35.21926" lon="-112.48416">
    <name>TP4147</name>
  </trkpt>
  <trkpt lat="35.21923" lon="-112.48459">
    <name>TP4148</name>
  </trkpt>
  <trkpt lat="35.21922" lon="-112.48471">
    <name>TP4149</name>
  </trkpt>
  <trkpt lat="35.21922" lon="-112.48481">
    <name>TP4150</name>
  </trkpt>
  <trkpt lat="35.21922" lon="-112.48487">
    <name>TP4151</name>
  </trkpt>
  <trkpt lat="35.21921" lon="-112.48514">
    <name>TP4152</name>
  </trkpt>
  <trkpt lat="35.2192" lon="-112.48527">
    <name>TP4153</name>
  </trkpt>
  <trkpt lat="35.2192" lon="-112.48539">
    <name>TP4154</name>
  </trkpt>
  <trkpt lat="35.21919" lon="-112.48553">
    <name>TP4155</name>
  </trkpt>
  <trkpt lat="35.21919" lon="-112.48568">
    <name>TP4156</name>
  </trkpt>
  <trkpt lat="35.21918" lon="-112.48595">
    <name>TP4157</name>
  </trkpt>
  <trkpt lat="35.21918" lon="-112.48623">
    <name>TP4158</name>
  </trkpt>
  <trkpt lat="35.21918" lon="-112.48638">
    <name>TP4159</name>
  </trkpt>
  <trkpt lat="35.21918" lon="-112.4865">
    <name>TP4160</name>
  </trkpt>
  <trkpt lat="35.21918" lon="-112.4866">
    <name>TP4161</name>
  </trkpt>
  <trkpt lat="35.21918" lon="-112.48674">
    <name>TP4162</name>
  </trkpt>
  <trkpt lat="35.21918" lon="-112.4869">
    <name>TP4163</name>
  </trkpt>
  <trkpt lat="35.21918" lon="-112.48708">
    <name>TP4164</name>
  </trkpt>
  <trkpt lat="35.21919" lon="-112.48728">
    <name>TP4165</name>
  </trkpt>
  <trkpt lat="35.21919" lon="-112.48744">
    <name>TP4166</name>
  </trkpt>
  <trkpt lat="35.2192" lon="-112.48759">
    <name>TP4167</name>
  </trkpt>
  <trkpt lat="35.2192" lon="-112.48768">
    <name>TP4168</name>
  </trkpt>
  <trkpt lat="35.21921" lon="-112.48798">
    <name>TP4169</name>
  </trkpt>
  <trkpt lat="35.21922" lon="-112.48809">
    <name>TP4170</name>
  </trkpt>
  <trkpt lat="35.21923" lon="-112.48847">
    <name>TP4171</name>
  </trkpt>
  <trkpt lat="35.21926" lon="-112.48882">
    <name>TP4172</name>
  </trkpt>
  <trkpt lat="35.21928" lon="-112.48924">
    <name>TP4173</name>
  </trkpt>
  <trkpt lat="35.21929" lon="-112.48936">
    <name>TP4174</name>
  </trkpt>
  <trkpt lat="35.21934" lon="-112.48985">
    <name>TP4175</name>
  </trkpt>
  <trkpt lat="35.21935" lon="-112.48994">
    <name>TP4176</name>
  </trkpt>
  <trkpt lat="35.21936" lon="-112.49009">
    <name>TP4177</name>
  </trkpt>
  <trkpt lat="35.21944" lon="-112.49078">
    <name>TP4178</name>
  </trkpt>
  <trkpt lat="35.21949" lon="-112.49117">
    <name>TP4179</name>
  </trkpt>
  <trkpt lat="35.21955" lon="-112.49158">
    <name>TP4180</name>
  </trkpt>
  <trkpt lat="35.21958" lon="-112.49176">
    <name>TP4181</name>
  </trkpt>
  <trkpt lat="35.21963" lon="-112.49211">
    <name>TP4182</name>
  </trkpt>
  <trkpt lat="35.2197" lon="-112.49251">
    <name>TP4183</name>
  </trkpt>
  <trkpt lat="35.21975" lon="-112.4928">
    <name>TP4184</name>
  </trkpt>
  <trkpt lat="35.21985" lon="-112.49331">
    <name>TP4185</name>
  </trkpt>
  <trkpt lat="35.21987" lon="-112.49344">
    <name>TP4186</name>
  </trkpt>
  <trkpt lat="35.21993" lon="-112.49374">
    <name>TP4187</name>
  </trkpt>
  <trkpt lat="35.22004" lon="-112.49433">
    <name>TP4188</name>
  </trkpt>
  <trkpt lat="35.22005" lon="-112.49436">
    <name>TP4189</name>
  </trkpt>
  <trkpt lat="35.22012" lon="-112.49474">
    <name>TP4190</name>
  </trkpt>
  <trkpt lat="35.22015" lon="-112.49489">
    <name>TP4191</name>
  </trkpt>
  <trkpt lat="35.22022" lon="-112.49528">
    <name>TP4192</name>
  </trkpt>
  <trkpt lat="35.22024" lon="-112.49545">
    <name>TP4193</name>
  </trkpt>
  <trkpt lat="35.22028" lon="-112.49568">
    <name>TP4194</name>
  </trkpt>
  <trkpt lat="35.22042" lon="-112.49654">
    <name>TP4195</name>
  </trkpt>
  <trkpt lat="35.22046" lon="-112.49684">
    <name>TP4196</name>
  </trkpt>
  <trkpt lat="35.2205" lon="-112.49717">
    <name>TP4197</name>
  </trkpt>
  <trkpt lat="35.22056" lon="-112.49768">
    <name>TP4198</name>
  </trkpt>
  <trkpt lat="35.22061" lon="-112.49811">
    <name>TP4199</name>
  </trkpt>
  <trkpt lat="35.22064" lon="-112.49833">
    <name>TP4200</name>
  </trkpt>
  <trkpt lat="35.22066" lon="-112.49859">
    <name>TP4201</name>
  </trkpt>
  <trkpt lat="35.22072" lon="-112.49918">
    <name>TP4202</name>
  </trkpt>
  <trkpt lat="35.22073" lon="-112.4993">
    <name>TP4203</name>
  </trkpt>
  <trkpt lat="35.22073" lon="-112.49931">
    <name>TP4204</name>
  </trkpt>
  <trkpt lat="35.22081" lon="-112.50043">
    <name>TP4205</name>
  </trkpt>
  <trkpt lat="35.22082" lon="-112.50067">
    <name>TP4206</name>
  </trkpt>
  <trkpt lat="35.22083" lon="-112.50094">
    <name>TP4207</name>
  </trkpt>
  <trkpt lat="35.22084" lon="-112.5012">
    <name>TP4208</name>
  </trkpt>
  <trkpt lat="35.22086" lon="-112.50161">
    <name>TP4209</name>
  </trkpt>
  <trkpt lat="35.22087" lon="-112.50199">
    <name>TP4210</name>
  </trkpt>
  <trkpt lat="35.22087" lon="-112.50213">
    <name>TP4211</name>
  </trkpt>
  <trkpt lat="35.22087" lon="-112.50215">
    <name>TP4212</name>
  </trkpt>
  <trkpt lat="35.22088" lon="-112.50241">
    <name>TP4213</name>
  </trkpt>
  <trkpt lat="35.22089" lon="-112.50255">
    <name>TP4214</name>
  </trkpt>
  <trkpt lat="35.2209" lon="-112.50296">
    <name>TP4215</name>
  </trkpt>
  <trkpt lat="35.22091" lon="-112.50323">
    <name>TP4216</name>
  </trkpt>
  <trkpt lat="35.22091" lon="-112.50347">
    <name>TP4217</name>
  </trkpt>
  <trkpt lat="35.22092" lon="-112.50367">
    <name>TP4218</name>
  </trkpt>
  <trkpt lat="35.22092" lon="-112.50389">
    <name>TP4219</name>
  </trkpt>
  <trkpt lat="35.22093" lon="-112.50404">
    <name>TP4220</name>
  </trkpt>
  <trkpt lat="35.22093" lon="-112.50422">
    <name>TP4221</name>
  </trkpt>
  <trkpt lat="35.22095" lon="-112.50485">
    <name>TP4222</name>
  </trkpt>
  <trkpt lat="35.22096" lon="-112.5051">
    <name>TP4223</name>
  </trkpt>
  <trkpt lat="35.22096" lon="-112.50525">
    <name>TP4224</name>
  </trkpt>
  <trkpt lat="35.22096" lon="-112.50539">
    <name>TP4225</name>
  </trkpt>
  <trkpt lat="35.22096" lon="-112.50543">
    <name>TP4226</name>
  </trkpt>
  <trkpt lat="35.22097" lon="-112.50565">
    <name>TP4227</name>
  </trkpt>
  <trkpt lat="35.22097" lon="-112.50579">
    <name>TP4228</name>
  </trkpt>
  <trkpt lat="35.22098" lon="-112.50606">
    <name>TP4229</name>
  </trkpt>
  <trkpt lat="35.22099" lon="-112.5062">
    <name>TP4230</name>
  </trkpt>
  <trkpt lat="35.22099" lon="-112.50646">
    <name>TP4231</name>
  </trkpt>
  <trkpt lat="35.221" lon="-112.50673">
    <name>TP4232</name>
  </trkpt>
  <trkpt lat="35.221" lon="-112.50675">
    <name>TP4233</name>
  </trkpt>
  <trkpt lat="35.221" lon="-112.50687">
    <name>TP4234</name>
  </trkpt>
  <trkpt lat="35.22102" lon="-112.50751">
    <name>TP4235</name>
  </trkpt>
  <trkpt lat="35.22103" lon="-112.50781">
    <name>TP4236</name>
  </trkpt>
  <trkpt lat="35.22103" lon="-112.50785">
    <name>TP4237</name>
  </trkpt>
  <trkpt lat="35.22104" lon="-112.50809">
    <name>TP4238</name>
  </trkpt>
  <trkpt lat="35.22105" lon="-112.50835">
    <name>TP4239</name>
  </trkpt>
  <trkpt lat="35.22105" lon="-112.5087">
    <name>TP4240</name>
  </trkpt>
  <trkpt lat="35.22106" lon="-112.50906">
    <name>TP4241</name>
  </trkpt>
  <trkpt lat="35.22107" lon="-112.50934">
    <name>TP4242</name>
  </trkpt>
  <trkpt lat="35.22108" lon="-112.50953">
    <name>TP4243</name>
  </trkpt>
  <trkpt lat="35.22108" lon="-112.50956">
    <name>TP4244</name>
  </trkpt>
  <trkpt lat="35.22108" lon="-112.50975">
    <name>TP4245</name>
  </trkpt>
  <trkpt lat="35.22109" lon="-112.51009">
    <name>TP4246</name>
  </trkpt>
  <trkpt lat="35.22109" lon="-112.51019">
    <name>TP4247</name>
  </trkpt>
  <trkpt lat="35.2211" lon="-112.51063">
    <name>TP4248</name>
  </trkpt>
  <trkpt lat="35.2211" lon="-112.51085">
    <name>TP4249</name>
  </trkpt>
  <trkpt lat="35.2211" lon="-112.51116">
    <name>TP4250</name>
  </trkpt>
  <trkpt lat="35.22111" lon="-112.51142">
    <name>TP4251</name>
  </trkpt>
  <trkpt lat="35.22111" lon="-112.51156">
    <name>TP4252</name>
  </trkpt>
  <trkpt lat="35.22111" lon="-112.5117">
    <name>TP4253</name>
  </trkpt>
  <trkpt lat="35.22111" lon="-112.51173">
    <name>TP4254</name>
  </trkpt>
  <trkpt lat="35.22111" lon="-112.51195">
    <name>TP4255</name>
  </trkpt>
  <trkpt lat="35.22111" lon="-112.51197">
    <name>TP4256</name>
  </trkpt>
  <trkpt lat="35.22111" lon="-112.51217">
    <name>TP4257</name>
  </trkpt>
  <trkpt lat="35.22111" lon="-112.51224">
    <name>TP4258</name>
  </trkpt>
  <trkpt lat="35.22111" lon="-112.5123">
    <name>TP4259</name>
  </trkpt>
  <trkpt lat="35.22111" lon="-112.51318">
    <name>TP4260</name>
  </trkpt>
  <trkpt lat="35.22111" lon="-112.51371">
    <name>TP4261</name>
  </trkpt>
  <trkpt lat="35.22111" lon="-112.51372">
    <name>TP4262</name>
  </trkpt>
  <trkpt lat="35.22111" lon="-112.51411">
    <name>TP4263</name>
  </trkpt>
  <trkpt lat="35.22111" lon="-112.51438">
    <name>TP4264</name>
  </trkpt>
  <trkpt lat="35.22111" lon="-112.51439">
    <name>TP4265</name>
  </trkpt>
  <trkpt lat="35.22111" lon="-112.51479">
    <name>TP4266</name>
  </trkpt>
  <trkpt lat="35.22111" lon="-112.51482">
    <name>TP4267</name>
  </trkpt>
  <trkpt lat="35.22111" lon="-112.51504">
    <name>TP4268</name>
  </trkpt>
  <trkpt lat="35.22111" lon="-112.51506">
    <name>TP4269</name>
  </trkpt>
  <trkpt lat="35.22111" lon="-112.51526">
    <name>TP4270</name>
  </trkpt>
  <trkpt lat="35.22111" lon="-112.51546">
    <name>TP4271</name>
  </trkpt>
  <trkpt lat="35.22111" lon="-112.51586">
    <name>TP4272</name>
  </trkpt>
  <trkpt lat="35.22111" lon="-112.51626">
    <name>TP4273</name>
  </trkpt>
  <trkpt lat="35.22111" lon="-112.51658">
    <name>TP4274</name>
  </trkpt>
  <trkpt lat="35.22111" lon="-112.5168">
    <name>TP4275</name>
  </trkpt>
  <trkpt lat="35.22112" lon="-112.51718">
    <name>TP4276</name>
  </trkpt>
  <trkpt lat="35.22112" lon="-112.51747">
    <name>TP4277</name>
  </trkpt>
  <trkpt lat="35.22112" lon="-112.5179">
    <name>TP4278</name>
  </trkpt>
  <trkpt lat="35.22112" lon="-112.51806">
    <name>TP4279</name>
  </trkpt>
  <trkpt lat="35.22112" lon="-112.51839">
    <name>TP4280</name>
  </trkpt>
  <trkpt lat="35.22112" lon="-112.51878">
    <name>TP4281</name>
  </trkpt>
  <trkpt lat="35.22112" lon="-112.51881">
    <name>TP4282</name>
  </trkpt>
  <trkpt lat="35.22112" lon="-112.51921">
    <name>TP4283</name>
  </trkpt>
  <trkpt lat="35.22112" lon="-112.51966">
    <name>TP4284</name>
  </trkpt>
  <trkpt lat="35.22112" lon="-112.51974">
    <name>TP4285</name>
  </trkpt>
  <trkpt lat="35.22112" lon="-112.52019">
    <name>TP4286</name>
  </trkpt>
  <trkpt lat="35.22112" lon="-112.52044">
    <name>TP4287</name>
  </trkpt>
  <trkpt lat="35.22112" lon="-112.52054">
    <name>TP4288</name>
  </trkpt>
  <trkpt lat="35.22112" lon="-112.52094">
    <name>TP4289</name>
  </trkpt>
  <trkpt lat="35.22112" lon="-112.52124">
    <name>TP4290</name>
  </trkpt>
  <trkpt lat="35.22112" lon="-112.52142">
    <name>TP4291</name>
  </trkpt>
  <trkpt lat="35.22112" lon="-112.52153">
    <name>TP4292</name>
  </trkpt>
  <trkpt lat="35.22112" lon="-112.52186">
    <name>TP4293</name>
  </trkpt>
  <trkpt lat="35.22112" lon="-112.52215">
    <name>TP4294</name>
  </trkpt>
  <trkpt lat="35.22112" lon="-112.5223">
    <name>TP4295</name>
  </trkpt>
  <trkpt lat="35.22112" lon="-112.52242">
    <name>TP4296</name>
  </trkpt>
  <trkpt lat="35.22112" lon="-112.52252">
    <name>TP4297</name>
  </trkpt>
  <trkpt lat="35.22112" lon="-112.52282">
    <name>TP4298</name>
  </trkpt>
  <trkpt lat="35.22113" lon="-112.5234">
    <name>TP4299</name>
  </trkpt>
  <trkpt lat="35.22113" lon="-112.52347">
    <name>TP4300</name>
  </trkpt>
  <trkpt lat="35.22113" lon="-112.52377">
    <name>TP4301</name>
  </trkpt>
  <trkpt lat="35.22113" lon="-112.52448">
    <name>TP4302</name>
  </trkpt>
  <trkpt lat="35.22113" lon="-112.52485">
    <name>TP4303</name>
  </trkpt>
  <trkpt lat="35.22113" lon="-112.52524">
    <name>TP4304</name>
  </trkpt>
  <trkpt lat="35.22113" lon="-112.52578">
    <name>TP4305</name>
  </trkpt>
  <trkpt lat="35.22113" lon="-112.52602">
    <name>TP4306</name>
  </trkpt>
  <trkpt lat="35.22113" lon="-112.52618">
    <name>TP4307</name>
  </trkpt>
  <trkpt lat="35.22113" lon="-112.52643">
    <name>TP4308</name>
  </trkpt>
  <trkpt lat="35.22113" lon="-112.52683">
    <name>TP4309</name>
  </trkpt>
  <trkpt lat="35.22113" lon="-112.52711">
    <name>TP4310</name>
  </trkpt>
  <trkpt lat="35.22113" lon="-112.52779">
    <name>TP4311</name>
  </trkpt>
  <trkpt lat="35.22113" lon="-112.52805">
    <name>TP4312</name>
  </trkpt>
  <trkpt lat="35.22113" lon="-112.52872">
    <name>TP4313</name>
  </trkpt>
  <trkpt lat="35.22113" lon="-112.52876">
    <name>TP4314</name>
  </trkpt>
  <trkpt lat="35.22113" lon="-112.52898">
    <name>TP4315</name>
  </trkpt>
  <trkpt lat="35.22113" lon="-112.52969">
    <name>TP4316</name>
  </trkpt>
  <trkpt lat="35.22113" lon="-112.52986">
    <name>TP4317</name>
  </trkpt>
  <trkpt lat="35.22113" lon="-112.53005">
    <name>TP4318</name>
  </trkpt>
  <trkpt lat="35.22114" lon="-112.53029">
    <name>TP4319</name>
  </trkpt>
  <trkpt lat="35.22114" lon="-112.53073">
    <name>TP4320</name>
  </trkpt>
  <trkpt lat="35.22114" lon="-112.53084">
    <name>TP4321</name>
  </trkpt>
  <trkpt lat="35.22114" lon="-112.53103">
    <name>TP4322</name>
  </trkpt>
  <trkpt lat="35.22114" lon="-112.53109">
    <name>TP4323</name>
  </trkpt>
  <trkpt lat="35.22114" lon="-112.53124">
    <name>TP4324</name>
  </trkpt>
  <trkpt lat="35.22114" lon="-112.53154">
    <name>TP4325</name>
  </trkpt>
  <trkpt lat="35.22114" lon="-112.53169">
    <name>TP4326</name>
  </trkpt>
  <trkpt lat="35.22114" lon="-112.53183">
    <name>TP4327</name>
  </trkpt>
  <trkpt lat="35.22114" lon="-112.53185">
    <name>TP4328</name>
  </trkpt>
  <trkpt lat="35.22114" lon="-112.53205">
    <name>TP4329</name>
  </trkpt>
  <trkpt lat="35.22114" lon="-112.53213">
    <name>TP4330</name>
  </trkpt>
  <trkpt lat="35.22114" lon="-112.53222">
    <name>TP4331</name>
  </trkpt>
  <trkpt lat="35.22114" lon="-112.53263">
    <name>TP4332</name>
  </trkpt>
  <trkpt lat="35.22114" lon="-112.53294">
    <name>TP4333</name>
  </trkpt>
  <trkpt lat="35.22114" lon="-112.53307">
    <name>TP4334</name>
  </trkpt>
  <trkpt lat="35.22114" lon="-112.53323">
    <name>TP4335</name>
  </trkpt>
  <trkpt lat="35.22114" lon="-112.53328">
    <name>TP4336</name>
  </trkpt>
  <trkpt lat="35.22114" lon="-112.53341">
    <name>TP4337</name>
  </trkpt>
  <trkpt lat="35.22114" lon="-112.53392">
    <name>TP4338</name>
  </trkpt>
  <trkpt lat="35.22114" lon="-112.53413">
    <name>TP4339</name>
  </trkpt>
  <trkpt lat="35.22114" lon="-112.5342">
    <name>TP4340</name>
  </trkpt>
  <trkpt lat="35.22114" lon="-112.53433">
    <name>TP4341</name>
  </trkpt>
  <trkpt lat="35.22114" lon="-112.5345">
    <name>TP4342</name>
  </trkpt>
  <trkpt lat="35.22114" lon="-112.53484">
    <name>TP4343</name>
  </trkpt>
  <trkpt lat="35.22114" lon="-112.53495">
    <name>TP4344</name>
  </trkpt>
  <trkpt lat="35.22114" lon="-112.53514">
    <name>TP4345</name>
  </trkpt>
  <trkpt lat="35.22114" lon="-112.53521">
    <name>TP4346</name>
  </trkpt>
  <trkpt lat="35.22114" lon="-112.5358">
    <name>TP4347</name>
  </trkpt>
  <trkpt lat="35.22114" lon="-112.53591">
    <name>TP4348</name>
  </trkpt>
  <trkpt lat="35.22114" lon="-112.53624">
    <name>TP4349</name>
  </trkpt>
  <trkpt lat="35.22114" lon="-112.53632">
    <name>TP4350</name>
  </trkpt>
  <trkpt lat="35.22114" lon="-112.53636">
    <name>TP4351</name>
  </trkpt>
  <trkpt lat="35.22114" lon="-112.53657">
    <name>TP4352</name>
  </trkpt>
  <trkpt lat="35.22114" lon="-112.53715">
    <name>TP4353</name>
  </trkpt>
  <trkpt lat="35.22114" lon="-112.5372">
    <name>TP4354</name>
  </trkpt>
  <trkpt lat="35.22115" lon="-112.53768">
    <name>TP4355</name>
  </trkpt>
  <trkpt lat="35.22115" lon="-112.5377">
    <name>TP4356</name>
  </trkpt>
  <trkpt lat="35.22115" lon="-112.53786">
    <name>TP4357</name>
  </trkpt>
  <trkpt lat="35.22115" lon="-112.53813">
    <name>TP4358</name>
  </trkpt>
  <trkpt lat="35.22115" lon="-112.53852">
    <name>TP4359</name>
  </trkpt>
  <trkpt lat="35.22115" lon="-112.53866">
    <name>TP4360</name>
  </trkpt>
  <trkpt lat="35.22115" lon="-112.53904">
    <name>TP4361</name>
  </trkpt>
  <trkpt lat="35.22115" lon="-112.53918">
    <name>TP4362</name>
  </trkpt>
  <trkpt lat="35.22116" lon="-112.53944">
    <name>TP4363</name>
  </trkpt>
  <trkpt lat="35.22116" lon="-112.53948">
    <name>TP4364</name>
  </trkpt>
  <trkpt lat="35.22116" lon="-112.5397">
    <name>TP4365</name>
  </trkpt>
  <trkpt lat="35.22116" lon="-112.53983">
    <name>TP4366</name>
  </trkpt>
  <trkpt lat="35.22116" lon="-112.54005">
    <name>TP4367</name>
  </trkpt>
  <trkpt lat="35.22116" lon="-112.54043">
    <name>TP4368</name>
  </trkpt>
  <trkpt lat="35.22116" lon="-112.54051">
    <name>TP4369</name>
  </trkpt>
  <trkpt lat="35.22116" lon="-112.54078">
    <name>TP4370</name>
  </trkpt>
  <trkpt lat="35.22116" lon="-112.54089">
    <name>TP4371</name>
  </trkpt>
  <trkpt lat="35.22116" lon="-112.54095">
    <name>TP4372</name>
  </trkpt>
  <trkpt lat="35.22117" lon="-112.54141">
    <name>TP4373</name>
  </trkpt>
  <trkpt lat="35.22117" lon="-112.54172">
    <name>TP4374</name>
  </trkpt>
  <trkpt lat="35.22119" lon="-112.54193">
    <name>TP4375</name>
  </trkpt>
  <trkpt lat="35.22119" lon="-112.5421">
    <name>TP4376</name>
  </trkpt>
  <trkpt lat="35.22121" lon="-112.54231">
    <name>TP4377</name>
  </trkpt>
  <trkpt lat="35.22122" lon="-112.54247">
    <name>TP4378</name>
  </trkpt>
  <trkpt lat="35.22123" lon="-112.54249">
    <name>TP4379</name>
  </trkpt>
  <trkpt lat="35.22124" lon="-112.5426">
    <name>TP4380</name>
  </trkpt>
  <trkpt lat="35.22126" lon="-112.54281">
    <name>TP4381</name>
  </trkpt>
  <trkpt lat="35.22128" lon="-112.54302">
    <name>TP4382</name>
  </trkpt>
  <trkpt lat="35.22131" lon="-112.54326">
    <name>TP4383</name>
  </trkpt>
  <trkpt lat="35.22135" lon="-112.54353">
    <name>TP4384</name>
  </trkpt>
  <trkpt lat="35.22138" lon="-112.54368">
    <name>TP4385</name>
  </trkpt>
  <trkpt lat="35.22139" lon="-112.54377">
    <name>TP4386</name>
  </trkpt>
  <trkpt lat="35.2214" lon="-112.5438">
    <name>TP4387</name>
  </trkpt>
  <trkpt lat="35.22145" lon="-112.54405">
    <name>TP4388</name>
  </trkpt>
  <trkpt lat="35.22146" lon="-112.54411">
    <name>TP4389</name>
  </trkpt>
  <trkpt lat="35.22147" lon="-112.54419">
    <name>TP4390</name>
  </trkpt>
  <trkpt lat="35.22152" lon="-112.54447">
    <name>TP4391</name>
  </trkpt>
  <trkpt lat="35.22161" lon="-112.54491">
    <name>TP4392</name>
  </trkpt>
  <trkpt lat="35.22165" lon="-112.54511">
    <name>TP4393</name>
  </trkpt>
  <trkpt lat="35.22171" lon="-112.5454">
    <name>TP4394</name>
  </trkpt>
  <trkpt lat="35.22182" lon="-112.54598">
    <name>TP4395</name>
  </trkpt>
  <trkpt lat="35.22183" lon="-112.54602">
    <name>TP4396</name>
  </trkpt>
  <trkpt lat="35.22194" lon="-112.54654">
    <name>TP4397</name>
  </trkpt>
  <trkpt lat="35.22201" lon="-112.5469">
    <name>TP4398</name>
  </trkpt>
  <trkpt lat="35.22203" lon="-112.547">
    <name>TP4399</name>
  </trkpt>
  <trkpt lat="35.22204" lon="-112.54705">
    <name>TP4400</name>
  </trkpt>
  <trkpt lat="35.22209" lon="-112.54732">
    <name>TP4401</name>
  </trkpt>
  <trkpt lat="35.22219" lon="-112.54784">
    <name>TP4402</name>
  </trkpt>
  <trkpt lat="35.22229" lon="-112.54833">
    <name>TP4403</name>
  </trkpt>
  <trkpt lat="35.22236" lon="-112.54869">
    <name>TP4404</name>
  </trkpt>
  <trkpt lat="35.22243" lon="-112.54901">
    <name>TP4405</name>
  </trkpt>
  <trkpt lat="35.2226" lon="-112.54991">
    <name>TP4406</name>
  </trkpt>
  <trkpt lat="35.22276" lon="-112.55067">
    <name>TP4407</name>
  </trkpt>
  <trkpt lat="35.22278" lon="-112.5508">
    <name>TP4408</name>
  </trkpt>
  <trkpt lat="35.22279" lon="-112.55087">
    <name>TP4409</name>
  </trkpt>
  <trkpt lat="35.2228" lon="-112.55087">
    <name>TP4410</name>
  </trkpt>
  <trkpt lat="35.22282" lon="-112.55102">
    <name>TP4411</name>
  </trkpt>
  <trkpt lat="35.22284" lon="-112.55108">
    <name>TP4412</name>
  </trkpt>
  <trkpt lat="35.22288" lon="-112.5513">
    <name>TP4413</name>
  </trkpt>
  <trkpt lat="35.22303" lon="-112.55208">
    <name>TP4414</name>
  </trkpt>
  <trkpt lat="35.22307" lon="-112.55228">
    <name>TP4415</name>
  </trkpt>
  <trkpt lat="35.22334" lon="-112.55365">
    <name>TP4416</name>
  </trkpt>
  <trkpt lat="35.22337" lon="-112.55377">
    <name>TP4417</name>
  </trkpt>
  <trkpt lat="35.22339" lon="-112.55386">
    <name>TP4418</name>
  </trkpt>
  <trkpt lat="35.22343" lon="-112.55408">
    <name>TP4419</name>
  </trkpt>
  <trkpt lat="35.22345" lon="-112.55421">
    <name>TP4420</name>
  </trkpt>
  <trkpt lat="35.2236" lon="-112.55493">
    <name>TP4421</name>
  </trkpt>
  <trkpt lat="35.22377" lon="-112.55579">
    <name>TP4422</name>
  </trkpt>
  <trkpt lat="35.2238" lon="-112.55596">
    <name>TP4423</name>
  </trkpt>
  <trkpt lat="35.22384" lon="-112.55616">
    <name>TP4424</name>
  </trkpt>
  <trkpt lat="35.22388" lon="-112.55634">
    <name>TP4425</name>
  </trkpt>
  <trkpt lat="35.22392" lon="-112.55658">
    <name>TP4426</name>
  </trkpt>
  <trkpt lat="35.22402" lon="-112.55707">
    <name>TP4427</name>
  </trkpt>
  <trkpt lat="35.22406" lon="-112.55729">
    <name>TP4428</name>
  </trkpt>
  <trkpt lat="35.22415" lon="-112.55773">
    <name>TP4429</name>
  </trkpt>
  <trkpt lat="35.22418" lon="-112.55786">
    <name>TP4430</name>
  </trkpt>
  <trkpt lat="35.2242" lon="-112.55799">
    <name>TP4431</name>
  </trkpt>
  <trkpt lat="35.22423" lon="-112.55812">
    <name>TP4432</name>
  </trkpt>
  <trkpt lat="35.22426" lon="-112.55825">
    <name>TP4433</name>
  </trkpt>
  <trkpt lat="35.22428" lon="-112.55839">
    <name>TP4434</name>
  </trkpt>
  <trkpt lat="35.22431" lon="-112.55851">
    <name>TP4435</name>
  </trkpt>
  <trkpt lat="35.22433" lon="-112.55865">
    <name>TP4436</name>
  </trkpt>
  <trkpt lat="35.22436" lon="-112.55878">
    <name>TP4437</name>
  </trkpt>
  <trkpt lat="35.22438" lon="-112.55891">
    <name>TP4438</name>
  </trkpt>
  <trkpt lat="35.22441" lon="-112.55904">
    <name>TP4439</name>
  </trkpt>
  <trkpt lat="35.22444" lon="-112.55917">
    <name>TP4440</name>
  </trkpt>
  <trkpt lat="35.22446" lon="-112.5593">
    <name>TP4441</name>
  </trkpt>
  <trkpt lat="35.22449" lon="-112.55943">
    <name>TP4442</name>
  </trkpt>
  <trkpt lat="35.22451" lon="-112.55956">
    <name>TP4443</name>
  </trkpt>
  <trkpt lat="35.22454" lon="-112.55969">
    <name>TP4444</name>
  </trkpt>
  <trkpt lat="35.22456" lon="-112.55982">
    <name>TP4445</name>
  </trkpt>
  <trkpt lat="35.22459" lon="-112.55995">
    <name>TP4446</name>
  </trkpt>
  <trkpt lat="35.22462" lon="-112.56008">
    <name>TP4447</name>
  </trkpt>
  <trkpt lat="35.22464" lon="-112.56021">
    <name>TP4448</name>
  </trkpt>
  <trkpt lat="35.22467" lon="-112.56034">
    <name>TP4449</name>
  </trkpt>
  <trkpt lat="35.22469" lon="-112.56046">
    <name>TP4450</name>
  </trkpt>
  <trkpt lat="35.22472" lon="-112.56059">
    <name>TP4451</name>
  </trkpt>
  <trkpt lat="35.22474" lon="-112.56073">
    <name>TP4452</name>
  </trkpt>
  <trkpt lat="35.22477" lon="-112.56086">
    <name>TP4453</name>
  </trkpt>
  <trkpt lat="35.22479" lon="-112.56099">
    <name>TP4454</name>
  </trkpt>
  <trkpt lat="35.22482" lon="-112.56112">
    <name>TP4455</name>
  </trkpt>
  <trkpt lat="35.22485" lon="-112.56125">
    <name>TP4456</name>
  </trkpt>
  <trkpt lat="35.22487" lon="-112.56138">
    <name>TP4457</name>
  </trkpt>
  <trkpt lat="35.2249" lon="-112.56151">
    <name>TP4458</name>
  </trkpt>
  <trkpt lat="35.22492" lon="-112.56164">
    <name>TP4459</name>
  </trkpt>
  <trkpt lat="35.22495" lon="-112.56177">
    <name>TP4460</name>
  </trkpt>
  <trkpt lat="35.22497" lon="-112.5619">
    <name>TP4461</name>
  </trkpt>
  <trkpt lat="35.22503" lon="-112.56216">
    <name>TP4462</name>
  </trkpt>
  <trkpt lat="35.22505" lon="-112.56229">
    <name>TP4463</name>
  </trkpt>
  <trkpt lat="35.22508" lon="-112.56242">
    <name>TP4464</name>
  </trkpt>
  <trkpt lat="35.2251" lon="-112.56255">
    <name>TP4465</name>
  </trkpt>
  <trkpt lat="35.22513" lon="-112.56268">
    <name>TP4466</name>
  </trkpt>
  <trkpt lat="35.22518" lon="-112.56295">
    <name>TP4467</name>
  </trkpt>
  <trkpt lat="35.22521" lon="-112.56306">
    <name>TP4468</name>
  </trkpt>
  <trkpt lat="35.22526" lon="-112.56333">
    <name>TP4469</name>
  </trkpt>
  <trkpt lat="35.22531" lon="-112.5636">
    <name>TP4470</name>
  </trkpt>
  <trkpt lat="35.22536" lon="-112.56385">
    <name>TP4471</name>
  </trkpt>
  <trkpt lat="35.22546" lon="-112.56437">
    <name>TP4472</name>
  </trkpt>
  <trkpt lat="35.22557" lon="-112.5649">
    <name>TP4473</name>
  </trkpt>
  <trkpt lat="35.22564" lon="-112.56529">
    <name>TP4474</name>
  </trkpt>
  <trkpt lat="35.22567" lon="-112.56542">
    <name>TP4475</name>
  </trkpt>
  <trkpt lat="35.22575" lon="-112.56581">
    <name>TP4476</name>
  </trkpt>
  <trkpt lat="35.22582" lon="-112.5662">
    <name>TP4477</name>
  </trkpt>
  <trkpt lat="35.22584" lon="-112.56627">
    <name>TP4478</name>
  </trkpt>
  <trkpt lat="35.22588" lon="-112.56646">
    <name>TP4479</name>
  </trkpt>
  <trkpt lat="35.22595" lon="-112.56685">
    <name>TP4480</name>
  </trkpt>
  <trkpt lat="35.22603" lon="-112.56724">
    <name>TP4481</name>
  </trkpt>
  <trkpt lat="35.22618" lon="-112.56802">
    <name>TP4482</name>
  </trkpt>
  <trkpt lat="35.22622" lon="-112.5682">
    <name>TP4483</name>
  </trkpt>
  <trkpt lat="35.22626" lon="-112.56841">
    <name>TP4484</name>
  </trkpt>
  <trkpt lat="35.22634" lon="-112.5688">
    <name>TP4485</name>
  </trkpt>
  <trkpt lat="35.22642" lon="-112.56919">
    <name>TP4486</name>
  </trkpt>
  <trkpt lat="35.22649" lon="-112.56958">
    <name>TP4487</name>
  </trkpt>
  <trkpt lat="35.2266" lon="-112.5701">
    <name>TP4488</name>
  </trkpt>
  <trkpt lat="35.2267" lon="-112.57062">
    <name>TP4489</name>
  </trkpt>
  <trkpt lat="35.22678" lon="-112.57102">
    <name>TP4490</name>
  </trkpt>
  <trkpt lat="35.22685" lon="-112.5714">
    <name>TP4491</name>
  </trkpt>
  <trkpt lat="35.22693" lon="-112.5718">
    <name>TP4492</name>
  </trkpt>
  <trkpt lat="35.22702" lon="-112.57227">
    <name>TP4493</name>
  </trkpt>
  <trkpt lat="35.22707" lon="-112.57254">
    <name>TP4494</name>
  </trkpt>
  <trkpt lat="35.2272" lon="-112.57321">
    <name>TP4495</name>
  </trkpt>
  <trkpt lat="35.22721" lon="-112.57324">
    <name>TP4496</name>
  </trkpt>
  <trkpt lat="35.22727" lon="-112.57354">
    <name>TP4497</name>
  </trkpt>
  <trkpt lat="35.22735" lon="-112.57398">
    <name>TP4498</name>
  </trkpt>
  <trkpt lat="35.22761" lon="-112.57526">
    <name>TP4499</name>
  </trkpt>
  <trkpt lat="35.22764" lon="-112.57541">
    <name>TP4500</name>
  </trkpt>
  <trkpt lat="35.22779" lon="-112.5762">
    <name>TP4501</name>
  </trkpt>
  <trkpt lat="35.22784" lon="-112.57642">
    <name>TP4502</name>
  </trkpt>
  <trkpt lat="35.2279" lon="-112.57673">
    <name>TP4503</name>
  </trkpt>
  <trkpt lat="35.22799" lon="-112.5772">
    <name>TP4504</name>
  </trkpt>
  <trkpt lat="35.22809" lon="-112.57772">
    <name>TP4505</name>
  </trkpt>
  <trkpt lat="35.22811" lon="-112.57782">
    <name>TP4506</name>
  </trkpt>
  <trkpt lat="35.22824" lon="-112.57848">
    <name>TP4507</name>
  </trkpt>
  <trkpt lat="35.22837" lon="-112.57913">
    <name>TP4508</name>
  </trkpt>
  <trkpt lat="35.22839" lon="-112.57926">
    <name>TP4509</name>
  </trkpt>
  <trkpt lat="35.22861" lon="-112.58037">
    <name>TP4510</name>
  </trkpt>
  <trkpt lat="35.22864" lon="-112.58051">
    <name>TP4511</name>
  </trkpt>
  <trkpt lat="35.22871" lon="-112.58089">
    <name>TP4512</name>
  </trkpt>
  <trkpt lat="35.22882" lon="-112.58144">
    <name>TP4513</name>
  </trkpt>
  <trkpt lat="35.22884" lon="-112.58151">
    <name>TP4514</name>
  </trkpt>
  <trkpt lat="35.22897" lon="-112.58213">
    <name>TP4515</name>
  </trkpt>
  <trkpt lat="35.2289692" lon="-112.5821286">
    <name>TP4516</name>
  </trkpt>
  <trkpt lat="35.22906" lon="-112.58229">
    <name>TP4517</name>
  </trkpt>
  <trkpt lat="35.22921" lon="-112.58282">
    <name>TP4518</name>
  </trkpt>
  <trkpt lat="35.22931" lon="-112.58319">
    <name>TP4519</name>
  </trkpt>
  <trkpt lat="35.22936" lon="-112.58337">
    <name>TP4520</name>
  </trkpt>
  <trkpt lat="35.2294" lon="-112.58349">
    <name>TP4521</name>
  </trkpt>
  <trkpt lat="35.22944" lon="-112.58361">
    <name>TP4522</name>
  </trkpt>
  <trkpt lat="35.2295" lon="-112.58381">
    <name>TP4523</name>
  </trkpt>
  <trkpt lat="35.22956" lon="-112.58399">
    <name>TP4524</name>
  </trkpt>
  <trkpt lat="35.22957" lon="-112.58402">
    <name>TP4525</name>
  </trkpt>
  <trkpt lat="35.2298" lon="-112.58471">
    <name>TP4526</name>
  </trkpt>
  <trkpt lat="35.22984" lon="-112.5848">
    <name>TP4527</name>
  </trkpt>
  <trkpt lat="35.22991" lon="-112.585">
    <name>TP4528</name>
  </trkpt>
  <trkpt lat="35.22992" lon="-112.58504">
    <name>TP4529</name>
  </trkpt>
  <trkpt lat="35.22998" lon="-112.58521">
    <name>TP4530</name>
  </trkpt>
  <trkpt lat="35.23004" lon="-112.58538">
    <name>TP4531</name>
  </trkpt>
  <trkpt lat="35.2301" lon="-112.5856">
    <name>TP4532</name>
  </trkpt>
  <trkpt lat="35.2300989" lon="-112.585596">
    <name>TP4533</name>
  </trkpt>
  <trkpt lat="35.23022" lon="-112.58557">
    <name>TP4534</name>
  </trkpt>
  <trkpt lat="35.23033" lon="-112.58554">
    <name>TP4535</name>
  </trkpt>
  <trkpt lat="35.23039" lon="-112.58553">
    <name>TP4536</name>
  </trkpt>
  <trkpt lat="35.23048" lon="-112.58555">
    <name>TP4537</name>
  </trkpt>
  <trkpt lat="35.23055" lon="-112.58558">
    <name>TP4538</name>
  </trkpt>
  <trkpt lat="35.23062" lon="-112.58564">
    <name>TP4539</name>
  </trkpt>
  <trkpt lat="35.23066" lon="-112.58568">
    <name>TP4540</name>
  </trkpt>
  <trkpt lat="35.23069" lon="-112.58571">
    <name>TP4541</name>
  </trkpt>
  <trkpt lat="35.23073" lon="-112.58579">
    <name>TP4542</name>
  </trkpt>
  <trkpt lat="35.23076" lon="-112.58586">
    <name>TP4543</name>
  </trkpt>
  <trkpt lat="35.23076" lon="-112.58589">
    <name>TP4544</name>
  </trkpt>
  <trkpt lat="35.23078" lon="-112.58598">
    <name>TP4545</name>
  </trkpt>
  <trkpt lat="35.23077" lon="-112.58608">
    <name>TP4546</name>
  </trkpt>
  <trkpt lat="35.23077" lon="-112.58611">
    <name>TP4547</name>
  </trkpt>
  <trkpt lat="35.23074" lon="-112.58631">
    <name>TP4548</name>
  </trkpt>
  <trkpt lat="35.23065" lon="-112.58695">
    <name>TP4549</name>
  </trkpt>
  <trkpt lat="35.23062" lon="-112.58717">
    <name>TP4550</name>
  </trkpt>
  <trkpt lat="35.23061" lon="-112.58717">
    <name>TP4551</name>
  </trkpt>
  <trkpt lat="35.2306" lon="-112.58732">
    <name>TP4552</name>
  </trkpt>
  <trkpt lat="35.23059" lon="-112.58747">
    <name>TP4553</name>
  </trkpt>
  <trkpt lat="35.2306" lon="-112.5876">
    <name>TP4554</name>
  </trkpt>
  <trkpt lat="35.2306" lon="-112.58763">
    <name>TP4555</name>
  </trkpt>
  <trkpt lat="35.23061" lon="-112.58782">
    <name>TP4556</name>
  </trkpt>
  <trkpt lat="35.23061" lon="-112.58783">
    <name>TP4557</name>
  </trkpt>
  <trkpt lat="35.23063" lon="-112.58803">
    <name>TP4558</name>
  </trkpt>
  <trkpt lat="35.23064" lon="-112.58804">
    <name>TP4559</name>
  </trkpt>
  <trkpt lat="35.23067" lon="-112.5882">
    <name>TP4560</name>
  </trkpt>
  <trkpt lat="35.23068" lon="-112.58825">
    <name>TP4561</name>
  </trkpt>
  <trkpt lat="35.23073" lon="-112.5884">
    <name>TP4562</name>
  </trkpt>
  <trkpt lat="35.23079" lon="-112.58858">
    <name>TP4563</name>
  </trkpt>
  <trkpt lat="35.23082" lon="-112.58866">
    <name>TP4564</name>
  </trkpt>
  <trkpt lat="35.23091" lon="-112.58885">
    <name>TP4565</name>
  </trkpt>
  <trkpt lat="35.23099" lon="-112.58904">
    <name>TP4566</name>
  </trkpt>
  <trkpt lat="35.2315" lon="-112.59019">
    <name>TP4567</name>
  </trkpt>
  <trkpt lat="35.23193" lon="-112.59116">
    <name>TP4568</name>
  </trkpt>
  <trkpt lat="35.23197" lon="-112.59126">
    <name>TP4569</name>
  </trkpt>
  <trkpt lat="35.23201" lon="-112.59134">
    <name>TP4570</name>
  </trkpt>
  <trkpt lat="35.23201" lon="-112.59135">
    <name>TP4571</name>
  </trkpt>
  <trkpt lat="35.23278" lon="-112.5931">
    <name>TP4572</name>
  </trkpt>
  <trkpt lat="35.23281" lon="-112.59316">
    <name>TP4573</name>
  </trkpt>
  <trkpt lat="35.23289" lon="-112.59335">
    <name>TP4574</name>
  </trkpt>
  <trkpt lat="35.23321" lon="-112.59407">
    <name>TP4575</name>
  </trkpt>
  <trkpt lat="35.23366" lon="-112.59509">
    <name>TP4576</name>
  </trkpt>
  <trkpt lat="35.23404" lon="-112.59596">
    <name>TP4577</name>
  </trkpt>
  <trkpt lat="35.23413" lon="-112.59616">
    <name>TP4578</name>
  </trkpt>
  <trkpt lat="35.23421" lon="-112.59635">
    <name>TP4579</name>
  </trkpt>
  <trkpt lat="35.23438" lon="-112.59674">
    <name>TP4580</name>
  </trkpt>
  <trkpt lat="35.23447" lon="-112.59693">
    <name>TP4581</name>
  </trkpt>
  <trkpt lat="35.23455" lon="-112.59713">
    <name>TP4582</name>
  </trkpt>
  <trkpt lat="35.23464" lon="-112.59732">
    <name>TP4583</name>
  </trkpt>
  <trkpt lat="35.23489" lon="-112.5979">
    <name>TP4584</name>
  </trkpt>
  <trkpt lat="35.23498" lon="-112.5981">
    <name>TP4585</name>
  </trkpt>
  <trkpt lat="35.23506" lon="-112.59829">
    <name>TP4586</name>
  </trkpt>
  <trkpt lat="35.23523" lon="-112.59868">
    <name>TP4587</name>
  </trkpt>
  <trkpt lat="35.23591" lon="-112.60023">
    <name>TP4588</name>
  </trkpt>
  <trkpt lat="35.2366" lon="-112.60178">
    <name>TP4589</name>
  </trkpt>
  <trkpt lat="35.23715" lon="-112.60303">
    <name>TP4590</name>
  </trkpt>
  <trkpt lat="35.23748" lon="-112.6038">
    <name>TP4591</name>
  </trkpt>
  <trkpt lat="35.23749" lon="-112.60381">
    <name>TP4592</name>
  </trkpt>
  <trkpt lat="35.23757" lon="-112.604">
    <name>TP4593</name>
  </trkpt>
  <trkpt lat="35.238" lon="-112.60497">
    <name>TP4594</name>
  </trkpt>
  <trkpt lat="35.2386" lon="-112.60633">
    <name>TP4595</name>
  </trkpt>
  <trkpt lat="35.23899" lon="-112.60721">
    <name>TP4596</name>
  </trkpt>
  <trkpt lat="35.23962" lon="-112.60865">
    <name>TP4597</name>
  </trkpt>
  <trkpt lat="35.23967" lon="-112.60876">
    <name>TP4598</name>
  </trkpt>
  <trkpt lat="35.23984" lon="-112.60915">
    <name>TP4599</name>
  </trkpt>
  <trkpt lat="35.24052" lon="-112.6107">
    <name>TP4600</name>
  </trkpt>
  <trkpt lat="35.24069" lon="-112.61109">
    <name>TP4601</name>
  </trkpt>
  <trkpt lat="35.24112" lon="-112.61206">
    <name>TP4602</name>
  </trkpt>
  <trkpt lat="35.24175" lon="-112.6135">
    <name>TP4603</name>
  </trkpt>
  <trkpt lat="35.24217" lon="-112.61446">
    <name>TP4604</name>
  </trkpt>
  <trkpt lat="35.24234" lon="-112.61485">
    <name>TP4605</name>
  </trkpt>
  <trkpt lat="35.24243" lon="-112.61505">
    <name>TP4606</name>
  </trkpt>
  <trkpt lat="35.24311" lon="-112.61661">
    <name>TP4607</name>
  </trkpt>
  <trkpt lat="35.24319" lon="-112.6168">
    <name>TP4608</name>
  </trkpt>
  <trkpt lat="35.24327" lon="-112.61699">
    <name>TP4609</name>
  </trkpt>
  <trkpt lat="35.24387" lon="-112.61835">
    <name>TP4610</name>
  </trkpt>
  <trkpt lat="35.24396" lon="-112.61854">
    <name>TP4611</name>
  </trkpt>
  <trkpt lat="35.24404" lon="-112.61874">
    <name>TP4612</name>
  </trkpt>
  <trkpt lat="35.24413" lon="-112.61893">
    <name>TP4613</name>
  </trkpt>
  <trkpt lat="35.24419" lon="-112.61907">
    <name>TP4614</name>
  </trkpt>
  <trkpt lat="35.24438" lon="-112.61951">
    <name>TP4615</name>
  </trkpt>
  <trkpt lat="35.24538" lon="-112.62178">
    <name>TP4616</name>
  </trkpt>
  <trkpt lat="35.24557" lon="-112.62223">
    <name>TP4617</name>
  </trkpt>
  <trkpt lat="35.24574" lon="-112.62261">
    <name>TP4618</name>
  </trkpt>
  <trkpt lat="35.24583" lon="-112.62281">
    <name>TP4619</name>
  </trkpt>
  <trkpt lat="35.24591" lon="-112.62301">
    <name>TP4620</name>
  </trkpt>
  <trkpt lat="35.24609" lon="-112.62341">
    <name>TP4621</name>
  </trkpt>
  <trkpt lat="35.24617" lon="-112.62359">
    <name>TP4622</name>
  </trkpt>
  <trkpt lat="35.24625" lon="-112.62378">
    <name>TP4623</name>
  </trkpt>
  <trkpt lat="35.24642" lon="-112.62416">
    <name>TP4624</name>
  </trkpt>
  <trkpt lat="35.24642" lon="-112.62417">
    <name>TP4625</name>
  </trkpt>
  <trkpt lat="35.24651" lon="-112.62436">
    <name>TP4626</name>
  </trkpt>
  <trkpt lat="35.24703" lon="-112.62555">
    <name>TP4627</name>
  </trkpt>
  <trkpt lat="35.2477" lon="-112.62708">
    <name>TP4628</name>
  </trkpt>
  <trkpt lat="35.24787" lon="-112.62747">
    <name>TP4629</name>
  </trkpt>
  <trkpt lat="35.24804" lon="-112.62786">
    <name>TP4630</name>
  </trkpt>
  <trkpt lat="35.24838" lon="-112.62863">
    <name>TP4631</name>
  </trkpt>
  <trkpt lat="35.24846" lon="-112.62883">
    <name>TP4632</name>
  </trkpt>
  <trkpt lat="35.24854" lon="-112.629">
    <name>TP4633</name>
  </trkpt>
  <trkpt lat="35.24863" lon="-112.62922">
    <name>TP4634</name>
  </trkpt>
  <trkpt lat="35.24975" lon="-112.63174">
    <name>TP4635</name>
  </trkpt>
  <trkpt lat="35.25017" lon="-112.63271">
    <name>TP4636</name>
  </trkpt>
  <trkpt lat="35.2503" lon="-112.633">
    <name>TP4637</name>
  </trkpt>
  <trkpt lat="35.25051" lon="-112.63348">
    <name>TP4638</name>
  </trkpt>
  <trkpt lat="35.2506" lon="-112.63368">
    <name>TP4639</name>
  </trkpt>
  <trkpt lat="35.25099" lon="-112.63457">
    <name>TP4640</name>
  </trkpt>
  <trkpt lat="35.25134" lon="-112.63537">
    <name>TP4641</name>
  </trkpt>
  <trkpt lat="35.25143" lon="-112.63558">
    <name>TP4642</name>
  </trkpt>
  <trkpt lat="35.2521" lon="-112.63712">
    <name>TP4643</name>
  </trkpt>
  <trkpt lat="35.25245" lon="-112.63789">
    <name>TP4644</name>
  </trkpt>
  <trkpt lat="35.25245" lon="-112.6379">
    <name>TP4645</name>
  </trkpt>
  <trkpt lat="35.25284" lon="-112.63879">
    <name>TP4646</name>
  </trkpt>
  <trkpt lat="35.25287" lon="-112.63887">
    <name>TP4647</name>
  </trkpt>
  <trkpt lat="35.25347" lon="-112.64022">
    <name>TP4648</name>
  </trkpt>
  <trkpt lat="35.25383" lon="-112.64105">
    <name>TP4649</name>
  </trkpt>
  <trkpt lat="35.25399" lon="-112.64139">
    <name>TP4650</name>
  </trkpt>
  <trkpt lat="35.25446" lon="-112.64246">
    <name>TP4651</name>
  </trkpt>
  <trkpt lat="35.25467" lon="-112.64293">
    <name>TP4652</name>
  </trkpt>
  <trkpt lat="35.25501" lon="-112.64372">
    <name>TP4653</name>
  </trkpt>
  <trkpt lat="35.25561" lon="-112.64506">
    <name>TP4654</name>
  </trkpt>
  <trkpt lat="35.25574" lon="-112.64536">
    <name>TP4655</name>
  </trkpt>
  <trkpt lat="35.25586" lon="-112.64564">
    <name>TP4656</name>
  </trkpt>
  <trkpt lat="35.25633" lon="-112.64672">
    <name>TP4657</name>
  </trkpt>
  <trkpt lat="35.25642" lon="-112.64692">
    <name>TP4658</name>
  </trkpt>
  <trkpt lat="35.25654" lon="-112.6472">
    <name>TP4659</name>
  </trkpt>
  <trkpt lat="35.25663" lon="-112.64739">
    <name>TP4660</name>
  </trkpt>
  <trkpt lat="35.25671" lon="-112.64759">
    <name>TP4661</name>
  </trkpt>
  <trkpt lat="35.25769" lon="-112.64983">
    <name>TP4662</name>
  </trkpt>
  <trkpt lat="35.25773" lon="-112.64991">
    <name>TP4663</name>
  </trkpt>
  <trkpt lat="35.25782" lon="-112.65011">
    <name>TP4664</name>
  </trkpt>
  <trkpt lat="35.25826" lon="-112.65111">
    <name>TP4665</name>
  </trkpt>
  <trkpt lat="35.25875" lon="-112.65224">
    <name>TP4666</name>
  </trkpt>
  <trkpt lat="35.25884" lon="-112.65244">
    <name>TP4667</name>
  </trkpt>
  <trkpt lat="35.25885" lon="-112.65247">
    <name>TP4668</name>
  </trkpt>
  <trkpt lat="35.25986" lon="-112.65477">
    <name>TP4669</name>
  </trkpt>
  <trkpt lat="35.25991" lon="-112.65488">
    <name>TP4670</name>
  </trkpt>
  <trkpt lat="35.26093" lon="-112.65721">
    <name>TP4671</name>
  </trkpt>
  <trkpt lat="35.26105" lon="-112.65748">
    <name>TP4672</name>
  </trkpt>
  <trkpt lat="35.26161" lon="-112.65876">
    <name>TP4673</name>
  </trkpt>
  <trkpt lat="35.26165" lon="-112.65884">
    <name>TP4674</name>
  </trkpt>
  <trkpt lat="35.2617" lon="-112.65895">
    <name>TP4675</name>
  </trkpt>
  <trkpt lat="35.26178" lon="-112.65915">
    <name>TP4676</name>
  </trkpt>
  <trkpt lat="35.26187" lon="-112.65934">
    <name>TP4677</name>
  </trkpt>
  <trkpt lat="35.26199" lon="-112.65961">
    <name>TP4678</name>
  </trkpt>
  <trkpt lat="35.26298" lon="-112.66186">
    <name>TP4679</name>
  </trkpt>
  <trkpt lat="35.26301" lon="-112.66194">
    <name>TP4680</name>
  </trkpt>
  <trkpt lat="35.26306" lon="-112.66206">
    <name>TP4681</name>
  </trkpt>
  <trkpt lat="35.26318" lon="-112.66233">
    <name>TP4682</name>
  </trkpt>
  <trkpt lat="35.26434" lon="-112.66497">
    <name>TP4683</name>
  </trkpt>
  <trkpt lat="35.26438" lon="-112.66505">
    <name>TP4684</name>
  </trkpt>
  <trkpt lat="35.26443" lon="-112.66516">
    <name>TP4685</name>
  </trkpt>
  <trkpt lat="35.26451" lon="-112.66535">
    <name>TP4686</name>
  </trkpt>
  <trkpt lat="35.2646" lon="-112.66555">
    <name>TP4687</name>
  </trkpt>
  <trkpt lat="35.26523" lon="-112.66698">
    <name>TP4688</name>
  </trkpt>
  <trkpt lat="35.26532" lon="-112.66718">
    <name>TP4689</name>
  </trkpt>
  <trkpt lat="35.26537" lon="-112.66729">
    <name>TP4690</name>
  </trkpt>
  <trkpt lat="35.26545" lon="-112.66749">
    <name>TP4691</name>
  </trkpt>
  <trkpt lat="35.26562" lon="-112.66787">
    <name>TP4692</name>
  </trkpt>
  <trkpt lat="35.26571" lon="-112.66807">
    <name>TP4693</name>
  </trkpt>
  <trkpt lat="35.26583" lon="-112.66834">
    <name>TP4694</name>
  </trkpt>
  <trkpt lat="35.26588" lon="-112.66846">
    <name>TP4695</name>
  </trkpt>
  <trkpt lat="35.26596" lon="-112.66865">
    <name>TP4696</name>
  </trkpt>
  <trkpt lat="35.26622" lon="-112.66923">
    <name>TP4697</name>
  </trkpt>
  <trkpt lat="35.2663" lon="-112.66943">
    <name>TP4698</name>
  </trkpt>
  <trkpt lat="35.26642" lon="-112.6697">
    <name>TP4699</name>
  </trkpt>
  <trkpt lat="35.26699" lon="-112.67098">
    <name>TP4700</name>
  </trkpt>
  <trkpt lat="35.26753" lon="-112.67222">
    <name>TP4701</name>
  </trkpt>
  <trkpt lat="35.26767" lon="-112.67253">
    <name>TP4702</name>
  </trkpt>
  <trkpt lat="35.2677" lon="-112.67261">
    <name>TP4703</name>
  </trkpt>
  <trkpt lat="35.26775" lon="-112.67272">
    <name>TP4704</name>
  </trkpt>
  <trkpt lat="35.26809" lon="-112.6735">
    <name>TP4705</name>
  </trkpt>
  <trkpt lat="35.26813" lon="-112.67358">
    <name>TP4706</name>
  </trkpt>
  <trkpt lat="35.26818" lon="-112.67369">
    <name>TP4707</name>
  </trkpt>
  <trkpt lat="35.26822" lon="-112.67377">
    <name>TP4708</name>
  </trkpt>
  <trkpt lat="35.26826" lon="-112.67389">
    <name>TP4709</name>
  </trkpt>
  <trkpt lat="35.26827" lon="-112.67389">
    <name>TP4710</name>
  </trkpt>
  <trkpt lat="35.26844" lon="-112.67427">
    <name>TP4711</name>
  </trkpt>
  <trkpt lat="35.26847" lon="-112.67436">
    <name>TP4712</name>
  </trkpt>
  <trkpt lat="35.26852" lon="-112.67447">
    <name>TP4713</name>
  </trkpt>
  <trkpt lat="35.26856" lon="-112.67455">
    <name>TP4714</name>
  </trkpt>
  <trkpt lat="35.26861" lon="-112.67466">
    <name>TP4715</name>
  </trkpt>
  <trkpt lat="35.26878" lon="-112.67505">
    <name>TP4716</name>
  </trkpt>
  <trkpt lat="35.26881" lon="-112.67513">
    <name>TP4717</name>
  </trkpt>
  <trkpt lat="35.26886" lon="-112.67524">
    <name>TP4718</name>
  </trkpt>
  <trkpt lat="35.26886" lon="-112.67525">
    <name>TP4719</name>
  </trkpt>
  <trkpt lat="35.26903" lon="-112.67563">
    <name>TP4720</name>
  </trkpt>
  <trkpt lat="35.26915" lon="-112.67591">
    <name>TP4721</name>
  </trkpt>
  <trkpt lat="35.2695" lon="-112.6767">
    <name>TP4722</name>
  </trkpt>
  <trkpt lat="35.26957" lon="-112.67686">
    <name>TP4723</name>
  </trkpt>
  <trkpt lat="35.26986" lon="-112.67761">
    <name>TP4724</name>
  </trkpt>
  <trkpt lat="35.26994" lon="-112.67781">
    <name>TP4725</name>
  </trkpt>
  <trkpt lat="35.27032" lon="-112.67881">
    <name>TP4726</name>
  </trkpt>
  <trkpt lat="35.27054" lon="-112.67941">
    <name>TP4727</name>
  </trkpt>
  <trkpt lat="35.27061" lon="-112.67961">
    <name>TP4728</name>
  </trkpt>
  <trkpt lat="35.27068" lon="-112.67981">
    <name>TP4729</name>
  </trkpt>
  <trkpt lat="35.27083" lon="-112.68022">
    <name>TP4730</name>
  </trkpt>
  <trkpt lat="35.27105" lon="-112.68083">
    <name>TP4731</name>
  </trkpt>
  <trkpt lat="35.27145" lon="-112.68193">
    <name>TP4732</name>
  </trkpt>
  <trkpt lat="35.27159" lon="-112.68234">
    <name>TP4733</name>
  </trkpt>
  <trkpt lat="35.27181" lon="-112.68294">
    <name>TP4734</name>
  </trkpt>
  <trkpt lat="35.27188" lon="-112.68314">
    <name>TP4735</name>
  </trkpt>
  <trkpt lat="35.27196" lon="-112.68334">
    <name>TP4736</name>
  </trkpt>
  <trkpt lat="35.27203" lon="-112.68355">
    <name>TP4737</name>
  </trkpt>
  <trkpt lat="35.2721" lon="-112.68375">
    <name>TP4738</name>
  </trkpt>
  <trkpt lat="35.27225" lon="-112.68415">
    <name>TP4739</name>
  </trkpt>
  <trkpt lat="35.27232" lon="-112.68435">
    <name>TP4740</name>
  </trkpt>
  <trkpt lat="35.2724" lon="-112.68455">
    <name>TP4741</name>
  </trkpt>
  <trkpt lat="35.27251" lon="-112.68486">
    <name>TP4742</name>
  </trkpt>
  <trkpt lat="35.27281" lon="-112.68568">
    <name>TP4743</name>
  </trkpt>
  <trkpt lat="35.27285" lon="-112.68575">
    <name>TP4744</name>
  </trkpt>
  <trkpt lat="35.27314" lon="-112.68643">
    <name>TP4745</name>
  </trkpt>
  <trkpt lat="35.27319" lon="-112.68652">
    <name>TP4746</name>
  </trkpt>
  <trkpt lat="35.27329" lon="-112.68671">
    <name>TP4747</name>
  </trkpt>
  <trkpt lat="35.27359" lon="-112.68725">
    <name>TP4748</name>
  </trkpt>
  <trkpt lat="35.27359" lon="-112.68726">
    <name>TP4749</name>
  </trkpt>
  <trkpt lat="35.27371" lon="-112.68742">
    <name>TP4750</name>
  </trkpt>
  <trkpt lat="35.27383" lon="-112.68759">
    <name>TP4751</name>
  </trkpt>
  <trkpt lat="35.27395" lon="-112.68776">
    <name>TP4752</name>
  </trkpt>
  <trkpt lat="35.27406" lon="-112.68792">
    <name>TP4753</name>
  </trkpt>
  <trkpt lat="35.27416" lon="-112.68806">
    <name>TP4754</name>
  </trkpt>
  <trkpt lat="35.27432" lon="-112.68823">
    <name>TP4755</name>
  </trkpt>
  <trkpt lat="35.27445" lon="-112.68838">
    <name>TP4756</name>
  </trkpt>
  <trkpt lat="35.27458" lon="-112.68853">
    <name>TP4757</name>
  </trkpt>
  <trkpt lat="35.27472" lon="-112.68868">
    <name>TP4758</name>
  </trkpt>
  <trkpt lat="35.27509" lon="-112.68909">
    <name>TP4759</name>
  </trkpt>
  <trkpt lat="35.27554" lon="-112.68953">
    <name>TP4760</name>
  </trkpt>
  <trkpt lat="35.27597" lon="-112.68994">
    <name>TP4761</name>
  </trkpt>
  <trkpt lat="35.27634" lon="-112.69042">
    <name>TP4762</name>
  </trkpt>
  <trkpt lat="35.27646" lon="-112.69058">
    <name>TP4763</name>
  </trkpt>
  <trkpt lat="35.27649" lon="-112.69062">
    <name>TP4764</name>
  </trkpt>
  <trkpt lat="35.27679" lon="-112.6911">
    <name>TP4765</name>
  </trkpt>
  <trkpt lat="35.2768" lon="-112.69113">
    <name>TP4766</name>
  </trkpt>
  <trkpt lat="35.27696" lon="-112.69149">
    <name>TP4767</name>
  </trkpt>
  <trkpt lat="35.27709" lon="-112.69177">
    <name>TP4768</name>
  </trkpt>
  <trkpt lat="35.27713" lon="-112.69188">
    <name>TP4769</name>
  </trkpt>
  <trkpt lat="35.2773" lon="-112.69233">
    <name>TP4770</name>
  </trkpt>
  <trkpt lat="35.27734" lon="-112.69248">
    <name>TP4771</name>
  </trkpt>
  <trkpt lat="35.2774" lon="-112.69269">
    <name>TP4772</name>
  </trkpt>
  <trkpt lat="35.27752" lon="-112.69311">
    <name>TP4773</name>
  </trkpt>
  <trkpt lat="35.27755" lon="-112.69319">
    <name>TP4774</name>
  </trkpt>
  <trkpt lat="35.27765" lon="-112.69375">
    <name>TP4775</name>
  </trkpt>
  <trkpt lat="35.27768" lon="-112.69393">
    <name>TP4776</name>
  </trkpt>
  <trkpt lat="35.27768" lon="-112.69397">
    <name>TP4777</name>
  </trkpt>
  <trkpt lat="35.27771" lon="-112.69418">
    <name>TP4778</name>
  </trkpt>
  <trkpt lat="35.2778" lon="-112.69483">
    <name>TP4779</name>
  </trkpt>
  <trkpt lat="35.27783" lon="-112.69505">
    <name>TP4780</name>
  </trkpt>
  <trkpt lat="35.27784" lon="-112.69511">
    <name>TP4781</name>
  </trkpt>
  <trkpt lat="35.27794" lon="-112.6956">
    <name>TP4782</name>
  </trkpt>
  <trkpt lat="35.27804" lon="-112.69597">
    <name>TP4783</name>
  </trkpt>
  <trkpt lat="35.27817" lon="-112.69628">
    <name>TP4784</name>
  </trkpt>
  <trkpt lat="35.27818" lon="-112.6963">
    <name>TP4785</name>
  </trkpt>
  <trkpt lat="35.27826" lon="-112.69648">
    <name>TP4786</name>
  </trkpt>
  <trkpt lat="35.2782562" lon="-112.6964776">
    <name>TP4787</name>
  </trkpt>
  <trkpt lat="35.2782562" lon="-112.6964776">
    <name>TP4788</name>
  </trkpt>
  <trkpt lat="35.2782562" lon="-112.6964776">
    <name>TP4789</name>
  </trkpt>
  </trkseg>
</trk>
</gpx>