<?xml version="1.0" encoding="UTF-8" standalone="no" ?>
<gpx xmlns="http://www.topografix.com/GPX/1/1" xmlns:gpxx="http://www.garmin.com/xmlschemas/GpxExtensions/v3" xmlns:gpxtpx="http://www.garmin.com/xmlschemas/TrackPointExtension/v1" creator="mapstogpx.com" version="1.1" xmlns:xsi="http://www.w3.org/2001/XMLSchema-instance" xsi:schemaLocation="http://www.topografix.com/GPX/1/1 http://www.topografix.com/GPX/1/1/gpx.xsd http://www.garmin.com/xmlschemas/GpxExtensions/v3 http://www.garmin.com/xmlschemas/GpxExtensionsv3.xsd http://www.garmin.com/xmlschemas/TrackPointExtension/v1 http://www.garmin.com/xmlschemas/TrackPointExtensionv1.xsd">
  <metadata>
    <link href="http://www.mapstogpx.com">
      <text>Sverrir Sigmundarson</text>
    </link>
    <!--desc>Map data ©2025</desc-->
    <!--copyright author="Google Inc">
    	<year>2025</year>
    	<license>https://developers.google.com/maps/terms</license>
    </copyright-->
    <!--url>https://www.google.com/maps/dir/El+Plumerillo+International+Airport+-+Mendoze+MDZ,+Acceso+A+Aeropuerto+Internacional+Gabrielli+F.+J.,+Las+Heras,+Mendoza/Hostel+Alamo+Mendoza,+Necochea,+Mendoza,+Mendoza+Province/-33.036975,-68.9409726/Bodega+Renacer,+Brandsen,+Luj%C3%A1n+de+Cuyo,+Mendoza+Province/-33.0370137,-68.9409526/-32.8760747,-68.8264839/@-32.9204432,-68.8912826,39159m/data=!3m1!1e3!4m33!4m32!1m5!1m1!1s0x967e0f58dbc24485:0x7b937e57ec3d9d36!2m2!1d-68.798438!2d-32.8277363!1m5!1m1!1s0x967e09031f361c3d:0xae7cb8643227a2c4!2m2!1d-68.8480539!2d-32.885777!1m0!1m15!1m1!1s0x967e7582ef27abfb:0x84fc340b89e3e784!2m2!1d-68.9052344!2d-33.0665912!3m4!1m2!1d-68.883571!2d-33.0629771!3s0x967e759f93f5b74f:0xa4638ef8885beec6!3m4!1m2!1d-68.8868884!2d-33.0387562!3s0x967e7541bff3d1a1:0x17bc5b1123d78ee8!1m0!1m0!3e0!5m1!1e1?entry=tts&g_ep=EgoyMDI1MDEwMS4wKgBIAVAD&hl=en</url-->
    <time>2025-01-07T11:32:08Z</time>
  </metadata>
  <wpt lat="-32.8277363" lon="-68.798438">
    <name>El Plumerillo International Airport - Mendoze MDZ</name>
    <desc>El Plumerillo International Airport - Mendoze MDZ, Acceso A Aeropuerto Internacional Gabrielli F. J., Las Heras, Mendoza, Argentina</desc>
  </wpt>
  <wpt lat="-32.885777" lon="-68.8480539">
    <name>Hostel Alamo Mendoza</name>
    <desc>Hostel Alamo Mendoza, Necochea 740, M5500 Mendoza, Argentina</desc>
  </wpt>
  <wpt lat="-33.036975" lon="-68.9409726">
    <name>Mendoza Province</name>
    <desc>Luján de Cuyo Department, Mendoza Province, Argentina</desc>
  </wpt>
  <wpt lat="-33.0665912" lon="-68.9052344">
    <name>Bodega Renacer</name>
    <desc>Bodega Renacer, Brandsen 1863, M5509 Luján de Cuyo, Mendoza, Argentina</desc>
  </wpt>
  <wpt lat="-33.0370137" lon="-68.9409526">
    <name>Mendoza Province</name>
    <desc>Luján de Cuyo Department, Mendoza Province, Argentina</desc>
  </wpt>
  <wpt lat="-32.8760747" lon="-68.8264839">
    <name>M5502 Mendoza</name>
    <desc>Paraguay 2361-2399, M5502 Mendoza, Argentina</desc>
  </wpt>
<trk>
  <name>El Plumerillo International Airport - Mendoze MDZ to M5502 Mendoza</name>
  <number>1</number>
  <trkseg>
  <trkpt lat="-32.827752" lon="-68.7988396">
    <name>TP001</name>
  </trkpt>
  <trkpt lat="-32.82726" lon="-68.79885">
    <name>TP002</name>
  </trkpt>
  <trkpt lat="-32.82724" lon="-68.79885">
    <name>TP003</name>
  </trkpt>
  <trkpt lat="-32.82721" lon="-68.79886">
    <name>TP004</name>
  </trkpt>
  <trkpt lat="-32.82718" lon="-68.79887">
    <name>TP005</name>
  </trkpt>
  <trkpt lat="-32.82715" lon="-68.79888">
    <name>TP006</name>
  </trkpt>
  <trkpt lat="-32.82712" lon="-68.7989">
    <name>TP007</name>
  </trkpt>
  <trkpt lat="-32.8271" lon="-68.79893">
    <name>TP008</name>
  </trkpt>
  <trkpt lat="-32.82707" lon="-68.79896">
    <name>TP009</name>
  </trkpt>
  <trkpt lat="-32.82705" lon="-68.79898">
    <name>TP010</name>
  </trkpt>
  <trkpt lat="-32.82704" lon="-68.79901">
    <name>TP011</name>
  </trkpt>
  <trkpt lat="-32.82703" lon="-68.79902">
    <name>TP012</name>
  </trkpt>
  <trkpt lat="-32.82702" lon="-68.79904">
    <name>TP013</name>
  </trkpt>
  <trkpt lat="-32.82702" lon="-68.79906">
    <name>TP014</name>
  </trkpt>
  <trkpt lat="-32.82701" lon="-68.79907">
    <name>TP015</name>
  </trkpt>
  <trkpt lat="-32.82701" lon="-68.7991">
    <name>TP016</name>
  </trkpt>
  <trkpt lat="-32.827" lon="-68.79916">
    <name>TP017</name>
  </trkpt>
  <trkpt lat="-32.827" lon="-68.79926">
    <name>TP018</name>
  </trkpt>
  <trkpt lat="-32.827" lon="-68.79933">
    <name>TP019</name>
  </trkpt>
  <trkpt lat="-32.827" lon="-68.79946">
    <name>TP020</name>
  </trkpt>
  <trkpt lat="-32.82699" lon="-68.80007">
    <name>TP021</name>
  </trkpt>
  <trkpt lat="-32.82699" lon="-68.8001">
    <name>TP022</name>
  </trkpt>
  <trkpt lat="-32.82699" lon="-68.80013">
    <name>TP023</name>
  </trkpt>
  <trkpt lat="-32.82699" lon="-68.80015">
    <name>TP024</name>
  </trkpt>
  <trkpt lat="-32.82699" lon="-68.80016">
    <name>TP025</name>
  </trkpt>
  <trkpt lat="-32.827" lon="-68.80017">
    <name>TP026</name>
  </trkpt>
  <trkpt lat="-32.827" lon="-68.80018">
    <name>TP027</name>
  </trkpt>
  <trkpt lat="-32.82701" lon="-68.80019">
    <name>TP028</name>
  </trkpt>
  <trkpt lat="-32.82702" lon="-68.8002">
    <name>TP029</name>
  </trkpt>
  <trkpt lat="-32.82704" lon="-68.80021">
    <name>TP030</name>
  </trkpt>
  <trkpt lat="-32.82705" lon="-68.80021">
    <name>TP031</name>
  </trkpt>
  <trkpt lat="-32.82707" lon="-68.80022">
    <name>TP032</name>
  </trkpt>
  <trkpt lat="-32.82711" lon="-68.80022">
    <name>TP033</name>
  </trkpt>
  <trkpt lat="-32.82749" lon="-68.80022">
    <name>TP034</name>
  </trkpt>
  <trkpt lat="-32.8274914" lon="-68.8002243">
    <name>TP035</name>
  </trkpt>
  <trkpt lat="-32.82757" lon="-68.80026">
    <name>TP036</name>
  </trkpt>
  <trkpt lat="-32.8276" lon="-68.80027">
    <name>TP037</name>
  </trkpt>
  <trkpt lat="-32.82763" lon="-68.80029">
    <name>TP038</name>
  </trkpt>
  <trkpt lat="-32.82767" lon="-68.80032">
    <name>TP039</name>
  </trkpt>
  <trkpt lat="-32.82769" lon="-68.80034">
    <name>TP040</name>
  </trkpt>
  <trkpt lat="-32.82771" lon="-68.80037">
    <name>TP041</name>
  </trkpt>
  <trkpt lat="-32.82772" lon="-68.8004">
    <name>TP042</name>
  </trkpt>
  <trkpt lat="-32.82773" lon="-68.80042">
    <name>TP043</name>
  </trkpt>
  <trkpt lat="-32.82774" lon="-68.80044">
    <name>TP044</name>
  </trkpt>
  <trkpt lat="-32.82775" lon="-68.80048">
    <name>TP045</name>
  </trkpt>
  <trkpt lat="-32.82776" lon="-68.80053">
    <name>TP046</name>
  </trkpt>
  <trkpt lat="-32.82776" lon="-68.80062">
    <name>TP047</name>
  </trkpt>
  <trkpt lat="-32.82776" lon="-68.80097">
    <name>TP048</name>
  </trkpt>
  <trkpt lat="-32.82775" lon="-68.80136">
    <name>TP049</name>
  </trkpt>
  <trkpt lat="-32.82772" lon="-68.80216">
    <name>TP050</name>
  </trkpt>
  <trkpt lat="-32.82771" lon="-68.80243">
    <name>TP051</name>
  </trkpt>
  <trkpt lat="-32.82771" lon="-68.80264">
    <name>TP052</name>
  </trkpt>
  <trkpt lat="-32.82768" lon="-68.80393">
    <name>TP053</name>
  </trkpt>
  <trkpt lat="-32.82768" lon="-68.80414">
    <name>TP054</name>
  </trkpt>
  <trkpt lat="-32.82767" lon="-68.80459">
    <name>TP055</name>
  </trkpt>
  <trkpt lat="-32.8276651" lon="-68.8045916">
    <name>TP056</name>
  </trkpt>
  <trkpt lat="-32.82765" lon="-68.80473">
    <name>TP057</name>
  </trkpt>
  <trkpt lat="-32.82773" lon="-68.80476">
    <name>TP058</name>
  </trkpt>
  <trkpt lat="-32.82795" lon="-68.80486">
    <name>TP059</name>
  </trkpt>
  <trkpt lat="-32.82826" lon="-68.805">
    <name>TP060</name>
  </trkpt>
  <trkpt lat="-32.82844" lon="-68.8051">
    <name>TP061</name>
  </trkpt>
  <trkpt lat="-32.82859" lon="-68.80518">
    <name>TP062</name>
  </trkpt>
  <trkpt lat="-32.82877" lon="-68.80529">
    <name>TP063</name>
  </trkpt>
  <trkpt lat="-32.82906" lon="-68.80545">
    <name>TP064</name>
  </trkpt>
  <trkpt lat="-32.82941" lon="-68.80565">
    <name>TP065</name>
  </trkpt>
  <trkpt lat="-32.82977" lon="-68.80584">
    <name>TP066</name>
  </trkpt>
  <trkpt lat="-32.83022" lon="-68.8061">
    <name>TP067</name>
  </trkpt>
  <trkpt lat="-32.83056" lon="-68.80627">
    <name>TP068</name>
  </trkpt>
  <trkpt lat="-32.8307" lon="-68.80635">
    <name>TP069</name>
  </trkpt>
  <trkpt lat="-32.8308" lon="-68.8064">
    <name>TP070</name>
  </trkpt>
  <trkpt lat="-32.83114" lon="-68.80655">
    <name>TP071</name>
  </trkpt>
  <trkpt lat="-32.83145" lon="-68.80666">
    <name>TP072</name>
  </trkpt>
  <trkpt lat="-32.83187" lon="-68.80678">
    <name>TP073</name>
  </trkpt>
  <trkpt lat="-32.83198" lon="-68.80681">
    <name>TP074</name>
  </trkpt>
  <trkpt lat="-32.83202" lon="-68.80682">
    <name>TP075</name>
  </trkpt>
  <trkpt lat="-32.83212" lon="-68.80684">
    <name>TP076</name>
  </trkpt>
  <trkpt lat="-32.83229" lon="-68.80686">
    <name>TP077</name>
  </trkpt>
  <trkpt lat="-32.83257" lon="-68.8069">
    <name>TP078</name>
  </trkpt>
  <trkpt lat="-32.83278" lon="-68.80692">
    <name>TP079</name>
  </trkpt>
  <trkpt lat="-32.83298" lon="-68.80693">
    <name>TP080</name>
  </trkpt>
  <trkpt lat="-32.83315" lon="-68.80693">
    <name>TP081</name>
  </trkpt>
  <trkpt lat="-32.83353" lon="-68.80692">
    <name>TP082</name>
  </trkpt>
  <trkpt lat="-32.83389" lon="-68.80689">
    <name>TP083</name>
  </trkpt>
  <trkpt lat="-32.83395" lon="-68.80689">
    <name>TP084</name>
  </trkpt>
  <trkpt lat="-32.83403" lon="-68.80688">
    <name>TP085</name>
  </trkpt>
  <trkpt lat="-32.83416" lon="-68.80685">
    <name>TP086</name>
  </trkpt>
  <trkpt lat="-32.83439" lon="-68.80677">
    <name>TP087</name>
  </trkpt>
  <trkpt lat="-32.83472" lon="-68.80665">
    <name>TP088</name>
  </trkpt>
  <trkpt lat="-32.83476" lon="-68.80663">
    <name>TP089</name>
  </trkpt>
  <trkpt lat="-32.83522" lon="-68.80645">
    <name>TP090</name>
  </trkpt>
  <trkpt lat="-32.83547" lon="-68.80633">
    <name>TP091</name>
  </trkpt>
  <trkpt lat="-32.83571" lon="-68.80621">
    <name>TP092</name>
  </trkpt>
  <trkpt lat="-32.83612" lon="-68.80598">
    <name>TP093</name>
  </trkpt>
  <trkpt lat="-32.83656" lon="-68.80565">
    <name>TP094</name>
  </trkpt>
  <trkpt lat="-32.83674" lon="-68.80554">
    <name>TP095</name>
  </trkpt>
  <trkpt lat="-32.837" lon="-68.80535">
    <name>TP096</name>
  </trkpt>
  <trkpt lat="-32.83728" lon="-68.80514">
    <name>TP097</name>
  </trkpt>
  <trkpt lat="-32.83734" lon="-68.80509">
    <name>TP098</name>
  </trkpt>
  <trkpt lat="-32.83757" lon="-68.80494">
    <name>TP099</name>
  </trkpt>
  <trkpt lat="-32.83779" lon="-68.8048">
    <name>TP100</name>
  </trkpt>
  <trkpt lat="-32.83786" lon="-68.80476">
    <name>TP101</name>
  </trkpt>
  <trkpt lat="-32.83815" lon="-68.80459">
    <name>TP102</name>
  </trkpt>
  <trkpt lat="-32.83872" lon="-68.80429">
    <name>TP103</name>
  </trkpt>
  <trkpt lat="-32.83904" lon="-68.80414">
    <name>TP104</name>
  </trkpt>
  <trkpt lat="-32.8397" lon="-68.80382">
    <name>TP105</name>
  </trkpt>
  <trkpt lat="-32.83991" lon="-68.80372">
    <name>TP106</name>
  </trkpt>
  <trkpt lat="-32.84" lon="-68.80368">
    <name>TP107</name>
  </trkpt>
  <trkpt lat="-32.84009" lon="-68.80365">
    <name>TP108</name>
  </trkpt>
  <trkpt lat="-32.84084" lon="-68.80338">
    <name>TP109</name>
  </trkpt>
  <trkpt lat="-32.8415" lon="-68.80317">
    <name>TP110</name>
  </trkpt>
  <trkpt lat="-32.84232" lon="-68.80297">
    <name>TP111</name>
  </trkpt>
  <trkpt lat="-32.84269" lon="-68.80284">
    <name>TP112</name>
  </trkpt>
  <trkpt lat="-32.84307" lon="-68.80266">
    <name>TP113</name>
  </trkpt>
  <trkpt lat="-32.84326" lon="-68.80258">
    <name>TP114</name>
  </trkpt>
  <trkpt lat="-32.84351" lon="-68.8025">
    <name>TP115</name>
  </trkpt>
  <trkpt lat="-32.84359" lon="-68.80248">
    <name>TP116</name>
  </trkpt>
  <trkpt lat="-32.84364" lon="-68.80247">
    <name>TP117</name>
  </trkpt>
  <trkpt lat="-32.84386" lon="-68.80241">
    <name>TP118</name>
  </trkpt>
  <trkpt lat="-32.84415" lon="-68.80237">
    <name>TP119</name>
  </trkpt>
  <trkpt lat="-32.84434" lon="-68.80235">
    <name>TP120</name>
  </trkpt>
  <trkpt lat="-32.84459" lon="-68.80234">
    <name>TP121</name>
  </trkpt>
  <trkpt lat="-32.84464" lon="-68.80234">
    <name>TP122</name>
  </trkpt>
  <trkpt lat="-32.84491" lon="-68.80235">
    <name>TP123</name>
  </trkpt>
  <trkpt lat="-32.84544" lon="-68.80237">
    <name>TP124</name>
  </trkpt>
  <trkpt lat="-32.84553" lon="-68.80238">
    <name>TP125</name>
  </trkpt>
  <trkpt lat="-32.84577" lon="-68.80241">
    <name>TP126</name>
  </trkpt>
  <trkpt lat="-32.84582" lon="-68.80241">
    <name>TP127</name>
  </trkpt>
  <trkpt lat="-32.84627" lon="-68.80251">
    <name>TP128</name>
  </trkpt>
  <trkpt lat="-32.84658" lon="-68.80257">
    <name>TP129</name>
  </trkpt>
  <trkpt lat="-32.84681" lon="-68.80263">
    <name>TP130</name>
  </trkpt>
  <trkpt lat="-32.84717" lon="-68.80274">
    <name>TP131</name>
  </trkpt>
  <trkpt lat="-32.84726" lon="-68.80277">
    <name>TP132</name>
  </trkpt>
  <trkpt lat="-32.84746" lon="-68.80285">
    <name>TP133</name>
  </trkpt>
  <trkpt lat="-32.8476" lon="-68.80293">
    <name>TP134</name>
  </trkpt>
  <trkpt lat="-32.8477" lon="-68.80298">
    <name>TP135</name>
  </trkpt>
  <trkpt lat="-32.84782" lon="-68.80304">
    <name>TP136</name>
  </trkpt>
  <trkpt lat="-32.84794" lon="-68.80312">
    <name>TP137</name>
  </trkpt>
  <trkpt lat="-32.84845" lon="-68.80346">
    <name>TP138</name>
  </trkpt>
  <trkpt lat="-32.84885" lon="-68.80374">
    <name>TP139</name>
  </trkpt>
  <trkpt lat="-32.84899" lon="-68.80386">
    <name>TP140</name>
  </trkpt>
  <trkpt lat="-32.84921" lon="-68.80402">
    <name>TP141</name>
  </trkpt>
  <trkpt lat="-32.8495" lon="-68.80424">
    <name>TP142</name>
  </trkpt>
  <trkpt lat="-32.84979" lon="-68.80446">
    <name>TP143</name>
  </trkpt>
  <trkpt lat="-32.84991" lon="-68.80455">
    <name>TP144</name>
  </trkpt>
  <trkpt lat="-32.8501" lon="-68.80469">
    <name>TP145</name>
  </trkpt>
  <trkpt lat="-32.8502" lon="-68.80476">
    <name>TP146</name>
  </trkpt>
  <trkpt lat="-32.85073" lon="-68.80505">
    <name>TP147</name>
  </trkpt>
  <trkpt lat="-32.8508" lon="-68.80509">
    <name>TP148</name>
  </trkpt>
  <trkpt lat="-32.85098" lon="-68.80517">
    <name>TP149</name>
  </trkpt>
  <trkpt lat="-32.8511" lon="-68.80522">
    <name>TP150</name>
  </trkpt>
  <trkpt lat="-32.85167" lon="-68.80541">
    <name>TP151</name>
  </trkpt>
  <trkpt lat="-32.85307" lon="-68.80587">
    <name>TP152</name>
  </trkpt>
  <trkpt lat="-32.85465" lon="-68.80648">
    <name>TP153</name>
  </trkpt>
  <trkpt lat="-32.85541" lon="-68.80677">
    <name>TP154</name>
  </trkpt>
  <trkpt lat="-32.8557" lon="-68.80689">
    <name>TP155</name>
  </trkpt>
  <trkpt lat="-32.8566" lon="-68.80717">
    <name>TP156</name>
  </trkpt>
  <trkpt lat="-32.85885" lon="-68.80796">
    <name>TP157</name>
  </trkpt>
  <trkpt lat="-32.85898" lon="-68.808">
    <name>TP158</name>
  </trkpt>
  <trkpt lat="-32.85915" lon="-68.80806">
    <name>TP159</name>
  </trkpt>
  <trkpt lat="-32.85932" lon="-68.80812">
    <name>TP160</name>
  </trkpt>
  <trkpt lat="-32.85966" lon="-68.80825">
    <name>TP161</name>
  </trkpt>
  <trkpt lat="-32.85998" lon="-68.80836">
    <name>TP162</name>
  </trkpt>
  <trkpt lat="-32.86097" lon="-68.80877">
    <name>TP163</name>
  </trkpt>
  <trkpt lat="-32.8612" lon="-68.80887">
    <name>TP164</name>
  </trkpt>
  <trkpt lat="-32.86163" lon="-68.80906">
    <name>TP165</name>
  </trkpt>
  <trkpt lat="-32.86195" lon="-68.80925">
    <name>TP166</name>
  </trkpt>
  <trkpt lat="-32.8627" lon="-68.80965">
    <name>TP167</name>
  </trkpt>
  <trkpt lat="-32.86298" lon="-68.80982">
    <name>TP168</name>
  </trkpt>
  <trkpt lat="-32.86358" lon="-68.81025">
    <name>TP169</name>
  </trkpt>
  <trkpt lat="-32.86412" lon="-68.81063">
    <name>TP170</name>
  </trkpt>
  <trkpt lat="-32.86439" lon="-68.81083">
    <name>TP171</name>
  </trkpt>
  <trkpt lat="-32.86483" lon="-68.81113">
    <name>TP172</name>
  </trkpt>
  <trkpt lat="-32.86563" lon="-68.8117">
    <name>TP173</name>
  </trkpt>
  <trkpt lat="-32.86607" lon="-68.81203">
    <name>TP174</name>
  </trkpt>
  <trkpt lat="-32.86645" lon="-68.81233">
    <name>TP175</name>
  </trkpt>
  <trkpt lat="-32.86713" lon="-68.81283">
    <name>TP176</name>
  </trkpt>
  <trkpt lat="-32.86721" lon="-68.81289">
    <name>TP177</name>
  </trkpt>
  <trkpt lat="-32.86734" lon="-68.81299">
    <name>TP178</name>
  </trkpt>
  <trkpt lat="-32.86742" lon="-68.81304">
    <name>TP179</name>
  </trkpt>
  <trkpt lat="-32.86765" lon="-68.81322">
    <name>TP180</name>
  </trkpt>
  <trkpt lat="-32.86802" lon="-68.81347">
    <name>TP181</name>
  </trkpt>
  <trkpt lat="-32.86834" lon="-68.81368">
    <name>TP182</name>
  </trkpt>
  <trkpt lat="-32.86843" lon="-68.81374">
    <name>TP183</name>
  </trkpt>
  <trkpt lat="-32.86868" lon="-68.81391">
    <name>TP184</name>
  </trkpt>
  <trkpt lat="-32.869" lon="-68.81413">
    <name>TP185</name>
  </trkpt>
  <trkpt lat="-32.86902" lon="-68.81414">
    <name>TP186</name>
  </trkpt>
  <trkpt lat="-32.86933" lon="-68.81438">
    <name>TP187</name>
  </trkpt>
  <trkpt lat="-32.86953" lon="-68.81455">
    <name>TP188</name>
  </trkpt>
  <trkpt lat="-32.86971" lon="-68.8147">
    <name>TP189</name>
  </trkpt>
  <trkpt lat="-32.86979" lon="-68.81477">
    <name>TP190</name>
  </trkpt>
  <trkpt lat="-32.86995" lon="-68.81492">
    <name>TP191</name>
  </trkpt>
  <trkpt lat="-32.87005" lon="-68.81503">
    <name>TP192</name>
  </trkpt>
  <trkpt lat="-32.87033" lon="-68.81528">
    <name>TP193</name>
  </trkpt>
  <trkpt lat="-32.87044" lon="-68.81541">
    <name>TP194</name>
  </trkpt>
  <trkpt lat="-32.87086" lon="-68.81591">
    <name>TP195</name>
  </trkpt>
  <trkpt lat="-32.87087" lon="-68.81592">
    <name>TP196</name>
  </trkpt>
  <trkpt lat="-32.87112" lon="-68.81624">
    <name>TP197</name>
  </trkpt>
  <trkpt lat="-32.87129" lon="-68.81647">
    <name>TP198</name>
  </trkpt>
  <trkpt lat="-32.8714" lon="-68.81662">
    <name>TP199</name>
  </trkpt>
  <trkpt lat="-32.87145" lon="-68.81672">
    <name>TP200</name>
  </trkpt>
  <trkpt lat="-32.87149" lon="-68.81681">
    <name>TP201</name>
  </trkpt>
  <trkpt lat="-32.8715" lon="-68.81682">
    <name>TP202</name>
  </trkpt>
  <trkpt lat="-32.87157" lon="-68.81695">
    <name>TP203</name>
  </trkpt>
  <trkpt lat="-32.87161" lon="-68.81703">
    <name>TP204</name>
  </trkpt>
  <trkpt lat="-32.87164" lon="-68.81709">
    <name>TP205</name>
  </trkpt>
  <trkpt lat="-32.87166" lon="-68.81716">
    <name>TP206</name>
  </trkpt>
  <trkpt lat="-32.87169" lon="-68.81722">
    <name>TP207</name>
  </trkpt>
  <trkpt lat="-32.87171" lon="-68.8173">
    <name>TP208</name>
  </trkpt>
  <trkpt lat="-32.87172" lon="-68.81746">
    <name>TP209</name>
  </trkpt>
  <trkpt lat="-32.8717224" lon="-68.817464">
    <name>TP210</name>
  </trkpt>
  <trkpt lat="-32.87171" lon="-68.81751">
    <name>TP211</name>
  </trkpt>
  <trkpt lat="-32.87169" lon="-68.81755">
    <name>TP212</name>
  </trkpt>
  <trkpt lat="-32.87167" lon="-68.8176">
    <name>TP213</name>
  </trkpt>
  <trkpt lat="-32.87166" lon="-68.81765">
    <name>TP214</name>
  </trkpt>
  <trkpt lat="-32.87166" lon="-68.8177">
    <name>TP215</name>
  </trkpt>
  <trkpt lat="-32.87167" lon="-68.81775">
    <name>TP216</name>
  </trkpt>
  <trkpt lat="-32.87168" lon="-68.8178">
    <name>TP217</name>
  </trkpt>
  <trkpt lat="-32.87169" lon="-68.81785">
    <name>TP218</name>
  </trkpt>
  <trkpt lat="-32.87172" lon="-68.8179">
    <name>TP219</name>
  </trkpt>
  <trkpt lat="-32.87175" lon="-68.81794">
    <name>TP220</name>
  </trkpt>
  <trkpt lat="-32.87176" lon="-68.81796">
    <name>TP221</name>
  </trkpt>
  <trkpt lat="-32.8718" lon="-68.818">
    <name>TP222</name>
  </trkpt>
  <trkpt lat="-32.87184" lon="-68.81803">
    <name>TP223</name>
  </trkpt>
  <trkpt lat="-32.87188" lon="-68.81805">
    <name>TP224</name>
  </trkpt>
  <trkpt lat="-32.87194" lon="-68.81808">
    <name>TP225</name>
  </trkpt>
  <trkpt lat="-32.872" lon="-68.8181">
    <name>TP226</name>
  </trkpt>
  <trkpt lat="-32.87203" lon="-68.8181">
    <name>TP227</name>
  </trkpt>
  <trkpt lat="-32.87206" lon="-68.81809">
    <name>TP228</name>
  </trkpt>
  <trkpt lat="-32.87207" lon="-68.81809">
    <name>TP229</name>
  </trkpt>
  <trkpt lat="-32.87209" lon="-68.81808">
    <name>TP230</name>
  </trkpt>
  <trkpt lat="-32.87212" lon="-68.81807">
    <name>TP231</name>
  </trkpt>
  <trkpt lat="-32.87215" lon="-68.81806">
    <name>TP232</name>
  </trkpt>
  <trkpt lat="-32.87223" lon="-68.81803">
    <name>TP233</name>
  </trkpt>
  <trkpt lat="-32.87241" lon="-68.81818">
    <name>TP234</name>
  </trkpt>
  <trkpt lat="-32.87256" lon="-68.81829">
    <name>TP235</name>
  </trkpt>
  <trkpt lat="-32.87263" lon="-68.81837">
    <name>TP236</name>
  </trkpt>
  <trkpt lat="-32.87273" lon="-68.81849">
    <name>TP237</name>
  </trkpt>
  <trkpt lat="-32.87284" lon="-68.81864">
    <name>TP238</name>
  </trkpt>
  <trkpt lat="-32.87298" lon="-68.81902">
    <name>TP239</name>
  </trkpt>
  <trkpt lat="-32.87314" lon="-68.81931">
    <name>TP240</name>
  </trkpt>
  <trkpt lat="-32.87339" lon="-68.81981">
    <name>TP241</name>
  </trkpt>
  <trkpt lat="-32.87369" lon="-68.82042">
    <name>TP242</name>
  </trkpt>
  <trkpt lat="-32.87375" lon="-68.82055">
    <name>TP243</name>
  </trkpt>
  <trkpt lat="-32.87387" lon="-68.82079">
    <name>TP244</name>
  </trkpt>
  <trkpt lat="-32.87419" lon="-68.82149">
    <name>TP245</name>
  </trkpt>
  <trkpt lat="-32.8748" lon="-68.82284">
    <name>TP246</name>
  </trkpt>
  <trkpt lat="-32.87511" lon="-68.82353">
    <name>TP247</name>
  </trkpt>
  <trkpt lat="-32.8752" lon="-68.82372">
    <name>TP248</name>
  </trkpt>
  <trkpt lat="-32.87528" lon="-68.82391">
    <name>TP249</name>
  </trkpt>
  <trkpt lat="-32.87548" lon="-68.82431">
    <name>TP250</name>
  </trkpt>
  <trkpt lat="-32.87566" lon="-68.82474">
    <name>TP251</name>
  </trkpt>
  <trkpt lat="-32.87586" lon="-68.82518">
    <name>TP252</name>
  </trkpt>
  <trkpt lat="-32.87613" lon="-68.82579">
    <name>TP253</name>
  </trkpt>
  <trkpt lat="-32.87627" lon="-68.82606">
    <name>TP254</name>
  </trkpt>
  <trkpt lat="-32.87634" lon="-68.82619">
    <name>TP255</name>
  </trkpt>
  <trkpt lat="-32.87641" lon="-68.82629">
    <name>TP256</name>
  </trkpt>
  <trkpt lat="-32.87646" lon="-68.82636">
    <name>TP257</name>
  </trkpt>
  <trkpt lat="-32.8765" lon="-68.82641">
    <name>TP258</name>
  </trkpt>
  <trkpt lat="-32.87656" lon="-68.82646">
    <name>TP259</name>
  </trkpt>
  <trkpt lat="-32.87662" lon="-68.8265">
    <name>TP260</name>
  </trkpt>
  <trkpt lat="-32.87668" lon="-68.82654">
    <name>TP261</name>
  </trkpt>
  <trkpt lat="-32.87676" lon="-68.82657">
    <name>TP262</name>
  </trkpt>
  <trkpt lat="-32.87684" lon="-68.82661">
    <name>TP263</name>
  </trkpt>
  <trkpt lat="-32.877" lon="-68.82667">
    <name>TP264</name>
  </trkpt>
  <trkpt lat="-32.87707" lon="-68.82669">
    <name>TP265</name>
  </trkpt>
  <trkpt lat="-32.87801" lon="-68.82691">
    <name>TP266</name>
  </trkpt>
  <trkpt lat="-32.87823" lon="-68.82696">
    <name>TP267</name>
  </trkpt>
  <trkpt lat="-32.8788" lon="-68.8271">
    <name>TP268</name>
  </trkpt>
  <trkpt lat="-32.87922" lon="-68.8272">
    <name>TP269</name>
  </trkpt>
  <trkpt lat="-32.8792233" lon="-68.8272019">
    <name>TP270</name>
  </trkpt>
  <trkpt lat="-32.87921" lon="-68.82732">
    <name>TP271</name>
  </trkpt>
  <trkpt lat="-32.8792" lon="-68.82743">
    <name>TP272</name>
  </trkpt>
  <trkpt lat="-32.87918" lon="-68.82778">
    <name>TP273</name>
  </trkpt>
  <trkpt lat="-32.87917" lon="-68.82807">
    <name>TP274</name>
  </trkpt>
  <trkpt lat="-32.87916" lon="-68.82813">
    <name>TP275</name>
  </trkpt>
  <trkpt lat="-32.87913" lon="-68.82876">
    <name>TP276</name>
  </trkpt>
  <trkpt lat="-32.87912" lon="-68.82878">
    <name>TP277</name>
  </trkpt>
  <trkpt lat="-32.87909" lon="-68.82941">
    <name>TP278</name>
  </trkpt>
  <trkpt lat="-32.87908" lon="-68.82947">
    <name>TP279</name>
  </trkpt>
  <trkpt lat="-32.87898" lon="-68.83089">
    <name>TP280</name>
  </trkpt>
  <trkpt lat="-32.8789" lon="-68.8323">
    <name>TP281</name>
  </trkpt>
  <trkpt lat="-32.87889" lon="-68.83246">
    <name>TP282</name>
  </trkpt>
  <trkpt lat="-32.87887" lon="-68.83279">
    <name>TP283</name>
  </trkpt>
  <trkpt lat="-32.87883" lon="-68.83329">
    <name>TP284</name>
  </trkpt>
  <trkpt lat="-32.8788" lon="-68.83367">
    <name>TP285</name>
  </trkpt>
  <trkpt lat="-32.87871" lon="-68.83499">
    <name>TP286</name>
  </trkpt>
  <trkpt lat="-32.87865" lon="-68.83602">
    <name>TP287</name>
  </trkpt>
  <trkpt lat="-32.87864" lon="-68.83622">
    <name>TP288</name>
  </trkpt>
  <trkpt lat="-32.8786352" lon="-68.8362181">
    <name>TP289</name>
  </trkpt>
  <trkpt lat="-32.87852" lon="-68.83756">
    <name>TP290</name>
  </trkpt>
  <trkpt lat="-32.87845" lon="-68.83877">
    <name>TP291</name>
  </trkpt>
  <trkpt lat="-32.87845" lon="-68.83887">
    <name>TP292</name>
  </trkpt>
  <trkpt lat="-32.87848" lon="-68.83897">
    <name>TP293</name>
  </trkpt>
  <trkpt lat="-32.87856" lon="-68.83922">
    <name>TP294</name>
  </trkpt>
  <trkpt lat="-32.87881" lon="-68.8398">
    <name>TP295</name>
  </trkpt>
  <trkpt lat="-32.87885" lon="-68.83988">
    <name>TP296</name>
  </trkpt>
  <trkpt lat="-32.87896" lon="-68.84013">
    <name>TP297</name>
  </trkpt>
  <trkpt lat="-32.87901" lon="-68.84025">
    <name>TP298</name>
  </trkpt>
  <trkpt lat="-32.87902" lon="-68.84031">
    <name>TP299</name>
  </trkpt>
  <trkpt lat="-32.87903" lon="-68.84036">
    <name>TP300</name>
  </trkpt>
  <trkpt lat="-32.87894" lon="-68.84084">
    <name>TP301</name>
  </trkpt>
  <trkpt lat="-32.87887" lon="-68.84126">
    <name>TP302</name>
  </trkpt>
  <trkpt lat="-32.87881" lon="-68.84152">
    <name>TP303</name>
  </trkpt>
  <trkpt lat="-32.87878" lon="-68.84165">
    <name>TP304</name>
  </trkpt>
  <trkpt lat="-32.87867" lon="-68.84211">
    <name>TP305</name>
  </trkpt>
  <trkpt lat="-32.87855" lon="-68.8429">
    <name>TP306</name>
  </trkpt>
  <trkpt lat="-32.87835" lon="-68.84394">
    <name>TP307</name>
  </trkpt>
  <trkpt lat="-32.87831" lon="-68.84414">
    <name>TP308</name>
  </trkpt>
  <trkpt lat="-32.87831" lon="-68.84415">
    <name>TP309</name>
  </trkpt>
  <trkpt lat="-32.8783" lon="-68.84419">
    <name>TP310</name>
  </trkpt>
  <trkpt lat="-32.878302" lon="-68.8441909">
    <name>TP311</name>
  </trkpt>
  <trkpt lat="-32.87928" lon="-68.84443">
    <name>TP312</name>
  </trkpt>
  <trkpt lat="-32.87945" lon="-68.84448">
    <name>TP313</name>
  </trkpt>
  <trkpt lat="-32.88035" lon="-68.84472">
    <name>TP314</name>
  </trkpt>
  <trkpt lat="-32.88145" lon="-68.84502">
    <name>TP315</name>
  </trkpt>
  <trkpt lat="-32.88151" lon="-68.84503">
    <name>TP316</name>
  </trkpt>
  <trkpt lat="-32.88272" lon="-68.84537">
    <name>TP317</name>
  </trkpt>
  <trkpt lat="-32.88329" lon="-68.84552">
    <name>TP318</name>
  </trkpt>
  <trkpt lat="-32.88382" lon="-68.84566">
    <name>TP319</name>
  </trkpt>
  <trkpt lat="-32.88494" lon="-68.84595">
    <name>TP320</name>
  </trkpt>
  <trkpt lat="-32.88551" lon="-68.84611">
    <name>TP321</name>
  </trkpt>
  <trkpt lat="-32.88599" lon="-68.84624">
    <name>TP322</name>
  </trkpt>
  <trkpt lat="-32.8859928" lon="-68.846239">
    <name>TP323</name>
  </trkpt>
  <trkpt lat="-32.88577" lon="-68.8475">
    <name>TP324</name>
  </trkpt>
  <trkpt lat="-32.88568" lon="-68.84795">
    <name>TP325</name>
  </trkpt>
  <trkpt lat="-32.88567" lon="-68.84803">
    <name>TP326</name>
  </trkpt>
  <trkpt lat="-32.8856693" lon="-68.848026">
    <name>TP327</name>
  </trkpt>
  <trkpt lat="-32.8856693" lon="-68.848026">
    <name>TP328</name>
  </trkpt>
  <trkpt lat="-32.88565" lon="-68.84816">
    <name>TP329</name>
  </trkpt>
  <trkpt lat="-32.88553" lon="-68.84878">
    <name>TP330</name>
  </trkpt>
  <trkpt lat="-32.8855306" lon="-68.8487843">
    <name>TP331</name>
  </trkpt>
  <trkpt lat="-32.88552" lon="-68.84887">
    <name>TP332</name>
  </trkpt>
  <trkpt lat="-32.8855" lon="-68.84899">
    <name>TP333</name>
  </trkpt>
  <trkpt lat="-32.8852" lon="-68.85048">
    <name>TP334</name>
  </trkpt>
  <trkpt lat="-32.88504" lon="-68.85132">
    <name>TP335</name>
  </trkpt>
  <trkpt lat="-32.88504" lon="-68.85139">
    <name>TP336</name>
  </trkpt>
  <trkpt lat="-32.88511" lon="-68.8531">
    <name>TP337</name>
  </trkpt>
  <trkpt lat="-32.88517" lon="-68.85485">
    <name>TP338</name>
  </trkpt>
  <trkpt lat="-32.8851739" lon="-68.8548522">
    <name>TP339</name>
  </trkpt>
  <trkpt lat="-32.8855" lon="-68.85493">
    <name>TP340</name>
  </trkpt>
  <trkpt lat="-32.88659" lon="-68.85518">
    <name>TP341</name>
  </trkpt>
  <trkpt lat="-32.8865936" lon="-68.8551826">
    <name>TP342</name>
  </trkpt>
  <trkpt lat="-32.88631" lon="-68.85664">
    <name>TP343</name>
  </trkpt>
  <trkpt lat="-32.88628" lon="-68.8568">
    <name>TP344</name>
  </trkpt>
  <trkpt lat="-32.88606" lon="-68.85793">
    <name>TP345</name>
  </trkpt>
  <trkpt lat="-32.88588" lon="-68.85893">
    <name>TP346</name>
  </trkpt>
  <trkpt lat="-32.88564" lon="-68.86019">
    <name>TP347</name>
  </trkpt>
  <trkpt lat="-32.88554" lon="-68.86071">
    <name>TP348</name>
  </trkpt>
  <trkpt lat="-32.88549" lon="-68.86101">
    <name>TP349</name>
  </trkpt>
  <trkpt lat="-32.8854863" lon="-68.8610142">
    <name>TP350</name>
  </trkpt>
  <trkpt lat="-32.88639" lon="-68.86119">
    <name>TP351</name>
  </trkpt>
  <trkpt lat="-32.88662" lon="-68.86122">
    <name>TP352</name>
  </trkpt>
  <trkpt lat="-32.88677" lon="-68.86128">
    <name>TP353</name>
  </trkpt>
  <trkpt lat="-32.88774" lon="-68.86142">
    <name>TP354</name>
  </trkpt>
  <trkpt lat="-32.88877" lon="-68.86164">
    <name>TP355</name>
  </trkpt>
  <trkpt lat="-32.88885" lon="-68.86166">
    <name>TP356</name>
  </trkpt>
  <trkpt lat="-32.88988" lon="-68.86188">
    <name>TP357</name>
  </trkpt>
  <trkpt lat="-32.89001" lon="-68.86191">
    <name>TP358</name>
  </trkpt>
  <trkpt lat="-32.891" lon="-68.86212">
    <name>TP359</name>
  </trkpt>
  <trkpt lat="-32.89148" lon="-68.86222">
    <name>TP360</name>
  </trkpt>
  <trkpt lat="-32.8921" lon="-68.86234">
    <name>TP361</name>
  </trkpt>
  <trkpt lat="-32.89221" lon="-68.86237">
    <name>TP362</name>
  </trkpt>
  <trkpt lat="-32.8926" lon="-68.86245">
    <name>TP363</name>
  </trkpt>
  <trkpt lat="-32.89265" lon="-68.86246">
    <name>TP364</name>
  </trkpt>
  <trkpt lat="-32.89316" lon="-68.86256">
    <name>TP365</name>
  </trkpt>
  <trkpt lat="-32.89416" lon="-68.86275">
    <name>TP366</name>
  </trkpt>
  <trkpt lat="-32.89425" lon="-68.86277">
    <name>TP367</name>
  </trkpt>
  <trkpt lat="-32.89557" lon="-68.86301">
    <name>TP368</name>
  </trkpt>
  <trkpt lat="-32.89685" lon="-68.86328">
    <name>TP369</name>
  </trkpt>
  <trkpt lat="-32.89804" lon="-68.86351">
    <name>TP370</name>
  </trkpt>
  <trkpt lat="-32.89868" lon="-68.86362">
    <name>TP371</name>
  </trkpt>
  <trkpt lat="-32.8993" lon="-68.86373">
    <name>TP372</name>
  </trkpt>
  <trkpt lat="-32.89957" lon="-68.86379">
    <name>TP373</name>
  </trkpt>
  <trkpt lat="-32.8998" lon="-68.86384">
    <name>TP374</name>
  </trkpt>
  <trkpt lat="-32.89994" lon="-68.86388">
    <name>TP375</name>
  </trkpt>
  <trkpt lat="-32.90008" lon="-68.86392">
    <name>TP376</name>
  </trkpt>
  <trkpt lat="-32.90037" lon="-68.86404">
    <name>TP377</name>
  </trkpt>
  <trkpt lat="-32.90118" lon="-68.86471">
    <name>TP378</name>
  </trkpt>
  <trkpt lat="-32.9011801" lon="-68.8647115">
    <name>TP379</name>
  </trkpt>
  <trkpt lat="-32.90127" lon="-68.86481">
    <name>TP380</name>
  </trkpt>
  <trkpt lat="-32.9013" lon="-68.86486">
    <name>TP381</name>
  </trkpt>
  <trkpt lat="-32.90133" lon="-68.86492">
    <name>TP382</name>
  </trkpt>
  <trkpt lat="-32.90135" lon="-68.86499">
    <name>TP383</name>
  </trkpt>
  <trkpt lat="-32.90137" lon="-68.86514">
    <name>TP384</name>
  </trkpt>
  <trkpt lat="-32.90127" lon="-68.86554">
    <name>TP385</name>
  </trkpt>
  <trkpt lat="-32.9012711" lon="-68.8655403">
    <name>TP386</name>
  </trkpt>
  <trkpt lat="-32.90126" lon="-68.86572">
    <name>TP387</name>
  </trkpt>
  <trkpt lat="-32.90128" lon="-68.86583">
    <name>TP388</name>
  </trkpt>
  <trkpt lat="-32.90128" lon="-68.86586">
    <name>TP389</name>
  </trkpt>
  <trkpt lat="-32.90131" lon="-68.86598">
    <name>TP390</name>
  </trkpt>
  <trkpt lat="-32.90136" lon="-68.86607">
    <name>TP391</name>
  </trkpt>
  <trkpt lat="-32.90158" lon="-68.86627">
    <name>TP392</name>
  </trkpt>
  <trkpt lat="-32.90174" lon="-68.86642">
    <name>TP393</name>
  </trkpt>
  <trkpt lat="-32.9021" lon="-68.86669">
    <name>TP394</name>
  </trkpt>
  <trkpt lat="-32.9020973" lon="-68.8666899">
    <name>TP395</name>
  </trkpt>
  <trkpt lat="-32.90262" lon="-68.86715">
    <name>TP396</name>
  </trkpt>
  <trkpt lat="-32.9028" lon="-68.86726">
    <name>TP397</name>
  </trkpt>
  <trkpt lat="-32.90293" lon="-68.86732">
    <name>TP398</name>
  </trkpt>
  <trkpt lat="-32.90297" lon="-68.86732">
    <name>TP399</name>
  </trkpt>
  <trkpt lat="-32.90387" lon="-68.86729">
    <name>TP400</name>
  </trkpt>
  <trkpt lat="-32.90441" lon="-68.86719">
    <name>TP401</name>
  </trkpt>
  <trkpt lat="-32.90454" lon="-68.86715">
    <name>TP402</name>
  </trkpt>
  <trkpt lat="-32.90457" lon="-68.86713">
    <name>TP403</name>
  </trkpt>
  <trkpt lat="-32.90471" lon="-68.86709">
    <name>TP404</name>
  </trkpt>
  <trkpt lat="-32.90488" lon="-68.86703">
    <name>TP405</name>
  </trkpt>
  <trkpt lat="-32.90563" lon="-68.86676">
    <name>TP406</name>
  </trkpt>
  <trkpt lat="-32.90689" lon="-68.86632">
    <name>TP407</name>
  </trkpt>
  <trkpt lat="-32.90752" lon="-68.86608">
    <name>TP408</name>
  </trkpt>
  <trkpt lat="-32.90796" lon="-68.86592">
    <name>TP409</name>
  </trkpt>
  <trkpt lat="-32.90808" lon="-68.86586">
    <name>TP410</name>
  </trkpt>
  <trkpt lat="-32.90839" lon="-68.86566">
    <name>TP411</name>
  </trkpt>
  <trkpt lat="-32.90865" lon="-68.86548">
    <name>TP412</name>
  </trkpt>
  <trkpt lat="-32.9086453" lon="-68.865481">
    <name>TP413</name>
  </trkpt>
  <trkpt lat="-32.90901" lon="-68.86494">
    <name>TP414</name>
  </trkpt>
  <trkpt lat="-32.90906" lon="-68.86486">
    <name>TP415</name>
  </trkpt>
  <trkpt lat="-32.90915" lon="-68.86474">
    <name>TP416</name>
  </trkpt>
  <trkpt lat="-32.90922" lon="-68.86467">
    <name>TP417</name>
  </trkpt>
  <trkpt lat="-32.90934" lon="-68.86458">
    <name>TP418</name>
  </trkpt>
  <trkpt lat="-32.90939" lon="-68.86455">
    <name>TP419</name>
  </trkpt>
  <trkpt lat="-32.90951" lon="-68.8645">
    <name>TP420</name>
  </trkpt>
  <trkpt lat="-32.90965" lon="-68.86445">
    <name>TP421</name>
  </trkpt>
  <trkpt lat="-32.90987" lon="-68.86442">
    <name>TP422</name>
  </trkpt>
  <trkpt lat="-32.90993" lon="-68.86442">
    <name>TP423</name>
  </trkpt>
  <trkpt lat="-32.91091" lon="-68.86435">
    <name>TP424</name>
  </trkpt>
  <trkpt lat="-32.91114" lon="-68.86434">
    <name>TP425</name>
  </trkpt>
  <trkpt lat="-32.91132" lon="-68.86433">
    <name>TP426</name>
  </trkpt>
  <trkpt lat="-32.91172" lon="-68.8643">
    <name>TP427</name>
  </trkpt>
  <trkpt lat="-32.91186" lon="-68.86429">
    <name>TP428</name>
  </trkpt>
  <trkpt lat="-32.91305" lon="-68.86422">
    <name>TP429</name>
  </trkpt>
  <trkpt lat="-32.91393" lon="-68.86417">
    <name>TP430</name>
  </trkpt>
  <trkpt lat="-32.91419" lon="-68.86415">
    <name>TP431</name>
  </trkpt>
  <trkpt lat="-32.91473" lon="-68.86411">
    <name>TP432</name>
  </trkpt>
  <trkpt lat="-32.91623" lon="-68.86401">
    <name>TP433</name>
  </trkpt>
  <trkpt lat="-32.91664" lon="-68.86399">
    <name>TP434</name>
  </trkpt>
  <trkpt lat="-32.91773" lon="-68.8639">
    <name>TP435</name>
  </trkpt>
  <trkpt lat="-32.9203" lon="-68.86372">
    <name>TP436</name>
  </trkpt>
  <trkpt lat="-32.92101" lon="-68.86366">
    <name>TP437</name>
  </trkpt>
  <trkpt lat="-32.92171" lon="-68.86362">
    <name>TP438</name>
  </trkpt>
  <trkpt lat="-32.92213" lon="-68.8636">
    <name>TP439</name>
  </trkpt>
  <trkpt lat="-32.92226" lon="-68.8636">
    <name>TP440</name>
  </trkpt>
  <trkpt lat="-32.92237" lon="-68.8636">
    <name>TP441</name>
  </trkpt>
  <trkpt lat="-32.92248" lon="-68.86361">
    <name>TP442</name>
  </trkpt>
  <trkpt lat="-32.9226" lon="-68.86363">
    <name>TP443</name>
  </trkpt>
  <trkpt lat="-32.92275" lon="-68.86368">
    <name>TP444</name>
  </trkpt>
  <trkpt lat="-32.92287" lon="-68.86373">
    <name>TP445</name>
  </trkpt>
  <trkpt lat="-32.92302" lon="-68.86379">
    <name>TP446</name>
  </trkpt>
  <trkpt lat="-32.92307" lon="-68.86382">
    <name>TP447</name>
  </trkpt>
  <trkpt lat="-32.92315" lon="-68.86386">
    <name>TP448</name>
  </trkpt>
  <trkpt lat="-32.9232" lon="-68.86391">
    <name>TP449</name>
  </trkpt>
  <trkpt lat="-32.92326" lon="-68.86397">
    <name>TP450</name>
  </trkpt>
  <trkpt lat="-32.92331" lon="-68.86402">
    <name>TP451</name>
  </trkpt>
  <trkpt lat="-32.92334" lon="-68.86408">
    <name>TP452</name>
  </trkpt>
  <trkpt lat="-32.92341" lon="-68.86417">
    <name>TP453</name>
  </trkpt>
  <trkpt lat="-32.9234055" lon="-68.8641728">
    <name>TP454</name>
  </trkpt>
  <trkpt lat="-32.92342" lon="-68.86422">
    <name>TP455</name>
  </trkpt>
  <trkpt lat="-32.92344" lon="-68.86426">
    <name>TP456</name>
  </trkpt>
  <trkpt lat="-32.92346" lon="-68.8643">
    <name>TP457</name>
  </trkpt>
  <trkpt lat="-32.92348" lon="-68.86434">
    <name>TP458</name>
  </trkpt>
  <trkpt lat="-32.92351" lon="-68.86438">
    <name>TP459</name>
  </trkpt>
  <trkpt lat="-32.92354" lon="-68.86441">
    <name>TP460</name>
  </trkpt>
  <trkpt lat="-32.92357" lon="-68.86444">
    <name>TP461</name>
  </trkpt>
  <trkpt lat="-32.92361" lon="-68.86447">
    <name>TP462</name>
  </trkpt>
  <trkpt lat="-32.92365" lon="-68.86449">
    <name>TP463</name>
  </trkpt>
  <trkpt lat="-32.92366" lon="-68.8645">
    <name>TP464</name>
  </trkpt>
  <trkpt lat="-32.92368" lon="-68.86451">
    <name>TP465</name>
  </trkpt>
  <trkpt lat="-32.92369" lon="-68.86452">
    <name>TP466</name>
  </trkpt>
  <trkpt lat="-32.92371" lon="-68.86452">
    <name>TP467</name>
  </trkpt>
  <trkpt lat="-32.92372" lon="-68.86453">
    <name>TP468</name>
  </trkpt>
  <trkpt lat="-32.92374" lon="-68.86453">
    <name>TP469</name>
  </trkpt>
  <trkpt lat="-32.92375" lon="-68.86454">
    <name>TP470</name>
  </trkpt>
  <trkpt lat="-32.92377" lon="-68.86454">
    <name>TP471</name>
  </trkpt>
  <trkpt lat="-32.92381" lon="-68.86456">
    <name>TP472</name>
  </trkpt>
  <trkpt lat="-32.92386" lon="-68.86458">
    <name>TP473</name>
  </trkpt>
  <trkpt lat="-32.9239" lon="-68.86459">
    <name>TP474</name>
  </trkpt>
  <trkpt lat="-32.92395" lon="-68.86459">
    <name>TP475</name>
  </trkpt>
  <trkpt lat="-32.92399" lon="-68.86459">
    <name>TP476</name>
  </trkpt>
  <trkpt lat="-32.92403" lon="-68.86459">
    <name>TP477</name>
  </trkpt>
  <trkpt lat="-32.92404" lon="-68.86459">
    <name>TP478</name>
  </trkpt>
  <trkpt lat="-32.92408" lon="-68.86458">
    <name>TP479</name>
  </trkpt>
  <trkpt lat="-32.92412" lon="-68.86456">
    <name>TP480</name>
  </trkpt>
  <trkpt lat="-32.92418" lon="-68.86455">
    <name>TP481</name>
  </trkpt>
  <trkpt lat="-32.92422" lon="-68.86453">
    <name>TP482</name>
  </trkpt>
  <trkpt lat="-32.92427" lon="-68.8645">
    <name>TP483</name>
  </trkpt>
  <trkpt lat="-32.92432" lon="-68.86447">
    <name>TP484</name>
  </trkpt>
  <trkpt lat="-32.92436" lon="-68.86443">
    <name>TP485</name>
  </trkpt>
  <trkpt lat="-32.9244" lon="-68.86439">
    <name>TP486</name>
  </trkpt>
  <trkpt lat="-32.92443" lon="-68.86434">
    <name>TP487</name>
  </trkpt>
  <trkpt lat="-32.92446" lon="-68.8643">
    <name>TP488</name>
  </trkpt>
  <trkpt lat="-32.9245" lon="-68.86418">
    <name>TP489</name>
  </trkpt>
  <trkpt lat="-32.92458" lon="-68.86408">
    <name>TP490</name>
  </trkpt>
  <trkpt lat="-32.92461" lon="-68.86403">
    <name>TP491</name>
  </trkpt>
  <trkpt lat="-32.92464" lon="-68.86399">
    <name>TP492</name>
  </trkpt>
  <trkpt lat="-32.92465" lon="-68.86399">
    <name>TP493</name>
  </trkpt>
  <trkpt lat="-32.92468" lon="-68.86396">
    <name>TP494</name>
  </trkpt>
  <trkpt lat="-32.92475" lon="-68.8639">
    <name>TP495</name>
  </trkpt>
  <trkpt lat="-32.92485" lon="-68.86385">
    <name>TP496</name>
  </trkpt>
  <trkpt lat="-32.92492" lon="-68.86382">
    <name>TP497</name>
  </trkpt>
  <trkpt lat="-32.92503" lon="-68.86379">
    <name>TP498</name>
  </trkpt>
  <trkpt lat="-32.92515" lon="-68.86376">
    <name>TP499</name>
  </trkpt>
  <trkpt lat="-32.92524" lon="-68.86375">
    <name>TP500</name>
  </trkpt>
  <trkpt lat="-32.92537" lon="-68.86373">
    <name>TP501</name>
  </trkpt>
  <trkpt lat="-32.92545" lon="-68.86372">
    <name>TP502</name>
  </trkpt>
  <trkpt lat="-32.92555" lon="-68.86372">
    <name>TP503</name>
  </trkpt>
  <trkpt lat="-32.92583" lon="-68.86372">
    <name>TP504</name>
  </trkpt>
  <trkpt lat="-32.92624" lon="-68.86374">
    <name>TP505</name>
  </trkpt>
  <trkpt lat="-32.92649" lon="-68.86376">
    <name>TP506</name>
  </trkpt>
  <trkpt lat="-32.92664" lon="-68.86377">
    <name>TP507</name>
  </trkpt>
  <trkpt lat="-32.9267" lon="-68.86378">
    <name>TP508</name>
  </trkpt>
  <trkpt lat="-32.92681" lon="-68.86379">
    <name>TP509</name>
  </trkpt>
  <trkpt lat="-32.92682" lon="-68.86379">
    <name>TP510</name>
  </trkpt>
  <trkpt lat="-32.92694" lon="-68.86381">
    <name>TP511</name>
  </trkpt>
  <trkpt lat="-32.92711" lon="-68.86384">
    <name>TP512</name>
  </trkpt>
  <trkpt lat="-32.92726" lon="-68.86387">
    <name>TP513</name>
  </trkpt>
  <trkpt lat="-32.92749" lon="-68.86393">
    <name>TP514</name>
  </trkpt>
  <trkpt lat="-32.92841" lon="-68.86411">
    <name>TP515</name>
  </trkpt>
  <trkpt lat="-32.92877" lon="-68.86417">
    <name>TP516</name>
  </trkpt>
  <trkpt lat="-32.92885" lon="-68.86418">
    <name>TP517</name>
  </trkpt>
  <trkpt lat="-32.92892" lon="-68.86419">
    <name>TP518</name>
  </trkpt>
  <trkpt lat="-32.92992" lon="-68.86426">
    <name>TP519</name>
  </trkpt>
  <trkpt lat="-32.93026" lon="-68.86421">
    <name>TP520</name>
  </trkpt>
  <trkpt lat="-32.93097" lon="-68.86403">
    <name>TP521</name>
  </trkpt>
  <trkpt lat="-32.93199" lon="-68.86374">
    <name>TP522</name>
  </trkpt>
  <trkpt lat="-32.93203" lon="-68.86372">
    <name>TP523</name>
  </trkpt>
  <trkpt lat="-32.93209" lon="-68.8637">
    <name>TP524</name>
  </trkpt>
  <trkpt lat="-32.93224" lon="-68.86365">
    <name>TP525</name>
  </trkpt>
  <trkpt lat="-32.93248" lon="-68.86358">
    <name>TP526</name>
  </trkpt>
  <trkpt lat="-32.93275" lon="-68.86351">
    <name>TP527</name>
  </trkpt>
  <trkpt lat="-32.933" lon="-68.86349">
    <name>TP528</name>
  </trkpt>
  <trkpt lat="-32.93341" lon="-68.86349">
    <name>TP529</name>
  </trkpt>
  <trkpt lat="-32.93374" lon="-68.86349">
    <name>TP530</name>
  </trkpt>
  <trkpt lat="-32.93447" lon="-68.86353">
    <name>TP531</name>
  </trkpt>
  <trkpt lat="-32.93461" lon="-68.86353">
    <name>TP532</name>
  </trkpt>
  <trkpt lat="-32.93547" lon="-68.86355">
    <name>TP533</name>
  </trkpt>
  <trkpt lat="-32.93578" lon="-68.86356">
    <name>TP534</name>
  </trkpt>
  <trkpt lat="-32.93686" lon="-68.86356">
    <name>TP535</name>
  </trkpt>
  <trkpt lat="-32.9376" lon="-68.86353">
    <name>TP536</name>
  </trkpt>
  <trkpt lat="-32.9382" lon="-68.86347">
    <name>TP537</name>
  </trkpt>
  <trkpt lat="-32.9383" lon="-68.86345">
    <name>TP538</name>
  </trkpt>
  <trkpt lat="-32.93841" lon="-68.86344">
    <name>TP539</name>
  </trkpt>
  <trkpt lat="-32.93913" lon="-68.86338">
    <name>TP540</name>
  </trkpt>
  <trkpt lat="-32.93924" lon="-68.86338">
    <name>TP541</name>
  </trkpt>
  <trkpt lat="-32.93932" lon="-68.86337">
    <name>TP542</name>
  </trkpt>
  <trkpt lat="-32.93956" lon="-68.86338">
    <name>TP543</name>
  </trkpt>
  <trkpt lat="-32.93976" lon="-68.86341">
    <name>TP544</name>
  </trkpt>
  <trkpt lat="-32.93996" lon="-68.86347">
    <name>TP545</name>
  </trkpt>
  <trkpt lat="-32.94008" lon="-68.86351">
    <name>TP546</name>
  </trkpt>
  <trkpt lat="-32.94015" lon="-68.86355">
    <name>TP547</name>
  </trkpt>
  <trkpt lat="-32.94034" lon="-68.86364">
    <name>TP548</name>
  </trkpt>
  <trkpt lat="-32.9404" lon="-68.86368">
    <name>TP549</name>
  </trkpt>
  <trkpt lat="-32.94048" lon="-68.86373">
    <name>TP550</name>
  </trkpt>
  <trkpt lat="-32.94064" lon="-68.86385">
    <name>TP551</name>
  </trkpt>
  <trkpt lat="-32.94069" lon="-68.86389">
    <name>TP552</name>
  </trkpt>
  <trkpt lat="-32.94076" lon="-68.86395">
    <name>TP553</name>
  </trkpt>
  <trkpt lat="-32.94084" lon="-68.86402">
    <name>TP554</name>
  </trkpt>
  <trkpt lat="-32.94119" lon="-68.86439">
    <name>TP555</name>
  </trkpt>
  <trkpt lat="-32.94143" lon="-68.86464">
    <name>TP556</name>
  </trkpt>
  <trkpt lat="-32.94155" lon="-68.86477">
    <name>TP557</name>
  </trkpt>
  <trkpt lat="-32.94173" lon="-68.86494">
    <name>TP558</name>
  </trkpt>
  <trkpt lat="-32.94186" lon="-68.86505">
    <name>TP559</name>
  </trkpt>
  <trkpt lat="-32.94197" lon="-68.86514">
    <name>TP560</name>
  </trkpt>
  <trkpt lat="-32.94216" lon="-68.86527">
    <name>TP561</name>
  </trkpt>
  <trkpt lat="-32.94231" lon="-68.86535">
    <name>TP562</name>
  </trkpt>
  <trkpt lat="-32.94248" lon="-68.86543">
    <name>TP563</name>
  </trkpt>
  <trkpt lat="-32.94258" lon="-68.86547">
    <name>TP564</name>
  </trkpt>
  <trkpt lat="-32.94275" lon="-68.86552">
    <name>TP565</name>
  </trkpt>
  <trkpt lat="-32.9429" lon="-68.86557">
    <name>TP566</name>
  </trkpt>
  <trkpt lat="-32.94314" lon="-68.86563">
    <name>TP567</name>
  </trkpt>
  <trkpt lat="-32.94421" lon="-68.86588">
    <name>TP568</name>
  </trkpt>
  <trkpt lat="-32.94425" lon="-68.8659">
    <name>TP569</name>
  </trkpt>
  <trkpt lat="-32.94593" lon="-68.86629">
    <name>TP570</name>
  </trkpt>
  <trkpt lat="-32.94604" lon="-68.86632">
    <name>TP571</name>
  </trkpt>
  <trkpt lat="-32.94615" lon="-68.86634">
    <name>TP572</name>
  </trkpt>
  <trkpt lat="-32.947" lon="-68.86653">
    <name>TP573</name>
  </trkpt>
  <trkpt lat="-32.94704" lon="-68.86654">
    <name>TP574</name>
  </trkpt>
  <trkpt lat="-32.94721" lon="-68.86658">
    <name>TP575</name>
  </trkpt>
  <trkpt lat="-32.94781" lon="-68.86672">
    <name>TP576</name>
  </trkpt>
  <trkpt lat="-32.94819" lon="-68.86681">
    <name>TP577</name>
  </trkpt>
  <trkpt lat="-32.94844" lon="-68.86689">
    <name>TP578</name>
  </trkpt>
  <trkpt lat="-32.94863" lon="-68.86696">
    <name>TP579</name>
  </trkpt>
  <trkpt lat="-32.94888" lon="-68.86707">
    <name>TP580</name>
  </trkpt>
  <trkpt lat="-32.94907" lon="-68.86715">
    <name>TP581</name>
  </trkpt>
  <trkpt lat="-32.94923" lon="-68.86724">
    <name>TP582</name>
  </trkpt>
  <trkpt lat="-32.94928" lon="-68.86727">
    <name>TP583</name>
  </trkpt>
  <trkpt lat="-32.94967" lon="-68.86752">
    <name>TP584</name>
  </trkpt>
  <trkpt lat="-32.95017" lon="-68.86784">
    <name>TP585</name>
  </trkpt>
  <trkpt lat="-32.9503" lon="-68.86792">
    <name>TP586</name>
  </trkpt>
  <trkpt lat="-32.95076" lon="-68.86823">
    <name>TP587</name>
  </trkpt>
  <trkpt lat="-32.95147" lon="-68.86867">
    <name>TP588</name>
  </trkpt>
  <trkpt lat="-32.95284" lon="-68.86954">
    <name>TP589</name>
  </trkpt>
  <trkpt lat="-32.95379" lon="-68.87016">
    <name>TP590</name>
  </trkpt>
  <trkpt lat="-32.9544" lon="-68.87054">
    <name>TP591</name>
  </trkpt>
  <trkpt lat="-32.95463" lon="-68.8707">
    <name>TP592</name>
  </trkpt>
  <trkpt lat="-32.95684" lon="-68.87215">
    <name>TP593</name>
  </trkpt>
  <trkpt lat="-32.95688" lon="-68.87217">
    <name>TP594</name>
  </trkpt>
  <trkpt lat="-32.95696" lon="-68.87223">
    <name>TP595</name>
  </trkpt>
  <trkpt lat="-32.95703" lon="-68.87229">
    <name>TP596</name>
  </trkpt>
  <trkpt lat="-32.95708" lon="-68.87234">
    <name>TP597</name>
  </trkpt>
  <trkpt lat="-32.95715" lon="-68.87241">
    <name>TP598</name>
  </trkpt>
  <trkpt lat="-32.9572" lon="-68.87247">
    <name>TP599</name>
  </trkpt>
  <trkpt lat="-32.95724" lon="-68.87254">
    <name>TP600</name>
  </trkpt>
  <trkpt lat="-32.95732" lon="-68.87268">
    <name>TP601</name>
  </trkpt>
  <trkpt lat="-32.95743" lon="-68.87286">
    <name>TP602</name>
  </trkpt>
  <trkpt lat="-32.9574297" lon="-68.8728562">
    <name>TP603</name>
  </trkpt>
  <trkpt lat="-32.95745" lon="-68.87296">
    <name>TP604</name>
  </trkpt>
  <trkpt lat="-32.95748" lon="-68.87306">
    <name>TP605</name>
  </trkpt>
  <trkpt lat="-32.95749" lon="-68.87306">
    <name>TP606</name>
  </trkpt>
  <trkpt lat="-32.95754" lon="-68.87316">
    <name>TP607</name>
  </trkpt>
  <trkpt lat="-32.9576" lon="-68.87323">
    <name>TP608</name>
  </trkpt>
  <trkpt lat="-32.95768" lon="-68.8733">
    <name>TP609</name>
  </trkpt>
  <trkpt lat="-32.95776" lon="-68.87334">
    <name>TP610</name>
  </trkpt>
  <trkpt lat="-32.95779" lon="-68.87335">
    <name>TP611</name>
  </trkpt>
  <trkpt lat="-32.95785" lon="-68.87337">
    <name>TP612</name>
  </trkpt>
  <trkpt lat="-32.95794" lon="-68.87337">
    <name>TP613</name>
  </trkpt>
  <trkpt lat="-32.9581" lon="-68.87341">
    <name>TP614</name>
  </trkpt>
  <trkpt lat="-32.95822" lon="-68.87345">
    <name>TP615</name>
  </trkpt>
  <trkpt lat="-32.95835" lon="-68.8735">
    <name>TP616</name>
  </trkpt>
  <trkpt lat="-32.95845" lon="-68.87355">
    <name>TP617</name>
  </trkpt>
  <trkpt lat="-32.95852" lon="-68.87359">
    <name>TP618</name>
  </trkpt>
  <trkpt lat="-32.95861" lon="-68.87365">
    <name>TP619</name>
  </trkpt>
  <trkpt lat="-32.9587" lon="-68.87372">
    <name>TP620</name>
  </trkpt>
  <trkpt lat="-32.95881" lon="-68.87382">
    <name>TP621</name>
  </trkpt>
  <trkpt lat="-32.96076" lon="-68.87594">
    <name>TP622</name>
  </trkpt>
  <trkpt lat="-32.9623" lon="-68.87758">
    <name>TP623</name>
  </trkpt>
  <trkpt lat="-32.96341" lon="-68.87877">
    <name>TP624</name>
  </trkpt>
  <trkpt lat="-32.96415" lon="-68.87957">
    <name>TP625</name>
  </trkpt>
  <trkpt lat="-32.96435" lon="-68.87978">
    <name>TP626</name>
  </trkpt>
  <trkpt lat="-32.96449" lon="-68.87993">
    <name>TP627</name>
  </trkpt>
  <trkpt lat="-32.96463" lon="-68.88008">
    <name>TP628</name>
  </trkpt>
  <trkpt lat="-32.96494" lon="-68.88042">
    <name>TP629</name>
  </trkpt>
  <trkpt lat="-32.96547" lon="-68.88097">
    <name>TP630</name>
  </trkpt>
  <trkpt lat="-32.96559" lon="-68.88108">
    <name>TP631</name>
  </trkpt>
  <trkpt lat="-32.96575" lon="-68.88123">
    <name>TP632</name>
  </trkpt>
  <trkpt lat="-32.96588" lon="-68.88132">
    <name>TP633</name>
  </trkpt>
  <trkpt lat="-32.96606" lon="-68.88144">
    <name>TP634</name>
  </trkpt>
  <trkpt lat="-32.96621" lon="-68.88152">
    <name>TP635</name>
  </trkpt>
  <trkpt lat="-32.96634" lon="-68.88158">
    <name>TP636</name>
  </trkpt>
  <trkpt lat="-32.96645" lon="-68.88162">
    <name>TP637</name>
  </trkpt>
  <trkpt lat="-32.96655" lon="-68.88165">
    <name>TP638</name>
  </trkpt>
  <trkpt lat="-32.96667" lon="-68.88169">
    <name>TP639</name>
  </trkpt>
  <trkpt lat="-32.96677" lon="-68.88172">
    <name>TP640</name>
  </trkpt>
  <trkpt lat="-32.96687" lon="-68.88174">
    <name>TP641</name>
  </trkpt>
  <trkpt lat="-32.96703" lon="-68.88176">
    <name>TP642</name>
  </trkpt>
  <trkpt lat="-32.96714" lon="-68.88177">
    <name>TP643</name>
  </trkpt>
  <trkpt lat="-32.9673" lon="-68.88178">
    <name>TP644</name>
  </trkpt>
  <trkpt lat="-32.96755" lon="-68.88179">
    <name>TP645</name>
  </trkpt>
  <trkpt lat="-32.96779" lon="-68.88178">
    <name>TP646</name>
  </trkpt>
  <trkpt lat="-32.96796" lon="-68.88173">
    <name>TP647</name>
  </trkpt>
  <trkpt lat="-32.9679558" lon="-68.8817292">
    <name>TP648</name>
  </trkpt>
  <trkpt lat="-32.96811" lon="-68.88166">
    <name>TP649</name>
  </trkpt>
  <trkpt lat="-32.96836" lon="-68.88156">
    <name>TP650</name>
  </trkpt>
  <trkpt lat="-32.9692" lon="-68.88122">
    <name>TP651</name>
  </trkpt>
  <trkpt lat="-32.9692031" lon="-68.8812212">
    <name>TP652</name>
  </trkpt>
  <trkpt lat="-32.96938" lon="-68.88117">
    <name>TP653</name>
  </trkpt>
  <trkpt lat="-32.96939" lon="-68.88117">
    <name>TP654</name>
  </trkpt>
  <trkpt lat="-32.96953" lon="-68.88114">
    <name>TP655</name>
  </trkpt>
  <trkpt lat="-32.96973" lon="-68.8811">
    <name>TP656</name>
  </trkpt>
  <trkpt lat="-32.96979" lon="-68.88109">
    <name>TP657</name>
  </trkpt>
  <trkpt lat="-32.96997" lon="-68.88108">
    <name>TP658</name>
  </trkpt>
  <trkpt lat="-32.97009" lon="-68.88108">
    <name>TP659</name>
  </trkpt>
  <trkpt lat="-32.97012" lon="-68.88108">
    <name>TP660</name>
  </trkpt>
  <trkpt lat="-32.97027" lon="-68.88109">
    <name>TP661</name>
  </trkpt>
  <trkpt lat="-32.9703" lon="-68.88109">
    <name>TP662</name>
  </trkpt>
  <trkpt lat="-32.97048" lon="-68.88113">
    <name>TP663</name>
  </trkpt>
  <trkpt lat="-32.97062" lon="-68.88117">
    <name>TP664</name>
  </trkpt>
  <trkpt lat="-32.97068" lon="-68.88118">
    <name>TP665</name>
  </trkpt>
  <trkpt lat="-32.97091" lon="-68.88125">
    <name>TP666</name>
  </trkpt>
  <trkpt lat="-32.97095" lon="-68.88127">
    <name>TP667</name>
  </trkpt>
  <trkpt lat="-32.97097" lon="-68.88128">
    <name>TP668</name>
  </trkpt>
  <trkpt lat="-32.97113" lon="-68.88135">
    <name>TP669</name>
  </trkpt>
  <trkpt lat="-32.97179" lon="-68.88168">
    <name>TP670</name>
  </trkpt>
  <trkpt lat="-32.9718" lon="-68.88168">
    <name>TP671</name>
  </trkpt>
  <trkpt lat="-32.97277" lon="-68.88213">
    <name>TP672</name>
  </trkpt>
  <trkpt lat="-32.97289" lon="-68.88219">
    <name>TP673</name>
  </trkpt>
  <trkpt lat="-32.97323" lon="-68.88233">
    <name>TP674</name>
  </trkpt>
  <trkpt lat="-32.97344" lon="-68.88242">
    <name>TP675</name>
  </trkpt>
  <trkpt lat="-32.97434" lon="-68.88288">
    <name>TP676</name>
  </trkpt>
  <trkpt lat="-32.97494" lon="-68.88317">
    <name>TP677</name>
  </trkpt>
  <trkpt lat="-32.97653" lon="-68.88404">
    <name>TP678</name>
  </trkpt>
  <trkpt lat="-32.97668" lon="-68.88411">
    <name>TP679</name>
  </trkpt>
  <trkpt lat="-32.97673" lon="-68.88413">
    <name>TP680</name>
  </trkpt>
  <trkpt lat="-32.9771" lon="-68.88432">
    <name>TP681</name>
  </trkpt>
  <trkpt lat="-32.97741" lon="-68.88448">
    <name>TP682</name>
  </trkpt>
  <trkpt lat="-32.97751" lon="-68.88453">
    <name>TP683</name>
  </trkpt>
  <trkpt lat="-32.97756" lon="-68.88455">
    <name>TP684</name>
  </trkpt>
  <trkpt lat="-32.97786" lon="-68.88471">
    <name>TP685</name>
  </trkpt>
  <trkpt lat="-32.97805" lon="-68.88482">
    <name>TP686</name>
  </trkpt>
  <trkpt lat="-32.97816" lon="-68.8849">
    <name>TP687</name>
  </trkpt>
  <trkpt lat="-32.97822" lon="-68.88494">
    <name>TP688</name>
  </trkpt>
  <trkpt lat="-32.97836" lon="-68.88504">
    <name>TP689</name>
  </trkpt>
  <trkpt lat="-32.97852" lon="-68.88518">
    <name>TP690</name>
  </trkpt>
  <trkpt lat="-32.97879" lon="-68.88546">
    <name>TP691</name>
  </trkpt>
  <trkpt lat="-32.97887" lon="-68.88555">
    <name>TP692</name>
  </trkpt>
  <trkpt lat="-32.97894" lon="-68.88563">
    <name>TP693</name>
  </trkpt>
  <trkpt lat="-32.97905" lon="-68.88574">
    <name>TP694</name>
  </trkpt>
  <trkpt lat="-32.97914" lon="-68.88584">
    <name>TP695</name>
  </trkpt>
  <trkpt lat="-32.97937" lon="-68.88609">
    <name>TP696</name>
  </trkpt>
  <trkpt lat="-32.97944" lon="-68.88615">
    <name>TP697</name>
  </trkpt>
  <trkpt lat="-32.97954" lon="-68.88623">
    <name>TP698</name>
  </trkpt>
  <trkpt lat="-32.97955" lon="-68.88625">
    <name>TP699</name>
  </trkpt>
  <trkpt lat="-32.97961" lon="-68.88629">
    <name>TP700</name>
  </trkpt>
  <trkpt lat="-32.97963" lon="-68.8863">
    <name>TP701</name>
  </trkpt>
  <trkpt lat="-32.97983" lon="-68.88641">
    <name>TP702</name>
  </trkpt>
  <trkpt lat="-32.97994" lon="-68.88646">
    <name>TP703</name>
  </trkpt>
  <trkpt lat="-32.9801" lon="-68.88655">
    <name>TP704</name>
  </trkpt>
  <trkpt lat="-32.98026" lon="-68.88665">
    <name>TP705</name>
  </trkpt>
  <trkpt lat="-32.98042" lon="-68.88674">
    <name>TP706</name>
  </trkpt>
  <trkpt lat="-32.98058" lon="-68.88684">
    <name>TP707</name>
  </trkpt>
  <trkpt lat="-32.98074" lon="-68.88694">
    <name>TP708</name>
  </trkpt>
  <trkpt lat="-32.98125" lon="-68.88723">
    <name>TP709</name>
  </trkpt>
  <trkpt lat="-32.98155" lon="-68.88741">
    <name>TP710</name>
  </trkpt>
  <trkpt lat="-32.98183" lon="-68.88757">
    <name>TP711</name>
  </trkpt>
  <trkpt lat="-32.98189" lon="-68.88761">
    <name>TP712</name>
  </trkpt>
  <trkpt lat="-32.98197" lon="-68.88763">
    <name>TP713</name>
  </trkpt>
  <trkpt lat="-32.98204" lon="-68.88764">
    <name>TP714</name>
  </trkpt>
  <trkpt lat="-32.98209" lon="-68.88764">
    <name>TP715</name>
  </trkpt>
  <trkpt lat="-32.98219" lon="-68.88763">
    <name>TP716</name>
  </trkpt>
  <trkpt lat="-32.98232" lon="-68.88761">
    <name>TP717</name>
  </trkpt>
  <trkpt lat="-32.98237" lon="-68.88761">
    <name>TP718</name>
  </trkpt>
  <trkpt lat="-32.98247" lon="-68.88761">
    <name>TP719</name>
  </trkpt>
  <trkpt lat="-32.98251" lon="-68.88762">
    <name>TP720</name>
  </trkpt>
  <trkpt lat="-32.98256" lon="-68.88764">
    <name>TP721</name>
  </trkpt>
  <trkpt lat="-32.98261" lon="-68.88769">
    <name>TP722</name>
  </trkpt>
  <trkpt lat="-32.98273" lon="-68.88784">
    <name>TP723</name>
  </trkpt>
  <trkpt lat="-32.9828" lon="-68.88795">
    <name>TP724</name>
  </trkpt>
  <trkpt lat="-32.98288" lon="-68.88808">
    <name>TP725</name>
  </trkpt>
  <trkpt lat="-32.9831" lon="-68.88847">
    <name>TP726</name>
  </trkpt>
  <trkpt lat="-32.98313" lon="-68.88853">
    <name>TP727</name>
  </trkpt>
  <trkpt lat="-32.98314" lon="-68.88854">
    <name>TP728</name>
  </trkpt>
  <trkpt lat="-32.98323" lon="-68.88872">
    <name>TP729</name>
  </trkpt>
  <trkpt lat="-32.98329" lon="-68.88884">
    <name>TP730</name>
  </trkpt>
  <trkpt lat="-32.9833" lon="-68.88886">
    <name>TP731</name>
  </trkpt>
  <trkpt lat="-32.98332" lon="-68.88893">
    <name>TP732</name>
  </trkpt>
  <trkpt lat="-32.98334" lon="-68.88895">
    <name>TP733</name>
  </trkpt>
  <trkpt lat="-32.98335" lon="-68.88897">
    <name>TP734</name>
  </trkpt>
  <trkpt lat="-32.98368" lon="-68.88958">
    <name>TP735</name>
  </trkpt>
  <trkpt lat="-32.9837" lon="-68.88963">
    <name>TP736</name>
  </trkpt>
  <trkpt lat="-32.98375" lon="-68.88972">
    <name>TP737</name>
  </trkpt>
  <trkpt lat="-32.98379" lon="-68.8898">
    <name>TP738</name>
  </trkpt>
  <trkpt lat="-32.984" lon="-68.89023">
    <name>TP739</name>
  </trkpt>
  <trkpt lat="-32.98419" lon="-68.8906">
    <name>TP740</name>
  </trkpt>
  <trkpt lat="-32.98427" lon="-68.89078">
    <name>TP741</name>
  </trkpt>
  <trkpt lat="-32.98439" lon="-68.89105">
    <name>TP742</name>
  </trkpt>
  <trkpt lat="-32.98445" lon="-68.89122">
    <name>TP743</name>
  </trkpt>
  <trkpt lat="-32.98448" lon="-68.8913">
    <name>TP744</name>
  </trkpt>
  <trkpt lat="-32.98452" lon="-68.89139">
    <name>TP745</name>
  </trkpt>
  <trkpt lat="-32.98456" lon="-68.8915">
    <name>TP746</name>
  </trkpt>
  <trkpt lat="-32.98466" lon="-68.89177">
    <name>TP747</name>
  </trkpt>
  <trkpt lat="-32.98475" lon="-68.89194">
    <name>TP748</name>
  </trkpt>
  <trkpt lat="-32.9848" lon="-68.89201">
    <name>TP749</name>
  </trkpt>
  <trkpt lat="-32.98485" lon="-68.89209">
    <name>TP750</name>
  </trkpt>
  <trkpt lat="-32.98488" lon="-68.89214">
    <name>TP751</name>
  </trkpt>
  <trkpt lat="-32.98492" lon="-68.89219">
    <name>TP752</name>
  </trkpt>
  <trkpt lat="-32.98501" lon="-68.89233">
    <name>TP753</name>
  </trkpt>
  <trkpt lat="-32.98508" lon="-68.89242">
    <name>TP754</name>
  </trkpt>
  <trkpt lat="-32.98519" lon="-68.89255">
    <name>TP755</name>
  </trkpt>
  <trkpt lat="-32.98537" lon="-68.89274">
    <name>TP756</name>
  </trkpt>
  <trkpt lat="-32.98557" lon="-68.89294">
    <name>TP757</name>
  </trkpt>
  <trkpt lat="-32.98581" lon="-68.89319">
    <name>TP758</name>
  </trkpt>
  <trkpt lat="-32.98588" lon="-68.89326">
    <name>TP759</name>
  </trkpt>
  <trkpt lat="-32.98593" lon="-68.89332">
    <name>TP760</name>
  </trkpt>
  <trkpt lat="-32.98602" lon="-68.89341">
    <name>TP761</name>
  </trkpt>
  <trkpt lat="-32.98613" lon="-68.89353">
    <name>TP762</name>
  </trkpt>
  <trkpt lat="-32.98614" lon="-68.89355">
    <name>TP763</name>
  </trkpt>
  <trkpt lat="-32.98629" lon="-68.89374">
    <name>TP764</name>
  </trkpt>
  <trkpt lat="-32.98642" lon="-68.89389">
    <name>TP765</name>
  </trkpt>
  <trkpt lat="-32.98653" lon="-68.89399">
    <name>TP766</name>
  </trkpt>
  <trkpt lat="-32.98657" lon="-68.89403">
    <name>TP767</name>
  </trkpt>
  <trkpt lat="-32.9866" lon="-68.89407">
    <name>TP768</name>
  </trkpt>
  <trkpt lat="-32.98664" lon="-68.89414">
    <name>TP769</name>
  </trkpt>
  <trkpt lat="-32.98668" lon="-68.89424">
    <name>TP770</name>
  </trkpt>
  <trkpt lat="-32.98684" lon="-68.89456">
    <name>TP771</name>
  </trkpt>
  <trkpt lat="-32.9871" lon="-68.89504">
    <name>TP772</name>
  </trkpt>
  <trkpt lat="-32.98714" lon="-68.8951">
    <name>TP773</name>
  </trkpt>
  <trkpt lat="-32.98727" lon="-68.89528">
    <name>TP774</name>
  </trkpt>
  <trkpt lat="-32.9874" lon="-68.89547">
    <name>TP775</name>
  </trkpt>
  <trkpt lat="-32.98752" lon="-68.89564">
    <name>TP776</name>
  </trkpt>
  <trkpt lat="-32.98768" lon="-68.89582">
    <name>TP777</name>
  </trkpt>
  <trkpt lat="-32.9878" lon="-68.89596">
    <name>TP778</name>
  </trkpt>
  <trkpt lat="-32.98786" lon="-68.89604">
    <name>TP779</name>
  </trkpt>
  <trkpt lat="-32.98799" lon="-68.89615">
    <name>TP780</name>
  </trkpt>
  <trkpt lat="-32.98811" lon="-68.89626">
    <name>TP781</name>
  </trkpt>
  <trkpt lat="-32.98822" lon="-68.89634">
    <name>TP782</name>
  </trkpt>
  <trkpt lat="-32.98876" lon="-68.89664">
    <name>TP783</name>
  </trkpt>
  <trkpt lat="-32.98886" lon="-68.8967">
    <name>TP784</name>
  </trkpt>
  <trkpt lat="-32.98899" lon="-68.89675">
    <name>TP785</name>
  </trkpt>
  <trkpt lat="-32.98983" lon="-68.89713">
    <name>TP786</name>
  </trkpt>
  <trkpt lat="-32.99013" lon="-68.89727">
    <name>TP787</name>
  </trkpt>
  <trkpt lat="-32.9902" lon="-68.8973">
    <name>TP788</name>
  </trkpt>
  <trkpt lat="-32.99026" lon="-68.89734">
    <name>TP789</name>
  </trkpt>
  <trkpt lat="-32.99068" lon="-68.89756">
    <name>TP790</name>
  </trkpt>
  <trkpt lat="-32.99067" lon="-68.89756">
    <name>TP791</name>
  </trkpt>
  <trkpt lat="-32.99065" lon="-68.89756">
    <name>TP792</name>
  </trkpt>
  <trkpt lat="-32.99062" lon="-68.89756">
    <name>TP793</name>
  </trkpt>
  <trkpt lat="-32.9906" lon="-68.89758">
    <name>TP794</name>
  </trkpt>
  <trkpt lat="-32.99058" lon="-68.8976">
    <name>TP795</name>
  </trkpt>
  <trkpt lat="-32.99057" lon="-68.8976">
    <name>TP796</name>
  </trkpt>
  <trkpt lat="-32.99056" lon="-68.89763">
    <name>TP797</name>
  </trkpt>
  <trkpt lat="-32.99055" lon="-68.89766">
    <name>TP798</name>
  </trkpt>
  <trkpt lat="-32.99055" lon="-68.89769">
    <name>TP799</name>
  </trkpt>
  <trkpt lat="-32.99055" lon="-68.89772">
    <name>TP800</name>
  </trkpt>
  <trkpt lat="-32.99056" lon="-68.89775">
    <name>TP801</name>
  </trkpt>
  <trkpt lat="-32.99057" lon="-68.89776">
    <name>TP802</name>
  </trkpt>
  <trkpt lat="-32.99058" lon="-68.89778">
    <name>TP803</name>
  </trkpt>
  <trkpt lat="-32.9906" lon="-68.8978">
    <name>TP804</name>
  </trkpt>
  <trkpt lat="-32.99062" lon="-68.89781">
    <name>TP805</name>
  </trkpt>
  <trkpt lat="-32.99065" lon="-68.89782">
    <name>TP806</name>
  </trkpt>
  <trkpt lat="-32.99067" lon="-68.89782">
    <name>TP807</name>
  </trkpt>
  <trkpt lat="-32.9907" lon="-68.89781">
    <name>TP808</name>
  </trkpt>
  <trkpt lat="-32.99072" lon="-68.8978">
    <name>TP809</name>
  </trkpt>
  <trkpt lat="-32.99075" lon="-68.89777">
    <name>TP810</name>
  </trkpt>
  <trkpt lat="-32.99118" lon="-68.89816">
    <name>TP811</name>
  </trkpt>
  <trkpt lat="-32.99132" lon="-68.89827">
    <name>TP812</name>
  </trkpt>
  <trkpt lat="-32.99135" lon="-68.89829">
    <name>TP813</name>
  </trkpt>
  <trkpt lat="-32.99147" lon="-68.89839">
    <name>TP814</name>
  </trkpt>
  <trkpt lat="-32.99167" lon="-68.89853">
    <name>TP815</name>
  </trkpt>
  <trkpt lat="-32.99183" lon="-68.89865">
    <name>TP816</name>
  </trkpt>
  <trkpt lat="-32.99223" lon="-68.89895">
    <name>TP817</name>
  </trkpt>
  <trkpt lat="-32.9924" lon="-68.89904">
    <name>TP818</name>
  </trkpt>
  <trkpt lat="-32.99256" lon="-68.89913">
    <name>TP819</name>
  </trkpt>
  <trkpt lat="-32.99267" lon="-68.8992">
    <name>TP820</name>
  </trkpt>
  <trkpt lat="-32.9929" lon="-68.8994">
    <name>TP821</name>
  </trkpt>
  <trkpt lat="-32.99306" lon="-68.89958">
    <name>TP822</name>
  </trkpt>
  <trkpt lat="-32.9933" lon="-68.89984">
    <name>TP823</name>
  </trkpt>
  <trkpt lat="-32.99332" lon="-68.89986">
    <name>TP824</name>
  </trkpt>
  <trkpt lat="-32.99345" lon="-68.90003">
    <name>TP825</name>
  </trkpt>
  <trkpt lat="-32.99363" lon="-68.9002">
    <name>TP826</name>
  </trkpt>
  <trkpt lat="-32.99373" lon="-68.90031">
    <name>TP827</name>
  </trkpt>
  <trkpt lat="-32.993734" lon="-68.9003083">
    <name>TP828</name>
  </trkpt>
  <trkpt lat="-32.99391" lon="-68.90061">
    <name>TP829</name>
  </trkpt>
  <trkpt lat="-32.99394" lon="-68.90064">
    <name>TP830</name>
  </trkpt>
  <trkpt lat="-32.99418" lon="-68.90094">
    <name>TP831</name>
  </trkpt>
  <trkpt lat="-32.99435" lon="-68.90122">
    <name>TP832</name>
  </trkpt>
  <trkpt lat="-32.99451" lon="-68.9014">
    <name>TP833</name>
  </trkpt>
  <trkpt lat="-32.99468" lon="-68.90158">
    <name>TP834</name>
  </trkpt>
  <trkpt lat="-32.99498" lon="-68.90184">
    <name>TP835</name>
  </trkpt>
  <trkpt lat="-32.99505" lon="-68.90195">
    <name>TP836</name>
  </trkpt>
  <trkpt lat="-32.99507" lon="-68.90197">
    <name>TP837</name>
  </trkpt>
  <trkpt lat="-32.99513" lon="-68.90208">
    <name>TP838</name>
  </trkpt>
  <trkpt lat="-32.99521" lon="-68.90218">
    <name>TP839</name>
  </trkpt>
  <trkpt lat="-32.99527" lon="-68.90225">
    <name>TP840</name>
  </trkpt>
  <trkpt lat="-32.99534" lon="-68.90232">
    <name>TP841</name>
  </trkpt>
  <trkpt lat="-32.99544" lon="-68.9024">
    <name>TP842</name>
  </trkpt>
  <trkpt lat="-32.99569" lon="-68.90254">
    <name>TP843</name>
  </trkpt>
  <trkpt lat="-32.99584" lon="-68.90266">
    <name>TP844</name>
  </trkpt>
  <trkpt lat="-32.9958437" lon="-68.9026641">
    <name>TP845</name>
  </trkpt>
  <trkpt lat="-32.99585" lon="-68.90271">
    <name>TP846</name>
  </trkpt>
  <trkpt lat="-32.99587" lon="-68.90276">
    <name>TP847</name>
  </trkpt>
  <trkpt lat="-32.99594" lon="-68.9031">
    <name>TP848</name>
  </trkpt>
  <trkpt lat="-32.9959428" lon="-68.9030991">
    <name>TP849</name>
  </trkpt>
  <trkpt lat="-32.99597" lon="-68.90319">
    <name>TP850</name>
  </trkpt>
  <trkpt lat="-32.99603" lon="-68.90339">
    <name>TP851</name>
  </trkpt>
  <trkpt lat="-32.99613" lon="-68.90353">
    <name>TP852</name>
  </trkpt>
  <trkpt lat="-32.99629" lon="-68.90368">
    <name>TP853</name>
  </trkpt>
  <trkpt lat="-32.99638" lon="-68.90377">
    <name>TP854</name>
  </trkpt>
  <trkpt lat="-32.99642" lon="-68.9038">
    <name>TP855</name>
  </trkpt>
  <trkpt lat="-32.99661" lon="-68.90394">
    <name>TP856</name>
  </trkpt>
  <trkpt lat="-32.99668" lon="-68.90399">
    <name>TP857</name>
  </trkpt>
  <trkpt lat="-32.99678" lon="-68.90405">
    <name>TP858</name>
  </trkpt>
  <trkpt lat="-32.99689" lon="-68.9041">
    <name>TP859</name>
  </trkpt>
  <trkpt lat="-32.99734" lon="-68.90428">
    <name>TP860</name>
  </trkpt>
  <trkpt lat="-32.99753" lon="-68.90438">
    <name>TP861</name>
  </trkpt>
  <trkpt lat="-32.99772" lon="-68.90449">
    <name>TP862</name>
  </trkpt>
  <trkpt lat="-32.99798" lon="-68.90467">
    <name>TP863</name>
  </trkpt>
  <trkpt lat="-32.99825" lon="-68.90495">
    <name>TP864</name>
  </trkpt>
  <trkpt lat="-32.99827" lon="-68.90497">
    <name>TP865</name>
  </trkpt>
  <trkpt lat="-32.99843" lon="-68.90517">
    <name>TP866</name>
  </trkpt>
  <trkpt lat="-32.99869" lon="-68.90554">
    <name>TP867</name>
  </trkpt>
  <trkpt lat="-32.99885" lon="-68.90579">
    <name>TP868</name>
  </trkpt>
  <trkpt lat="-32.99899" lon="-68.90599">
    <name>TP869</name>
  </trkpt>
  <trkpt lat="-32.9992" lon="-68.90627">
    <name>TP870</name>
  </trkpt>
  <trkpt lat="-32.99922" lon="-68.90628">
    <name>TP871</name>
  </trkpt>
  <trkpt lat="-32.99976" lon="-68.90673">
    <name>TP872</name>
  </trkpt>
  <trkpt lat="-32.99989" lon="-68.90684">
    <name>TP873</name>
  </trkpt>
  <trkpt lat="-33.0001" lon="-68.90704">
    <name>TP874</name>
  </trkpt>
  <trkpt lat="-33.00022" lon="-68.90714">
    <name>TP875</name>
  </trkpt>
  <trkpt lat="-33.00028" lon="-68.90717">
    <name>TP876</name>
  </trkpt>
  <trkpt lat="-33.00031" lon="-68.90718">
    <name>TP877</name>
  </trkpt>
  <trkpt lat="-33.00034" lon="-68.90718">
    <name>TP878</name>
  </trkpt>
  <trkpt lat="-33.0003433" lon="-68.9071791">
    <name>TP879</name>
  </trkpt>
  <trkpt lat="-33.00068" lon="-68.90687">
    <name>TP880</name>
  </trkpt>
  <trkpt lat="-33.0006809" lon="-68.9068665">
    <name>TP881</name>
  </trkpt>
  <trkpt lat="-33.00076" lon="-68.90693">
    <name>TP882</name>
  </trkpt>
  <trkpt lat="-33.00081" lon="-68.90696">
    <name>TP883</name>
  </trkpt>
  <trkpt lat="-33.00087" lon="-68.90699">
    <name>TP884</name>
  </trkpt>
  <trkpt lat="-33.00091" lon="-68.907">
    <name>TP885</name>
  </trkpt>
  <trkpt lat="-33.00102" lon="-68.90708">
    <name>TP886</name>
  </trkpt>
  <trkpt lat="-33.00109" lon="-68.90717">
    <name>TP887</name>
  </trkpt>
  <trkpt lat="-33.00123" lon="-68.90733">
    <name>TP888</name>
  </trkpt>
  <trkpt lat="-33.00161" lon="-68.90774">
    <name>TP889</name>
  </trkpt>
  <trkpt lat="-33.00209" lon="-68.9082">
    <name>TP890</name>
  </trkpt>
  <trkpt lat="-33.00223" lon="-68.90835">
    <name>TP891</name>
  </trkpt>
  <trkpt lat="-33.00231" lon="-68.90847">
    <name>TP892</name>
  </trkpt>
  <trkpt lat="-33.00241" lon="-68.90867">
    <name>TP893</name>
  </trkpt>
  <trkpt lat="-33.00246" lon="-68.90882">
    <name>TP894</name>
  </trkpt>
  <trkpt lat="-33.00253" lon="-68.90898">
    <name>TP895</name>
  </trkpt>
  <trkpt lat="-33.00269" lon="-68.90927">
    <name>TP896</name>
  </trkpt>
  <trkpt lat="-33.00309" lon="-68.90994">
    <name>TP897</name>
  </trkpt>
  <trkpt lat="-33.00318" lon="-68.91017">
    <name>TP898</name>
  </trkpt>
  <trkpt lat="-33.00323" lon="-68.91028">
    <name>TP899</name>
  </trkpt>
  <trkpt lat="-33.0033" lon="-68.91055">
    <name>TP900</name>
  </trkpt>
  <trkpt lat="-33.00346" lon="-68.91092">
    <name>TP901</name>
  </trkpt>
  <trkpt lat="-33.00354" lon="-68.91116">
    <name>TP902</name>
  </trkpt>
  <trkpt lat="-33.00357" lon="-68.91125">
    <name>TP903</name>
  </trkpt>
  <trkpt lat="-33.0036" lon="-68.91129">
    <name>TP904</name>
  </trkpt>
  <trkpt lat="-33.00364" lon="-68.91137">
    <name>TP905</name>
  </trkpt>
  <trkpt lat="-33.0039" lon="-68.91248">
    <name>TP906</name>
  </trkpt>
  <trkpt lat="-33.00394" lon="-68.91261">
    <name>TP907</name>
  </trkpt>
  <trkpt lat="-33.004" lon="-68.91283">
    <name>TP908</name>
  </trkpt>
  <trkpt lat="-33.0041" lon="-68.91316">
    <name>TP909</name>
  </trkpt>
  <trkpt lat="-33.0042" lon="-68.91348">
    <name>TP910</name>
  </trkpt>
  <trkpt lat="-33.00425" lon="-68.91365">
    <name>TP911</name>
  </trkpt>
  <trkpt lat="-33.00438" lon="-68.91401">
    <name>TP912</name>
  </trkpt>
  <trkpt lat="-33.00448" lon="-68.91429">
    <name>TP913</name>
  </trkpt>
  <trkpt lat="-33.00464" lon="-68.9147">
    <name>TP914</name>
  </trkpt>
  <trkpt lat="-33.00481" lon="-68.91518">
    <name>TP915</name>
  </trkpt>
  <trkpt lat="-33.00489" lon="-68.91538">
    <name>TP916</name>
  </trkpt>
  <trkpt lat="-33.00498" lon="-68.9156">
    <name>TP917</name>
  </trkpt>
  <trkpt lat="-33.00508" lon="-68.91581">
    <name>TP918</name>
  </trkpt>
  <trkpt lat="-33.00515" lon="-68.91595">
    <name>TP919</name>
  </trkpt>
  <trkpt lat="-33.00516" lon="-68.91596">
    <name>TP920</name>
  </trkpt>
  <trkpt lat="-33.00526" lon="-68.91612">
    <name>TP921</name>
  </trkpt>
  <trkpt lat="-33.00531" lon="-68.9162">
    <name>TP922</name>
  </trkpt>
  <trkpt lat="-33.0054" lon="-68.91633">
    <name>TP923</name>
  </trkpt>
  <trkpt lat="-33.00556" lon="-68.91657">
    <name>TP924</name>
  </trkpt>
  <trkpt lat="-33.00644" lon="-68.9178">
    <name>TP925</name>
  </trkpt>
  <trkpt lat="-33.00717" lon="-68.91889">
    <name>TP926</name>
  </trkpt>
  <trkpt lat="-33.00785" lon="-68.91983">
    <name>TP927</name>
  </trkpt>
  <trkpt lat="-33.00808" lon="-68.92015">
    <name>TP928</name>
  </trkpt>
  <trkpt lat="-33.00843" lon="-68.92064">
    <name>TP929</name>
  </trkpt>
  <trkpt lat="-33.00873" lon="-68.92109">
    <name>TP930</name>
  </trkpt>
  <trkpt lat="-33.00942" lon="-68.92205">
    <name>TP931</name>
  </trkpt>
  <trkpt lat="-33.00993" lon="-68.92273">
    <name>TP932</name>
  </trkpt>
  <trkpt lat="-33.01075" lon="-68.92384">
    <name>TP933</name>
  </trkpt>
  <trkpt lat="-33.01142" lon="-68.92472">
    <name>TP934</name>
  </trkpt>
  <trkpt lat="-33.01157" lon="-68.92491">
    <name>TP935</name>
  </trkpt>
  <trkpt lat="-33.01214" lon="-68.92565">
    <name>TP936</name>
  </trkpt>
  <trkpt lat="-33.01238" lon="-68.92595">
    <name>TP937</name>
  </trkpt>
  <trkpt lat="-33.01314" lon="-68.92697">
    <name>TP938</name>
  </trkpt>
  <trkpt lat="-33.01341" lon="-68.92732">
    <name>TP939</name>
  </trkpt>
  <trkpt lat="-33.01352" lon="-68.9275">
    <name>TP940</name>
  </trkpt>
  <trkpt lat="-33.01365" lon="-68.92774">
    <name>TP941</name>
  </trkpt>
  <trkpt lat="-33.01372" lon="-68.92786">
    <name>TP942</name>
  </trkpt>
  <trkpt lat="-33.0139" lon="-68.92824">
    <name>TP943</name>
  </trkpt>
  <trkpt lat="-33.0142" lon="-68.9289">
    <name>TP944</name>
  </trkpt>
  <trkpt lat="-33.01461" lon="-68.92979">
    <name>TP945</name>
  </trkpt>
  <trkpt lat="-33.01463" lon="-68.92982">
    <name>TP946</name>
  </trkpt>
  <trkpt lat="-33.0146251" lon="-68.9298168">
    <name>TP947</name>
  </trkpt>
  <trkpt lat="-33.01462" lon="-68.92989">
    <name>TP948</name>
  </trkpt>
  <trkpt lat="-33.01463" lon="-68.92994">
    <name>TP949</name>
  </trkpt>
  <trkpt lat="-33.01466" lon="-68.93004">
    <name>TP950</name>
  </trkpt>
  <trkpt lat="-33.01474" lon="-68.93033">
    <name>TP951</name>
  </trkpt>
  <trkpt lat="-33.01487" lon="-68.93079">
    <name>TP952</name>
  </trkpt>
  <trkpt lat="-33.01487" lon="-68.93083">
    <name>TP953</name>
  </trkpt>
  <trkpt lat="-33.01488" lon="-68.93087">
    <name>TP954</name>
  </trkpt>
  <trkpt lat="-33.01489" lon="-68.93092">
    <name>TP955</name>
  </trkpt>
  <trkpt lat="-33.01491" lon="-68.93095">
    <name>TP956</name>
  </trkpt>
  <trkpt lat="-33.01492" lon="-68.93099">
    <name>TP957</name>
  </trkpt>
  <trkpt lat="-33.01494" lon="-68.93102">
    <name>TP958</name>
  </trkpt>
  <trkpt lat="-33.01496" lon="-68.93105">
    <name>TP959</name>
  </trkpt>
  <trkpt lat="-33.01498" lon="-68.93107">
    <name>TP960</name>
  </trkpt>
  <trkpt lat="-33.0149786" lon="-68.931067">
    <name>TP961</name>
  </trkpt>
  <trkpt lat="-33.01501" lon="-68.93108">
    <name>TP962</name>
  </trkpt>
  <trkpt lat="-33.01504" lon="-68.93109">
    <name>TP963</name>
  </trkpt>
  <trkpt lat="-33.01507" lon="-68.93109">
    <name>TP964</name>
  </trkpt>
  <trkpt lat="-33.01511" lon="-68.93109">
    <name>TP965</name>
  </trkpt>
  <trkpt lat="-33.01514" lon="-68.93108">
    <name>TP966</name>
  </trkpt>
  <trkpt lat="-33.01518" lon="-68.93107">
    <name>TP967</name>
  </trkpt>
  <trkpt lat="-33.01523" lon="-68.93105">
    <name>TP968</name>
  </trkpt>
  <trkpt lat="-33.01531" lon="-68.93099">
    <name>TP969</name>
  </trkpt>
  <trkpt lat="-33.01566" lon="-68.93098">
    <name>TP970</name>
  </trkpt>
  <trkpt lat="-33.01579" lon="-68.93101">
    <name>TP971</name>
  </trkpt>
  <trkpt lat="-33.01586" lon="-68.93103">
    <name>TP972</name>
  </trkpt>
  <trkpt lat="-33.0161" lon="-68.93129">
    <name>TP973</name>
  </trkpt>
  <trkpt lat="-33.01621" lon="-68.93144">
    <name>TP974</name>
  </trkpt>
  <trkpt lat="-33.01633" lon="-68.93164">
    <name>TP975</name>
  </trkpt>
  <trkpt lat="-33.01644" lon="-68.93189">
    <name>TP976</name>
  </trkpt>
  <trkpt lat="-33.01655" lon="-68.93217">
    <name>TP977</name>
  </trkpt>
  <trkpt lat="-33.01658" lon="-68.93226">
    <name>TP978</name>
  </trkpt>
  <trkpt lat="-33.01662" lon="-68.93237">
    <name>TP979</name>
  </trkpt>
  <trkpt lat="-33.01663" lon="-68.93241">
    <name>TP980</name>
  </trkpt>
  <trkpt lat="-33.01664" lon="-68.93246">
    <name>TP981</name>
  </trkpt>
  <trkpt lat="-33.01671" lon="-68.93277">
    <name>TP982</name>
  </trkpt>
  <trkpt lat="-33.01676" lon="-68.93299">
    <name>TP983</name>
  </trkpt>
  <trkpt lat="-33.01677" lon="-68.93301">
    <name>TP984</name>
  </trkpt>
  <trkpt lat="-33.01681" lon="-68.93324">
    <name>TP985</name>
  </trkpt>
  <trkpt lat="-33.01689" lon="-68.93348">
    <name>TP986</name>
  </trkpt>
  <trkpt lat="-33.01696" lon="-68.93366">
    <name>TP987</name>
  </trkpt>
  <trkpt lat="-33.01704" lon="-68.93378">
    <name>TP988</name>
  </trkpt>
  <trkpt lat="-33.01712" lon="-68.93388">
    <name>TP989</name>
  </trkpt>
  <trkpt lat="-33.01724" lon="-68.93397">
    <name>TP990</name>
  </trkpt>
  <trkpt lat="-33.01727" lon="-68.93399">
    <name>TP991</name>
  </trkpt>
  <trkpt lat="-33.01733" lon="-68.93402">
    <name>TP992</name>
  </trkpt>
  <trkpt lat="-33.01757" lon="-68.93413">
    <name>TP993</name>
  </trkpt>
  <trkpt lat="-33.01774" lon="-68.93421">
    <name>TP994</name>
  </trkpt>
  <trkpt lat="-33.01791" lon="-68.93429">
    <name>TP995</name>
  </trkpt>
  <trkpt lat="-33.01867" lon="-68.93464">
    <name>TP996</name>
  </trkpt>
  <trkpt lat="-33.01891" lon="-68.93475">
    <name>TP997</name>
  </trkpt>
  <trkpt lat="-33.01908" lon="-68.93483">
    <name>TP998</name>
  </trkpt>
  <trkpt lat="-33.0195" lon="-68.93503">
    <name>TP999</name>
  </trkpt>
  <trkpt lat="-33.02109" lon="-68.93576">
    <name>TP1000</name>
  </trkpt>
  <trkpt lat="-33.02143" lon="-68.93592">
    <name>TP1001</name>
  </trkpt>
  <trkpt lat="-33.02173" lon="-68.93606">
    <name>TP1002</name>
  </trkpt>
  <trkpt lat="-33.02424" lon="-68.93722">
    <name>TP1003</name>
  </trkpt>
  <trkpt lat="-33.02491" lon="-68.93753">
    <name>TP1004</name>
  </trkpt>
  <trkpt lat="-33.02554" lon="-68.93782">
    <name>TP1005</name>
  </trkpt>
  <trkpt lat="-33.02775" lon="-68.93884">
    <name>TP1006</name>
  </trkpt>
  <trkpt lat="-33.02796" lon="-68.93894">
    <name>TP1007</name>
  </trkpt>
  <trkpt lat="-33.02831" lon="-68.93911">
    <name>TP1008</name>
  </trkpt>
  <trkpt lat="-33.02866" lon="-68.93927">
    <name>TP1009</name>
  </trkpt>
  <trkpt lat="-33.02909" lon="-68.93947">
    <name>TP1010</name>
  </trkpt>
  <trkpt lat="-33.02925" lon="-68.93954">
    <name>TP1011</name>
  </trkpt>
  <trkpt lat="-33.03011" lon="-68.93995">
    <name>TP1012</name>
  </trkpt>
  <trkpt lat="-33.03077" lon="-68.94025">
    <name>TP1013</name>
  </trkpt>
  <trkpt lat="-33.0308" lon="-68.94026">
    <name>TP1014</name>
  </trkpt>
  <trkpt lat="-33.03097" lon="-68.94034">
    <name>TP1015</name>
  </trkpt>
  <trkpt lat="-33.03102" lon="-68.94036">
    <name>TP1016</name>
  </trkpt>
  <trkpt lat="-33.03126" lon="-68.94045">
    <name>TP1017</name>
  </trkpt>
  <trkpt lat="-33.03143" lon="-68.9405">
    <name>TP1018</name>
  </trkpt>
  <trkpt lat="-33.0314284" lon="-68.9405012">
    <name>TP1019</name>
  </trkpt>
  <trkpt lat="-33.03148" lon="-68.94057">
    <name>TP1020</name>
  </trkpt>
  <trkpt lat="-33.03155" lon="-68.94062">
    <name>TP1021</name>
  </trkpt>
  <trkpt lat="-33.03159" lon="-68.94064">
    <name>TP1022</name>
  </trkpt>
  <trkpt lat="-33.03243" lon="-68.94101">
    <name>TP1023</name>
  </trkpt>
  <trkpt lat="-33.03248" lon="-68.94104">
    <name>TP1024</name>
  </trkpt>
  <trkpt lat="-33.03336" lon="-68.94146">
    <name>TP1025</name>
  </trkpt>
  <trkpt lat="-33.03383" lon="-68.94168">
    <name>TP1026</name>
  </trkpt>
  <trkpt lat="-33.0346" lon="-68.94205">
    <name>TP1027</name>
  </trkpt>
  <trkpt lat="-33.03544" lon="-68.94244">
    <name>TP1028</name>
  </trkpt>
  <trkpt lat="-33.03566" lon="-68.94255">
    <name>TP1029</name>
  </trkpt>
  <trkpt lat="-33.03594" lon="-68.94266">
    <name>TP1030</name>
  </trkpt>
  <trkpt lat="-33.03637" lon="-68.94286">
    <name>TP1031</name>
  </trkpt>
  <trkpt lat="-33.03645" lon="-68.94289">
    <name>TP1032</name>
  </trkpt>
  <trkpt lat="-33.03677" lon="-68.94304">
    <name>TP1033</name>
  </trkpt>
  <trkpt lat="-33.0367686" lon="-68.9430384">
    <name>TP1034</name>
  </trkpt>
  <trkpt lat="-33.03679" lon="-68.94286">
    <name>TP1035</name>
  </trkpt>
  <trkpt lat="-33.0369" lon="-68.94198">
    <name>TP1036</name>
  </trkpt>
  <trkpt lat="-33.03701" lon="-68.94098">
    <name>TP1037</name>
  </trkpt>
  <trkpt lat="-33.0370122" lon="-68.9409788">
    <name>TP1038</name>
  </trkpt>
  <trkpt lat="-33.0370122" lon="-68.9409788">
    <name>TP1039</name>
  </trkpt>
  <trkpt lat="-33.0369" lon="-68.94198">
    <name>TP1040</name>
  </trkpt>
  <trkpt lat="-33.03679" lon="-68.94286">
    <name>TP1041</name>
  </trkpt>
  <trkpt lat="-33.03677" lon="-68.94304">
    <name>TP1042</name>
  </trkpt>
  <trkpt lat="-33.0367686" lon="-68.9430384">
    <name>TP1043</name>
  </trkpt>
  <trkpt lat="-33.03645" lon="-68.94289">
    <name>TP1044</name>
  </trkpt>
  <trkpt lat="-33.03637" lon="-68.94286">
    <name>TP1045</name>
  </trkpt>
  <trkpt lat="-33.03594" lon="-68.94266">
    <name>TP1046</name>
  </trkpt>
  <trkpt lat="-33.03566" lon="-68.94255">
    <name>TP1047</name>
  </trkpt>
  <trkpt lat="-33.03544" lon="-68.94244">
    <name>TP1048</name>
  </trkpt>
  <trkpt lat="-33.0346" lon="-68.94205">
    <name>TP1049</name>
  </trkpt>
  <trkpt lat="-33.03383" lon="-68.94168">
    <name>TP1050</name>
  </trkpt>
  <trkpt lat="-33.03336" lon="-68.94146">
    <name>TP1051</name>
  </trkpt>
  <trkpt lat="-33.03248" lon="-68.94104">
    <name>TP1052</name>
  </trkpt>
  <trkpt lat="-33.03243" lon="-68.94101">
    <name>TP1053</name>
  </trkpt>
  <trkpt lat="-33.03159" lon="-68.94064">
    <name>TP1054</name>
  </trkpt>
  <trkpt lat="-33.03155" lon="-68.94062">
    <name>TP1055</name>
  </trkpt>
  <trkpt lat="-33.03148" lon="-68.94057">
    <name>TP1056</name>
  </trkpt>
  <trkpt lat="-33.03143" lon="-68.9405">
    <name>TP1057</name>
  </trkpt>
  <trkpt lat="-33.0314284" lon="-68.9405012">
    <name>TP1058</name>
  </trkpt>
  <trkpt lat="-33.0315" lon="-68.94015">
    <name>TP1059</name>
  </trkpt>
  <trkpt lat="-33.03154" lon="-68.93993">
    <name>TP1060</name>
  </trkpt>
  <trkpt lat="-33.03162" lon="-68.93961">
    <name>TP1061</name>
  </trkpt>
  <trkpt lat="-33.0317" lon="-68.93926">
    <name>TP1062</name>
  </trkpt>
  <trkpt lat="-33.03174" lon="-68.93912">
    <name>TP1063</name>
  </trkpt>
  <trkpt lat="-33.03196" lon="-68.93826">
    <name>TP1064</name>
  </trkpt>
  <trkpt lat="-33.03201" lon="-68.93806">
    <name>TP1065</name>
  </trkpt>
  <trkpt lat="-33.03243" lon="-68.9363">
    <name>TP1066</name>
  </trkpt>
  <trkpt lat="-33.03248" lon="-68.93612">
    <name>TP1067</name>
  </trkpt>
  <trkpt lat="-33.03269" lon="-68.9353">
    <name>TP1068</name>
  </trkpt>
  <trkpt lat="-33.03299" lon="-68.93405">
    <name>TP1069</name>
  </trkpt>
  <trkpt lat="-33.03325" lon="-68.93291">
    <name>TP1070</name>
  </trkpt>
  <trkpt lat="-33.03339" lon="-68.93236">
    <name>TP1071</name>
  </trkpt>
  <trkpt lat="-33.03344" lon="-68.93217">
    <name>TP1072</name>
  </trkpt>
  <trkpt lat="-33.03345" lon="-68.93209">
    <name>TP1073</name>
  </trkpt>
  <trkpt lat="-33.03349" lon="-68.93196">
    <name>TP1074</name>
  </trkpt>
  <trkpt lat="-33.03367" lon="-68.93117">
    <name>TP1075</name>
  </trkpt>
  <trkpt lat="-33.03384" lon="-68.93046">
    <name>TP1076</name>
  </trkpt>
  <trkpt lat="-33.03395" lon="-68.92995">
    <name>TP1077</name>
  </trkpt>
  <trkpt lat="-33.03401" lon="-68.9297">
    <name>TP1078</name>
  </trkpt>
  <trkpt lat="-33.03406" lon="-68.92948">
    <name>TP1079</name>
  </trkpt>
  <trkpt lat="-33.03421" lon="-68.92885">
    <name>TP1080</name>
  </trkpt>
  <trkpt lat="-33.03427" lon="-68.92863">
    <name>TP1081</name>
  </trkpt>
  <trkpt lat="-33.03429" lon="-68.92857">
    <name>TP1082</name>
  </trkpt>
  <trkpt lat="-33.03431" lon="-68.9285">
    <name>TP1083</name>
  </trkpt>
  <trkpt lat="-33.03436" lon="-68.92837">
    <name>TP1084</name>
  </trkpt>
  <trkpt lat="-33.03443" lon="-68.9282">
    <name>TP1085</name>
  </trkpt>
  <trkpt lat="-33.0346" lon="-68.92787">
    <name>TP1086</name>
  </trkpt>
  <trkpt lat="-33.03463" lon="-68.92782">
    <name>TP1087</name>
  </trkpt>
  <trkpt lat="-33.03475" lon="-68.92755">
    <name>TP1088</name>
  </trkpt>
  <trkpt lat="-33.03486" lon="-68.9273">
    <name>TP1089</name>
  </trkpt>
  <trkpt lat="-33.03488" lon="-68.92726">
    <name>TP1090</name>
  </trkpt>
  <trkpt lat="-33.03491" lon="-68.92718">
    <name>TP1091</name>
  </trkpt>
  <trkpt lat="-33.03495" lon="-68.92706">
    <name>TP1092</name>
  </trkpt>
  <trkpt lat="-33.03498" lon="-68.92692">
    <name>TP1093</name>
  </trkpt>
  <trkpt lat="-33.035" lon="-68.9268">
    <name>TP1094</name>
  </trkpt>
  <trkpt lat="-33.03502" lon="-68.92664">
    <name>TP1095</name>
  </trkpt>
  <trkpt lat="-33.03504" lon="-68.92633">
    <name>TP1096</name>
  </trkpt>
  <trkpt lat="-33.03506" lon="-68.926">
    <name>TP1097</name>
  </trkpt>
  <trkpt lat="-33.03506" lon="-68.92584">
    <name>TP1098</name>
  </trkpt>
  <trkpt lat="-33.03507" lon="-68.92578">
    <name>TP1099</name>
  </trkpt>
  <trkpt lat="-33.03509" lon="-68.92523">
    <name>TP1100</name>
  </trkpt>
  <trkpt lat="-33.03512" lon="-68.92465">
    <name>TP1101</name>
  </trkpt>
  <trkpt lat="-33.03512" lon="-68.92464">
    <name>TP1102</name>
  </trkpt>
  <trkpt lat="-33.03517" lon="-68.92361">
    <name>TP1103</name>
  </trkpt>
  <trkpt lat="-33.03519" lon="-68.92303">
    <name>TP1104</name>
  </trkpt>
  <trkpt lat="-33.03525" lon="-68.92161">
    <name>TP1105</name>
  </trkpt>
  <trkpt lat="-33.03528" lon="-68.92097">
    <name>TP1106</name>
  </trkpt>
  <trkpt lat="-33.0353" lon="-68.92036">
    <name>TP1107</name>
  </trkpt>
  <trkpt lat="-33.03531" lon="-68.92014">
    <name>TP1108</name>
  </trkpt>
  <trkpt lat="-33.03533" lon="-68.91949">
    <name>TP1109</name>
  </trkpt>
  <trkpt lat="-33.03537" lon="-68.91856">
    <name>TP1110</name>
  </trkpt>
  <trkpt lat="-33.03542" lon="-68.91754">
    <name>TP1111</name>
  </trkpt>
  <trkpt lat="-33.03546" lon="-68.91657">
    <name>TP1112</name>
  </trkpt>
  <trkpt lat="-33.03548" lon="-68.91609">
    <name>TP1113</name>
  </trkpt>
  <trkpt lat="-33.03549" lon="-68.91586">
    <name>TP1114</name>
  </trkpt>
  <trkpt lat="-33.03551" lon="-68.91549">
    <name>TP1115</name>
  </trkpt>
  <trkpt lat="-33.03551" lon="-68.91543">
    <name>TP1116</name>
  </trkpt>
  <trkpt lat="-33.03558" lon="-68.91379">
    <name>TP1117</name>
  </trkpt>
  <trkpt lat="-33.03558" lon="-68.91362">
    <name>TP1118</name>
  </trkpt>
  <trkpt lat="-33.03559" lon="-68.91348">
    <name>TP1119</name>
  </trkpt>
  <trkpt lat="-33.03561" lon="-68.91294">
    <name>TP1120</name>
  </trkpt>
  <trkpt lat="-33.03565" lon="-68.91226">
    <name>TP1121</name>
  </trkpt>
  <trkpt lat="-33.03565" lon="-68.91193">
    <name>TP1122</name>
  </trkpt>
  <trkpt lat="-33.03564" lon="-68.91166">
    <name>TP1123</name>
  </trkpt>
  <trkpt lat="-33.03562" lon="-68.91154">
    <name>TP1124</name>
  </trkpt>
  <trkpt lat="-33.03561" lon="-68.91148">
    <name>TP1125</name>
  </trkpt>
  <trkpt lat="-33.03558" lon="-68.91142">
    <name>TP1126</name>
  </trkpt>
  <trkpt lat="-33.03554" lon="-68.91128">
    <name>TP1127</name>
  </trkpt>
  <trkpt lat="-33.03544" lon="-68.91113">
    <name>TP1128</name>
  </trkpt>
  <trkpt lat="-33.03536" lon="-68.91103">
    <name>TP1129</name>
  </trkpt>
  <trkpt lat="-33.03528" lon="-68.91095">
    <name>TP1130</name>
  </trkpt>
  <trkpt lat="-33.03496" lon="-68.91073">
    <name>TP1131</name>
  </trkpt>
  <trkpt lat="-33.03423" lon="-68.91022">
    <name>TP1132</name>
  </trkpt>
  <trkpt lat="-33.03371" lon="-68.90985">
    <name>TP1133</name>
  </trkpt>
  <trkpt lat="-33.0333" lon="-68.90957">
    <name>TP1134</name>
  </trkpt>
  <trkpt lat="-33.03295" lon="-68.90929">
    <name>TP1135</name>
  </trkpt>
  <trkpt lat="-33.03271" lon="-68.90913">
    <name>TP1136</name>
  </trkpt>
  <trkpt lat="-33.03257" lon="-68.909">
    <name>TP1137</name>
  </trkpt>
  <trkpt lat="-33.03247" lon="-68.9089">
    <name>TP1138</name>
  </trkpt>
  <trkpt lat="-33.03241" lon="-68.90883">
    <name>TP1139</name>
  </trkpt>
  <trkpt lat="-33.03237" lon="-68.90871">
    <name>TP1140</name>
  </trkpt>
  <trkpt lat="-33.03233" lon="-68.90861">
    <name>TP1141</name>
  </trkpt>
  <trkpt lat="-33.0323" lon="-68.9085">
    <name>TP1142</name>
  </trkpt>
  <trkpt lat="-33.0323029" lon="-68.9084991">
    <name>TP1143</name>
  </trkpt>
  <trkpt lat="-33.03232" lon="-68.90847">
    <name>TP1144</name>
  </trkpt>
  <trkpt lat="-33.03233" lon="-68.90843">
    <name>TP1145</name>
  </trkpt>
  <trkpt lat="-33.03233" lon="-68.9084">
    <name>TP1146</name>
  </trkpt>
  <trkpt lat="-33.03234" lon="-68.90836">
    <name>TP1147</name>
  </trkpt>
  <trkpt lat="-33.03234" lon="-68.90833">
    <name>TP1148</name>
  </trkpt>
  <trkpt lat="-33.03233" lon="-68.90829">
    <name>TP1149</name>
  </trkpt>
  <trkpt lat="-33.03233" lon="-68.90826">
    <name>TP1150</name>
  </trkpt>
  <trkpt lat="-33.03232" lon="-68.90822">
    <name>TP1151</name>
  </trkpt>
  <trkpt lat="-33.03229" lon="-68.90816">
    <name>TP1152</name>
  </trkpt>
  <trkpt lat="-33.03227" lon="-68.90807">
    <name>TP1153</name>
  </trkpt>
  <trkpt lat="-33.03227" lon="-68.90797">
    <name>TP1154</name>
  </trkpt>
  <trkpt lat="-33.0323" lon="-68.90783">
    <name>TP1155</name>
  </trkpt>
  <trkpt lat="-33.03235" lon="-68.90757">
    <name>TP1156</name>
  </trkpt>
  <trkpt lat="-33.03244" lon="-68.90675">
    <name>TP1157</name>
  </trkpt>
  <trkpt lat="-33.03246" lon="-68.90636">
    <name>TP1158</name>
  </trkpt>
  <trkpt lat="-33.03247" lon="-68.90623">
    <name>TP1159</name>
  </trkpt>
  <trkpt lat="-33.0325" lon="-68.90571">
    <name>TP1160</name>
  </trkpt>
  <trkpt lat="-33.03251" lon="-68.90554">
    <name>TP1161</name>
  </trkpt>
  <trkpt lat="-33.03252" lon="-68.90539">
    <name>TP1162</name>
  </trkpt>
  <trkpt lat="-33.03255" lon="-68.90489">
    <name>TP1163</name>
  </trkpt>
  <trkpt lat="-33.03254" lon="-68.90479">
    <name>TP1164</name>
  </trkpt>
  <trkpt lat="-33.03255" lon="-68.9045">
    <name>TP1165</name>
  </trkpt>
  <trkpt lat="-33.03256" lon="-68.90438">
    <name>TP1166</name>
  </trkpt>
  <trkpt lat="-33.0326" lon="-68.90361">
    <name>TP1167</name>
  </trkpt>
  <trkpt lat="-33.03263" lon="-68.90309">
    <name>TP1168</name>
  </trkpt>
  <trkpt lat="-33.03263" lon="-68.903">
    <name>TP1169</name>
  </trkpt>
  <trkpt lat="-33.03265" lon="-68.90281">
    <name>TP1170</name>
  </trkpt>
  <trkpt lat="-33.03265" lon="-68.90273">
    <name>TP1171</name>
  </trkpt>
  <trkpt lat="-33.03266" lon="-68.90262">
    <name>TP1172</name>
  </trkpt>
  <trkpt lat="-33.03266" lon="-68.90246">
    <name>TP1173</name>
  </trkpt>
  <trkpt lat="-33.03267" lon="-68.90244">
    <name>TP1174</name>
  </trkpt>
  <trkpt lat="-33.03267" lon="-68.90229">
    <name>TP1175</name>
  </trkpt>
  <trkpt lat="-33.03268" lon="-68.90221">
    <name>TP1176</name>
  </trkpt>
  <trkpt lat="-33.03269" lon="-68.90201">
    <name>TP1177</name>
  </trkpt>
  <trkpt lat="-33.0327" lon="-68.90187">
    <name>TP1178</name>
  </trkpt>
  <trkpt lat="-33.03272" lon="-68.90173">
    <name>TP1179</name>
  </trkpt>
  <trkpt lat="-33.03272" lon="-68.9017">
    <name>TP1180</name>
  </trkpt>
  <trkpt lat="-33.03276" lon="-68.90146">
    <name>TP1181</name>
  </trkpt>
  <trkpt lat="-33.03279" lon="-68.90129">
    <name>TP1182</name>
  </trkpt>
  <trkpt lat="-33.03283" lon="-68.90113">
    <name>TP1183</name>
  </trkpt>
  <trkpt lat="-33.03283" lon="-68.90111">
    <name>TP1184</name>
  </trkpt>
  <trkpt lat="-33.03287" lon="-68.90096">
    <name>TP1185</name>
  </trkpt>
  <trkpt lat="-33.03289" lon="-68.9009">
    <name>TP1186</name>
  </trkpt>
  <trkpt lat="-33.03294" lon="-68.90073">
    <name>TP1187</name>
  </trkpt>
  <trkpt lat="-33.03296" lon="-68.90067">
    <name>TP1188</name>
  </trkpt>
  <trkpt lat="-33.03302" lon="-68.90049">
    <name>TP1189</name>
  </trkpt>
  <trkpt lat="-33.03305" lon="-68.9004">
    <name>TP1190</name>
  </trkpt>
  <trkpt lat="-33.03313" lon="-68.90019">
    <name>TP1191</name>
  </trkpt>
  <trkpt lat="-33.03326" lon="-68.89997">
    <name>TP1192</name>
  </trkpt>
  <trkpt lat="-33.0336" lon="-68.89943">
    <name>TP1193</name>
  </trkpt>
  <trkpt lat="-33.03372" lon="-68.89925">
    <name>TP1194</name>
  </trkpt>
  <trkpt lat="-33.03394" lon="-68.89879">
    <name>TP1195</name>
  </trkpt>
  <trkpt lat="-33.03402" lon="-68.89874">
    <name>TP1196</name>
  </trkpt>
  <trkpt lat="-33.03407" lon="-68.89872">
    <name>TP1197</name>
  </trkpt>
  <trkpt lat="-33.03413" lon="-68.8987">
    <name>TP1198</name>
  </trkpt>
  <trkpt lat="-33.03421" lon="-68.89869">
    <name>TP1199</name>
  </trkpt>
  <trkpt lat="-33.03434" lon="-68.89867">
    <name>TP1200</name>
  </trkpt>
  <trkpt lat="-33.0343351" lon="-68.8986681">
    <name>TP1201</name>
  </trkpt>
  <trkpt lat="-33.03435" lon="-68.89867">
    <name>TP1202</name>
  </trkpt>
  <trkpt lat="-33.03436" lon="-68.89867">
    <name>TP1203</name>
  </trkpt>
  <trkpt lat="-33.03437" lon="-68.89867">
    <name>TP1204</name>
  </trkpt>
  <trkpt lat="-33.03438" lon="-68.89867">
    <name>TP1205</name>
  </trkpt>
  <trkpt lat="-33.03438" lon="-68.89868">
    <name>TP1206</name>
  </trkpt>
  <trkpt lat="-33.03439" lon="-68.89868">
    <name>TP1207</name>
  </trkpt>
  <trkpt lat="-33.03444" lon="-68.89867">
    <name>TP1208</name>
  </trkpt>
  <trkpt lat="-33.03449" lon="-68.89866">
    <name>TP1209</name>
  </trkpt>
  <trkpt lat="-33.03454" lon="-68.89865">
    <name>TP1210</name>
  </trkpt>
  <trkpt lat="-33.03458" lon="-68.89862">
    <name>TP1211</name>
  </trkpt>
  <trkpt lat="-33.03462" lon="-68.89859">
    <name>TP1212</name>
  </trkpt>
  <trkpt lat="-33.03466" lon="-68.89855">
    <name>TP1213</name>
  </trkpt>
  <trkpt lat="-33.03469" lon="-68.89851">
    <name>TP1214</name>
  </trkpt>
  <trkpt lat="-33.03472" lon="-68.89846">
    <name>TP1215</name>
  </trkpt>
  <trkpt lat="-33.03475" lon="-68.89836">
    <name>TP1216</name>
  </trkpt>
  <trkpt lat="-33.03476" lon="-68.89825">
    <name>TP1217</name>
  </trkpt>
  <trkpt lat="-33.03476" lon="-68.89813">
    <name>TP1218</name>
  </trkpt>
  <trkpt lat="-33.03474" lon="-68.89802">
    <name>TP1219</name>
  </trkpt>
  <trkpt lat="-33.03474" lon="-68.89801">
    <name>TP1220</name>
  </trkpt>
  <trkpt lat="-33.03471" lon="-68.89792">
    <name>TP1221</name>
  </trkpt>
  <trkpt lat="-33.03466" lon="-68.89782">
    <name>TP1222</name>
  </trkpt>
  <trkpt lat="-33.03461" lon="-68.89773">
    <name>TP1223</name>
  </trkpt>
  <trkpt lat="-33.03454" lon="-68.89766">
    <name>TP1224</name>
  </trkpt>
  <trkpt lat="-33.03452" lon="-68.89757">
    <name>TP1225</name>
  </trkpt>
  <trkpt lat="-33.03451" lon="-68.89752">
    <name>TP1226</name>
  </trkpt>
  <trkpt lat="-33.03448" lon="-68.89742">
    <name>TP1227</name>
  </trkpt>
  <trkpt lat="-33.03447" lon="-68.89737">
    <name>TP1228</name>
  </trkpt>
  <trkpt lat="-33.03447" lon="-68.89736">
    <name>TP1229</name>
  </trkpt>
  <trkpt lat="-33.03447" lon="-68.89731">
    <name>TP1230</name>
  </trkpt>
  <trkpt lat="-33.03446" lon="-68.89723">
    <name>TP1231</name>
  </trkpt>
  <trkpt lat="-33.03445" lon="-68.89714">
    <name>TP1232</name>
  </trkpt>
  <trkpt lat="-33.03446" lon="-68.89707">
    <name>TP1233</name>
  </trkpt>
  <trkpt lat="-33.03446" lon="-68.897">
    <name>TP1234</name>
  </trkpt>
  <trkpt lat="-33.03448" lon="-68.89683">
    <name>TP1235</name>
  </trkpt>
  <trkpt lat="-33.03454" lon="-68.89646">
    <name>TP1236</name>
  </trkpt>
  <trkpt lat="-33.03471" lon="-68.89579">
    <name>TP1237</name>
  </trkpt>
  <trkpt lat="-33.03488" lon="-68.8951">
    <name>TP1238</name>
  </trkpt>
  <trkpt lat="-33.03508" lon="-68.89429">
    <name>TP1239</name>
  </trkpt>
  <trkpt lat="-33.03522" lon="-68.89371">
    <name>TP1240</name>
  </trkpt>
  <trkpt lat="-33.03553" lon="-68.89246">
    <name>TP1241</name>
  </trkpt>
  <trkpt lat="-33.03578" lon="-68.89143">
    <name>TP1242</name>
  </trkpt>
  <trkpt lat="-33.03582" lon="-68.89126">
    <name>TP1243</name>
  </trkpt>
  <trkpt lat="-33.03585" lon="-68.89116">
    <name>TP1244</name>
  </trkpt>
  <trkpt lat="-33.03612" lon="-68.88996">
    <name>TP1245</name>
  </trkpt>
  <trkpt lat="-33.03642" lon="-68.88876">
    <name>TP1246</name>
  </trkpt>
  <trkpt lat="-33.0364164" lon="-68.8887562">
    <name>TP1247</name>
  </trkpt>
  <trkpt lat="-33.03706" lon="-68.88896">
    <name>TP1248</name>
  </trkpt>
  <trkpt lat="-33.03764" lon="-68.88916">
    <name>TP1249</name>
  </trkpt>
  <trkpt lat="-33.03819" lon="-68.88935">
    <name>TP1250</name>
  </trkpt>
  <trkpt lat="-33.0381867" lon="-68.8893466">
    <name>TP1251</name>
  </trkpt>
  <trkpt lat="-33.0385" lon="-68.88813">
    <name>TP1252</name>
  </trkpt>
  <trkpt lat="-33.03876" lon="-68.88689">
    <name>TP1253</name>
  </trkpt>
  <trkpt lat="-33.0389" lon="-68.88628">
    <name>TP1254</name>
  </trkpt>
  <trkpt lat="-33.03903" lon="-68.88567">
    <name>TP1255</name>
  </trkpt>
  <trkpt lat="-33.03917" lon="-68.88504">
    <name>TP1256</name>
  </trkpt>
  <trkpt lat="-33.0393" lon="-68.88445">
    <name>TP1257</name>
  </trkpt>
  <trkpt lat="-33.03962" lon="-68.88325">
    <name>TP1258</name>
  </trkpt>
  <trkpt lat="-33.03999" lon="-68.88199">
    <name>TP1259</name>
  </trkpt>
  <trkpt lat="-33.04032" lon="-68.88087">
    <name>TP1260</name>
  </trkpt>
  <trkpt lat="-33.04034" lon="-68.88076">
    <name>TP1261</name>
  </trkpt>
  <trkpt lat="-33.0403399" lon="-68.8807574">
    <name>TP1262</name>
  </trkpt>
  <trkpt lat="-33.0404" lon="-68.8808">
    <name>TP1263</name>
  </trkpt>
  <trkpt lat="-33.04044" lon="-68.88082">
    <name>TP1264</name>
  </trkpt>
  <trkpt lat="-33.04116" lon="-68.88106">
    <name>TP1265</name>
  </trkpt>
  <trkpt lat="-33.04137" lon="-68.88109">
    <name>TP1266</name>
  </trkpt>
  <trkpt lat="-33.0417" lon="-68.88112">
    <name>TP1267</name>
  </trkpt>
  <trkpt lat="-33.04187" lon="-68.88113">
    <name>TP1268</name>
  </trkpt>
  <trkpt lat="-33.04294" lon="-68.88123">
    <name>TP1269</name>
  </trkpt>
  <trkpt lat="-33.04301" lon="-68.88123">
    <name>TP1270</name>
  </trkpt>
  <trkpt lat="-33.04325" lon="-68.88125">
    <name>TP1271</name>
  </trkpt>
  <trkpt lat="-33.04358" lon="-68.88128">
    <name>TP1272</name>
  </trkpt>
  <trkpt lat="-33.04397" lon="-68.8813">
    <name>TP1273</name>
  </trkpt>
  <trkpt lat="-33.04468" lon="-68.88131">
    <name>TP1274</name>
  </trkpt>
  <trkpt lat="-33.04531" lon="-68.88135">
    <name>TP1275</name>
  </trkpt>
  <trkpt lat="-33.04566" lon="-68.88137">
    <name>TP1276</name>
  </trkpt>
  <trkpt lat="-33.04591" lon="-68.88138">
    <name>TP1277</name>
  </trkpt>
  <trkpt lat="-33.04626" lon="-68.88139">
    <name>TP1278</name>
  </trkpt>
  <trkpt lat="-33.04649" lon="-68.88141">
    <name>TP1279</name>
  </trkpt>
  <trkpt lat="-33.04674" lon="-68.88142">
    <name>TP1280</name>
  </trkpt>
  <trkpt lat="-33.04721" lon="-68.88144">
    <name>TP1281</name>
  </trkpt>
  <trkpt lat="-33.04731" lon="-68.88144">
    <name>TP1282</name>
  </trkpt>
  <trkpt lat="-33.04775" lon="-68.88146">
    <name>TP1283</name>
  </trkpt>
  <trkpt lat="-33.04793" lon="-68.88147">
    <name>TP1284</name>
  </trkpt>
  <trkpt lat="-33.04811" lon="-68.88148">
    <name>TP1285</name>
  </trkpt>
  <trkpt lat="-33.04812" lon="-68.88148">
    <name>TP1286</name>
  </trkpt>
  <trkpt lat="-33.04846" lon="-68.88149">
    <name>TP1287</name>
  </trkpt>
  <trkpt lat="-33.04847" lon="-68.88149">
    <name>TP1288</name>
  </trkpt>
  <trkpt lat="-33.04883" lon="-68.8815">
    <name>TP1289</name>
  </trkpt>
  <trkpt lat="-33.04902" lon="-68.88151">
    <name>TP1290</name>
  </trkpt>
  <trkpt lat="-33.04906" lon="-68.88151">
    <name>TP1291</name>
  </trkpt>
  <trkpt lat="-33.04966" lon="-68.88155">
    <name>TP1292</name>
  </trkpt>
  <trkpt lat="-33.04998" lon="-68.88157">
    <name>TP1293</name>
  </trkpt>
  <trkpt lat="-33.05015" lon="-68.88158">
    <name>TP1294</name>
  </trkpt>
  <trkpt lat="-33.05061" lon="-68.88161">
    <name>TP1295</name>
  </trkpt>
  <trkpt lat="-33.05075" lon="-68.88162">
    <name>TP1296</name>
  </trkpt>
  <trkpt lat="-33.05137" lon="-68.88165">
    <name>TP1297</name>
  </trkpt>
  <trkpt lat="-33.05141" lon="-68.88165">
    <name>TP1298</name>
  </trkpt>
  <trkpt lat="-33.05175" lon="-68.88167">
    <name>TP1299</name>
  </trkpt>
  <trkpt lat="-33.05194" lon="-68.88168">
    <name>TP1300</name>
  </trkpt>
  <trkpt lat="-33.05254" lon="-68.88173">
    <name>TP1301</name>
  </trkpt>
  <trkpt lat="-33.05266" lon="-68.88175">
    <name>TP1302</name>
  </trkpt>
  <trkpt lat="-33.05275" lon="-68.88176">
    <name>TP1303</name>
  </trkpt>
  <trkpt lat="-33.05292" lon="-68.88179">
    <name>TP1304</name>
  </trkpt>
  <trkpt lat="-33.05372" lon="-68.88194">
    <name>TP1305</name>
  </trkpt>
  <trkpt lat="-33.0539" lon="-68.88198">
    <name>TP1306</name>
  </trkpt>
  <trkpt lat="-33.05479" lon="-68.88214">
    <name>TP1307</name>
  </trkpt>
  <trkpt lat="-33.05499" lon="-68.88219">
    <name>TP1308</name>
  </trkpt>
  <trkpt lat="-33.05522" lon="-68.88223">
    <name>TP1309</name>
  </trkpt>
  <trkpt lat="-33.05529" lon="-68.88225">
    <name>TP1310</name>
  </trkpt>
  <trkpt lat="-33.05581" lon="-68.88234">
    <name>TP1311</name>
  </trkpt>
  <trkpt lat="-33.05637" lon="-68.88244">
    <name>TP1312</name>
  </trkpt>
  <trkpt lat="-33.05727" lon="-68.88261">
    <name>TP1313</name>
  </trkpt>
  <trkpt lat="-33.05815" lon="-68.88277">
    <name>TP1314</name>
  </trkpt>
  <trkpt lat="-33.05824" lon="-68.88278">
    <name>TP1315</name>
  </trkpt>
  <trkpt lat="-33.05895" lon="-68.8829">
    <name>TP1316</name>
  </trkpt>
  <trkpt lat="-33.05939" lon="-68.88296">
    <name>TP1317</name>
  </trkpt>
  <trkpt lat="-33.06023" lon="-68.88309">
    <name>TP1318</name>
  </trkpt>
  <trkpt lat="-33.06228" lon="-68.88345">
    <name>TP1319</name>
  </trkpt>
  <trkpt lat="-33.0637" lon="-68.8837">
    <name>TP1320</name>
  </trkpt>
  <trkpt lat="-33.06513" lon="-68.88395">
    <name>TP1321</name>
  </trkpt>
  <trkpt lat="-33.06608" lon="-68.88411">
    <name>TP1322</name>
  </trkpt>
  <trkpt lat="-33.06637" lon="-68.88416">
    <name>TP1323</name>
  </trkpt>
  <trkpt lat="-33.06677" lon="-68.88423">
    <name>TP1324</name>
  </trkpt>
  <trkpt lat="-33.06689" lon="-68.88424">
    <name>TP1325</name>
  </trkpt>
  <trkpt lat="-33.06695" lon="-68.88424">
    <name>TP1326</name>
  </trkpt>
  <trkpt lat="-33.067" lon="-68.88423">
    <name>TP1327</name>
  </trkpt>
  <trkpt lat="-33.06707" lon="-68.88421">
    <name>TP1328</name>
  </trkpt>
  <trkpt lat="-33.06713" lon="-68.88419">
    <name>TP1329</name>
  </trkpt>
  <trkpt lat="-33.06714" lon="-68.8842">
    <name>TP1330</name>
  </trkpt>
  <trkpt lat="-33.06714" lon="-68.88422">
    <name>TP1331</name>
  </trkpt>
  <trkpt lat="-33.06715" lon="-68.88423">
    <name>TP1332</name>
  </trkpt>
  <trkpt lat="-33.06715" lon="-68.88424">
    <name>TP1333</name>
  </trkpt>
  <trkpt lat="-33.06716" lon="-68.88425">
    <name>TP1334</name>
  </trkpt>
  <trkpt lat="-33.06717" lon="-68.88426">
    <name>TP1335</name>
  </trkpt>
  <trkpt lat="-33.06717" lon="-68.88427">
    <name>TP1336</name>
  </trkpt>
  <trkpt lat="-33.06718" lon="-68.88428">
    <name>TP1337</name>
  </trkpt>
  <trkpt lat="-33.06719" lon="-68.88429">
    <name>TP1338</name>
  </trkpt>
  <trkpt lat="-33.0672" lon="-68.8843">
    <name>TP1339</name>
  </trkpt>
  <trkpt lat="-33.06721" lon="-68.88431">
    <name>TP1340</name>
  </trkpt>
  <trkpt lat="-33.06722" lon="-68.88431">
    <name>TP1341</name>
  </trkpt>
  <trkpt lat="-33.06723" lon="-68.88432">
    <name>TP1342</name>
  </trkpt>
  <trkpt lat="-33.06724" lon="-68.88432">
    <name>TP1343</name>
  </trkpt>
  <trkpt lat="-33.06725" lon="-68.88433">
    <name>TP1344</name>
  </trkpt>
  <trkpt lat="-33.06726" lon="-68.88433">
    <name>TP1345</name>
  </trkpt>
  <trkpt lat="-33.06728" lon="-68.88433">
    <name>TP1346</name>
  </trkpt>
  <trkpt lat="-33.0672754" lon="-68.8843296">
    <name>TP1347</name>
  </trkpt>
  <trkpt lat="-33.06725" lon="-68.88452">
    <name>TP1348</name>
  </trkpt>
  <trkpt lat="-33.06724" lon="-68.88464">
    <name>TP1349</name>
  </trkpt>
  <trkpt lat="-33.06723" lon="-68.88478">
    <name>TP1350</name>
  </trkpt>
  <trkpt lat="-33.06721" lon="-68.8852">
    <name>TP1351</name>
  </trkpt>
  <trkpt lat="-33.06719" lon="-68.8857">
    <name>TP1352</name>
  </trkpt>
  <trkpt lat="-33.06715" lon="-68.88637">
    <name>TP1353</name>
  </trkpt>
  <trkpt lat="-33.06714" lon="-68.88655">
    <name>TP1354</name>
  </trkpt>
  <trkpt lat="-33.06713" lon="-68.88787">
    <name>TP1355</name>
  </trkpt>
  <trkpt lat="-33.06713" lon="-68.88821">
    <name>TP1356</name>
  </trkpt>
  <trkpt lat="-33.06712" lon="-68.88908">
    <name>TP1357</name>
  </trkpt>
  <trkpt lat="-33.06712" lon="-68.88936">
    <name>TP1358</name>
  </trkpt>
  <trkpt lat="-33.06713" lon="-68.89001">
    <name>TP1359</name>
  </trkpt>
  <trkpt lat="-33.06713" lon="-68.89022">
    <name>TP1360</name>
  </trkpt>
  <trkpt lat="-33.06714" lon="-68.89108">
    <name>TP1361</name>
  </trkpt>
  <trkpt lat="-33.06714" lon="-68.89115">
    <name>TP1362</name>
  </trkpt>
  <trkpt lat="-33.06714" lon="-68.89194">
    <name>TP1363</name>
  </trkpt>
  <trkpt lat="-33.06714" lon="-68.8927">
    <name>TP1364</name>
  </trkpt>
  <trkpt lat="-33.06714" lon="-68.89283">
    <name>TP1365</name>
  </trkpt>
  <trkpt lat="-33.06714" lon="-68.89296">
    <name>TP1366</name>
  </trkpt>
  <trkpt lat="-33.06716" lon="-68.89359">
    <name>TP1367</name>
  </trkpt>
  <trkpt lat="-33.06716" lon="-68.8936">
    <name>TP1368</name>
  </trkpt>
  <trkpt lat="-33.06715" lon="-68.89445">
    <name>TP1369</name>
  </trkpt>
  <trkpt lat="-33.06715" lon="-68.89467">
    <name>TP1370</name>
  </trkpt>
  <trkpt lat="-33.06715" lon="-68.89574">
    <name>TP1371</name>
  </trkpt>
  <trkpt lat="-33.06715" lon="-68.89585">
    <name>TP1372</name>
  </trkpt>
  <trkpt lat="-33.06715" lon="-68.89703">
    <name>TP1373</name>
  </trkpt>
  <trkpt lat="-33.06715" lon="-68.89789">
    <name>TP1374</name>
  </trkpt>
  <trkpt lat="-33.06715" lon="-68.8979">
    <name>TP1375</name>
  </trkpt>
  <trkpt lat="-33.06715" lon="-68.89832">
    <name>TP1376</name>
  </trkpt>
  <trkpt lat="-33.06715" lon="-68.89853">
    <name>TP1377</name>
  </trkpt>
  <trkpt lat="-33.06715" lon="-68.89896">
    <name>TP1378</name>
  </trkpt>
  <trkpt lat="-33.06715" lon="-68.89918">
    <name>TP1379</name>
  </trkpt>
  <trkpt lat="-33.06715" lon="-68.8996">
    <name>TP1380</name>
  </trkpt>
  <trkpt lat="-33.06715" lon="-68.8997">
    <name>TP1381</name>
  </trkpt>
  <trkpt lat="-33.06716" lon="-68.90003">
    <name>TP1382</name>
  </trkpt>
  <trkpt lat="-33.06716" lon="-68.90068">
    <name>TP1383</name>
  </trkpt>
  <trkpt lat="-33.06717" lon="-68.90127">
    <name>TP1384</name>
  </trkpt>
  <trkpt lat="-33.06718" lon="-68.90174">
    <name>TP1385</name>
  </trkpt>
  <trkpt lat="-33.06718" lon="-68.90175">
    <name>TP1386</name>
  </trkpt>
  <trkpt lat="-33.06717" lon="-68.90215">
    <name>TP1387</name>
  </trkpt>
  <trkpt lat="-33.06715" lon="-68.90241">
    <name>TP1388</name>
  </trkpt>
  <trkpt lat="-33.06713" lon="-68.90261">
    <name>TP1389</name>
  </trkpt>
  <trkpt lat="-33.06713" lon="-68.90264">
    <name>TP1390</name>
  </trkpt>
  <trkpt lat="-33.06709" lon="-68.90301">
    <name>TP1391</name>
  </trkpt>
  <trkpt lat="-33.06707" lon="-68.90325">
    <name>TP1392</name>
  </trkpt>
  <trkpt lat="-33.06703" lon="-68.90364">
    <name>TP1393</name>
  </trkpt>
  <trkpt lat="-33.06698" lon="-68.90396">
    <name>TP1394</name>
  </trkpt>
  <trkpt lat="-33.06692" lon="-68.90431">
    <name>TP1395</name>
  </trkpt>
  <trkpt lat="-33.06686" lon="-68.90495">
    <name>TP1396</name>
  </trkpt>
  <trkpt lat="-33.06681" lon="-68.90528">
    <name>TP1397</name>
  </trkpt>
  <trkpt lat="-33.0668116" lon="-68.905277">
    <name>TP1398</name>
  </trkpt>
  <trkpt lat="-33.0668116" lon="-68.905277">
    <name>TP1399</name>
  </trkpt>
  <trkpt lat="-33.06686" lon="-68.90495">
    <name>TP1400</name>
  </trkpt>
  <trkpt lat="-33.06692" lon="-68.90431">
    <name>TP1401</name>
  </trkpt>
  <trkpt lat="-33.06698" lon="-68.90396">
    <name>TP1402</name>
  </trkpt>
  <trkpt lat="-33.06703" lon="-68.90364">
    <name>TP1403</name>
  </trkpt>
  <trkpt lat="-33.06707" lon="-68.90325">
    <name>TP1404</name>
  </trkpt>
  <trkpt lat="-33.06709" lon="-68.90301">
    <name>TP1405</name>
  </trkpt>
  <trkpt lat="-33.06713" lon="-68.90264">
    <name>TP1406</name>
  </trkpt>
  <trkpt lat="-33.06713" lon="-68.90261">
    <name>TP1407</name>
  </trkpt>
  <trkpt lat="-33.06715" lon="-68.90241">
    <name>TP1408</name>
  </trkpt>
  <trkpt lat="-33.06717" lon="-68.90215">
    <name>TP1409</name>
  </trkpt>
  <trkpt lat="-33.06718" lon="-68.90175">
    <name>TP1410</name>
  </trkpt>
  <trkpt lat="-33.06718" lon="-68.90174">
    <name>TP1411</name>
  </trkpt>
  <trkpt lat="-33.06717" lon="-68.90127">
    <name>TP1412</name>
  </trkpt>
  <trkpt lat="-33.06716" lon="-68.90068">
    <name>TP1413</name>
  </trkpt>
  <trkpt lat="-33.06716" lon="-68.90003">
    <name>TP1414</name>
  </trkpt>
  <trkpt lat="-33.06715" lon="-68.8997">
    <name>TP1415</name>
  </trkpt>
  <trkpt lat="-33.06715" lon="-68.8996">
    <name>TP1416</name>
  </trkpt>
  <trkpt lat="-33.06715" lon="-68.89918">
    <name>TP1417</name>
  </trkpt>
  <trkpt lat="-33.06715" lon="-68.89896">
    <name>TP1418</name>
  </trkpt>
  <trkpt lat="-33.06715" lon="-68.89853">
    <name>TP1419</name>
  </trkpt>
  <trkpt lat="-33.06715" lon="-68.89832">
    <name>TP1420</name>
  </trkpt>
  <trkpt lat="-33.06715" lon="-68.8979">
    <name>TP1421</name>
  </trkpt>
  <trkpt lat="-33.06715" lon="-68.89789">
    <name>TP1422</name>
  </trkpt>
  <trkpt lat="-33.06715" lon="-68.89703">
    <name>TP1423</name>
  </trkpt>
  <trkpt lat="-33.06715" lon="-68.89585">
    <name>TP1424</name>
  </trkpt>
  <trkpt lat="-33.06715" lon="-68.89574">
    <name>TP1425</name>
  </trkpt>
  <trkpt lat="-33.06715" lon="-68.89467">
    <name>TP1426</name>
  </trkpt>
  <trkpt lat="-33.06715" lon="-68.89445">
    <name>TP1427</name>
  </trkpt>
  <trkpt lat="-33.06716" lon="-68.8936">
    <name>TP1428</name>
  </trkpt>
  <trkpt lat="-33.06716" lon="-68.89359">
    <name>TP1429</name>
  </trkpt>
  <trkpt lat="-33.06714" lon="-68.89296">
    <name>TP1430</name>
  </trkpt>
  <trkpt lat="-33.06714" lon="-68.89283">
    <name>TP1431</name>
  </trkpt>
  <trkpt lat="-33.06714" lon="-68.8927">
    <name>TP1432</name>
  </trkpt>
  <trkpt lat="-33.06714" lon="-68.89194">
    <name>TP1433</name>
  </trkpt>
  <trkpt lat="-33.06714" lon="-68.89115">
    <name>TP1434</name>
  </trkpt>
  <trkpt lat="-33.06714" lon="-68.89108">
    <name>TP1435</name>
  </trkpt>
  <trkpt lat="-33.06713" lon="-68.89022">
    <name>TP1436</name>
  </trkpt>
  <trkpt lat="-33.06713" lon="-68.89001">
    <name>TP1437</name>
  </trkpt>
  <trkpt lat="-33.06712" lon="-68.88936">
    <name>TP1438</name>
  </trkpt>
  <trkpt lat="-33.06712" lon="-68.88908">
    <name>TP1439</name>
  </trkpt>
  <trkpt lat="-33.06713" lon="-68.88821">
    <name>TP1440</name>
  </trkpt>
  <trkpt lat="-33.06713" lon="-68.88787">
    <name>TP1441</name>
  </trkpt>
  <trkpt lat="-33.06714" lon="-68.88655">
    <name>TP1442</name>
  </trkpt>
  <trkpt lat="-33.06715" lon="-68.88637">
    <name>TP1443</name>
  </trkpt>
  <trkpt lat="-33.06719" lon="-68.8857">
    <name>TP1444</name>
  </trkpt>
  <trkpt lat="-33.06721" lon="-68.8852">
    <name>TP1445</name>
  </trkpt>
  <trkpt lat="-33.06723" lon="-68.88478">
    <name>TP1446</name>
  </trkpt>
  <trkpt lat="-33.06724" lon="-68.88464">
    <name>TP1447</name>
  </trkpt>
  <trkpt lat="-33.06725" lon="-68.88452">
    <name>TP1448</name>
  </trkpt>
  <trkpt lat="-33.06728" lon="-68.88433">
    <name>TP1449</name>
  </trkpt>
  <trkpt lat="-33.06729" lon="-68.88433">
    <name>TP1450</name>
  </trkpt>
  <trkpt lat="-33.0673" lon="-68.88433">
    <name>TP1451</name>
  </trkpt>
  <trkpt lat="-33.06731" lon="-68.88433">
    <name>TP1452</name>
  </trkpt>
  <trkpt lat="-33.06732" lon="-68.88433">
    <name>TP1453</name>
  </trkpt>
  <trkpt lat="-33.06734" lon="-68.88433">
    <name>TP1454</name>
  </trkpt>
  <trkpt lat="-33.06735" lon="-68.88432">
    <name>TP1455</name>
  </trkpt>
  <trkpt lat="-33.06736" lon="-68.88432">
    <name>TP1456</name>
  </trkpt>
  <trkpt lat="-33.06737" lon="-68.88431">
    <name>TP1457</name>
  </trkpt>
  <trkpt lat="-33.06738" lon="-68.8843">
    <name>TP1458</name>
  </trkpt>
  <trkpt lat="-33.06739" lon="-68.88429">
    <name>TP1459</name>
  </trkpt>
  <trkpt lat="-33.0674" lon="-68.88429">
    <name>TP1460</name>
  </trkpt>
  <trkpt lat="-33.0674" lon="-68.88428">
    <name>TP1461</name>
  </trkpt>
  <trkpt lat="-33.06741" lon="-68.88427">
    <name>TP1462</name>
  </trkpt>
  <trkpt lat="-33.06742" lon="-68.88426">
    <name>TP1463</name>
  </trkpt>
  <trkpt lat="-33.06743" lon="-68.88424">
    <name>TP1464</name>
  </trkpt>
  <trkpt lat="-33.06743" lon="-68.88423">
    <name>TP1465</name>
  </trkpt>
  <trkpt lat="-33.06744" lon="-68.88422">
    <name>TP1466</name>
  </trkpt>
  <trkpt lat="-33.06744" lon="-68.88421">
    <name>TP1467</name>
  </trkpt>
  <trkpt lat="-33.0674436" lon="-68.8842088">
    <name>TP1468</name>
  </trkpt>
  <trkpt lat="-33.06744" lon="-68.88419">
    <name>TP1469</name>
  </trkpt>
  <trkpt lat="-33.06745" lon="-68.88418">
    <name>TP1470</name>
  </trkpt>
  <trkpt lat="-33.06745" lon="-68.88417">
    <name>TP1471</name>
  </trkpt>
  <trkpt lat="-33.06745" lon="-68.88415">
    <name>TP1472</name>
  </trkpt>
  <trkpt lat="-33.06745" lon="-68.88414">
    <name>TP1473</name>
  </trkpt>
  <trkpt lat="-33.06745" lon="-68.88412">
    <name>TP1474</name>
  </trkpt>
  <trkpt lat="-33.06745" lon="-68.88411">
    <name>TP1475</name>
  </trkpt>
  <trkpt lat="-33.06745" lon="-68.8841">
    <name>TP1476</name>
  </trkpt>
  <trkpt lat="-33.06744" lon="-68.88408">
    <name>TP1477</name>
  </trkpt>
  <trkpt lat="-33.06744" lon="-68.88407">
    <name>TP1478</name>
  </trkpt>
  <trkpt lat="-33.06743" lon="-68.88406">
    <name>TP1479</name>
  </trkpt>
  <trkpt lat="-33.06743" lon="-68.88405">
    <name>TP1480</name>
  </trkpt>
  <trkpt lat="-33.06742" lon="-68.88403">
    <name>TP1481</name>
  </trkpt>
  <trkpt lat="-33.06742" lon="-68.88402">
    <name>TP1482</name>
  </trkpt>
  <trkpt lat="-33.06741" lon="-68.88401">
    <name>TP1483</name>
  </trkpt>
  <trkpt lat="-33.0674" lon="-68.884">
    <name>TP1484</name>
  </trkpt>
  <trkpt lat="-33.06739" lon="-68.88399">
    <name>TP1485</name>
  </trkpt>
  <trkpt lat="-33.06738" lon="-68.88399">
    <name>TP1486</name>
  </trkpt>
  <trkpt lat="-33.06737" lon="-68.88398">
    <name>TP1487</name>
  </trkpt>
  <trkpt lat="-33.06736" lon="-68.88397">
    <name>TP1488</name>
  </trkpt>
  <trkpt lat="-33.06735" lon="-68.88397">
    <name>TP1489</name>
  </trkpt>
  <trkpt lat="-33.06734" lon="-68.88396">
    <name>TP1490</name>
  </trkpt>
  <trkpt lat="-33.06733" lon="-68.88396">
    <name>TP1491</name>
  </trkpt>
  <trkpt lat="-33.06732" lon="-68.88395">
    <name>TP1492</name>
  </trkpt>
  <trkpt lat="-33.06731" lon="-68.88395">
    <name>TP1493</name>
  </trkpt>
  <trkpt lat="-33.0673" lon="-68.88395">
    <name>TP1494</name>
  </trkpt>
  <trkpt lat="-33.06729" lon="-68.88395">
    <name>TP1495</name>
  </trkpt>
  <trkpt lat="-33.06728" lon="-68.88395">
    <name>TP1496</name>
  </trkpt>
  <trkpt lat="-33.06726" lon="-68.88395">
    <name>TP1497</name>
  </trkpt>
  <trkpt lat="-33.06725" lon="-68.88395">
    <name>TP1498</name>
  </trkpt>
  <trkpt lat="-33.0672522" lon="-68.8839528">
    <name>TP1499</name>
  </trkpt>
  <trkpt lat="-33.06724" lon="-68.88396">
    <name>TP1500</name>
  </trkpt>
  <trkpt lat="-33.06723" lon="-68.88396">
    <name>TP1501</name>
  </trkpt>
  <trkpt lat="-33.06722" lon="-68.88397">
    <name>TP1502</name>
  </trkpt>
  <trkpt lat="-33.06721" lon="-68.88398">
    <name>TP1503</name>
  </trkpt>
  <trkpt lat="-33.0672" lon="-68.88398">
    <name>TP1504</name>
  </trkpt>
  <trkpt lat="-33.06719" lon="-68.88399">
    <name>TP1505</name>
  </trkpt>
  <trkpt lat="-33.06718" lon="-68.884">
    <name>TP1506</name>
  </trkpt>
  <trkpt lat="-33.06717" lon="-68.88401">
    <name>TP1507</name>
  </trkpt>
  <trkpt lat="-33.06716" lon="-68.88402">
    <name>TP1508</name>
  </trkpt>
  <trkpt lat="-33.06716" lon="-68.88403">
    <name>TP1509</name>
  </trkpt>
  <trkpt lat="-33.06715" lon="-68.88404">
    <name>TP1510</name>
  </trkpt>
  <trkpt lat="-33.06714" lon="-68.88406">
    <name>TP1511</name>
  </trkpt>
  <trkpt lat="-33.06714" lon="-68.88407">
    <name>TP1512</name>
  </trkpt>
  <trkpt lat="-33.06714" lon="-68.88408">
    <name>TP1513</name>
  </trkpt>
  <trkpt lat="-33.06713" lon="-68.8841">
    <name>TP1514</name>
  </trkpt>
  <trkpt lat="-33.06713" lon="-68.88411">
    <name>TP1515</name>
  </trkpt>
  <trkpt lat="-33.06713" lon="-68.88412">
    <name>TP1516</name>
  </trkpt>
  <trkpt lat="-33.06713" lon="-68.88414">
    <name>TP1517</name>
  </trkpt>
  <trkpt lat="-33.06713" lon="-68.88415">
    <name>TP1518</name>
  </trkpt>
  <trkpt lat="-33.06713" lon="-68.88416">
    <name>TP1519</name>
  </trkpt>
  <trkpt lat="-33.06713" lon="-68.88418">
    <name>TP1520</name>
  </trkpt>
  <trkpt lat="-33.06713" lon="-68.88419">
    <name>TP1521</name>
  </trkpt>
  <trkpt lat="-33.0671312" lon="-68.8841918">
    <name>TP1522</name>
  </trkpt>
  <trkpt lat="-33.06707" lon="-68.88421">
    <name>TP1523</name>
  </trkpt>
  <trkpt lat="-33.067" lon="-68.88423">
    <name>TP1524</name>
  </trkpt>
  <trkpt lat="-33.06695" lon="-68.88424">
    <name>TP1525</name>
  </trkpt>
  <trkpt lat="-33.06689" lon="-68.88424">
    <name>TP1526</name>
  </trkpt>
  <trkpt lat="-33.06677" lon="-68.88423">
    <name>TP1527</name>
  </trkpt>
  <trkpt lat="-33.06637" lon="-68.88416">
    <name>TP1528</name>
  </trkpt>
  <trkpt lat="-33.06608" lon="-68.88411">
    <name>TP1529</name>
  </trkpt>
  <trkpt lat="-33.06513" lon="-68.88395">
    <name>TP1530</name>
  </trkpt>
  <trkpt lat="-33.0637" lon="-68.8837">
    <name>TP1531</name>
  </trkpt>
  <trkpt lat="-33.06228" lon="-68.88345">
    <name>TP1532</name>
  </trkpt>
  <trkpt lat="-33.06023" lon="-68.88309">
    <name>TP1533</name>
  </trkpt>
  <trkpt lat="-33.05939" lon="-68.88296">
    <name>TP1534</name>
  </trkpt>
  <trkpt lat="-33.05895" lon="-68.8829">
    <name>TP1535</name>
  </trkpt>
  <trkpt lat="-33.05824" lon="-68.88278">
    <name>TP1536</name>
  </trkpt>
  <trkpt lat="-33.05815" lon="-68.88277">
    <name>TP1537</name>
  </trkpt>
  <trkpt lat="-33.05727" lon="-68.88261">
    <name>TP1538</name>
  </trkpt>
  <trkpt lat="-33.05637" lon="-68.88244">
    <name>TP1539</name>
  </trkpt>
  <trkpt lat="-33.05581" lon="-68.88234">
    <name>TP1540</name>
  </trkpt>
  <trkpt lat="-33.05529" lon="-68.88225">
    <name>TP1541</name>
  </trkpt>
  <trkpt lat="-33.05522" lon="-68.88223">
    <name>TP1542</name>
  </trkpt>
  <trkpt lat="-33.05499" lon="-68.88219">
    <name>TP1543</name>
  </trkpt>
  <trkpt lat="-33.05479" lon="-68.88214">
    <name>TP1544</name>
  </trkpt>
  <trkpt lat="-33.0539" lon="-68.88198">
    <name>TP1545</name>
  </trkpt>
  <trkpt lat="-33.05372" lon="-68.88194">
    <name>TP1546</name>
  </trkpt>
  <trkpt lat="-33.05292" lon="-68.88179">
    <name>TP1547</name>
  </trkpt>
  <trkpt lat="-33.05275" lon="-68.88176">
    <name>TP1548</name>
  </trkpt>
  <trkpt lat="-33.05266" lon="-68.88175">
    <name>TP1549</name>
  </trkpt>
  <trkpt lat="-33.05254" lon="-68.88173">
    <name>TP1550</name>
  </trkpt>
  <trkpt lat="-33.05194" lon="-68.88168">
    <name>TP1551</name>
  </trkpt>
  <trkpt lat="-33.05175" lon="-68.88167">
    <name>TP1552</name>
  </trkpt>
  <trkpt lat="-33.05141" lon="-68.88165">
    <name>TP1553</name>
  </trkpt>
  <trkpt lat="-33.05137" lon="-68.88165">
    <name>TP1554</name>
  </trkpt>
  <trkpt lat="-33.05075" lon="-68.88162">
    <name>TP1555</name>
  </trkpt>
  <trkpt lat="-33.05061" lon="-68.88161">
    <name>TP1556</name>
  </trkpt>
  <trkpt lat="-33.05015" lon="-68.88158">
    <name>TP1557</name>
  </trkpt>
  <trkpt lat="-33.04998" lon="-68.88157">
    <name>TP1558</name>
  </trkpt>
  <trkpt lat="-33.04966" lon="-68.88155">
    <name>TP1559</name>
  </trkpt>
  <trkpt lat="-33.04906" lon="-68.88151">
    <name>TP1560</name>
  </trkpt>
  <trkpt lat="-33.04902" lon="-68.88151">
    <name>TP1561</name>
  </trkpt>
  <trkpt lat="-33.04883" lon="-68.8815">
    <name>TP1562</name>
  </trkpt>
  <trkpt lat="-33.04847" lon="-68.88149">
    <name>TP1563</name>
  </trkpt>
  <trkpt lat="-33.04846" lon="-68.88149">
    <name>TP1564</name>
  </trkpt>
  <trkpt lat="-33.04812" lon="-68.88148">
    <name>TP1565</name>
  </trkpt>
  <trkpt lat="-33.04811" lon="-68.88148">
    <name>TP1566</name>
  </trkpt>
  <trkpt lat="-33.04793" lon="-68.88147">
    <name>TP1567</name>
  </trkpt>
  <trkpt lat="-33.04775" lon="-68.88146">
    <name>TP1568</name>
  </trkpt>
  <trkpt lat="-33.04731" lon="-68.88144">
    <name>TP1569</name>
  </trkpt>
  <trkpt lat="-33.04721" lon="-68.88144">
    <name>TP1570</name>
  </trkpt>
  <trkpt lat="-33.04674" lon="-68.88142">
    <name>TP1571</name>
  </trkpt>
  <trkpt lat="-33.04649" lon="-68.88141">
    <name>TP1572</name>
  </trkpt>
  <trkpt lat="-33.04626" lon="-68.88139">
    <name>TP1573</name>
  </trkpt>
  <trkpt lat="-33.04591" lon="-68.88138">
    <name>TP1574</name>
  </trkpt>
  <trkpt lat="-33.04566" lon="-68.88137">
    <name>TP1575</name>
  </trkpt>
  <trkpt lat="-33.04531" lon="-68.88135">
    <name>TP1576</name>
  </trkpt>
  <trkpt lat="-33.04468" lon="-68.88131">
    <name>TP1577</name>
  </trkpt>
  <trkpt lat="-33.04397" lon="-68.8813">
    <name>TP1578</name>
  </trkpt>
  <trkpt lat="-33.04358" lon="-68.88128">
    <name>TP1579</name>
  </trkpt>
  <trkpt lat="-33.04325" lon="-68.88125">
    <name>TP1580</name>
  </trkpt>
  <trkpt lat="-33.04301" lon="-68.88123">
    <name>TP1581</name>
  </trkpt>
  <trkpt lat="-33.04294" lon="-68.88123">
    <name>TP1582</name>
  </trkpt>
  <trkpt lat="-33.04187" lon="-68.88113">
    <name>TP1583</name>
  </trkpt>
  <trkpt lat="-33.0417" lon="-68.88112">
    <name>TP1584</name>
  </trkpt>
  <trkpt lat="-33.04137" lon="-68.88109">
    <name>TP1585</name>
  </trkpt>
  <trkpt lat="-33.04116" lon="-68.88106">
    <name>TP1586</name>
  </trkpt>
  <trkpt lat="-33.04044" lon="-68.88082">
    <name>TP1587</name>
  </trkpt>
  <trkpt lat="-33.0404" lon="-68.8808">
    <name>TP1588</name>
  </trkpt>
  <trkpt lat="-33.04034" lon="-68.88076">
    <name>TP1589</name>
  </trkpt>
  <trkpt lat="-33.0403399" lon="-68.8807574">
    <name>TP1590</name>
  </trkpt>
  <trkpt lat="-33.04032" lon="-68.88087">
    <name>TP1591</name>
  </trkpt>
  <trkpt lat="-33.03999" lon="-68.88199">
    <name>TP1592</name>
  </trkpt>
  <trkpt lat="-33.03962" lon="-68.88325">
    <name>TP1593</name>
  </trkpt>
  <trkpt lat="-33.0393" lon="-68.88445">
    <name>TP1594</name>
  </trkpt>
  <trkpt lat="-33.03917" lon="-68.88504">
    <name>TP1595</name>
  </trkpt>
  <trkpt lat="-33.03903" lon="-68.88567">
    <name>TP1596</name>
  </trkpt>
  <trkpt lat="-33.0389" lon="-68.88628">
    <name>TP1597</name>
  </trkpt>
  <trkpt lat="-33.03876" lon="-68.88689">
    <name>TP1598</name>
  </trkpt>
  <trkpt lat="-33.0385" lon="-68.88813">
    <name>TP1599</name>
  </trkpt>
  <trkpt lat="-33.03819" lon="-68.88935">
    <name>TP1600</name>
  </trkpt>
  <trkpt lat="-33.0381867" lon="-68.8893466">
    <name>TP1601</name>
  </trkpt>
  <trkpt lat="-33.03764" lon="-68.88916">
    <name>TP1602</name>
  </trkpt>
  <trkpt lat="-33.03706" lon="-68.88896">
    <name>TP1603</name>
  </trkpt>
  <trkpt lat="-33.03642" lon="-68.88876">
    <name>TP1604</name>
  </trkpt>
  <trkpt lat="-33.0364164" lon="-68.8887562">
    <name>TP1605</name>
  </trkpt>
  <trkpt lat="-33.03612" lon="-68.88996">
    <name>TP1606</name>
  </trkpt>
  <trkpt lat="-33.03585" lon="-68.89116">
    <name>TP1607</name>
  </trkpt>
  <trkpt lat="-33.03582" lon="-68.89126">
    <name>TP1608</name>
  </trkpt>
  <trkpt lat="-33.03578" lon="-68.89143">
    <name>TP1609</name>
  </trkpt>
  <trkpt lat="-33.03553" lon="-68.89246">
    <name>TP1610</name>
  </trkpt>
  <trkpt lat="-33.03522" lon="-68.89371">
    <name>TP1611</name>
  </trkpt>
  <trkpt lat="-33.03508" lon="-68.89429">
    <name>TP1612</name>
  </trkpt>
  <trkpt lat="-33.03488" lon="-68.8951">
    <name>TP1613</name>
  </trkpt>
  <trkpt lat="-33.03471" lon="-68.89579">
    <name>TP1614</name>
  </trkpt>
  <trkpt lat="-33.03454" lon="-68.89646">
    <name>TP1615</name>
  </trkpt>
  <trkpt lat="-33.03444" lon="-68.8967">
    <name>TP1616</name>
  </trkpt>
  <trkpt lat="-33.03436" lon="-68.897">
    <name>TP1617</name>
  </trkpt>
  <trkpt lat="-33.03428" lon="-68.8972">
    <name>TP1618</name>
  </trkpt>
  <trkpt lat="-33.03424" lon="-68.89729">
    <name>TP1619</name>
  </trkpt>
  <trkpt lat="-33.03411" lon="-68.89751">
    <name>TP1620</name>
  </trkpt>
  <trkpt lat="-33.0341091" lon="-68.897509">
    <name>TP1621</name>
  </trkpt>
  <trkpt lat="-33.0341" lon="-68.89751">
    <name>TP1622</name>
  </trkpt>
  <trkpt lat="-33.0341" lon="-68.89752">
    <name>TP1623</name>
  </trkpt>
  <trkpt lat="-33.03409" lon="-68.89752">
    <name>TP1624</name>
  </trkpt>
  <trkpt lat="-33.03408" lon="-68.89753">
    <name>TP1625</name>
  </trkpt>
  <trkpt lat="-33.03407" lon="-68.89753">
    <name>TP1626</name>
  </trkpt>
  <trkpt lat="-33.03406" lon="-68.89754">
    <name>TP1627</name>
  </trkpt>
  <trkpt lat="-33.03403" lon="-68.89757">
    <name>TP1628</name>
  </trkpt>
  <trkpt lat="-33.03399" lon="-68.8976">
    <name>TP1629</name>
  </trkpt>
  <trkpt lat="-33.03396" lon="-68.89764">
    <name>TP1630</name>
  </trkpt>
  <trkpt lat="-33.03394" lon="-68.89768">
    <name>TP1631</name>
  </trkpt>
  <trkpt lat="-33.03392" lon="-68.89773">
    <name>TP1632</name>
  </trkpt>
  <trkpt lat="-33.0339" lon="-68.89778">
    <name>TP1633</name>
  </trkpt>
  <trkpt lat="-33.03389" lon="-68.89783">
    <name>TP1634</name>
  </trkpt>
  <trkpt lat="-33.03388" lon="-68.89788">
    <name>TP1635</name>
  </trkpt>
  <trkpt lat="-33.03389" lon="-68.89802">
    <name>TP1636</name>
  </trkpt>
  <trkpt lat="-33.03389" lon="-68.89807">
    <name>TP1637</name>
  </trkpt>
  <trkpt lat="-33.03393" lon="-68.89816">
    <name>TP1638</name>
  </trkpt>
  <trkpt lat="-33.03385" lon="-68.89872">
    <name>TP1639</name>
  </trkpt>
  <trkpt lat="-33.03362" lon="-68.89918">
    <name>TP1640</name>
  </trkpt>
  <trkpt lat="-33.03351" lon="-68.89936">
    <name>TP1641</name>
  </trkpt>
  <trkpt lat="-33.03335" lon="-68.89962">
    <name>TP1642</name>
  </trkpt>
  <trkpt lat="-33.03329" lon="-68.89972">
    <name>TP1643</name>
  </trkpt>
  <trkpt lat="-33.03317" lon="-68.89991">
    <name>TP1644</name>
  </trkpt>
  <trkpt lat="-33.03305" lon="-68.90014">
    <name>TP1645</name>
  </trkpt>
  <trkpt lat="-33.03297" lon="-68.90036">
    <name>TP1646</name>
  </trkpt>
  <trkpt lat="-33.03294" lon="-68.90045">
    <name>TP1647</name>
  </trkpt>
  <trkpt lat="-33.03288" lon="-68.90063">
    <name>TP1648</name>
  </trkpt>
  <trkpt lat="-33.03285" lon="-68.90069">
    <name>TP1649</name>
  </trkpt>
  <trkpt lat="-33.0328" lon="-68.90086">
    <name>TP1650</name>
  </trkpt>
  <trkpt lat="-33.03278" lon="-68.90092">
    <name>TP1651</name>
  </trkpt>
  <trkpt lat="-33.03274" lon="-68.90108">
    <name>TP1652</name>
  </trkpt>
  <trkpt lat="-33.03274" lon="-68.9011">
    <name>TP1653</name>
  </trkpt>
  <trkpt lat="-33.03271" lon="-68.90126">
    <name>TP1654</name>
  </trkpt>
  <trkpt lat="-33.03267" lon="-68.90144">
    <name>TP1655</name>
  </trkpt>
  <trkpt lat="-33.03263" lon="-68.90168">
    <name>TP1656</name>
  </trkpt>
  <trkpt lat="-33.03263" lon="-68.90171">
    <name>TP1657</name>
  </trkpt>
  <trkpt lat="-33.03261" lon="-68.90186">
    <name>TP1658</name>
  </trkpt>
  <trkpt lat="-33.0326" lon="-68.90198">
    <name>TP1659</name>
  </trkpt>
  <trkpt lat="-33.03259" lon="-68.90215">
    <name>TP1660</name>
  </trkpt>
  <trkpt lat="-33.03258" lon="-68.90223">
    <name>TP1661</name>
  </trkpt>
  <trkpt lat="-33.03258" lon="-68.90225">
    <name>TP1662</name>
  </trkpt>
  <trkpt lat="-33.03258" lon="-68.90243">
    <name>TP1663</name>
  </trkpt>
  <trkpt lat="-33.03257" lon="-68.90246">
    <name>TP1664</name>
  </trkpt>
  <trkpt lat="-33.03256" lon="-68.90273">
    <name>TP1665</name>
  </trkpt>
  <trkpt lat="-33.03256" lon="-68.903">
    <name>TP1666</name>
  </trkpt>
  <trkpt lat="-33.03256" lon="-68.90309">
    <name>TP1667</name>
  </trkpt>
  <trkpt lat="-33.03254" lon="-68.90329">
    <name>TP1668</name>
  </trkpt>
  <trkpt lat="-33.03252" lon="-68.90361">
    <name>TP1669</name>
  </trkpt>
  <trkpt lat="-33.03247" lon="-68.90437">
    <name>TP1670</name>
  </trkpt>
  <trkpt lat="-33.03246" lon="-68.9045">
    <name>TP1671</name>
  </trkpt>
  <trkpt lat="-33.03245" lon="-68.90478">
    <name>TP1672</name>
  </trkpt>
  <trkpt lat="-33.03246" lon="-68.9049">
    <name>TP1673</name>
  </trkpt>
  <trkpt lat="-33.03241" lon="-68.90538">
    <name>TP1674</name>
  </trkpt>
  <trkpt lat="-33.03238" lon="-68.90569">
    <name>TP1675</name>
  </trkpt>
  <trkpt lat="-33.03237" lon="-68.90622">
    <name>TP1676</name>
  </trkpt>
  <trkpt lat="-33.03236" lon="-68.90632">
    <name>TP1677</name>
  </trkpt>
  <trkpt lat="-33.03233" lon="-68.90671">
    <name>TP1678</name>
  </trkpt>
  <trkpt lat="-33.03226" lon="-68.90755">
    <name>TP1679</name>
  </trkpt>
  <trkpt lat="-33.03221" lon="-68.90774">
    <name>TP1680</name>
  </trkpt>
  <trkpt lat="-33.03213" lon="-68.90789">
    <name>TP1681</name>
  </trkpt>
  <trkpt lat="-33.03203" lon="-68.90804">
    <name>TP1682</name>
  </trkpt>
  <trkpt lat="-33.03203" lon="-68.908043">
    <name>TP1683</name>
  </trkpt>
  <trkpt lat="-33.032" lon="-68.90805">
    <name>TP1684</name>
  </trkpt>
  <trkpt lat="-33.03198" lon="-68.90805">
    <name>TP1685</name>
  </trkpt>
  <trkpt lat="-33.03195" lon="-68.90807">
    <name>TP1686</name>
  </trkpt>
  <trkpt lat="-33.03193" lon="-68.90808">
    <name>TP1687</name>
  </trkpt>
  <trkpt lat="-33.0319" lon="-68.9081">
    <name>TP1688</name>
  </trkpt>
  <trkpt lat="-33.03188" lon="-68.90812">
    <name>TP1689</name>
  </trkpt>
  <trkpt lat="-33.03186" lon="-68.90814">
    <name>TP1690</name>
  </trkpt>
  <trkpt lat="-33.03184" lon="-68.90817">
    <name>TP1691</name>
  </trkpt>
  <trkpt lat="-33.03183" lon="-68.9082">
    <name>TP1692</name>
  </trkpt>
  <trkpt lat="-33.03182" lon="-68.90823">
    <name>TP1693</name>
  </trkpt>
  <trkpt lat="-33.0318" lon="-68.90827">
    <name>TP1694</name>
  </trkpt>
  <trkpt lat="-33.0318" lon="-68.90831">
    <name>TP1695</name>
  </trkpt>
  <trkpt lat="-33.0318" lon="-68.90834">
    <name>TP1696</name>
  </trkpt>
  <trkpt lat="-33.0318" lon="-68.90837">
    <name>TP1697</name>
  </trkpt>
  <trkpt lat="-33.03181" lon="-68.9084">
    <name>TP1698</name>
  </trkpt>
  <trkpt lat="-33.03181" lon="-68.90844">
    <name>TP1699</name>
  </trkpt>
  <trkpt lat="-33.03182" lon="-68.90847">
    <name>TP1700</name>
  </trkpt>
  <trkpt lat="-33.03184" lon="-68.90849">
    <name>TP1701</name>
  </trkpt>
  <trkpt lat="-33.03187" lon="-68.90854">
    <name>TP1702</name>
  </trkpt>
  <trkpt lat="-33.03189" lon="-68.90856">
    <name>TP1703</name>
  </trkpt>
  <trkpt lat="-33.0319" lon="-68.90856">
    <name>TP1704</name>
  </trkpt>
  <trkpt lat="-33.03192" lon="-68.90858">
    <name>TP1705</name>
  </trkpt>
  <trkpt lat="-33.03194" lon="-68.9086">
    <name>TP1706</name>
  </trkpt>
  <trkpt lat="-33.03197" lon="-68.90861">
    <name>TP1707</name>
  </trkpt>
  <trkpt lat="-33.03199" lon="-68.90863">
    <name>TP1708</name>
  </trkpt>
  <trkpt lat="-33.03202" lon="-68.90864">
    <name>TP1709</name>
  </trkpt>
  <trkpt lat="-33.03204" lon="-68.90865">
    <name>TP1710</name>
  </trkpt>
  <trkpt lat="-33.03207" lon="-68.90866">
    <name>TP1711</name>
  </trkpt>
  <trkpt lat="-33.03209" lon="-68.90866">
    <name>TP1712</name>
  </trkpt>
  <trkpt lat="-33.03212" lon="-68.90866">
    <name>TP1713</name>
  </trkpt>
  <trkpt lat="-33.03214" lon="-68.90865">
    <name>TP1714</name>
  </trkpt>
  <trkpt lat="-33.03215" lon="-68.90865">
    <name>TP1715</name>
  </trkpt>
  <trkpt lat="-33.03241" lon="-68.90883">
    <name>TP1716</name>
  </trkpt>
  <trkpt lat="-33.03247" lon="-68.9089">
    <name>TP1717</name>
  </trkpt>
  <trkpt lat="-33.03257" lon="-68.909">
    <name>TP1718</name>
  </trkpt>
  <trkpt lat="-33.03271" lon="-68.90913">
    <name>TP1719</name>
  </trkpt>
  <trkpt lat="-33.03295" lon="-68.90929">
    <name>TP1720</name>
  </trkpt>
  <trkpt lat="-33.0333" lon="-68.90957">
    <name>TP1721</name>
  </trkpt>
  <trkpt lat="-33.03371" lon="-68.90985">
    <name>TP1722</name>
  </trkpt>
  <trkpt lat="-33.03423" lon="-68.91022">
    <name>TP1723</name>
  </trkpt>
  <trkpt lat="-33.03496" lon="-68.91073">
    <name>TP1724</name>
  </trkpt>
  <trkpt lat="-33.03528" lon="-68.91095">
    <name>TP1725</name>
  </trkpt>
  <trkpt lat="-33.03536" lon="-68.91103">
    <name>TP1726</name>
  </trkpt>
  <trkpt lat="-33.03544" lon="-68.91113">
    <name>TP1727</name>
  </trkpt>
  <trkpt lat="-33.03554" lon="-68.91128">
    <name>TP1728</name>
  </trkpt>
  <trkpt lat="-33.03558" lon="-68.91142">
    <name>TP1729</name>
  </trkpt>
  <trkpt lat="-33.03561" lon="-68.91148">
    <name>TP1730</name>
  </trkpt>
  <trkpt lat="-33.03562" lon="-68.91154">
    <name>TP1731</name>
  </trkpt>
  <trkpt lat="-33.03564" lon="-68.91166">
    <name>TP1732</name>
  </trkpt>
  <trkpt lat="-33.03565" lon="-68.91193">
    <name>TP1733</name>
  </trkpt>
  <trkpt lat="-33.03565" lon="-68.91226">
    <name>TP1734</name>
  </trkpt>
  <trkpt lat="-33.03561" lon="-68.91294">
    <name>TP1735</name>
  </trkpt>
  <trkpt lat="-33.03559" lon="-68.91348">
    <name>TP1736</name>
  </trkpt>
  <trkpt lat="-33.03558" lon="-68.91362">
    <name>TP1737</name>
  </trkpt>
  <trkpt lat="-33.03558" lon="-68.91379">
    <name>TP1738</name>
  </trkpt>
  <trkpt lat="-33.03551" lon="-68.91543">
    <name>TP1739</name>
  </trkpt>
  <trkpt lat="-33.03551" lon="-68.91549">
    <name>TP1740</name>
  </trkpt>
  <trkpt lat="-33.03549" lon="-68.91586">
    <name>TP1741</name>
  </trkpt>
  <trkpt lat="-33.03548" lon="-68.91609">
    <name>TP1742</name>
  </trkpt>
  <trkpt lat="-33.03546" lon="-68.91657">
    <name>TP1743</name>
  </trkpt>
  <trkpt lat="-33.03542" lon="-68.91754">
    <name>TP1744</name>
  </trkpt>
  <trkpt lat="-33.03537" lon="-68.91856">
    <name>TP1745</name>
  </trkpt>
  <trkpt lat="-33.03533" lon="-68.91949">
    <name>TP1746</name>
  </trkpt>
  <trkpt lat="-33.03531" lon="-68.92014">
    <name>TP1747</name>
  </trkpt>
  <trkpt lat="-33.0353" lon="-68.92036">
    <name>TP1748</name>
  </trkpt>
  <trkpt lat="-33.03528" lon="-68.92097">
    <name>TP1749</name>
  </trkpt>
  <trkpt lat="-33.03525" lon="-68.92161">
    <name>TP1750</name>
  </trkpt>
  <trkpt lat="-33.03519" lon="-68.92303">
    <name>TP1751</name>
  </trkpt>
  <trkpt lat="-33.03517" lon="-68.92361">
    <name>TP1752</name>
  </trkpt>
  <trkpt lat="-33.03512" lon="-68.92464">
    <name>TP1753</name>
  </trkpt>
  <trkpt lat="-33.03512" lon="-68.92465">
    <name>TP1754</name>
  </trkpt>
  <trkpt lat="-33.03509" lon="-68.92523">
    <name>TP1755</name>
  </trkpt>
  <trkpt lat="-33.03507" lon="-68.92578">
    <name>TP1756</name>
  </trkpt>
  <trkpt lat="-33.03506" lon="-68.92584">
    <name>TP1757</name>
  </trkpt>
  <trkpt lat="-33.03506" lon="-68.926">
    <name>TP1758</name>
  </trkpt>
  <trkpt lat="-33.03504" lon="-68.92633">
    <name>TP1759</name>
  </trkpt>
  <trkpt lat="-33.03502" lon="-68.92664">
    <name>TP1760</name>
  </trkpt>
  <trkpt lat="-33.035" lon="-68.9268">
    <name>TP1761</name>
  </trkpt>
  <trkpt lat="-33.03498" lon="-68.92692">
    <name>TP1762</name>
  </trkpt>
  <trkpt lat="-33.03495" lon="-68.92706">
    <name>TP1763</name>
  </trkpt>
  <trkpt lat="-33.03491" lon="-68.92718">
    <name>TP1764</name>
  </trkpt>
  <trkpt lat="-33.03488" lon="-68.92726">
    <name>TP1765</name>
  </trkpt>
  <trkpt lat="-33.03486" lon="-68.9273">
    <name>TP1766</name>
  </trkpt>
  <trkpt lat="-33.03475" lon="-68.92755">
    <name>TP1767</name>
  </trkpt>
  <trkpt lat="-33.03463" lon="-68.92782">
    <name>TP1768</name>
  </trkpt>
  <trkpt lat="-33.0346" lon="-68.92787">
    <name>TP1769</name>
  </trkpt>
  <trkpt lat="-33.03443" lon="-68.9282">
    <name>TP1770</name>
  </trkpt>
  <trkpt lat="-33.03436" lon="-68.92837">
    <name>TP1771</name>
  </trkpt>
  <trkpt lat="-33.03431" lon="-68.9285">
    <name>TP1772</name>
  </trkpt>
  <trkpt lat="-33.03429" lon="-68.92857">
    <name>TP1773</name>
  </trkpt>
  <trkpt lat="-33.03427" lon="-68.92863">
    <name>TP1774</name>
  </trkpt>
  <trkpt lat="-33.03421" lon="-68.92885">
    <name>TP1775</name>
  </trkpt>
  <trkpt lat="-33.03406" lon="-68.92948">
    <name>TP1776</name>
  </trkpt>
  <trkpt lat="-33.03401" lon="-68.9297">
    <name>TP1777</name>
  </trkpt>
  <trkpt lat="-33.03395" lon="-68.92995">
    <name>TP1778</name>
  </trkpt>
  <trkpt lat="-33.03384" lon="-68.93046">
    <name>TP1779</name>
  </trkpt>
  <trkpt lat="-33.03367" lon="-68.93117">
    <name>TP1780</name>
  </trkpt>
  <trkpt lat="-33.03349" lon="-68.93196">
    <name>TP1781</name>
  </trkpt>
  <trkpt lat="-33.03345" lon="-68.93209">
    <name>TP1782</name>
  </trkpt>
  <trkpt lat="-33.03344" lon="-68.93217">
    <name>TP1783</name>
  </trkpt>
  <trkpt lat="-33.03339" lon="-68.93236">
    <name>TP1784</name>
  </trkpt>
  <trkpt lat="-33.03325" lon="-68.93291">
    <name>TP1785</name>
  </trkpt>
  <trkpt lat="-33.03299" lon="-68.93405">
    <name>TP1786</name>
  </trkpt>
  <trkpt lat="-33.03269" lon="-68.9353">
    <name>TP1787</name>
  </trkpt>
  <trkpt lat="-33.03248" lon="-68.93612">
    <name>TP1788</name>
  </trkpt>
  <trkpt lat="-33.03243" lon="-68.9363">
    <name>TP1789</name>
  </trkpt>
  <trkpt lat="-33.03201" lon="-68.93806">
    <name>TP1790</name>
  </trkpt>
  <trkpt lat="-33.03196" lon="-68.93826">
    <name>TP1791</name>
  </trkpt>
  <trkpt lat="-33.03174" lon="-68.93912">
    <name>TP1792</name>
  </trkpt>
  <trkpt lat="-33.0317" lon="-68.93926">
    <name>TP1793</name>
  </trkpt>
  <trkpt lat="-33.03162" lon="-68.93961">
    <name>TP1794</name>
  </trkpt>
  <trkpt lat="-33.03154" lon="-68.93993">
    <name>TP1795</name>
  </trkpt>
  <trkpt lat="-33.0315" lon="-68.94015">
    <name>TP1796</name>
  </trkpt>
  <trkpt lat="-33.03143" lon="-68.9405">
    <name>TP1797</name>
  </trkpt>
  <trkpt lat="-33.03148" lon="-68.94057">
    <name>TP1798</name>
  </trkpt>
  <trkpt lat="-33.03155" lon="-68.94062">
    <name>TP1799</name>
  </trkpt>
  <trkpt lat="-33.03159" lon="-68.94064">
    <name>TP1800</name>
  </trkpt>
  <trkpt lat="-33.03243" lon="-68.94101">
    <name>TP1801</name>
  </trkpt>
  <trkpt lat="-33.03248" lon="-68.94104">
    <name>TP1802</name>
  </trkpt>
  <trkpt lat="-33.03336" lon="-68.94146">
    <name>TP1803</name>
  </trkpt>
  <trkpt lat="-33.03383" lon="-68.94168">
    <name>TP1804</name>
  </trkpt>
  <trkpt lat="-33.0346" lon="-68.94205">
    <name>TP1805</name>
  </trkpt>
  <trkpt lat="-33.03544" lon="-68.94244">
    <name>TP1806</name>
  </trkpt>
  <trkpt lat="-33.03566" lon="-68.94255">
    <name>TP1807</name>
  </trkpt>
  <trkpt lat="-33.03594" lon="-68.94266">
    <name>TP1808</name>
  </trkpt>
  <trkpt lat="-33.03637" lon="-68.94286">
    <name>TP1809</name>
  </trkpt>
  <trkpt lat="-33.03645" lon="-68.94289">
    <name>TP1810</name>
  </trkpt>
  <trkpt lat="-33.03677" lon="-68.94304">
    <name>TP1811</name>
  </trkpt>
  <trkpt lat="-33.0367686" lon="-68.9430384">
    <name>TP1812</name>
  </trkpt>
  <trkpt lat="-33.03679" lon="-68.94286">
    <name>TP1813</name>
  </trkpt>
  <trkpt lat="-33.0369" lon="-68.94198">
    <name>TP1814</name>
  </trkpt>
  <trkpt lat="-33.03702" lon="-68.94095">
    <name>TP1815</name>
  </trkpt>
  <trkpt lat="-33.0370153" lon="-68.9409529">
    <name>TP1816</name>
  </trkpt>
  <trkpt lat="-33.0370153" lon="-68.9409529">
    <name>TP1817</name>
  </trkpt>
  <trkpt lat="-33.0369" lon="-68.94198">
    <name>TP1818</name>
  </trkpt>
  <trkpt lat="-33.03679" lon="-68.94286">
    <name>TP1819</name>
  </trkpt>
  <trkpt lat="-33.03677" lon="-68.94304">
    <name>TP1820</name>
  </trkpt>
  <trkpt lat="-33.0367686" lon="-68.9430384">
    <name>TP1821</name>
  </trkpt>
  <trkpt lat="-33.03645" lon="-68.94289">
    <name>TP1822</name>
  </trkpt>
  <trkpt lat="-33.03637" lon="-68.94286">
    <name>TP1823</name>
  </trkpt>
  <trkpt lat="-33.03594" lon="-68.94266">
    <name>TP1824</name>
  </trkpt>
  <trkpt lat="-33.03566" lon="-68.94255">
    <name>TP1825</name>
  </trkpt>
  <trkpt lat="-33.03544" lon="-68.94244">
    <name>TP1826</name>
  </trkpt>
  <trkpt lat="-33.0346" lon="-68.94205">
    <name>TP1827</name>
  </trkpt>
  <trkpt lat="-33.03383" lon="-68.94168">
    <name>TP1828</name>
  </trkpt>
  <trkpt lat="-33.03336" lon="-68.94146">
    <name>TP1829</name>
  </trkpt>
  <trkpt lat="-33.03248" lon="-68.94104">
    <name>TP1830</name>
  </trkpt>
  <trkpt lat="-33.03243" lon="-68.94101">
    <name>TP1831</name>
  </trkpt>
  <trkpt lat="-33.03159" lon="-68.94064">
    <name>TP1832</name>
  </trkpt>
  <trkpt lat="-33.03155" lon="-68.94062">
    <name>TP1833</name>
  </trkpt>
  <trkpt lat="-33.03148" lon="-68.94057">
    <name>TP1834</name>
  </trkpt>
  <trkpt lat="-33.03143" lon="-68.9405">
    <name>TP1835</name>
  </trkpt>
  <trkpt lat="-33.0314284" lon="-68.9405012">
    <name>TP1836</name>
  </trkpt>
  <trkpt lat="-33.0315" lon="-68.94015">
    <name>TP1837</name>
  </trkpt>
  <trkpt lat="-33.03154" lon="-68.93993">
    <name>TP1838</name>
  </trkpt>
  <trkpt lat="-33.03162" lon="-68.93961">
    <name>TP1839</name>
  </trkpt>
  <trkpt lat="-33.0317" lon="-68.93926">
    <name>TP1840</name>
  </trkpt>
  <trkpt lat="-33.03174" lon="-68.93912">
    <name>TP1841</name>
  </trkpt>
  <trkpt lat="-33.03196" lon="-68.93826">
    <name>TP1842</name>
  </trkpt>
  <trkpt lat="-33.03201" lon="-68.93806">
    <name>TP1843</name>
  </trkpt>
  <trkpt lat="-33.03243" lon="-68.9363">
    <name>TP1844</name>
  </trkpt>
  <trkpt lat="-33.03248" lon="-68.93612">
    <name>TP1845</name>
  </trkpt>
  <trkpt lat="-33.03269" lon="-68.9353">
    <name>TP1846</name>
  </trkpt>
  <trkpt lat="-33.03299" lon="-68.93405">
    <name>TP1847</name>
  </trkpt>
  <trkpt lat="-33.03325" lon="-68.93291">
    <name>TP1848</name>
  </trkpt>
  <trkpt lat="-33.03339" lon="-68.93236">
    <name>TP1849</name>
  </trkpt>
  <trkpt lat="-33.03344" lon="-68.93217">
    <name>TP1850</name>
  </trkpt>
  <trkpt lat="-33.03345" lon="-68.93209">
    <name>TP1851</name>
  </trkpt>
  <trkpt lat="-33.03349" lon="-68.93196">
    <name>TP1852</name>
  </trkpt>
  <trkpt lat="-33.03367" lon="-68.93117">
    <name>TP1853</name>
  </trkpt>
  <trkpt lat="-33.03384" lon="-68.93046">
    <name>TP1854</name>
  </trkpt>
  <trkpt lat="-33.03395" lon="-68.92995">
    <name>TP1855</name>
  </trkpt>
  <trkpt lat="-33.03401" lon="-68.9297">
    <name>TP1856</name>
  </trkpt>
  <trkpt lat="-33.03406" lon="-68.92948">
    <name>TP1857</name>
  </trkpt>
  <trkpt lat="-33.03421" lon="-68.92885">
    <name>TP1858</name>
  </trkpt>
  <trkpt lat="-33.03427" lon="-68.92863">
    <name>TP1859</name>
  </trkpt>
  <trkpt lat="-33.03429" lon="-68.92857">
    <name>TP1860</name>
  </trkpt>
  <trkpt lat="-33.03431" lon="-68.9285">
    <name>TP1861</name>
  </trkpt>
  <trkpt lat="-33.03436" lon="-68.92837">
    <name>TP1862</name>
  </trkpt>
  <trkpt lat="-33.03443" lon="-68.9282">
    <name>TP1863</name>
  </trkpt>
  <trkpt lat="-33.0346" lon="-68.92787">
    <name>TP1864</name>
  </trkpt>
  <trkpt lat="-33.03463" lon="-68.92782">
    <name>TP1865</name>
  </trkpt>
  <trkpt lat="-33.03475" lon="-68.92755">
    <name>TP1866</name>
  </trkpt>
  <trkpt lat="-33.03486" lon="-68.9273">
    <name>TP1867</name>
  </trkpt>
  <trkpt lat="-33.03488" lon="-68.92726">
    <name>TP1868</name>
  </trkpt>
  <trkpt lat="-33.03491" lon="-68.92718">
    <name>TP1869</name>
  </trkpt>
  <trkpt lat="-33.03495" lon="-68.92706">
    <name>TP1870</name>
  </trkpt>
  <trkpt lat="-33.03498" lon="-68.92692">
    <name>TP1871</name>
  </trkpt>
  <trkpt lat="-33.035" lon="-68.9268">
    <name>TP1872</name>
  </trkpt>
  <trkpt lat="-33.03502" lon="-68.92664">
    <name>TP1873</name>
  </trkpt>
  <trkpt lat="-33.03504" lon="-68.92633">
    <name>TP1874</name>
  </trkpt>
  <trkpt lat="-33.03506" lon="-68.926">
    <name>TP1875</name>
  </trkpt>
  <trkpt lat="-33.03506" lon="-68.92584">
    <name>TP1876</name>
  </trkpt>
  <trkpt lat="-33.03507" lon="-68.92578">
    <name>TP1877</name>
  </trkpt>
  <trkpt lat="-33.03509" lon="-68.92523">
    <name>TP1878</name>
  </trkpt>
  <trkpt lat="-33.03512" lon="-68.92465">
    <name>TP1879</name>
  </trkpt>
  <trkpt lat="-33.03512" lon="-68.92464">
    <name>TP1880</name>
  </trkpt>
  <trkpt lat="-33.03517" lon="-68.92361">
    <name>TP1881</name>
  </trkpt>
  <trkpt lat="-33.03519" lon="-68.92303">
    <name>TP1882</name>
  </trkpt>
  <trkpt lat="-33.03525" lon="-68.92161">
    <name>TP1883</name>
  </trkpt>
  <trkpt lat="-33.03528" lon="-68.92097">
    <name>TP1884</name>
  </trkpt>
  <trkpt lat="-33.0353" lon="-68.92036">
    <name>TP1885</name>
  </trkpt>
  <trkpt lat="-33.03531" lon="-68.92014">
    <name>TP1886</name>
  </trkpt>
  <trkpt lat="-33.03533" lon="-68.91949">
    <name>TP1887</name>
  </trkpt>
  <trkpt lat="-33.03537" lon="-68.91856">
    <name>TP1888</name>
  </trkpt>
  <trkpt lat="-33.03542" lon="-68.91754">
    <name>TP1889</name>
  </trkpt>
  <trkpt lat="-33.03546" lon="-68.91657">
    <name>TP1890</name>
  </trkpt>
  <trkpt lat="-33.03548" lon="-68.91609">
    <name>TP1891</name>
  </trkpt>
  <trkpt lat="-33.03549" lon="-68.91586">
    <name>TP1892</name>
  </trkpt>
  <trkpt lat="-33.03551" lon="-68.91549">
    <name>TP1893</name>
  </trkpt>
  <trkpt lat="-33.03551" lon="-68.91543">
    <name>TP1894</name>
  </trkpt>
  <trkpt lat="-33.03558" lon="-68.91379">
    <name>TP1895</name>
  </trkpt>
  <trkpt lat="-33.03558" lon="-68.91362">
    <name>TP1896</name>
  </trkpt>
  <trkpt lat="-33.03559" lon="-68.91348">
    <name>TP1897</name>
  </trkpt>
  <trkpt lat="-33.03561" lon="-68.91294">
    <name>TP1898</name>
  </trkpt>
  <trkpt lat="-33.03565" lon="-68.91226">
    <name>TP1899</name>
  </trkpt>
  <trkpt lat="-33.03565" lon="-68.91193">
    <name>TP1900</name>
  </trkpt>
  <trkpt lat="-33.03564" lon="-68.91166">
    <name>TP1901</name>
  </trkpt>
  <trkpt lat="-33.03562" lon="-68.91154">
    <name>TP1902</name>
  </trkpt>
  <trkpt lat="-33.03561" lon="-68.91148">
    <name>TP1903</name>
  </trkpt>
  <trkpt lat="-33.03558" lon="-68.91142">
    <name>TP1904</name>
  </trkpt>
  <trkpt lat="-33.03554" lon="-68.91128">
    <name>TP1905</name>
  </trkpt>
  <trkpt lat="-33.03544" lon="-68.91113">
    <name>TP1906</name>
  </trkpt>
  <trkpt lat="-33.03536" lon="-68.91103">
    <name>TP1907</name>
  </trkpt>
  <trkpt lat="-33.03528" lon="-68.91095">
    <name>TP1908</name>
  </trkpt>
  <trkpt lat="-33.03496" lon="-68.91073">
    <name>TP1909</name>
  </trkpt>
  <trkpt lat="-33.03423" lon="-68.91022">
    <name>TP1910</name>
  </trkpt>
  <trkpt lat="-33.03371" lon="-68.90985">
    <name>TP1911</name>
  </trkpt>
  <trkpt lat="-33.0333" lon="-68.90957">
    <name>TP1912</name>
  </trkpt>
  <trkpt lat="-33.03295" lon="-68.90929">
    <name>TP1913</name>
  </trkpt>
  <trkpt lat="-33.03271" lon="-68.90913">
    <name>TP1914</name>
  </trkpt>
  <trkpt lat="-33.03257" lon="-68.909">
    <name>TP1915</name>
  </trkpt>
  <trkpt lat="-33.03247" lon="-68.9089">
    <name>TP1916</name>
  </trkpt>
  <trkpt lat="-33.03241" lon="-68.90883">
    <name>TP1917</name>
  </trkpt>
  <trkpt lat="-33.03237" lon="-68.90871">
    <name>TP1918</name>
  </trkpt>
  <trkpt lat="-33.03233" lon="-68.90861">
    <name>TP1919</name>
  </trkpt>
  <trkpt lat="-33.0323" lon="-68.9085">
    <name>TP1920</name>
  </trkpt>
  <trkpt lat="-33.0323029" lon="-68.9084991">
    <name>TP1921</name>
  </trkpt>
  <trkpt lat="-33.03232" lon="-68.90847">
    <name>TP1922</name>
  </trkpt>
  <trkpt lat="-33.03233" lon="-68.90843">
    <name>TP1923</name>
  </trkpt>
  <trkpt lat="-33.03233" lon="-68.9084">
    <name>TP1924</name>
  </trkpt>
  <trkpt lat="-33.03234" lon="-68.90836">
    <name>TP1925</name>
  </trkpt>
  <trkpt lat="-33.03234" lon="-68.90833">
    <name>TP1926</name>
  </trkpt>
  <trkpt lat="-33.03233" lon="-68.90829">
    <name>TP1927</name>
  </trkpt>
  <trkpt lat="-33.03233" lon="-68.90826">
    <name>TP1928</name>
  </trkpt>
  <trkpt lat="-33.03232" lon="-68.90822">
    <name>TP1929</name>
  </trkpt>
  <trkpt lat="-33.03229" lon="-68.90816">
    <name>TP1930</name>
  </trkpt>
  <trkpt lat="-33.03227" lon="-68.90807">
    <name>TP1931</name>
  </trkpt>
  <trkpt lat="-33.03227" lon="-68.90797">
    <name>TP1932</name>
  </trkpt>
  <trkpt lat="-33.0323" lon="-68.90783">
    <name>TP1933</name>
  </trkpt>
  <trkpt lat="-33.03235" lon="-68.90757">
    <name>TP1934</name>
  </trkpt>
  <trkpt lat="-33.03244" lon="-68.90675">
    <name>TP1935</name>
  </trkpt>
  <trkpt lat="-33.03246" lon="-68.90636">
    <name>TP1936</name>
  </trkpt>
  <trkpt lat="-33.03247" lon="-68.90623">
    <name>TP1937</name>
  </trkpt>
  <trkpt lat="-33.0325" lon="-68.90571">
    <name>TP1938</name>
  </trkpt>
  <trkpt lat="-33.03251" lon="-68.90554">
    <name>TP1939</name>
  </trkpt>
  <trkpt lat="-33.03252" lon="-68.90539">
    <name>TP1940</name>
  </trkpt>
  <trkpt lat="-33.03255" lon="-68.90489">
    <name>TP1941</name>
  </trkpt>
  <trkpt lat="-33.03254" lon="-68.90479">
    <name>TP1942</name>
  </trkpt>
  <trkpt lat="-33.03255" lon="-68.9045">
    <name>TP1943</name>
  </trkpt>
  <trkpt lat="-33.03256" lon="-68.90438">
    <name>TP1944</name>
  </trkpt>
  <trkpt lat="-33.0326" lon="-68.90361">
    <name>TP1945</name>
  </trkpt>
  <trkpt lat="-33.03263" lon="-68.90309">
    <name>TP1946</name>
  </trkpt>
  <trkpt lat="-33.03263" lon="-68.903">
    <name>TP1947</name>
  </trkpt>
  <trkpt lat="-33.03265" lon="-68.90281">
    <name>TP1948</name>
  </trkpt>
  <trkpt lat="-33.03265" lon="-68.90273">
    <name>TP1949</name>
  </trkpt>
  <trkpt lat="-33.03266" lon="-68.90262">
    <name>TP1950</name>
  </trkpt>
  <trkpt lat="-33.03266" lon="-68.90246">
    <name>TP1951</name>
  </trkpt>
  <trkpt lat="-33.03267" lon="-68.90244">
    <name>TP1952</name>
  </trkpt>
  <trkpt lat="-33.03267" lon="-68.90229">
    <name>TP1953</name>
  </trkpt>
  <trkpt lat="-33.03268" lon="-68.90221">
    <name>TP1954</name>
  </trkpt>
  <trkpt lat="-33.03269" lon="-68.90201">
    <name>TP1955</name>
  </trkpt>
  <trkpt lat="-33.0327" lon="-68.90187">
    <name>TP1956</name>
  </trkpt>
  <trkpt lat="-33.03272" lon="-68.90173">
    <name>TP1957</name>
  </trkpt>
  <trkpt lat="-33.03272" lon="-68.9017">
    <name>TP1958</name>
  </trkpt>
  <trkpt lat="-33.03276" lon="-68.90146">
    <name>TP1959</name>
  </trkpt>
  <trkpt lat="-33.03279" lon="-68.90129">
    <name>TP1960</name>
  </trkpt>
  <trkpt lat="-33.03283" lon="-68.90113">
    <name>TP1961</name>
  </trkpt>
  <trkpt lat="-33.03283" lon="-68.90111">
    <name>TP1962</name>
  </trkpt>
  <trkpt lat="-33.03287" lon="-68.90096">
    <name>TP1963</name>
  </trkpt>
  <trkpt lat="-33.03289" lon="-68.9009">
    <name>TP1964</name>
  </trkpt>
  <trkpt lat="-33.03294" lon="-68.90073">
    <name>TP1965</name>
  </trkpt>
  <trkpt lat="-33.03296" lon="-68.90067">
    <name>TP1966</name>
  </trkpt>
  <trkpt lat="-33.03302" lon="-68.90049">
    <name>TP1967</name>
  </trkpt>
  <trkpt lat="-33.03305" lon="-68.9004">
    <name>TP1968</name>
  </trkpt>
  <trkpt lat="-33.03313" lon="-68.90019">
    <name>TP1969</name>
  </trkpt>
  <trkpt lat="-33.03326" lon="-68.89997">
    <name>TP1970</name>
  </trkpt>
  <trkpt lat="-33.0336" lon="-68.89943">
    <name>TP1971</name>
  </trkpt>
  <trkpt lat="-33.03372" lon="-68.89925">
    <name>TP1972</name>
  </trkpt>
  <trkpt lat="-33.03394" lon="-68.89879">
    <name>TP1973</name>
  </trkpt>
  <trkpt lat="-33.03402" lon="-68.89874">
    <name>TP1974</name>
  </trkpt>
  <trkpt lat="-33.03407" lon="-68.89872">
    <name>TP1975</name>
  </trkpt>
  <trkpt lat="-33.03413" lon="-68.8987">
    <name>TP1976</name>
  </trkpt>
  <trkpt lat="-33.03421" lon="-68.89869">
    <name>TP1977</name>
  </trkpt>
  <trkpt lat="-33.03434" lon="-68.89867">
    <name>TP1978</name>
  </trkpt>
  <trkpt lat="-33.0343351" lon="-68.8986681">
    <name>TP1979</name>
  </trkpt>
  <trkpt lat="-33.03435" lon="-68.89867">
    <name>TP1980</name>
  </trkpt>
  <trkpt lat="-33.03436" lon="-68.89867">
    <name>TP1981</name>
  </trkpt>
  <trkpt lat="-33.03437" lon="-68.89867">
    <name>TP1982</name>
  </trkpt>
  <trkpt lat="-33.03438" lon="-68.89867">
    <name>TP1983</name>
  </trkpt>
  <trkpt lat="-33.03438" lon="-68.89868">
    <name>TP1984</name>
  </trkpt>
  <trkpt lat="-33.03439" lon="-68.89868">
    <name>TP1985</name>
  </trkpt>
  <trkpt lat="-33.03444" lon="-68.89867">
    <name>TP1986</name>
  </trkpt>
  <trkpt lat="-33.03449" lon="-68.89866">
    <name>TP1987</name>
  </trkpt>
  <trkpt lat="-33.03454" lon="-68.89865">
    <name>TP1988</name>
  </trkpt>
  <trkpt lat="-33.03458" lon="-68.89862">
    <name>TP1989</name>
  </trkpt>
  <trkpt lat="-33.03462" lon="-68.89859">
    <name>TP1990</name>
  </trkpt>
  <trkpt lat="-33.03466" lon="-68.89855">
    <name>TP1991</name>
  </trkpt>
  <trkpt lat="-33.03469" lon="-68.89851">
    <name>TP1992</name>
  </trkpt>
  <trkpt lat="-33.03472" lon="-68.89846">
    <name>TP1993</name>
  </trkpt>
  <trkpt lat="-33.03475" lon="-68.89836">
    <name>TP1994</name>
  </trkpt>
  <trkpt lat="-33.03476" lon="-68.89825">
    <name>TP1995</name>
  </trkpt>
  <trkpt lat="-33.03476" lon="-68.89813">
    <name>TP1996</name>
  </trkpt>
  <trkpt lat="-33.03474" lon="-68.89802">
    <name>TP1997</name>
  </trkpt>
  <trkpt lat="-33.03474" lon="-68.89801">
    <name>TP1998</name>
  </trkpt>
  <trkpt lat="-33.03471" lon="-68.89792">
    <name>TP1999</name>
  </trkpt>
  <trkpt lat="-33.03466" lon="-68.89782">
    <name>TP2000</name>
  </trkpt>
  <trkpt lat="-33.03461" lon="-68.89773">
    <name>TP2001</name>
  </trkpt>
  <trkpt lat="-33.03454" lon="-68.89766">
    <name>TP2002</name>
  </trkpt>
  <trkpt lat="-33.03449" lon="-68.89762">
    <name>TP2003</name>
  </trkpt>
  <trkpt lat="-33.03444" lon="-68.89758">
    <name>TP2004</name>
  </trkpt>
  <trkpt lat="-33.03439" lon="-68.89756">
    <name>TP2005</name>
  </trkpt>
  <trkpt lat="-33.03434" lon="-68.89753">
    <name>TP2006</name>
  </trkpt>
  <trkpt lat="-33.03428" lon="-68.89752">
    <name>TP2007</name>
  </trkpt>
  <trkpt lat="-33.03422" lon="-68.89751">
    <name>TP2008</name>
  </trkpt>
  <trkpt lat="-33.03417" lon="-68.89751">
    <name>TP2009</name>
  </trkpt>
  <trkpt lat="-33.03411" lon="-68.89751">
    <name>TP2010</name>
  </trkpt>
  <trkpt lat="-33.0341" lon="-68.89751">
    <name>TP2011</name>
  </trkpt>
  <trkpt lat="-33.0341" lon="-68.89752">
    <name>TP2012</name>
  </trkpt>
  <trkpt lat="-33.03409" lon="-68.89752">
    <name>TP2013</name>
  </trkpt>
  <trkpt lat="-33.03408" lon="-68.89753">
    <name>TP2014</name>
  </trkpt>
  <trkpt lat="-33.03407" lon="-68.89753">
    <name>TP2015</name>
  </trkpt>
  <trkpt lat="-33.03406" lon="-68.89754">
    <name>TP2016</name>
  </trkpt>
  <trkpt lat="-33.03396" lon="-68.89754">
    <name>TP2017</name>
  </trkpt>
  <trkpt lat="-33.03393" lon="-68.89754">
    <name>TP2018</name>
  </trkpt>
  <trkpt lat="-33.0339" lon="-68.89754">
    <name>TP2019</name>
  </trkpt>
  <trkpt lat="-33.03388" lon="-68.89754">
    <name>TP2020</name>
  </trkpt>
  <trkpt lat="-33.03385" lon="-68.89754">
    <name>TP2021</name>
  </trkpt>
  <trkpt lat="-33.03382" lon="-68.89753">
    <name>TP2022</name>
  </trkpt>
  <trkpt lat="-33.03379" lon="-68.89753">
    <name>TP2023</name>
  </trkpt>
  <trkpt lat="-33.03373" lon="-68.89751">
    <name>TP2024</name>
  </trkpt>
  <trkpt lat="-33.03365" lon="-68.89748">
    <name>TP2025</name>
  </trkpt>
  <trkpt lat="-33.03354" lon="-68.89733">
    <name>TP2026</name>
  </trkpt>
  <trkpt lat="-33.03343" lon="-68.89715">
    <name>TP2027</name>
  </trkpt>
  <trkpt lat="-33.03333" lon="-68.89692">
    <name>TP2028</name>
  </trkpt>
  <trkpt lat="-33.03326" lon="-68.89676">
    <name>TP2029</name>
  </trkpt>
  <trkpt lat="-33.03307" lon="-68.89631">
    <name>TP2030</name>
  </trkpt>
  <trkpt lat="-33.03287" lon="-68.89591">
    <name>TP2031</name>
  </trkpt>
  <trkpt lat="-33.03277" lon="-68.89571">
    <name>TP2032</name>
  </trkpt>
  <trkpt lat="-33.0327" lon="-68.89559">
    <name>TP2033</name>
  </trkpt>
  <trkpt lat="-33.03254" lon="-68.89539">
    <name>TP2034</name>
  </trkpt>
  <trkpt lat="-33.0324" lon="-68.89522">
    <name>TP2035</name>
  </trkpt>
  <trkpt lat="-33.03236" lon="-68.89516">
    <name>TP2036</name>
  </trkpt>
  <trkpt lat="-33.03224" lon="-68.89499">
    <name>TP2037</name>
  </trkpt>
  <trkpt lat="-33.03213" lon="-68.89485">
    <name>TP2038</name>
  </trkpt>
  <trkpt lat="-33.03208" lon="-68.89478">
    <name>TP2039</name>
  </trkpt>
  <trkpt lat="-33.03148" lon="-68.89402">
    <name>TP2040</name>
  </trkpt>
  <trkpt lat="-33.03077" lon="-68.8931">
    <name>TP2041</name>
  </trkpt>
  <trkpt lat="-33.02992" lon="-68.892">
    <name>TP2042</name>
  </trkpt>
  <trkpt lat="-33.02991" lon="-68.89199">
    <name>TP2043</name>
  </trkpt>
  <trkpt lat="-33.02977" lon="-68.89182">
    <name>TP2044</name>
  </trkpt>
  <trkpt lat="-33.0292" lon="-68.89107">
    <name>TP2045</name>
  </trkpt>
  <trkpt lat="-33.02876" lon="-68.89051">
    <name>TP2046</name>
  </trkpt>
  <trkpt lat="-33.02871" lon="-68.89041">
    <name>TP2047</name>
  </trkpt>
  <trkpt lat="-33.02761" lon="-68.88899">
    <name>TP2048</name>
  </trkpt>
  <trkpt lat="-33.0266" lon="-68.88773">
    <name>TP2049</name>
  </trkpt>
  <trkpt lat="-33.02603" lon="-68.88697">
    <name>TP2050</name>
  </trkpt>
  <trkpt lat="-33.02558" lon="-68.88644">
    <name>TP2051</name>
  </trkpt>
  <trkpt lat="-33.02495" lon="-68.88563">
    <name>TP2052</name>
  </trkpt>
  <trkpt lat="-33.02461" lon="-68.8852">
    <name>TP2053</name>
  </trkpt>
  <trkpt lat="-33.02423" lon="-68.88477">
    <name>TP2054</name>
  </trkpt>
  <trkpt lat="-33.02394" lon="-68.88444">
    <name>TP2055</name>
  </trkpt>
  <trkpt lat="-33.02386" lon="-68.88436">
    <name>TP2056</name>
  </trkpt>
  <trkpt lat="-33.02383" lon="-68.88433">
    <name>TP2057</name>
  </trkpt>
  <trkpt lat="-33.02372" lon="-68.88421">
    <name>TP2058</name>
  </trkpt>
  <trkpt lat="-33.02296" lon="-68.88339">
    <name>TP2059</name>
  </trkpt>
  <trkpt lat="-33.02204" lon="-68.8825">
    <name>TP2060</name>
  </trkpt>
  <trkpt lat="-33.02201" lon="-68.88246">
    <name>TP2061</name>
  </trkpt>
  <trkpt lat="-33.02193" lon="-68.88238">
    <name>TP2062</name>
  </trkpt>
  <trkpt lat="-33.02171" lon="-68.88217">
    <name>TP2063</name>
  </trkpt>
  <trkpt lat="-33.02157" lon="-68.88198">
    <name>TP2064</name>
  </trkpt>
  <trkpt lat="-33.02142" lon="-68.88174">
    <name>TP2065</name>
  </trkpt>
  <trkpt lat="-33.02127" lon="-68.88146">
    <name>TP2066</name>
  </trkpt>
  <trkpt lat="-33.02107" lon="-68.88114">
    <name>TP2067</name>
  </trkpt>
  <trkpt lat="-33.02099" lon="-68.88101">
    <name>TP2068</name>
  </trkpt>
  <trkpt lat="-33.0209916" lon="-68.8810123">
    <name>TP2069</name>
  </trkpt>
  <trkpt lat="-33.02132" lon="-68.87967">
    <name>TP2070</name>
  </trkpt>
  <trkpt lat="-33.02148" lon="-68.87897">
    <name>TP2071</name>
  </trkpt>
  <trkpt lat="-33.02153" lon="-68.87877">
    <name>TP2072</name>
  </trkpt>
  <trkpt lat="-33.02163" lon="-68.87835">
    <name>TP2073</name>
  </trkpt>
  <trkpt lat="-33.0217" lon="-68.878">
    <name>TP2074</name>
  </trkpt>
  <trkpt lat="-33.02171" lon="-68.87795">
    <name>TP2075</name>
  </trkpt>
  <trkpt lat="-33.02177" lon="-68.87762">
    <name>TP2076</name>
  </trkpt>
  <trkpt lat="-33.02184" lon="-68.87715">
    <name>TP2077</name>
  </trkpt>
  <trkpt lat="-33.02187" lon="-68.87694">
    <name>TP2078</name>
  </trkpt>
  <trkpt lat="-33.02197" lon="-68.87631">
    <name>TP2079</name>
  </trkpt>
  <trkpt lat="-33.02209" lon="-68.87514">
    <name>TP2080</name>
  </trkpt>
  <trkpt lat="-33.02214" lon="-68.87471">
    <name>TP2081</name>
  </trkpt>
  <trkpt lat="-33.02217" lon="-68.87449">
    <name>TP2082</name>
  </trkpt>
  <trkpt lat="-33.02229" lon="-68.87343">
    <name>TP2083</name>
  </trkpt>
  <trkpt lat="-33.0222899" lon="-68.8734303">
    <name>TP2084</name>
  </trkpt>
  <trkpt lat="-33.02239" lon="-68.87204">
    <name>TP2085</name>
  </trkpt>
  <trkpt lat="-33.02241" lon="-68.87186">
    <name>TP2086</name>
  </trkpt>
  <trkpt lat="-33.02241" lon="-68.87183">
    <name>TP2087</name>
  </trkpt>
  <trkpt lat="-33.02248" lon="-68.87112">
    <name>TP2088</name>
  </trkpt>
  <trkpt lat="-33.02249" lon="-68.87098">
    <name>TP2089</name>
  </trkpt>
  <trkpt lat="-33.02251" lon="-68.87076">
    <name>TP2090</name>
  </trkpt>
  <trkpt lat="-33.02263" lon="-68.86949">
    <name>TP2091</name>
  </trkpt>
  <trkpt lat="-33.02264" lon="-68.86934">
    <name>TP2092</name>
  </trkpt>
  <trkpt lat="-33.02265" lon="-68.86927">
    <name>TP2093</name>
  </trkpt>
  <trkpt lat="-33.02274" lon="-68.86837">
    <name>TP2094</name>
  </trkpt>
  <trkpt lat="-33.02284" lon="-68.86757">
    <name>TP2095</name>
  </trkpt>
  <trkpt lat="-33.02292" lon="-68.86694">
    <name>TP2096</name>
  </trkpt>
  <trkpt lat="-33.02298" lon="-68.86633">
    <name>TP2097</name>
  </trkpt>
  <trkpt lat="-33.02308" lon="-68.86575">
    <name>TP2098</name>
  </trkpt>
  <trkpt lat="-33.02314" lon="-68.86535">
    <name>TP2099</name>
  </trkpt>
  <trkpt lat="-33.02318" lon="-68.86516">
    <name>TP2100</name>
  </trkpt>
  <trkpt lat="-33.02325" lon="-68.86464">
    <name>TP2101</name>
  </trkpt>
  <trkpt lat="-33.02327" lon="-68.86459">
    <name>TP2102</name>
  </trkpt>
  <trkpt lat="-33.02343" lon="-68.86368">
    <name>TP2103</name>
  </trkpt>
  <trkpt lat="-33.0235" lon="-68.86285">
    <name>TP2104</name>
  </trkpt>
  <trkpt lat="-33.02359" lon="-68.86191">
    <name>TP2105</name>
  </trkpt>
  <trkpt lat="-33.02374" lon="-68.86028">
    <name>TP2106</name>
  </trkpt>
  <trkpt lat="-33.02376" lon="-68.86007">
    <name>TP2107</name>
  </trkpt>
  <trkpt lat="-33.02377" lon="-68.86001">
    <name>TP2108</name>
  </trkpt>
  <trkpt lat="-33.02378" lon="-68.85986">
    <name>TP2109</name>
  </trkpt>
  <trkpt lat="-33.02381" lon="-68.85943">
    <name>TP2110</name>
  </trkpt>
  <trkpt lat="-33.02383" lon="-68.85914">
    <name>TP2111</name>
  </trkpt>
  <trkpt lat="-33.0238271" lon="-68.8591419">
    <name>TP2112</name>
  </trkpt>
  <trkpt lat="-33.02368" lon="-68.85907">
    <name>TP2113</name>
  </trkpt>
  <trkpt lat="-33.02358" lon="-68.85903">
    <name>TP2114</name>
  </trkpt>
  <trkpt lat="-33.02349" lon="-68.859">
    <name>TP2115</name>
  </trkpt>
  <trkpt lat="-33.0234" lon="-68.85897">
    <name>TP2116</name>
  </trkpt>
  <trkpt lat="-33.02318" lon="-68.85891">
    <name>TP2117</name>
  </trkpt>
  <trkpt lat="-33.02275" lon="-68.8587">
    <name>TP2118</name>
  </trkpt>
  <trkpt lat="-33.02221" lon="-68.85838">
    <name>TP2119</name>
  </trkpt>
  <trkpt lat="-33.02184" lon="-68.85818">
    <name>TP2120</name>
  </trkpt>
  <trkpt lat="-33.02169" lon="-68.85807">
    <name>TP2121</name>
  </trkpt>
  <trkpt lat="-33.02168" lon="-68.85807">
    <name>TP2122</name>
  </trkpt>
  <trkpt lat="-33.0216844" lon="-68.858067">
    <name>TP2123</name>
  </trkpt>
  <trkpt lat="-33.02152" lon="-68.858">
    <name>TP2124</name>
  </trkpt>
  <trkpt lat="-33.02143" lon="-68.85796">
    <name>TP2125</name>
  </trkpt>
  <trkpt lat="-33.02135" lon="-68.85792">
    <name>TP2126</name>
  </trkpt>
  <trkpt lat="-33.02126" lon="-68.85792">
    <name>TP2127</name>
  </trkpt>
  <trkpt lat="-33.02113" lon="-68.85789">
    <name>TP2128</name>
  </trkpt>
  <trkpt lat="-33.02099" lon="-68.85788">
    <name>TP2129</name>
  </trkpt>
  <trkpt lat="-33.02085" lon="-68.85784">
    <name>TP2130</name>
  </trkpt>
  <trkpt lat="-33.02078" lon="-68.85782">
    <name>TP2131</name>
  </trkpt>
  <trkpt lat="-33.02067" lon="-68.85779">
    <name>TP2132</name>
  </trkpt>
  <trkpt lat="-33.02061" lon="-68.85775">
    <name>TP2133</name>
  </trkpt>
  <trkpt lat="-33.02052" lon="-68.85771">
    <name>TP2134</name>
  </trkpt>
  <trkpt lat="-33.02045" lon="-68.85768">
    <name>TP2135</name>
  </trkpt>
  <trkpt lat="-33.02032" lon="-68.85762">
    <name>TP2136</name>
  </trkpt>
  <trkpt lat="-33.0203" lon="-68.85761">
    <name>TP2137</name>
  </trkpt>
  <trkpt lat="-33.02026" lon="-68.85761">
    <name>TP2138</name>
  </trkpt>
  <trkpt lat="-33.02019" lon="-68.85762">
    <name>TP2139</name>
  </trkpt>
  <trkpt lat="-33.0201918" lon="-68.8576158">
    <name>TP2140</name>
  </trkpt>
  <trkpt lat="-33.02017" lon="-68.8576">
    <name>TP2141</name>
  </trkpt>
  <trkpt lat="-33.01976" lon="-68.85742">
    <name>TP2142</name>
  </trkpt>
  <trkpt lat="-33.01968" lon="-68.85738">
    <name>TP2143</name>
  </trkpt>
  <trkpt lat="-33.01967" lon="-68.85737">
    <name>TP2144</name>
  </trkpt>
  <trkpt lat="-33.01885" lon="-68.85705">
    <name>TP2145</name>
  </trkpt>
  <trkpt lat="-33.01839" lon="-68.85689">
    <name>TP2146</name>
  </trkpt>
  <trkpt lat="-33.01783" lon="-68.85672">
    <name>TP2147</name>
  </trkpt>
  <trkpt lat="-33.01721" lon="-68.85656">
    <name>TP2148</name>
  </trkpt>
  <trkpt lat="-33.0168" lon="-68.85647">
    <name>TP2149</name>
  </trkpt>
  <trkpt lat="-33.01655" lon="-68.85643">
    <name>TP2150</name>
  </trkpt>
  <trkpt lat="-33.01604" lon="-68.85634">
    <name>TP2151</name>
  </trkpt>
  <trkpt lat="-33.01588" lon="-68.85632">
    <name>TP2152</name>
  </trkpt>
  <trkpt lat="-33.01534" lon="-68.85625">
    <name>TP2153</name>
  </trkpt>
  <trkpt lat="-33.01487" lon="-68.85621">
    <name>TP2154</name>
  </trkpt>
  <trkpt lat="-33.01419" lon="-68.85618">
    <name>TP2155</name>
  </trkpt>
  <trkpt lat="-33.01356" lon="-68.85617">
    <name>TP2156</name>
  </trkpt>
  <trkpt lat="-33.01321" lon="-68.85616">
    <name>TP2157</name>
  </trkpt>
  <trkpt lat="-33.01312" lon="-68.85616">
    <name>TP2158</name>
  </trkpt>
  <trkpt lat="-33.01294" lon="-68.85616">
    <name>TP2159</name>
  </trkpt>
  <trkpt lat="-33.01123" lon="-68.85615">
    <name>TP2160</name>
  </trkpt>
  <trkpt lat="-33.01022" lon="-68.85614">
    <name>TP2161</name>
  </trkpt>
  <trkpt lat="-33.00938" lon="-68.85614">
    <name>TP2162</name>
  </trkpt>
  <trkpt lat="-33.00868" lon="-68.85613">
    <name>TP2163</name>
  </trkpt>
  <trkpt lat="-33.00785" lon="-68.8561">
    <name>TP2164</name>
  </trkpt>
  <trkpt lat="-33.00726" lon="-68.85606">
    <name>TP2165</name>
  </trkpt>
  <trkpt lat="-33.00632" lon="-68.85593">
    <name>TP2166</name>
  </trkpt>
  <trkpt lat="-33.00629" lon="-68.85593">
    <name>TP2167</name>
  </trkpt>
  <trkpt lat="-33.00608" lon="-68.85589">
    <name>TP2168</name>
  </trkpt>
  <trkpt lat="-33.00577" lon="-68.85583">
    <name>TP2169</name>
  </trkpt>
  <trkpt lat="-33.0056" lon="-68.85581">
    <name>TP2170</name>
  </trkpt>
  <trkpt lat="-33.00487" lon="-68.85563">
    <name>TP2171</name>
  </trkpt>
  <trkpt lat="-33.00378" lon="-68.85533">
    <name>TP2172</name>
  </trkpt>
  <trkpt lat="-33.00374" lon="-68.85532">
    <name>TP2173</name>
  </trkpt>
  <trkpt lat="-33.00192" lon="-68.85478">
    <name>TP2174</name>
  </trkpt>
  <trkpt lat="-33.00153" lon="-68.85466">
    <name>TP2175</name>
  </trkpt>
  <trkpt lat="-32.99943" lon="-68.85405">
    <name>TP2176</name>
  </trkpt>
  <trkpt lat="-32.99926" lon="-68.854">
    <name>TP2177</name>
  </trkpt>
  <trkpt lat="-32.9977" lon="-68.85355">
    <name>TP2178</name>
  </trkpt>
  <trkpt lat="-32.9976" lon="-68.85352">
    <name>TP2179</name>
  </trkpt>
  <trkpt lat="-32.99749" lon="-68.85349">
    <name>TP2180</name>
  </trkpt>
  <trkpt lat="-32.99596" lon="-68.85305">
    <name>TP2181</name>
  </trkpt>
  <trkpt lat="-32.9949" lon="-68.85272">
    <name>TP2182</name>
  </trkpt>
  <trkpt lat="-32.99411" lon="-68.85248">
    <name>TP2183</name>
  </trkpt>
  <trkpt lat="-32.99344" lon="-68.85228">
    <name>TP2184</name>
  </trkpt>
  <trkpt lat="-32.993" lon="-68.85216">
    <name>TP2185</name>
  </trkpt>
  <trkpt lat="-32.99293" lon="-68.85214">
    <name>TP2186</name>
  </trkpt>
  <trkpt lat="-32.99216" lon="-68.85191">
    <name>TP2187</name>
  </trkpt>
  <trkpt lat="-32.99124" lon="-68.85163">
    <name>TP2188</name>
  </trkpt>
  <trkpt lat="-32.98985" lon="-68.85123">
    <name>TP2189</name>
  </trkpt>
  <trkpt lat="-32.98955" lon="-68.85114">
    <name>TP2190</name>
  </trkpt>
  <trkpt lat="-32.98822" lon="-68.85076">
    <name>TP2191</name>
  </trkpt>
  <trkpt lat="-32.98804" lon="-68.8507">
    <name>TP2192</name>
  </trkpt>
  <trkpt lat="-32.98772" lon="-68.8506">
    <name>TP2193</name>
  </trkpt>
  <trkpt lat="-32.98721" lon="-68.85045">
    <name>TP2194</name>
  </trkpt>
  <trkpt lat="-32.98574" lon="-68.84991">
    <name>TP2195</name>
  </trkpt>
  <trkpt lat="-32.98518" lon="-68.84968">
    <name>TP2196</name>
  </trkpt>
  <trkpt lat="-32.98491" lon="-68.84957">
    <name>TP2197</name>
  </trkpt>
  <trkpt lat="-32.98468" lon="-68.84948">
    <name>TP2198</name>
  </trkpt>
  <trkpt lat="-32.98445" lon="-68.84939">
    <name>TP2199</name>
  </trkpt>
  <trkpt lat="-32.98329" lon="-68.84894">
    <name>TP2200</name>
  </trkpt>
  <trkpt lat="-32.98318" lon="-68.84889">
    <name>TP2201</name>
  </trkpt>
  <trkpt lat="-32.98301" lon="-68.84882">
    <name>TP2202</name>
  </trkpt>
  <trkpt lat="-32.98209" lon="-68.84846">
    <name>TP2203</name>
  </trkpt>
  <trkpt lat="-32.98125" lon="-68.84813">
    <name>TP2204</name>
  </trkpt>
  <trkpt lat="-32.98023" lon="-68.84773">
    <name>TP2205</name>
  </trkpt>
  <trkpt lat="-32.97868" lon="-68.8471">
    <name>TP2206</name>
  </trkpt>
  <trkpt lat="-32.97811" lon="-68.84687">
    <name>TP2207</name>
  </trkpt>
  <trkpt lat="-32.97783" lon="-68.84676">
    <name>TP2208</name>
  </trkpt>
  <trkpt lat="-32.97674" lon="-68.84634">
    <name>TP2209</name>
  </trkpt>
  <trkpt lat="-32.97628" lon="-68.84613">
    <name>TP2210</name>
  </trkpt>
  <trkpt lat="-32.97568" lon="-68.84586">
    <name>TP2211</name>
  </trkpt>
  <trkpt lat="-32.97447" lon="-68.84522">
    <name>TP2212</name>
  </trkpt>
  <trkpt lat="-32.97397" lon="-68.84496">
    <name>TP2213</name>
  </trkpt>
  <trkpt lat="-32.97362" lon="-68.84478">
    <name>TP2214</name>
  </trkpt>
  <trkpt lat="-32.97311" lon="-68.84452">
    <name>TP2215</name>
  </trkpt>
  <trkpt lat="-32.97297" lon="-68.84444">
    <name>TP2216</name>
  </trkpt>
  <trkpt lat="-32.97283" lon="-68.84437">
    <name>TP2217</name>
  </trkpt>
  <trkpt lat="-32.97183" lon="-68.84384">
    <name>TP2218</name>
  </trkpt>
  <trkpt lat="-32.97155" lon="-68.8437">
    <name>TP2219</name>
  </trkpt>
  <trkpt lat="-32.97147" lon="-68.84366">
    <name>TP2220</name>
  </trkpt>
  <trkpt lat="-32.97069" lon="-68.84325">
    <name>TP2221</name>
  </trkpt>
  <trkpt lat="-32.9706" lon="-68.8432">
    <name>TP2222</name>
  </trkpt>
  <trkpt lat="-32.97005" lon="-68.84292">
    <name>TP2223</name>
  </trkpt>
  <trkpt lat="-32.96992" lon="-68.84285">
    <name>TP2224</name>
  </trkpt>
  <trkpt lat="-32.96969" lon="-68.84273">
    <name>TP2225</name>
  </trkpt>
  <trkpt lat="-32.96806" lon="-68.84186">
    <name>TP2226</name>
  </trkpt>
  <trkpt lat="-32.96797" lon="-68.84182">
    <name>TP2227</name>
  </trkpt>
  <trkpt lat="-32.96787" lon="-68.84178">
    <name>TP2228</name>
  </trkpt>
  <trkpt lat="-32.96772" lon="-68.84171">
    <name>TP2229</name>
  </trkpt>
  <trkpt lat="-32.96738" lon="-68.84153">
    <name>TP2230</name>
  </trkpt>
  <trkpt lat="-32.96557" lon="-68.84057">
    <name>TP2231</name>
  </trkpt>
  <trkpt lat="-32.96504" lon="-68.84031">
    <name>TP2232</name>
  </trkpt>
  <trkpt lat="-32.96487" lon="-68.84022">
    <name>TP2233</name>
  </trkpt>
  <trkpt lat="-32.96351" lon="-68.83951">
    <name>TP2234</name>
  </trkpt>
  <trkpt lat="-32.96268" lon="-68.83912">
    <name>TP2235</name>
  </trkpt>
  <trkpt lat="-32.96117" lon="-68.83827">
    <name>TP2236</name>
  </trkpt>
  <trkpt lat="-32.95793" lon="-68.83667">
    <name>TP2237</name>
  </trkpt>
  <trkpt lat="-32.95648" lon="-68.83588">
    <name>TP2238</name>
  </trkpt>
  <trkpt lat="-32.95616" lon="-68.83572">
    <name>TP2239</name>
  </trkpt>
  <trkpt lat="-32.95497" lon="-68.83511">
    <name>TP2240</name>
  </trkpt>
  <trkpt lat="-32.95496" lon="-68.8351">
    <name>TP2241</name>
  </trkpt>
  <trkpt lat="-32.95427" lon="-68.83474">
    <name>TP2242</name>
  </trkpt>
  <trkpt lat="-32.95404" lon="-68.83462">
    <name>TP2243</name>
  </trkpt>
  <trkpt lat="-32.95381" lon="-68.8345">
    <name>TP2244</name>
  </trkpt>
  <trkpt lat="-32.9531" lon="-68.83412">
    <name>TP2245</name>
  </trkpt>
  <trkpt lat="-32.95264" lon="-68.83389">
    <name>TP2246</name>
  </trkpt>
  <trkpt lat="-32.9521" lon="-68.83363">
    <name>TP2247</name>
  </trkpt>
  <trkpt lat="-32.9517" lon="-68.83345">
    <name>TP2248</name>
  </trkpt>
  <trkpt lat="-32.95144" lon="-68.83333">
    <name>TP2249</name>
  </trkpt>
  <trkpt lat="-32.9513" lon="-68.83324">
    <name>TP2250</name>
  </trkpt>
  <trkpt lat="-32.95092" lon="-68.83309">
    <name>TP2251</name>
  </trkpt>
  <trkpt lat="-32.95075" lon="-68.83302">
    <name>TP2252</name>
  </trkpt>
  <trkpt lat="-32.95027" lon="-68.83283">
    <name>TP2253</name>
  </trkpt>
  <trkpt lat="-32.95024" lon="-68.83282">
    <name>TP2254</name>
  </trkpt>
  <trkpt lat="-32.94987" lon="-68.8327">
    <name>TP2255</name>
  </trkpt>
  <trkpt lat="-32.94933" lon="-68.83252">
    <name>TP2256</name>
  </trkpt>
  <trkpt lat="-32.94872" lon="-68.83234">
    <name>TP2257</name>
  </trkpt>
  <trkpt lat="-32.94851" lon="-68.83229">
    <name>TP2258</name>
  </trkpt>
  <trkpt lat="-32.94805" lon="-68.83217">
    <name>TP2259</name>
  </trkpt>
  <trkpt lat="-32.94744" lon="-68.83203">
    <name>TP2260</name>
  </trkpt>
  <trkpt lat="-32.94728" lon="-68.83199">
    <name>TP2261</name>
  </trkpt>
  <trkpt lat="-32.9471" lon="-68.83195">
    <name>TP2262</name>
  </trkpt>
  <trkpt lat="-32.94654" lon="-68.83181">
    <name>TP2263</name>
  </trkpt>
  <trkpt lat="-32.94505" lon="-68.83143">
    <name>TP2264</name>
  </trkpt>
  <trkpt lat="-32.94502" lon="-68.83142">
    <name>TP2265</name>
  </trkpt>
  <trkpt lat="-32.94419" lon="-68.83123">
    <name>TP2266</name>
  </trkpt>
  <trkpt lat="-32.9438" lon="-68.83113">
    <name>TP2267</name>
  </trkpt>
  <trkpt lat="-32.94078" lon="-68.83042">
    <name>TP2268</name>
  </trkpt>
  <trkpt lat="-32.94064" lon="-68.83039">
    <name>TP2269</name>
  </trkpt>
  <trkpt lat="-32.9405" lon="-68.83035">
    <name>TP2270</name>
  </trkpt>
  <trkpt lat="-32.93778" lon="-68.82971">
    <name>TP2271</name>
  </trkpt>
  <trkpt lat="-32.93718" lon="-68.82953">
    <name>TP2272</name>
  </trkpt>
  <trkpt lat="-32.93712" lon="-68.82952">
    <name>TP2273</name>
  </trkpt>
  <trkpt lat="-32.93624" lon="-68.82922">
    <name>TP2274</name>
  </trkpt>
  <trkpt lat="-32.93597" lon="-68.82911">
    <name>TP2275</name>
  </trkpt>
  <trkpt lat="-32.9358" lon="-68.82905">
    <name>TP2276</name>
  </trkpt>
  <trkpt lat="-32.93559" lon="-68.82897">
    <name>TP2277</name>
  </trkpt>
  <trkpt lat="-32.93494" lon="-68.82869">
    <name>TP2278</name>
  </trkpt>
  <trkpt lat="-32.93424" lon="-68.82837">
    <name>TP2279</name>
  </trkpt>
  <trkpt lat="-32.93354" lon="-68.82801">
    <name>TP2280</name>
  </trkpt>
  <trkpt lat="-32.93348" lon="-68.82797">
    <name>TP2281</name>
  </trkpt>
  <trkpt lat="-32.93278" lon="-68.82757">
    <name>TP2282</name>
  </trkpt>
  <trkpt lat="-32.93235" lon="-68.82732">
    <name>TP2283</name>
  </trkpt>
  <trkpt lat="-32.93218" lon="-68.82723">
    <name>TP2284</name>
  </trkpt>
  <trkpt lat="-32.93194" lon="-68.82709">
    <name>TP2285</name>
  </trkpt>
  <trkpt lat="-32.9315" lon="-68.82684">
    <name>TP2286</name>
  </trkpt>
  <trkpt lat="-32.93115" lon="-68.82665">
    <name>TP2287</name>
  </trkpt>
  <trkpt lat="-32.93068" lon="-68.82637">
    <name>TP2288</name>
  </trkpt>
  <trkpt lat="-32.92983" lon="-68.82591">
    <name>TP2289</name>
  </trkpt>
  <trkpt lat="-32.92951" lon="-68.82573">
    <name>TP2290</name>
  </trkpt>
  <trkpt lat="-32.9289" lon="-68.82539">
    <name>TP2291</name>
  </trkpt>
  <trkpt lat="-32.92877" lon="-68.82532">
    <name>TP2292</name>
  </trkpt>
  <trkpt lat="-32.92798" lon="-68.82496">
    <name>TP2293</name>
  </trkpt>
  <trkpt lat="-32.92654" lon="-68.82443">
    <name>TP2294</name>
  </trkpt>
  <trkpt lat="-32.92632" lon="-68.82435">
    <name>TP2295</name>
  </trkpt>
  <trkpt lat="-32.92601" lon="-68.82428">
    <name>TP2296</name>
  </trkpt>
  <trkpt lat="-32.92571" lon="-68.8242">
    <name>TP2297</name>
  </trkpt>
  <trkpt lat="-32.92548" lon="-68.82415">
    <name>TP2298</name>
  </trkpt>
  <trkpt lat="-32.92513" lon="-68.82407">
    <name>TP2299</name>
  </trkpt>
  <trkpt lat="-32.92444" lon="-68.82397">
    <name>TP2300</name>
  </trkpt>
  <trkpt lat="-32.92384" lon="-68.8239">
    <name>TP2301</name>
  </trkpt>
  <trkpt lat="-32.92285" lon="-68.82385">
    <name>TP2302</name>
  </trkpt>
  <trkpt lat="-32.92213" lon="-68.82385">
    <name>TP2303</name>
  </trkpt>
  <trkpt lat="-32.92158" lon="-68.82387">
    <name>TP2304</name>
  </trkpt>
  <trkpt lat="-32.92152" lon="-68.82388">
    <name>TP2305</name>
  </trkpt>
  <trkpt lat="-32.92084" lon="-68.8239">
    <name>TP2306</name>
  </trkpt>
  <trkpt lat="-32.91962" lon="-68.82396">
    <name>TP2307</name>
  </trkpt>
  <trkpt lat="-32.91886" lon="-68.824">
    <name>TP2308</name>
  </trkpt>
  <trkpt lat="-32.91869" lon="-68.82399">
    <name>TP2309</name>
  </trkpt>
  <trkpt lat="-32.91853" lon="-68.82399">
    <name>TP2310</name>
  </trkpt>
  <trkpt lat="-32.9179" lon="-68.82397">
    <name>TP2311</name>
  </trkpt>
  <trkpt lat="-32.91702" lon="-68.82391">
    <name>TP2312</name>
  </trkpt>
  <trkpt lat="-32.91665" lon="-68.82386">
    <name>TP2313</name>
  </trkpt>
  <trkpt lat="-32.91594" lon="-68.82375">
    <name>TP2314</name>
  </trkpt>
  <trkpt lat="-32.9154" lon="-68.82364">
    <name>TP2315</name>
  </trkpt>
  <trkpt lat="-32.91498" lon="-68.82352">
    <name>TP2316</name>
  </trkpt>
  <trkpt lat="-32.91416" lon="-68.82329">
    <name>TP2317</name>
  </trkpt>
  <trkpt lat="-32.91404" lon="-68.82325">
    <name>TP2318</name>
  </trkpt>
  <trkpt lat="-32.91369" lon="-68.82312">
    <name>TP2319</name>
  </trkpt>
  <trkpt lat="-32.9131" lon="-68.82287">
    <name>TP2320</name>
  </trkpt>
  <trkpt lat="-32.91239" lon="-68.82255">
    <name>TP2321</name>
  </trkpt>
  <trkpt lat="-32.91177" lon="-68.82228">
    <name>TP2322</name>
  </trkpt>
  <trkpt lat="-32.91135" lon="-68.82209">
    <name>TP2323</name>
  </trkpt>
  <trkpt lat="-32.91118" lon="-68.82201">
    <name>TP2324</name>
  </trkpt>
  <trkpt lat="-32.91117" lon="-68.82201">
    <name>TP2325</name>
  </trkpt>
  <trkpt lat="-32.91095" lon="-68.82191">
    <name>TP2326</name>
  </trkpt>
  <trkpt lat="-32.9099" lon="-68.82155">
    <name>TP2327</name>
  </trkpt>
  <trkpt lat="-32.90942" lon="-68.82134">
    <name>TP2328</name>
  </trkpt>
  <trkpt lat="-32.90893" lon="-68.82112">
    <name>TP2329</name>
  </trkpt>
  <trkpt lat="-32.90813" lon="-68.82073">
    <name>TP2330</name>
  </trkpt>
  <trkpt lat="-32.90759" lon="-68.82047">
    <name>TP2331</name>
  </trkpt>
  <trkpt lat="-32.90734" lon="-68.82037">
    <name>TP2332</name>
  </trkpt>
  <trkpt lat="-32.90711" lon="-68.8203">
    <name>TP2333</name>
  </trkpt>
  <trkpt lat="-32.90672" lon="-68.82017">
    <name>TP2334</name>
  </trkpt>
  <trkpt lat="-32.90618" lon="-68.82006">
    <name>TP2335</name>
  </trkpt>
  <trkpt lat="-32.90581" lon="-68.81999">
    <name>TP2336</name>
  </trkpt>
  <trkpt lat="-32.90483" lon="-68.81985">
    <name>TP2337</name>
  </trkpt>
  <trkpt lat="-32.90427" lon="-68.81975">
    <name>TP2338</name>
  </trkpt>
  <trkpt lat="-32.90316" lon="-68.81955">
    <name>TP2339</name>
  </trkpt>
  <trkpt lat="-32.9027" lon="-68.81947">
    <name>TP2340</name>
  </trkpt>
  <trkpt lat="-32.90255" lon="-68.81944">
    <name>TP2341</name>
  </trkpt>
  <trkpt lat="-32.90187" lon="-68.81931">
    <name>TP2342</name>
  </trkpt>
  <trkpt lat="-32.90136" lon="-68.81924">
    <name>TP2343</name>
  </trkpt>
  <trkpt lat="-32.90075" lon="-68.81914">
    <name>TP2344</name>
  </trkpt>
  <trkpt lat="-32.90048" lon="-68.81911">
    <name>TP2345</name>
  </trkpt>
  <trkpt lat="-32.89984" lon="-68.81905">
    <name>TP2346</name>
  </trkpt>
  <trkpt lat="-32.8998431" lon="-68.8190453">
    <name>TP2347</name>
  </trkpt>
  <trkpt lat="-32.89973" lon="-68.81908">
    <name>TP2348</name>
  </trkpt>
  <trkpt lat="-32.8996" lon="-68.81908">
    <name>TP2349</name>
  </trkpt>
  <trkpt lat="-32.89922" lon="-68.8191">
    <name>TP2350</name>
  </trkpt>
  <trkpt lat="-32.89901" lon="-68.8191">
    <name>TP2351</name>
  </trkpt>
  <trkpt lat="-32.8987" lon="-68.81909">
    <name>TP2352</name>
  </trkpt>
  <trkpt lat="-32.89854" lon="-68.81908">
    <name>TP2353</name>
  </trkpt>
  <trkpt lat="-32.89849" lon="-68.81907">
    <name>TP2354</name>
  </trkpt>
  <trkpt lat="-32.89796" lon="-68.81897">
    <name>TP2355</name>
  </trkpt>
  <trkpt lat="-32.89778" lon="-68.81893">
    <name>TP2356</name>
  </trkpt>
  <trkpt lat="-32.89769" lon="-68.8189">
    <name>TP2357</name>
  </trkpt>
  <trkpt lat="-32.8976" lon="-68.81888">
    <name>TP2358</name>
  </trkpt>
  <trkpt lat="-32.89743" lon="-68.81883">
    <name>TP2359</name>
  </trkpt>
  <trkpt lat="-32.89725" lon="-68.81877">
    <name>TP2360</name>
  </trkpt>
  <trkpt lat="-32.89717" lon="-68.8188">
    <name>TP2361</name>
  </trkpt>
  <trkpt lat="-32.89708" lon="-68.81884">
    <name>TP2362</name>
  </trkpt>
  <trkpt lat="-32.897" lon="-68.81888">
    <name>TP2363</name>
  </trkpt>
  <trkpt lat="-32.89694" lon="-68.81891">
    <name>TP2364</name>
  </trkpt>
  <trkpt lat="-32.89687" lon="-68.81897">
    <name>TP2365</name>
  </trkpt>
  <trkpt lat="-32.89681" lon="-68.81902">
    <name>TP2366</name>
  </trkpt>
  <trkpt lat="-32.89676" lon="-68.81908">
    <name>TP2367</name>
  </trkpt>
  <trkpt lat="-32.89673" lon="-68.81913">
    <name>TP2368</name>
  </trkpt>
  <trkpt lat="-32.89671" lon="-68.81917">
    <name>TP2369</name>
  </trkpt>
  <trkpt lat="-32.8967" lon="-68.81919">
    <name>TP2370</name>
  </trkpt>
  <trkpt lat="-32.89669" lon="-68.81922">
    <name>TP2371</name>
  </trkpt>
  <trkpt lat="-32.89666" lon="-68.81929">
    <name>TP2372</name>
  </trkpt>
  <trkpt lat="-32.89664" lon="-68.81937">
    <name>TP2373</name>
  </trkpt>
  <trkpt lat="-32.89664" lon="-68.81939">
    <name>TP2374</name>
  </trkpt>
  <trkpt lat="-32.89661" lon="-68.81951">
    <name>TP2375</name>
  </trkpt>
  <trkpt lat="-32.8966" lon="-68.81964">
    <name>TP2376</name>
  </trkpt>
  <trkpt lat="-32.89661" lon="-68.81975">
    <name>TP2377</name>
  </trkpt>
  <trkpt lat="-32.89662" lon="-68.81981">
    <name>TP2378</name>
  </trkpt>
  <trkpt lat="-32.89663" lon="-68.81984">
    <name>TP2379</name>
  </trkpt>
  <trkpt lat="-32.89666" lon="-68.81993">
    <name>TP2380</name>
  </trkpt>
  <trkpt lat="-32.8967" lon="-68.82">
    <name>TP2381</name>
  </trkpt>
  <trkpt lat="-32.89672" lon="-68.82006">
    <name>TP2382</name>
  </trkpt>
  <trkpt lat="-32.89676" lon="-68.82013">
    <name>TP2383</name>
  </trkpt>
  <trkpt lat="-32.89682" lon="-68.82026">
    <name>TP2384</name>
  </trkpt>
  <trkpt lat="-32.89687" lon="-68.82038">
    <name>TP2385</name>
  </trkpt>
  <trkpt lat="-32.89689" lon="-68.82042">
    <name>TP2386</name>
  </trkpt>
  <trkpt lat="-32.89696" lon="-68.82058">
    <name>TP2387</name>
  </trkpt>
  <trkpt lat="-32.897" lon="-68.82068">
    <name>TP2388</name>
  </trkpt>
  <trkpt lat="-32.89704" lon="-68.82079">
    <name>TP2389</name>
  </trkpt>
  <trkpt lat="-32.8971" lon="-68.82096">
    <name>TP2390</name>
  </trkpt>
  <trkpt lat="-32.89715" lon="-68.82113">
    <name>TP2391</name>
  </trkpt>
  <trkpt lat="-32.89718" lon="-68.82127">
    <name>TP2392</name>
  </trkpt>
  <trkpt lat="-32.89721" lon="-68.82145">
    <name>TP2393</name>
  </trkpt>
  <trkpt lat="-32.89723" lon="-68.82164">
    <name>TP2394</name>
  </trkpt>
  <trkpt lat="-32.89723" lon="-68.82172">
    <name>TP2395</name>
  </trkpt>
  <trkpt lat="-32.89724" lon="-68.82184">
    <name>TP2396</name>
  </trkpt>
  <trkpt lat="-32.89724" lon="-68.82193">
    <name>TP2397</name>
  </trkpt>
  <trkpt lat="-32.89724" lon="-68.82229">
    <name>TP2398</name>
  </trkpt>
  <trkpt lat="-32.89725" lon="-68.82256">
    <name>TP2399</name>
  </trkpt>
  <trkpt lat="-32.8972536" lon="-68.8225641">
    <name>TP2400</name>
  </trkpt>
  <trkpt lat="-32.89724" lon="-68.82268">
    <name>TP2401</name>
  </trkpt>
  <trkpt lat="-32.89721" lon="-68.82298">
    <name>TP2402</name>
  </trkpt>
  <trkpt lat="-32.89718" lon="-68.82336">
    <name>TP2403</name>
  </trkpt>
  <trkpt lat="-32.89717" lon="-68.82353">
    <name>TP2404</name>
  </trkpt>
  <trkpt lat="-32.89716" lon="-68.82368">
    <name>TP2405</name>
  </trkpt>
  <trkpt lat="-32.89715" lon="-68.82389">
    <name>TP2406</name>
  </trkpt>
  <trkpt lat="-32.89714" lon="-68.8258">
    <name>TP2407</name>
  </trkpt>
  <trkpt lat="-32.89715" lon="-68.82617">
    <name>TP2408</name>
  </trkpt>
  <trkpt lat="-32.89715" lon="-68.82644">
    <name>TP2409</name>
  </trkpt>
  <trkpt lat="-32.89715" lon="-68.82668">
    <name>TP2410</name>
  </trkpt>
  <trkpt lat="-32.89714" lon="-68.82688">
    <name>TP2411</name>
  </trkpt>
  <trkpt lat="-32.89713" lon="-68.827">
    <name>TP2412</name>
  </trkpt>
  <trkpt lat="-32.89712" lon="-68.82717">
    <name>TP2413</name>
  </trkpt>
  <trkpt lat="-32.8971" lon="-68.82731">
    <name>TP2414</name>
  </trkpt>
  <trkpt lat="-32.89708" lon="-68.82749">
    <name>TP2415</name>
  </trkpt>
  <trkpt lat="-32.89704" lon="-68.82769">
    <name>TP2416</name>
  </trkpt>
  <trkpt lat="-32.89701" lon="-68.82786">
    <name>TP2417</name>
  </trkpt>
  <trkpt lat="-32.89688" lon="-68.82856">
    <name>TP2418</name>
  </trkpt>
  <trkpt lat="-32.89685" lon="-68.82874">
    <name>TP2419</name>
  </trkpt>
  <trkpt lat="-32.89682" lon="-68.82891">
    <name>TP2420</name>
  </trkpt>
  <trkpt lat="-32.89662" lon="-68.82999">
    <name>TP2421</name>
  </trkpt>
  <trkpt lat="-32.89652" lon="-68.83059">
    <name>TP2422</name>
  </trkpt>
  <trkpt lat="-32.89645" lon="-68.83104">
    <name>TP2423</name>
  </trkpt>
  <trkpt lat="-32.89638" lon="-68.83163">
    <name>TP2424</name>
  </trkpt>
  <trkpt lat="-32.89632" lon="-68.83206">
    <name>TP2425</name>
  </trkpt>
  <trkpt lat="-32.8963225" lon="-68.8320641">
    <name>TP2426</name>
  </trkpt>
  <trkpt lat="-32.89626" lon="-68.83222">
    <name>TP2427</name>
  </trkpt>
  <trkpt lat="-32.89625" lon="-68.83224">
    <name>TP2428</name>
  </trkpt>
  <trkpt lat="-32.89624" lon="-68.83228">
    <name>TP2429</name>
  </trkpt>
  <trkpt lat="-32.89621" lon="-68.83236">
    <name>TP2430</name>
  </trkpt>
  <trkpt lat="-32.89616" lon="-68.83243">
    <name>TP2431</name>
  </trkpt>
  <trkpt lat="-32.89615" lon="-68.83245">
    <name>TP2432</name>
  </trkpt>
  <trkpt lat="-32.89614" lon="-68.83246">
    <name>TP2433</name>
  </trkpt>
  <trkpt lat="-32.89611" lon="-68.83249">
    <name>TP2434</name>
  </trkpt>
  <trkpt lat="-32.89605" lon="-68.83252">
    <name>TP2435</name>
  </trkpt>
  <trkpt lat="-32.896" lon="-68.83255">
    <name>TP2436</name>
  </trkpt>
  <trkpt lat="-32.896002" lon="-68.8325502">
    <name>TP2437</name>
  </trkpt>
  <trkpt lat="-32.89556" lon="-68.83225">
    <name>TP2438</name>
  </trkpt>
  <trkpt lat="-32.89553" lon="-68.83222">
    <name>TP2439</name>
  </trkpt>
  <trkpt lat="-32.8954" lon="-68.83216">
    <name>TP2440</name>
  </trkpt>
  <trkpt lat="-32.89518" lon="-68.83205">
    <name>TP2441</name>
  </trkpt>
  <trkpt lat="-32.89497" lon="-68.83195">
    <name>TP2442</name>
  </trkpt>
  <trkpt lat="-32.8949689" lon="-68.8319516">
    <name>TP2443</name>
  </trkpt>
  <trkpt lat="-32.89478" lon="-68.83185">
    <name>TP2444</name>
  </trkpt>
  <trkpt lat="-32.89467" lon="-68.83179">
    <name>TP2445</name>
  </trkpt>
  <trkpt lat="-32.89452" lon="-68.83169">
    <name>TP2446</name>
  </trkpt>
  <trkpt lat="-32.89388" lon="-68.83124">
    <name>TP2447</name>
  </trkpt>
  <trkpt lat="-32.89362" lon="-68.83104">
    <name>TP2448</name>
  </trkpt>
  <trkpt lat="-32.89355" lon="-68.83099">
    <name>TP2449</name>
  </trkpt>
  <trkpt lat="-32.89345" lon="-68.83096">
    <name>TP2450</name>
  </trkpt>
  <trkpt lat="-32.8932" lon="-68.8308">
    <name>TP2451</name>
  </trkpt>
  <trkpt lat="-32.89302" lon="-68.8307">
    <name>TP2452</name>
  </trkpt>
  <trkpt lat="-32.89285" lon="-68.83063">
    <name>TP2453</name>
  </trkpt>
  <trkpt lat="-32.89145" lon="-68.83022">
    <name>TP2454</name>
  </trkpt>
  <trkpt lat="-32.89024" lon="-68.82993">
    <name>TP2455</name>
  </trkpt>
  <trkpt lat="-32.88943" lon="-68.82972">
    <name>TP2456</name>
  </trkpt>
  <trkpt lat="-32.88888" lon="-68.82956">
    <name>TP2457</name>
  </trkpt>
  <trkpt lat="-32.8878" lon="-68.82914">
    <name>TP2458</name>
  </trkpt>
  <trkpt lat="-32.88741" lon="-68.82898">
    <name>TP2459</name>
  </trkpt>
  <trkpt lat="-32.88628" lon="-68.8285">
    <name>TP2460</name>
  </trkpt>
  <trkpt lat="-32.88576" lon="-68.82828">
    <name>TP2461</name>
  </trkpt>
  <trkpt lat="-32.88546" lon="-68.82815">
    <name>TP2462</name>
  </trkpt>
  <trkpt lat="-32.88527" lon="-68.82809">
    <name>TP2463</name>
  </trkpt>
  <trkpt lat="-32.88517" lon="-68.82805">
    <name>TP2464</name>
  </trkpt>
  <trkpt lat="-32.88494" lon="-68.82799">
    <name>TP2465</name>
  </trkpt>
  <trkpt lat="-32.88471" lon="-68.82792">
    <name>TP2466</name>
  </trkpt>
  <trkpt lat="-32.88422" lon="-68.82782">
    <name>TP2467</name>
  </trkpt>
  <trkpt lat="-32.88384" lon="-68.82773">
    <name>TP2468</name>
  </trkpt>
  <trkpt lat="-32.88278" lon="-68.82754">
    <name>TP2469</name>
  </trkpt>
  <trkpt lat="-32.88209" lon="-68.82745">
    <name>TP2470</name>
  </trkpt>
  <trkpt lat="-32.8817" lon="-68.82738">
    <name>TP2471</name>
  </trkpt>
  <trkpt lat="-32.88127" lon="-68.82727">
    <name>TP2472</name>
  </trkpt>
  <trkpt lat="-32.88082" lon="-68.82716">
    <name>TP2473</name>
  </trkpt>
  <trkpt lat="-32.8804" lon="-68.82705">
    <name>TP2474</name>
  </trkpt>
  <trkpt lat="-32.87925" lon="-68.82675">
    <name>TP2475</name>
  </trkpt>
  <trkpt lat="-32.8792517" lon="-68.8267525">
    <name>TP2476</name>
  </trkpt>
  <trkpt lat="-32.87922" lon="-68.8272">
    <name>TP2477</name>
  </trkpt>
  <trkpt lat="-32.87921" lon="-68.82732">
    <name>TP2478</name>
  </trkpt>
  <trkpt lat="-32.8792" lon="-68.82743">
    <name>TP2479</name>
  </trkpt>
  <trkpt lat="-32.87918" lon="-68.82778">
    <name>TP2480</name>
  </trkpt>
  <trkpt lat="-32.87917" lon="-68.82807">
    <name>TP2481</name>
  </trkpt>
  <trkpt lat="-32.8791677" lon="-68.8280687">
    <name>TP2482</name>
  </trkpt>
  <trkpt lat="-32.87793" lon="-68.82796">
    <name>TP2483</name>
  </trkpt>
  <trkpt lat="-32.87674" lon="-68.82789">
    <name>TP2484</name>
  </trkpt>
  <trkpt lat="-32.87586" lon="-68.82783">
    <name>TP2485</name>
  </trkpt>
  <trkpt lat="-32.87551" lon="-68.82781">
    <name>TP2486</name>
  </trkpt>
  <trkpt lat="-32.8755093" lon="-68.8278068">
    <name>TP2487</name>
  </trkpt>
  <trkpt lat="-32.87553" lon="-68.82716">
    <name>TP2488</name>
  </trkpt>
  <trkpt lat="-32.87556" lon="-68.82631">
    <name>TP2489</name>
  </trkpt>
  <trkpt lat="-32.8755607" lon="-68.8263094">
    <name>TP2490</name>
  </trkpt>
  <trkpt lat="-32.87573" lon="-68.82633">
    <name>TP2491</name>
  </trkpt>
  <trkpt lat="-32.87585" lon="-68.82634">
    <name>TP2492</name>
  </trkpt>
  <trkpt lat="-32.87598" lon="-68.82637">
    <name>TP2493</name>
  </trkpt>
  <trkpt lat="-32.87609" lon="-68.8264">
    <name>TP2494</name>
  </trkpt>
  <trkpt lat="-32.8760901" lon="-68.826402">
    <name>TP2495</name>
  </trkpt>
  <trkpt lat="-32.8760901" lon="-68.826402">
    <name>TP2496</name>
  </trkpt>
  <trkpt lat="-32.8760901" lon="-68.826402">
    <name>TP2497</name>
  </trkpt>
  </trkseg>
</trk>
</gpx>