<?xml version="1.0" encoding="UTF-8" standalone="no" ?>
<gpx xmlns="http://www.topografix.com/GPX/1/1" xmlns:gpxx="http://www.garmin.com/xmlschemas/GpxExtensions/v3" xmlns:gpxtpx="http://www.garmin.com/xmlschemas/TrackPointExtension/v1" creator="mapstogpx.com" version="1.1" xmlns:xsi="http://www.w3.org/2001/XMLSchema-instance" xsi:schemaLocation="http://www.topografix.com/GPX/1/1 http://www.topografix.com/GPX/1/1/gpx.xsd http://www.garmin.com/xmlschemas/GpxExtensions/v3 http://www.garmin.com/xmlschemas/GpxExtensionsv3.xsd http://www.garmin.com/xmlschemas/TrackPointExtension/v1 http://www.garmin.com/xmlschemas/TrackPointExtensionv1.xsd">
  <metadata>
    <link href="http://www.mapstogpx.com">
      <text>Sverrir Sigmundarson</text>
    </link>
    <!--desc>Map data ©2024 Google</desc-->
    <!--copyright author="Google Inc">
    	<year>2024</year>
    	<license>https://developers.google.com/maps/terms</license>
    </copyright-->
    <!--url>https://www.google.com/maps/dir/Boulder+Bay+Park/34.226003,-116.936714/68+Big+Bear+Blvd,+Big+Bear+Lake,+CA+92315/572+Social+kitchen+%26+lounge,+572+Pine+Knot+Ave,+Big+Bear+Lake,+CA+92315/34.226429,+-116.936600/@34.2378012,-116.939145,9759m/data=!3m1!1e3!4m25!4m24!1m5!1m1!1s0x80c4b36ff2caf7b9:0x4f1e869eec9d8ec6!2m2!1d-116.949117!2d34.238558!1m0!1m5!1m1!1s0x80c4b2102e8f2571:0x374bd22c9c12c3ee!2m2!1d-116.9729427!2d34.2409469!1m5!1m1!1s0x80c4b3942b7a27a5:0xcf2c4927c36cf764!2m2!1d-116.9116125!2d34.2420829!1m3!2m2!1d-116.9366!2d34.226429!3e0?entry=tts&g_ep=EgoyMDI0MTAxNi4wKgBIAVAD&hl=en</url-->
    <time>2024-11-09T08:00:14Z</time>
  </metadata>
  <wpt lat="34.238558" lon="-116.949117">
    <name>Boulder Bay Park</name>
    <desc>Boulder Bay Park, 39098 Big Bear Blvd, Big Bear Lake, CA 92333</desc>
  </wpt>
  <wpt lat="34.226003" lon="-116.936714">
    <name>California</name>
    <desc>Bear Valley Unified School District, California</desc>
  </wpt>
  <wpt lat="34.2409469" lon="-116.9729427">
    <name>68 Big Bear Blvd</name>
    <desc>68 Big Bear Blvd, Big Bear Lake, CA 92315</desc>
  </wpt>
  <wpt lat="34.2420829" lon="-116.9116125">
    <name>572 Social kitchen &amp; lounge</name>
    <desc>572 Social kitchen &amp; lounge, 572 Pine Knot Ave, Big Bear Lake, CA 92315</desc>
  </wpt>
  <wpt lat="34.2262804" lon="-116.9367072">
    <name>Mill Creek Rd</name>
    <desc>Mill Creek Rd, Angelus Oaks, CA 92305</desc>
  </wpt>
<trk>
  <name>Boulder Bay Park to Mill Creek Rd</name>
  <number>1</number>
  <trkseg>
  <trkpt lat="34.238524" lon="-116.9490241">
    <name>TP001</name>
  </trkpt>
  <trkpt lat="34.2385" lon="-116.94904">
    <name>TP002</name>
  </trkpt>
  <trkpt lat="34.23848" lon="-116.94904">
    <name>TP003</name>
  </trkpt>
  <trkpt lat="34.23846" lon="-116.94904">
    <name>TP004</name>
  </trkpt>
  <trkpt lat="34.23841" lon="-116.94903">
    <name>TP005</name>
  </trkpt>
  <trkpt lat="34.23835" lon="-116.94901">
    <name>TP006</name>
  </trkpt>
  <trkpt lat="34.2383453" lon="-116.9490128">
    <name>TP007</name>
  </trkpt>
  <trkpt lat="34.23835" lon="-116.949">
    <name>TP008</name>
  </trkpt>
  <trkpt lat="34.23837" lon="-116.94873">
    <name>TP009</name>
  </trkpt>
  <trkpt lat="34.23842" lon="-116.9482">
    <name>TP010</name>
  </trkpt>
  <trkpt lat="34.23847" lon="-116.9477">
    <name>TP011</name>
  </trkpt>
  <trkpt lat="34.23852" lon="-116.94716">
    <name>TP012</name>
  </trkpt>
  <trkpt lat="34.23855" lon="-116.94681">
    <name>TP013</name>
  </trkpt>
  <trkpt lat="34.23858" lon="-116.94646">
    <name>TP014</name>
  </trkpt>
  <trkpt lat="34.23859" lon="-116.94626">
    <name>TP015</name>
  </trkpt>
  <trkpt lat="34.23859" lon="-116.94616">
    <name>TP016</name>
  </trkpt>
  <trkpt lat="34.23859" lon="-116.94611">
    <name>TP017</name>
  </trkpt>
  <trkpt lat="34.23858" lon="-116.94578">
    <name>TP018</name>
  </trkpt>
  <trkpt lat="34.23858" lon="-116.94541">
    <name>TP019</name>
  </trkpt>
  <trkpt lat="34.23857" lon="-116.9452">
    <name>TP020</name>
  </trkpt>
  <trkpt lat="34.23857" lon="-116.94499">
    <name>TP021</name>
  </trkpt>
  <trkpt lat="34.23855" lon="-116.94379">
    <name>TP022</name>
  </trkpt>
  <trkpt lat="34.23854" lon="-116.94248">
    <name>TP023</name>
  </trkpt>
  <trkpt lat="34.23853" lon="-116.94226">
    <name>TP024</name>
  </trkpt>
  <trkpt lat="34.23853" lon="-116.94156">
    <name>TP025</name>
  </trkpt>
  <trkpt lat="34.23853" lon="-116.94136">
    <name>TP026</name>
  </trkpt>
  <trkpt lat="34.23852" lon="-116.94092">
    <name>TP027</name>
  </trkpt>
  <trkpt lat="34.23852" lon="-116.94085">
    <name>TP028</name>
  </trkpt>
  <trkpt lat="34.23852" lon="-116.93798">
    <name>TP029</name>
  </trkpt>
  <trkpt lat="34.2385" lon="-116.93688">
    <name>TP030</name>
  </trkpt>
  <trkpt lat="34.2385" lon="-116.93643">
    <name>TP031</name>
  </trkpt>
  <trkpt lat="34.23851" lon="-116.93599">
    <name>TP032</name>
  </trkpt>
  <trkpt lat="34.23851" lon="-116.93584">
    <name>TP033</name>
  </trkpt>
  <trkpt lat="34.23854" lon="-116.93569">
    <name>TP034</name>
  </trkpt>
  <trkpt lat="34.23858" lon="-116.93549">
    <name>TP035</name>
  </trkpt>
  <trkpt lat="34.23865" lon="-116.93532">
    <name>TP036</name>
  </trkpt>
  <trkpt lat="34.23874" lon="-116.93512">
    <name>TP037</name>
  </trkpt>
  <trkpt lat="34.23882" lon="-116.935">
    <name>TP038</name>
  </trkpt>
  <trkpt lat="34.23889" lon="-116.93489">
    <name>TP039</name>
  </trkpt>
  <trkpt lat="34.23895" lon="-116.93483">
    <name>TP040</name>
  </trkpt>
  <trkpt lat="34.239" lon="-116.93477">
    <name>TP041</name>
  </trkpt>
  <trkpt lat="34.23907" lon="-116.93469">
    <name>TP042</name>
  </trkpt>
  <trkpt lat="34.23919" lon="-116.93459">
    <name>TP043</name>
  </trkpt>
  <trkpt lat="34.23948" lon="-116.93444">
    <name>TP044</name>
  </trkpt>
  <trkpt lat="34.2397" lon="-116.93432">
    <name>TP045</name>
  </trkpt>
  <trkpt lat="34.23981" lon="-116.93423">
    <name>TP046</name>
  </trkpt>
  <trkpt lat="34.2399" lon="-116.93414">
    <name>TP047</name>
  </trkpt>
  <trkpt lat="34.23997" lon="-116.93406">
    <name>TP048</name>
  </trkpt>
  <trkpt lat="34.24004" lon="-116.93393">
    <name>TP049</name>
  </trkpt>
  <trkpt lat="34.24011" lon="-116.93376">
    <name>TP050</name>
  </trkpt>
  <trkpt lat="34.24014" lon="-116.9336">
    <name>TP051</name>
  </trkpt>
  <trkpt lat="34.24017" lon="-116.93346">
    <name>TP052</name>
  </trkpt>
  <trkpt lat="34.2402" lon="-116.93312">
    <name>TP053</name>
  </trkpt>
  <trkpt lat="34.2402" lon="-116.93307">
    <name>TP054</name>
  </trkpt>
  <trkpt lat="34.24022" lon="-116.93284">
    <name>TP055</name>
  </trkpt>
  <trkpt lat="34.24023" lon="-116.93269">
    <name>TP056</name>
  </trkpt>
  <trkpt lat="34.240229" lon="-116.9326902">
    <name>TP057</name>
  </trkpt>
  <trkpt lat="34.23996" lon="-116.93269">
    <name>TP058</name>
  </trkpt>
  <trkpt lat="34.23978" lon="-116.93266">
    <name>TP059</name>
  </trkpt>
  <trkpt lat="34.23943" lon="-116.9326">
    <name>TP060</name>
  </trkpt>
  <trkpt lat="34.2393" lon="-116.93258">
    <name>TP061</name>
  </trkpt>
  <trkpt lat="34.23913" lon="-116.93251">
    <name>TP062</name>
  </trkpt>
  <trkpt lat="34.239" lon="-116.93239">
    <name>TP063</name>
  </trkpt>
  <trkpt lat="34.2389" lon="-116.93229">
    <name>TP064</name>
  </trkpt>
  <trkpt lat="34.23888" lon="-116.93226">
    <name>TP065</name>
  </trkpt>
  <trkpt lat="34.23858" lon="-116.93187">
    <name>TP066</name>
  </trkpt>
  <trkpt lat="34.23851" lon="-116.93178">
    <name>TP067</name>
  </trkpt>
  <trkpt lat="34.23837" lon="-116.93164">
    <name>TP068</name>
  </trkpt>
  <trkpt lat="34.23827" lon="-116.93155">
    <name>TP069</name>
  </trkpt>
  <trkpt lat="34.23822" lon="-116.93152">
    <name>TP070</name>
  </trkpt>
  <trkpt lat="34.2382" lon="-116.93151">
    <name>TP071</name>
  </trkpt>
  <trkpt lat="34.23809" lon="-116.93146">
    <name>TP072</name>
  </trkpt>
  <trkpt lat="34.23805" lon="-116.93145">
    <name>TP073</name>
  </trkpt>
  <trkpt lat="34.23793" lon="-116.93142">
    <name>TP074</name>
  </trkpt>
  <trkpt lat="34.2377" lon="-116.93138">
    <name>TP075</name>
  </trkpt>
  <trkpt lat="34.23752" lon="-116.93135">
    <name>TP076</name>
  </trkpt>
  <trkpt lat="34.23734" lon="-116.93132">
    <name>TP077</name>
  </trkpt>
  <trkpt lat="34.23716" lon="-116.93129">
    <name>TP078</name>
  </trkpt>
  <trkpt lat="34.23698" lon="-116.93126">
    <name>TP079</name>
  </trkpt>
  <trkpt lat="34.2369" lon="-116.93124">
    <name>TP080</name>
  </trkpt>
  <trkpt lat="34.23681" lon="-116.93123">
    <name>TP081</name>
  </trkpt>
  <trkpt lat="34.23668" lon="-116.93121">
    <name>TP082</name>
  </trkpt>
  <trkpt lat="34.23651" lon="-116.93114">
    <name>TP083</name>
  </trkpt>
  <trkpt lat="34.23619" lon="-116.9309">
    <name>TP084</name>
  </trkpt>
  <trkpt lat="34.23577" lon="-116.93024">
    <name>TP085</name>
  </trkpt>
  <trkpt lat="34.23556" lon="-116.92989">
    <name>TP086</name>
  </trkpt>
  <trkpt lat="34.23551" lon="-116.92981">
    <name>TP087</name>
  </trkpt>
  <trkpt lat="34.23537" lon="-116.92949">
    <name>TP088</name>
  </trkpt>
  <trkpt lat="34.23541" lon="-116.9293">
    <name>TP089</name>
  </trkpt>
  <trkpt lat="34.23549" lon="-116.92891">
    <name>TP090</name>
  </trkpt>
  <trkpt lat="34.2354927" lon="-116.9289135">
    <name>TP091</name>
  </trkpt>
  <trkpt lat="34.23505" lon="-116.92886">
    <name>TP092</name>
  </trkpt>
  <trkpt lat="34.23494" lon="-116.92898">
    <name>TP093</name>
  </trkpt>
  <trkpt lat="34.23484" lon="-116.92915">
    <name>TP094</name>
  </trkpt>
  <trkpt lat="34.2348" lon="-116.9292">
    <name>TP095</name>
  </trkpt>
  <trkpt lat="34.23474" lon="-116.92935">
    <name>TP096</name>
  </trkpt>
  <trkpt lat="34.23469" lon="-116.92947">
    <name>TP097</name>
  </trkpt>
  <trkpt lat="34.23467" lon="-116.9295">
    <name>TP098</name>
  </trkpt>
  <trkpt lat="34.23465" lon="-116.92952">
    <name>TP099</name>
  </trkpt>
  <trkpt lat="34.23461" lon="-116.92958">
    <name>TP100</name>
  </trkpt>
  <trkpt lat="34.23448" lon="-116.92966">
    <name>TP101</name>
  </trkpt>
  <trkpt lat="34.23434" lon="-116.92965">
    <name>TP102</name>
  </trkpt>
  <trkpt lat="34.2343" lon="-116.92963">
    <name>TP103</name>
  </trkpt>
  <trkpt lat="34.23424" lon="-116.9296">
    <name>TP104</name>
  </trkpt>
  <trkpt lat="34.23419" lon="-116.92957">
    <name>TP105</name>
  </trkpt>
  <trkpt lat="34.23412" lon="-116.92955">
    <name>TP106</name>
  </trkpt>
  <trkpt lat="34.234" lon="-116.92948">
    <name>TP107</name>
  </trkpt>
  <trkpt lat="34.23396" lon="-116.92946">
    <name>TP108</name>
  </trkpt>
  <trkpt lat="34.23393" lon="-116.92944">
    <name>TP109</name>
  </trkpt>
  <trkpt lat="34.23383" lon="-116.9294">
    <name>TP110</name>
  </trkpt>
  <trkpt lat="34.23376" lon="-116.92936">
    <name>TP111</name>
  </trkpt>
  <trkpt lat="34.23366" lon="-116.92933">
    <name>TP112</name>
  </trkpt>
  <trkpt lat="34.23345" lon="-116.92926">
    <name>TP113</name>
  </trkpt>
  <trkpt lat="34.23344" lon="-116.92926">
    <name>TP114</name>
  </trkpt>
  <trkpt lat="34.23331" lon="-116.92925">
    <name>TP115</name>
  </trkpt>
  <trkpt lat="34.23326" lon="-116.92927">
    <name>TP116</name>
  </trkpt>
  <trkpt lat="34.23322" lon="-116.92929">
    <name>TP117</name>
  </trkpt>
  <trkpt lat="34.23316" lon="-116.92937">
    <name>TP118</name>
  </trkpt>
  <trkpt lat="34.23323" lon="-116.92964">
    <name>TP119</name>
  </trkpt>
  <trkpt lat="34.23324" lon="-116.92967">
    <name>TP120</name>
  </trkpt>
  <trkpt lat="34.23339" lon="-116.92995">
    <name>TP121</name>
  </trkpt>
  <trkpt lat="34.23343" lon="-116.93">
    <name>TP122</name>
  </trkpt>
  <trkpt lat="34.23352" lon="-116.93011">
    <name>TP123</name>
  </trkpt>
  <trkpt lat="34.23356" lon="-116.93016">
    <name>TP124</name>
  </trkpt>
  <trkpt lat="34.23358" lon="-116.93019">
    <name>TP125</name>
  </trkpt>
  <trkpt lat="34.23366" lon="-116.93029">
    <name>TP126</name>
  </trkpt>
  <trkpt lat="34.23368" lon="-116.93031">
    <name>TP127</name>
  </trkpt>
  <trkpt lat="34.23372" lon="-116.93036">
    <name>TP128</name>
  </trkpt>
  <trkpt lat="34.23372" lon="-116.93044">
    <name>TP129</name>
  </trkpt>
  <trkpt lat="34.23371" lon="-116.93045">
    <name>TP130</name>
  </trkpt>
  <trkpt lat="34.23371" lon="-116.9305">
    <name>TP131</name>
  </trkpt>
  <trkpt lat="34.2337" lon="-116.93051">
    <name>TP132</name>
  </trkpt>
  <trkpt lat="34.23367" lon="-116.93055">
    <name>TP133</name>
  </trkpt>
  <trkpt lat="34.23363" lon="-116.93059">
    <name>TP134</name>
  </trkpt>
  <trkpt lat="34.2336" lon="-116.9306">
    <name>TP135</name>
  </trkpt>
  <trkpt lat="34.23354" lon="-116.93061">
    <name>TP136</name>
  </trkpt>
  <trkpt lat="34.23343" lon="-116.93061">
    <name>TP137</name>
  </trkpt>
  <trkpt lat="34.23332" lon="-116.9306">
    <name>TP138</name>
  </trkpt>
  <trkpt lat="34.23313" lon="-116.93052">
    <name>TP139</name>
  </trkpt>
  <trkpt lat="34.23286" lon="-116.9304">
    <name>TP140</name>
  </trkpt>
  <trkpt lat="34.23269" lon="-116.93033">
    <name>TP141</name>
  </trkpt>
  <trkpt lat="34.23257" lon="-116.93027">
    <name>TP142</name>
  </trkpt>
  <trkpt lat="34.23252" lon="-116.93026">
    <name>TP143</name>
  </trkpt>
  <trkpt lat="34.23252" lon="-116.93025">
    <name>TP144</name>
  </trkpt>
  <trkpt lat="34.23239" lon="-116.9302">
    <name>TP145</name>
  </trkpt>
  <trkpt lat="34.23217" lon="-116.93016">
    <name>TP146</name>
  </trkpt>
  <trkpt lat="34.23204" lon="-116.93015">
    <name>TP147</name>
  </trkpt>
  <trkpt lat="34.23203" lon="-116.93015">
    <name>TP148</name>
  </trkpt>
  <trkpt lat="34.23199" lon="-116.93014">
    <name>TP149</name>
  </trkpt>
  <trkpt lat="34.23181" lon="-116.93012">
    <name>TP150</name>
  </trkpt>
  <trkpt lat="34.23171" lon="-116.93011">
    <name>TP151</name>
  </trkpt>
  <trkpt lat="34.23168" lon="-116.93011">
    <name>TP152</name>
  </trkpt>
  <trkpt lat="34.23163" lon="-116.93012">
    <name>TP153</name>
  </trkpt>
  <trkpt lat="34.23151" lon="-116.93012">
    <name>TP154</name>
  </trkpt>
  <trkpt lat="34.23133" lon="-116.93027">
    <name>TP155</name>
  </trkpt>
  <trkpt lat="34.23119" lon="-116.93031">
    <name>TP156</name>
  </trkpt>
  <trkpt lat="34.23118" lon="-116.93032">
    <name>TP157</name>
  </trkpt>
  <trkpt lat="34.23114" lon="-116.93034">
    <name>TP158</name>
  </trkpt>
  <trkpt lat="34.23101" lon="-116.9304">
    <name>TP159</name>
  </trkpt>
  <trkpt lat="34.23097" lon="-116.93042">
    <name>TP160</name>
  </trkpt>
  <trkpt lat="34.23092" lon="-116.93045">
    <name>TP161</name>
  </trkpt>
  <trkpt lat="34.23086" lon="-116.9305">
    <name>TP162</name>
  </trkpt>
  <trkpt lat="34.23083" lon="-116.93056">
    <name>TP163</name>
  </trkpt>
  <trkpt lat="34.2308" lon="-116.93062">
    <name>TP164</name>
  </trkpt>
  <trkpt lat="34.23079" lon="-116.93071">
    <name>TP165</name>
  </trkpt>
  <trkpt lat="34.2308" lon="-116.93076">
    <name>TP166</name>
  </trkpt>
  <trkpt lat="34.23081" lon="-116.93081">
    <name>TP167</name>
  </trkpt>
  <trkpt lat="34.23083" lon="-116.93091">
    <name>TP168</name>
  </trkpt>
  <trkpt lat="34.23084" lon="-116.93097">
    <name>TP169</name>
  </trkpt>
  <trkpt lat="34.23085" lon="-116.931">
    <name>TP170</name>
  </trkpt>
  <trkpt lat="34.23086" lon="-116.93111">
    <name>TP171</name>
  </trkpt>
  <trkpt lat="34.23086" lon="-116.93112">
    <name>TP172</name>
  </trkpt>
  <trkpt lat="34.23085" lon="-116.93119">
    <name>TP173</name>
  </trkpt>
  <trkpt lat="34.23085" lon="-116.93126">
    <name>TP174</name>
  </trkpt>
  <trkpt lat="34.23083" lon="-116.93136">
    <name>TP175</name>
  </trkpt>
  <trkpt lat="34.23074" lon="-116.93151">
    <name>TP176</name>
  </trkpt>
  <trkpt lat="34.23067" lon="-116.93161">
    <name>TP177</name>
  </trkpt>
  <trkpt lat="34.23058" lon="-116.93172">
    <name>TP178</name>
  </trkpt>
  <trkpt lat="34.23056" lon="-116.93185">
    <name>TP179</name>
  </trkpt>
  <trkpt lat="34.23056" lon="-116.93192">
    <name>TP180</name>
  </trkpt>
  <trkpt lat="34.23056" lon="-116.93194">
    <name>TP181</name>
  </trkpt>
  <trkpt lat="34.23056" lon="-116.93202">
    <name>TP182</name>
  </trkpt>
  <trkpt lat="34.23055" lon="-116.93214">
    <name>TP183</name>
  </trkpt>
  <trkpt lat="34.23054" lon="-116.93215">
    <name>TP184</name>
  </trkpt>
  <trkpt lat="34.23052" lon="-116.9322">
    <name>TP185</name>
  </trkpt>
  <trkpt lat="34.23049" lon="-116.93225">
    <name>TP186</name>
  </trkpt>
  <trkpt lat="34.23038" lon="-116.93229">
    <name>TP187</name>
  </trkpt>
  <trkpt lat="34.23025" lon="-116.93227">
    <name>TP188</name>
  </trkpt>
  <trkpt lat="34.2302" lon="-116.93226">
    <name>TP189</name>
  </trkpt>
  <trkpt lat="34.23014" lon="-116.93226">
    <name>TP190</name>
  </trkpt>
  <trkpt lat="34.23008" lon="-116.93228">
    <name>TP191</name>
  </trkpt>
  <trkpt lat="34.23003" lon="-116.93229">
    <name>TP192</name>
  </trkpt>
  <trkpt lat="34.22999" lon="-116.9323">
    <name>TP193</name>
  </trkpt>
  <trkpt lat="34.2299" lon="-116.93234">
    <name>TP194</name>
  </trkpt>
  <trkpt lat="34.22987" lon="-116.93238">
    <name>TP195</name>
  </trkpt>
  <trkpt lat="34.22986" lon="-116.93238">
    <name>TP196</name>
  </trkpt>
  <trkpt lat="34.22985" lon="-116.93239">
    <name>TP197</name>
  </trkpt>
  <trkpt lat="34.22981" lon="-116.93258">
    <name>TP198</name>
  </trkpt>
  <trkpt lat="34.2298" lon="-116.93263">
    <name>TP199</name>
  </trkpt>
  <trkpt lat="34.22983" lon="-116.93276">
    <name>TP200</name>
  </trkpt>
  <trkpt lat="34.22981" lon="-116.93283">
    <name>TP201</name>
  </trkpt>
  <trkpt lat="34.22968" lon="-116.9329">
    <name>TP202</name>
  </trkpt>
  <trkpt lat="34.22959" lon="-116.93293">
    <name>TP203</name>
  </trkpt>
  <trkpt lat="34.22953" lon="-116.93298">
    <name>TP204</name>
  </trkpt>
  <trkpt lat="34.2295" lon="-116.93303">
    <name>TP205</name>
  </trkpt>
  <trkpt lat="34.22949" lon="-116.93305">
    <name>TP206</name>
  </trkpt>
  <trkpt lat="34.22946" lon="-116.93316">
    <name>TP207</name>
  </trkpt>
  <trkpt lat="34.22945" lon="-116.9333">
    <name>TP208</name>
  </trkpt>
  <trkpt lat="34.22944" lon="-116.93339">
    <name>TP209</name>
  </trkpt>
  <trkpt lat="34.22944" lon="-116.93349">
    <name>TP210</name>
  </trkpt>
  <trkpt lat="34.22944" lon="-116.93358">
    <name>TP211</name>
  </trkpt>
  <trkpt lat="34.22942" lon="-116.93369">
    <name>TP212</name>
  </trkpt>
  <trkpt lat="34.22939" lon="-116.93381">
    <name>TP213</name>
  </trkpt>
  <trkpt lat="34.22929" lon="-116.93385">
    <name>TP214</name>
  </trkpt>
  <trkpt lat="34.22923" lon="-116.93389">
    <name>TP215</name>
  </trkpt>
  <trkpt lat="34.22919" lon="-116.93391">
    <name>TP216</name>
  </trkpt>
  <trkpt lat="34.2291" lon="-116.93393">
    <name>TP217</name>
  </trkpt>
  <trkpt lat="34.22905" lon="-116.93393">
    <name>TP218</name>
  </trkpt>
  <trkpt lat="34.22896" lon="-116.93394">
    <name>TP219</name>
  </trkpt>
  <trkpt lat="34.22886" lon="-116.93391">
    <name>TP220</name>
  </trkpt>
  <trkpt lat="34.22878" lon="-116.93389">
    <name>TP221</name>
  </trkpt>
  <trkpt lat="34.2287" lon="-116.93391">
    <name>TP222</name>
  </trkpt>
  <trkpt lat="34.22867" lon="-116.93391">
    <name>TP223</name>
  </trkpt>
  <trkpt lat="34.22862" lon="-116.93392">
    <name>TP224</name>
  </trkpt>
  <trkpt lat="34.22856" lon="-116.93397">
    <name>TP225</name>
  </trkpt>
  <trkpt lat="34.22835" lon="-116.93402">
    <name>TP226</name>
  </trkpt>
  <trkpt lat="34.22823" lon="-116.93405">
    <name>TP227</name>
  </trkpt>
  <trkpt lat="34.2282" lon="-116.93404">
    <name>TP228</name>
  </trkpt>
  <trkpt lat="34.22814" lon="-116.93404">
    <name>TP229</name>
  </trkpt>
  <trkpt lat="34.22805" lon="-116.93403">
    <name>TP230</name>
  </trkpt>
  <trkpt lat="34.22802" lon="-116.93404">
    <name>TP231</name>
  </trkpt>
  <trkpt lat="34.22792" lon="-116.93406">
    <name>TP232</name>
  </trkpt>
  <trkpt lat="34.22784" lon="-116.93407">
    <name>TP233</name>
  </trkpt>
  <trkpt lat="34.22768" lon="-116.93408">
    <name>TP234</name>
  </trkpt>
  <trkpt lat="34.22757" lon="-116.93405">
    <name>TP235</name>
  </trkpt>
  <trkpt lat="34.2275" lon="-116.93399">
    <name>TP236</name>
  </trkpt>
  <trkpt lat="34.22742" lon="-116.93389">
    <name>TP237</name>
  </trkpt>
  <trkpt lat="34.22738" lon="-116.93383">
    <name>TP238</name>
  </trkpt>
  <trkpt lat="34.22736" lon="-116.93379">
    <name>TP239</name>
  </trkpt>
  <trkpt lat="34.22729" lon="-116.93364">
    <name>TP240</name>
  </trkpt>
  <trkpt lat="34.22723" lon="-116.93356">
    <name>TP241</name>
  </trkpt>
  <trkpt lat="34.22716" lon="-116.93349">
    <name>TP242</name>
  </trkpt>
  <trkpt lat="34.22704" lon="-116.93339">
    <name>TP243</name>
  </trkpt>
  <trkpt lat="34.22699" lon="-116.93335">
    <name>TP244</name>
  </trkpt>
  <trkpt lat="34.22693" lon="-116.93332">
    <name>TP245</name>
  </trkpt>
  <trkpt lat="34.22684" lon="-116.93329">
    <name>TP246</name>
  </trkpt>
  <trkpt lat="34.22679" lon="-116.93328">
    <name>TP247</name>
  </trkpt>
  <trkpt lat="34.22675" lon="-116.93326">
    <name>TP248</name>
  </trkpt>
  <trkpt lat="34.22668" lon="-116.93317">
    <name>TP249</name>
  </trkpt>
  <trkpt lat="34.22657" lon="-116.93302">
    <name>TP250</name>
  </trkpt>
  <trkpt lat="34.22653" lon="-116.93288">
    <name>TP251</name>
  </trkpt>
  <trkpt lat="34.2265" lon="-116.93272">
    <name>TP252</name>
  </trkpt>
  <trkpt lat="34.22648" lon="-116.93262">
    <name>TP253</name>
  </trkpt>
  <trkpt lat="34.22644" lon="-116.93255">
    <name>TP254</name>
  </trkpt>
  <trkpt lat="34.22639" lon="-116.93249">
    <name>TP255</name>
  </trkpt>
  <trkpt lat="34.22633" lon="-116.93246">
    <name>TP256</name>
  </trkpt>
  <trkpt lat="34.22629" lon="-116.93246">
    <name>TP257</name>
  </trkpt>
  <trkpt lat="34.22625" lon="-116.93246">
    <name>TP258</name>
  </trkpt>
  <trkpt lat="34.22621" lon="-116.93247">
    <name>TP259</name>
  </trkpt>
  <trkpt lat="34.2261" lon="-116.93257">
    <name>TP260</name>
  </trkpt>
  <trkpt lat="34.22605" lon="-116.93266">
    <name>TP261</name>
  </trkpt>
  <trkpt lat="34.226" lon="-116.93276">
    <name>TP262</name>
  </trkpt>
  <trkpt lat="34.22587" lon="-116.933">
    <name>TP263</name>
  </trkpt>
  <trkpt lat="34.22577" lon="-116.93322">
    <name>TP264</name>
  </trkpt>
  <trkpt lat="34.22571" lon="-116.93343">
    <name>TP265</name>
  </trkpt>
  <trkpt lat="34.22568" lon="-116.93364">
    <name>TP266</name>
  </trkpt>
  <trkpt lat="34.2257" lon="-116.93375">
    <name>TP267</name>
  </trkpt>
  <trkpt lat="34.22575" lon="-116.93391">
    <name>TP268</name>
  </trkpt>
  <trkpt lat="34.22579" lon="-116.93403">
    <name>TP269</name>
  </trkpt>
  <trkpt lat="34.22588" lon="-116.9342">
    <name>TP270</name>
  </trkpt>
  <trkpt lat="34.2259" lon="-116.9343">
    <name>TP271</name>
  </trkpt>
  <trkpt lat="34.22592" lon="-116.93436">
    <name>TP272</name>
  </trkpt>
  <trkpt lat="34.22591" lon="-116.93443">
    <name>TP273</name>
  </trkpt>
  <trkpt lat="34.2259" lon="-116.9345">
    <name>TP274</name>
  </trkpt>
  <trkpt lat="34.22572" lon="-116.93472">
    <name>TP275</name>
  </trkpt>
  <trkpt lat="34.22569" lon="-116.93481">
    <name>TP276</name>
  </trkpt>
  <trkpt lat="34.22566" lon="-116.93496">
    <name>TP277</name>
  </trkpt>
  <trkpt lat="34.22564" lon="-116.93506">
    <name>TP278</name>
  </trkpt>
  <trkpt lat="34.22561" lon="-116.93525">
    <name>TP279</name>
  </trkpt>
  <trkpt lat="34.22561" lon="-116.93527">
    <name>TP280</name>
  </trkpt>
  <trkpt lat="34.22563" lon="-116.93534">
    <name>TP281</name>
  </trkpt>
  <trkpt lat="34.22566" lon="-116.93538">
    <name>TP282</name>
  </trkpt>
  <trkpt lat="34.22576" lon="-116.93541">
    <name>TP283</name>
  </trkpt>
  <trkpt lat="34.22592" lon="-116.93542">
    <name>TP284</name>
  </trkpt>
  <trkpt lat="34.22606" lon="-116.93537">
    <name>TP285</name>
  </trkpt>
  <trkpt lat="34.22609" lon="-116.93538">
    <name>TP286</name>
  </trkpt>
  <trkpt lat="34.22615" lon="-116.9354">
    <name>TP287</name>
  </trkpt>
  <trkpt lat="34.22623" lon="-116.93548">
    <name>TP288</name>
  </trkpt>
  <trkpt lat="34.22623" lon="-116.9355">
    <name>TP289</name>
  </trkpt>
  <trkpt lat="34.22628" lon="-116.93561">
    <name>TP290</name>
  </trkpt>
  <trkpt lat="34.22629" lon="-116.93577">
    <name>TP291</name>
  </trkpt>
  <trkpt lat="34.22626" lon="-116.93595">
    <name>TP292</name>
  </trkpt>
  <trkpt lat="34.22621" lon="-116.93607">
    <name>TP293</name>
  </trkpt>
  <trkpt lat="34.2262" lon="-116.93612">
    <name>TP294</name>
  </trkpt>
  <trkpt lat="34.2262" lon="-116.93615">
    <name>TP295</name>
  </trkpt>
  <trkpt lat="34.22621" lon="-116.93624">
    <name>TP296</name>
  </trkpt>
  <trkpt lat="34.22629" lon="-116.93646">
    <name>TP297</name>
  </trkpt>
  <trkpt lat="34.22631" lon="-116.93655">
    <name>TP298</name>
  </trkpt>
  <trkpt lat="34.2263" lon="-116.93664">
    <name>TP299</name>
  </trkpt>
  <trkpt lat="34.22624" lon="-116.93682">
    <name>TP300</name>
  </trkpt>
  <trkpt lat="34.226245" lon="-116.9368159">
    <name>TP301</name>
  </trkpt>
  <trkpt lat="34.226245" lon="-116.9368159">
    <name>TP302</name>
  </trkpt>
  <trkpt lat="34.2263" lon="-116.93664">
    <name>TP303</name>
  </trkpt>
  <trkpt lat="34.22631" lon="-116.93655">
    <name>TP304</name>
  </trkpt>
  <trkpt lat="34.22629" lon="-116.93646">
    <name>TP305</name>
  </trkpt>
  <trkpt lat="34.22621" lon="-116.93624">
    <name>TP306</name>
  </trkpt>
  <trkpt lat="34.2262" lon="-116.93615">
    <name>TP307</name>
  </trkpt>
  <trkpt lat="34.2262" lon="-116.93612">
    <name>TP308</name>
  </trkpt>
  <trkpt lat="34.22621" lon="-116.93607">
    <name>TP309</name>
  </trkpt>
  <trkpt lat="34.22626" lon="-116.93595">
    <name>TP310</name>
  </trkpt>
  <trkpt lat="34.22629" lon="-116.93577">
    <name>TP311</name>
  </trkpt>
  <trkpt lat="34.22628" lon="-116.93561">
    <name>TP312</name>
  </trkpt>
  <trkpt lat="34.22623" lon="-116.9355">
    <name>TP313</name>
  </trkpt>
  <trkpt lat="34.22623" lon="-116.93548">
    <name>TP314</name>
  </trkpt>
  <trkpt lat="34.22615" lon="-116.9354">
    <name>TP315</name>
  </trkpt>
  <trkpt lat="34.22609" lon="-116.93538">
    <name>TP316</name>
  </trkpt>
  <trkpt lat="34.22606" lon="-116.93537">
    <name>TP317</name>
  </trkpt>
  <trkpt lat="34.22592" lon="-116.93542">
    <name>TP318</name>
  </trkpt>
  <trkpt lat="34.22576" lon="-116.93541">
    <name>TP319</name>
  </trkpt>
  <trkpt lat="34.22566" lon="-116.93538">
    <name>TP320</name>
  </trkpt>
  <trkpt lat="34.22563" lon="-116.93534">
    <name>TP321</name>
  </trkpt>
  <trkpt lat="34.22561" lon="-116.93527">
    <name>TP322</name>
  </trkpt>
  <trkpt lat="34.22561" lon="-116.93525">
    <name>TP323</name>
  </trkpt>
  <trkpt lat="34.22564" lon="-116.93506">
    <name>TP324</name>
  </trkpt>
  <trkpt lat="34.22566" lon="-116.93496">
    <name>TP325</name>
  </trkpt>
  <trkpt lat="34.22569" lon="-116.93481">
    <name>TP326</name>
  </trkpt>
  <trkpt lat="34.22572" lon="-116.93472">
    <name>TP327</name>
  </trkpt>
  <trkpt lat="34.2259" lon="-116.9345">
    <name>TP328</name>
  </trkpt>
  <trkpt lat="34.22591" lon="-116.93443">
    <name>TP329</name>
  </trkpt>
  <trkpt lat="34.22592" lon="-116.93436">
    <name>TP330</name>
  </trkpt>
  <trkpt lat="34.2259" lon="-116.9343">
    <name>TP331</name>
  </trkpt>
  <trkpt lat="34.22588" lon="-116.9342">
    <name>TP332</name>
  </trkpt>
  <trkpt lat="34.22579" lon="-116.93403">
    <name>TP333</name>
  </trkpt>
  <trkpt lat="34.22575" lon="-116.93391">
    <name>TP334</name>
  </trkpt>
  <trkpt lat="34.2257" lon="-116.93375">
    <name>TP335</name>
  </trkpt>
  <trkpt lat="34.22568" lon="-116.93364">
    <name>TP336</name>
  </trkpt>
  <trkpt lat="34.22571" lon="-116.93343">
    <name>TP337</name>
  </trkpt>
  <trkpt lat="34.22577" lon="-116.93322">
    <name>TP338</name>
  </trkpt>
  <trkpt lat="34.22587" lon="-116.933">
    <name>TP339</name>
  </trkpt>
  <trkpt lat="34.226" lon="-116.93276">
    <name>TP340</name>
  </trkpt>
  <trkpt lat="34.22605" lon="-116.93266">
    <name>TP341</name>
  </trkpt>
  <trkpt lat="34.2261" lon="-116.93257">
    <name>TP342</name>
  </trkpt>
  <trkpt lat="34.22621" lon="-116.93247">
    <name>TP343</name>
  </trkpt>
  <trkpt lat="34.22625" lon="-116.93246">
    <name>TP344</name>
  </trkpt>
  <trkpt lat="34.22629" lon="-116.93246">
    <name>TP345</name>
  </trkpt>
  <trkpt lat="34.22633" lon="-116.93246">
    <name>TP346</name>
  </trkpt>
  <trkpt lat="34.22639" lon="-116.93249">
    <name>TP347</name>
  </trkpt>
  <trkpt lat="34.22644" lon="-116.93255">
    <name>TP348</name>
  </trkpt>
  <trkpt lat="34.22648" lon="-116.93262">
    <name>TP349</name>
  </trkpt>
  <trkpt lat="34.2265" lon="-116.93272">
    <name>TP350</name>
  </trkpt>
  <trkpt lat="34.22653" lon="-116.93288">
    <name>TP351</name>
  </trkpt>
  <trkpt lat="34.22657" lon="-116.93302">
    <name>TP352</name>
  </trkpt>
  <trkpt lat="34.22668" lon="-116.93317">
    <name>TP353</name>
  </trkpt>
  <trkpt lat="34.22675" lon="-116.93326">
    <name>TP354</name>
  </trkpt>
  <trkpt lat="34.22679" lon="-116.93328">
    <name>TP355</name>
  </trkpt>
  <trkpt lat="34.22684" lon="-116.93329">
    <name>TP356</name>
  </trkpt>
  <trkpt lat="34.22693" lon="-116.93332">
    <name>TP357</name>
  </trkpt>
  <trkpt lat="34.22699" lon="-116.93335">
    <name>TP358</name>
  </trkpt>
  <trkpt lat="34.22704" lon="-116.93339">
    <name>TP359</name>
  </trkpt>
  <trkpt lat="34.22716" lon="-116.93349">
    <name>TP360</name>
  </trkpt>
  <trkpt lat="34.22723" lon="-116.93356">
    <name>TP361</name>
  </trkpt>
  <trkpt lat="34.22729" lon="-116.93364">
    <name>TP362</name>
  </trkpt>
  <trkpt lat="34.22736" lon="-116.93379">
    <name>TP363</name>
  </trkpt>
  <trkpt lat="34.22738" lon="-116.93383">
    <name>TP364</name>
  </trkpt>
  <trkpt lat="34.22742" lon="-116.93389">
    <name>TP365</name>
  </trkpt>
  <trkpt lat="34.2275" lon="-116.93399">
    <name>TP366</name>
  </trkpt>
  <trkpt lat="34.22757" lon="-116.93405">
    <name>TP367</name>
  </trkpt>
  <trkpt lat="34.22768" lon="-116.93408">
    <name>TP368</name>
  </trkpt>
  <trkpt lat="34.22784" lon="-116.93407">
    <name>TP369</name>
  </trkpt>
  <trkpt lat="34.22792" lon="-116.93406">
    <name>TP370</name>
  </trkpt>
  <trkpt lat="34.22802" lon="-116.93404">
    <name>TP371</name>
  </trkpt>
  <trkpt lat="34.22805" lon="-116.93403">
    <name>TP372</name>
  </trkpt>
  <trkpt lat="34.22814" lon="-116.93404">
    <name>TP373</name>
  </trkpt>
  <trkpt lat="34.2282" lon="-116.93404">
    <name>TP374</name>
  </trkpt>
  <trkpt lat="34.22823" lon="-116.93405">
    <name>TP375</name>
  </trkpt>
  <trkpt lat="34.22835" lon="-116.93402">
    <name>TP376</name>
  </trkpt>
  <trkpt lat="34.22856" lon="-116.93397">
    <name>TP377</name>
  </trkpt>
  <trkpt lat="34.22862" lon="-116.93392">
    <name>TP378</name>
  </trkpt>
  <trkpt lat="34.22867" lon="-116.93391">
    <name>TP379</name>
  </trkpt>
  <trkpt lat="34.2287" lon="-116.93391">
    <name>TP380</name>
  </trkpt>
  <trkpt lat="34.22878" lon="-116.93389">
    <name>TP381</name>
  </trkpt>
  <trkpt lat="34.22886" lon="-116.93391">
    <name>TP382</name>
  </trkpt>
  <trkpt lat="34.22896" lon="-116.93394">
    <name>TP383</name>
  </trkpt>
  <trkpt lat="34.22905" lon="-116.93393">
    <name>TP384</name>
  </trkpt>
  <trkpt lat="34.2291" lon="-116.93393">
    <name>TP385</name>
  </trkpt>
  <trkpt lat="34.22919" lon="-116.93391">
    <name>TP386</name>
  </trkpt>
  <trkpt lat="34.22923" lon="-116.93389">
    <name>TP387</name>
  </trkpt>
  <trkpt lat="34.22929" lon="-116.93385">
    <name>TP388</name>
  </trkpt>
  <trkpt lat="34.22939" lon="-116.93381">
    <name>TP389</name>
  </trkpt>
  <trkpt lat="34.22942" lon="-116.93369">
    <name>TP390</name>
  </trkpt>
  <trkpt lat="34.22944" lon="-116.93358">
    <name>TP391</name>
  </trkpt>
  <trkpt lat="34.22944" lon="-116.93349">
    <name>TP392</name>
  </trkpt>
  <trkpt lat="34.22944" lon="-116.93339">
    <name>TP393</name>
  </trkpt>
  <trkpt lat="34.22945" lon="-116.9333">
    <name>TP394</name>
  </trkpt>
  <trkpt lat="34.22946" lon="-116.93316">
    <name>TP395</name>
  </trkpt>
  <trkpt lat="34.22949" lon="-116.93305">
    <name>TP396</name>
  </trkpt>
  <trkpt lat="34.2295" lon="-116.93303">
    <name>TP397</name>
  </trkpt>
  <trkpt lat="34.22953" lon="-116.93298">
    <name>TP398</name>
  </trkpt>
  <trkpt lat="34.22959" lon="-116.93293">
    <name>TP399</name>
  </trkpt>
  <trkpt lat="34.22968" lon="-116.9329">
    <name>TP400</name>
  </trkpt>
  <trkpt lat="34.22981" lon="-116.93283">
    <name>TP401</name>
  </trkpt>
  <trkpt lat="34.22983" lon="-116.93276">
    <name>TP402</name>
  </trkpt>
  <trkpt lat="34.2298" lon="-116.93263">
    <name>TP403</name>
  </trkpt>
  <trkpt lat="34.22981" lon="-116.93258">
    <name>TP404</name>
  </trkpt>
  <trkpt lat="34.22985" lon="-116.93239">
    <name>TP405</name>
  </trkpt>
  <trkpt lat="34.22986" lon="-116.93238">
    <name>TP406</name>
  </trkpt>
  <trkpt lat="34.22987" lon="-116.93238">
    <name>TP407</name>
  </trkpt>
  <trkpt lat="34.2299" lon="-116.93234">
    <name>TP408</name>
  </trkpt>
  <trkpt lat="34.22999" lon="-116.9323">
    <name>TP409</name>
  </trkpt>
  <trkpt lat="34.23003" lon="-116.93229">
    <name>TP410</name>
  </trkpt>
  <trkpt lat="34.23008" lon="-116.93228">
    <name>TP411</name>
  </trkpt>
  <trkpt lat="34.23014" lon="-116.93226">
    <name>TP412</name>
  </trkpt>
  <trkpt lat="34.2302" lon="-116.93226">
    <name>TP413</name>
  </trkpt>
  <trkpt lat="34.23025" lon="-116.93227">
    <name>TP414</name>
  </trkpt>
  <trkpt lat="34.23038" lon="-116.93229">
    <name>TP415</name>
  </trkpt>
  <trkpt lat="34.23049" lon="-116.93225">
    <name>TP416</name>
  </trkpt>
  <trkpt lat="34.23052" lon="-116.9322">
    <name>TP417</name>
  </trkpt>
  <trkpt lat="34.23054" lon="-116.93215">
    <name>TP418</name>
  </trkpt>
  <trkpt lat="34.23055" lon="-116.93214">
    <name>TP419</name>
  </trkpt>
  <trkpt lat="34.23056" lon="-116.93202">
    <name>TP420</name>
  </trkpt>
  <trkpt lat="34.23056" lon="-116.93194">
    <name>TP421</name>
  </trkpt>
  <trkpt lat="34.23056" lon="-116.93192">
    <name>TP422</name>
  </trkpt>
  <trkpt lat="34.23056" lon="-116.93185">
    <name>TP423</name>
  </trkpt>
  <trkpt lat="34.23058" lon="-116.93172">
    <name>TP424</name>
  </trkpt>
  <trkpt lat="34.23067" lon="-116.93161">
    <name>TP425</name>
  </trkpt>
  <trkpt lat="34.23074" lon="-116.93151">
    <name>TP426</name>
  </trkpt>
  <trkpt lat="34.23083" lon="-116.93136">
    <name>TP427</name>
  </trkpt>
  <trkpt lat="34.23085" lon="-116.93126">
    <name>TP428</name>
  </trkpt>
  <trkpt lat="34.23085" lon="-116.93119">
    <name>TP429</name>
  </trkpt>
  <trkpt lat="34.23086" lon="-116.93112">
    <name>TP430</name>
  </trkpt>
  <trkpt lat="34.23086" lon="-116.93111">
    <name>TP431</name>
  </trkpt>
  <trkpt lat="34.23085" lon="-116.931">
    <name>TP432</name>
  </trkpt>
  <trkpt lat="34.23084" lon="-116.93097">
    <name>TP433</name>
  </trkpt>
  <trkpt lat="34.23083" lon="-116.93091">
    <name>TP434</name>
  </trkpt>
  <trkpt lat="34.23081" lon="-116.93081">
    <name>TP435</name>
  </trkpt>
  <trkpt lat="34.2308" lon="-116.93076">
    <name>TP436</name>
  </trkpt>
  <trkpt lat="34.23079" lon="-116.93071">
    <name>TP437</name>
  </trkpt>
  <trkpt lat="34.2308" lon="-116.93062">
    <name>TP438</name>
  </trkpt>
  <trkpt lat="34.23083" lon="-116.93056">
    <name>TP439</name>
  </trkpt>
  <trkpt lat="34.23086" lon="-116.9305">
    <name>TP440</name>
  </trkpt>
  <trkpt lat="34.23092" lon="-116.93045">
    <name>TP441</name>
  </trkpt>
  <trkpt lat="34.23097" lon="-116.93042">
    <name>TP442</name>
  </trkpt>
  <trkpt lat="34.23101" lon="-116.9304">
    <name>TP443</name>
  </trkpt>
  <trkpt lat="34.23114" lon="-116.93034">
    <name>TP444</name>
  </trkpt>
  <trkpt lat="34.23118" lon="-116.93032">
    <name>TP445</name>
  </trkpt>
  <trkpt lat="34.23119" lon="-116.93031">
    <name>TP446</name>
  </trkpt>
  <trkpt lat="34.23133" lon="-116.93027">
    <name>TP447</name>
  </trkpt>
  <trkpt lat="34.23151" lon="-116.93012">
    <name>TP448</name>
  </trkpt>
  <trkpt lat="34.23163" lon="-116.93012">
    <name>TP449</name>
  </trkpt>
  <trkpt lat="34.23168" lon="-116.93011">
    <name>TP450</name>
  </trkpt>
  <trkpt lat="34.23171" lon="-116.93011">
    <name>TP451</name>
  </trkpt>
  <trkpt lat="34.23181" lon="-116.93012">
    <name>TP452</name>
  </trkpt>
  <trkpt lat="34.23199" lon="-116.93014">
    <name>TP453</name>
  </trkpt>
  <trkpt lat="34.23203" lon="-116.93015">
    <name>TP454</name>
  </trkpt>
  <trkpt lat="34.23204" lon="-116.93015">
    <name>TP455</name>
  </trkpt>
  <trkpt lat="34.23217" lon="-116.93016">
    <name>TP456</name>
  </trkpt>
  <trkpt lat="34.23239" lon="-116.9302">
    <name>TP457</name>
  </trkpt>
  <trkpt lat="34.23252" lon="-116.93025">
    <name>TP458</name>
  </trkpt>
  <trkpt lat="34.23252" lon="-116.93026">
    <name>TP459</name>
  </trkpt>
  <trkpt lat="34.23257" lon="-116.93027">
    <name>TP460</name>
  </trkpt>
  <trkpt lat="34.23269" lon="-116.93033">
    <name>TP461</name>
  </trkpt>
  <trkpt lat="34.23286" lon="-116.9304">
    <name>TP462</name>
  </trkpt>
  <trkpt lat="34.23313" lon="-116.93052">
    <name>TP463</name>
  </trkpt>
  <trkpt lat="34.23332" lon="-116.9306">
    <name>TP464</name>
  </trkpt>
  <trkpt lat="34.23343" lon="-116.93061">
    <name>TP465</name>
  </trkpt>
  <trkpt lat="34.23354" lon="-116.93061">
    <name>TP466</name>
  </trkpt>
  <trkpt lat="34.2336" lon="-116.9306">
    <name>TP467</name>
  </trkpt>
  <trkpt lat="34.23363" lon="-116.93059">
    <name>TP468</name>
  </trkpt>
  <trkpt lat="34.23367" lon="-116.93055">
    <name>TP469</name>
  </trkpt>
  <trkpt lat="34.2337" lon="-116.93051">
    <name>TP470</name>
  </trkpt>
  <trkpt lat="34.23371" lon="-116.9305">
    <name>TP471</name>
  </trkpt>
  <trkpt lat="34.23371" lon="-116.93045">
    <name>TP472</name>
  </trkpt>
  <trkpt lat="34.23372" lon="-116.93044">
    <name>TP473</name>
  </trkpt>
  <trkpt lat="34.23372" lon="-116.93036">
    <name>TP474</name>
  </trkpt>
  <trkpt lat="34.23368" lon="-116.93031">
    <name>TP475</name>
  </trkpt>
  <trkpt lat="34.23366" lon="-116.93029">
    <name>TP476</name>
  </trkpt>
  <trkpt lat="34.23358" lon="-116.93019">
    <name>TP477</name>
  </trkpt>
  <trkpt lat="34.23356" lon="-116.93016">
    <name>TP478</name>
  </trkpt>
  <trkpt lat="34.23352" lon="-116.93011">
    <name>TP479</name>
  </trkpt>
  <trkpt lat="34.23343" lon="-116.93">
    <name>TP480</name>
  </trkpt>
  <trkpt lat="34.23339" lon="-116.92995">
    <name>TP481</name>
  </trkpt>
  <trkpt lat="34.23324" lon="-116.92967">
    <name>TP482</name>
  </trkpt>
  <trkpt lat="34.23323" lon="-116.92964">
    <name>TP483</name>
  </trkpt>
  <trkpt lat="34.23316" lon="-116.92937">
    <name>TP484</name>
  </trkpt>
  <trkpt lat="34.23322" lon="-116.92929">
    <name>TP485</name>
  </trkpt>
  <trkpt lat="34.23326" lon="-116.92927">
    <name>TP486</name>
  </trkpt>
  <trkpt lat="34.23331" lon="-116.92925">
    <name>TP487</name>
  </trkpt>
  <trkpt lat="34.23344" lon="-116.92926">
    <name>TP488</name>
  </trkpt>
  <trkpt lat="34.23345" lon="-116.92926">
    <name>TP489</name>
  </trkpt>
  <trkpt lat="34.23366" lon="-116.92933">
    <name>TP490</name>
  </trkpt>
  <trkpt lat="34.23376" lon="-116.92936">
    <name>TP491</name>
  </trkpt>
  <trkpt lat="34.23383" lon="-116.9294">
    <name>TP492</name>
  </trkpt>
  <trkpt lat="34.23393" lon="-116.92944">
    <name>TP493</name>
  </trkpt>
  <trkpt lat="34.23396" lon="-116.92946">
    <name>TP494</name>
  </trkpt>
  <trkpt lat="34.234" lon="-116.92948">
    <name>TP495</name>
  </trkpt>
  <trkpt lat="34.23412" lon="-116.92955">
    <name>TP496</name>
  </trkpt>
  <trkpt lat="34.23419" lon="-116.92957">
    <name>TP497</name>
  </trkpt>
  <trkpt lat="34.23424" lon="-116.9296">
    <name>TP498</name>
  </trkpt>
  <trkpt lat="34.2343" lon="-116.92963">
    <name>TP499</name>
  </trkpt>
  <trkpt lat="34.23434" lon="-116.92965">
    <name>TP500</name>
  </trkpt>
  <trkpt lat="34.23448" lon="-116.92966">
    <name>TP501</name>
  </trkpt>
  <trkpt lat="34.23461" lon="-116.92958">
    <name>TP502</name>
  </trkpt>
  <trkpt lat="34.23465" lon="-116.92952">
    <name>TP503</name>
  </trkpt>
  <trkpt lat="34.23467" lon="-116.9295">
    <name>TP504</name>
  </trkpt>
  <trkpt lat="34.23469" lon="-116.92947">
    <name>TP505</name>
  </trkpt>
  <trkpt lat="34.23474" lon="-116.92935">
    <name>TP506</name>
  </trkpt>
  <trkpt lat="34.2348" lon="-116.9292">
    <name>TP507</name>
  </trkpt>
  <trkpt lat="34.23484" lon="-116.92915">
    <name>TP508</name>
  </trkpt>
  <trkpt lat="34.23494" lon="-116.92898">
    <name>TP509</name>
  </trkpt>
  <trkpt lat="34.23505" lon="-116.92886">
    <name>TP510</name>
  </trkpt>
  <trkpt lat="34.23549" lon="-116.92891">
    <name>TP511</name>
  </trkpt>
  <trkpt lat="34.2354927" lon="-116.9289135">
    <name>TP512</name>
  </trkpt>
  <trkpt lat="34.23541" lon="-116.9293">
    <name>TP513</name>
  </trkpt>
  <trkpt lat="34.23537" lon="-116.92949">
    <name>TP514</name>
  </trkpt>
  <trkpt lat="34.23551" lon="-116.92981">
    <name>TP515</name>
  </trkpt>
  <trkpt lat="34.23556" lon="-116.92989">
    <name>TP516</name>
  </trkpt>
  <trkpt lat="34.23577" lon="-116.93024">
    <name>TP517</name>
  </trkpt>
  <trkpt lat="34.23619" lon="-116.9309">
    <name>TP518</name>
  </trkpt>
  <trkpt lat="34.23651" lon="-116.93114">
    <name>TP519</name>
  </trkpt>
  <trkpt lat="34.23668" lon="-116.93121">
    <name>TP520</name>
  </trkpt>
  <trkpt lat="34.23681" lon="-116.93123">
    <name>TP521</name>
  </trkpt>
  <trkpt lat="34.2369" lon="-116.93124">
    <name>TP522</name>
  </trkpt>
  <trkpt lat="34.23698" lon="-116.93126">
    <name>TP523</name>
  </trkpt>
  <trkpt lat="34.23716" lon="-116.93129">
    <name>TP524</name>
  </trkpt>
  <trkpt lat="34.23734" lon="-116.93132">
    <name>TP525</name>
  </trkpt>
  <trkpt lat="34.23752" lon="-116.93135">
    <name>TP526</name>
  </trkpt>
  <trkpt lat="34.2377" lon="-116.93138">
    <name>TP527</name>
  </trkpt>
  <trkpt lat="34.23793" lon="-116.93142">
    <name>TP528</name>
  </trkpt>
  <trkpt lat="34.23805" lon="-116.93145">
    <name>TP529</name>
  </trkpt>
  <trkpt lat="34.23809" lon="-116.93146">
    <name>TP530</name>
  </trkpt>
  <trkpt lat="34.2382" lon="-116.93151">
    <name>TP531</name>
  </trkpt>
  <trkpt lat="34.23822" lon="-116.93152">
    <name>TP532</name>
  </trkpt>
  <trkpt lat="34.23827" lon="-116.93155">
    <name>TP533</name>
  </trkpt>
  <trkpt lat="34.23837" lon="-116.93164">
    <name>TP534</name>
  </trkpt>
  <trkpt lat="34.23851" lon="-116.93178">
    <name>TP535</name>
  </trkpt>
  <trkpt lat="34.23858" lon="-116.93187">
    <name>TP536</name>
  </trkpt>
  <trkpt lat="34.23888" lon="-116.93226">
    <name>TP537</name>
  </trkpt>
  <trkpt lat="34.2389" lon="-116.93229">
    <name>TP538</name>
  </trkpt>
  <trkpt lat="34.239" lon="-116.93239">
    <name>TP539</name>
  </trkpt>
  <trkpt lat="34.23913" lon="-116.93251">
    <name>TP540</name>
  </trkpt>
  <trkpt lat="34.2393" lon="-116.93258">
    <name>TP541</name>
  </trkpt>
  <trkpt lat="34.23943" lon="-116.9326">
    <name>TP542</name>
  </trkpt>
  <trkpt lat="34.23978" lon="-116.93266">
    <name>TP543</name>
  </trkpt>
  <trkpt lat="34.23996" lon="-116.93269">
    <name>TP544</name>
  </trkpt>
  <trkpt lat="34.24023" lon="-116.93269">
    <name>TP545</name>
  </trkpt>
  <trkpt lat="34.240229" lon="-116.9326902">
    <name>TP546</name>
  </trkpt>
  <trkpt lat="34.24022" lon="-116.93284">
    <name>TP547</name>
  </trkpt>
  <trkpt lat="34.2402" lon="-116.93307">
    <name>TP548</name>
  </trkpt>
  <trkpt lat="34.2402" lon="-116.93312">
    <name>TP549</name>
  </trkpt>
  <trkpt lat="34.24017" lon="-116.93346">
    <name>TP550</name>
  </trkpt>
  <trkpt lat="34.24014" lon="-116.9336">
    <name>TP551</name>
  </trkpt>
  <trkpt lat="34.24011" lon="-116.93376">
    <name>TP552</name>
  </trkpt>
  <trkpt lat="34.24004" lon="-116.93393">
    <name>TP553</name>
  </trkpt>
  <trkpt lat="34.23997" lon="-116.93406">
    <name>TP554</name>
  </trkpt>
  <trkpt lat="34.2399" lon="-116.93414">
    <name>TP555</name>
  </trkpt>
  <trkpt lat="34.23981" lon="-116.93423">
    <name>TP556</name>
  </trkpt>
  <trkpt lat="34.2397" lon="-116.93432">
    <name>TP557</name>
  </trkpt>
  <trkpt lat="34.23948" lon="-116.93444">
    <name>TP558</name>
  </trkpt>
  <trkpt lat="34.23919" lon="-116.93459">
    <name>TP559</name>
  </trkpt>
  <trkpt lat="34.23907" lon="-116.93469">
    <name>TP560</name>
  </trkpt>
  <trkpt lat="34.239" lon="-116.93477">
    <name>TP561</name>
  </trkpt>
  <trkpt lat="34.23895" lon="-116.93483">
    <name>TP562</name>
  </trkpt>
  <trkpt lat="34.23889" lon="-116.93489">
    <name>TP563</name>
  </trkpt>
  <trkpt lat="34.23882" lon="-116.935">
    <name>TP564</name>
  </trkpt>
  <trkpt lat="34.23874" lon="-116.93512">
    <name>TP565</name>
  </trkpt>
  <trkpt lat="34.23865" lon="-116.93532">
    <name>TP566</name>
  </trkpt>
  <trkpt lat="34.23858" lon="-116.93549">
    <name>TP567</name>
  </trkpt>
  <trkpt lat="34.23854" lon="-116.93569">
    <name>TP568</name>
  </trkpt>
  <trkpt lat="34.23851" lon="-116.93584">
    <name>TP569</name>
  </trkpt>
  <trkpt lat="34.23851" lon="-116.93599">
    <name>TP570</name>
  </trkpt>
  <trkpt lat="34.2385" lon="-116.93643">
    <name>TP571</name>
  </trkpt>
  <trkpt lat="34.2385" lon="-116.93688">
    <name>TP572</name>
  </trkpt>
  <trkpt lat="34.23852" lon="-116.93798">
    <name>TP573</name>
  </trkpt>
  <trkpt lat="34.23852" lon="-116.94085">
    <name>TP574</name>
  </trkpt>
  <trkpt lat="34.23852" lon="-116.94092">
    <name>TP575</name>
  </trkpt>
  <trkpt lat="34.23853" lon="-116.94136">
    <name>TP576</name>
  </trkpt>
  <trkpt lat="34.23853" lon="-116.94156">
    <name>TP577</name>
  </trkpt>
  <trkpt lat="34.23853" lon="-116.94226">
    <name>TP578</name>
  </trkpt>
  <trkpt lat="34.23854" lon="-116.94248">
    <name>TP579</name>
  </trkpt>
  <trkpt lat="34.23855" lon="-116.94379">
    <name>TP580</name>
  </trkpt>
  <trkpt lat="34.23857" lon="-116.94499">
    <name>TP581</name>
  </trkpt>
  <trkpt lat="34.23857" lon="-116.9452">
    <name>TP582</name>
  </trkpt>
  <trkpt lat="34.23858" lon="-116.94541">
    <name>TP583</name>
  </trkpt>
  <trkpt lat="34.23858" lon="-116.94578">
    <name>TP584</name>
  </trkpt>
  <trkpt lat="34.23859" lon="-116.94611">
    <name>TP585</name>
  </trkpt>
  <trkpt lat="34.23859" lon="-116.94616">
    <name>TP586</name>
  </trkpt>
  <trkpt lat="34.23859" lon="-116.94626">
    <name>TP587</name>
  </trkpt>
  <trkpt lat="34.23858" lon="-116.94646">
    <name>TP588</name>
  </trkpt>
  <trkpt lat="34.23855" lon="-116.94681">
    <name>TP589</name>
  </trkpt>
  <trkpt lat="34.23852" lon="-116.94716">
    <name>TP590</name>
  </trkpt>
  <trkpt lat="34.23847" lon="-116.9477">
    <name>TP591</name>
  </trkpt>
  <trkpt lat="34.23842" lon="-116.9482">
    <name>TP592</name>
  </trkpt>
  <trkpt lat="34.23837" lon="-116.94873">
    <name>TP593</name>
  </trkpt>
  <trkpt lat="34.23835" lon="-116.949">
    <name>TP594</name>
  </trkpt>
  <trkpt lat="34.23835" lon="-116.94901">
    <name>TP595</name>
  </trkpt>
  <trkpt lat="34.23834" lon="-116.94906">
    <name>TP596</name>
  </trkpt>
  <trkpt lat="34.23831" lon="-116.94942">
    <name>TP597</name>
  </trkpt>
  <trkpt lat="34.23829" lon="-116.94959">
    <name>TP598</name>
  </trkpt>
  <trkpt lat="34.23828" lon="-116.94963">
    <name>TP599</name>
  </trkpt>
  <trkpt lat="34.23828" lon="-116.94965">
    <name>TP600</name>
  </trkpt>
  <trkpt lat="34.23827" lon="-116.94969">
    <name>TP601</name>
  </trkpt>
  <trkpt lat="34.23826" lon="-116.94975">
    <name>TP602</name>
  </trkpt>
  <trkpt lat="34.23824" lon="-116.94986">
    <name>TP603</name>
  </trkpt>
  <trkpt lat="34.23823" lon="-116.94991">
    <name>TP604</name>
  </trkpt>
  <trkpt lat="34.23819" lon="-116.95006">
    <name>TP605</name>
  </trkpt>
  <trkpt lat="34.23819" lon="-116.95007">
    <name>TP606</name>
  </trkpt>
  <trkpt lat="34.23815" lon="-116.95016">
    <name>TP607</name>
  </trkpt>
  <trkpt lat="34.23812" lon="-116.95023">
    <name>TP608</name>
  </trkpt>
  <trkpt lat="34.23811" lon="-116.95027">
    <name>TP609</name>
  </trkpt>
  <trkpt lat="34.23803" lon="-116.95043">
    <name>TP610</name>
  </trkpt>
  <trkpt lat="34.23794" lon="-116.95057">
    <name>TP611</name>
  </trkpt>
  <trkpt lat="34.23778" lon="-116.95083">
    <name>TP612</name>
  </trkpt>
  <trkpt lat="34.23774" lon="-116.95093">
    <name>TP613</name>
  </trkpt>
  <trkpt lat="34.2377" lon="-116.95102">
    <name>TP614</name>
  </trkpt>
  <trkpt lat="34.23767" lon="-116.95112">
    <name>TP615</name>
  </trkpt>
  <trkpt lat="34.23765" lon="-116.95124">
    <name>TP616</name>
  </trkpt>
  <trkpt lat="34.23762" lon="-116.95138">
    <name>TP617</name>
  </trkpt>
  <trkpt lat="34.23753" lon="-116.95204">
    <name>TP618</name>
  </trkpt>
  <trkpt lat="34.2375" lon="-116.95226">
    <name>TP619</name>
  </trkpt>
  <trkpt lat="34.23748" lon="-116.95242">
    <name>TP620</name>
  </trkpt>
  <trkpt lat="34.23747" lon="-116.95252">
    <name>TP621</name>
  </trkpt>
  <trkpt lat="34.23747" lon="-116.95262">
    <name>TP622</name>
  </trkpt>
  <trkpt lat="34.23747" lon="-116.95276">
    <name>TP623</name>
  </trkpt>
  <trkpt lat="34.23747" lon="-116.95283">
    <name>TP624</name>
  </trkpt>
  <trkpt lat="34.23747" lon="-116.95287">
    <name>TP625</name>
  </trkpt>
  <trkpt lat="34.23749" lon="-116.95301">
    <name>TP626</name>
  </trkpt>
  <trkpt lat="34.2375" lon="-116.95316">
    <name>TP627</name>
  </trkpt>
  <trkpt lat="34.23752" lon="-116.95333">
    <name>TP628</name>
  </trkpt>
  <trkpt lat="34.23753" lon="-116.95346">
    <name>TP629</name>
  </trkpt>
  <trkpt lat="34.23755" lon="-116.95367">
    <name>TP630</name>
  </trkpt>
  <trkpt lat="34.23756" lon="-116.95383">
    <name>TP631</name>
  </trkpt>
  <trkpt lat="34.23758" lon="-116.95404">
    <name>TP632</name>
  </trkpt>
  <trkpt lat="34.23758" lon="-116.95416">
    <name>TP633</name>
  </trkpt>
  <trkpt lat="34.23759" lon="-116.95429">
    <name>TP634</name>
  </trkpt>
  <trkpt lat="34.23765" lon="-116.95456">
    <name>TP635</name>
  </trkpt>
  <trkpt lat="34.2377" lon="-116.95474">
    <name>TP636</name>
  </trkpt>
  <trkpt lat="34.23774" lon="-116.95487">
    <name>TP637</name>
  </trkpt>
  <trkpt lat="34.23779" lon="-116.95505">
    <name>TP638</name>
  </trkpt>
  <trkpt lat="34.23783" lon="-116.95523">
    <name>TP639</name>
  </trkpt>
  <trkpt lat="34.23788" lon="-116.95555">
    <name>TP640</name>
  </trkpt>
  <trkpt lat="34.23789" lon="-116.9556">
    <name>TP641</name>
  </trkpt>
  <trkpt lat="34.23791" lon="-116.95569">
    <name>TP642</name>
  </trkpt>
  <trkpt lat="34.23796" lon="-116.95599">
    <name>TP643</name>
  </trkpt>
  <trkpt lat="34.23799" lon="-116.95612">
    <name>TP644</name>
  </trkpt>
  <trkpt lat="34.23804" lon="-116.95642">
    <name>TP645</name>
  </trkpt>
  <trkpt lat="34.23806" lon="-116.95649">
    <name>TP646</name>
  </trkpt>
  <trkpt lat="34.23812" lon="-116.95681">
    <name>TP647</name>
  </trkpt>
  <trkpt lat="34.23814" lon="-116.95697">
    <name>TP648</name>
  </trkpt>
  <trkpt lat="34.23815" lon="-116.95705">
    <name>TP649</name>
  </trkpt>
  <trkpt lat="34.23816" lon="-116.95712">
    <name>TP650</name>
  </trkpt>
  <trkpt lat="34.23816" lon="-116.95722">
    <name>TP651</name>
  </trkpt>
  <trkpt lat="34.23815" lon="-116.9573">
    <name>TP652</name>
  </trkpt>
  <trkpt lat="34.23814" lon="-116.95744">
    <name>TP653</name>
  </trkpt>
  <trkpt lat="34.23812" lon="-116.95754">
    <name>TP654</name>
  </trkpt>
  <trkpt lat="34.2381" lon="-116.95765">
    <name>TP655</name>
  </trkpt>
  <trkpt lat="34.23809" lon="-116.95775">
    <name>TP656</name>
  </trkpt>
  <trkpt lat="34.23809" lon="-116.95784">
    <name>TP657</name>
  </trkpt>
  <trkpt lat="34.23809" lon="-116.95791">
    <name>TP658</name>
  </trkpt>
  <trkpt lat="34.2381" lon="-116.958">
    <name>TP659</name>
  </trkpt>
  <trkpt lat="34.23812" lon="-116.95807">
    <name>TP660</name>
  </trkpt>
  <trkpt lat="34.23814" lon="-116.95814">
    <name>TP661</name>
  </trkpt>
  <trkpt lat="34.23817" lon="-116.95822">
    <name>TP662</name>
  </trkpt>
  <trkpt lat="34.23822" lon="-116.95832">
    <name>TP663</name>
  </trkpt>
  <trkpt lat="34.23829" lon="-116.95848">
    <name>TP664</name>
  </trkpt>
  <trkpt lat="34.23835" lon="-116.95861">
    <name>TP665</name>
  </trkpt>
  <trkpt lat="34.23835" lon="-116.95862">
    <name>TP666</name>
  </trkpt>
  <trkpt lat="34.23837" lon="-116.95871">
    <name>TP667</name>
  </trkpt>
  <trkpt lat="34.2384" lon="-116.95881">
    <name>TP668</name>
  </trkpt>
  <trkpt lat="34.23841" lon="-116.95891">
    <name>TP669</name>
  </trkpt>
  <trkpt lat="34.23841" lon="-116.95899">
    <name>TP670</name>
  </trkpt>
  <trkpt lat="34.23841" lon="-116.95904">
    <name>TP671</name>
  </trkpt>
  <trkpt lat="34.23841" lon="-116.95909">
    <name>TP672</name>
  </trkpt>
  <trkpt lat="34.23841" lon="-116.95918">
    <name>TP673</name>
  </trkpt>
  <trkpt lat="34.23839" lon="-116.9593">
    <name>TP674</name>
  </trkpt>
  <trkpt lat="34.23837" lon="-116.95944">
    <name>TP675</name>
  </trkpt>
  <trkpt lat="34.23832" lon="-116.95968">
    <name>TP676</name>
  </trkpt>
  <trkpt lat="34.23831" lon="-116.95975">
    <name>TP677</name>
  </trkpt>
  <trkpt lat="34.23827" lon="-116.95995">
    <name>TP678</name>
  </trkpt>
  <trkpt lat="34.23824" lon="-116.9601">
    <name>TP679</name>
  </trkpt>
  <trkpt lat="34.23823" lon="-116.96024">
    <name>TP680</name>
  </trkpt>
  <trkpt lat="34.2382" lon="-116.96037">
    <name>TP681</name>
  </trkpt>
  <trkpt lat="34.23818" lon="-116.96051">
    <name>TP682</name>
  </trkpt>
  <trkpt lat="34.23815" lon="-116.96062">
    <name>TP683</name>
  </trkpt>
  <trkpt lat="34.2381" lon="-116.96076">
    <name>TP684</name>
  </trkpt>
  <trkpt lat="34.23806" lon="-116.96085">
    <name>TP685</name>
  </trkpt>
  <trkpt lat="34.23802" lon="-116.96093">
    <name>TP686</name>
  </trkpt>
  <trkpt lat="34.23801" lon="-116.96096">
    <name>TP687</name>
  </trkpt>
  <trkpt lat="34.238" lon="-116.96098">
    <name>TP688</name>
  </trkpt>
  <trkpt lat="34.23798" lon="-116.96101">
    <name>TP689</name>
  </trkpt>
  <trkpt lat="34.23793" lon="-116.96109">
    <name>TP690</name>
  </trkpt>
  <trkpt lat="34.23788" lon="-116.96117">
    <name>TP691</name>
  </trkpt>
  <trkpt lat="34.23783" lon="-116.96123">
    <name>TP692</name>
  </trkpt>
  <trkpt lat="34.23778" lon="-116.96129">
    <name>TP693</name>
  </trkpt>
  <trkpt lat="34.23777" lon="-116.9613">
    <name>TP694</name>
  </trkpt>
  <trkpt lat="34.23776" lon="-116.96131">
    <name>TP695</name>
  </trkpt>
  <trkpt lat="34.23771" lon="-116.96135">
    <name>TP696</name>
  </trkpt>
  <trkpt lat="34.23767" lon="-116.96138">
    <name>TP697</name>
  </trkpt>
  <trkpt lat="34.23762" lon="-116.96142">
    <name>TP698</name>
  </trkpt>
  <trkpt lat="34.23752" lon="-116.96147">
    <name>TP699</name>
  </trkpt>
  <trkpt lat="34.23746" lon="-116.9615">
    <name>TP700</name>
  </trkpt>
  <trkpt lat="34.23743" lon="-116.96151">
    <name>TP701</name>
  </trkpt>
  <trkpt lat="34.23732" lon="-116.96156">
    <name>TP702</name>
  </trkpt>
  <trkpt lat="34.23727" lon="-116.96158">
    <name>TP703</name>
  </trkpt>
  <trkpt lat="34.23724" lon="-116.96159">
    <name>TP704</name>
  </trkpt>
  <trkpt lat="34.23717" lon="-116.96161">
    <name>TP705</name>
  </trkpt>
  <trkpt lat="34.23709" lon="-116.96163">
    <name>TP706</name>
  </trkpt>
  <trkpt lat="34.237" lon="-116.96164">
    <name>TP707</name>
  </trkpt>
  <trkpt lat="34.23694" lon="-116.96166">
    <name>TP708</name>
  </trkpt>
  <trkpt lat="34.2369" lon="-116.96167">
    <name>TP709</name>
  </trkpt>
  <trkpt lat="34.23683" lon="-116.9617">
    <name>TP710</name>
  </trkpt>
  <trkpt lat="34.23679" lon="-116.96172">
    <name>TP711</name>
  </trkpt>
  <trkpt lat="34.23675" lon="-116.96175">
    <name>TP712</name>
  </trkpt>
  <trkpt lat="34.23673" lon="-116.96178">
    <name>TP713</name>
  </trkpt>
  <trkpt lat="34.23671" lon="-116.9618">
    <name>TP714</name>
  </trkpt>
  <trkpt lat="34.23668" lon="-116.96184">
    <name>TP715</name>
  </trkpt>
  <trkpt lat="34.23666" lon="-116.96188">
    <name>TP716</name>
  </trkpt>
  <trkpt lat="34.23665" lon="-116.96192">
    <name>TP717</name>
  </trkpt>
  <trkpt lat="34.23664" lon="-116.96194">
    <name>TP718</name>
  </trkpt>
  <trkpt lat="34.23663" lon="-116.962">
    <name>TP719</name>
  </trkpt>
  <trkpt lat="34.23663" lon="-116.96206">
    <name>TP720</name>
  </trkpt>
  <trkpt lat="34.23663" lon="-116.96212">
    <name>TP721</name>
  </trkpt>
  <trkpt lat="34.23664" lon="-116.96217">
    <name>TP722</name>
  </trkpt>
  <trkpt lat="34.23666" lon="-116.96223">
    <name>TP723</name>
  </trkpt>
  <trkpt lat="34.23669" lon="-116.96229">
    <name>TP724</name>
  </trkpt>
  <trkpt lat="34.23672" lon="-116.96233">
    <name>TP725</name>
  </trkpt>
  <trkpt lat="34.23675" lon="-116.96236">
    <name>TP726</name>
  </trkpt>
  <trkpt lat="34.23679" lon="-116.9624">
    <name>TP727</name>
  </trkpt>
  <trkpt lat="34.23686" lon="-116.96245">
    <name>TP728</name>
  </trkpt>
  <trkpt lat="34.23694" lon="-116.96249">
    <name>TP729</name>
  </trkpt>
  <trkpt lat="34.23701" lon="-116.96253">
    <name>TP730</name>
  </trkpt>
  <trkpt lat="34.23707" lon="-116.96257">
    <name>TP731</name>
  </trkpt>
  <trkpt lat="34.23714" lon="-116.96263">
    <name>TP732</name>
  </trkpt>
  <trkpt lat="34.2372" lon="-116.96268">
    <name>TP733</name>
  </trkpt>
  <trkpt lat="34.23727" lon="-116.96276">
    <name>TP734</name>
  </trkpt>
  <trkpt lat="34.23732" lon="-116.96285">
    <name>TP735</name>
  </trkpt>
  <trkpt lat="34.23737" lon="-116.96293">
    <name>TP736</name>
  </trkpt>
  <trkpt lat="34.23738" lon="-116.96296">
    <name>TP737</name>
  </trkpt>
  <trkpt lat="34.23742" lon="-116.96303">
    <name>TP738</name>
  </trkpt>
  <trkpt lat="34.2375" lon="-116.96319">
    <name>TP739</name>
  </trkpt>
  <trkpt lat="34.23755" lon="-116.96329">
    <name>TP740</name>
  </trkpt>
  <trkpt lat="34.23761" lon="-116.96339">
    <name>TP741</name>
  </trkpt>
  <trkpt lat="34.23767" lon="-116.96348">
    <name>TP742</name>
  </trkpt>
  <trkpt lat="34.23772" lon="-116.96354">
    <name>TP743</name>
  </trkpt>
  <trkpt lat="34.23779" lon="-116.9636">
    <name>TP744</name>
  </trkpt>
  <trkpt lat="34.23783" lon="-116.96364">
    <name>TP745</name>
  </trkpt>
  <trkpt lat="34.23785" lon="-116.96366">
    <name>TP746</name>
  </trkpt>
  <trkpt lat="34.23794" lon="-116.96375">
    <name>TP747</name>
  </trkpt>
  <trkpt lat="34.23799" lon="-116.96382">
    <name>TP748</name>
  </trkpt>
  <trkpt lat="34.23803" lon="-116.96388">
    <name>TP749</name>
  </trkpt>
  <trkpt lat="34.23808" lon="-116.96395">
    <name>TP750</name>
  </trkpt>
  <trkpt lat="34.23813" lon="-116.96408">
    <name>TP751</name>
  </trkpt>
  <trkpt lat="34.23817" lon="-116.96417">
    <name>TP752</name>
  </trkpt>
  <trkpt lat="34.23821" lon="-116.96425">
    <name>TP753</name>
  </trkpt>
  <trkpt lat="34.23826" lon="-116.96438">
    <name>TP754</name>
  </trkpt>
  <trkpt lat="34.23831" lon="-116.9645">
    <name>TP755</name>
  </trkpt>
  <trkpt lat="34.23834" lon="-116.96456">
    <name>TP756</name>
  </trkpt>
  <trkpt lat="34.23837" lon="-116.96462">
    <name>TP757</name>
  </trkpt>
  <trkpt lat="34.23841" lon="-116.96467">
    <name>TP758</name>
  </trkpt>
  <trkpt lat="34.23844" lon="-116.96471">
    <name>TP759</name>
  </trkpt>
  <trkpt lat="34.23855" lon="-116.96483">
    <name>TP760</name>
  </trkpt>
  <trkpt lat="34.23861" lon="-116.9649">
    <name>TP761</name>
  </trkpt>
  <trkpt lat="34.23865" lon="-116.96496">
    <name>TP762</name>
  </trkpt>
  <trkpt lat="34.2387" lon="-116.96504">
    <name>TP763</name>
  </trkpt>
  <trkpt lat="34.23874" lon="-116.96511">
    <name>TP764</name>
  </trkpt>
  <trkpt lat="34.23879" lon="-116.96519">
    <name>TP765</name>
  </trkpt>
  <trkpt lat="34.23882" lon="-116.96523">
    <name>TP766</name>
  </trkpt>
  <trkpt lat="34.23887" lon="-116.96529">
    <name>TP767</name>
  </trkpt>
  <trkpt lat="34.2389" lon="-116.96531">
    <name>TP768</name>
  </trkpt>
  <trkpt lat="34.23892" lon="-116.96532">
    <name>TP769</name>
  </trkpt>
  <trkpt lat="34.23898" lon="-116.96536">
    <name>TP770</name>
  </trkpt>
  <trkpt lat="34.23904" lon="-116.96538">
    <name>TP771</name>
  </trkpt>
  <trkpt lat="34.2391" lon="-116.9654">
    <name>TP772</name>
  </trkpt>
  <trkpt lat="34.23917" lon="-116.96543">
    <name>TP773</name>
  </trkpt>
  <trkpt lat="34.23922" lon="-116.96545">
    <name>TP774</name>
  </trkpt>
  <trkpt lat="34.23927" lon="-116.96547">
    <name>TP775</name>
  </trkpt>
  <trkpt lat="34.23932" lon="-116.96551">
    <name>TP776</name>
  </trkpt>
  <trkpt lat="34.23938" lon="-116.96556">
    <name>TP777</name>
  </trkpt>
  <trkpt lat="34.2394" lon="-116.96559">
    <name>TP778</name>
  </trkpt>
  <trkpt lat="34.23941" lon="-116.96561">
    <name>TP779</name>
  </trkpt>
  <trkpt lat="34.23946" lon="-116.96566">
    <name>TP780</name>
  </trkpt>
  <trkpt lat="34.23948" lon="-116.96571">
    <name>TP781</name>
  </trkpt>
  <trkpt lat="34.23951" lon="-116.96575">
    <name>TP782</name>
  </trkpt>
  <trkpt lat="34.23953" lon="-116.9658">
    <name>TP783</name>
  </trkpt>
  <trkpt lat="34.23956" lon="-116.96589">
    <name>TP784</name>
  </trkpt>
  <trkpt lat="34.23957" lon="-116.96596">
    <name>TP785</name>
  </trkpt>
  <trkpt lat="34.23959" lon="-116.96605">
    <name>TP786</name>
  </trkpt>
  <trkpt lat="34.2396" lon="-116.96614">
    <name>TP787</name>
  </trkpt>
  <trkpt lat="34.2396" lon="-116.96618">
    <name>TP788</name>
  </trkpt>
  <trkpt lat="34.23961" lon="-116.96621">
    <name>TP789</name>
  </trkpt>
  <trkpt lat="34.23963" lon="-116.96631">
    <name>TP790</name>
  </trkpt>
  <trkpt lat="34.23965" lon="-116.96638">
    <name>TP791</name>
  </trkpt>
  <trkpt lat="34.23968" lon="-116.96647">
    <name>TP792</name>
  </trkpt>
  <trkpt lat="34.23971" lon="-116.96653">
    <name>TP793</name>
  </trkpt>
  <trkpt lat="34.23983" lon="-116.96676">
    <name>TP794</name>
  </trkpt>
  <trkpt lat="34.23991" lon="-116.96696">
    <name>TP795</name>
  </trkpt>
  <trkpt lat="34.23995" lon="-116.96709">
    <name>TP796</name>
  </trkpt>
  <trkpt lat="34.23998" lon="-116.96719">
    <name>TP797</name>
  </trkpt>
  <trkpt lat="34.24" lon="-116.96734">
    <name>TP798</name>
  </trkpt>
  <trkpt lat="34.24001" lon="-116.96744">
    <name>TP799</name>
  </trkpt>
  <trkpt lat="34.24" lon="-116.96758">
    <name>TP800</name>
  </trkpt>
  <trkpt lat="34.24001" lon="-116.96772">
    <name>TP801</name>
  </trkpt>
  <trkpt lat="34.24001" lon="-116.96777">
    <name>TP802</name>
  </trkpt>
  <trkpt lat="34.24003" lon="-116.96783">
    <name>TP803</name>
  </trkpt>
  <trkpt lat="34.24005" lon="-116.96788">
    <name>TP804</name>
  </trkpt>
  <trkpt lat="34.24007" lon="-116.96794">
    <name>TP805</name>
  </trkpt>
  <trkpt lat="34.24011" lon="-116.968">
    <name>TP806</name>
  </trkpt>
  <trkpt lat="34.24014" lon="-116.96806">
    <name>TP807</name>
  </trkpt>
  <trkpt lat="34.24019" lon="-116.96813">
    <name>TP808</name>
  </trkpt>
  <trkpt lat="34.24024" lon="-116.9682">
    <name>TP809</name>
  </trkpt>
  <trkpt lat="34.24028" lon="-116.96826">
    <name>TP810</name>
  </trkpt>
  <trkpt lat="34.24032" lon="-116.96832">
    <name>TP811</name>
  </trkpt>
  <trkpt lat="34.24034" lon="-116.96837">
    <name>TP812</name>
  </trkpt>
  <trkpt lat="34.24034" lon="-116.96838">
    <name>TP813</name>
  </trkpt>
  <trkpt lat="34.24035" lon="-116.96843">
    <name>TP814</name>
  </trkpt>
  <trkpt lat="34.24035" lon="-116.96849">
    <name>TP815</name>
  </trkpt>
  <trkpt lat="34.24036" lon="-116.96855">
    <name>TP816</name>
  </trkpt>
  <trkpt lat="34.24035" lon="-116.96859">
    <name>TP817</name>
  </trkpt>
  <trkpt lat="34.24035" lon="-116.96862">
    <name>TP818</name>
  </trkpt>
  <trkpt lat="34.24034" lon="-116.96871">
    <name>TP819</name>
  </trkpt>
  <trkpt lat="34.24033" lon="-116.96878">
    <name>TP820</name>
  </trkpt>
  <trkpt lat="34.24033" lon="-116.9688">
    <name>TP821</name>
  </trkpt>
  <trkpt lat="34.24032" lon="-116.96882">
    <name>TP822</name>
  </trkpt>
  <trkpt lat="34.24031" lon="-116.96892">
    <name>TP823</name>
  </trkpt>
  <trkpt lat="34.2403" lon="-116.96912">
    <name>TP824</name>
  </trkpt>
  <trkpt lat="34.24029" lon="-116.96924">
    <name>TP825</name>
  </trkpt>
  <trkpt lat="34.24027" lon="-116.96932">
    <name>TP826</name>
  </trkpt>
  <trkpt lat="34.24026" lon="-116.96942">
    <name>TP827</name>
  </trkpt>
  <trkpt lat="34.24022" lon="-116.96958">
    <name>TP828</name>
  </trkpt>
  <trkpt lat="34.2402" lon="-116.96965">
    <name>TP829</name>
  </trkpt>
  <trkpt lat="34.2402" lon="-116.96966">
    <name>TP830</name>
  </trkpt>
  <trkpt lat="34.24018" lon="-116.96972">
    <name>TP831</name>
  </trkpt>
  <trkpt lat="34.24015" lon="-116.96979">
    <name>TP832</name>
  </trkpt>
  <trkpt lat="34.24012" lon="-116.96987">
    <name>TP833</name>
  </trkpt>
  <trkpt lat="34.24009" lon="-116.96993">
    <name>TP834</name>
  </trkpt>
  <trkpt lat="34.24005" lon="-116.97">
    <name>TP835</name>
  </trkpt>
  <trkpt lat="34.24001" lon="-116.97007">
    <name>TP836</name>
  </trkpt>
  <trkpt lat="34.23997" lon="-116.97011">
    <name>TP837</name>
  </trkpt>
  <trkpt lat="34.23992" lon="-116.97017">
    <name>TP838</name>
  </trkpt>
  <trkpt lat="34.23987" lon="-116.97021">
    <name>TP839</name>
  </trkpt>
  <trkpt lat="34.2398" lon="-116.97027">
    <name>TP840</name>
  </trkpt>
  <trkpt lat="34.23975" lon="-116.97031">
    <name>TP841</name>
  </trkpt>
  <trkpt lat="34.23973" lon="-116.97032">
    <name>TP842</name>
  </trkpt>
  <trkpt lat="34.23968" lon="-116.97037">
    <name>TP843</name>
  </trkpt>
  <trkpt lat="34.23964" lon="-116.97041">
    <name>TP844</name>
  </trkpt>
  <trkpt lat="34.23961" lon="-116.97045">
    <name>TP845</name>
  </trkpt>
  <trkpt lat="34.2396" lon="-116.97046">
    <name>TP846</name>
  </trkpt>
  <trkpt lat="34.23958" lon="-116.97051">
    <name>TP847</name>
  </trkpt>
  <trkpt lat="34.23956" lon="-116.97056">
    <name>TP848</name>
  </trkpt>
  <trkpt lat="34.23955" lon="-116.9706">
    <name>TP849</name>
  </trkpt>
  <trkpt lat="34.23954" lon="-116.97064">
    <name>TP850</name>
  </trkpt>
  <trkpt lat="34.23954" lon="-116.97071">
    <name>TP851</name>
  </trkpt>
  <trkpt lat="34.23955" lon="-116.97076">
    <name>TP852</name>
  </trkpt>
  <trkpt lat="34.23956" lon="-116.97082">
    <name>TP853</name>
  </trkpt>
  <trkpt lat="34.23957" lon="-116.97087">
    <name>TP854</name>
  </trkpt>
  <trkpt lat="34.2396" lon="-116.97094">
    <name>TP855</name>
  </trkpt>
  <trkpt lat="34.23965" lon="-116.97102">
    <name>TP856</name>
  </trkpt>
  <trkpt lat="34.23968" lon="-116.97106">
    <name>TP857</name>
  </trkpt>
  <trkpt lat="34.2397" lon="-116.97109">
    <name>TP858</name>
  </trkpt>
  <trkpt lat="34.23975" lon="-116.97113">
    <name>TP859</name>
  </trkpt>
  <trkpt lat="34.2398" lon="-116.97116">
    <name>TP860</name>
  </trkpt>
  <trkpt lat="34.23983" lon="-116.97118">
    <name>TP861</name>
  </trkpt>
  <trkpt lat="34.23986" lon="-116.9712">
    <name>TP862</name>
  </trkpt>
  <trkpt lat="34.2399" lon="-116.97121">
    <name>TP863</name>
  </trkpt>
  <trkpt lat="34.24001" lon="-116.97124">
    <name>TP864</name>
  </trkpt>
  <trkpt lat="34.24008" lon="-116.97127">
    <name>TP865</name>
  </trkpt>
  <trkpt lat="34.24015" lon="-116.97129">
    <name>TP866</name>
  </trkpt>
  <trkpt lat="34.24022" lon="-116.97132">
    <name>TP867</name>
  </trkpt>
  <trkpt lat="34.24028" lon="-116.97136">
    <name>TP868</name>
  </trkpt>
  <trkpt lat="34.24035" lon="-116.9714">
    <name>TP869</name>
  </trkpt>
  <trkpt lat="34.24041" lon="-116.97144">
    <name>TP870</name>
  </trkpt>
  <trkpt lat="34.24047" lon="-116.97148">
    <name>TP871</name>
  </trkpt>
  <trkpt lat="34.24051" lon="-116.97152">
    <name>TP872</name>
  </trkpt>
  <trkpt lat="34.24056" lon="-116.97157">
    <name>TP873</name>
  </trkpt>
  <trkpt lat="34.2406" lon="-116.97163">
    <name>TP874</name>
  </trkpt>
  <trkpt lat="34.24064" lon="-116.9717">
    <name>TP875</name>
  </trkpt>
  <trkpt lat="34.24068" lon="-116.97177">
    <name>TP876</name>
  </trkpt>
  <trkpt lat="34.24071" lon="-116.97184">
    <name>TP877</name>
  </trkpt>
  <trkpt lat="34.24073" lon="-116.97191">
    <name>TP878</name>
  </trkpt>
  <trkpt lat="34.24075" lon="-116.972">
    <name>TP879</name>
  </trkpt>
  <trkpt lat="34.24077" lon="-116.97208">
    <name>TP880</name>
  </trkpt>
  <trkpt lat="34.24079" lon="-116.97219">
    <name>TP881</name>
  </trkpt>
  <trkpt lat="34.24079" lon="-116.97226">
    <name>TP882</name>
  </trkpt>
  <trkpt lat="34.24079" lon="-116.97232">
    <name>TP883</name>
  </trkpt>
  <trkpt lat="34.24078" lon="-116.97247">
    <name>TP884</name>
  </trkpt>
  <trkpt lat="34.24077" lon="-116.9726">
    <name>TP885</name>
  </trkpt>
  <trkpt lat="34.24077" lon="-116.97262">
    <name>TP886</name>
  </trkpt>
  <trkpt lat="34.24077" lon="-116.97267">
    <name>TP887</name>
  </trkpt>
  <trkpt lat="34.24077" lon="-116.97274">
    <name>TP888</name>
  </trkpt>
  <trkpt lat="34.24078" lon="-116.9728">
    <name>TP889</name>
  </trkpt>
  <trkpt lat="34.24079" lon="-116.97285">
    <name>TP890</name>
  </trkpt>
  <trkpt lat="34.2408" lon="-116.97291">
    <name>TP891</name>
  </trkpt>
  <trkpt lat="34.24082" lon="-116.97298">
    <name>TP892</name>
  </trkpt>
  <trkpt lat="34.24084" lon="-116.97302">
    <name>TP893</name>
  </trkpt>
  <trkpt lat="34.2408396" lon="-116.9730169">
    <name>TP894</name>
  </trkpt>
  <trkpt lat="34.2408396" lon="-116.9730169">
    <name>TP895</name>
  </trkpt>
  <trkpt lat="34.24082" lon="-116.97298">
    <name>TP896</name>
  </trkpt>
  <trkpt lat="34.2408" lon="-116.97291">
    <name>TP897</name>
  </trkpt>
  <trkpt lat="34.24079" lon="-116.97285">
    <name>TP898</name>
  </trkpt>
  <trkpt lat="34.24078" lon="-116.9728">
    <name>TP899</name>
  </trkpt>
  <trkpt lat="34.24077" lon="-116.97274">
    <name>TP900</name>
  </trkpt>
  <trkpt lat="34.24077" lon="-116.97267">
    <name>TP901</name>
  </trkpt>
  <trkpt lat="34.24077" lon="-116.97262">
    <name>TP902</name>
  </trkpt>
  <trkpt lat="34.24077" lon="-116.9726">
    <name>TP903</name>
  </trkpt>
  <trkpt lat="34.24078" lon="-116.97247">
    <name>TP904</name>
  </trkpt>
  <trkpt lat="34.24079" lon="-116.97232">
    <name>TP905</name>
  </trkpt>
  <trkpt lat="34.24079" lon="-116.97226">
    <name>TP906</name>
  </trkpt>
  <trkpt lat="34.24079" lon="-116.97219">
    <name>TP907</name>
  </trkpt>
  <trkpt lat="34.24077" lon="-116.97208">
    <name>TP908</name>
  </trkpt>
  <trkpt lat="34.24075" lon="-116.972">
    <name>TP909</name>
  </trkpt>
  <trkpt lat="34.24073" lon="-116.97191">
    <name>TP910</name>
  </trkpt>
  <trkpt lat="34.24071" lon="-116.97184">
    <name>TP911</name>
  </trkpt>
  <trkpt lat="34.24068" lon="-116.97177">
    <name>TP912</name>
  </trkpt>
  <trkpt lat="34.24064" lon="-116.9717">
    <name>TP913</name>
  </trkpt>
  <trkpt lat="34.2406" lon="-116.97163">
    <name>TP914</name>
  </trkpt>
  <trkpt lat="34.24056" lon="-116.97157">
    <name>TP915</name>
  </trkpt>
  <trkpt lat="34.24051" lon="-116.97152">
    <name>TP916</name>
  </trkpt>
  <trkpt lat="34.24047" lon="-116.97148">
    <name>TP917</name>
  </trkpt>
  <trkpt lat="34.24041" lon="-116.97144">
    <name>TP918</name>
  </trkpt>
  <trkpt lat="34.24035" lon="-116.9714">
    <name>TP919</name>
  </trkpt>
  <trkpt lat="34.24028" lon="-116.97136">
    <name>TP920</name>
  </trkpt>
  <trkpt lat="34.24022" lon="-116.97132">
    <name>TP921</name>
  </trkpt>
  <trkpt lat="34.24015" lon="-116.97129">
    <name>TP922</name>
  </trkpt>
  <trkpt lat="34.24008" lon="-116.97127">
    <name>TP923</name>
  </trkpt>
  <trkpt lat="34.24001" lon="-116.97124">
    <name>TP924</name>
  </trkpt>
  <trkpt lat="34.2399" lon="-116.97121">
    <name>TP925</name>
  </trkpt>
  <trkpt lat="34.23986" lon="-116.9712">
    <name>TP926</name>
  </trkpt>
  <trkpt lat="34.23983" lon="-116.97118">
    <name>TP927</name>
  </trkpt>
  <trkpt lat="34.2398" lon="-116.97116">
    <name>TP928</name>
  </trkpt>
  <trkpt lat="34.23975" lon="-116.97113">
    <name>TP929</name>
  </trkpt>
  <trkpt lat="34.2397" lon="-116.97109">
    <name>TP930</name>
  </trkpt>
  <trkpt lat="34.23968" lon="-116.97106">
    <name>TP931</name>
  </trkpt>
  <trkpt lat="34.23965" lon="-116.97102">
    <name>TP932</name>
  </trkpt>
  <trkpt lat="34.2396" lon="-116.97094">
    <name>TP933</name>
  </trkpt>
  <trkpt lat="34.23957" lon="-116.97087">
    <name>TP934</name>
  </trkpt>
  <trkpt lat="34.23956" lon="-116.97082">
    <name>TP935</name>
  </trkpt>
  <trkpt lat="34.23955" lon="-116.97076">
    <name>TP936</name>
  </trkpt>
  <trkpt lat="34.23954" lon="-116.97071">
    <name>TP937</name>
  </trkpt>
  <trkpt lat="34.23954" lon="-116.97064">
    <name>TP938</name>
  </trkpt>
  <trkpt lat="34.23955" lon="-116.9706">
    <name>TP939</name>
  </trkpt>
  <trkpt lat="34.23956" lon="-116.97056">
    <name>TP940</name>
  </trkpt>
  <trkpt lat="34.23958" lon="-116.97051">
    <name>TP941</name>
  </trkpt>
  <trkpt lat="34.2396" lon="-116.97046">
    <name>TP942</name>
  </trkpt>
  <trkpt lat="34.23961" lon="-116.97045">
    <name>TP943</name>
  </trkpt>
  <trkpt lat="34.23964" lon="-116.97041">
    <name>TP944</name>
  </trkpt>
  <trkpt lat="34.23968" lon="-116.97037">
    <name>TP945</name>
  </trkpt>
  <trkpt lat="34.23973" lon="-116.97032">
    <name>TP946</name>
  </trkpt>
  <trkpt lat="34.23975" lon="-116.97031">
    <name>TP947</name>
  </trkpt>
  <trkpt lat="34.2398" lon="-116.97027">
    <name>TP948</name>
  </trkpt>
  <trkpt lat="34.23987" lon="-116.97021">
    <name>TP949</name>
  </trkpt>
  <trkpt lat="34.23992" lon="-116.97017">
    <name>TP950</name>
  </trkpt>
  <trkpt lat="34.23997" lon="-116.97011">
    <name>TP951</name>
  </trkpt>
  <trkpt lat="34.24001" lon="-116.97007">
    <name>TP952</name>
  </trkpt>
  <trkpt lat="34.24005" lon="-116.97">
    <name>TP953</name>
  </trkpt>
  <trkpt lat="34.24009" lon="-116.96993">
    <name>TP954</name>
  </trkpt>
  <trkpt lat="34.24012" lon="-116.96987">
    <name>TP955</name>
  </trkpt>
  <trkpt lat="34.24015" lon="-116.96979">
    <name>TP956</name>
  </trkpt>
  <trkpt lat="34.24018" lon="-116.96972">
    <name>TP957</name>
  </trkpt>
  <trkpt lat="34.2402" lon="-116.96966">
    <name>TP958</name>
  </trkpt>
  <trkpt lat="34.2402" lon="-116.96965">
    <name>TP959</name>
  </trkpt>
  <trkpt lat="34.24022" lon="-116.96958">
    <name>TP960</name>
  </trkpt>
  <trkpt lat="34.24026" lon="-116.96942">
    <name>TP961</name>
  </trkpt>
  <trkpt lat="34.24027" lon="-116.96932">
    <name>TP962</name>
  </trkpt>
  <trkpt lat="34.24029" lon="-116.96924">
    <name>TP963</name>
  </trkpt>
  <trkpt lat="34.2403" lon="-116.96912">
    <name>TP964</name>
  </trkpt>
  <trkpt lat="34.24031" lon="-116.96892">
    <name>TP965</name>
  </trkpt>
  <trkpt lat="34.24032" lon="-116.96882">
    <name>TP966</name>
  </trkpt>
  <trkpt lat="34.24033" lon="-116.9688">
    <name>TP967</name>
  </trkpt>
  <trkpt lat="34.24033" lon="-116.96878">
    <name>TP968</name>
  </trkpt>
  <trkpt lat="34.24034" lon="-116.96871">
    <name>TP969</name>
  </trkpt>
  <trkpt lat="34.24035" lon="-116.96862">
    <name>TP970</name>
  </trkpt>
  <trkpt lat="34.24035" lon="-116.96859">
    <name>TP971</name>
  </trkpt>
  <trkpt lat="34.24036" lon="-116.96855">
    <name>TP972</name>
  </trkpt>
  <trkpt lat="34.24035" lon="-116.96849">
    <name>TP973</name>
  </trkpt>
  <trkpt lat="34.24035" lon="-116.96843">
    <name>TP974</name>
  </trkpt>
  <trkpt lat="34.24034" lon="-116.96838">
    <name>TP975</name>
  </trkpt>
  <trkpt lat="34.24034" lon="-116.96837">
    <name>TP976</name>
  </trkpt>
  <trkpt lat="34.24032" lon="-116.96832">
    <name>TP977</name>
  </trkpt>
  <trkpt lat="34.24028" lon="-116.96826">
    <name>TP978</name>
  </trkpt>
  <trkpt lat="34.24024" lon="-116.9682">
    <name>TP979</name>
  </trkpt>
  <trkpt lat="34.24019" lon="-116.96813">
    <name>TP980</name>
  </trkpt>
  <trkpt lat="34.24014" lon="-116.96806">
    <name>TP981</name>
  </trkpt>
  <trkpt lat="34.24011" lon="-116.968">
    <name>TP982</name>
  </trkpt>
  <trkpt lat="34.24007" lon="-116.96794">
    <name>TP983</name>
  </trkpt>
  <trkpt lat="34.24005" lon="-116.96788">
    <name>TP984</name>
  </trkpt>
  <trkpt lat="34.24003" lon="-116.96783">
    <name>TP985</name>
  </trkpt>
  <trkpt lat="34.24001" lon="-116.96777">
    <name>TP986</name>
  </trkpt>
  <trkpt lat="34.24001" lon="-116.96772">
    <name>TP987</name>
  </trkpt>
  <trkpt lat="34.24" lon="-116.96758">
    <name>TP988</name>
  </trkpt>
  <trkpt lat="34.24001" lon="-116.96744">
    <name>TP989</name>
  </trkpt>
  <trkpt lat="34.24" lon="-116.96734">
    <name>TP990</name>
  </trkpt>
  <trkpt lat="34.23998" lon="-116.96719">
    <name>TP991</name>
  </trkpt>
  <trkpt lat="34.23995" lon="-116.96709">
    <name>TP992</name>
  </trkpt>
  <trkpt lat="34.23991" lon="-116.96696">
    <name>TP993</name>
  </trkpt>
  <trkpt lat="34.23983" lon="-116.96676">
    <name>TP994</name>
  </trkpt>
  <trkpt lat="34.23971" lon="-116.96653">
    <name>TP995</name>
  </trkpt>
  <trkpt lat="34.23968" lon="-116.96647">
    <name>TP996</name>
  </trkpt>
  <trkpt lat="34.23965" lon="-116.96638">
    <name>TP997</name>
  </trkpt>
  <trkpt lat="34.23963" lon="-116.96631">
    <name>TP998</name>
  </trkpt>
  <trkpt lat="34.23961" lon="-116.96621">
    <name>TP999</name>
  </trkpt>
  <trkpt lat="34.2396" lon="-116.96618">
    <name>TP1000</name>
  </trkpt>
  <trkpt lat="34.2396" lon="-116.96614">
    <name>TP1001</name>
  </trkpt>
  <trkpt lat="34.23959" lon="-116.96605">
    <name>TP1002</name>
  </trkpt>
  <trkpt lat="34.23957" lon="-116.96596">
    <name>TP1003</name>
  </trkpt>
  <trkpt lat="34.23956" lon="-116.96589">
    <name>TP1004</name>
  </trkpt>
  <trkpt lat="34.23953" lon="-116.9658">
    <name>TP1005</name>
  </trkpt>
  <trkpt lat="34.23951" lon="-116.96575">
    <name>TP1006</name>
  </trkpt>
  <trkpt lat="34.23948" lon="-116.96571">
    <name>TP1007</name>
  </trkpt>
  <trkpt lat="34.23946" lon="-116.96566">
    <name>TP1008</name>
  </trkpt>
  <trkpt lat="34.23941" lon="-116.96561">
    <name>TP1009</name>
  </trkpt>
  <trkpt lat="34.2394" lon="-116.96559">
    <name>TP1010</name>
  </trkpt>
  <trkpt lat="34.23938" lon="-116.96556">
    <name>TP1011</name>
  </trkpt>
  <trkpt lat="34.23932" lon="-116.96551">
    <name>TP1012</name>
  </trkpt>
  <trkpt lat="34.23927" lon="-116.96547">
    <name>TP1013</name>
  </trkpt>
  <trkpt lat="34.23922" lon="-116.96545">
    <name>TP1014</name>
  </trkpt>
  <trkpt lat="34.23917" lon="-116.96543">
    <name>TP1015</name>
  </trkpt>
  <trkpt lat="34.2391" lon="-116.9654">
    <name>TP1016</name>
  </trkpt>
  <trkpt lat="34.23904" lon="-116.96538">
    <name>TP1017</name>
  </trkpt>
  <trkpt lat="34.23898" lon="-116.96536">
    <name>TP1018</name>
  </trkpt>
  <trkpt lat="34.23892" lon="-116.96532">
    <name>TP1019</name>
  </trkpt>
  <trkpt lat="34.2389" lon="-116.96531">
    <name>TP1020</name>
  </trkpt>
  <trkpt lat="34.23887" lon="-116.96529">
    <name>TP1021</name>
  </trkpt>
  <trkpt lat="34.23882" lon="-116.96523">
    <name>TP1022</name>
  </trkpt>
  <trkpt lat="34.23879" lon="-116.96519">
    <name>TP1023</name>
  </trkpt>
  <trkpt lat="34.23874" lon="-116.96511">
    <name>TP1024</name>
  </trkpt>
  <trkpt lat="34.2387" lon="-116.96504">
    <name>TP1025</name>
  </trkpt>
  <trkpt lat="34.23865" lon="-116.96496">
    <name>TP1026</name>
  </trkpt>
  <trkpt lat="34.23861" lon="-116.9649">
    <name>TP1027</name>
  </trkpt>
  <trkpt lat="34.23855" lon="-116.96483">
    <name>TP1028</name>
  </trkpt>
  <trkpt lat="34.23844" lon="-116.96471">
    <name>TP1029</name>
  </trkpt>
  <trkpt lat="34.23841" lon="-116.96467">
    <name>TP1030</name>
  </trkpt>
  <trkpt lat="34.23837" lon="-116.96462">
    <name>TP1031</name>
  </trkpt>
  <trkpt lat="34.23834" lon="-116.96456">
    <name>TP1032</name>
  </trkpt>
  <trkpt lat="34.23831" lon="-116.9645">
    <name>TP1033</name>
  </trkpt>
  <trkpt lat="34.23826" lon="-116.96438">
    <name>TP1034</name>
  </trkpt>
  <trkpt lat="34.23821" lon="-116.96425">
    <name>TP1035</name>
  </trkpt>
  <trkpt lat="34.23817" lon="-116.96417">
    <name>TP1036</name>
  </trkpt>
  <trkpt lat="34.23813" lon="-116.96408">
    <name>TP1037</name>
  </trkpt>
  <trkpt lat="34.23808" lon="-116.96395">
    <name>TP1038</name>
  </trkpt>
  <trkpt lat="34.23803" lon="-116.96388">
    <name>TP1039</name>
  </trkpt>
  <trkpt lat="34.23799" lon="-116.96382">
    <name>TP1040</name>
  </trkpt>
  <trkpt lat="34.23794" lon="-116.96375">
    <name>TP1041</name>
  </trkpt>
  <trkpt lat="34.23785" lon="-116.96366">
    <name>TP1042</name>
  </trkpt>
  <trkpt lat="34.23783" lon="-116.96364">
    <name>TP1043</name>
  </trkpt>
  <trkpt lat="34.23779" lon="-116.9636">
    <name>TP1044</name>
  </trkpt>
  <trkpt lat="34.23772" lon="-116.96354">
    <name>TP1045</name>
  </trkpt>
  <trkpt lat="34.23767" lon="-116.96348">
    <name>TP1046</name>
  </trkpt>
  <trkpt lat="34.23761" lon="-116.96339">
    <name>TP1047</name>
  </trkpt>
  <trkpt lat="34.23755" lon="-116.96329">
    <name>TP1048</name>
  </trkpt>
  <trkpt lat="34.2375" lon="-116.96319">
    <name>TP1049</name>
  </trkpt>
  <trkpt lat="34.23742" lon="-116.96303">
    <name>TP1050</name>
  </trkpt>
  <trkpt lat="34.23738" lon="-116.96296">
    <name>TP1051</name>
  </trkpt>
  <trkpt lat="34.23737" lon="-116.96293">
    <name>TP1052</name>
  </trkpt>
  <trkpt lat="34.23732" lon="-116.96285">
    <name>TP1053</name>
  </trkpt>
  <trkpt lat="34.23727" lon="-116.96276">
    <name>TP1054</name>
  </trkpt>
  <trkpt lat="34.2372" lon="-116.96268">
    <name>TP1055</name>
  </trkpt>
  <trkpt lat="34.23714" lon="-116.96263">
    <name>TP1056</name>
  </trkpt>
  <trkpt lat="34.23707" lon="-116.96257">
    <name>TP1057</name>
  </trkpt>
  <trkpt lat="34.23701" lon="-116.96253">
    <name>TP1058</name>
  </trkpt>
  <trkpt lat="34.23694" lon="-116.96249">
    <name>TP1059</name>
  </trkpt>
  <trkpt lat="34.23686" lon="-116.96245">
    <name>TP1060</name>
  </trkpt>
  <trkpt lat="34.23679" lon="-116.9624">
    <name>TP1061</name>
  </trkpt>
  <trkpt lat="34.23675" lon="-116.96236">
    <name>TP1062</name>
  </trkpt>
  <trkpt lat="34.23672" lon="-116.96233">
    <name>TP1063</name>
  </trkpt>
  <trkpt lat="34.23669" lon="-116.96229">
    <name>TP1064</name>
  </trkpt>
  <trkpt lat="34.23666" lon="-116.96223">
    <name>TP1065</name>
  </trkpt>
  <trkpt lat="34.23664" lon="-116.96217">
    <name>TP1066</name>
  </trkpt>
  <trkpt lat="34.23663" lon="-116.96212">
    <name>TP1067</name>
  </trkpt>
  <trkpt lat="34.23663" lon="-116.96206">
    <name>TP1068</name>
  </trkpt>
  <trkpt lat="34.23663" lon="-116.962">
    <name>TP1069</name>
  </trkpt>
  <trkpt lat="34.23664" lon="-116.96194">
    <name>TP1070</name>
  </trkpt>
  <trkpt lat="34.23665" lon="-116.96192">
    <name>TP1071</name>
  </trkpt>
  <trkpt lat="34.23666" lon="-116.96188">
    <name>TP1072</name>
  </trkpt>
  <trkpt lat="34.23668" lon="-116.96184">
    <name>TP1073</name>
  </trkpt>
  <trkpt lat="34.23671" lon="-116.9618">
    <name>TP1074</name>
  </trkpt>
  <trkpt lat="34.23673" lon="-116.96178">
    <name>TP1075</name>
  </trkpt>
  <trkpt lat="34.23675" lon="-116.96175">
    <name>TP1076</name>
  </trkpt>
  <trkpt lat="34.23679" lon="-116.96172">
    <name>TP1077</name>
  </trkpt>
  <trkpt lat="34.23683" lon="-116.9617">
    <name>TP1078</name>
  </trkpt>
  <trkpt lat="34.2369" lon="-116.96167">
    <name>TP1079</name>
  </trkpt>
  <trkpt lat="34.23694" lon="-116.96166">
    <name>TP1080</name>
  </trkpt>
  <trkpt lat="34.237" lon="-116.96164">
    <name>TP1081</name>
  </trkpt>
  <trkpt lat="34.23709" lon="-116.96163">
    <name>TP1082</name>
  </trkpt>
  <trkpt lat="34.23717" lon="-116.96161">
    <name>TP1083</name>
  </trkpt>
  <trkpt lat="34.23724" lon="-116.96159">
    <name>TP1084</name>
  </trkpt>
  <trkpt lat="34.23727" lon="-116.96158">
    <name>TP1085</name>
  </trkpt>
  <trkpt lat="34.23732" lon="-116.96156">
    <name>TP1086</name>
  </trkpt>
  <trkpt lat="34.23743" lon="-116.96151">
    <name>TP1087</name>
  </trkpt>
  <trkpt lat="34.23746" lon="-116.9615">
    <name>TP1088</name>
  </trkpt>
  <trkpt lat="34.23752" lon="-116.96147">
    <name>TP1089</name>
  </trkpt>
  <trkpt lat="34.23762" lon="-116.96142">
    <name>TP1090</name>
  </trkpt>
  <trkpt lat="34.23767" lon="-116.96138">
    <name>TP1091</name>
  </trkpt>
  <trkpt lat="34.23771" lon="-116.96135">
    <name>TP1092</name>
  </trkpt>
  <trkpt lat="34.23776" lon="-116.96131">
    <name>TP1093</name>
  </trkpt>
  <trkpt lat="34.23777" lon="-116.9613">
    <name>TP1094</name>
  </trkpt>
  <trkpt lat="34.23778" lon="-116.96129">
    <name>TP1095</name>
  </trkpt>
  <trkpt lat="34.23783" lon="-116.96123">
    <name>TP1096</name>
  </trkpt>
  <trkpt lat="34.23788" lon="-116.96117">
    <name>TP1097</name>
  </trkpt>
  <trkpt lat="34.23793" lon="-116.96109">
    <name>TP1098</name>
  </trkpt>
  <trkpt lat="34.23798" lon="-116.96101">
    <name>TP1099</name>
  </trkpt>
  <trkpt lat="34.238" lon="-116.96098">
    <name>TP1100</name>
  </trkpt>
  <trkpt lat="34.23801" lon="-116.96096">
    <name>TP1101</name>
  </trkpt>
  <trkpt lat="34.23802" lon="-116.96093">
    <name>TP1102</name>
  </trkpt>
  <trkpt lat="34.23806" lon="-116.96085">
    <name>TP1103</name>
  </trkpt>
  <trkpt lat="34.2381" lon="-116.96076">
    <name>TP1104</name>
  </trkpt>
  <trkpt lat="34.23815" lon="-116.96062">
    <name>TP1105</name>
  </trkpt>
  <trkpt lat="34.23818" lon="-116.96051">
    <name>TP1106</name>
  </trkpt>
  <trkpt lat="34.2382" lon="-116.96037">
    <name>TP1107</name>
  </trkpt>
  <trkpt lat="34.23823" lon="-116.96024">
    <name>TP1108</name>
  </trkpt>
  <trkpt lat="34.23824" lon="-116.9601">
    <name>TP1109</name>
  </trkpt>
  <trkpt lat="34.23827" lon="-116.95995">
    <name>TP1110</name>
  </trkpt>
  <trkpt lat="34.23831" lon="-116.95975">
    <name>TP1111</name>
  </trkpt>
  <trkpt lat="34.23832" lon="-116.95968">
    <name>TP1112</name>
  </trkpt>
  <trkpt lat="34.23837" lon="-116.95944">
    <name>TP1113</name>
  </trkpt>
  <trkpt lat="34.23839" lon="-116.9593">
    <name>TP1114</name>
  </trkpt>
  <trkpt lat="34.23841" lon="-116.95918">
    <name>TP1115</name>
  </trkpt>
  <trkpt lat="34.23841" lon="-116.95909">
    <name>TP1116</name>
  </trkpt>
  <trkpt lat="34.23841" lon="-116.95904">
    <name>TP1117</name>
  </trkpt>
  <trkpt lat="34.23841" lon="-116.95899">
    <name>TP1118</name>
  </trkpt>
  <trkpt lat="34.23841" lon="-116.95891">
    <name>TP1119</name>
  </trkpt>
  <trkpt lat="34.2384" lon="-116.95881">
    <name>TP1120</name>
  </trkpt>
  <trkpt lat="34.23837" lon="-116.95871">
    <name>TP1121</name>
  </trkpt>
  <trkpt lat="34.23835" lon="-116.95862">
    <name>TP1122</name>
  </trkpt>
  <trkpt lat="34.23835" lon="-116.95861">
    <name>TP1123</name>
  </trkpt>
  <trkpt lat="34.23829" lon="-116.95848">
    <name>TP1124</name>
  </trkpt>
  <trkpt lat="34.23822" lon="-116.95832">
    <name>TP1125</name>
  </trkpt>
  <trkpt lat="34.23817" lon="-116.95822">
    <name>TP1126</name>
  </trkpt>
  <trkpt lat="34.23814" lon="-116.95814">
    <name>TP1127</name>
  </trkpt>
  <trkpt lat="34.23812" lon="-116.95807">
    <name>TP1128</name>
  </trkpt>
  <trkpt lat="34.2381" lon="-116.958">
    <name>TP1129</name>
  </trkpt>
  <trkpt lat="34.23809" lon="-116.95791">
    <name>TP1130</name>
  </trkpt>
  <trkpt lat="34.23809" lon="-116.95784">
    <name>TP1131</name>
  </trkpt>
  <trkpt lat="34.23809" lon="-116.95775">
    <name>TP1132</name>
  </trkpt>
  <trkpt lat="34.2381" lon="-116.95765">
    <name>TP1133</name>
  </trkpt>
  <trkpt lat="34.23812" lon="-116.95754">
    <name>TP1134</name>
  </trkpt>
  <trkpt lat="34.23814" lon="-116.95744">
    <name>TP1135</name>
  </trkpt>
  <trkpt lat="34.23815" lon="-116.9573">
    <name>TP1136</name>
  </trkpt>
  <trkpt lat="34.23816" lon="-116.95722">
    <name>TP1137</name>
  </trkpt>
  <trkpt lat="34.23816" lon="-116.95712">
    <name>TP1138</name>
  </trkpt>
  <trkpt lat="34.23815" lon="-116.95705">
    <name>TP1139</name>
  </trkpt>
  <trkpt lat="34.23814" lon="-116.95697">
    <name>TP1140</name>
  </trkpt>
  <trkpt lat="34.23812" lon="-116.95681">
    <name>TP1141</name>
  </trkpt>
  <trkpt lat="34.23806" lon="-116.95649">
    <name>TP1142</name>
  </trkpt>
  <trkpt lat="34.23804" lon="-116.95642">
    <name>TP1143</name>
  </trkpt>
  <trkpt lat="34.23799" lon="-116.95612">
    <name>TP1144</name>
  </trkpt>
  <trkpt lat="34.23796" lon="-116.95599">
    <name>TP1145</name>
  </trkpt>
  <trkpt lat="34.23791" lon="-116.95569">
    <name>TP1146</name>
  </trkpt>
  <trkpt lat="34.23789" lon="-116.9556">
    <name>TP1147</name>
  </trkpt>
  <trkpt lat="34.23788" lon="-116.95555">
    <name>TP1148</name>
  </trkpt>
  <trkpt lat="34.23783" lon="-116.95523">
    <name>TP1149</name>
  </trkpt>
  <trkpt lat="34.23779" lon="-116.95505">
    <name>TP1150</name>
  </trkpt>
  <trkpt lat="34.23774" lon="-116.95487">
    <name>TP1151</name>
  </trkpt>
  <trkpt lat="34.2377" lon="-116.95474">
    <name>TP1152</name>
  </trkpt>
  <trkpt lat="34.23765" lon="-116.95456">
    <name>TP1153</name>
  </trkpt>
  <trkpt lat="34.23759" lon="-116.95429">
    <name>TP1154</name>
  </trkpt>
  <trkpt lat="34.23758" lon="-116.95416">
    <name>TP1155</name>
  </trkpt>
  <trkpt lat="34.23758" lon="-116.95404">
    <name>TP1156</name>
  </trkpt>
  <trkpt lat="34.23756" lon="-116.95383">
    <name>TP1157</name>
  </trkpt>
  <trkpt lat="34.23755" lon="-116.95367">
    <name>TP1158</name>
  </trkpt>
  <trkpt lat="34.23753" lon="-116.95346">
    <name>TP1159</name>
  </trkpt>
  <trkpt lat="34.23752" lon="-116.95333">
    <name>TP1160</name>
  </trkpt>
  <trkpt lat="34.2375" lon="-116.95316">
    <name>TP1161</name>
  </trkpt>
  <trkpt lat="34.23749" lon="-116.95301">
    <name>TP1162</name>
  </trkpt>
  <trkpt lat="34.23747" lon="-116.95287">
    <name>TP1163</name>
  </trkpt>
  <trkpt lat="34.23747" lon="-116.95283">
    <name>TP1164</name>
  </trkpt>
  <trkpt lat="34.23747" lon="-116.95276">
    <name>TP1165</name>
  </trkpt>
  <trkpt lat="34.23747" lon="-116.95262">
    <name>TP1166</name>
  </trkpt>
  <trkpt lat="34.23747" lon="-116.95252">
    <name>TP1167</name>
  </trkpt>
  <trkpt lat="34.23748" lon="-116.95242">
    <name>TP1168</name>
  </trkpt>
  <trkpt lat="34.2375" lon="-116.95226">
    <name>TP1169</name>
  </trkpt>
  <trkpt lat="34.23753" lon="-116.95204">
    <name>TP1170</name>
  </trkpt>
  <trkpt lat="34.23762" lon="-116.95138">
    <name>TP1171</name>
  </trkpt>
  <trkpt lat="34.23765" lon="-116.95124">
    <name>TP1172</name>
  </trkpt>
  <trkpt lat="34.23767" lon="-116.95112">
    <name>TP1173</name>
  </trkpt>
  <trkpt lat="34.2377" lon="-116.95102">
    <name>TP1174</name>
  </trkpt>
  <trkpt lat="34.23774" lon="-116.95093">
    <name>TP1175</name>
  </trkpt>
  <trkpt lat="34.23778" lon="-116.95083">
    <name>TP1176</name>
  </trkpt>
  <trkpt lat="34.23794" lon="-116.95057">
    <name>TP1177</name>
  </trkpt>
  <trkpt lat="34.23803" lon="-116.95043">
    <name>TP1178</name>
  </trkpt>
  <trkpt lat="34.23811" lon="-116.95027">
    <name>TP1179</name>
  </trkpt>
  <trkpt lat="34.23812" lon="-116.95023">
    <name>TP1180</name>
  </trkpt>
  <trkpt lat="34.23815" lon="-116.95016">
    <name>TP1181</name>
  </trkpt>
  <trkpt lat="34.23819" lon="-116.95007">
    <name>TP1182</name>
  </trkpt>
  <trkpt lat="34.23819" lon="-116.95006">
    <name>TP1183</name>
  </trkpt>
  <trkpt lat="34.23823" lon="-116.94991">
    <name>TP1184</name>
  </trkpt>
  <trkpt lat="34.23824" lon="-116.94986">
    <name>TP1185</name>
  </trkpt>
  <trkpt lat="34.23826" lon="-116.94975">
    <name>TP1186</name>
  </trkpt>
  <trkpt lat="34.23827" lon="-116.94969">
    <name>TP1187</name>
  </trkpt>
  <trkpt lat="34.23828" lon="-116.94965">
    <name>TP1188</name>
  </trkpt>
  <trkpt lat="34.23828" lon="-116.94963">
    <name>TP1189</name>
  </trkpt>
  <trkpt lat="34.23829" lon="-116.94959">
    <name>TP1190</name>
  </trkpt>
  <trkpt lat="34.23831" lon="-116.94942">
    <name>TP1191</name>
  </trkpt>
  <trkpt lat="34.23834" lon="-116.94906">
    <name>TP1192</name>
  </trkpt>
  <trkpt lat="34.23835" lon="-116.94901">
    <name>TP1193</name>
  </trkpt>
  <trkpt lat="34.23835" lon="-116.949">
    <name>TP1194</name>
  </trkpt>
  <trkpt lat="34.23837" lon="-116.94873">
    <name>TP1195</name>
  </trkpt>
  <trkpt lat="34.23842" lon="-116.9482">
    <name>TP1196</name>
  </trkpt>
  <trkpt lat="34.23847" lon="-116.9477">
    <name>TP1197</name>
  </trkpt>
  <trkpt lat="34.23852" lon="-116.94716">
    <name>TP1198</name>
  </trkpt>
  <trkpt lat="34.23855" lon="-116.94681">
    <name>TP1199</name>
  </trkpt>
  <trkpt lat="34.23858" lon="-116.94646">
    <name>TP1200</name>
  </trkpt>
  <trkpt lat="34.23859" lon="-116.94626">
    <name>TP1201</name>
  </trkpt>
  <trkpt lat="34.23859" lon="-116.94616">
    <name>TP1202</name>
  </trkpt>
  <trkpt lat="34.23859" lon="-116.94611">
    <name>TP1203</name>
  </trkpt>
  <trkpt lat="34.23858" lon="-116.94578">
    <name>TP1204</name>
  </trkpt>
  <trkpt lat="34.23858" lon="-116.94541">
    <name>TP1205</name>
  </trkpt>
  <trkpt lat="34.23857" lon="-116.9452">
    <name>TP1206</name>
  </trkpt>
  <trkpt lat="34.23857" lon="-116.94499">
    <name>TP1207</name>
  </trkpt>
  <trkpt lat="34.23855" lon="-116.94379">
    <name>TP1208</name>
  </trkpt>
  <trkpt lat="34.23854" lon="-116.94248">
    <name>TP1209</name>
  </trkpt>
  <trkpt lat="34.23853" lon="-116.94226">
    <name>TP1210</name>
  </trkpt>
  <trkpt lat="34.23853" lon="-116.94156">
    <name>TP1211</name>
  </trkpt>
  <trkpt lat="34.23853" lon="-116.94136">
    <name>TP1212</name>
  </trkpt>
  <trkpt lat="34.23852" lon="-116.94092">
    <name>TP1213</name>
  </trkpt>
  <trkpt lat="34.23852" lon="-116.94085">
    <name>TP1214</name>
  </trkpt>
  <trkpt lat="34.23852" lon="-116.93798">
    <name>TP1215</name>
  </trkpt>
  <trkpt lat="34.2385" lon="-116.93688">
    <name>TP1216</name>
  </trkpt>
  <trkpt lat="34.2385" lon="-116.93643">
    <name>TP1217</name>
  </trkpt>
  <trkpt lat="34.23851" lon="-116.93599">
    <name>TP1218</name>
  </trkpt>
  <trkpt lat="34.23851" lon="-116.93584">
    <name>TP1219</name>
  </trkpt>
  <trkpt lat="34.23854" lon="-116.93569">
    <name>TP1220</name>
  </trkpt>
  <trkpt lat="34.23858" lon="-116.93549">
    <name>TP1221</name>
  </trkpt>
  <trkpt lat="34.23865" lon="-116.93532">
    <name>TP1222</name>
  </trkpt>
  <trkpt lat="34.23874" lon="-116.93512">
    <name>TP1223</name>
  </trkpt>
  <trkpt lat="34.23882" lon="-116.935">
    <name>TP1224</name>
  </trkpt>
  <trkpt lat="34.23889" lon="-116.93489">
    <name>TP1225</name>
  </trkpt>
  <trkpt lat="34.23895" lon="-116.93483">
    <name>TP1226</name>
  </trkpt>
  <trkpt lat="34.239" lon="-116.93477">
    <name>TP1227</name>
  </trkpt>
  <trkpt lat="34.23907" lon="-116.93469">
    <name>TP1228</name>
  </trkpt>
  <trkpt lat="34.23919" lon="-116.93459">
    <name>TP1229</name>
  </trkpt>
  <trkpt lat="34.23948" lon="-116.93444">
    <name>TP1230</name>
  </trkpt>
  <trkpt lat="34.2397" lon="-116.93432">
    <name>TP1231</name>
  </trkpt>
  <trkpt lat="34.23981" lon="-116.93423">
    <name>TP1232</name>
  </trkpt>
  <trkpt lat="34.2399" lon="-116.93414">
    <name>TP1233</name>
  </trkpt>
  <trkpt lat="34.23997" lon="-116.93406">
    <name>TP1234</name>
  </trkpt>
  <trkpt lat="34.24004" lon="-116.93393">
    <name>TP1235</name>
  </trkpt>
  <trkpt lat="34.24011" lon="-116.93376">
    <name>TP1236</name>
  </trkpt>
  <trkpt lat="34.24014" lon="-116.9336">
    <name>TP1237</name>
  </trkpt>
  <trkpt lat="34.24017" lon="-116.93346">
    <name>TP1238</name>
  </trkpt>
  <trkpt lat="34.2402" lon="-116.93312">
    <name>TP1239</name>
  </trkpt>
  <trkpt lat="34.2402" lon="-116.93307">
    <name>TP1240</name>
  </trkpt>
  <trkpt lat="34.24022" lon="-116.93284">
    <name>TP1241</name>
  </trkpt>
  <trkpt lat="34.24023" lon="-116.93269">
    <name>TP1242</name>
  </trkpt>
  <trkpt lat="34.24024" lon="-116.93247">
    <name>TP1243</name>
  </trkpt>
  <trkpt lat="34.24024" lon="-116.9324">
    <name>TP1244</name>
  </trkpt>
  <trkpt lat="34.24025" lon="-116.93217">
    <name>TP1245</name>
  </trkpt>
  <trkpt lat="34.24025" lon="-116.93174">
    <name>TP1246</name>
  </trkpt>
  <trkpt lat="34.24025" lon="-116.9313">
    <name>TP1247</name>
  </trkpt>
  <trkpt lat="34.24025" lon="-116.93087">
    <name>TP1248</name>
  </trkpt>
  <trkpt lat="34.24025" lon="-116.93058">
    <name>TP1249</name>
  </trkpt>
  <trkpt lat="34.24026" lon="-116.93034">
    <name>TP1250</name>
  </trkpt>
  <trkpt lat="34.24026" lon="-116.92998">
    <name>TP1251</name>
  </trkpt>
  <trkpt lat="34.24026" lon="-116.92954">
    <name>TP1252</name>
  </trkpt>
  <trkpt lat="34.24024" lon="-116.92924">
    <name>TP1253</name>
  </trkpt>
  <trkpt lat="34.24022" lon="-116.92908">
    <name>TP1254</name>
  </trkpt>
  <trkpt lat="34.2402" lon="-116.92888">
    <name>TP1255</name>
  </trkpt>
  <trkpt lat="34.24018" lon="-116.92867">
    <name>TP1256</name>
  </trkpt>
  <trkpt lat="34.24016" lon="-116.92844">
    <name>TP1257</name>
  </trkpt>
  <trkpt lat="34.24013" lon="-116.92822">
    <name>TP1258</name>
  </trkpt>
  <trkpt lat="34.24011" lon="-116.928">
    <name>TP1259</name>
  </trkpt>
  <trkpt lat="34.24006" lon="-116.92757">
    <name>TP1260</name>
  </trkpt>
  <trkpt lat="34.24002" lon="-116.92726">
    <name>TP1261</name>
  </trkpt>
  <trkpt lat="34.23997" lon="-116.92701">
    <name>TP1262</name>
  </trkpt>
  <trkpt lat="34.23996" lon="-116.92695">
    <name>TP1263</name>
  </trkpt>
  <trkpt lat="34.23991" lon="-116.92668">
    <name>TP1264</name>
  </trkpt>
  <trkpt lat="34.23972" lon="-116.92603">
    <name>TP1265</name>
  </trkpt>
  <trkpt lat="34.23958" lon="-116.9256">
    <name>TP1266</name>
  </trkpt>
  <trkpt lat="34.23946" lon="-116.92522">
    <name>TP1267</name>
  </trkpt>
  <trkpt lat="34.23944" lon="-116.92515">
    <name>TP1268</name>
  </trkpt>
  <trkpt lat="34.2394" lon="-116.92501">
    <name>TP1269</name>
  </trkpt>
  <trkpt lat="34.23939" lon="-116.92498">
    <name>TP1270</name>
  </trkpt>
  <trkpt lat="34.23938" lon="-116.92492">
    <name>TP1271</name>
  </trkpt>
  <trkpt lat="34.23915" lon="-116.92421">
    <name>TP1272</name>
  </trkpt>
  <trkpt lat="34.23915" lon="-116.9242">
    <name>TP1273</name>
  </trkpt>
  <trkpt lat="34.23914" lon="-116.92417">
    <name>TP1274</name>
  </trkpt>
  <trkpt lat="34.23912" lon="-116.92411">
    <name>TP1275</name>
  </trkpt>
  <trkpt lat="34.23902" lon="-116.92386">
    <name>TP1276</name>
  </trkpt>
  <trkpt lat="34.23899" lon="-116.92379">
    <name>TP1277</name>
  </trkpt>
  <trkpt lat="34.23891" lon="-116.92361">
    <name>TP1278</name>
  </trkpt>
  <trkpt lat="34.23863" lon="-116.92298">
    <name>TP1279</name>
  </trkpt>
  <trkpt lat="34.23857" lon="-116.92283">
    <name>TP1280</name>
  </trkpt>
  <trkpt lat="34.23851" lon="-116.92263">
    <name>TP1281</name>
  </trkpt>
  <trkpt lat="34.23848" lon="-116.92254">
    <name>TP1282</name>
  </trkpt>
  <trkpt lat="34.23845" lon="-116.92241">
    <name>TP1283</name>
  </trkpt>
  <trkpt lat="34.23843" lon="-116.92226">
    <name>TP1284</name>
  </trkpt>
  <trkpt lat="34.23843" lon="-116.92217">
    <name>TP1285</name>
  </trkpt>
  <trkpt lat="34.23843" lon="-116.9221">
    <name>TP1286</name>
  </trkpt>
  <trkpt lat="34.23846" lon="-116.92195">
    <name>TP1287</name>
  </trkpt>
  <trkpt lat="34.23853" lon="-116.92181">
    <name>TP1288</name>
  </trkpt>
  <trkpt lat="34.23861" lon="-116.92169">
    <name>TP1289</name>
  </trkpt>
  <trkpt lat="34.23867" lon="-116.9216">
    <name>TP1290</name>
  </trkpt>
  <trkpt lat="34.23875" lon="-116.9215">
    <name>TP1291</name>
  </trkpt>
  <trkpt lat="34.2388" lon="-116.92146">
    <name>TP1292</name>
  </trkpt>
  <trkpt lat="34.23888" lon="-116.92141">
    <name>TP1293</name>
  </trkpt>
  <trkpt lat="34.23895" lon="-116.92136">
    <name>TP1294</name>
  </trkpt>
  <trkpt lat="34.23923" lon="-116.92122">
    <name>TP1295</name>
  </trkpt>
  <trkpt lat="34.23933" lon="-116.92118">
    <name>TP1296</name>
  </trkpt>
  <trkpt lat="34.23968" lon="-116.92105">
    <name>TP1297</name>
  </trkpt>
  <trkpt lat="34.2398" lon="-116.92098">
    <name>TP1298</name>
  </trkpt>
  <trkpt lat="34.23993" lon="-116.92088">
    <name>TP1299</name>
  </trkpt>
  <trkpt lat="34.2401" lon="-116.92075">
    <name>TP1300</name>
  </trkpt>
  <trkpt lat="34.24024" lon="-116.92063">
    <name>TP1301</name>
  </trkpt>
  <trkpt lat="34.24033" lon="-116.92057">
    <name>TP1302</name>
  </trkpt>
  <trkpt lat="34.24042" lon="-116.92051">
    <name>TP1303</name>
  </trkpt>
  <trkpt lat="34.24056" lon="-116.92046">
    <name>TP1304</name>
  </trkpt>
  <trkpt lat="34.24086" lon="-116.92038">
    <name>TP1305</name>
  </trkpt>
  <trkpt lat="34.24103" lon="-116.92034">
    <name>TP1306</name>
  </trkpt>
  <trkpt lat="34.24105" lon="-116.92033">
    <name>TP1307</name>
  </trkpt>
  <trkpt lat="34.24113" lon="-116.92029">
    <name>TP1308</name>
  </trkpt>
  <trkpt lat="34.24122" lon="-116.92023">
    <name>TP1309</name>
  </trkpt>
  <trkpt lat="34.24127" lon="-116.92019">
    <name>TP1310</name>
  </trkpt>
  <trkpt lat="34.24132" lon="-116.92014">
    <name>TP1311</name>
  </trkpt>
  <trkpt lat="34.2414" lon="-116.92006">
    <name>TP1312</name>
  </trkpt>
  <trkpt lat="34.24147" lon="-116.91995">
    <name>TP1313</name>
  </trkpt>
  <trkpt lat="34.24151" lon="-116.91985">
    <name>TP1314</name>
  </trkpt>
  <trkpt lat="34.24155" lon="-116.91976">
    <name>TP1315</name>
  </trkpt>
  <trkpt lat="34.24159" lon="-116.91963">
    <name>TP1316</name>
  </trkpt>
  <trkpt lat="34.2416" lon="-116.91946">
    <name>TP1317</name>
  </trkpt>
  <trkpt lat="34.2416" lon="-116.9193">
    <name>TP1318</name>
  </trkpt>
  <trkpt lat="34.24159" lon="-116.91919">
    <name>TP1319</name>
  </trkpt>
  <trkpt lat="34.24158" lon="-116.91912">
    <name>TP1320</name>
  </trkpt>
  <trkpt lat="34.24156" lon="-116.91897">
    <name>TP1321</name>
  </trkpt>
  <trkpt lat="34.24154" lon="-116.91881">
    <name>TP1322</name>
  </trkpt>
  <trkpt lat="34.2415" lon="-116.9185">
    <name>TP1323</name>
  </trkpt>
  <trkpt lat="34.24144" lon="-116.91807">
    <name>TP1324</name>
  </trkpt>
  <trkpt lat="34.24143" lon="-116.91803">
    <name>TP1325</name>
  </trkpt>
  <trkpt lat="34.24138" lon="-116.91762">
    <name>TP1326</name>
  </trkpt>
  <trkpt lat="34.24136" lon="-116.91748">
    <name>TP1327</name>
  </trkpt>
  <trkpt lat="34.24136" lon="-116.91746">
    <name>TP1328</name>
  </trkpt>
  <trkpt lat="34.24131" lon="-116.91709">
    <name>TP1329</name>
  </trkpt>
  <trkpt lat="34.241308" lon="-116.9170862">
    <name>TP1330</name>
  </trkpt>
  <trkpt lat="34.24147" lon="-116.9171">
    <name>TP1331</name>
  </trkpt>
  <trkpt lat="34.24156" lon="-116.9171">
    <name>TP1332</name>
  </trkpt>
  <trkpt lat="34.24165" lon="-116.9171">
    <name>TP1333</name>
  </trkpt>
  <trkpt lat="34.24169" lon="-116.9171">
    <name>TP1334</name>
  </trkpt>
  <trkpt lat="34.24178" lon="-116.9171">
    <name>TP1335</name>
  </trkpt>
  <trkpt lat="34.24185" lon="-116.9171">
    <name>TP1336</name>
  </trkpt>
  <trkpt lat="34.24189" lon="-116.9171">
    <name>TP1337</name>
  </trkpt>
  <trkpt lat="34.24201" lon="-116.9171">
    <name>TP1338</name>
  </trkpt>
  <trkpt lat="34.24208" lon="-116.9171">
    <name>TP1339</name>
  </trkpt>
  <trkpt lat="34.24212" lon="-116.9171">
    <name>TP1340</name>
  </trkpt>
  <trkpt lat="34.24217" lon="-116.9171">
    <name>TP1341</name>
  </trkpt>
  <trkpt lat="34.24222" lon="-116.91709">
    <name>TP1342</name>
  </trkpt>
  <trkpt lat="34.24227" lon="-116.91707">
    <name>TP1343</name>
  </trkpt>
  <trkpt lat="34.24234" lon="-116.91704">
    <name>TP1344</name>
  </trkpt>
  <trkpt lat="34.24239" lon="-116.91698">
    <name>TP1345</name>
  </trkpt>
  <trkpt lat="34.24244" lon="-116.9169">
    <name>TP1346</name>
  </trkpt>
  <trkpt lat="34.24246" lon="-116.91687">
    <name>TP1347</name>
  </trkpt>
  <trkpt lat="34.24251" lon="-116.91679">
    <name>TP1348</name>
  </trkpt>
  <trkpt lat="34.24256" lon="-116.9167">
    <name>TP1349</name>
  </trkpt>
  <trkpt lat="34.24267" lon="-116.91653">
    <name>TP1350</name>
  </trkpt>
  <trkpt lat="34.24271" lon="-116.91648">
    <name>TP1351</name>
  </trkpt>
  <trkpt lat="34.24277" lon="-116.91638">
    <name>TP1352</name>
  </trkpt>
  <trkpt lat="34.24287" lon="-116.91623">
    <name>TP1353</name>
  </trkpt>
  <trkpt lat="34.24295" lon="-116.9161">
    <name>TP1354</name>
  </trkpt>
  <trkpt lat="34.24307" lon="-116.91591">
    <name>TP1355</name>
  </trkpt>
  <trkpt lat="34.24321" lon="-116.91569">
    <name>TP1356</name>
  </trkpt>
  <trkpt lat="34.24328" lon="-116.91558">
    <name>TP1357</name>
  </trkpt>
  <trkpt lat="34.24331" lon="-116.91553">
    <name>TP1358</name>
  </trkpt>
  <trkpt lat="34.24335" lon="-116.91546">
    <name>TP1359</name>
  </trkpt>
  <trkpt lat="34.24339" lon="-116.91537">
    <name>TP1360</name>
  </trkpt>
  <trkpt lat="34.24343" lon="-116.91528">
    <name>TP1361</name>
  </trkpt>
  <trkpt lat="34.24347" lon="-116.91518">
    <name>TP1362</name>
  </trkpt>
  <trkpt lat="34.24352" lon="-116.91506">
    <name>TP1363</name>
  </trkpt>
  <trkpt lat="34.24357" lon="-116.91493">
    <name>TP1364</name>
  </trkpt>
  <trkpt lat="34.24361" lon="-116.91479">
    <name>TP1365</name>
  </trkpt>
  <trkpt lat="34.24365" lon="-116.91469">
    <name>TP1366</name>
  </trkpt>
  <trkpt lat="34.24369" lon="-116.91457">
    <name>TP1367</name>
  </trkpt>
  <trkpt lat="34.24371" lon="-116.91443">
    <name>TP1368</name>
  </trkpt>
  <trkpt lat="34.24371" lon="-116.9143">
    <name>TP1369</name>
  </trkpt>
  <trkpt lat="34.24372" lon="-116.91415">
    <name>TP1370</name>
  </trkpt>
  <trkpt lat="34.24371" lon="-116.91393">
    <name>TP1371</name>
  </trkpt>
  <trkpt lat="34.24371" lon="-116.91391">
    <name>TP1372</name>
  </trkpt>
  <trkpt lat="34.24371" lon="-116.91337">
    <name>TP1373</name>
  </trkpt>
  <trkpt lat="34.24371" lon="-116.91293">
    <name>TP1374</name>
  </trkpt>
  <trkpt lat="34.2437" lon="-116.91228">
    <name>TP1375</name>
  </trkpt>
  <trkpt lat="34.2437" lon="-116.91221">
    <name>TP1376</name>
  </trkpt>
  <trkpt lat="34.2437" lon="-116.91214">
    <name>TP1377</name>
  </trkpt>
  <trkpt lat="34.2437" lon="-116.91201">
    <name>TP1378</name>
  </trkpt>
  <trkpt lat="34.2437" lon="-116.91193">
    <name>TP1379</name>
  </trkpt>
  <trkpt lat="34.24369" lon="-116.91188">
    <name>TP1380</name>
  </trkpt>
  <trkpt lat="34.24369" lon="-116.91146">
    <name>TP1381</name>
  </trkpt>
  <trkpt lat="34.24369" lon="-116.9114594">
    <name>TP1382</name>
  </trkpt>
  <trkpt lat="34.24351" lon="-116.91148">
    <name>TP1383</name>
  </trkpt>
  <trkpt lat="34.24326" lon="-116.91148">
    <name>TP1384</name>
  </trkpt>
  <trkpt lat="34.24288" lon="-116.91148">
    <name>TP1385</name>
  </trkpt>
  <trkpt lat="34.24271" lon="-116.91147">
    <name>TP1386</name>
  </trkpt>
  <trkpt lat="34.2423" lon="-116.91147">
    <name>TP1387</name>
  </trkpt>
  <trkpt lat="34.24214" lon="-116.91148">
    <name>TP1388</name>
  </trkpt>
  <trkpt lat="34.2421432" lon="-116.9114775">
    <name>TP1389</name>
  </trkpt>
  <trkpt lat="34.2421432" lon="-116.9114775">
    <name>TP1390</name>
  </trkpt>
  <trkpt lat="34.2423" lon="-116.91147">
    <name>TP1391</name>
  </trkpt>
  <trkpt lat="34.24271" lon="-116.91147">
    <name>TP1392</name>
  </trkpt>
  <trkpt lat="34.24288" lon="-116.91148">
    <name>TP1393</name>
  </trkpt>
  <trkpt lat="34.24326" lon="-116.91148">
    <name>TP1394</name>
  </trkpt>
  <trkpt lat="34.24351" lon="-116.91148">
    <name>TP1395</name>
  </trkpt>
  <trkpt lat="34.24369" lon="-116.91146">
    <name>TP1396</name>
  </trkpt>
  <trkpt lat="34.24369" lon="-116.9114594">
    <name>TP1397</name>
  </trkpt>
  <trkpt lat="34.24369" lon="-116.91188">
    <name>TP1398</name>
  </trkpt>
  <trkpt lat="34.2437" lon="-116.91193">
    <name>TP1399</name>
  </trkpt>
  <trkpt lat="34.2437" lon="-116.91201">
    <name>TP1400</name>
  </trkpt>
  <trkpt lat="34.2437" lon="-116.91214">
    <name>TP1401</name>
  </trkpt>
  <trkpt lat="34.2437" lon="-116.91221">
    <name>TP1402</name>
  </trkpt>
  <trkpt lat="34.2437" lon="-116.91228">
    <name>TP1403</name>
  </trkpt>
  <trkpt lat="34.24371" lon="-116.91293">
    <name>TP1404</name>
  </trkpt>
  <trkpt lat="34.24371" lon="-116.91337">
    <name>TP1405</name>
  </trkpt>
  <trkpt lat="34.24371" lon="-116.91391">
    <name>TP1406</name>
  </trkpt>
  <trkpt lat="34.24371" lon="-116.91393">
    <name>TP1407</name>
  </trkpt>
  <trkpt lat="34.24372" lon="-116.91415">
    <name>TP1408</name>
  </trkpt>
  <trkpt lat="34.24371" lon="-116.9143">
    <name>TP1409</name>
  </trkpt>
  <trkpt lat="34.24371" lon="-116.91443">
    <name>TP1410</name>
  </trkpt>
  <trkpt lat="34.24369" lon="-116.91457">
    <name>TP1411</name>
  </trkpt>
  <trkpt lat="34.24365" lon="-116.91469">
    <name>TP1412</name>
  </trkpt>
  <trkpt lat="34.24361" lon="-116.91479">
    <name>TP1413</name>
  </trkpt>
  <trkpt lat="34.24357" lon="-116.91493">
    <name>TP1414</name>
  </trkpt>
  <trkpt lat="34.24352" lon="-116.91506">
    <name>TP1415</name>
  </trkpt>
  <trkpt lat="34.24347" lon="-116.91518">
    <name>TP1416</name>
  </trkpt>
  <trkpt lat="34.24343" lon="-116.91528">
    <name>TP1417</name>
  </trkpt>
  <trkpt lat="34.24339" lon="-116.91537">
    <name>TP1418</name>
  </trkpt>
  <trkpt lat="34.24335" lon="-116.91546">
    <name>TP1419</name>
  </trkpt>
  <trkpt lat="34.24331" lon="-116.91553">
    <name>TP1420</name>
  </trkpt>
  <trkpt lat="34.24328" lon="-116.91558">
    <name>TP1421</name>
  </trkpt>
  <trkpt lat="34.24321" lon="-116.91569">
    <name>TP1422</name>
  </trkpt>
  <trkpt lat="34.24307" lon="-116.91591">
    <name>TP1423</name>
  </trkpt>
  <trkpt lat="34.24295" lon="-116.9161">
    <name>TP1424</name>
  </trkpt>
  <trkpt lat="34.24287" lon="-116.91623">
    <name>TP1425</name>
  </trkpt>
  <trkpt lat="34.24277" lon="-116.91638">
    <name>TP1426</name>
  </trkpt>
  <trkpt lat="34.24271" lon="-116.91648">
    <name>TP1427</name>
  </trkpt>
  <trkpt lat="34.24267" lon="-116.91653">
    <name>TP1428</name>
  </trkpt>
  <trkpt lat="34.24256" lon="-116.9167">
    <name>TP1429</name>
  </trkpt>
  <trkpt lat="34.24251" lon="-116.91679">
    <name>TP1430</name>
  </trkpt>
  <trkpt lat="34.24246" lon="-116.91687">
    <name>TP1431</name>
  </trkpt>
  <trkpt lat="34.24244" lon="-116.9169">
    <name>TP1432</name>
  </trkpt>
  <trkpt lat="34.24239" lon="-116.91698">
    <name>TP1433</name>
  </trkpt>
  <trkpt lat="34.24234" lon="-116.91704">
    <name>TP1434</name>
  </trkpt>
  <trkpt lat="34.24227" lon="-116.91707">
    <name>TP1435</name>
  </trkpt>
  <trkpt lat="34.24222" lon="-116.91709">
    <name>TP1436</name>
  </trkpt>
  <trkpt lat="34.24217" lon="-116.9171">
    <name>TP1437</name>
  </trkpt>
  <trkpt lat="34.24212" lon="-116.9171">
    <name>TP1438</name>
  </trkpt>
  <trkpt lat="34.24208" lon="-116.9171">
    <name>TP1439</name>
  </trkpt>
  <trkpt lat="34.24201" lon="-116.9171">
    <name>TP1440</name>
  </trkpt>
  <trkpt lat="34.24189" lon="-116.9171">
    <name>TP1441</name>
  </trkpt>
  <trkpt lat="34.24185" lon="-116.9171">
    <name>TP1442</name>
  </trkpt>
  <trkpt lat="34.24178" lon="-116.9171">
    <name>TP1443</name>
  </trkpt>
  <trkpt lat="34.24169" lon="-116.9171">
    <name>TP1444</name>
  </trkpt>
  <trkpt lat="34.24165" lon="-116.9171">
    <name>TP1445</name>
  </trkpt>
  <trkpt lat="34.24156" lon="-116.9171">
    <name>TP1446</name>
  </trkpt>
  <trkpt lat="34.24147" lon="-116.9171">
    <name>TP1447</name>
  </trkpt>
  <trkpt lat="34.24131" lon="-116.91709">
    <name>TP1448</name>
  </trkpt>
  <trkpt lat="34.241308" lon="-116.9170862">
    <name>TP1449</name>
  </trkpt>
  <trkpt lat="34.24136" lon="-116.91746">
    <name>TP1450</name>
  </trkpt>
  <trkpt lat="34.24136" lon="-116.91748">
    <name>TP1451</name>
  </trkpt>
  <trkpt lat="34.24138" lon="-116.91762">
    <name>TP1452</name>
  </trkpt>
  <trkpt lat="34.24143" lon="-116.91803">
    <name>TP1453</name>
  </trkpt>
  <trkpt lat="34.24144" lon="-116.91807">
    <name>TP1454</name>
  </trkpt>
  <trkpt lat="34.2415" lon="-116.9185">
    <name>TP1455</name>
  </trkpt>
  <trkpt lat="34.24154" lon="-116.91881">
    <name>TP1456</name>
  </trkpt>
  <trkpt lat="34.24156" lon="-116.91897">
    <name>TP1457</name>
  </trkpt>
  <trkpt lat="34.24158" lon="-116.91912">
    <name>TP1458</name>
  </trkpt>
  <trkpt lat="34.24159" lon="-116.91919">
    <name>TP1459</name>
  </trkpt>
  <trkpt lat="34.2416" lon="-116.9193">
    <name>TP1460</name>
  </trkpt>
  <trkpt lat="34.2416" lon="-116.91946">
    <name>TP1461</name>
  </trkpt>
  <trkpt lat="34.24159" lon="-116.91963">
    <name>TP1462</name>
  </trkpt>
  <trkpt lat="34.24155" lon="-116.91976">
    <name>TP1463</name>
  </trkpt>
  <trkpt lat="34.24151" lon="-116.91985">
    <name>TP1464</name>
  </trkpt>
  <trkpt lat="34.24147" lon="-116.91995">
    <name>TP1465</name>
  </trkpt>
  <trkpt lat="34.2414" lon="-116.92006">
    <name>TP1466</name>
  </trkpt>
  <trkpt lat="34.24132" lon="-116.92014">
    <name>TP1467</name>
  </trkpt>
  <trkpt lat="34.24127" lon="-116.92019">
    <name>TP1468</name>
  </trkpt>
  <trkpt lat="34.24122" lon="-116.92023">
    <name>TP1469</name>
  </trkpt>
  <trkpt lat="34.24113" lon="-116.92029">
    <name>TP1470</name>
  </trkpt>
  <trkpt lat="34.24105" lon="-116.92033">
    <name>TP1471</name>
  </trkpt>
  <trkpt lat="34.24103" lon="-116.92034">
    <name>TP1472</name>
  </trkpt>
  <trkpt lat="34.24086" lon="-116.92038">
    <name>TP1473</name>
  </trkpt>
  <trkpt lat="34.24056" lon="-116.92046">
    <name>TP1474</name>
  </trkpt>
  <trkpt lat="34.24042" lon="-116.92051">
    <name>TP1475</name>
  </trkpt>
  <trkpt lat="34.24033" lon="-116.92057">
    <name>TP1476</name>
  </trkpt>
  <trkpt lat="34.24024" lon="-116.92063">
    <name>TP1477</name>
  </trkpt>
  <trkpt lat="34.2401" lon="-116.92075">
    <name>TP1478</name>
  </trkpt>
  <trkpt lat="34.23993" lon="-116.92088">
    <name>TP1479</name>
  </trkpt>
  <trkpt lat="34.2398" lon="-116.92098">
    <name>TP1480</name>
  </trkpt>
  <trkpt lat="34.23968" lon="-116.92105">
    <name>TP1481</name>
  </trkpt>
  <trkpt lat="34.23933" lon="-116.92118">
    <name>TP1482</name>
  </trkpt>
  <trkpt lat="34.23923" lon="-116.92122">
    <name>TP1483</name>
  </trkpt>
  <trkpt lat="34.23895" lon="-116.92136">
    <name>TP1484</name>
  </trkpt>
  <trkpt lat="34.23888" lon="-116.92141">
    <name>TP1485</name>
  </trkpt>
  <trkpt lat="34.2388" lon="-116.92146">
    <name>TP1486</name>
  </trkpt>
  <trkpt lat="34.23875" lon="-116.9215">
    <name>TP1487</name>
  </trkpt>
  <trkpt lat="34.23867" lon="-116.9216">
    <name>TP1488</name>
  </trkpt>
  <trkpt lat="34.23861" lon="-116.92169">
    <name>TP1489</name>
  </trkpt>
  <trkpt lat="34.23853" lon="-116.92181">
    <name>TP1490</name>
  </trkpt>
  <trkpt lat="34.23846" lon="-116.92195">
    <name>TP1491</name>
  </trkpt>
  <trkpt lat="34.23843" lon="-116.9221">
    <name>TP1492</name>
  </trkpt>
  <trkpt lat="34.23843" lon="-116.92217">
    <name>TP1493</name>
  </trkpt>
  <trkpt lat="34.23843" lon="-116.92226">
    <name>TP1494</name>
  </trkpt>
  <trkpt lat="34.23845" lon="-116.92241">
    <name>TP1495</name>
  </trkpt>
  <trkpt lat="34.23848" lon="-116.92254">
    <name>TP1496</name>
  </trkpt>
  <trkpt lat="34.23851" lon="-116.92263">
    <name>TP1497</name>
  </trkpt>
  <trkpt lat="34.23857" lon="-116.92283">
    <name>TP1498</name>
  </trkpt>
  <trkpt lat="34.23863" lon="-116.92298">
    <name>TP1499</name>
  </trkpt>
  <trkpt lat="34.2386305" lon="-116.9229816">
    <name>TP1500</name>
  </trkpt>
  <trkpt lat="34.23856" lon="-116.92301">
    <name>TP1501</name>
  </trkpt>
  <trkpt lat="34.23853" lon="-116.92305">
    <name>TP1502</name>
  </trkpt>
  <trkpt lat="34.23852" lon="-116.92312">
    <name>TP1503</name>
  </trkpt>
  <trkpt lat="34.2385" lon="-116.92323">
    <name>TP1504</name>
  </trkpt>
  <trkpt lat="34.2385" lon="-116.92336">
    <name>TP1505</name>
  </trkpt>
  <trkpt lat="34.2385" lon="-116.92355">
    <name>TP1506</name>
  </trkpt>
  <trkpt lat="34.2385" lon="-116.92372">
    <name>TP1507</name>
  </trkpt>
  <trkpt lat="34.23851" lon="-116.92394">
    <name>TP1508</name>
  </trkpt>
  <trkpt lat="34.2385" lon="-116.92404">
    <name>TP1509</name>
  </trkpt>
  <trkpt lat="34.23848" lon="-116.92411">
    <name>TP1510</name>
  </trkpt>
  <trkpt lat="34.23845" lon="-116.92417">
    <name>TP1511</name>
  </trkpt>
  <trkpt lat="34.23838" lon="-116.92431">
    <name>TP1512</name>
  </trkpt>
  <trkpt lat="34.23815" lon="-116.92459">
    <name>TP1513</name>
  </trkpt>
  <trkpt lat="34.23795" lon="-116.92489">
    <name>TP1514</name>
  </trkpt>
  <trkpt lat="34.23793" lon="-116.92493">
    <name>TP1515</name>
  </trkpt>
  <trkpt lat="34.23785" lon="-116.92505">
    <name>TP1516</name>
  </trkpt>
  <trkpt lat="34.23765" lon="-116.92531">
    <name>TP1517</name>
  </trkpt>
  <trkpt lat="34.2374" lon="-116.92562">
    <name>TP1518</name>
  </trkpt>
  <trkpt lat="34.23727" lon="-116.92578">
    <name>TP1519</name>
  </trkpt>
  <trkpt lat="34.23718" lon="-116.9259">
    <name>TP1520</name>
  </trkpt>
  <trkpt lat="34.23716" lon="-116.92595">
    <name>TP1521</name>
  </trkpt>
  <trkpt lat="34.23675" lon="-116.92666">
    <name>TP1522</name>
  </trkpt>
  <trkpt lat="34.23672" lon="-116.92671">
    <name>TP1523</name>
  </trkpt>
  <trkpt lat="34.23662" lon="-116.92698">
    <name>TP1524</name>
  </trkpt>
  <trkpt lat="34.23646" lon="-116.92716">
    <name>TP1525</name>
  </trkpt>
  <trkpt lat="34.23619" lon="-116.92746">
    <name>TP1526</name>
  </trkpt>
  <trkpt lat="34.23614" lon="-116.92751">
    <name>TP1527</name>
  </trkpt>
  <trkpt lat="34.23605" lon="-116.92761">
    <name>TP1528</name>
  </trkpt>
  <trkpt lat="34.23583" lon="-116.92802">
    <name>TP1529</name>
  </trkpt>
  <trkpt lat="34.2357" lon="-116.92827">
    <name>TP1530</name>
  </trkpt>
  <trkpt lat="34.23569" lon="-116.9283">
    <name>TP1531</name>
  </trkpt>
  <trkpt lat="34.23556" lon="-116.92871">
    <name>TP1532</name>
  </trkpt>
  <trkpt lat="34.23549" lon="-116.92891">
    <name>TP1533</name>
  </trkpt>
  <trkpt lat="34.2354927" lon="-116.9289135">
    <name>TP1534</name>
  </trkpt>
  <trkpt lat="34.23505" lon="-116.92886">
    <name>TP1535</name>
  </trkpt>
  <trkpt lat="34.23494" lon="-116.92898">
    <name>TP1536</name>
  </trkpt>
  <trkpt lat="34.23484" lon="-116.92915">
    <name>TP1537</name>
  </trkpt>
  <trkpt lat="34.2348" lon="-116.9292">
    <name>TP1538</name>
  </trkpt>
  <trkpt lat="34.23474" lon="-116.92935">
    <name>TP1539</name>
  </trkpt>
  <trkpt lat="34.23469" lon="-116.92947">
    <name>TP1540</name>
  </trkpt>
  <trkpt lat="34.23467" lon="-116.9295">
    <name>TP1541</name>
  </trkpt>
  <trkpt lat="34.23465" lon="-116.92952">
    <name>TP1542</name>
  </trkpt>
  <trkpt lat="34.23461" lon="-116.92958">
    <name>TP1543</name>
  </trkpt>
  <trkpt lat="34.23448" lon="-116.92966">
    <name>TP1544</name>
  </trkpt>
  <trkpt lat="34.23434" lon="-116.92965">
    <name>TP1545</name>
  </trkpt>
  <trkpt lat="34.2343" lon="-116.92963">
    <name>TP1546</name>
  </trkpt>
  <trkpt lat="34.23424" lon="-116.9296">
    <name>TP1547</name>
  </trkpt>
  <trkpt lat="34.23419" lon="-116.92957">
    <name>TP1548</name>
  </trkpt>
  <trkpt lat="34.23412" lon="-116.92955">
    <name>TP1549</name>
  </trkpt>
  <trkpt lat="34.234" lon="-116.92948">
    <name>TP1550</name>
  </trkpt>
  <trkpt lat="34.23396" lon="-116.92946">
    <name>TP1551</name>
  </trkpt>
  <trkpt lat="34.23393" lon="-116.92944">
    <name>TP1552</name>
  </trkpt>
  <trkpt lat="34.23383" lon="-116.9294">
    <name>TP1553</name>
  </trkpt>
  <trkpt lat="34.23376" lon="-116.92936">
    <name>TP1554</name>
  </trkpt>
  <trkpt lat="34.23366" lon="-116.92933">
    <name>TP1555</name>
  </trkpt>
  <trkpt lat="34.23345" lon="-116.92926">
    <name>TP1556</name>
  </trkpt>
  <trkpt lat="34.23344" lon="-116.92926">
    <name>TP1557</name>
  </trkpt>
  <trkpt lat="34.23331" lon="-116.92925">
    <name>TP1558</name>
  </trkpt>
  <trkpt lat="34.23326" lon="-116.92927">
    <name>TP1559</name>
  </trkpt>
  <trkpt lat="34.23322" lon="-116.92929">
    <name>TP1560</name>
  </trkpt>
  <trkpt lat="34.23316" lon="-116.92937">
    <name>TP1561</name>
  </trkpt>
  <trkpt lat="34.23323" lon="-116.92964">
    <name>TP1562</name>
  </trkpt>
  <trkpt lat="34.23324" lon="-116.92967">
    <name>TP1563</name>
  </trkpt>
  <trkpt lat="34.23339" lon="-116.92995">
    <name>TP1564</name>
  </trkpt>
  <trkpt lat="34.23343" lon="-116.93">
    <name>TP1565</name>
  </trkpt>
  <trkpt lat="34.23352" lon="-116.93011">
    <name>TP1566</name>
  </trkpt>
  <trkpt lat="34.23356" lon="-116.93016">
    <name>TP1567</name>
  </trkpt>
  <trkpt lat="34.23358" lon="-116.93019">
    <name>TP1568</name>
  </trkpt>
  <trkpt lat="34.23366" lon="-116.93029">
    <name>TP1569</name>
  </trkpt>
  <trkpt lat="34.23368" lon="-116.93031">
    <name>TP1570</name>
  </trkpt>
  <trkpt lat="34.23372" lon="-116.93036">
    <name>TP1571</name>
  </trkpt>
  <trkpt lat="34.23372" lon="-116.93044">
    <name>TP1572</name>
  </trkpt>
  <trkpt lat="34.23371" lon="-116.93045">
    <name>TP1573</name>
  </trkpt>
  <trkpt lat="34.23371" lon="-116.9305">
    <name>TP1574</name>
  </trkpt>
  <trkpt lat="34.2337" lon="-116.93051">
    <name>TP1575</name>
  </trkpt>
  <trkpt lat="34.23367" lon="-116.93055">
    <name>TP1576</name>
  </trkpt>
  <trkpt lat="34.23363" lon="-116.93059">
    <name>TP1577</name>
  </trkpt>
  <trkpt lat="34.2336" lon="-116.9306">
    <name>TP1578</name>
  </trkpt>
  <trkpt lat="34.23354" lon="-116.93061">
    <name>TP1579</name>
  </trkpt>
  <trkpt lat="34.23343" lon="-116.93061">
    <name>TP1580</name>
  </trkpt>
  <trkpt lat="34.23332" lon="-116.9306">
    <name>TP1581</name>
  </trkpt>
  <trkpt lat="34.23313" lon="-116.93052">
    <name>TP1582</name>
  </trkpt>
  <trkpt lat="34.23286" lon="-116.9304">
    <name>TP1583</name>
  </trkpt>
  <trkpt lat="34.23269" lon="-116.93033">
    <name>TP1584</name>
  </trkpt>
  <trkpt lat="34.23257" lon="-116.93027">
    <name>TP1585</name>
  </trkpt>
  <trkpt lat="34.23252" lon="-116.93026">
    <name>TP1586</name>
  </trkpt>
  <trkpt lat="34.23252" lon="-116.93025">
    <name>TP1587</name>
  </trkpt>
  <trkpt lat="34.23239" lon="-116.9302">
    <name>TP1588</name>
  </trkpt>
  <trkpt lat="34.23217" lon="-116.93016">
    <name>TP1589</name>
  </trkpt>
  <trkpt lat="34.23204" lon="-116.93015">
    <name>TP1590</name>
  </trkpt>
  <trkpt lat="34.23203" lon="-116.93015">
    <name>TP1591</name>
  </trkpt>
  <trkpt lat="34.23199" lon="-116.93014">
    <name>TP1592</name>
  </trkpt>
  <trkpt lat="34.23181" lon="-116.93012">
    <name>TP1593</name>
  </trkpt>
  <trkpt lat="34.23171" lon="-116.93011">
    <name>TP1594</name>
  </trkpt>
  <trkpt lat="34.23168" lon="-116.93011">
    <name>TP1595</name>
  </trkpt>
  <trkpt lat="34.23163" lon="-116.93012">
    <name>TP1596</name>
  </trkpt>
  <trkpt lat="34.23151" lon="-116.93012">
    <name>TP1597</name>
  </trkpt>
  <trkpt lat="34.23133" lon="-116.93027">
    <name>TP1598</name>
  </trkpt>
  <trkpt lat="34.23119" lon="-116.93031">
    <name>TP1599</name>
  </trkpt>
  <trkpt lat="34.23118" lon="-116.93032">
    <name>TP1600</name>
  </trkpt>
  <trkpt lat="34.23114" lon="-116.93034">
    <name>TP1601</name>
  </trkpt>
  <trkpt lat="34.23101" lon="-116.9304">
    <name>TP1602</name>
  </trkpt>
  <trkpt lat="34.23097" lon="-116.93042">
    <name>TP1603</name>
  </trkpt>
  <trkpt lat="34.23092" lon="-116.93045">
    <name>TP1604</name>
  </trkpt>
  <trkpt lat="34.23086" lon="-116.9305">
    <name>TP1605</name>
  </trkpt>
  <trkpt lat="34.23083" lon="-116.93056">
    <name>TP1606</name>
  </trkpt>
  <trkpt lat="34.2308" lon="-116.93062">
    <name>TP1607</name>
  </trkpt>
  <trkpt lat="34.23079" lon="-116.93071">
    <name>TP1608</name>
  </trkpt>
  <trkpt lat="34.2308" lon="-116.93076">
    <name>TP1609</name>
  </trkpt>
  <trkpt lat="34.23081" lon="-116.93081">
    <name>TP1610</name>
  </trkpt>
  <trkpt lat="34.23083" lon="-116.93091">
    <name>TP1611</name>
  </trkpt>
  <trkpt lat="34.23084" lon="-116.93097">
    <name>TP1612</name>
  </trkpt>
  <trkpt lat="34.23085" lon="-116.931">
    <name>TP1613</name>
  </trkpt>
  <trkpt lat="34.23086" lon="-116.93111">
    <name>TP1614</name>
  </trkpt>
  <trkpt lat="34.23086" lon="-116.93112">
    <name>TP1615</name>
  </trkpt>
  <trkpt lat="34.23085" lon="-116.93119">
    <name>TP1616</name>
  </trkpt>
  <trkpt lat="34.23085" lon="-116.93126">
    <name>TP1617</name>
  </trkpt>
  <trkpt lat="34.23083" lon="-116.93136">
    <name>TP1618</name>
  </trkpt>
  <trkpt lat="34.23074" lon="-116.93151">
    <name>TP1619</name>
  </trkpt>
  <trkpt lat="34.23067" lon="-116.93161">
    <name>TP1620</name>
  </trkpt>
  <trkpt lat="34.23058" lon="-116.93172">
    <name>TP1621</name>
  </trkpt>
  <trkpt lat="34.23056" lon="-116.93185">
    <name>TP1622</name>
  </trkpt>
  <trkpt lat="34.23056" lon="-116.93192">
    <name>TP1623</name>
  </trkpt>
  <trkpt lat="34.23056" lon="-116.93194">
    <name>TP1624</name>
  </trkpt>
  <trkpt lat="34.23056" lon="-116.93202">
    <name>TP1625</name>
  </trkpt>
  <trkpt lat="34.23055" lon="-116.93214">
    <name>TP1626</name>
  </trkpt>
  <trkpt lat="34.23054" lon="-116.93215">
    <name>TP1627</name>
  </trkpt>
  <trkpt lat="34.23052" lon="-116.9322">
    <name>TP1628</name>
  </trkpt>
  <trkpt lat="34.23049" lon="-116.93225">
    <name>TP1629</name>
  </trkpt>
  <trkpt lat="34.23038" lon="-116.93229">
    <name>TP1630</name>
  </trkpt>
  <trkpt lat="34.23025" lon="-116.93227">
    <name>TP1631</name>
  </trkpt>
  <trkpt lat="34.2302" lon="-116.93226">
    <name>TP1632</name>
  </trkpt>
  <trkpt lat="34.23014" lon="-116.93226">
    <name>TP1633</name>
  </trkpt>
  <trkpt lat="34.23008" lon="-116.93228">
    <name>TP1634</name>
  </trkpt>
  <trkpt lat="34.23003" lon="-116.93229">
    <name>TP1635</name>
  </trkpt>
  <trkpt lat="34.22999" lon="-116.9323">
    <name>TP1636</name>
  </trkpt>
  <trkpt lat="34.2299" lon="-116.93234">
    <name>TP1637</name>
  </trkpt>
  <trkpt lat="34.22987" lon="-116.93238">
    <name>TP1638</name>
  </trkpt>
  <trkpt lat="34.22986" lon="-116.93238">
    <name>TP1639</name>
  </trkpt>
  <trkpt lat="34.22985" lon="-116.93239">
    <name>TP1640</name>
  </trkpt>
  <trkpt lat="34.22981" lon="-116.93258">
    <name>TP1641</name>
  </trkpt>
  <trkpt lat="34.2298" lon="-116.93263">
    <name>TP1642</name>
  </trkpt>
  <trkpt lat="34.22983" lon="-116.93276">
    <name>TP1643</name>
  </trkpt>
  <trkpt lat="34.22981" lon="-116.93283">
    <name>TP1644</name>
  </trkpt>
  <trkpt lat="34.22968" lon="-116.9329">
    <name>TP1645</name>
  </trkpt>
  <trkpt lat="34.22959" lon="-116.93293">
    <name>TP1646</name>
  </trkpt>
  <trkpt lat="34.22953" lon="-116.93298">
    <name>TP1647</name>
  </trkpt>
  <trkpt lat="34.2295" lon="-116.93303">
    <name>TP1648</name>
  </trkpt>
  <trkpt lat="34.22949" lon="-116.93305">
    <name>TP1649</name>
  </trkpt>
  <trkpt lat="34.22946" lon="-116.93316">
    <name>TP1650</name>
  </trkpt>
  <trkpt lat="34.22945" lon="-116.9333">
    <name>TP1651</name>
  </trkpt>
  <trkpt lat="34.22944" lon="-116.93339">
    <name>TP1652</name>
  </trkpt>
  <trkpt lat="34.22944" lon="-116.93349">
    <name>TP1653</name>
  </trkpt>
  <trkpt lat="34.22944" lon="-116.93358">
    <name>TP1654</name>
  </trkpt>
  <trkpt lat="34.22942" lon="-116.93369">
    <name>TP1655</name>
  </trkpt>
  <trkpt lat="34.22939" lon="-116.93381">
    <name>TP1656</name>
  </trkpt>
  <trkpt lat="34.22929" lon="-116.93385">
    <name>TP1657</name>
  </trkpt>
  <trkpt lat="34.22923" lon="-116.93389">
    <name>TP1658</name>
  </trkpt>
  <trkpt lat="34.22919" lon="-116.93391">
    <name>TP1659</name>
  </trkpt>
  <trkpt lat="34.2291" lon="-116.93393">
    <name>TP1660</name>
  </trkpt>
  <trkpt lat="34.22905" lon="-116.93393">
    <name>TP1661</name>
  </trkpt>
  <trkpt lat="34.22896" lon="-116.93394">
    <name>TP1662</name>
  </trkpt>
  <trkpt lat="34.22886" lon="-116.93391">
    <name>TP1663</name>
  </trkpt>
  <trkpt lat="34.22878" lon="-116.93389">
    <name>TP1664</name>
  </trkpt>
  <trkpt lat="34.2287" lon="-116.93391">
    <name>TP1665</name>
  </trkpt>
  <trkpt lat="34.22867" lon="-116.93391">
    <name>TP1666</name>
  </trkpt>
  <trkpt lat="34.22862" lon="-116.93392">
    <name>TP1667</name>
  </trkpt>
  <trkpt lat="34.22856" lon="-116.93397">
    <name>TP1668</name>
  </trkpt>
  <trkpt lat="34.22835" lon="-116.93402">
    <name>TP1669</name>
  </trkpt>
  <trkpt lat="34.22823" lon="-116.93405">
    <name>TP1670</name>
  </trkpt>
  <trkpt lat="34.2282" lon="-116.93404">
    <name>TP1671</name>
  </trkpt>
  <trkpt lat="34.22814" lon="-116.93404">
    <name>TP1672</name>
  </trkpt>
  <trkpt lat="34.22805" lon="-116.93403">
    <name>TP1673</name>
  </trkpt>
  <trkpt lat="34.22802" lon="-116.93404">
    <name>TP1674</name>
  </trkpt>
  <trkpt lat="34.22792" lon="-116.93406">
    <name>TP1675</name>
  </trkpt>
  <trkpt lat="34.22784" lon="-116.93407">
    <name>TP1676</name>
  </trkpt>
  <trkpt lat="34.22768" lon="-116.93408">
    <name>TP1677</name>
  </trkpt>
  <trkpt lat="34.22757" lon="-116.93405">
    <name>TP1678</name>
  </trkpt>
  <trkpt lat="34.2275" lon="-116.93399">
    <name>TP1679</name>
  </trkpt>
  <trkpt lat="34.22742" lon="-116.93389">
    <name>TP1680</name>
  </trkpt>
  <trkpt lat="34.22738" lon="-116.93383">
    <name>TP1681</name>
  </trkpt>
  <trkpt lat="34.22736" lon="-116.93379">
    <name>TP1682</name>
  </trkpt>
  <trkpt lat="34.22729" lon="-116.93364">
    <name>TP1683</name>
  </trkpt>
  <trkpt lat="34.22723" lon="-116.93356">
    <name>TP1684</name>
  </trkpt>
  <trkpt lat="34.22716" lon="-116.93349">
    <name>TP1685</name>
  </trkpt>
  <trkpt lat="34.22704" lon="-116.93339">
    <name>TP1686</name>
  </trkpt>
  <trkpt lat="34.22699" lon="-116.93335">
    <name>TP1687</name>
  </trkpt>
  <trkpt lat="34.22693" lon="-116.93332">
    <name>TP1688</name>
  </trkpt>
  <trkpt lat="34.22684" lon="-116.93329">
    <name>TP1689</name>
  </trkpt>
  <trkpt lat="34.22679" lon="-116.93328">
    <name>TP1690</name>
  </trkpt>
  <trkpt lat="34.22675" lon="-116.93326">
    <name>TP1691</name>
  </trkpt>
  <trkpt lat="34.22668" lon="-116.93317">
    <name>TP1692</name>
  </trkpt>
  <trkpt lat="34.22657" lon="-116.93302">
    <name>TP1693</name>
  </trkpt>
  <trkpt lat="34.22653" lon="-116.93288">
    <name>TP1694</name>
  </trkpt>
  <trkpt lat="34.2265" lon="-116.93272">
    <name>TP1695</name>
  </trkpt>
  <trkpt lat="34.22648" lon="-116.93262">
    <name>TP1696</name>
  </trkpt>
  <trkpt lat="34.22644" lon="-116.93255">
    <name>TP1697</name>
  </trkpt>
  <trkpt lat="34.22639" lon="-116.93249">
    <name>TP1698</name>
  </trkpt>
  <trkpt lat="34.22633" lon="-116.93246">
    <name>TP1699</name>
  </trkpt>
  <trkpt lat="34.22629" lon="-116.93246">
    <name>TP1700</name>
  </trkpt>
  <trkpt lat="34.22625" lon="-116.93246">
    <name>TP1701</name>
  </trkpt>
  <trkpt lat="34.22621" lon="-116.93247">
    <name>TP1702</name>
  </trkpt>
  <trkpt lat="34.2261" lon="-116.93257">
    <name>TP1703</name>
  </trkpt>
  <trkpt lat="34.22605" lon="-116.93266">
    <name>TP1704</name>
  </trkpt>
  <trkpt lat="34.226" lon="-116.93276">
    <name>TP1705</name>
  </trkpt>
  <trkpt lat="34.22587" lon="-116.933">
    <name>TP1706</name>
  </trkpt>
  <trkpt lat="34.22577" lon="-116.93322">
    <name>TP1707</name>
  </trkpt>
  <trkpt lat="34.22571" lon="-116.93343">
    <name>TP1708</name>
  </trkpt>
  <trkpt lat="34.22568" lon="-116.93364">
    <name>TP1709</name>
  </trkpt>
  <trkpt lat="34.2257" lon="-116.93375">
    <name>TP1710</name>
  </trkpt>
  <trkpt lat="34.22575" lon="-116.93391">
    <name>TP1711</name>
  </trkpt>
  <trkpt lat="34.22579" lon="-116.93403">
    <name>TP1712</name>
  </trkpt>
  <trkpt lat="34.22588" lon="-116.9342">
    <name>TP1713</name>
  </trkpt>
  <trkpt lat="34.2259" lon="-116.9343">
    <name>TP1714</name>
  </trkpt>
  <trkpt lat="34.22592" lon="-116.93436">
    <name>TP1715</name>
  </trkpt>
  <trkpt lat="34.22591" lon="-116.93443">
    <name>TP1716</name>
  </trkpt>
  <trkpt lat="34.2259" lon="-116.9345">
    <name>TP1717</name>
  </trkpt>
  <trkpt lat="34.22572" lon="-116.93472">
    <name>TP1718</name>
  </trkpt>
  <trkpt lat="34.22569" lon="-116.93481">
    <name>TP1719</name>
  </trkpt>
  <trkpt lat="34.22566" lon="-116.93496">
    <name>TP1720</name>
  </trkpt>
  <trkpt lat="34.22564" lon="-116.93506">
    <name>TP1721</name>
  </trkpt>
  <trkpt lat="34.22561" lon="-116.93525">
    <name>TP1722</name>
  </trkpt>
  <trkpt lat="34.22561" lon="-116.93527">
    <name>TP1723</name>
  </trkpt>
  <trkpt lat="34.22563" lon="-116.93534">
    <name>TP1724</name>
  </trkpt>
  <trkpt lat="34.22566" lon="-116.93538">
    <name>TP1725</name>
  </trkpt>
  <trkpt lat="34.22576" lon="-116.93541">
    <name>TP1726</name>
  </trkpt>
  <trkpt lat="34.22592" lon="-116.93542">
    <name>TP1727</name>
  </trkpt>
  <trkpt lat="34.22606" lon="-116.93537">
    <name>TP1728</name>
  </trkpt>
  <trkpt lat="34.22609" lon="-116.93538">
    <name>TP1729</name>
  </trkpt>
  <trkpt lat="34.22615" lon="-116.9354">
    <name>TP1730</name>
  </trkpt>
  <trkpt lat="34.22623" lon="-116.93548">
    <name>TP1731</name>
  </trkpt>
  <trkpt lat="34.22623" lon="-116.9355">
    <name>TP1732</name>
  </trkpt>
  <trkpt lat="34.22628" lon="-116.93561">
    <name>TP1733</name>
  </trkpt>
  <trkpt lat="34.22629" lon="-116.93577">
    <name>TP1734</name>
  </trkpt>
  <trkpt lat="34.22626" lon="-116.93595">
    <name>TP1735</name>
  </trkpt>
  <trkpt lat="34.22621" lon="-116.93607">
    <name>TP1736</name>
  </trkpt>
  <trkpt lat="34.2262" lon="-116.93612">
    <name>TP1737</name>
  </trkpt>
  <trkpt lat="34.2262" lon="-116.93615">
    <name>TP1738</name>
  </trkpt>
  <trkpt lat="34.22621" lon="-116.93624">
    <name>TP1739</name>
  </trkpt>
  <trkpt lat="34.22629" lon="-116.93646">
    <name>TP1740</name>
  </trkpt>
  <trkpt lat="34.22631" lon="-116.93655">
    <name>TP1741</name>
  </trkpt>
  <trkpt lat="34.2263" lon="-116.93664">
    <name>TP1742</name>
  </trkpt>
  <trkpt lat="34.22628" lon="-116.93671">
    <name>TP1743</name>
  </trkpt>
  <trkpt lat="34.2262804" lon="-116.9367072">
    <name>TP1744</name>
  </trkpt>
  <trkpt lat="34.2262804" lon="-116.9367072">
    <name>TP1745</name>
  </trkpt>
  <trkpt lat="34.2262804" lon="-116.9367072">
    <name>TP1746</name>
  </trkpt>
  </trkseg>
</trk>
</gpx>