<?xml version="1.0" encoding="UTF-8" standalone="no" ?>
<gpx xmlns="http://www.topografix.com/GPX/1/1" xmlns:gpxx="http://www.garmin.com/xmlschemas/GpxExtensions/v3" xmlns:gpxtpx="http://www.garmin.com/xmlschemas/TrackPointExtension/v1" creator="mapstogpx.com" version="1.1" xmlns:xsi="http://www.w3.org/2001/XMLSchema-instance" xsi:schemaLocation="http://www.topografix.com/GPX/1/1 http://www.topografix.com/GPX/1/1/gpx.xsd http://www.garmin.com/xmlschemas/GpxExtensions/v3 http://www.garmin.com/xmlschemas/GpxExtensionsv3.xsd http://www.garmin.com/xmlschemas/TrackPointExtension/v1 http://www.garmin.com/xmlschemas/TrackPointExtensionv1.xsd">
  <metadata>
    <link href="http://www.mapstogpx.com">
      <text>Sverrir Sigmundarson</text>
    </link>
    <!--desc>Powered by Google, ©2025 Google</desc-->
    <!--copyright author="Google Inc">
    	<year>2025</year>
    	<license>https://developers.google.com/maps/terms</license>
    </copyright-->
    <!--url>https://www.google.com/maps/dir/68.2556531,13.6105057/Kvalhausen+Kafe/68.1984775,13.9648212/KIWI+Leknes,+Storvollveien,+Leknes,+Norway/'68.065845,13.541645'/68.14934,+13.50697/@68.1866405,13.5049439,10z/data=!3m1!4b1!4m24!4m23!1m0!1m5!1m1!1s0x45de0b001eabbc21:0x8c33d51d9f47a613!2m2!1d13.6531223!2d68.3079244!1m0!1m5!1m1!1s0x45de6d84aea235df:0x34e4ad09607f574b!2m2!1d13.6175322!2d68.1431312!1m3!2m2!1d13.541645!2d68.065845!1m3!2m2!1d13.50697!2d68.14934!3e0?entry=tts&g_ep=EgoyMDI1MDYzMC4wKgBIAVAD&skid=3d81141c-d8dd-4f79-b6ee-14eecb33a3f2&hl=en</url-->
    <time>2025-07-04T10:34:47Z</time>
  </metadata>
  <wpt lat="68.2556531" lon="13.6105057">
    <name>7J46+64</name>
    <desc>Näköala paikka, 7J46+64, 8360 Unstad, Norway</desc>
  </wpt>
  <wpt lat="68.3079244" lon="13.6531223">
    <name>Kvalhausen Kafe</name>
    <desc>Kvalhausen Kafe, Eggumsveien 850, 8360 Bøstad, Norway</desc>
  </wpt>
  <wpt lat="68.1984775" lon="13.9648212">
    <name>8357 Leknes</name>
    <desc>Valbergsveien, 8357 Leknes, Norway</desc>
  </wpt>
  <wpt lat="68.1431312" lon="13.6175322">
    <name>KIWI Leknes</name>
    <desc>KIWI Leknes, Storvollveien 49, 8370 Leknes, Norway</desc>
  </wpt>
  <wpt lat="68.0755764" lon="13.548148">
    <name>Ballstad</name>
    <desc>Ballstad, 8373, Norway</desc>
  </wpt>
  <wpt lat="68.1492198" lon="13.5063753">
    <name>Leknes</name>
    <desc>Leknes, 8370, Norway</desc>
  </wpt>
<trk>
  <name>7J46+64 to Leknes</name>
  <number>1</number>
  <trkseg>
  <trkpt lat="68.2556328" lon="13.6106086">
    <name>TP001</name>
  </trkpt>
  <trkpt lat="68.25561" lon="13.61057">
    <name>TP002</name>
  </trkpt>
  <trkpt lat="68.25552" lon="13.61051">
    <name>TP003</name>
  </trkpt>
  <trkpt lat="68.25547" lon="13.61051">
    <name>TP004</name>
  </trkpt>
  <trkpt lat="68.25543" lon="13.61051">
    <name>TP005</name>
  </trkpt>
  <trkpt lat="68.25533" lon="13.61056">
    <name>TP006</name>
  </trkpt>
  <trkpt lat="68.2553" lon="13.61059">
    <name>TP007</name>
  </trkpt>
  <trkpt lat="68.25522" lon="13.61068">
    <name>TP008</name>
  </trkpt>
  <trkpt lat="68.25515" lon="13.61085">
    <name>TP009</name>
  </trkpt>
  <trkpt lat="68.25508" lon="13.61106">
    <name>TP010</name>
  </trkpt>
  <trkpt lat="68.25504" lon="13.61124">
    <name>TP011</name>
  </trkpt>
  <trkpt lat="68.25502" lon="13.61134">
    <name>TP012</name>
  </trkpt>
  <trkpt lat="68.25496" lon="13.61167">
    <name>TP013</name>
  </trkpt>
  <trkpt lat="68.25493" lon="13.61184">
    <name>TP014</name>
  </trkpt>
  <trkpt lat="68.25488" lon="13.61211">
    <name>TP015</name>
  </trkpt>
  <trkpt lat="68.25486" lon="13.61225">
    <name>TP016</name>
  </trkpt>
  <trkpt lat="68.25481" lon="13.61255">
    <name>TP017</name>
  </trkpt>
  <trkpt lat="68.25469" lon="13.61321">
    <name>TP018</name>
  </trkpt>
  <trkpt lat="68.25465" lon="13.61342">
    <name>TP019</name>
  </trkpt>
  <trkpt lat="68.25446" lon="13.61425">
    <name>TP020</name>
  </trkpt>
  <trkpt lat="68.25446" lon="13.61427">
    <name>TP021</name>
  </trkpt>
  <trkpt lat="68.25445" lon="13.61428">
    <name>TP022</name>
  </trkpt>
  <trkpt lat="68.25444" lon="13.61432">
    <name>TP023</name>
  </trkpt>
  <trkpt lat="68.25443" lon="13.61438">
    <name>TP024</name>
  </trkpt>
  <trkpt lat="68.25438" lon="13.61453">
    <name>TP025</name>
  </trkpt>
  <trkpt lat="68.25436" lon="13.61462">
    <name>TP026</name>
  </trkpt>
  <trkpt lat="68.25436" lon="13.61464">
    <name>TP027</name>
  </trkpt>
  <trkpt lat="68.25434" lon="13.61472">
    <name>TP028</name>
  </trkpt>
  <trkpt lat="68.25431" lon="13.61477">
    <name>TP029</name>
  </trkpt>
  <trkpt lat="68.25429" lon="13.61488">
    <name>TP030</name>
  </trkpt>
  <trkpt lat="68.25427" lon="13.61495">
    <name>TP031</name>
  </trkpt>
  <trkpt lat="68.25424" lon="13.61502">
    <name>TP032</name>
  </trkpt>
  <trkpt lat="68.25424" lon="13.61503">
    <name>TP033</name>
  </trkpt>
  <trkpt lat="68.25421" lon="13.61511">
    <name>TP034</name>
  </trkpt>
  <trkpt lat="68.25418" lon="13.61519">
    <name>TP035</name>
  </trkpt>
  <trkpt lat="68.25417" lon="13.61524">
    <name>TP036</name>
  </trkpt>
  <trkpt lat="68.25416" lon="13.61525">
    <name>TP037</name>
  </trkpt>
  <trkpt lat="68.25414" lon="13.61535">
    <name>TP038</name>
  </trkpt>
  <trkpt lat="68.25411" lon="13.61541">
    <name>TP039</name>
  </trkpt>
  <trkpt lat="68.25409" lon="13.6155">
    <name>TP040</name>
  </trkpt>
  <trkpt lat="68.25408" lon="13.61556">
    <name>TP041</name>
  </trkpt>
  <trkpt lat="68.25405" lon="13.61568">
    <name>TP042</name>
  </trkpt>
  <trkpt lat="68.25403" lon="13.61579">
    <name>TP043</name>
  </trkpt>
  <trkpt lat="68.25399" lon="13.61595">
    <name>TP044</name>
  </trkpt>
  <trkpt lat="68.25398" lon="13.61599">
    <name>TP045</name>
  </trkpt>
  <trkpt lat="68.25397" lon="13.61608">
    <name>TP046</name>
  </trkpt>
  <trkpt lat="68.25396" lon="13.61609">
    <name>TP047</name>
  </trkpt>
  <trkpt lat="68.25396" lon="13.61615">
    <name>TP048</name>
  </trkpt>
  <trkpt lat="68.25396" lon="13.61616">
    <name>TP049</name>
  </trkpt>
  <trkpt lat="68.25395" lon="13.61617">
    <name>TP050</name>
  </trkpt>
  <trkpt lat="68.25395" lon="13.61618">
    <name>TP051</name>
  </trkpt>
  <trkpt lat="68.25394" lon="13.61621">
    <name>TP052</name>
  </trkpt>
  <trkpt lat="68.25394" lon="13.61623">
    <name>TP053</name>
  </trkpt>
  <trkpt lat="68.25393" lon="13.61628">
    <name>TP054</name>
  </trkpt>
  <trkpt lat="68.25392" lon="13.61634">
    <name>TP055</name>
  </trkpt>
  <trkpt lat="68.25391" lon="13.61643">
    <name>TP056</name>
  </trkpt>
  <trkpt lat="68.25389" lon="13.61657">
    <name>TP057</name>
  </trkpt>
  <trkpt lat="68.25389" lon="13.61667">
    <name>TP058</name>
  </trkpt>
  <trkpt lat="68.25388" lon="13.6167">
    <name>TP059</name>
  </trkpt>
  <trkpt lat="68.25388" lon="13.61681">
    <name>TP060</name>
  </trkpt>
  <trkpt lat="68.25387" lon="13.61687">
    <name>TP061</name>
  </trkpt>
  <trkpt lat="68.25386" lon="13.61697">
    <name>TP062</name>
  </trkpt>
  <trkpt lat="68.25386" lon="13.61699">
    <name>TP063</name>
  </trkpt>
  <trkpt lat="68.25385" lon="13.61714">
    <name>TP064</name>
  </trkpt>
  <trkpt lat="68.25385" lon="13.61715">
    <name>TP065</name>
  </trkpt>
  <trkpt lat="68.25384" lon="13.61728">
    <name>TP066</name>
  </trkpt>
  <trkpt lat="68.25384" lon="13.61737">
    <name>TP067</name>
  </trkpt>
  <trkpt lat="68.25383" lon="13.61741">
    <name>TP068</name>
  </trkpt>
  <trkpt lat="68.25383" lon="13.61744">
    <name>TP069</name>
  </trkpt>
  <trkpt lat="68.25383" lon="13.61748">
    <name>TP070</name>
  </trkpt>
  <trkpt lat="68.25382" lon="13.61751">
    <name>TP071</name>
  </trkpt>
  <trkpt lat="68.25382" lon="13.6176">
    <name>TP072</name>
  </trkpt>
  <trkpt lat="68.25382" lon="13.61762">
    <name>TP073</name>
  </trkpt>
  <trkpt lat="68.25382" lon="13.61769">
    <name>TP074</name>
  </trkpt>
  <trkpt lat="68.25381" lon="13.61778">
    <name>TP075</name>
  </trkpt>
  <trkpt lat="68.2538" lon="13.61793">
    <name>TP076</name>
  </trkpt>
  <trkpt lat="68.2538" lon="13.61801">
    <name>TP077</name>
  </trkpt>
  <trkpt lat="68.2538" lon="13.61804">
    <name>TP078</name>
  </trkpt>
  <trkpt lat="68.25379" lon="13.61812">
    <name>TP079</name>
  </trkpt>
  <trkpt lat="68.25378" lon="13.61818">
    <name>TP080</name>
  </trkpt>
  <trkpt lat="68.25377" lon="13.61836">
    <name>TP081</name>
  </trkpt>
  <trkpt lat="68.25376" lon="13.6185">
    <name>TP082</name>
  </trkpt>
  <trkpt lat="68.25375" lon="13.61857">
    <name>TP083</name>
  </trkpt>
  <trkpt lat="68.25375" lon="13.61859">
    <name>TP084</name>
  </trkpt>
  <trkpt lat="68.25373" lon="13.61871">
    <name>TP085</name>
  </trkpt>
  <trkpt lat="68.25373" lon="13.61878">
    <name>TP086</name>
  </trkpt>
  <trkpt lat="68.25372" lon="13.61888">
    <name>TP087</name>
  </trkpt>
  <trkpt lat="68.25371" lon="13.61895">
    <name>TP088</name>
  </trkpt>
  <trkpt lat="68.25368" lon="13.61921">
    <name>TP089</name>
  </trkpt>
  <trkpt lat="68.25365" lon="13.61935">
    <name>TP090</name>
  </trkpt>
  <trkpt lat="68.25365" lon="13.6194">
    <name>TP091</name>
  </trkpt>
  <trkpt lat="68.25364" lon="13.61949">
    <name>TP092</name>
  </trkpt>
  <trkpt lat="68.25361" lon="13.61967">
    <name>TP093</name>
  </trkpt>
  <trkpt lat="68.2536" lon="13.61974">
    <name>TP094</name>
  </trkpt>
  <trkpt lat="68.25358" lon="13.61992">
    <name>TP095</name>
  </trkpt>
  <trkpt lat="68.25357" lon="13.61995">
    <name>TP096</name>
  </trkpt>
  <trkpt lat="68.25355" lon="13.62011">
    <name>TP097</name>
  </trkpt>
  <trkpt lat="68.25353" lon="13.6203">
    <name>TP098</name>
  </trkpt>
  <trkpt lat="68.25352" lon="13.62048">
    <name>TP099</name>
  </trkpt>
  <trkpt lat="68.25349" lon="13.62071">
    <name>TP100</name>
  </trkpt>
  <trkpt lat="68.25349" lon="13.62078">
    <name>TP101</name>
  </trkpt>
  <trkpt lat="68.25347" lon="13.621">
    <name>TP102</name>
  </trkpt>
  <trkpt lat="68.25345" lon="13.62131">
    <name>TP103</name>
  </trkpt>
  <trkpt lat="68.25344" lon="13.62154">
    <name>TP104</name>
  </trkpt>
  <trkpt lat="68.25343" lon="13.62169">
    <name>TP105</name>
  </trkpt>
  <trkpt lat="68.25343" lon="13.62184">
    <name>TP106</name>
  </trkpt>
  <trkpt lat="68.25342" lon="13.62195">
    <name>TP107</name>
  </trkpt>
  <trkpt lat="68.25341" lon="13.62214">
    <name>TP108</name>
  </trkpt>
  <trkpt lat="68.25341" lon="13.62224">
    <name>TP109</name>
  </trkpt>
  <trkpt lat="68.2534" lon="13.62232">
    <name>TP110</name>
  </trkpt>
  <trkpt lat="68.25338" lon="13.62256">
    <name>TP111</name>
  </trkpt>
  <trkpt lat="68.25337" lon="13.62275">
    <name>TP112</name>
  </trkpt>
  <trkpt lat="68.25336" lon="13.62279">
    <name>TP113</name>
  </trkpt>
  <trkpt lat="68.25334" lon="13.62301">
    <name>TP114</name>
  </trkpt>
  <trkpt lat="68.25332" lon="13.62326">
    <name>TP115</name>
  </trkpt>
  <trkpt lat="68.25332" lon="13.62327">
    <name>TP116</name>
  </trkpt>
  <trkpt lat="68.25329" lon="13.62347">
    <name>TP117</name>
  </trkpt>
  <trkpt lat="68.25326" lon="13.62367">
    <name>TP118</name>
  </trkpt>
  <trkpt lat="68.25325" lon="13.62372">
    <name>TP119</name>
  </trkpt>
  <trkpt lat="68.25324" lon="13.62384">
    <name>TP120</name>
  </trkpt>
  <trkpt lat="68.25322" lon="13.62393">
    <name>TP121</name>
  </trkpt>
  <trkpt lat="68.25321" lon="13.62399">
    <name>TP122</name>
  </trkpt>
  <trkpt lat="68.25319" lon="13.62414">
    <name>TP123</name>
  </trkpt>
  <trkpt lat="68.25318" lon="13.62416">
    <name>TP124</name>
  </trkpt>
  <trkpt lat="68.25316" lon="13.62431">
    <name>TP125</name>
  </trkpt>
  <trkpt lat="68.25313" lon="13.62454">
    <name>TP126</name>
  </trkpt>
  <trkpt lat="68.25312" lon="13.62461">
    <name>TP127</name>
  </trkpt>
  <trkpt lat="68.25308" lon="13.6248">
    <name>TP128</name>
  </trkpt>
  <trkpt lat="68.25305" lon="13.62501">
    <name>TP129</name>
  </trkpt>
  <trkpt lat="68.25304" lon="13.62505">
    <name>TP130</name>
  </trkpt>
  <trkpt lat="68.25301" lon="13.62518">
    <name>TP131</name>
  </trkpt>
  <trkpt lat="68.25297" lon="13.62544">
    <name>TP132</name>
  </trkpt>
  <trkpt lat="68.25296" lon="13.62548">
    <name>TP133</name>
  </trkpt>
  <trkpt lat="68.25292" lon="13.6257">
    <name>TP134</name>
  </trkpt>
  <trkpt lat="68.25287" lon="13.62591">
    <name>TP135</name>
  </trkpt>
  <trkpt lat="68.25286" lon="13.62597">
    <name>TP136</name>
  </trkpt>
  <trkpt lat="68.25283" lon="13.6261">
    <name>TP137</name>
  </trkpt>
  <trkpt lat="68.25278" lon="13.6263">
    <name>TP138</name>
  </trkpt>
  <trkpt lat="68.25278" lon="13.62632">
    <name>TP139</name>
  </trkpt>
  <trkpt lat="68.25271" lon="13.6266">
    <name>TP140</name>
  </trkpt>
  <trkpt lat="68.25269" lon="13.6267">
    <name>TP141</name>
  </trkpt>
  <trkpt lat="68.25262" lon="13.62691">
    <name>TP142</name>
  </trkpt>
  <trkpt lat="68.25259" lon="13.62704">
    <name>TP143</name>
  </trkpt>
  <trkpt lat="68.25257" lon="13.62711">
    <name>TP144</name>
  </trkpt>
  <trkpt lat="68.25252" lon="13.62726">
    <name>TP145</name>
  </trkpt>
  <trkpt lat="68.25246" lon="13.62748">
    <name>TP146</name>
  </trkpt>
  <trkpt lat="68.25239" lon="13.62776">
    <name>TP147</name>
  </trkpt>
  <trkpt lat="68.25234" lon="13.62794">
    <name>TP148</name>
  </trkpt>
  <trkpt lat="68.25231" lon="13.62807">
    <name>TP149</name>
  </trkpt>
  <trkpt lat="68.25227" lon="13.62826">
    <name>TP150</name>
  </trkpt>
  <trkpt lat="68.25226" lon="13.6283">
    <name>TP151</name>
  </trkpt>
  <trkpt lat="68.25224" lon="13.62845">
    <name>TP152</name>
  </trkpt>
  <trkpt lat="68.25222" lon="13.62862">
    <name>TP153</name>
  </trkpt>
  <trkpt lat="68.2522" lon="13.62876">
    <name>TP154</name>
  </trkpt>
  <trkpt lat="68.2522" lon="13.6288">
    <name>TP155</name>
  </trkpt>
  <trkpt lat="68.25218" lon="13.62897">
    <name>TP156</name>
  </trkpt>
  <trkpt lat="68.25219" lon="13.62922">
    <name>TP157</name>
  </trkpt>
  <trkpt lat="68.25219" lon="13.62924">
    <name>TP158</name>
  </trkpt>
  <trkpt lat="68.25217" lon="13.62967">
    <name>TP159</name>
  </trkpt>
  <trkpt lat="68.25216" lon="13.62994">
    <name>TP160</name>
  </trkpt>
  <trkpt lat="68.25214" lon="13.63022">
    <name>TP161</name>
  </trkpt>
  <trkpt lat="68.25213" lon="13.63032">
    <name>TP162</name>
  </trkpt>
  <trkpt lat="68.2521" lon="13.63041">
    <name>TP163</name>
  </trkpt>
  <trkpt lat="68.25207" lon="13.63064">
    <name>TP164</name>
  </trkpt>
  <trkpt lat="68.2520658" lon="13.6306351">
    <name>TP165</name>
  </trkpt>
  <trkpt lat="68.25207" lon="13.63071">
    <name>TP166</name>
  </trkpt>
  <trkpt lat="68.25208" lon="13.63125">
    <name>TP167</name>
  </trkpt>
  <trkpt lat="68.25208" lon="13.63191">
    <name>TP168</name>
  </trkpt>
  <trkpt lat="68.25209" lon="13.6327">
    <name>TP169</name>
  </trkpt>
  <trkpt lat="68.25212" lon="13.63322">
    <name>TP170</name>
  </trkpt>
  <trkpt lat="68.25225" lon="13.63452">
    <name>TP171</name>
  </trkpt>
  <trkpt lat="68.25226" lon="13.63464">
    <name>TP172</name>
  </trkpt>
  <trkpt lat="68.25229" lon="13.63487">
    <name>TP173</name>
  </trkpt>
  <trkpt lat="68.2523" lon="13.63493">
    <name>TP174</name>
  </trkpt>
  <trkpt lat="68.25237" lon="13.6355">
    <name>TP175</name>
  </trkpt>
  <trkpt lat="68.25243" lon="13.63597">
    <name>TP176</name>
  </trkpt>
  <trkpt lat="68.25253" lon="13.63683">
    <name>TP177</name>
  </trkpt>
  <trkpt lat="68.25254" lon="13.63687">
    <name>TP178</name>
  </trkpt>
  <trkpt lat="68.25258" lon="13.63708">
    <name>TP179</name>
  </trkpt>
  <trkpt lat="68.25259" lon="13.63719">
    <name>TP180</name>
  </trkpt>
  <trkpt lat="68.2526" lon="13.63727">
    <name>TP181</name>
  </trkpt>
  <trkpt lat="68.25277" lon="13.63821">
    <name>TP182</name>
  </trkpt>
  <trkpt lat="68.25284" lon="13.63862">
    <name>TP183</name>
  </trkpt>
  <trkpt lat="68.25285" lon="13.63865">
    <name>TP184</name>
  </trkpt>
  <trkpt lat="68.25292" lon="13.63908">
    <name>TP185</name>
  </trkpt>
  <trkpt lat="68.25296" lon="13.63927">
    <name>TP186</name>
  </trkpt>
  <trkpt lat="68.25299" lon="13.63953">
    <name>TP187</name>
  </trkpt>
  <trkpt lat="68.25309" lon="13.64029">
    <name>TP188</name>
  </trkpt>
  <trkpt lat="68.25311" lon="13.64059">
    <name>TP189</name>
  </trkpt>
  <trkpt lat="68.25314" lon="13.64089">
    <name>TP190</name>
  </trkpt>
  <trkpt lat="68.25315" lon="13.64092">
    <name>TP191</name>
  </trkpt>
  <trkpt lat="68.25315" lon="13.64097">
    <name>TP192</name>
  </trkpt>
  <trkpt lat="68.25317" lon="13.64125">
    <name>TP193</name>
  </trkpt>
  <trkpt lat="68.25318" lon="13.6414">
    <name>TP194</name>
  </trkpt>
  <trkpt lat="68.25322" lon="13.64187">
    <name>TP195</name>
  </trkpt>
  <trkpt lat="68.25325" lon="13.6422">
    <name>TP196</name>
  </trkpt>
  <trkpt lat="68.25325" lon="13.64224">
    <name>TP197</name>
  </trkpt>
  <trkpt lat="68.25326" lon="13.64235">
    <name>TP198</name>
  </trkpt>
  <trkpt lat="68.25328" lon="13.64272">
    <name>TP199</name>
  </trkpt>
  <trkpt lat="68.25328" lon="13.64277">
    <name>TP200</name>
  </trkpt>
  <trkpt lat="68.25328" lon="13.64283">
    <name>TP201</name>
  </trkpt>
  <trkpt lat="68.25329" lon="13.64298">
    <name>TP202</name>
  </trkpt>
  <trkpt lat="68.25335" lon="13.64382">
    <name>TP203</name>
  </trkpt>
  <trkpt lat="68.25341" lon="13.64447">
    <name>TP204</name>
  </trkpt>
  <trkpt lat="68.25343" lon="13.64473">
    <name>TP205</name>
  </trkpt>
  <trkpt lat="68.25346" lon="13.64499">
    <name>TP206</name>
  </trkpt>
  <trkpt lat="68.25349" lon="13.64535">
    <name>TP207</name>
  </trkpt>
  <trkpt lat="68.2535" lon="13.64546">
    <name>TP208</name>
  </trkpt>
  <trkpt lat="68.25354" lon="13.64573">
    <name>TP209</name>
  </trkpt>
  <trkpt lat="68.25361" lon="13.64626">
    <name>TP210</name>
  </trkpt>
  <trkpt lat="68.25369" lon="13.64682">
    <name>TP211</name>
  </trkpt>
  <trkpt lat="68.2537" lon="13.64688">
    <name>TP212</name>
  </trkpt>
  <trkpt lat="68.25376" lon="13.64723">
    <name>TP213</name>
  </trkpt>
  <trkpt lat="68.25376" lon="13.64727">
    <name>TP214</name>
  </trkpt>
  <trkpt lat="68.25379" lon="13.64747">
    <name>TP215</name>
  </trkpt>
  <trkpt lat="68.2538" lon="13.64749">
    <name>TP216</name>
  </trkpt>
  <trkpt lat="68.25382" lon="13.64768">
    <name>TP217</name>
  </trkpt>
  <trkpt lat="68.25383" lon="13.64772">
    <name>TP218</name>
  </trkpt>
  <trkpt lat="68.25386" lon="13.64792">
    <name>TP219</name>
  </trkpt>
  <trkpt lat="68.25388" lon="13.64806">
    <name>TP220</name>
  </trkpt>
  <trkpt lat="68.25395" lon="13.64863">
    <name>TP221</name>
  </trkpt>
  <trkpt lat="68.25401" lon="13.64909">
    <name>TP222</name>
  </trkpt>
  <trkpt lat="68.25405" lon="13.64956">
    <name>TP223</name>
  </trkpt>
  <trkpt lat="68.25407" lon="13.64977">
    <name>TP224</name>
  </trkpt>
  <trkpt lat="68.25408" lon="13.64999">
    <name>TP225</name>
  </trkpt>
  <trkpt lat="68.25409" lon="13.65004">
    <name>TP226</name>
  </trkpt>
  <trkpt lat="68.25409" lon="13.65009">
    <name>TP227</name>
  </trkpt>
  <trkpt lat="68.2541" lon="13.65025">
    <name>TP228</name>
  </trkpt>
  <trkpt lat="68.2541" lon="13.65029">
    <name>TP229</name>
  </trkpt>
  <trkpt lat="68.25411" lon="13.65052">
    <name>TP230</name>
  </trkpt>
  <trkpt lat="68.25411" lon="13.65073">
    <name>TP231</name>
  </trkpt>
  <trkpt lat="68.25412" lon="13.651">
    <name>TP232</name>
  </trkpt>
  <trkpt lat="68.25412" lon="13.65118">
    <name>TP233</name>
  </trkpt>
  <trkpt lat="68.25412" lon="13.65139">
    <name>TP234</name>
  </trkpt>
  <trkpt lat="68.25412" lon="13.65149">
    <name>TP235</name>
  </trkpt>
  <trkpt lat="68.2541" lon="13.65177">
    <name>TP236</name>
  </trkpt>
  <trkpt lat="68.25409" lon="13.65197">
    <name>TP237</name>
  </trkpt>
  <trkpt lat="68.25407" lon="13.65254">
    <name>TP238</name>
  </trkpt>
  <trkpt lat="68.25401" lon="13.65291">
    <name>TP239</name>
  </trkpt>
  <trkpt lat="68.25397" lon="13.65325">
    <name>TP240</name>
  </trkpt>
  <trkpt lat="68.25395" lon="13.65336">
    <name>TP241</name>
  </trkpt>
  <trkpt lat="68.25389" lon="13.65362">
    <name>TP242</name>
  </trkpt>
  <trkpt lat="68.25385" lon="13.65377">
    <name>TP243</name>
  </trkpt>
  <trkpt lat="68.25383" lon="13.65384">
    <name>TP244</name>
  </trkpt>
  <trkpt lat="68.25372" lon="13.65415">
    <name>TP245</name>
  </trkpt>
  <trkpt lat="68.2536" lon="13.6544">
    <name>TP246</name>
  </trkpt>
  <trkpt lat="68.25359" lon="13.65443">
    <name>TP247</name>
  </trkpt>
  <trkpt lat="68.25358" lon="13.65444">
    <name>TP248</name>
  </trkpt>
  <trkpt lat="68.25356" lon="13.65449">
    <name>TP249</name>
  </trkpt>
  <trkpt lat="68.25352" lon="13.65455">
    <name>TP250</name>
  </trkpt>
  <trkpt lat="68.25347" lon="13.65464">
    <name>TP251</name>
  </trkpt>
  <trkpt lat="68.25345" lon="13.65467">
    <name>TP252</name>
  </trkpt>
  <trkpt lat="68.25336" lon="13.65477">
    <name>TP253</name>
  </trkpt>
  <trkpt lat="68.25327" lon="13.65487">
    <name>TP254</name>
  </trkpt>
  <trkpt lat="68.25317" lon="13.65499">
    <name>TP255</name>
  </trkpt>
  <trkpt lat="68.2531" lon="13.65504">
    <name>TP256</name>
  </trkpt>
  <trkpt lat="68.25302" lon="13.65506">
    <name>TP257</name>
  </trkpt>
  <trkpt lat="68.25295" lon="13.65507">
    <name>TP258</name>
  </trkpt>
  <trkpt lat="68.25292" lon="13.65507">
    <name>TP259</name>
  </trkpt>
  <trkpt lat="68.25287" lon="13.65508">
    <name>TP260</name>
  </trkpt>
  <trkpt lat="68.25276" lon="13.65507">
    <name>TP261</name>
  </trkpt>
  <trkpt lat="68.25274" lon="13.65507">
    <name>TP262</name>
  </trkpt>
  <trkpt lat="68.25271" lon="13.65507">
    <name>TP263</name>
  </trkpt>
  <trkpt lat="68.25264" lon="13.65506">
    <name>TP264</name>
  </trkpt>
  <trkpt lat="68.25251" lon="13.65503">
    <name>TP265</name>
  </trkpt>
  <trkpt lat="68.25245" lon="13.655">
    <name>TP266</name>
  </trkpt>
  <trkpt lat="68.25242" lon="13.655">
    <name>TP267</name>
  </trkpt>
  <trkpt lat="68.25238" lon="13.65498">
    <name>TP268</name>
  </trkpt>
  <trkpt lat="68.25222" lon="13.65492">
    <name>TP269</name>
  </trkpt>
  <trkpt lat="68.25221" lon="13.65491">
    <name>TP270</name>
  </trkpt>
  <trkpt lat="68.25204" lon="13.65479">
    <name>TP271</name>
  </trkpt>
  <trkpt lat="68.25187" lon="13.65461">
    <name>TP272</name>
  </trkpt>
  <trkpt lat="68.25139" lon="13.65393">
    <name>TP273</name>
  </trkpt>
  <trkpt lat="68.25135" lon="13.65387">
    <name>TP274</name>
  </trkpt>
  <trkpt lat="68.25123" lon="13.65369">
    <name>TP275</name>
  </trkpt>
  <trkpt lat="68.25108" lon="13.65345">
    <name>TP276</name>
  </trkpt>
  <trkpt lat="68.25092" lon="13.65321">
    <name>TP277</name>
  </trkpt>
  <trkpt lat="68.25079" lon="13.65301">
    <name>TP278</name>
  </trkpt>
  <trkpt lat="68.25077" lon="13.65296">
    <name>TP279</name>
  </trkpt>
  <trkpt lat="68.25074" lon="13.65292">
    <name>TP280</name>
  </trkpt>
  <trkpt lat="68.25061" lon="13.65271">
    <name>TP281</name>
  </trkpt>
  <trkpt lat="68.25059" lon="13.65267">
    <name>TP282</name>
  </trkpt>
  <trkpt lat="68.25048" lon="13.65249">
    <name>TP283</name>
  </trkpt>
  <trkpt lat="68.25046" lon="13.65245">
    <name>TP284</name>
  </trkpt>
  <trkpt lat="68.25044" lon="13.65241">
    <name>TP285</name>
  </trkpt>
  <trkpt lat="68.25031" lon="13.65222">
    <name>TP286</name>
  </trkpt>
  <trkpt lat="68.25031" lon="13.65221">
    <name>TP287</name>
  </trkpt>
  <trkpt lat="68.25029" lon="13.65218">
    <name>TP288</name>
  </trkpt>
  <trkpt lat="68.25026" lon="13.65212">
    <name>TP289</name>
  </trkpt>
  <trkpt lat="68.25016" lon="13.65195">
    <name>TP290</name>
  </trkpt>
  <trkpt lat="68.25015" lon="13.65194">
    <name>TP291</name>
  </trkpt>
  <trkpt lat="68.25012" lon="13.65189">
    <name>TP292</name>
  </trkpt>
  <trkpt lat="68.24985" lon="13.65144">
    <name>TP293</name>
  </trkpt>
  <trkpt lat="68.2497" lon="13.6512">
    <name>TP294</name>
  </trkpt>
  <trkpt lat="68.24961" lon="13.65104">
    <name>TP295</name>
  </trkpt>
  <trkpt lat="68.24954" lon="13.65095">
    <name>TP296</name>
  </trkpt>
  <trkpt lat="68.24953" lon="13.65094">
    <name>TP297</name>
  </trkpt>
  <trkpt lat="68.24945" lon="13.65085">
    <name>TP298</name>
  </trkpt>
  <trkpt lat="68.24937" lon="13.65079">
    <name>TP299</name>
  </trkpt>
  <trkpt lat="68.24937" lon="13.65078">
    <name>TP300</name>
  </trkpt>
  <trkpt lat="68.24934" lon="13.65077">
    <name>TP301</name>
  </trkpt>
  <trkpt lat="68.24929" lon="13.65075">
    <name>TP302</name>
  </trkpt>
  <trkpt lat="68.24919" lon="13.65074">
    <name>TP303</name>
  </trkpt>
  <trkpt lat="68.24918" lon="13.65074">
    <name>TP304</name>
  </trkpt>
  <trkpt lat="68.24908" lon="13.65075">
    <name>TP305</name>
  </trkpt>
  <trkpt lat="68.24898" lon="13.65078">
    <name>TP306</name>
  </trkpt>
  <trkpt lat="68.24889" lon="13.65084">
    <name>TP307</name>
  </trkpt>
  <trkpt lat="68.24879" lon="13.65098">
    <name>TP308</name>
  </trkpt>
  <trkpt lat="68.24871" lon="13.65117">
    <name>TP309</name>
  </trkpt>
  <trkpt lat="68.2487" lon="13.65122">
    <name>TP310</name>
  </trkpt>
  <trkpt lat="68.24864" lon="13.65142">
    <name>TP311</name>
  </trkpt>
  <trkpt lat="68.24862" lon="13.65152">
    <name>TP312</name>
  </trkpt>
  <trkpt lat="68.2486" lon="13.65162">
    <name>TP313</name>
  </trkpt>
  <trkpt lat="68.24843" lon="13.65251">
    <name>TP314</name>
  </trkpt>
  <trkpt lat="68.24835" lon="13.65294">
    <name>TP315</name>
  </trkpt>
  <trkpt lat="68.24826" lon="13.65337">
    <name>TP316</name>
  </trkpt>
  <trkpt lat="68.2481" lon="13.65423">
    <name>TP317</name>
  </trkpt>
  <trkpt lat="68.24801" lon="13.65466">
    <name>TP318</name>
  </trkpt>
  <trkpt lat="68.24793" lon="13.65509">
    <name>TP319</name>
  </trkpt>
  <trkpt lat="68.24785" lon="13.65552">
    <name>TP320</name>
  </trkpt>
  <trkpt lat="68.24776" lon="13.65595">
    <name>TP321</name>
  </trkpt>
  <trkpt lat="68.24768" lon="13.65637">
    <name>TP322</name>
  </trkpt>
  <trkpt lat="68.24768" lon="13.65638">
    <name>TP323</name>
  </trkpt>
  <trkpt lat="68.2476" lon="13.65681">
    <name>TP324</name>
  </trkpt>
  <trkpt lat="68.24751" lon="13.65724">
    <name>TP325</name>
  </trkpt>
  <trkpt lat="68.24743" lon="13.65767">
    <name>TP326</name>
  </trkpt>
  <trkpt lat="68.24735" lon="13.6581">
    <name>TP327</name>
  </trkpt>
  <trkpt lat="68.24718" lon="13.65896">
    <name>TP328</name>
  </trkpt>
  <trkpt lat="68.2471" lon="13.65939">
    <name>TP329</name>
  </trkpt>
  <trkpt lat="68.24701" lon="13.65982">
    <name>TP330</name>
  </trkpt>
  <trkpt lat="68.24685" lon="13.66068">
    <name>TP331</name>
  </trkpt>
  <trkpt lat="68.24676" lon="13.66111">
    <name>TP332</name>
  </trkpt>
  <trkpt lat="68.24671" lon="13.66149">
    <name>TP333</name>
  </trkpt>
  <trkpt lat="68.24672" lon="13.66182">
    <name>TP334</name>
  </trkpt>
  <trkpt lat="68.24672" lon="13.66199">
    <name>TP335</name>
  </trkpt>
  <trkpt lat="68.24675" lon="13.66229">
    <name>TP336</name>
  </trkpt>
  <trkpt lat="68.2468" lon="13.66275">
    <name>TP337</name>
  </trkpt>
  <trkpt lat="68.24681" lon="13.66286">
    <name>TP338</name>
  </trkpt>
  <trkpt lat="68.24684" lon="13.66323">
    <name>TP339</name>
  </trkpt>
  <trkpt lat="68.24687" lon="13.66371">
    <name>TP340</name>
  </trkpt>
  <trkpt lat="68.24688" lon="13.66389">
    <name>TP341</name>
  </trkpt>
  <trkpt lat="68.2469" lon="13.66418">
    <name>TP342</name>
  </trkpt>
  <trkpt lat="68.24694" lon="13.66466">
    <name>TP343</name>
  </trkpt>
  <trkpt lat="68.24697" lon="13.66514">
    <name>TP344</name>
  </trkpt>
  <trkpt lat="68.24697" lon="13.66521">
    <name>TP345</name>
  </trkpt>
  <trkpt lat="68.247" lon="13.66561">
    <name>TP346</name>
  </trkpt>
  <trkpt lat="68.24704" lon="13.66609">
    <name>TP347</name>
  </trkpt>
  <trkpt lat="68.24704" lon="13.66618">
    <name>TP348</name>
  </trkpt>
  <trkpt lat="68.24706" lon="13.66657">
    <name>TP349</name>
  </trkpt>
  <trkpt lat="68.24707" lon="13.66687">
    <name>TP350</name>
  </trkpt>
  <trkpt lat="68.24707" lon="13.66706">
    <name>TP351</name>
  </trkpt>
  <trkpt lat="68.24708" lon="13.66741">
    <name>TP352</name>
  </trkpt>
  <trkpt lat="68.24707" lon="13.66754">
    <name>TP353</name>
  </trkpt>
  <trkpt lat="68.24704" lon="13.66797">
    <name>TP354</name>
  </trkpt>
  <trkpt lat="68.24703" lon="13.66802">
    <name>TP355</name>
  </trkpt>
  <trkpt lat="68.24699" lon="13.66849">
    <name>TP356</name>
  </trkpt>
  <trkpt lat="68.24699" lon="13.66853">
    <name>TP357</name>
  </trkpt>
  <trkpt lat="68.24693" lon="13.66894">
    <name>TP358</name>
  </trkpt>
  <trkpt lat="68.2469" lon="13.66911">
    <name>TP359</name>
  </trkpt>
  <trkpt lat="68.24684" lon="13.66936">
    <name>TP360</name>
  </trkpt>
  <trkpt lat="68.24674" lon="13.66977">
    <name>TP361</name>
  </trkpt>
  <trkpt lat="68.24673" lon="13.66983">
    <name>TP362</name>
  </trkpt>
  <trkpt lat="68.24662" lon="13.67012">
    <name>TP363</name>
  </trkpt>
  <trkpt lat="68.24654" lon="13.67033">
    <name>TP364</name>
  </trkpt>
  <trkpt lat="68.24648" lon="13.67043">
    <name>TP365</name>
  </trkpt>
  <trkpt lat="68.24633" lon="13.6707">
    <name>TP366</name>
  </trkpt>
  <trkpt lat="68.2462" lon="13.67093">
    <name>TP367</name>
  </trkpt>
  <trkpt lat="68.24618" lon="13.67095">
    <name>TP368</name>
  </trkpt>
  <trkpt lat="68.24601" lon="13.67111">
    <name>TP369</name>
  </trkpt>
  <trkpt lat="68.24593" lon="13.67119">
    <name>TP370</name>
  </trkpt>
  <trkpt lat="68.24584" lon="13.67122">
    <name>TP371</name>
  </trkpt>
  <trkpt lat="68.24566" lon="13.67128">
    <name>TP372</name>
  </trkpt>
  <trkpt lat="68.24564" lon="13.67128">
    <name>TP373</name>
  </trkpt>
  <trkpt lat="68.24545" lon="13.67127">
    <name>TP374</name>
  </trkpt>
  <trkpt lat="68.24512" lon="13.67122">
    <name>TP375</name>
  </trkpt>
  <trkpt lat="68.2451" lon="13.67122">
    <name>TP376</name>
  </trkpt>
  <trkpt lat="68.24499" lon="13.67118">
    <name>TP377</name>
  </trkpt>
  <trkpt lat="68.24481" lon="13.67113">
    <name>TP378</name>
  </trkpt>
  <trkpt lat="68.24466" lon="13.67108">
    <name>TP379</name>
  </trkpt>
  <trkpt lat="68.24445" lon="13.67102">
    <name>TP380</name>
  </trkpt>
  <trkpt lat="68.2444" lon="13.67101">
    <name>TP381</name>
  </trkpt>
  <trkpt lat="68.2443" lon="13.67098">
    <name>TP382</name>
  </trkpt>
  <trkpt lat="68.24427" lon="13.67098">
    <name>TP383</name>
  </trkpt>
  <trkpt lat="68.24422" lon="13.67097">
    <name>TP384</name>
  </trkpt>
  <trkpt lat="68.24413" lon="13.67094">
    <name>TP385</name>
  </trkpt>
  <trkpt lat="68.24411" lon="13.67094">
    <name>TP386</name>
  </trkpt>
  <trkpt lat="68.24391" lon="13.6709">
    <name>TP387</name>
  </trkpt>
  <trkpt lat="68.24388" lon="13.67089">
    <name>TP388</name>
  </trkpt>
  <trkpt lat="68.24373" lon="13.67086">
    <name>TP389</name>
  </trkpt>
  <trkpt lat="68.24365" lon="13.67084">
    <name>TP390</name>
  </trkpt>
  <trkpt lat="68.24359" lon="13.67087">
    <name>TP391</name>
  </trkpt>
  <trkpt lat="68.24356" lon="13.67088">
    <name>TP392</name>
  </trkpt>
  <trkpt lat="68.24351" lon="13.67091">
    <name>TP393</name>
  </trkpt>
  <trkpt lat="68.24338" lon="13.67101">
    <name>TP394</name>
  </trkpt>
  <trkpt lat="68.24332" lon="13.67106">
    <name>TP395</name>
  </trkpt>
  <trkpt lat="68.24322" lon="13.67119">
    <name>TP396</name>
  </trkpt>
  <trkpt lat="68.24313" lon="13.6713">
    <name>TP397</name>
  </trkpt>
  <trkpt lat="68.24307" lon="13.67144">
    <name>TP398</name>
  </trkpt>
  <trkpt lat="68.24297" lon="13.67166">
    <name>TP399</name>
  </trkpt>
  <trkpt lat="68.24294" lon="13.67178">
    <name>TP400</name>
  </trkpt>
  <trkpt lat="68.24284" lon="13.67212">
    <name>TP401</name>
  </trkpt>
  <trkpt lat="68.24273" lon="13.67257">
    <name>TP402</name>
  </trkpt>
  <trkpt lat="68.2427263" lon="13.6725667">
    <name>TP403</name>
  </trkpt>
  <trkpt lat="68.24266" lon="13.67296">
    <name>TP404</name>
  </trkpt>
  <trkpt lat="68.24247" lon="13.67409">
    <name>TP405</name>
  </trkpt>
  <trkpt lat="68.24241" lon="13.67442">
    <name>TP406</name>
  </trkpt>
  <trkpt lat="68.24221" lon="13.67551">
    <name>TP407</name>
  </trkpt>
  <trkpt lat="68.24219" lon="13.67565">
    <name>TP408</name>
  </trkpt>
  <trkpt lat="68.24204" lon="13.67643">
    <name>TP409</name>
  </trkpt>
  <trkpt lat="68.24202" lon="13.67657">
    <name>TP410</name>
  </trkpt>
  <trkpt lat="68.24186" lon="13.67739">
    <name>TP411</name>
  </trkpt>
  <trkpt lat="68.24183" lon="13.67756">
    <name>TP412</name>
  </trkpt>
  <trkpt lat="68.24179" lon="13.67778">
    <name>TP413</name>
  </trkpt>
  <trkpt lat="68.24175" lon="13.67799">
    <name>TP414</name>
  </trkpt>
  <trkpt lat="68.2416" lon="13.67876">
    <name>TP415</name>
  </trkpt>
  <trkpt lat="68.24158" lon="13.67885">
    <name>TP416</name>
  </trkpt>
  <trkpt lat="68.24142" lon="13.67967">
    <name>TP417</name>
  </trkpt>
  <trkpt lat="68.2411" lon="13.68101">
    <name>TP418</name>
  </trkpt>
  <trkpt lat="68.24092" lon="13.68188">
    <name>TP419</name>
  </trkpt>
  <trkpt lat="68.24091" lon="13.68192">
    <name>TP420</name>
  </trkpt>
  <trkpt lat="68.24079" lon="13.68273">
    <name>TP421</name>
  </trkpt>
  <trkpt lat="68.24072" lon="13.68338">
    <name>TP422</name>
  </trkpt>
  <trkpt lat="68.24071" lon="13.6838">
    <name>TP423</name>
  </trkpt>
  <trkpt lat="68.24072" lon="13.68415">
    <name>TP424</name>
  </trkpt>
  <trkpt lat="68.24079" lon="13.68523">
    <name>TP425</name>
  </trkpt>
  <trkpt lat="68.24081" lon="13.68597">
    <name>TP426</name>
  </trkpt>
  <trkpt lat="68.24082" lon="13.68603">
    <name>TP427</name>
  </trkpt>
  <trkpt lat="68.24084" lon="13.68645">
    <name>TP428</name>
  </trkpt>
  <trkpt lat="68.24087" lon="13.68707">
    <name>TP429</name>
  </trkpt>
  <trkpt lat="68.24088" lon="13.68741">
    <name>TP430</name>
  </trkpt>
  <trkpt lat="68.24091" lon="13.68789">
    <name>TP431</name>
  </trkpt>
  <trkpt lat="68.24091" lon="13.68799">
    <name>TP432</name>
  </trkpt>
  <trkpt lat="68.24095" lon="13.68886">
    <name>TP433</name>
  </trkpt>
  <trkpt lat="68.24098" lon="13.68941">
    <name>TP434</name>
  </trkpt>
  <trkpt lat="68.241" lon="13.68992">
    <name>TP435</name>
  </trkpt>
  <trkpt lat="68.241" lon="13.69001">
    <name>TP436</name>
  </trkpt>
  <trkpt lat="68.24099" lon="13.69058">
    <name>TP437</name>
  </trkpt>
  <trkpt lat="68.24096" lon="13.69106">
    <name>TP438</name>
  </trkpt>
  <trkpt lat="68.2409" lon="13.69146">
    <name>TP439</name>
  </trkpt>
  <trkpt lat="68.24089" lon="13.69151">
    <name>TP440</name>
  </trkpt>
  <trkpt lat="68.24084" lon="13.69173">
    <name>TP441</name>
  </trkpt>
  <trkpt lat="68.24082" lon="13.6918">
    <name>TP442</name>
  </trkpt>
  <trkpt lat="68.24077" lon="13.69195">
    <name>TP443</name>
  </trkpt>
  <trkpt lat="68.2407" lon="13.69214">
    <name>TP444</name>
  </trkpt>
  <trkpt lat="68.24067" lon="13.69222">
    <name>TP445</name>
  </trkpt>
  <trkpt lat="68.24056" lon="13.69247">
    <name>TP446</name>
  </trkpt>
  <trkpt lat="68.24047" lon="13.69265">
    <name>TP447</name>
  </trkpt>
  <trkpt lat="68.24036" lon="13.69276">
    <name>TP448</name>
  </trkpt>
  <trkpt lat="68.24036" lon="13.69277">
    <name>TP449</name>
  </trkpt>
  <trkpt lat="68.24024" lon="13.69287">
    <name>TP450</name>
  </trkpt>
  <trkpt lat="68.24022" lon="13.69288">
    <name>TP451</name>
  </trkpt>
  <trkpt lat="68.24008" lon="13.69293">
    <name>TP452</name>
  </trkpt>
  <trkpt lat="68.23993" lon="13.69289">
    <name>TP453</name>
  </trkpt>
  <trkpt lat="68.23979" lon="13.69283">
    <name>TP454</name>
  </trkpt>
  <trkpt lat="68.2397" lon="13.69279">
    <name>TP455</name>
  </trkpt>
  <trkpt lat="68.23967" lon="13.69275">
    <name>TP456</name>
  </trkpt>
  <trkpt lat="68.23941" lon="13.69249">
    <name>TP457</name>
  </trkpt>
  <trkpt lat="68.23922" lon="13.69228">
    <name>TP458</name>
  </trkpt>
  <trkpt lat="68.2391" lon="13.69219">
    <name>TP459</name>
  </trkpt>
  <trkpt lat="68.2391" lon="13.69218">
    <name>TP460</name>
  </trkpt>
  <trkpt lat="68.23907" lon="13.69216">
    <name>TP461</name>
  </trkpt>
  <trkpt lat="68.23897" lon="13.69201">
    <name>TP462</name>
  </trkpt>
  <trkpt lat="68.23895" lon="13.69202">
    <name>TP463</name>
  </trkpt>
  <trkpt lat="68.23891" lon="13.69197">
    <name>TP464</name>
  </trkpt>
  <trkpt lat="68.23887" lon="13.69191">
    <name>TP465</name>
  </trkpt>
  <trkpt lat="68.23863" lon="13.69158">
    <name>TP466</name>
  </trkpt>
  <trkpt lat="68.23853" lon="13.69144">
    <name>TP467</name>
  </trkpt>
  <trkpt lat="68.23839" lon="13.69135">
    <name>TP468</name>
  </trkpt>
  <trkpt lat="68.23831" lon="13.69133">
    <name>TP469</name>
  </trkpt>
  <trkpt lat="68.2383" lon="13.69133">
    <name>TP470</name>
  </trkpt>
  <trkpt lat="68.23821" lon="13.69138">
    <name>TP471</name>
  </trkpt>
  <trkpt lat="68.23815" lon="13.69144">
    <name>TP472</name>
  </trkpt>
  <trkpt lat="68.23813" lon="13.69146">
    <name>TP473</name>
  </trkpt>
  <trkpt lat="68.23796" lon="13.69168">
    <name>TP474</name>
  </trkpt>
  <trkpt lat="68.23755" lon="13.69234">
    <name>TP475</name>
  </trkpt>
  <trkpt lat="68.23737" lon="13.69271">
    <name>TP476</name>
  </trkpt>
  <trkpt lat="68.23732" lon="13.6928">
    <name>TP477</name>
  </trkpt>
  <trkpt lat="68.23723" lon="13.69304">
    <name>TP478</name>
  </trkpt>
  <trkpt lat="68.23715" lon="13.69326">
    <name>TP479</name>
  </trkpt>
  <trkpt lat="68.23699" lon="13.69383">
    <name>TP480</name>
  </trkpt>
  <trkpt lat="68.23684" lon="13.69475">
    <name>TP481</name>
  </trkpt>
  <trkpt lat="68.23681" lon="13.69513">
    <name>TP482</name>
  </trkpt>
  <trkpt lat="68.23678" lon="13.6955">
    <name>TP483</name>
  </trkpt>
  <trkpt lat="68.23677" lon="13.69561">
    <name>TP484</name>
  </trkpt>
  <trkpt lat="68.23676" lon="13.69606">
    <name>TP485</name>
  </trkpt>
  <trkpt lat="68.23678" lon="13.69655">
    <name>TP486</name>
  </trkpt>
  <trkpt lat="68.23684" lon="13.69703">
    <name>TP487</name>
  </trkpt>
  <trkpt lat="68.23685" lon="13.69709">
    <name>TP488</name>
  </trkpt>
  <trkpt lat="68.23694" lon="13.69743">
    <name>TP489</name>
  </trkpt>
  <trkpt lat="68.23695" lon="13.69747">
    <name>TP490</name>
  </trkpt>
  <trkpt lat="68.23701" lon="13.6978">
    <name>TP491</name>
  </trkpt>
  <trkpt lat="68.23702" lon="13.6981">
    <name>TP492</name>
  </trkpt>
  <trkpt lat="68.23699" lon="13.69833">
    <name>TP493</name>
  </trkpt>
  <trkpt lat="68.23694" lon="13.69864">
    <name>TP494</name>
  </trkpt>
  <trkpt lat="68.23685" lon="13.69891">
    <name>TP495</name>
  </trkpt>
  <trkpt lat="68.23674" lon="13.69925">
    <name>TP496</name>
  </trkpt>
  <trkpt lat="68.23665" lon="13.69965">
    <name>TP497</name>
  </trkpt>
  <trkpt lat="68.2366" lon="13.70005">
    <name>TP498</name>
  </trkpt>
  <trkpt lat="68.23659" lon="13.70049">
    <name>TP499</name>
  </trkpt>
  <trkpt lat="68.23659" lon="13.70085">
    <name>TP500</name>
  </trkpt>
  <trkpt lat="68.23664" lon="13.70155">
    <name>TP501</name>
  </trkpt>
  <trkpt lat="68.23668" lon="13.70202">
    <name>TP502</name>
  </trkpt>
  <trkpt lat="68.23673" lon="13.70263">
    <name>TP503</name>
  </trkpt>
  <trkpt lat="68.23681" lon="13.70344">
    <name>TP504</name>
  </trkpt>
  <trkpt lat="68.23685" lon="13.70391">
    <name>TP505</name>
  </trkpt>
  <trkpt lat="68.23685" lon="13.70394">
    <name>TP506</name>
  </trkpt>
  <trkpt lat="68.23692" lon="13.70475">
    <name>TP507</name>
  </trkpt>
  <trkpt lat="68.23696" lon="13.70538">
    <name>TP508</name>
  </trkpt>
  <trkpt lat="68.23697" lon="13.70574">
    <name>TP509</name>
  </trkpt>
  <trkpt lat="68.23696" lon="13.70595">
    <name>TP510</name>
  </trkpt>
  <trkpt lat="68.23692" lon="13.70616">
    <name>TP511</name>
  </trkpt>
  <trkpt lat="68.23689" lon="13.70623">
    <name>TP512</name>
  </trkpt>
  <trkpt lat="68.23685" lon="13.70634">
    <name>TP513</name>
  </trkpt>
  <trkpt lat="68.23674" lon="13.70649">
    <name>TP514</name>
  </trkpt>
  <trkpt lat="68.23674" lon="13.7065">
    <name>TP515</name>
  </trkpt>
  <trkpt lat="68.2366" lon="13.70668">
    <name>TP516</name>
  </trkpt>
  <trkpt lat="68.23657" lon="13.7067">
    <name>TP517</name>
  </trkpt>
  <trkpt lat="68.23646" lon="13.70681">
    <name>TP518</name>
  </trkpt>
  <trkpt lat="68.2364" lon="13.70686">
    <name>TP519</name>
  </trkpt>
  <trkpt lat="68.23627" lon="13.70698">
    <name>TP520</name>
  </trkpt>
  <trkpt lat="68.23614" lon="13.70723">
    <name>TP521</name>
  </trkpt>
  <trkpt lat="68.23601" lon="13.70749">
    <name>TP522</name>
  </trkpt>
  <trkpt lat="68.23586" lon="13.7078">
    <name>TP523</name>
  </trkpt>
  <trkpt lat="68.23578" lon="13.708">
    <name>TP524</name>
  </trkpt>
  <trkpt lat="68.2357" lon="13.70829">
    <name>TP525</name>
  </trkpt>
  <trkpt lat="68.23569" lon="13.7083">
    <name>TP526</name>
  </trkpt>
  <trkpt lat="68.23559" lon="13.7087">
    <name>TP527</name>
  </trkpt>
  <trkpt lat="68.23556" lon="13.70883">
    <name>TP528</name>
  </trkpt>
  <trkpt lat="68.23541" lon="13.70943">
    <name>TP529</name>
  </trkpt>
  <trkpt lat="68.23518" lon="13.71014">
    <name>TP530</name>
  </trkpt>
  <trkpt lat="68.23498" lon="13.71088">
    <name>TP531</name>
  </trkpt>
  <trkpt lat="68.23484" lon="13.71161">
    <name>TP532</name>
  </trkpt>
  <trkpt lat="68.23473" lon="13.71216">
    <name>TP533</name>
  </trkpt>
  <trkpt lat="68.23469" lon="13.71229">
    <name>TP534</name>
  </trkpt>
  <trkpt lat="68.23466" lon="13.71239">
    <name>TP535</name>
  </trkpt>
  <trkpt lat="68.23457" lon="13.7126">
    <name>TP536</name>
  </trkpt>
  <trkpt lat="68.23449" lon="13.71277">
    <name>TP537</name>
  </trkpt>
  <trkpt lat="68.23428" lon="13.71315">
    <name>TP538</name>
  </trkpt>
  <trkpt lat="68.23411" lon="13.71342">
    <name>TP539</name>
  </trkpt>
  <trkpt lat="68.23395" lon="13.71367">
    <name>TP540</name>
  </trkpt>
  <trkpt lat="68.23391" lon="13.71373">
    <name>TP541</name>
  </trkpt>
  <trkpt lat="68.23364" lon="13.71416">
    <name>TP542</name>
  </trkpt>
  <trkpt lat="68.23347" lon="13.71443">
    <name>TP543</name>
  </trkpt>
  <trkpt lat="68.23312" lon="13.71495">
    <name>TP544</name>
  </trkpt>
  <trkpt lat="68.23301" lon="13.7151">
    <name>TP545</name>
  </trkpt>
  <trkpt lat="68.23284" lon="13.71534">
    <name>TP546</name>
  </trkpt>
  <trkpt lat="68.23245" lon="13.71586">
    <name>TP547</name>
  </trkpt>
  <trkpt lat="68.23217" lon="13.71621">
    <name>TP548</name>
  </trkpt>
  <trkpt lat="68.2319" lon="13.71654">
    <name>TP549</name>
  </trkpt>
  <trkpt lat="68.23175" lon="13.71678">
    <name>TP550</name>
  </trkpt>
  <trkpt lat="68.23163" lon="13.717">
    <name>TP551</name>
  </trkpt>
  <trkpt lat="68.23146" lon="13.71734">
    <name>TP552</name>
  </trkpt>
  <trkpt lat="68.23143" lon="13.71739">
    <name>TP553</name>
  </trkpt>
  <trkpt lat="68.23139" lon="13.71749">
    <name>TP554</name>
  </trkpt>
  <trkpt lat="68.23123" lon="13.71785">
    <name>TP555</name>
  </trkpt>
  <trkpt lat="68.23106" lon="13.71822">
    <name>TP556</name>
  </trkpt>
  <trkpt lat="68.23101" lon="13.71831">
    <name>TP557</name>
  </trkpt>
  <trkpt lat="68.2309" lon="13.71854">
    <name>TP558</name>
  </trkpt>
  <trkpt lat="68.23087" lon="13.7186">
    <name>TP559</name>
  </trkpt>
  <trkpt lat="68.23075" lon="13.71885">
    <name>TP560</name>
  </trkpt>
  <trkpt lat="68.23073" lon="13.7189">
    <name>TP561</name>
  </trkpt>
  <trkpt lat="68.23063" lon="13.71911">
    <name>TP562</name>
  </trkpt>
  <trkpt lat="68.23059" lon="13.71922">
    <name>TP563</name>
  </trkpt>
  <trkpt lat="68.23054" lon="13.71934">
    <name>TP564</name>
  </trkpt>
  <trkpt lat="68.23047" lon="13.71955">
    <name>TP565</name>
  </trkpt>
  <trkpt lat="68.23042" lon="13.71975">
    <name>TP566</name>
  </trkpt>
  <trkpt lat="68.23036" lon="13.71999">
    <name>TP567</name>
  </trkpt>
  <trkpt lat="68.23032" lon="13.72027">
    <name>TP568</name>
  </trkpt>
  <trkpt lat="68.23028" lon="13.72056">
    <name>TP569</name>
  </trkpt>
  <trkpt lat="68.23023" lon="13.72082">
    <name>TP570</name>
  </trkpt>
  <trkpt lat="68.23018" lon="13.72107">
    <name>TP571</name>
  </trkpt>
  <trkpt lat="68.23012" lon="13.72135">
    <name>TP572</name>
  </trkpt>
  <trkpt lat="68.23005" lon="13.72162">
    <name>TP573</name>
  </trkpt>
  <trkpt lat="68.22999" lon="13.72183">
    <name>TP574</name>
  </trkpt>
  <trkpt lat="68.22993" lon="13.72203">
    <name>TP575</name>
  </trkpt>
  <trkpt lat="68.22991" lon="13.72207">
    <name>TP576</name>
  </trkpt>
  <trkpt lat="68.22975" lon="13.72248">
    <name>TP577</name>
  </trkpt>
  <trkpt lat="68.22963" lon="13.72282">
    <name>TP578</name>
  </trkpt>
  <trkpt lat="68.22959" lon="13.72293">
    <name>TP579</name>
  </trkpt>
  <trkpt lat="68.22939" lon="13.72348">
    <name>TP580</name>
  </trkpt>
  <trkpt lat="68.22925" lon="13.72387">
    <name>TP581</name>
  </trkpt>
  <trkpt lat="68.22918" lon="13.72411">
    <name>TP582</name>
  </trkpt>
  <trkpt lat="68.22911" lon="13.72431">
    <name>TP583</name>
  </trkpt>
  <trkpt lat="68.22905" lon="13.72454">
    <name>TP584</name>
  </trkpt>
  <trkpt lat="68.22897" lon="13.72481">
    <name>TP585</name>
  </trkpt>
  <trkpt lat="68.22894" lon="13.72502">
    <name>TP586</name>
  </trkpt>
  <trkpt lat="68.22892" lon="13.72514">
    <name>TP587</name>
  </trkpt>
  <trkpt lat="68.22886" lon="13.72544">
    <name>TP588</name>
  </trkpt>
  <trkpt lat="68.22882" lon="13.72575">
    <name>TP589</name>
  </trkpt>
  <trkpt lat="68.22879" lon="13.72609">
    <name>TP590</name>
  </trkpt>
  <trkpt lat="68.22877" lon="13.7264">
    <name>TP591</name>
  </trkpt>
  <trkpt lat="68.22874" lon="13.7268">
    <name>TP592</name>
  </trkpt>
  <trkpt lat="68.22868" lon="13.72757">
    <name>TP593</name>
  </trkpt>
  <trkpt lat="68.22863" lon="13.72827">
    <name>TP594</name>
  </trkpt>
  <trkpt lat="68.22859" lon="13.72884">
    <name>TP595</name>
  </trkpt>
  <trkpt lat="68.22855" lon="13.72926">
    <name>TP596</name>
  </trkpt>
  <trkpt lat="68.22851" lon="13.72977">
    <name>TP597</name>
  </trkpt>
  <trkpt lat="68.22847" lon="13.73034">
    <name>TP598</name>
  </trkpt>
  <trkpt lat="68.22842" lon="13.73116">
    <name>TP599</name>
  </trkpt>
  <trkpt lat="68.22838" lon="13.73192">
    <name>TP600</name>
  </trkpt>
  <trkpt lat="68.22834" lon="13.73227">
    <name>TP601</name>
  </trkpt>
  <trkpt lat="68.22831" lon="13.73252">
    <name>TP602</name>
  </trkpt>
  <trkpt lat="68.22829" lon="13.73276">
    <name>TP603</name>
  </trkpt>
  <trkpt lat="68.22825" lon="13.73296">
    <name>TP604</name>
  </trkpt>
  <trkpt lat="68.22819" lon="13.73318">
    <name>TP605</name>
  </trkpt>
  <trkpt lat="68.22812" lon="13.73337">
    <name>TP606</name>
  </trkpt>
  <trkpt lat="68.22806" lon="13.73351">
    <name>TP607</name>
  </trkpt>
  <trkpt lat="68.22797" lon="13.73369">
    <name>TP608</name>
  </trkpt>
  <trkpt lat="68.22794" lon="13.73376">
    <name>TP609</name>
  </trkpt>
  <trkpt lat="68.2279" lon="13.73387">
    <name>TP610</name>
  </trkpt>
  <trkpt lat="68.22783" lon="13.73404">
    <name>TP611</name>
  </trkpt>
  <trkpt lat="68.22777" lon="13.73426">
    <name>TP612</name>
  </trkpt>
  <trkpt lat="68.22771" lon="13.73449">
    <name>TP613</name>
  </trkpt>
  <trkpt lat="68.22765" lon="13.73496">
    <name>TP614</name>
  </trkpt>
  <trkpt lat="68.2276549" lon="13.7349612">
    <name>TP615</name>
  </trkpt>
  <trkpt lat="68.22781" lon="13.73507">
    <name>TP616</name>
  </trkpt>
  <trkpt lat="68.22796" lon="13.73517">
    <name>TP617</name>
  </trkpt>
  <trkpt lat="68.22807" lon="13.73527">
    <name>TP618</name>
  </trkpt>
  <trkpt lat="68.22821" lon="13.73539">
    <name>TP619</name>
  </trkpt>
  <trkpt lat="68.22826" lon="13.73545">
    <name>TP620</name>
  </trkpt>
  <trkpt lat="68.22835" lon="13.73553">
    <name>TP621</name>
  </trkpt>
  <trkpt lat="68.22841" lon="13.73559">
    <name>TP622</name>
  </trkpt>
  <trkpt lat="68.22852" lon="13.7357">
    <name>TP623</name>
  </trkpt>
  <trkpt lat="68.22857" lon="13.73576">
    <name>TP624</name>
  </trkpt>
  <trkpt lat="68.22869" lon="13.73589">
    <name>TP625</name>
  </trkpt>
  <trkpt lat="68.22878" lon="13.736">
    <name>TP626</name>
  </trkpt>
  <trkpt lat="68.2289" lon="13.73613">
    <name>TP627</name>
  </trkpt>
  <trkpt lat="68.22906" lon="13.73631">
    <name>TP628</name>
  </trkpt>
  <trkpt lat="68.22917" lon="13.73643">
    <name>TP629</name>
  </trkpt>
  <trkpt lat="68.22929" lon="13.73657">
    <name>TP630</name>
  </trkpt>
  <trkpt lat="68.22938" lon="13.73669">
    <name>TP631</name>
  </trkpt>
  <trkpt lat="68.2296" lon="13.73698">
    <name>TP632</name>
  </trkpt>
  <trkpt lat="68.22977" lon="13.73719">
    <name>TP633</name>
  </trkpt>
  <trkpt lat="68.22989" lon="13.73736">
    <name>TP634</name>
  </trkpt>
  <trkpt lat="68.23001" lon="13.73751">
    <name>TP635</name>
  </trkpt>
  <trkpt lat="68.23009" lon="13.73762">
    <name>TP636</name>
  </trkpt>
  <trkpt lat="68.23017" lon="13.73772">
    <name>TP637</name>
  </trkpt>
  <trkpt lat="68.23042" lon="13.73807">
    <name>TP638</name>
  </trkpt>
  <trkpt lat="68.23046" lon="13.73812">
    <name>TP639</name>
  </trkpt>
  <trkpt lat="68.23074" lon="13.73852">
    <name>TP640</name>
  </trkpt>
  <trkpt lat="68.23089" lon="13.73871">
    <name>TP641</name>
  </trkpt>
  <trkpt lat="68.23094" lon="13.73877">
    <name>TP642</name>
  </trkpt>
  <trkpt lat="68.23116" lon="13.73905">
    <name>TP643</name>
  </trkpt>
  <trkpt lat="68.23136" lon="13.7393">
    <name>TP644</name>
  </trkpt>
  <trkpt lat="68.23159" lon="13.73959">
    <name>TP645</name>
  </trkpt>
  <trkpt lat="68.23181" lon="13.73987">
    <name>TP646</name>
  </trkpt>
  <trkpt lat="68.23204" lon="13.74015">
    <name>TP647</name>
  </trkpt>
  <trkpt lat="68.2321" lon="13.74023">
    <name>TP648</name>
  </trkpt>
  <trkpt lat="68.23224" lon="13.7404">
    <name>TP649</name>
  </trkpt>
  <trkpt lat="68.23248" lon="13.74071">
    <name>TP650</name>
  </trkpt>
  <trkpt lat="68.23275" lon="13.74105">
    <name>TP651</name>
  </trkpt>
  <trkpt lat="68.23297" lon="13.74133">
    <name>TP652</name>
  </trkpt>
  <trkpt lat="68.23308" lon="13.74147">
    <name>TP653</name>
  </trkpt>
  <trkpt lat="68.23333" lon="13.74179">
    <name>TP654</name>
  </trkpt>
  <trkpt lat="68.2336" lon="13.74213">
    <name>TP655</name>
  </trkpt>
  <trkpt lat="68.2339" lon="13.7425">
    <name>TP656</name>
  </trkpt>
  <trkpt lat="68.23422" lon="13.74291">
    <name>TP657</name>
  </trkpt>
  <trkpt lat="68.23426" lon="13.74296">
    <name>TP658</name>
  </trkpt>
  <trkpt lat="68.23429" lon="13.743">
    <name>TP659</name>
  </trkpt>
  <trkpt lat="68.23454" lon="13.74332">
    <name>TP660</name>
  </trkpt>
  <trkpt lat="68.23479" lon="13.74363">
    <name>TP661</name>
  </trkpt>
  <trkpt lat="68.23482" lon="13.74366">
    <name>TP662</name>
  </trkpt>
  <trkpt lat="68.23493" lon="13.74381">
    <name>TP663</name>
  </trkpt>
  <trkpt lat="68.23507" lon="13.74398">
    <name>TP664</name>
  </trkpt>
  <trkpt lat="68.23531" lon="13.7443">
    <name>TP665</name>
  </trkpt>
  <trkpt lat="68.23536" lon="13.74436">
    <name>TP666</name>
  </trkpt>
  <trkpt lat="68.2354" lon="13.74441">
    <name>TP667</name>
  </trkpt>
  <trkpt lat="68.23545" lon="13.74447">
    <name>TP668</name>
  </trkpt>
  <trkpt lat="68.23572" lon="13.74483">
    <name>TP669</name>
  </trkpt>
  <trkpt lat="68.23583" lon="13.74498">
    <name>TP670</name>
  </trkpt>
  <trkpt lat="68.23588" lon="13.74503">
    <name>TP671</name>
  </trkpt>
  <trkpt lat="68.23612" lon="13.74533">
    <name>TP672</name>
  </trkpt>
  <trkpt lat="68.23621" lon="13.74544">
    <name>TP673</name>
  </trkpt>
  <trkpt lat="68.23624" lon="13.74548">
    <name>TP674</name>
  </trkpt>
  <trkpt lat="68.23637" lon="13.74564">
    <name>TP675</name>
  </trkpt>
  <trkpt lat="68.23647" lon="13.74577">
    <name>TP676</name>
  </trkpt>
  <trkpt lat="68.23666" lon="13.74602">
    <name>TP677</name>
  </trkpt>
  <trkpt lat="68.23679" lon="13.74618">
    <name>TP678</name>
  </trkpt>
  <trkpt lat="68.23686" lon="13.74626">
    <name>TP679</name>
  </trkpt>
  <trkpt lat="68.23696" lon="13.74639">
    <name>TP680</name>
  </trkpt>
  <trkpt lat="68.23706" lon="13.74652">
    <name>TP681</name>
  </trkpt>
  <trkpt lat="68.23723" lon="13.74673">
    <name>TP682</name>
  </trkpt>
  <trkpt lat="68.23725" lon="13.74675">
    <name>TP683</name>
  </trkpt>
  <trkpt lat="68.23735" lon="13.74689">
    <name>TP684</name>
  </trkpt>
  <trkpt lat="68.23744" lon="13.74701">
    <name>TP685</name>
  </trkpt>
  <trkpt lat="68.23782" lon="13.74746">
    <name>TP686</name>
  </trkpt>
  <trkpt lat="68.23809" lon="13.7478">
    <name>TP687</name>
  </trkpt>
  <trkpt lat="68.23822" lon="13.74797">
    <name>TP688</name>
  </trkpt>
  <trkpt lat="68.2384" lon="13.74819">
    <name>TP689</name>
  </trkpt>
  <trkpt lat="68.23849" lon="13.74831">
    <name>TP690</name>
  </trkpt>
  <trkpt lat="68.2387" lon="13.74855">
    <name>TP691</name>
  </trkpt>
  <trkpt lat="68.23898" lon="13.74889">
    <name>TP692</name>
  </trkpt>
  <trkpt lat="68.23912" lon="13.74907">
    <name>TP693</name>
  </trkpt>
  <trkpt lat="68.23922" lon="13.7492">
    <name>TP694</name>
  </trkpt>
  <trkpt lat="68.23934" lon="13.74934">
    <name>TP695</name>
  </trkpt>
  <trkpt lat="68.23945" lon="13.74948">
    <name>TP696</name>
  </trkpt>
  <trkpt lat="68.23956" lon="13.74962">
    <name>TP697</name>
  </trkpt>
  <trkpt lat="68.23971" lon="13.74981">
    <name>TP698</name>
  </trkpt>
  <trkpt lat="68.24001" lon="13.7502">
    <name>TP699</name>
  </trkpt>
  <trkpt lat="68.24009" lon="13.7503">
    <name>TP700</name>
  </trkpt>
  <trkpt lat="68.24019" lon="13.75042">
    <name>TP701</name>
  </trkpt>
  <trkpt lat="68.24035" lon="13.75062">
    <name>TP702</name>
  </trkpt>
  <trkpt lat="68.2405" lon="13.75083">
    <name>TP703</name>
  </trkpt>
  <trkpt lat="68.24059" lon="13.75094">
    <name>TP704</name>
  </trkpt>
  <trkpt lat="68.24067" lon="13.75104">
    <name>TP705</name>
  </trkpt>
  <trkpt lat="68.24079" lon="13.7512">
    <name>TP706</name>
  </trkpt>
  <trkpt lat="68.24095" lon="13.75142">
    <name>TP707</name>
  </trkpt>
  <trkpt lat="68.24097" lon="13.75144">
    <name>TP708</name>
  </trkpt>
  <trkpt lat="68.24101" lon="13.7515">
    <name>TP709</name>
  </trkpt>
  <trkpt lat="68.24102" lon="13.75151">
    <name>TP710</name>
  </trkpt>
  <trkpt lat="68.24112" lon="13.75164">
    <name>TP711</name>
  </trkpt>
  <trkpt lat="68.24119" lon="13.75174">
    <name>TP712</name>
  </trkpt>
  <trkpt lat="68.24128" lon="13.75185">
    <name>TP713</name>
  </trkpt>
  <trkpt lat="68.24134" lon="13.75192">
    <name>TP714</name>
  </trkpt>
  <trkpt lat="68.24144" lon="13.75205">
    <name>TP715</name>
  </trkpt>
  <trkpt lat="68.24145" lon="13.75207">
    <name>TP716</name>
  </trkpt>
  <trkpt lat="68.24152" lon="13.75216">
    <name>TP717</name>
  </trkpt>
  <trkpt lat="68.24162" lon="13.75228">
    <name>TP718</name>
  </trkpt>
  <trkpt lat="68.24172" lon="13.7524">
    <name>TP719</name>
  </trkpt>
  <trkpt lat="68.24179" lon="13.7525">
    <name>TP720</name>
  </trkpt>
  <trkpt lat="68.24193" lon="13.75267">
    <name>TP721</name>
  </trkpt>
  <trkpt lat="68.24205" lon="13.75281">
    <name>TP722</name>
  </trkpt>
  <trkpt lat="68.24213" lon="13.7529">
    <name>TP723</name>
  </trkpt>
  <trkpt lat="68.24234" lon="13.75311">
    <name>TP724</name>
  </trkpt>
  <trkpt lat="68.24255" lon="13.75333">
    <name>TP725</name>
  </trkpt>
  <trkpt lat="68.24262" lon="13.75341">
    <name>TP726</name>
  </trkpt>
  <trkpt lat="68.24266" lon="13.75345">
    <name>TP727</name>
  </trkpt>
  <trkpt lat="68.24276" lon="13.75355">
    <name>TP728</name>
  </trkpt>
  <trkpt lat="68.24294" lon="13.75373">
    <name>TP729</name>
  </trkpt>
  <trkpt lat="68.24311" lon="13.75389">
    <name>TP730</name>
  </trkpt>
  <trkpt lat="68.24329" lon="13.75406">
    <name>TP731</name>
  </trkpt>
  <trkpt lat="68.24355" lon="13.75435">
    <name>TP732</name>
  </trkpt>
  <trkpt lat="68.24374" lon="13.75459">
    <name>TP733</name>
  </trkpt>
  <trkpt lat="68.24391" lon="13.75478">
    <name>TP734</name>
  </trkpt>
  <trkpt lat="68.24403" lon="13.75494">
    <name>TP735</name>
  </trkpt>
  <trkpt lat="68.24406" lon="13.75499">
    <name>TP736</name>
  </trkpt>
  <trkpt lat="68.24408" lon="13.755">
    <name>TP737</name>
  </trkpt>
  <trkpt lat="68.24423" lon="13.75518">
    <name>TP738</name>
  </trkpt>
  <trkpt lat="68.24428" lon="13.75524">
    <name>TP739</name>
  </trkpt>
  <trkpt lat="68.24439" lon="13.75539">
    <name>TP740</name>
  </trkpt>
  <trkpt lat="68.2445" lon="13.75554">
    <name>TP741</name>
  </trkpt>
  <trkpt lat="68.24455" lon="13.75561">
    <name>TP742</name>
  </trkpt>
  <trkpt lat="68.24472" lon="13.75584">
    <name>TP743</name>
  </trkpt>
  <trkpt lat="68.24497" lon="13.75617">
    <name>TP744</name>
  </trkpt>
  <trkpt lat="68.24519" lon="13.75648">
    <name>TP745</name>
  </trkpt>
  <trkpt lat="68.24547" lon="13.75687">
    <name>TP746</name>
  </trkpt>
  <trkpt lat="68.24582" lon="13.75731">
    <name>TP747</name>
  </trkpt>
  <trkpt lat="68.24598" lon="13.75757">
    <name>TP748</name>
  </trkpt>
  <trkpt lat="68.24612" lon="13.75777">
    <name>TP749</name>
  </trkpt>
  <trkpt lat="68.2462" lon="13.75789">
    <name>TP750</name>
  </trkpt>
  <trkpt lat="68.24625" lon="13.75796">
    <name>TP751</name>
  </trkpt>
  <trkpt lat="68.24637" lon="13.75814">
    <name>TP752</name>
  </trkpt>
  <trkpt lat="68.24649" lon="13.75835">
    <name>TP753</name>
  </trkpt>
  <trkpt lat="68.24666" lon="13.75864">
    <name>TP754</name>
  </trkpt>
  <trkpt lat="68.24682" lon="13.75891">
    <name>TP755</name>
  </trkpt>
  <trkpt lat="68.24698" lon="13.7592">
    <name>TP756</name>
  </trkpt>
  <trkpt lat="68.24715" lon="13.75952">
    <name>TP757</name>
  </trkpt>
  <trkpt lat="68.24716" lon="13.75955">
    <name>TP758</name>
  </trkpt>
  <trkpt lat="68.24729" lon="13.75981">
    <name>TP759</name>
  </trkpt>
  <trkpt lat="68.24746" lon="13.76015">
    <name>TP760</name>
  </trkpt>
  <trkpt lat="68.24753" lon="13.76027">
    <name>TP761</name>
  </trkpt>
  <trkpt lat="68.24761" lon="13.76045">
    <name>TP762</name>
  </trkpt>
  <trkpt lat="68.24774" lon="13.76073">
    <name>TP763</name>
  </trkpt>
  <trkpt lat="68.248" lon="13.76131">
    <name>TP764</name>
  </trkpt>
  <trkpt lat="68.24818" lon="13.7617">
    <name>TP765</name>
  </trkpt>
  <trkpt lat="68.24831" lon="13.76197">
    <name>TP766</name>
  </trkpt>
  <trkpt lat="68.24856" lon="13.76252">
    <name>TP767</name>
  </trkpt>
  <trkpt lat="68.24881" lon="13.76307">
    <name>TP768</name>
  </trkpt>
  <trkpt lat="68.24915" lon="13.76385">
    <name>TP769</name>
  </trkpt>
  <trkpt lat="68.24943" lon="13.76447">
    <name>TP770</name>
  </trkpt>
  <trkpt lat="68.24971" lon="13.76508">
    <name>TP771</name>
  </trkpt>
  <trkpt lat="68.24973" lon="13.76512">
    <name>TP772</name>
  </trkpt>
  <trkpt lat="68.2499" lon="13.76548">
    <name>TP773</name>
  </trkpt>
  <trkpt lat="68.24997" lon="13.76561">
    <name>TP774</name>
  </trkpt>
  <trkpt lat="68.25003" lon="13.76574">
    <name>TP775</name>
  </trkpt>
  <trkpt lat="68.25025" lon="13.76625">
    <name>TP776</name>
  </trkpt>
  <trkpt lat="68.25033" lon="13.76642">
    <name>TP777</name>
  </trkpt>
  <trkpt lat="68.25051" lon="13.76682">
    <name>TP778</name>
  </trkpt>
  <trkpt lat="68.25059" lon="13.767">
    <name>TP779</name>
  </trkpt>
  <trkpt lat="68.2507" lon="13.76728">
    <name>TP780</name>
  </trkpt>
  <trkpt lat="68.25094" lon="13.76794">
    <name>TP781</name>
  </trkpt>
  <trkpt lat="68.25101" lon="13.76815">
    <name>TP782</name>
  </trkpt>
  <trkpt lat="68.25118" lon="13.76874">
    <name>TP783</name>
  </trkpt>
  <trkpt lat="68.25123" lon="13.7689">
    <name>TP784</name>
  </trkpt>
  <trkpt lat="68.25134" lon="13.76935">
    <name>TP785</name>
  </trkpt>
  <trkpt lat="68.25148" lon="13.76989">
    <name>TP786</name>
  </trkpt>
  <trkpt lat="68.25151" lon="13.77002">
    <name>TP787</name>
  </trkpt>
  <trkpt lat="68.25159" lon="13.77041">
    <name>TP788</name>
  </trkpt>
  <trkpt lat="68.25164" lon="13.77074">
    <name>TP789</name>
  </trkpt>
  <trkpt lat="68.25172" lon="13.77119">
    <name>TP790</name>
  </trkpt>
  <trkpt lat="68.2517185" lon="13.7711856">
    <name>TP791</name>
  </trkpt>
  <trkpt lat="68.25174" lon="13.77115">
    <name>TP792</name>
  </trkpt>
  <trkpt lat="68.2518" lon="13.77106">
    <name>TP793</name>
  </trkpt>
  <trkpt lat="68.25184" lon="13.77101">
    <name>TP794</name>
  </trkpt>
  <trkpt lat="68.25205" lon="13.77073">
    <name>TP795</name>
  </trkpt>
  <trkpt lat="68.25209" lon="13.77071">
    <name>TP796</name>
  </trkpt>
  <trkpt lat="68.25212" lon="13.7707">
    <name>TP797</name>
  </trkpt>
  <trkpt lat="68.25215" lon="13.77073">
    <name>TP798</name>
  </trkpt>
  <trkpt lat="68.25222" lon="13.77093">
    <name>TP799</name>
  </trkpt>
  <trkpt lat="68.25237" lon="13.77141">
    <name>TP800</name>
  </trkpt>
  <trkpt lat="68.25245" lon="13.77166">
    <name>TP801</name>
  </trkpt>
  <trkpt lat="68.2527" lon="13.77245">
    <name>TP802</name>
  </trkpt>
  <trkpt lat="68.25272" lon="13.77252">
    <name>TP803</name>
  </trkpt>
  <trkpt lat="68.25284" lon="13.77288">
    <name>TP804</name>
  </trkpt>
  <trkpt lat="68.25289" lon="13.77304">
    <name>TP805</name>
  </trkpt>
  <trkpt lat="68.25296" lon="13.77324">
    <name>TP806</name>
  </trkpt>
  <trkpt lat="68.253" lon="13.77333">
    <name>TP807</name>
  </trkpt>
  <trkpt lat="68.25306" lon="13.7735">
    <name>TP808</name>
  </trkpt>
  <trkpt lat="68.25306" lon="13.77352">
    <name>TP809</name>
  </trkpt>
  <trkpt lat="68.25309" lon="13.77358">
    <name>TP810</name>
  </trkpt>
  <trkpt lat="68.2531" lon="13.77362">
    <name>TP811</name>
  </trkpt>
  <trkpt lat="68.25322" lon="13.77392">
    <name>TP812</name>
  </trkpt>
  <trkpt lat="68.25322" lon="13.77393">
    <name>TP813</name>
  </trkpt>
  <trkpt lat="68.25343" lon="13.77444">
    <name>TP814</name>
  </trkpt>
  <trkpt lat="68.25361" lon="13.77493">
    <name>TP815</name>
  </trkpt>
  <trkpt lat="68.25362" lon="13.77497">
    <name>TP816</name>
  </trkpt>
  <trkpt lat="68.25364" lon="13.77503">
    <name>TP817</name>
  </trkpt>
  <trkpt lat="68.25369" lon="13.77525">
    <name>TP818</name>
  </trkpt>
  <trkpt lat="68.25371" lon="13.77532">
    <name>TP819</name>
  </trkpt>
  <trkpt lat="68.25379" lon="13.77563">
    <name>TP820</name>
  </trkpt>
  <trkpt lat="68.25381" lon="13.77573">
    <name>TP821</name>
  </trkpt>
  <trkpt lat="68.2539" lon="13.77614">
    <name>TP822</name>
  </trkpt>
  <trkpt lat="68.25395" lon="13.77637">
    <name>TP823</name>
  </trkpt>
  <trkpt lat="68.254" lon="13.77656">
    <name>TP824</name>
  </trkpt>
  <trkpt lat="68.25405" lon="13.7768">
    <name>TP825</name>
  </trkpt>
  <trkpt lat="68.25407" lon="13.7769">
    <name>TP826</name>
  </trkpt>
  <trkpt lat="68.25408" lon="13.77698">
    <name>TP827</name>
  </trkpt>
  <trkpt lat="68.25409" lon="13.77701">
    <name>TP828</name>
  </trkpt>
  <trkpt lat="68.2541" lon="13.77708">
    <name>TP829</name>
  </trkpt>
  <trkpt lat="68.25413" lon="13.77718">
    <name>TP830</name>
  </trkpt>
  <trkpt lat="68.25416" lon="13.77733">
    <name>TP831</name>
  </trkpt>
  <trkpt lat="68.25431" lon="13.77799">
    <name>TP832</name>
  </trkpt>
  <trkpt lat="68.25438" lon="13.77823">
    <name>TP833</name>
  </trkpt>
  <trkpt lat="68.25446" lon="13.77853">
    <name>TP834</name>
  </trkpt>
  <trkpt lat="68.25448" lon="13.7786">
    <name>TP835</name>
  </trkpt>
  <trkpt lat="68.2545" lon="13.77867">
    <name>TP836</name>
  </trkpt>
  <trkpt lat="68.25454" lon="13.77876">
    <name>TP837</name>
  </trkpt>
  <trkpt lat="68.25459" lon="13.77885">
    <name>TP838</name>
  </trkpt>
  <trkpt lat="68.25463" lon="13.77892">
    <name>TP839</name>
  </trkpt>
  <trkpt lat="68.25468" lon="13.77903">
    <name>TP840</name>
  </trkpt>
  <trkpt lat="68.25494" lon="13.77962">
    <name>TP841</name>
  </trkpt>
  <trkpt lat="68.25532" lon="13.78028">
    <name>TP842</name>
  </trkpt>
  <trkpt lat="68.25542" lon="13.78047">
    <name>TP843</name>
  </trkpt>
  <trkpt lat="68.25553" lon="13.78066">
    <name>TP844</name>
  </trkpt>
  <trkpt lat="68.25562" lon="13.78083">
    <name>TP845</name>
  </trkpt>
  <trkpt lat="68.25577" lon="13.7811">
    <name>TP846</name>
  </trkpt>
  <trkpt lat="68.25581" lon="13.78115">
    <name>TP847</name>
  </trkpt>
  <trkpt lat="68.25584" lon="13.78122">
    <name>TP848</name>
  </trkpt>
  <trkpt lat="68.25592" lon="13.78133">
    <name>TP849</name>
  </trkpt>
  <trkpt lat="68.25607" lon="13.78154">
    <name>TP850</name>
  </trkpt>
  <trkpt lat="68.2560736" lon="13.7815368">
    <name>TP851</name>
  </trkpt>
  <trkpt lat="68.25616" lon="13.78121">
    <name>TP852</name>
  </trkpt>
  <trkpt lat="68.25626" lon="13.78094">
    <name>TP853</name>
  </trkpt>
  <trkpt lat="68.25629" lon="13.78085">
    <name>TP854</name>
  </trkpt>
  <trkpt lat="68.2563" lon="13.78081">
    <name>TP855</name>
  </trkpt>
  <trkpt lat="68.25649" lon="13.78028">
    <name>TP856</name>
  </trkpt>
  <trkpt lat="68.25664" lon="13.77989">
    <name>TP857</name>
  </trkpt>
  <trkpt lat="68.25673" lon="13.77964">
    <name>TP858</name>
  </trkpt>
  <trkpt lat="68.25682" lon="13.77938">
    <name>TP859</name>
  </trkpt>
  <trkpt lat="68.25691" lon="13.77918">
    <name>TP860</name>
  </trkpt>
  <trkpt lat="68.25702" lon="13.77902">
    <name>TP861</name>
  </trkpt>
  <trkpt lat="68.25714" lon="13.77891">
    <name>TP862</name>
  </trkpt>
  <trkpt lat="68.25732" lon="13.7788">
    <name>TP863</name>
  </trkpt>
  <trkpt lat="68.25742" lon="13.7787">
    <name>TP864</name>
  </trkpt>
  <trkpt lat="68.25756" lon="13.77857">
    <name>TP865</name>
  </trkpt>
  <trkpt lat="68.25767" lon="13.77844">
    <name>TP866</name>
  </trkpt>
  <trkpt lat="68.25781" lon="13.77834">
    <name>TP867</name>
  </trkpt>
  <trkpt lat="68.25792" lon="13.77827">
    <name>TP868</name>
  </trkpt>
  <trkpt lat="68.25796" lon="13.77826">
    <name>TP869</name>
  </trkpt>
  <trkpt lat="68.25809" lon="13.77822">
    <name>TP870</name>
  </trkpt>
  <trkpt lat="68.25818" lon="13.7782">
    <name>TP871</name>
  </trkpt>
  <trkpt lat="68.2583" lon="13.77817">
    <name>TP872</name>
  </trkpt>
  <trkpt lat="68.25851" lon="13.77813">
    <name>TP873</name>
  </trkpt>
  <trkpt lat="68.25873" lon="13.77811">
    <name>TP874</name>
  </trkpt>
  <trkpt lat="68.25896" lon="13.77809">
    <name>TP875</name>
  </trkpt>
  <trkpt lat="68.25918" lon="13.77808">
    <name>TP876</name>
  </trkpt>
  <trkpt lat="68.25943" lon="13.7781">
    <name>TP877</name>
  </trkpt>
  <trkpt lat="68.25954" lon="13.77811">
    <name>TP878</name>
  </trkpt>
  <trkpt lat="68.2597" lon="13.77814">
    <name>TP879</name>
  </trkpt>
  <trkpt lat="68.25987" lon="13.77822">
    <name>TP880</name>
  </trkpt>
  <trkpt lat="68.26002" lon="13.77831">
    <name>TP881</name>
  </trkpt>
  <trkpt lat="68.26016" lon="13.7784">
    <name>TP882</name>
  </trkpt>
  <trkpt lat="68.26027" lon="13.77849">
    <name>TP883</name>
  </trkpt>
  <trkpt lat="68.26039" lon="13.7786">
    <name>TP884</name>
  </trkpt>
  <trkpt lat="68.26057" lon="13.77877">
    <name>TP885</name>
  </trkpt>
  <trkpt lat="68.26067" lon="13.77887">
    <name>TP886</name>
  </trkpt>
  <trkpt lat="68.26079" lon="13.77898">
    <name>TP887</name>
  </trkpt>
  <trkpt lat="68.26091" lon="13.77908">
    <name>TP888</name>
  </trkpt>
  <trkpt lat="68.26102" lon="13.77916">
    <name>TP889</name>
  </trkpt>
  <trkpt lat="68.26115" lon="13.77924">
    <name>TP890</name>
  </trkpt>
  <trkpt lat="68.26129" lon="13.77926">
    <name>TP891</name>
  </trkpt>
  <trkpt lat="68.26148" lon="13.77927">
    <name>TP892</name>
  </trkpt>
  <trkpt lat="68.26166" lon="13.77925">
    <name>TP893</name>
  </trkpt>
  <trkpt lat="68.26186" lon="13.7792">
    <name>TP894</name>
  </trkpt>
  <trkpt lat="68.26204" lon="13.77915">
    <name>TP895</name>
  </trkpt>
  <trkpt lat="68.26218" lon="13.77908">
    <name>TP896</name>
  </trkpt>
  <trkpt lat="68.26228" lon="13.77899">
    <name>TP897</name>
  </trkpt>
  <trkpt lat="68.26234" lon="13.77894">
    <name>TP898</name>
  </trkpt>
  <trkpt lat="68.26238" lon="13.77888">
    <name>TP899</name>
  </trkpt>
  <trkpt lat="68.26244" lon="13.77879">
    <name>TP900</name>
  </trkpt>
  <trkpt lat="68.26249" lon="13.77872">
    <name>TP901</name>
  </trkpt>
  <trkpt lat="68.26253" lon="13.77864">
    <name>TP902</name>
  </trkpt>
  <trkpt lat="68.26262" lon="13.77847">
    <name>TP903</name>
  </trkpt>
  <trkpt lat="68.26276" lon="13.77815">
    <name>TP904</name>
  </trkpt>
  <trkpt lat="68.26289" lon="13.77782">
    <name>TP905</name>
  </trkpt>
  <trkpt lat="68.263" lon="13.77748">
    <name>TP906</name>
  </trkpt>
  <trkpt lat="68.26305" lon="13.77731">
    <name>TP907</name>
  </trkpt>
  <trkpt lat="68.2631" lon="13.77716">
    <name>TP908</name>
  </trkpt>
  <trkpt lat="68.26311" lon="13.77711">
    <name>TP909</name>
  </trkpt>
  <trkpt lat="68.26321" lon="13.77668">
    <name>TP910</name>
  </trkpt>
  <trkpt lat="68.26329" lon="13.77633">
    <name>TP911</name>
  </trkpt>
  <trkpt lat="68.26333" lon="13.77607">
    <name>TP912</name>
  </trkpt>
  <trkpt lat="68.26335" lon="13.776">
    <name>TP913</name>
  </trkpt>
  <trkpt lat="68.26335" lon="13.77599">
    <name>TP914</name>
  </trkpt>
  <trkpt lat="68.26336" lon="13.77595">
    <name>TP915</name>
  </trkpt>
  <trkpt lat="68.26337" lon="13.77588">
    <name>TP916</name>
  </trkpt>
  <trkpt lat="68.26341" lon="13.77563">
    <name>TP917</name>
  </trkpt>
  <trkpt lat="68.26342" lon="13.77555">
    <name>TP918</name>
  </trkpt>
  <trkpt lat="68.26348" lon="13.77518">
    <name>TP919</name>
  </trkpt>
  <trkpt lat="68.26356" lon="13.77468">
    <name>TP920</name>
  </trkpt>
  <trkpt lat="68.26362" lon="13.77428">
    <name>TP921</name>
  </trkpt>
  <trkpt lat="68.26365" lon="13.77403">
    <name>TP922</name>
  </trkpt>
  <trkpt lat="68.26369" lon="13.77384">
    <name>TP923</name>
  </trkpt>
  <trkpt lat="68.26372" lon="13.77366">
    <name>TP924</name>
  </trkpt>
  <trkpt lat="68.26376" lon="13.77345">
    <name>TP925</name>
  </trkpt>
  <trkpt lat="68.26377" lon="13.77336">
    <name>TP926</name>
  </trkpt>
  <trkpt lat="68.26384" lon="13.77305">
    <name>TP927</name>
  </trkpt>
  <trkpt lat="68.26392" lon="13.77277">
    <name>TP928</name>
  </trkpt>
  <trkpt lat="68.26398" lon="13.77262">
    <name>TP929</name>
  </trkpt>
  <trkpt lat="68.26404" lon="13.77248">
    <name>TP930</name>
  </trkpt>
  <trkpt lat="68.26404" lon="13.77247">
    <name>TP931</name>
  </trkpt>
  <trkpt lat="68.26409" lon="13.77233">
    <name>TP932</name>
  </trkpt>
  <trkpt lat="68.26411" lon="13.77229">
    <name>TP933</name>
  </trkpt>
  <trkpt lat="68.26416" lon="13.77217">
    <name>TP934</name>
  </trkpt>
  <trkpt lat="68.26437" lon="13.7717">
    <name>TP935</name>
  </trkpt>
  <trkpt lat="68.26444" lon="13.77152">
    <name>TP936</name>
  </trkpt>
  <trkpt lat="68.2645" lon="13.77138">
    <name>TP937</name>
  </trkpt>
  <trkpt lat="68.26452" lon="13.77134">
    <name>TP938</name>
  </trkpt>
  <trkpt lat="68.26457" lon="13.77122">
    <name>TP939</name>
  </trkpt>
  <trkpt lat="68.26464" lon="13.77107">
    <name>TP940</name>
  </trkpt>
  <trkpt lat="68.26466" lon="13.77103">
    <name>TP941</name>
  </trkpt>
  <trkpt lat="68.26484" lon="13.77064">
    <name>TP942</name>
  </trkpt>
  <trkpt lat="68.26504" lon="13.77017">
    <name>TP943</name>
  </trkpt>
  <trkpt lat="68.26507" lon="13.77009">
    <name>TP944</name>
  </trkpt>
  <trkpt lat="68.26516" lon="13.76986">
    <name>TP945</name>
  </trkpt>
  <trkpt lat="68.26518" lon="13.7698">
    <name>TP946</name>
  </trkpt>
  <trkpt lat="68.2652" lon="13.76976">
    <name>TP947</name>
  </trkpt>
  <trkpt lat="68.26525" lon="13.76964">
    <name>TP948</name>
  </trkpt>
  <trkpt lat="68.26526" lon="13.76961">
    <name>TP949</name>
  </trkpt>
  <trkpt lat="68.26533" lon="13.76943">
    <name>TP950</name>
  </trkpt>
  <trkpt lat="68.26536" lon="13.76936">
    <name>TP951</name>
  </trkpt>
  <trkpt lat="68.26545" lon="13.76914">
    <name>TP952</name>
  </trkpt>
  <trkpt lat="68.26547" lon="13.7691">
    <name>TP953</name>
  </trkpt>
  <trkpt lat="68.26557" lon="13.76886">
    <name>TP954</name>
  </trkpt>
  <trkpt lat="68.26569" lon="13.76864">
    <name>TP955</name>
  </trkpt>
  <trkpt lat="68.26574" lon="13.76856">
    <name>TP956</name>
  </trkpt>
  <trkpt lat="68.26575" lon="13.76853">
    <name>TP957</name>
  </trkpt>
  <trkpt lat="68.26582" lon="13.76841">
    <name>TP958</name>
  </trkpt>
  <trkpt lat="68.26591" lon="13.76827">
    <name>TP959</name>
  </trkpt>
  <trkpt lat="68.26592" lon="13.76825">
    <name>TP960</name>
  </trkpt>
  <trkpt lat="68.266" lon="13.7681">
    <name>TP961</name>
  </trkpt>
  <trkpt lat="68.26606" lon="13.76796">
    <name>TP962</name>
  </trkpt>
  <trkpt lat="68.26613" lon="13.76777">
    <name>TP963</name>
  </trkpt>
  <trkpt lat="68.26617" lon="13.76759">
    <name>TP964</name>
  </trkpt>
  <trkpt lat="68.26622" lon="13.76736">
    <name>TP965</name>
  </trkpt>
  <trkpt lat="68.26624" lon="13.76723">
    <name>TP966</name>
  </trkpt>
  <trkpt lat="68.26624" lon="13.76717">
    <name>TP967</name>
  </trkpt>
  <trkpt lat="68.26625" lon="13.76711">
    <name>TP968</name>
  </trkpt>
  <trkpt lat="68.26628" lon="13.76676">
    <name>TP969</name>
  </trkpt>
  <trkpt lat="68.26629" lon="13.7667">
    <name>TP970</name>
  </trkpt>
  <trkpt lat="68.2663" lon="13.76642">
    <name>TP971</name>
  </trkpt>
  <trkpt lat="68.26631" lon="13.76622">
    <name>TP972</name>
  </trkpt>
  <trkpt lat="68.26632" lon="13.76609">
    <name>TP973</name>
  </trkpt>
  <trkpt lat="68.26632" lon="13.7658">
    <name>TP974</name>
  </trkpt>
  <trkpt lat="68.26632" lon="13.76574">
    <name>TP975</name>
  </trkpt>
  <trkpt lat="68.26631" lon="13.76549">
    <name>TP976</name>
  </trkpt>
  <trkpt lat="68.26629" lon="13.76526">
    <name>TP977</name>
  </trkpt>
  <trkpt lat="68.26628" lon="13.7652">
    <name>TP978</name>
  </trkpt>
  <trkpt lat="68.26626" lon="13.76492">
    <name>TP979</name>
  </trkpt>
  <trkpt lat="68.26626" lon="13.76484">
    <name>TP980</name>
  </trkpt>
  <trkpt lat="68.26626" lon="13.76478">
    <name>TP981</name>
  </trkpt>
  <trkpt lat="68.26625" lon="13.76458">
    <name>TP982</name>
  </trkpt>
  <trkpt lat="68.26625" lon="13.76457">
    <name>TP983</name>
  </trkpt>
  <trkpt lat="68.26625" lon="13.76436">
    <name>TP984</name>
  </trkpt>
  <trkpt lat="68.26624" lon="13.7643">
    <name>TP985</name>
  </trkpt>
  <trkpt lat="68.26624" lon="13.76425">
    <name>TP986</name>
  </trkpt>
  <trkpt lat="68.26625" lon="13.76393">
    <name>TP987</name>
  </trkpt>
  <trkpt lat="68.26627" lon="13.76344">
    <name>TP988</name>
  </trkpt>
  <trkpt lat="68.26632" lon="13.76302">
    <name>TP989</name>
  </trkpt>
  <trkpt lat="68.26634" lon="13.76287">
    <name>TP990</name>
  </trkpt>
  <trkpt lat="68.26636" lon="13.7627">
    <name>TP991</name>
  </trkpt>
  <trkpt lat="68.2664" lon="13.76248">
    <name>TP992</name>
  </trkpt>
  <trkpt lat="68.26642" lon="13.76238">
    <name>TP993</name>
  </trkpt>
  <trkpt lat="68.26649" lon="13.76222">
    <name>TP994</name>
  </trkpt>
  <trkpt lat="68.26657" lon="13.76207">
    <name>TP995</name>
  </trkpt>
  <trkpt lat="68.2667" lon="13.76197">
    <name>TP996</name>
  </trkpt>
  <trkpt lat="68.26685" lon="13.76187">
    <name>TP997</name>
  </trkpt>
  <trkpt lat="68.26687" lon="13.76186">
    <name>TP998</name>
  </trkpt>
  <trkpt lat="68.26704" lon="13.76179">
    <name>TP999</name>
  </trkpt>
  <trkpt lat="68.26708" lon="13.76177">
    <name>TP1000</name>
  </trkpt>
  <trkpt lat="68.26719" lon="13.7617">
    <name>TP1001</name>
  </trkpt>
  <trkpt lat="68.26722" lon="13.76168">
    <name>TP1002</name>
  </trkpt>
  <trkpt lat="68.26729" lon="13.76161">
    <name>TP1003</name>
  </trkpt>
  <trkpt lat="68.26736" lon="13.76153">
    <name>TP1004</name>
  </trkpt>
  <trkpt lat="68.26743" lon="13.76136">
    <name>TP1005</name>
  </trkpt>
  <trkpt lat="68.2675" lon="13.76114">
    <name>TP1006</name>
  </trkpt>
  <trkpt lat="68.26755" lon="13.76091">
    <name>TP1007</name>
  </trkpt>
  <trkpt lat="68.26758" lon="13.7607">
    <name>TP1008</name>
  </trkpt>
  <trkpt lat="68.2676" lon="13.76047">
    <name>TP1009</name>
  </trkpt>
  <trkpt lat="68.26761" lon="13.76025">
    <name>TP1010</name>
  </trkpt>
  <trkpt lat="68.2676" lon="13.76003">
    <name>TP1011</name>
  </trkpt>
  <trkpt lat="68.26757" lon="13.75979">
    <name>TP1012</name>
  </trkpt>
  <trkpt lat="68.26752" lon="13.7595">
    <name>TP1013</name>
  </trkpt>
  <trkpt lat="68.26742" lon="13.75896">
    <name>TP1014</name>
  </trkpt>
  <trkpt lat="68.26731" lon="13.75844">
    <name>TP1015</name>
  </trkpt>
  <trkpt lat="68.2673" lon="13.7584">
    <name>TP1016</name>
  </trkpt>
  <trkpt lat="68.26722" lon="13.75802">
    <name>TP1017</name>
  </trkpt>
  <trkpt lat="68.26719" lon="13.75791">
    <name>TP1018</name>
  </trkpt>
  <trkpt lat="68.26712" lon="13.75761">
    <name>TP1019</name>
  </trkpt>
  <trkpt lat="68.2671" lon="13.75752">
    <name>TP1020</name>
  </trkpt>
  <trkpt lat="68.26703" lon="13.75722">
    <name>TP1021</name>
  </trkpt>
  <trkpt lat="68.26702" lon="13.75721">
    <name>TP1022</name>
  </trkpt>
  <trkpt lat="68.26694" lon="13.75691">
    <name>TP1023</name>
  </trkpt>
  <trkpt lat="68.26686" lon="13.75663">
    <name>TP1024</name>
  </trkpt>
  <trkpt lat="68.2668" lon="13.75645">
    <name>TP1025</name>
  </trkpt>
  <trkpt lat="68.26678" lon="13.75639">
    <name>TP1026</name>
  </trkpt>
  <trkpt lat="68.26669" lon="13.75618">
    <name>TP1027</name>
  </trkpt>
  <trkpt lat="68.26667" lon="13.75613">
    <name>TP1028</name>
  </trkpt>
  <trkpt lat="68.26657" lon="13.75593">
    <name>TP1029</name>
  </trkpt>
  <trkpt lat="68.26652" lon="13.75583">
    <name>TP1030</name>
  </trkpt>
  <trkpt lat="68.26648" lon="13.75574">
    <name>TP1031</name>
  </trkpt>
  <trkpt lat="68.26641" lon="13.75557">
    <name>TP1032</name>
  </trkpt>
  <trkpt lat="68.26639" lon="13.7555">
    <name>TP1033</name>
  </trkpt>
  <trkpt lat="68.26635" lon="13.75537">
    <name>TP1034</name>
  </trkpt>
  <trkpt lat="68.2663" lon="13.75516">
    <name>TP1035</name>
  </trkpt>
  <trkpt lat="68.26626" lon="13.75492">
    <name>TP1036</name>
  </trkpt>
  <trkpt lat="68.26623" lon="13.75465">
    <name>TP1037</name>
  </trkpt>
  <trkpt lat="68.26621" lon="13.7543">
    <name>TP1038</name>
  </trkpt>
  <trkpt lat="68.26621" lon="13.75417">
    <name>TP1039</name>
  </trkpt>
  <trkpt lat="68.26621" lon="13.75388">
    <name>TP1040</name>
  </trkpt>
  <trkpt lat="68.26621" lon="13.75367">
    <name>TP1041</name>
  </trkpt>
  <trkpt lat="68.2662" lon="13.7535">
    <name>TP1042</name>
  </trkpt>
  <trkpt lat="68.26618" lon="13.75335">
    <name>TP1043</name>
  </trkpt>
  <trkpt lat="68.26615" lon="13.75323">
    <name>TP1044</name>
  </trkpt>
  <trkpt lat="68.26613" lon="13.75316">
    <name>TP1045</name>
  </trkpt>
  <trkpt lat="68.26603" lon="13.75286">
    <name>TP1046</name>
  </trkpt>
  <trkpt lat="68.26596" lon="13.75263">
    <name>TP1047</name>
  </trkpt>
  <trkpt lat="68.26592" lon="13.75248">
    <name>TP1048</name>
  </trkpt>
  <trkpt lat="68.26581" lon="13.75212">
    <name>TP1049</name>
  </trkpt>
  <trkpt lat="68.26581" lon="13.7521">
    <name>TP1050</name>
  </trkpt>
  <trkpt lat="68.26572" lon="13.75177">
    <name>TP1051</name>
  </trkpt>
  <trkpt lat="68.26571" lon="13.7517">
    <name>TP1052</name>
  </trkpt>
  <trkpt lat="68.26567" lon="13.75146">
    <name>TP1053</name>
  </trkpt>
  <trkpt lat="68.26563" lon="13.7511">
    <name>TP1054</name>
  </trkpt>
  <trkpt lat="68.26562" lon="13.75082">
    <name>TP1055</name>
  </trkpt>
  <trkpt lat="68.26563" lon="13.75077">
    <name>TP1056</name>
  </trkpt>
  <trkpt lat="68.26565" lon="13.75051">
    <name>TP1057</name>
  </trkpt>
  <trkpt lat="68.26567" lon="13.7503">
    <name>TP1058</name>
  </trkpt>
  <trkpt lat="68.26569" lon="13.75017">
    <name>TP1059</name>
  </trkpt>
  <trkpt lat="68.26579" lon="13.74975">
    <name>TP1060</name>
  </trkpt>
  <trkpt lat="68.26589" lon="13.74933">
    <name>TP1061</name>
  </trkpt>
  <trkpt lat="68.266" lon="13.74901">
    <name>TP1062</name>
  </trkpt>
  <trkpt lat="68.26611" lon="13.74878">
    <name>TP1063</name>
  </trkpt>
  <trkpt lat="68.26613" lon="13.74874">
    <name>TP1064</name>
  </trkpt>
  <trkpt lat="68.26625" lon="13.74851">
    <name>TP1065</name>
  </trkpt>
  <trkpt lat="68.26626" lon="13.7485">
    <name>TP1066</name>
  </trkpt>
  <trkpt lat="68.26635" lon="13.74831">
    <name>TP1067</name>
  </trkpt>
  <trkpt lat="68.2664" lon="13.7482">
    <name>TP1068</name>
  </trkpt>
  <trkpt lat="68.26644" lon="13.74808">
    <name>TP1069</name>
  </trkpt>
  <trkpt lat="68.26655" lon="13.74779">
    <name>TP1070</name>
  </trkpt>
  <trkpt lat="68.26665" lon="13.74748">
    <name>TP1071</name>
  </trkpt>
  <trkpt lat="68.26674" lon="13.74717">
    <name>TP1072</name>
  </trkpt>
  <trkpt lat="68.26683" lon="13.74693">
    <name>TP1073</name>
  </trkpt>
  <trkpt lat="68.26689" lon="13.74679">
    <name>TP1074</name>
  </trkpt>
  <trkpt lat="68.26692" lon="13.74671">
    <name>TP1075</name>
  </trkpt>
  <trkpt lat="68.26704" lon="13.74652">
    <name>TP1076</name>
  </trkpt>
  <trkpt lat="68.26704" lon="13.74651">
    <name>TP1077</name>
  </trkpt>
  <trkpt lat="68.26717" lon="13.7463">
    <name>TP1078</name>
  </trkpt>
  <trkpt lat="68.26719" lon="13.74626">
    <name>TP1079</name>
  </trkpt>
  <trkpt lat="68.26727" lon="13.74616">
    <name>TP1080</name>
  </trkpt>
  <trkpt lat="68.26734" lon="13.74603">
    <name>TP1081</name>
  </trkpt>
  <trkpt lat="68.26735" lon="13.74601">
    <name>TP1082</name>
  </trkpt>
  <trkpt lat="68.26742" lon="13.74581">
    <name>TP1083</name>
  </trkpt>
  <trkpt lat="68.26754" lon="13.74552">
    <name>TP1084</name>
  </trkpt>
  <trkpt lat="68.26761" lon="13.74535">
    <name>TP1085</name>
  </trkpt>
  <trkpt lat="68.26768" lon="13.74518">
    <name>TP1086</name>
  </trkpt>
  <trkpt lat="68.26774" lon="13.74503">
    <name>TP1087</name>
  </trkpt>
  <trkpt lat="68.2678" lon="13.74489">
    <name>TP1088</name>
  </trkpt>
  <trkpt lat="68.26788" lon="13.7447">
    <name>TP1089</name>
  </trkpt>
  <trkpt lat="68.26796" lon="13.7445">
    <name>TP1090</name>
  </trkpt>
  <trkpt lat="68.26801" lon="13.74438">
    <name>TP1091</name>
  </trkpt>
  <trkpt lat="68.26815" lon="13.74409">
    <name>TP1092</name>
  </trkpt>
  <trkpt lat="68.26815" lon="13.74408">
    <name>TP1093</name>
  </trkpt>
  <trkpt lat="68.26829" lon="13.74377">
    <name>TP1094</name>
  </trkpt>
  <trkpt lat="68.2683" lon="13.74375">
    <name>TP1095</name>
  </trkpt>
  <trkpt lat="68.26841" lon="13.74348">
    <name>TP1096</name>
  </trkpt>
  <trkpt lat="68.26856" lon="13.74309">
    <name>TP1097</name>
  </trkpt>
  <trkpt lat="68.26876" lon="13.74261">
    <name>TP1098</name>
  </trkpt>
  <trkpt lat="68.26882" lon="13.74245">
    <name>TP1099</name>
  </trkpt>
  <trkpt lat="68.26887" lon="13.74233">
    <name>TP1100</name>
  </trkpt>
  <trkpt lat="68.26895" lon="13.74213">
    <name>TP1101</name>
  </trkpt>
  <trkpt lat="68.26904" lon="13.74191">
    <name>TP1102</name>
  </trkpt>
  <trkpt lat="68.26921" lon="13.74153">
    <name>TP1103</name>
  </trkpt>
  <trkpt lat="68.2694" lon="13.74112">
    <name>TP1104</name>
  </trkpt>
  <trkpt lat="68.2696" lon="13.74069">
    <name>TP1105</name>
  </trkpt>
  <trkpt lat="68.26971" lon="13.74048">
    <name>TP1106</name>
  </trkpt>
  <trkpt lat="68.26987" lon="13.7401">
    <name>TP1107</name>
  </trkpt>
  <trkpt lat="68.27009" lon="13.73961">
    <name>TP1108</name>
  </trkpt>
  <trkpt lat="68.27028" lon="13.73918">
    <name>TP1109</name>
  </trkpt>
  <trkpt lat="68.2703" lon="13.73914">
    <name>TP1110</name>
  </trkpt>
  <trkpt lat="68.27044" lon="13.73886">
    <name>TP1111</name>
  </trkpt>
  <trkpt lat="68.27045" lon="13.73884">
    <name>TP1112</name>
  </trkpt>
  <trkpt lat="68.27054" lon="13.73867">
    <name>TP1113</name>
  </trkpt>
  <trkpt lat="68.27062" lon="13.73856">
    <name>TP1114</name>
  </trkpt>
  <trkpt lat="68.2707" lon="13.73845">
    <name>TP1115</name>
  </trkpt>
  <trkpt lat="68.27079" lon="13.73835">
    <name>TP1116</name>
  </trkpt>
  <trkpt lat="68.27088" lon="13.73827">
    <name>TP1117</name>
  </trkpt>
  <trkpt lat="68.27096" lon="13.73824">
    <name>TP1118</name>
  </trkpt>
  <trkpt lat="68.27103" lon="13.73822">
    <name>TP1119</name>
  </trkpt>
  <trkpt lat="68.27114" lon="13.7382">
    <name>TP1120</name>
  </trkpt>
  <trkpt lat="68.27127" lon="13.73818">
    <name>TP1121</name>
  </trkpt>
  <trkpt lat="68.27139" lon="13.73818">
    <name>TP1122</name>
  </trkpt>
  <trkpt lat="68.27142" lon="13.73817">
    <name>TP1123</name>
  </trkpt>
  <trkpt lat="68.27149" lon="13.73813">
    <name>TP1124</name>
  </trkpt>
  <trkpt lat="68.27159" lon="13.73807">
    <name>TP1125</name>
  </trkpt>
  <trkpt lat="68.27169" lon="13.73795">
    <name>TP1126</name>
  </trkpt>
  <trkpt lat="68.27178" lon="13.73783">
    <name>TP1127</name>
  </trkpt>
  <trkpt lat="68.27207" lon="13.73742">
    <name>TP1128</name>
  </trkpt>
  <trkpt lat="68.27212" lon="13.73735">
    <name>TP1129</name>
  </trkpt>
  <trkpt lat="68.2722" lon="13.73723">
    <name>TP1130</name>
  </trkpt>
  <trkpt lat="68.2723" lon="13.73706">
    <name>TP1131</name>
  </trkpt>
  <trkpt lat="68.27237" lon="13.73692">
    <name>TP1132</name>
  </trkpt>
  <trkpt lat="68.27243" lon="13.73681">
    <name>TP1133</name>
  </trkpt>
  <trkpt lat="68.27262" lon="13.73656">
    <name>TP1134</name>
  </trkpt>
  <trkpt lat="68.27275" lon="13.73642">
    <name>TP1135</name>
  </trkpt>
  <trkpt lat="68.27286" lon="13.73631">
    <name>TP1136</name>
  </trkpt>
  <trkpt lat="68.27303" lon="13.73624">
    <name>TP1137</name>
  </trkpt>
  <trkpt lat="68.27315" lon="13.7362">
    <name>TP1138</name>
  </trkpt>
  <trkpt lat="68.27333" lon="13.73618">
    <name>TP1139</name>
  </trkpt>
  <trkpt lat="68.27359" lon="13.73614">
    <name>TP1140</name>
  </trkpt>
  <trkpt lat="68.27373" lon="13.73612">
    <name>TP1141</name>
  </trkpt>
  <trkpt lat="68.27381" lon="13.73611">
    <name>TP1142</name>
  </trkpt>
  <trkpt lat="68.27391" lon="13.73602">
    <name>TP1143</name>
  </trkpt>
  <trkpt lat="68.274" lon="13.73592">
    <name>TP1144</name>
  </trkpt>
  <trkpt lat="68.27407" lon="13.7358">
    <name>TP1145</name>
  </trkpt>
  <trkpt lat="68.27413" lon="13.73566">
    <name>TP1146</name>
  </trkpt>
  <trkpt lat="68.27416" lon="13.7356">
    <name>TP1147</name>
  </trkpt>
  <trkpt lat="68.27421" lon="13.7353">
    <name>TP1148</name>
  </trkpt>
  <trkpt lat="68.2743" lon="13.73483">
    <name>TP1149</name>
  </trkpt>
  <trkpt lat="68.27437" lon="13.73443">
    <name>TP1150</name>
  </trkpt>
  <trkpt lat="68.27441" lon="13.73426">
    <name>TP1151</name>
  </trkpt>
  <trkpt lat="68.27446" lon="13.734">
    <name>TP1152</name>
  </trkpt>
  <trkpt lat="68.27451" lon="13.73378">
    <name>TP1153</name>
  </trkpt>
  <trkpt lat="68.27455" lon="13.73358">
    <name>TP1154</name>
  </trkpt>
  <trkpt lat="68.27459" lon="13.73336">
    <name>TP1155</name>
  </trkpt>
  <trkpt lat="68.27466" lon="13.73301">
    <name>TP1156</name>
  </trkpt>
  <trkpt lat="68.27474" lon="13.73267">
    <name>TP1157</name>
  </trkpt>
  <trkpt lat="68.27485" lon="13.73226">
    <name>TP1158</name>
  </trkpt>
  <trkpt lat="68.27493" lon="13.732">
    <name>TP1159</name>
  </trkpt>
  <trkpt lat="68.27503" lon="13.73173">
    <name>TP1160</name>
  </trkpt>
  <trkpt lat="68.27514" lon="13.73145">
    <name>TP1161</name>
  </trkpt>
  <trkpt lat="68.2752" lon="13.73129">
    <name>TP1162</name>
  </trkpt>
  <trkpt lat="68.27522" lon="13.73124">
    <name>TP1163</name>
  </trkpt>
  <trkpt lat="68.27522" lon="13.73122">
    <name>TP1164</name>
  </trkpt>
  <trkpt lat="68.2753" lon="13.73106">
    <name>TP1165</name>
  </trkpt>
  <trkpt lat="68.27533" lon="13.73094">
    <name>TP1166</name>
  </trkpt>
  <trkpt lat="68.27535" lon="13.73086">
    <name>TP1167</name>
  </trkpt>
  <trkpt lat="68.2754" lon="13.73065">
    <name>TP1168</name>
  </trkpt>
  <trkpt lat="68.27542" lon="13.73052">
    <name>TP1169</name>
  </trkpt>
  <trkpt lat="68.27546" lon="13.73024">
    <name>TP1170</name>
  </trkpt>
  <trkpt lat="68.27549" lon="13.73008">
    <name>TP1171</name>
  </trkpt>
  <trkpt lat="68.27555" lon="13.72969">
    <name>TP1172</name>
  </trkpt>
  <trkpt lat="68.27556" lon="13.72963">
    <name>TP1173</name>
  </trkpt>
  <trkpt lat="68.2756" lon="13.72943">
    <name>TP1174</name>
  </trkpt>
  <trkpt lat="68.27563" lon="13.72925">
    <name>TP1175</name>
  </trkpt>
  <trkpt lat="68.27563" lon="13.72919">
    <name>TP1176</name>
  </trkpt>
  <trkpt lat="68.27564" lon="13.72913">
    <name>TP1177</name>
  </trkpt>
  <trkpt lat="68.27564" lon="13.72907">
    <name>TP1178</name>
  </trkpt>
  <trkpt lat="68.27564" lon="13.7289">
    <name>TP1179</name>
  </trkpt>
  <trkpt lat="68.27563" lon="13.72871">
    <name>TP1180</name>
  </trkpt>
  <trkpt lat="68.2756" lon="13.72849">
    <name>TP1181</name>
  </trkpt>
  <trkpt lat="68.27555" lon="13.72825">
    <name>TP1182</name>
  </trkpt>
  <trkpt lat="68.27547" lon="13.72793">
    <name>TP1183</name>
  </trkpt>
  <trkpt lat="68.27545" lon="13.72787">
    <name>TP1184</name>
  </trkpt>
  <trkpt lat="68.27541" lon="13.72771">
    <name>TP1185</name>
  </trkpt>
  <trkpt lat="68.27536" lon="13.72748">
    <name>TP1186</name>
  </trkpt>
  <trkpt lat="68.27536" lon="13.72746">
    <name>TP1187</name>
  </trkpt>
  <trkpt lat="68.27533" lon="13.72726">
    <name>TP1188</name>
  </trkpt>
  <trkpt lat="68.27531" lon="13.72704">
    <name>TP1189</name>
  </trkpt>
  <trkpt lat="68.27531" lon="13.72682">
    <name>TP1190</name>
  </trkpt>
  <trkpt lat="68.27535" lon="13.72649">
    <name>TP1191</name>
  </trkpt>
  <trkpt lat="68.27542" lon="13.72614">
    <name>TP1192</name>
  </trkpt>
  <trkpt lat="68.27543" lon="13.72609">
    <name>TP1193</name>
  </trkpt>
  <trkpt lat="68.27544" lon="13.72604">
    <name>TP1194</name>
  </trkpt>
  <trkpt lat="68.27553" lon="13.72568">
    <name>TP1195</name>
  </trkpt>
  <trkpt lat="68.27556" lon="13.72555">
    <name>TP1196</name>
  </trkpt>
  <trkpt lat="68.2757" lon="13.72513">
    <name>TP1197</name>
  </trkpt>
  <trkpt lat="68.27576" lon="13.72496">
    <name>TP1198</name>
  </trkpt>
  <trkpt lat="68.27581" lon="13.72483">
    <name>TP1199</name>
  </trkpt>
  <trkpt lat="68.2759" lon="13.72463">
    <name>TP1200</name>
  </trkpt>
  <trkpt lat="68.27591" lon="13.72461">
    <name>TP1201</name>
  </trkpt>
  <trkpt lat="68.276" lon="13.72437">
    <name>TP1202</name>
  </trkpt>
  <trkpt lat="68.27602" lon="13.72429">
    <name>TP1203</name>
  </trkpt>
  <trkpt lat="68.27611" lon="13.72406">
    <name>TP1204</name>
  </trkpt>
  <trkpt lat="68.27614" lon="13.72393">
    <name>TP1205</name>
  </trkpt>
  <trkpt lat="68.27619" lon="13.72378">
    <name>TP1206</name>
  </trkpt>
  <trkpt lat="68.27626" lon="13.7235">
    <name>TP1207</name>
  </trkpt>
  <trkpt lat="68.27634" lon="13.72327">
    <name>TP1208</name>
  </trkpt>
  <trkpt lat="68.27637" lon="13.72318">
    <name>TP1209</name>
  </trkpt>
  <trkpt lat="68.27639" lon="13.72314">
    <name>TP1210</name>
  </trkpt>
  <trkpt lat="68.27643" lon="13.72305">
    <name>TP1211</name>
  </trkpt>
  <trkpt lat="68.27651" lon="13.72288">
    <name>TP1212</name>
  </trkpt>
  <trkpt lat="68.27653" lon="13.72284">
    <name>TP1213</name>
  </trkpt>
  <trkpt lat="68.27663" lon="13.72267">
    <name>TP1214</name>
  </trkpt>
  <trkpt lat="68.27676" lon="13.7225">
    <name>TP1215</name>
  </trkpt>
  <trkpt lat="68.27686" lon="13.72237">
    <name>TP1216</name>
  </trkpt>
  <trkpt lat="68.27694" lon="13.72226">
    <name>TP1217</name>
  </trkpt>
  <trkpt lat="68.27699" lon="13.72221">
    <name>TP1218</name>
  </trkpt>
  <trkpt lat="68.27703" lon="13.72217">
    <name>TP1219</name>
  </trkpt>
  <trkpt lat="68.27712" lon="13.72208">
    <name>TP1220</name>
  </trkpt>
  <trkpt lat="68.27725" lon="13.72198">
    <name>TP1221</name>
  </trkpt>
  <trkpt lat="68.27737" lon="13.72192">
    <name>TP1222</name>
  </trkpt>
  <trkpt lat="68.2775" lon="13.72186">
    <name>TP1223</name>
  </trkpt>
  <trkpt lat="68.27763" lon="13.72176">
    <name>TP1224</name>
  </trkpt>
  <trkpt lat="68.27769" lon="13.72174">
    <name>TP1225</name>
  </trkpt>
  <trkpt lat="68.27772" lon="13.72172">
    <name>TP1226</name>
  </trkpt>
  <trkpt lat="68.27781" lon="13.72168">
    <name>TP1227</name>
  </trkpt>
  <trkpt lat="68.27789" lon="13.72167">
    <name>TP1228</name>
  </trkpt>
  <trkpt lat="68.27799" lon="13.7217">
    <name>TP1229</name>
  </trkpt>
  <trkpt lat="68.27804" lon="13.72171">
    <name>TP1230</name>
  </trkpt>
  <trkpt lat="68.27816" lon="13.72174">
    <name>TP1231</name>
  </trkpt>
  <trkpt lat="68.27822" lon="13.72176">
    <name>TP1232</name>
  </trkpt>
  <trkpt lat="68.27828" lon="13.72178">
    <name>TP1233</name>
  </trkpt>
  <trkpt lat="68.27846" lon="13.72183">
    <name>TP1234</name>
  </trkpt>
  <trkpt lat="68.27856" lon="13.72187">
    <name>TP1235</name>
  </trkpt>
  <trkpt lat="68.27874" lon="13.72192">
    <name>TP1236</name>
  </trkpt>
  <trkpt lat="68.27876" lon="13.72192">
    <name>TP1237</name>
  </trkpt>
  <trkpt lat="68.27882" lon="13.72194">
    <name>TP1238</name>
  </trkpt>
  <trkpt lat="68.27898" lon="13.72198">
    <name>TP1239</name>
  </trkpt>
  <trkpt lat="68.279" lon="13.72199">
    <name>TP1240</name>
  </trkpt>
  <trkpt lat="68.2792" lon="13.72207">
    <name>TP1241</name>
  </trkpt>
  <trkpt lat="68.27953" lon="13.72219">
    <name>TP1242</name>
  </trkpt>
  <trkpt lat="68.27973" lon="13.72225">
    <name>TP1243</name>
  </trkpt>
  <trkpt lat="68.28002" lon="13.72232">
    <name>TP1244</name>
  </trkpt>
  <trkpt lat="68.28006" lon="13.72234">
    <name>TP1245</name>
  </trkpt>
  <trkpt lat="68.28026" lon="13.72238">
    <name>TP1246</name>
  </trkpt>
  <trkpt lat="68.2803" lon="13.72239">
    <name>TP1247</name>
  </trkpt>
  <trkpt lat="68.28044" lon="13.72242">
    <name>TP1248</name>
  </trkpt>
  <trkpt lat="68.28053" lon="13.72244">
    <name>TP1249</name>
  </trkpt>
  <trkpt lat="68.28067" lon="13.72245">
    <name>TP1250</name>
  </trkpt>
  <trkpt lat="68.28076" lon="13.72243">
    <name>TP1251</name>
  </trkpt>
  <trkpt lat="68.2808" lon="13.7224">
    <name>TP1252</name>
  </trkpt>
  <trkpt lat="68.28089" lon="13.72232">
    <name>TP1253</name>
  </trkpt>
  <trkpt lat="68.28101" lon="13.72212">
    <name>TP1254</name>
  </trkpt>
  <trkpt lat="68.2811" lon="13.72191">
    <name>TP1255</name>
  </trkpt>
  <trkpt lat="68.28115" lon="13.72177">
    <name>TP1256</name>
  </trkpt>
  <trkpt lat="68.28121" lon="13.72163">
    <name>TP1257</name>
  </trkpt>
  <trkpt lat="68.28128" lon="13.72135">
    <name>TP1258</name>
  </trkpt>
  <trkpt lat="68.28132" lon="13.72125">
    <name>TP1259</name>
  </trkpt>
  <trkpt lat="68.28138" lon="13.72104">
    <name>TP1260</name>
  </trkpt>
  <trkpt lat="68.28144" lon="13.72088">
    <name>TP1261</name>
  </trkpt>
  <trkpt lat="68.28152" lon="13.72064">
    <name>TP1262</name>
  </trkpt>
  <trkpt lat="68.28162" lon="13.72035">
    <name>TP1263</name>
  </trkpt>
  <trkpt lat="68.28172" lon="13.7201">
    <name>TP1264</name>
  </trkpt>
  <trkpt lat="68.28181" lon="13.71992">
    <name>TP1265</name>
  </trkpt>
  <trkpt lat="68.28183" lon="13.71989">
    <name>TP1266</name>
  </trkpt>
  <trkpt lat="68.28192" lon="13.71976">
    <name>TP1267</name>
  </trkpt>
  <trkpt lat="68.28199" lon="13.71966">
    <name>TP1268</name>
  </trkpt>
  <trkpt lat="68.28215" lon="13.71945">
    <name>TP1269</name>
  </trkpt>
  <trkpt lat="68.28217" lon="13.71942">
    <name>TP1270</name>
  </trkpt>
  <trkpt lat="68.28231" lon="13.71923">
    <name>TP1271</name>
  </trkpt>
  <trkpt lat="68.28247" lon="13.71901">
    <name>TP1272</name>
  </trkpt>
  <trkpt lat="68.28249" lon="13.71898">
    <name>TP1273</name>
  </trkpt>
  <trkpt lat="68.28271" lon="13.71869">
    <name>TP1274</name>
  </trkpt>
  <trkpt lat="68.28283" lon="13.71854">
    <name>TP1275</name>
  </trkpt>
  <trkpt lat="68.28293" lon="13.71842">
    <name>TP1276</name>
  </trkpt>
  <trkpt lat="68.28296" lon="13.71837">
    <name>TP1277</name>
  </trkpt>
  <trkpt lat="68.28302" lon="13.71829">
    <name>TP1278</name>
  </trkpt>
  <trkpt lat="68.28311" lon="13.71817">
    <name>TP1279</name>
  </trkpt>
  <trkpt lat="68.28312" lon="13.71816">
    <name>TP1280</name>
  </trkpt>
  <trkpt lat="68.28317" lon="13.71809">
    <name>TP1281</name>
  </trkpt>
  <trkpt lat="68.28325" lon="13.71803">
    <name>TP1282</name>
  </trkpt>
  <trkpt lat="68.28334" lon="13.718">
    <name>TP1283</name>
  </trkpt>
  <trkpt lat="68.28343" lon="13.71802">
    <name>TP1284</name>
  </trkpt>
  <trkpt lat="68.28353" lon="13.71806">
    <name>TP1285</name>
  </trkpt>
  <trkpt lat="68.28364" lon="13.71816">
    <name>TP1286</name>
  </trkpt>
  <trkpt lat="68.28374" lon="13.71829">
    <name>TP1287</name>
  </trkpt>
  <trkpt lat="68.28386" lon="13.71847">
    <name>TP1288</name>
  </trkpt>
  <trkpt lat="68.28397" lon="13.71863">
    <name>TP1289</name>
  </trkpt>
  <trkpt lat="68.28408" lon="13.71875">
    <name>TP1290</name>
  </trkpt>
  <trkpt lat="68.28421" lon="13.71887">
    <name>TP1291</name>
  </trkpt>
  <trkpt lat="68.2843" lon="13.71895">
    <name>TP1292</name>
  </trkpt>
  <trkpt lat="68.28437" lon="13.71902">
    <name>TP1293</name>
  </trkpt>
  <trkpt lat="68.28447" lon="13.7191">
    <name>TP1294</name>
  </trkpt>
  <trkpt lat="68.28454" lon="13.71917">
    <name>TP1295</name>
  </trkpt>
  <trkpt lat="68.2847" lon="13.71931">
    <name>TP1296</name>
  </trkpt>
  <trkpt lat="68.28485" lon="13.71947">
    <name>TP1297</name>
  </trkpt>
  <trkpt lat="68.28497" lon="13.7196">
    <name>TP1298</name>
  </trkpt>
  <trkpt lat="68.28504" lon="13.71967">
    <name>TP1299</name>
  </trkpt>
  <trkpt lat="68.28514" lon="13.71978">
    <name>TP1300</name>
  </trkpt>
  <trkpt lat="68.28519" lon="13.71983">
    <name>TP1301</name>
  </trkpt>
  <trkpt lat="68.28531" lon="13.71994">
    <name>TP1302</name>
  </trkpt>
  <trkpt lat="68.28532" lon="13.71994">
    <name>TP1303</name>
  </trkpt>
  <trkpt lat="68.28544" lon="13.72006">
    <name>TP1304</name>
  </trkpt>
  <trkpt lat="68.28548" lon="13.7201">
    <name>TP1305</name>
  </trkpt>
  <trkpt lat="68.28554" lon="13.72015">
    <name>TP1306</name>
  </trkpt>
  <trkpt lat="68.28567" lon="13.72025">
    <name>TP1307</name>
  </trkpt>
  <trkpt lat="68.2858" lon="13.72031">
    <name>TP1308</name>
  </trkpt>
  <trkpt lat="68.28583" lon="13.72032">
    <name>TP1309</name>
  </trkpt>
  <trkpt lat="68.28593" lon="13.72033">
    <name>TP1310</name>
  </trkpt>
  <trkpt lat="68.2861" lon="13.72028">
    <name>TP1311</name>
  </trkpt>
  <trkpt lat="68.28629" lon="13.72016">
    <name>TP1312</name>
  </trkpt>
  <trkpt lat="68.28632" lon="13.72014">
    <name>TP1313</name>
  </trkpt>
  <trkpt lat="68.28645" lon="13.72004">
    <name>TP1314</name>
  </trkpt>
  <trkpt lat="68.28665" lon="13.71989">
    <name>TP1315</name>
  </trkpt>
  <trkpt lat="68.28671" lon="13.71984">
    <name>TP1316</name>
  </trkpt>
  <trkpt lat="68.28687" lon="13.71971">
    <name>TP1317</name>
  </trkpt>
  <trkpt lat="68.28707" lon="13.71956">
    <name>TP1318</name>
  </trkpt>
  <trkpt lat="68.28721" lon="13.71945">
    <name>TP1319</name>
  </trkpt>
  <trkpt lat="68.2873" lon="13.71942">
    <name>TP1320</name>
  </trkpt>
  <trkpt lat="68.28742" lon="13.71936">
    <name>TP1321</name>
  </trkpt>
  <trkpt lat="68.28748" lon="13.71935">
    <name>TP1322</name>
  </trkpt>
  <trkpt lat="68.28754" lon="13.71933">
    <name>TP1323</name>
  </trkpt>
  <trkpt lat="68.28776" lon="13.7193">
    <name>TP1324</name>
  </trkpt>
  <trkpt lat="68.28827" lon="13.71925">
    <name>TP1325</name>
  </trkpt>
  <trkpt lat="68.2882678" lon="13.7192488">
    <name>TP1326</name>
  </trkpt>
  <trkpt lat="68.28843" lon="13.71925">
    <name>TP1327</name>
  </trkpt>
  <trkpt lat="68.28864" lon="13.71933">
    <name>TP1328</name>
  </trkpt>
  <trkpt lat="68.28871" lon="13.71939">
    <name>TP1329</name>
  </trkpt>
  <trkpt lat="68.28878" lon="13.71944">
    <name>TP1330</name>
  </trkpt>
  <trkpt lat="68.28896" lon="13.71955">
    <name>TP1331</name>
  </trkpt>
  <trkpt lat="68.28902" lon="13.71959">
    <name>TP1332</name>
  </trkpt>
  <trkpt lat="68.28922" lon="13.71974">
    <name>TP1333</name>
  </trkpt>
  <trkpt lat="68.2893" lon="13.7198">
    <name>TP1334</name>
  </trkpt>
  <trkpt lat="68.28944" lon="13.7199">
    <name>TP1335</name>
  </trkpt>
  <trkpt lat="68.28966" lon="13.72007">
    <name>TP1336</name>
  </trkpt>
  <trkpt lat="68.28991" lon="13.72027">
    <name>TP1337</name>
  </trkpt>
  <trkpt lat="68.29002" lon="13.72036">
    <name>TP1338</name>
  </trkpt>
  <trkpt lat="68.2902" lon="13.72046">
    <name>TP1339</name>
  </trkpt>
  <trkpt lat="68.29036" lon="13.72046">
    <name>TP1340</name>
  </trkpt>
  <trkpt lat="68.29051" lon="13.72043">
    <name>TP1341</name>
  </trkpt>
  <trkpt lat="68.29067" lon="13.72037">
    <name>TP1342</name>
  </trkpt>
  <trkpt lat="68.29071" lon="13.72036">
    <name>TP1343</name>
  </trkpt>
  <trkpt lat="68.29084" lon="13.72025">
    <name>TP1344</name>
  </trkpt>
  <trkpt lat="68.29097" lon="13.72012">
    <name>TP1345</name>
  </trkpt>
  <trkpt lat="68.29107" lon="13.71999">
    <name>TP1346</name>
  </trkpt>
  <trkpt lat="68.29112" lon="13.71991">
    <name>TP1347</name>
  </trkpt>
  <trkpt lat="68.29127" lon="13.71967">
    <name>TP1348</name>
  </trkpt>
  <trkpt lat="68.29128" lon="13.71966">
    <name>TP1349</name>
  </trkpt>
  <trkpt lat="68.29158" lon="13.71917">
    <name>TP1350</name>
  </trkpt>
  <trkpt lat="68.29158" lon="13.71916">
    <name>TP1351</name>
  </trkpt>
  <trkpt lat="68.29173" lon="13.71891">
    <name>TP1352</name>
  </trkpt>
  <trkpt lat="68.29178" lon="13.71883">
    <name>TP1353</name>
  </trkpt>
  <trkpt lat="68.29189" lon="13.71866">
    <name>TP1354</name>
  </trkpt>
  <trkpt lat="68.29196" lon="13.71856">
    <name>TP1355</name>
  </trkpt>
  <trkpt lat="68.29204" lon="13.71842">
    <name>TP1356</name>
  </trkpt>
  <trkpt lat="68.2922" lon="13.71817">
    <name>TP1357</name>
  </trkpt>
  <trkpt lat="68.29221" lon="13.71815">
    <name>TP1358</name>
  </trkpt>
  <trkpt lat="68.29236" lon="13.71787">
    <name>TP1359</name>
  </trkpt>
  <trkpt lat="68.29251" lon="13.71771">
    <name>TP1360</name>
  </trkpt>
  <trkpt lat="68.29253" lon="13.7177">
    <name>TP1361</name>
  </trkpt>
  <trkpt lat="68.29278" lon="13.71752">
    <name>TP1362</name>
  </trkpt>
  <trkpt lat="68.29296" lon="13.71744">
    <name>TP1363</name>
  </trkpt>
  <trkpt lat="68.29304" lon="13.71742">
    <name>TP1364</name>
  </trkpt>
  <trkpt lat="68.2932" lon="13.7174">
    <name>TP1365</name>
  </trkpt>
  <trkpt lat="68.2936" lon="13.71738">
    <name>TP1366</name>
  </trkpt>
  <trkpt lat="68.29376" lon="13.71737">
    <name>TP1367</name>
  </trkpt>
  <trkpt lat="68.294" lon="13.71735">
    <name>TP1368</name>
  </trkpt>
  <trkpt lat="68.29431" lon="13.71724">
    <name>TP1369</name>
  </trkpt>
  <trkpt lat="68.29465" lon="13.71703">
    <name>TP1370</name>
  </trkpt>
  <trkpt lat="68.29468" lon="13.71701">
    <name>TP1371</name>
  </trkpt>
  <trkpt lat="68.2948" lon="13.7169">
    <name>TP1372</name>
  </trkpt>
  <trkpt lat="68.29487" lon="13.71681">
    <name>TP1373</name>
  </trkpt>
  <trkpt lat="68.29501" lon="13.71666">
    <name>TP1374</name>
  </trkpt>
  <trkpt lat="68.29511" lon="13.71657">
    <name>TP1375</name>
  </trkpt>
  <trkpt lat="68.29524" lon="13.7164">
    <name>TP1376</name>
  </trkpt>
  <trkpt lat="68.29542" lon="13.71613">
    <name>TP1377</name>
  </trkpt>
  <trkpt lat="68.29561" lon="13.7158">
    <name>TP1378</name>
  </trkpt>
  <trkpt lat="68.29562" lon="13.71579">
    <name>TP1379</name>
  </trkpt>
  <trkpt lat="68.29577" lon="13.71551">
    <name>TP1380</name>
  </trkpt>
  <trkpt lat="68.29592" lon="13.71524">
    <name>TP1381</name>
  </trkpt>
  <trkpt lat="68.29611" lon="13.71489">
    <name>TP1382</name>
  </trkpt>
  <trkpt lat="68.29621" lon="13.71469">
    <name>TP1383</name>
  </trkpt>
  <trkpt lat="68.29636" lon="13.71442">
    <name>TP1384</name>
  </trkpt>
  <trkpt lat="68.29651" lon="13.71415">
    <name>TP1385</name>
  </trkpt>
  <trkpt lat="68.29652" lon="13.71413">
    <name>TP1386</name>
  </trkpt>
  <trkpt lat="68.2966" lon="13.71405">
    <name>TP1387</name>
  </trkpt>
  <trkpt lat="68.29668" lon="13.71392">
    <name>TP1388</name>
  </trkpt>
  <trkpt lat="68.29674" lon="13.71379">
    <name>TP1389</name>
  </trkpt>
  <trkpt lat="68.29688" lon="13.71347">
    <name>TP1390</name>
  </trkpt>
  <trkpt lat="68.2971" lon="13.7131">
    <name>TP1391</name>
  </trkpt>
  <trkpt lat="68.29734" lon="13.71271">
    <name>TP1392</name>
  </trkpt>
  <trkpt lat="68.29742" lon="13.71259">
    <name>TP1393</name>
  </trkpt>
  <trkpt lat="68.29755" lon="13.71246">
    <name>TP1394</name>
  </trkpt>
  <trkpt lat="68.29773" lon="13.7123">
    <name>TP1395</name>
  </trkpt>
  <trkpt lat="68.2977307" lon="13.7122988">
    <name>TP1396</name>
  </trkpt>
  <trkpt lat="68.29783" lon="13.71221">
    <name>TP1397</name>
  </trkpt>
  <trkpt lat="68.29804" lon="13.71199">
    <name>TP1398</name>
  </trkpt>
  <trkpt lat="68.29825" lon="13.71179">
    <name>TP1399</name>
  </trkpt>
  <trkpt lat="68.2985" lon="13.71157">
    <name>TP1400</name>
  </trkpt>
  <trkpt lat="68.29856" lon="13.71151">
    <name>TP1401</name>
  </trkpt>
  <trkpt lat="68.29858" lon="13.7115">
    <name>TP1402</name>
  </trkpt>
  <trkpt lat="68.29867" lon="13.71142">
    <name>TP1403</name>
  </trkpt>
  <trkpt lat="68.29875" lon="13.71135">
    <name>TP1404</name>
  </trkpt>
  <trkpt lat="68.2988" lon="13.71131">
    <name>TP1405</name>
  </trkpt>
  <trkpt lat="68.29884" lon="13.71128">
    <name>TP1406</name>
  </trkpt>
  <trkpt lat="68.29885" lon="13.71127">
    <name>TP1407</name>
  </trkpt>
  <trkpt lat="68.29907" lon="13.71108">
    <name>TP1408</name>
  </trkpt>
  <trkpt lat="68.29909" lon="13.71105">
    <name>TP1409</name>
  </trkpt>
  <trkpt lat="68.29914" lon="13.71101">
    <name>TP1410</name>
  </trkpt>
  <trkpt lat="68.29919" lon="13.71096">
    <name>TP1411</name>
  </trkpt>
  <trkpt lat="68.29925" lon="13.7109">
    <name>TP1412</name>
  </trkpt>
  <trkpt lat="68.29926" lon="13.71089">
    <name>TP1413</name>
  </trkpt>
  <trkpt lat="68.29942" lon="13.71069">
    <name>TP1414</name>
  </trkpt>
  <trkpt lat="68.29943" lon="13.71069">
    <name>TP1415</name>
  </trkpt>
  <trkpt lat="68.29959" lon="13.71047">
    <name>TP1416</name>
  </trkpt>
  <trkpt lat="68.2996" lon="13.71045">
    <name>TP1417</name>
  </trkpt>
  <trkpt lat="68.29967" lon="13.71033">
    <name>TP1418</name>
  </trkpt>
  <trkpt lat="68.29976" lon="13.71017">
    <name>TP1419</name>
  </trkpt>
  <trkpt lat="68.29987" lon="13.70987">
    <name>TP1420</name>
  </trkpt>
  <trkpt lat="68.29987" lon="13.70986">
    <name>TP1421</name>
  </trkpt>
  <trkpt lat="68.2999" lon="13.70977">
    <name>TP1422</name>
  </trkpt>
  <trkpt lat="68.29994" lon="13.70968">
    <name>TP1423</name>
  </trkpt>
  <trkpt lat="68.29997" lon="13.70959">
    <name>TP1424</name>
  </trkpt>
  <trkpt lat="68.29999" lon="13.70951">
    <name>TP1425</name>
  </trkpt>
  <trkpt lat="68.30002" lon="13.70941">
    <name>TP1426</name>
  </trkpt>
  <trkpt lat="68.30005" lon="13.70933">
    <name>TP1427</name>
  </trkpt>
  <trkpt lat="68.30005" lon="13.70931">
    <name>TP1428</name>
  </trkpt>
  <trkpt lat="68.30011" lon="13.70915">
    <name>TP1429</name>
  </trkpt>
  <trkpt lat="68.30014" lon="13.70904">
    <name>TP1430</name>
  </trkpt>
  <trkpt lat="68.30023" lon="13.70878">
    <name>TP1431</name>
  </trkpt>
  <trkpt lat="68.30026" lon="13.70867">
    <name>TP1432</name>
  </trkpt>
  <trkpt lat="68.30029" lon="13.70859">
    <name>TP1433</name>
  </trkpt>
  <trkpt lat="68.30035" lon="13.70842">
    <name>TP1434</name>
  </trkpt>
  <trkpt lat="68.30041" lon="13.70825">
    <name>TP1435</name>
  </trkpt>
  <trkpt lat="68.30047" lon="13.70806">
    <name>TP1436</name>
  </trkpt>
  <trkpt lat="68.30053" lon="13.70788">
    <name>TP1437</name>
  </trkpt>
  <trkpt lat="68.30059" lon="13.7077">
    <name>TP1438</name>
  </trkpt>
  <trkpt lat="68.30063" lon="13.7076">
    <name>TP1439</name>
  </trkpt>
  <trkpt lat="68.30063" lon="13.70759">
    <name>TP1440</name>
  </trkpt>
  <trkpt lat="68.30071" lon="13.70735">
    <name>TP1441</name>
  </trkpt>
  <trkpt lat="68.30073" lon="13.70729">
    <name>TP1442</name>
  </trkpt>
  <trkpt lat="68.30078" lon="13.70715">
    <name>TP1443</name>
  </trkpt>
  <trkpt lat="68.30094" lon="13.70668">
    <name>TP1444</name>
  </trkpt>
  <trkpt lat="68.30102" lon="13.70642">
    <name>TP1445</name>
  </trkpt>
  <trkpt lat="68.30108" lon="13.70624">
    <name>TP1446</name>
  </trkpt>
  <trkpt lat="68.3011" lon="13.70615">
    <name>TP1447</name>
  </trkpt>
  <trkpt lat="68.30112" lon="13.7061">
    <name>TP1448</name>
  </trkpt>
  <trkpt lat="68.30115" lon="13.706">
    <name>TP1449</name>
  </trkpt>
  <trkpt lat="68.3013" lon="13.70554">
    <name>TP1450</name>
  </trkpt>
  <trkpt lat="68.30131" lon="13.70552">
    <name>TP1451</name>
  </trkpt>
  <trkpt lat="68.30142" lon="13.70514">
    <name>TP1452</name>
  </trkpt>
  <trkpt lat="68.30146" lon="13.70502">
    <name>TP1453</name>
  </trkpt>
  <trkpt lat="68.30154" lon="13.70478">
    <name>TP1454</name>
  </trkpt>
  <trkpt lat="68.30158" lon="13.70463">
    <name>TP1455</name>
  </trkpt>
  <trkpt lat="68.30166" lon="13.70442">
    <name>TP1456</name>
  </trkpt>
  <trkpt lat="68.3017" lon="13.7043">
    <name>TP1457</name>
  </trkpt>
  <trkpt lat="68.30192" lon="13.70374">
    <name>TP1458</name>
  </trkpt>
  <trkpt lat="68.30205" lon="13.7034">
    <name>TP1459</name>
  </trkpt>
  <trkpt lat="68.30209" lon="13.7033">
    <name>TP1460</name>
  </trkpt>
  <trkpt lat="68.30212" lon="13.70322">
    <name>TP1461</name>
  </trkpt>
  <trkpt lat="68.30212" lon="13.70321">
    <name>TP1462</name>
  </trkpt>
  <trkpt lat="68.30213" lon="13.70318">
    <name>TP1463</name>
  </trkpt>
  <trkpt lat="68.30218" lon="13.70307">
    <name>TP1464</name>
  </trkpt>
  <trkpt lat="68.30231" lon="13.70273">
    <name>TP1465</name>
  </trkpt>
  <trkpt lat="68.30244" lon="13.70239">
    <name>TP1466</name>
  </trkpt>
  <trkpt lat="68.30266" lon="13.70181">
    <name>TP1467</name>
  </trkpt>
  <trkpt lat="68.30285" lon="13.70132">
    <name>TP1468</name>
  </trkpt>
  <trkpt lat="68.303" lon="13.70094">
    <name>TP1469</name>
  </trkpt>
  <trkpt lat="68.30338" lon="13.69989">
    <name>TP1470</name>
  </trkpt>
  <trkpt lat="68.30341" lon="13.69981">
    <name>TP1471</name>
  </trkpt>
  <trkpt lat="68.30371" lon="13.69891">
    <name>TP1472</name>
  </trkpt>
  <trkpt lat="68.30395" lon="13.6982">
    <name>TP1473</name>
  </trkpt>
  <trkpt lat="68.30396" lon="13.69816">
    <name>TP1474</name>
  </trkpt>
  <trkpt lat="68.30399" lon="13.69807">
    <name>TP1475</name>
  </trkpt>
  <trkpt lat="68.30414" lon="13.69764">
    <name>TP1476</name>
  </trkpt>
  <trkpt lat="68.30421" lon="13.69742">
    <name>TP1477</name>
  </trkpt>
  <trkpt lat="68.30427" lon="13.69723">
    <name>TP1478</name>
  </trkpt>
  <trkpt lat="68.30431" lon="13.69714">
    <name>TP1479</name>
  </trkpt>
  <trkpt lat="68.30433" lon="13.69707">
    <name>TP1480</name>
  </trkpt>
  <trkpt lat="68.30436" lon="13.69702">
    <name>TP1481</name>
  </trkpt>
  <trkpt lat="68.30441" lon="13.69689">
    <name>TP1482</name>
  </trkpt>
  <trkpt lat="68.30445" lon="13.69683">
    <name>TP1483</name>
  </trkpt>
  <trkpt lat="68.30448" lon="13.69678">
    <name>TP1484</name>
  </trkpt>
  <trkpt lat="68.30451" lon="13.69675">
    <name>TP1485</name>
  </trkpt>
  <trkpt lat="68.30456" lon="13.69671">
    <name>TP1486</name>
  </trkpt>
  <trkpt lat="68.30461" lon="13.69667">
    <name>TP1487</name>
  </trkpt>
  <trkpt lat="68.30463" lon="13.69666">
    <name>TP1488</name>
  </trkpt>
  <trkpt lat="68.30473" lon="13.69663">
    <name>TP1489</name>
  </trkpt>
  <trkpt lat="68.30479" lon="13.6966">
    <name>TP1490</name>
  </trkpt>
  <trkpt lat="68.30482" lon="13.69659">
    <name>TP1491</name>
  </trkpt>
  <trkpt lat="68.30483" lon="13.69658">
    <name>TP1492</name>
  </trkpt>
  <trkpt lat="68.30489" lon="13.69654">
    <name>TP1493</name>
  </trkpt>
  <trkpt lat="68.30497" lon="13.69644">
    <name>TP1494</name>
  </trkpt>
  <trkpt lat="68.30508" lon="13.69627">
    <name>TP1495</name>
  </trkpt>
  <trkpt lat="68.30512" lon="13.6962">
    <name>TP1496</name>
  </trkpt>
  <trkpt lat="68.30527" lon="13.69594">
    <name>TP1497</name>
  </trkpt>
  <trkpt lat="68.30538" lon="13.69576">
    <name>TP1498</name>
  </trkpt>
  <trkpt lat="68.30567" lon="13.69527">
    <name>TP1499</name>
  </trkpt>
  <trkpt lat="68.30573" lon="13.69517">
    <name>TP1500</name>
  </trkpt>
  <trkpt lat="68.30576" lon="13.69511">
    <name>TP1501</name>
  </trkpt>
  <trkpt lat="68.30599" lon="13.69469">
    <name>TP1502</name>
  </trkpt>
  <trkpt lat="68.30624" lon="13.69427">
    <name>TP1503</name>
  </trkpt>
  <trkpt lat="68.30638" lon="13.69402">
    <name>TP1504</name>
  </trkpt>
  <trkpt lat="68.30646" lon="13.69385">
    <name>TP1505</name>
  </trkpt>
  <trkpt lat="68.30651" lon="13.69367">
    <name>TP1506</name>
  </trkpt>
  <trkpt lat="68.30656" lon="13.69346">
    <name>TP1507</name>
  </trkpt>
  <trkpt lat="68.30657" lon="13.69341">
    <name>TP1508</name>
  </trkpt>
  <trkpt lat="68.30662" lon="13.69315">
    <name>TP1509</name>
  </trkpt>
  <trkpt lat="68.30662" lon="13.69313">
    <name>TP1510</name>
  </trkpt>
  <trkpt lat="68.30667" lon="13.69274">
    <name>TP1511</name>
  </trkpt>
  <trkpt lat="68.3067" lon="13.6925">
    <name>TP1512</name>
  </trkpt>
  <trkpt lat="68.30671" lon="13.6924">
    <name>TP1513</name>
  </trkpt>
  <trkpt lat="68.30672" lon="13.69233">
    <name>TP1514</name>
  </trkpt>
  <trkpt lat="68.30672" lon="13.69231">
    <name>TP1515</name>
  </trkpt>
  <trkpt lat="68.30675" lon="13.69203">
    <name>TP1516</name>
  </trkpt>
  <trkpt lat="68.30676" lon="13.69197">
    <name>TP1517</name>
  </trkpt>
  <trkpt lat="68.30676" lon="13.69194">
    <name>TP1518</name>
  </trkpt>
  <trkpt lat="68.30682" lon="13.69163">
    <name>TP1519</name>
  </trkpt>
  <trkpt lat="68.3069" lon="13.69133">
    <name>TP1520</name>
  </trkpt>
  <trkpt lat="68.30696" lon="13.69113">
    <name>TP1521</name>
  </trkpt>
  <trkpt lat="68.30699" lon="13.69102">
    <name>TP1522</name>
  </trkpt>
  <trkpt lat="68.30708" lon="13.69066">
    <name>TP1523</name>
  </trkpt>
  <trkpt lat="68.3071" lon="13.69058">
    <name>TP1524</name>
  </trkpt>
  <trkpt lat="68.30716" lon="13.69032">
    <name>TP1525</name>
  </trkpt>
  <trkpt lat="68.30723" lon="13.68987">
    <name>TP1526</name>
  </trkpt>
  <trkpt lat="68.30728" lon="13.68951">
    <name>TP1527</name>
  </trkpt>
  <trkpt lat="68.30729" lon="13.68943">
    <name>TP1528</name>
  </trkpt>
  <trkpt lat="68.30729" lon="13.68942">
    <name>TP1529</name>
  </trkpt>
  <trkpt lat="68.30734" lon="13.68905">
    <name>TP1530</name>
  </trkpt>
  <trkpt lat="68.30734" lon="13.68899">
    <name>TP1531</name>
  </trkpt>
  <trkpt lat="68.30738" lon="13.68874">
    <name>TP1532</name>
  </trkpt>
  <trkpt lat="68.30744" lon="13.68836">
    <name>TP1533</name>
  </trkpt>
  <trkpt lat="68.30749" lon="13.68806">
    <name>TP1534</name>
  </trkpt>
  <trkpt lat="68.30753" lon="13.68794">
    <name>TP1535</name>
  </trkpt>
  <trkpt lat="68.30758" lon="13.68775">
    <name>TP1536</name>
  </trkpt>
  <trkpt lat="68.30768" lon="13.68741">
    <name>TP1537</name>
  </trkpt>
  <trkpt lat="68.30782" lon="13.68688">
    <name>TP1538</name>
  </trkpt>
  <trkpt lat="68.30788" lon="13.6867">
    <name>TP1539</name>
  </trkpt>
  <trkpt lat="68.30794" lon="13.68648">
    <name>TP1540</name>
  </trkpt>
  <trkpt lat="68.30796" lon="13.68631">
    <name>TP1541</name>
  </trkpt>
  <trkpt lat="68.30798" lon="13.68622">
    <name>TP1542</name>
  </trkpt>
  <trkpt lat="68.308" lon="13.68609">
    <name>TP1543</name>
  </trkpt>
  <trkpt lat="68.30802" lon="13.6859">
    <name>TP1544</name>
  </trkpt>
  <trkpt lat="68.30802" lon="13.68585">
    <name>TP1545</name>
  </trkpt>
  <trkpt lat="68.30806" lon="13.68537">
    <name>TP1546</name>
  </trkpt>
  <trkpt lat="68.30806" lon="13.68503">
    <name>TP1547</name>
  </trkpt>
  <trkpt lat="68.30807" lon="13.68471">
    <name>TP1548</name>
  </trkpt>
  <trkpt lat="68.30808" lon="13.68461">
    <name>TP1549</name>
  </trkpt>
  <trkpt lat="68.30808" lon="13.68451">
    <name>TP1550</name>
  </trkpt>
  <trkpt lat="68.30808" lon="13.68428">
    <name>TP1551</name>
  </trkpt>
  <trkpt lat="68.30809" lon="13.68406">
    <name>TP1552</name>
  </trkpt>
  <trkpt lat="68.3081" lon="13.68357">
    <name>TP1553</name>
  </trkpt>
  <trkpt lat="68.30811" lon="13.68298">
    <name>TP1554</name>
  </trkpt>
  <trkpt lat="68.30812" lon="13.68265">
    <name>TP1555</name>
  </trkpt>
  <trkpt lat="68.30812" lon="13.68256">
    <name>TP1556</name>
  </trkpt>
  <trkpt lat="68.30812" lon="13.68244">
    <name>TP1557</name>
  </trkpt>
  <trkpt lat="68.30812" lon="13.68231">
    <name>TP1558</name>
  </trkpt>
  <trkpt lat="68.30812" lon="13.68229">
    <name>TP1559</name>
  </trkpt>
  <trkpt lat="68.30813" lon="13.68187">
    <name>TP1560</name>
  </trkpt>
  <trkpt lat="68.30814" lon="13.68137">
    <name>TP1561</name>
  </trkpt>
  <trkpt lat="68.30815" lon="13.68115">
    <name>TP1562</name>
  </trkpt>
  <trkpt lat="68.30815" lon="13.68091">
    <name>TP1563</name>
  </trkpt>
  <trkpt lat="68.30815" lon="13.68088">
    <name>TP1564</name>
  </trkpt>
  <trkpt lat="68.30815" lon="13.68059">
    <name>TP1565</name>
  </trkpt>
  <trkpt lat="68.30815" lon="13.68053">
    <name>TP1566</name>
  </trkpt>
  <trkpt lat="68.30815" lon="13.68046">
    <name>TP1567</name>
  </trkpt>
  <trkpt lat="68.30817" lon="13.67998">
    <name>TP1568</name>
  </trkpt>
  <trkpt lat="68.30817" lon="13.67997">
    <name>TP1569</name>
  </trkpt>
  <trkpt lat="68.30819" lon="13.6793">
    <name>TP1570</name>
  </trkpt>
  <trkpt lat="68.3082" lon="13.67841">
    <name>TP1571</name>
  </trkpt>
  <trkpt lat="68.30821" lon="13.67784">
    <name>TP1572</name>
  </trkpt>
  <trkpt lat="68.30822" lon="13.67741">
    <name>TP1573</name>
  </trkpt>
  <trkpt lat="68.30824" lon="13.67655">
    <name>TP1574</name>
  </trkpt>
  <trkpt lat="68.30825" lon="13.67595">
    <name>TP1575</name>
  </trkpt>
  <trkpt lat="68.30825" lon="13.67582">
    <name>TP1576</name>
  </trkpt>
  <trkpt lat="68.30827" lon="13.67526">
    <name>TP1577</name>
  </trkpt>
  <trkpt lat="68.30828" lon="13.67485">
    <name>TP1578</name>
  </trkpt>
  <trkpt lat="68.3083" lon="13.6745">
    <name>TP1579</name>
  </trkpt>
  <trkpt lat="68.30834" lon="13.6742">
    <name>TP1580</name>
  </trkpt>
  <trkpt lat="68.30837" lon="13.67404">
    <name>TP1581</name>
  </trkpt>
  <trkpt lat="68.30839" lon="13.67385">
    <name>TP1582</name>
  </trkpt>
  <trkpt lat="68.30844" lon="13.6736">
    <name>TP1583</name>
  </trkpt>
  <trkpt lat="68.30847" lon="13.67342">
    <name>TP1584</name>
  </trkpt>
  <trkpt lat="68.30855" lon="13.67293">
    <name>TP1585</name>
  </trkpt>
  <trkpt lat="68.30859" lon="13.67272">
    <name>TP1586</name>
  </trkpt>
  <trkpt lat="68.30865" lon="13.6724">
    <name>TP1587</name>
  </trkpt>
  <trkpt lat="68.30867" lon="13.67228">
    <name>TP1588</name>
  </trkpt>
  <trkpt lat="68.30872" lon="13.67196">
    <name>TP1589</name>
  </trkpt>
  <trkpt lat="68.30874" lon="13.67183">
    <name>TP1590</name>
  </trkpt>
  <trkpt lat="68.30879" lon="13.6715">
    <name>TP1591</name>
  </trkpt>
  <trkpt lat="68.30886" lon="13.67096">
    <name>TP1592</name>
  </trkpt>
  <trkpt lat="68.30886" lon="13.67092">
    <name>TP1593</name>
  </trkpt>
  <trkpt lat="68.30891" lon="13.67045">
    <name>TP1594</name>
  </trkpt>
  <trkpt lat="68.30892" lon="13.67038">
    <name>TP1595</name>
  </trkpt>
  <trkpt lat="68.30896" lon="13.66998">
    <name>TP1596</name>
  </trkpt>
  <trkpt lat="68.30898" lon="13.6698">
    <name>TP1597</name>
  </trkpt>
  <trkpt lat="68.309" lon="13.66951">
    <name>TP1598</name>
  </trkpt>
  <trkpt lat="68.30904" lon="13.66908">
    <name>TP1599</name>
  </trkpt>
  <trkpt lat="68.30904" lon="13.66903">
    <name>TP1600</name>
  </trkpt>
  <trkpt lat="68.30909" lon="13.6684">
    <name>TP1601</name>
  </trkpt>
  <trkpt lat="68.30912" lon="13.66808">
    <name>TP1602</name>
  </trkpt>
  <trkpt lat="68.30915" lon="13.66773">
    <name>TP1603</name>
  </trkpt>
  <trkpt lat="68.30916" lon="13.66761">
    <name>TP1604</name>
  </trkpt>
  <trkpt lat="68.3092" lon="13.66713">
    <name>TP1605</name>
  </trkpt>
  <trkpt lat="68.30923" lon="13.66677">
    <name>TP1606</name>
  </trkpt>
  <trkpt lat="68.30926" lon="13.66642">
    <name>TP1607</name>
  </trkpt>
  <trkpt lat="68.30927" lon="13.66623">
    <name>TP1608</name>
  </trkpt>
  <trkpt lat="68.30941" lon="13.66489">
    <name>TP1609</name>
  </trkpt>
  <trkpt lat="68.30943" lon="13.66469">
    <name>TP1610</name>
  </trkpt>
  <trkpt lat="68.30946" lon="13.66442">
    <name>TP1611</name>
  </trkpt>
  <trkpt lat="68.30951" lon="13.66395">
    <name>TP1612</name>
  </trkpt>
  <trkpt lat="68.30957" lon="13.66335">
    <name>TP1613</name>
  </trkpt>
  <trkpt lat="68.3097" lon="13.66216">
    <name>TP1614</name>
  </trkpt>
  <trkpt lat="68.30975" lon="13.6616">
    <name>TP1615</name>
  </trkpt>
  <trkpt lat="68.30978" lon="13.66125">
    <name>TP1616</name>
  </trkpt>
  <trkpt lat="68.30979" lon="13.66113">
    <name>TP1617</name>
  </trkpt>
  <trkpt lat="68.30985" lon="13.6605">
    <name>TP1618</name>
  </trkpt>
  <trkpt lat="68.30988" lon="13.66005">
    <name>TP1619</name>
  </trkpt>
  <trkpt lat="68.3099" lon="13.65968">
    <name>TP1620</name>
  </trkpt>
  <trkpt lat="68.3099" lon="13.65934">
    <name>TP1621</name>
  </trkpt>
  <trkpt lat="68.3099" lon="13.65922">
    <name>TP1622</name>
  </trkpt>
  <trkpt lat="68.30989" lon="13.65895">
    <name>TP1623</name>
  </trkpt>
  <trkpt lat="68.30986" lon="13.65846">
    <name>TP1624</name>
  </trkpt>
  <trkpt lat="68.30983" lon="13.65794">
    <name>TP1625</name>
  </trkpt>
  <trkpt lat="68.30981" lon="13.65778">
    <name>TP1626</name>
  </trkpt>
  <trkpt lat="68.30978" lon="13.65743">
    <name>TP1627</name>
  </trkpt>
  <trkpt lat="68.30972" lon="13.65697">
    <name>TP1628</name>
  </trkpt>
  <trkpt lat="68.30963" lon="13.65647">
    <name>TP1629</name>
  </trkpt>
  <trkpt lat="68.30962" lon="13.65642">
    <name>TP1630</name>
  </trkpt>
  <trkpt lat="68.30953" lon="13.65602">
    <name>TP1631</name>
  </trkpt>
  <trkpt lat="68.30953" lon="13.656">
    <name>TP1632</name>
  </trkpt>
  <trkpt lat="68.30945" lon="13.65569">
    <name>TP1633</name>
  </trkpt>
  <trkpt lat="68.30943" lon="13.6556">
    <name>TP1634</name>
  </trkpt>
  <trkpt lat="68.30937" lon="13.65542">
    <name>TP1635</name>
  </trkpt>
  <trkpt lat="68.3093" lon="13.65525">
    <name>TP1636</name>
  </trkpt>
  <trkpt lat="68.30925" lon="13.65512">
    <name>TP1637</name>
  </trkpt>
  <trkpt lat="68.30917" lon="13.65492">
    <name>TP1638</name>
  </trkpt>
  <trkpt lat="68.30913" lon="13.65483">
    <name>TP1639</name>
  </trkpt>
  <trkpt lat="68.30901" lon="13.65459">
    <name>TP1640</name>
  </trkpt>
  <trkpt lat="68.30887" lon="13.65438">
    <name>TP1641</name>
  </trkpt>
  <trkpt lat="68.30871" lon="13.65423">
    <name>TP1642</name>
  </trkpt>
  <trkpt lat="68.3087" lon="13.65422">
    <name>TP1643</name>
  </trkpt>
  <trkpt lat="68.30859" lon="13.65413">
    <name>TP1644</name>
  </trkpt>
  <trkpt lat="68.30853" lon="13.65408">
    <name>TP1645</name>
  </trkpt>
  <trkpt lat="68.3085" lon="13.65406">
    <name>TP1646</name>
  </trkpt>
  <trkpt lat="68.30844" lon="13.65405">
    <name>TP1647</name>
  </trkpt>
  <trkpt lat="68.30837" lon="13.65407">
    <name>TP1648</name>
  </trkpt>
  <trkpt lat="68.30835" lon="13.65407">
    <name>TP1649</name>
  </trkpt>
  <trkpt lat="68.30827" lon="13.6541">
    <name>TP1650</name>
  </trkpt>
  <trkpt lat="68.30817" lon="13.65413">
    <name>TP1651</name>
  </trkpt>
  <trkpt lat="68.30816" lon="13.65413">
    <name>TP1652</name>
  </trkpt>
  <trkpt lat="68.30807" lon="13.65417">
    <name>TP1653</name>
  </trkpt>
  <trkpt lat="68.30799" lon="13.65415">
    <name>TP1654</name>
  </trkpt>
  <trkpt lat="68.3079" lon="13.6541">
    <name>TP1655</name>
  </trkpt>
  <trkpt lat="68.30783" lon="13.65397">
    <name>TP1656</name>
  </trkpt>
  <trkpt lat="68.30783" lon="13.65396">
    <name>TP1657</name>
  </trkpt>
  <trkpt lat="68.30776" lon="13.65374">
    <name>TP1658</name>
  </trkpt>
  <trkpt lat="68.30772" lon="13.65358">
    <name>TP1659</name>
  </trkpt>
  <trkpt lat="68.3077" lon="13.65347">
    <name>TP1660</name>
  </trkpt>
  <trkpt lat="68.3077018" lon="13.653473">
    <name>TP1661</name>
  </trkpt>
  <trkpt lat="68.3077018" lon="13.653473">
    <name>TP1662</name>
  </trkpt>
  <trkpt lat="68.30772" lon="13.65358">
    <name>TP1663</name>
  </trkpt>
  <trkpt lat="68.30776" lon="13.65374">
    <name>TP1664</name>
  </trkpt>
  <trkpt lat="68.30783" lon="13.65396">
    <name>TP1665</name>
  </trkpt>
  <trkpt lat="68.30783" lon="13.65397">
    <name>TP1666</name>
  </trkpt>
  <trkpt lat="68.3079" lon="13.6541">
    <name>TP1667</name>
  </trkpt>
  <trkpt lat="68.30799" lon="13.65415">
    <name>TP1668</name>
  </trkpt>
  <trkpt lat="68.30807" lon="13.65417">
    <name>TP1669</name>
  </trkpt>
  <trkpt lat="68.30816" lon="13.65413">
    <name>TP1670</name>
  </trkpt>
  <trkpt lat="68.30817" lon="13.65413">
    <name>TP1671</name>
  </trkpt>
  <trkpt lat="68.30827" lon="13.6541">
    <name>TP1672</name>
  </trkpt>
  <trkpt lat="68.30835" lon="13.65407">
    <name>TP1673</name>
  </trkpt>
  <trkpt lat="68.30837" lon="13.65407">
    <name>TP1674</name>
  </trkpt>
  <trkpt lat="68.30844" lon="13.65405">
    <name>TP1675</name>
  </trkpt>
  <trkpt lat="68.3085" lon="13.65406">
    <name>TP1676</name>
  </trkpt>
  <trkpt lat="68.30853" lon="13.65408">
    <name>TP1677</name>
  </trkpt>
  <trkpt lat="68.30859" lon="13.65413">
    <name>TP1678</name>
  </trkpt>
  <trkpt lat="68.3087" lon="13.65422">
    <name>TP1679</name>
  </trkpt>
  <trkpt lat="68.30871" lon="13.65423">
    <name>TP1680</name>
  </trkpt>
  <trkpt lat="68.30887" lon="13.65438">
    <name>TP1681</name>
  </trkpt>
  <trkpt lat="68.30901" lon="13.65459">
    <name>TP1682</name>
  </trkpt>
  <trkpt lat="68.30913" lon="13.65483">
    <name>TP1683</name>
  </trkpt>
  <trkpt lat="68.30917" lon="13.65492">
    <name>TP1684</name>
  </trkpt>
  <trkpt lat="68.30925" lon="13.65512">
    <name>TP1685</name>
  </trkpt>
  <trkpt lat="68.3093" lon="13.65525">
    <name>TP1686</name>
  </trkpt>
  <trkpt lat="68.30937" lon="13.65542">
    <name>TP1687</name>
  </trkpt>
  <trkpt lat="68.30943" lon="13.6556">
    <name>TP1688</name>
  </trkpt>
  <trkpt lat="68.30945" lon="13.65569">
    <name>TP1689</name>
  </trkpt>
  <trkpt lat="68.30953" lon="13.656">
    <name>TP1690</name>
  </trkpt>
  <trkpt lat="68.30953" lon="13.65602">
    <name>TP1691</name>
  </trkpt>
  <trkpt lat="68.30962" lon="13.65642">
    <name>TP1692</name>
  </trkpt>
  <trkpt lat="68.30963" lon="13.65647">
    <name>TP1693</name>
  </trkpt>
  <trkpt lat="68.30972" lon="13.65697">
    <name>TP1694</name>
  </trkpt>
  <trkpt lat="68.30978" lon="13.65743">
    <name>TP1695</name>
  </trkpt>
  <trkpt lat="68.30981" lon="13.65778">
    <name>TP1696</name>
  </trkpt>
  <trkpt lat="68.30983" lon="13.65794">
    <name>TP1697</name>
  </trkpt>
  <trkpt lat="68.30986" lon="13.65846">
    <name>TP1698</name>
  </trkpt>
  <trkpt lat="68.30989" lon="13.65895">
    <name>TP1699</name>
  </trkpt>
  <trkpt lat="68.3099" lon="13.65922">
    <name>TP1700</name>
  </trkpt>
  <trkpt lat="68.3099" lon="13.65934">
    <name>TP1701</name>
  </trkpt>
  <trkpt lat="68.3099" lon="13.65968">
    <name>TP1702</name>
  </trkpt>
  <trkpt lat="68.30988" lon="13.66005">
    <name>TP1703</name>
  </trkpt>
  <trkpt lat="68.30985" lon="13.6605">
    <name>TP1704</name>
  </trkpt>
  <trkpt lat="68.30979" lon="13.66113">
    <name>TP1705</name>
  </trkpt>
  <trkpt lat="68.30978" lon="13.66125">
    <name>TP1706</name>
  </trkpt>
  <trkpt lat="68.30975" lon="13.6616">
    <name>TP1707</name>
  </trkpt>
  <trkpt lat="68.3097" lon="13.66216">
    <name>TP1708</name>
  </trkpt>
  <trkpt lat="68.30957" lon="13.66335">
    <name>TP1709</name>
  </trkpt>
  <trkpt lat="68.30951" lon="13.66395">
    <name>TP1710</name>
  </trkpt>
  <trkpt lat="68.30946" lon="13.66442">
    <name>TP1711</name>
  </trkpt>
  <trkpt lat="68.30943" lon="13.66469">
    <name>TP1712</name>
  </trkpt>
  <trkpt lat="68.30941" lon="13.66489">
    <name>TP1713</name>
  </trkpt>
  <trkpt lat="68.30927" lon="13.66623">
    <name>TP1714</name>
  </trkpt>
  <trkpt lat="68.30926" lon="13.66642">
    <name>TP1715</name>
  </trkpt>
  <trkpt lat="68.30923" lon="13.66677">
    <name>TP1716</name>
  </trkpt>
  <trkpt lat="68.3092" lon="13.66713">
    <name>TP1717</name>
  </trkpt>
  <trkpt lat="68.30916" lon="13.66761">
    <name>TP1718</name>
  </trkpt>
  <trkpt lat="68.30915" lon="13.66773">
    <name>TP1719</name>
  </trkpt>
  <trkpt lat="68.30912" lon="13.66808">
    <name>TP1720</name>
  </trkpt>
  <trkpt lat="68.30909" lon="13.6684">
    <name>TP1721</name>
  </trkpt>
  <trkpt lat="68.30904" lon="13.66903">
    <name>TP1722</name>
  </trkpt>
  <trkpt lat="68.30904" lon="13.66908">
    <name>TP1723</name>
  </trkpt>
  <trkpt lat="68.309" lon="13.66951">
    <name>TP1724</name>
  </trkpt>
  <trkpt lat="68.30898" lon="13.6698">
    <name>TP1725</name>
  </trkpt>
  <trkpt lat="68.30896" lon="13.66998">
    <name>TP1726</name>
  </trkpt>
  <trkpt lat="68.30892" lon="13.67038">
    <name>TP1727</name>
  </trkpt>
  <trkpt lat="68.30891" lon="13.67045">
    <name>TP1728</name>
  </trkpt>
  <trkpt lat="68.30886" lon="13.67092">
    <name>TP1729</name>
  </trkpt>
  <trkpt lat="68.30886" lon="13.67096">
    <name>TP1730</name>
  </trkpt>
  <trkpt lat="68.30879" lon="13.6715">
    <name>TP1731</name>
  </trkpt>
  <trkpt lat="68.30874" lon="13.67183">
    <name>TP1732</name>
  </trkpt>
  <trkpt lat="68.30872" lon="13.67196">
    <name>TP1733</name>
  </trkpt>
  <trkpt lat="68.30867" lon="13.67228">
    <name>TP1734</name>
  </trkpt>
  <trkpt lat="68.30865" lon="13.6724">
    <name>TP1735</name>
  </trkpt>
  <trkpt lat="68.30859" lon="13.67272">
    <name>TP1736</name>
  </trkpt>
  <trkpt lat="68.30855" lon="13.67293">
    <name>TP1737</name>
  </trkpt>
  <trkpt lat="68.30847" lon="13.67342">
    <name>TP1738</name>
  </trkpt>
  <trkpt lat="68.30844" lon="13.6736">
    <name>TP1739</name>
  </trkpt>
  <trkpt lat="68.30839" lon="13.67385">
    <name>TP1740</name>
  </trkpt>
  <trkpt lat="68.30837" lon="13.67404">
    <name>TP1741</name>
  </trkpt>
  <trkpt lat="68.30834" lon="13.6742">
    <name>TP1742</name>
  </trkpt>
  <trkpt lat="68.3083" lon="13.6745">
    <name>TP1743</name>
  </trkpt>
  <trkpt lat="68.30828" lon="13.67485">
    <name>TP1744</name>
  </trkpt>
  <trkpt lat="68.30827" lon="13.67526">
    <name>TP1745</name>
  </trkpt>
  <trkpt lat="68.30825" lon="13.67582">
    <name>TP1746</name>
  </trkpt>
  <trkpt lat="68.30825" lon="13.67595">
    <name>TP1747</name>
  </trkpt>
  <trkpt lat="68.30824" lon="13.67655">
    <name>TP1748</name>
  </trkpt>
  <trkpt lat="68.30822" lon="13.67741">
    <name>TP1749</name>
  </trkpt>
  <trkpt lat="68.30821" lon="13.67784">
    <name>TP1750</name>
  </trkpt>
  <trkpt lat="68.3082" lon="13.67841">
    <name>TP1751</name>
  </trkpt>
  <trkpt lat="68.30819" lon="13.6793">
    <name>TP1752</name>
  </trkpt>
  <trkpt lat="68.30817" lon="13.67997">
    <name>TP1753</name>
  </trkpt>
  <trkpt lat="68.30817" lon="13.67998">
    <name>TP1754</name>
  </trkpt>
  <trkpt lat="68.30815" lon="13.68046">
    <name>TP1755</name>
  </trkpt>
  <trkpt lat="68.30815" lon="13.68053">
    <name>TP1756</name>
  </trkpt>
  <trkpt lat="68.30815" lon="13.68059">
    <name>TP1757</name>
  </trkpt>
  <trkpt lat="68.30815" lon="13.68088">
    <name>TP1758</name>
  </trkpt>
  <trkpt lat="68.30815" lon="13.68091">
    <name>TP1759</name>
  </trkpt>
  <trkpt lat="68.30815" lon="13.68115">
    <name>TP1760</name>
  </trkpt>
  <trkpt lat="68.30814" lon="13.68137">
    <name>TP1761</name>
  </trkpt>
  <trkpt lat="68.30813" lon="13.68187">
    <name>TP1762</name>
  </trkpt>
  <trkpt lat="68.30812" lon="13.68229">
    <name>TP1763</name>
  </trkpt>
  <trkpt lat="68.30812" lon="13.68231">
    <name>TP1764</name>
  </trkpt>
  <trkpt lat="68.30812" lon="13.68244">
    <name>TP1765</name>
  </trkpt>
  <trkpt lat="68.30812" lon="13.68256">
    <name>TP1766</name>
  </trkpt>
  <trkpt lat="68.30812" lon="13.68265">
    <name>TP1767</name>
  </trkpt>
  <trkpt lat="68.30811" lon="13.68298">
    <name>TP1768</name>
  </trkpt>
  <trkpt lat="68.3081" lon="13.68357">
    <name>TP1769</name>
  </trkpt>
  <trkpt lat="68.30809" lon="13.68406">
    <name>TP1770</name>
  </trkpt>
  <trkpt lat="68.30808" lon="13.68428">
    <name>TP1771</name>
  </trkpt>
  <trkpt lat="68.30808" lon="13.68451">
    <name>TP1772</name>
  </trkpt>
  <trkpt lat="68.30808" lon="13.68461">
    <name>TP1773</name>
  </trkpt>
  <trkpt lat="68.30807" lon="13.68471">
    <name>TP1774</name>
  </trkpt>
  <trkpt lat="68.30806" lon="13.68503">
    <name>TP1775</name>
  </trkpt>
  <trkpt lat="68.30806" lon="13.68537">
    <name>TP1776</name>
  </trkpt>
  <trkpt lat="68.30802" lon="13.68585">
    <name>TP1777</name>
  </trkpt>
  <trkpt lat="68.30802" lon="13.6859">
    <name>TP1778</name>
  </trkpt>
  <trkpt lat="68.308" lon="13.68609">
    <name>TP1779</name>
  </trkpt>
  <trkpt lat="68.30798" lon="13.68622">
    <name>TP1780</name>
  </trkpt>
  <trkpt lat="68.30796" lon="13.68631">
    <name>TP1781</name>
  </trkpt>
  <trkpt lat="68.30794" lon="13.68648">
    <name>TP1782</name>
  </trkpt>
  <trkpt lat="68.30788" lon="13.6867">
    <name>TP1783</name>
  </trkpt>
  <trkpt lat="68.30782" lon="13.68688">
    <name>TP1784</name>
  </trkpt>
  <trkpt lat="68.30768" lon="13.68741">
    <name>TP1785</name>
  </trkpt>
  <trkpt lat="68.30758" lon="13.68775">
    <name>TP1786</name>
  </trkpt>
  <trkpt lat="68.30753" lon="13.68794">
    <name>TP1787</name>
  </trkpt>
  <trkpt lat="68.30749" lon="13.68806">
    <name>TP1788</name>
  </trkpt>
  <trkpt lat="68.30744" lon="13.68836">
    <name>TP1789</name>
  </trkpt>
  <trkpt lat="68.30738" lon="13.68874">
    <name>TP1790</name>
  </trkpt>
  <trkpt lat="68.30734" lon="13.68899">
    <name>TP1791</name>
  </trkpt>
  <trkpt lat="68.30734" lon="13.68905">
    <name>TP1792</name>
  </trkpt>
  <trkpt lat="68.30729" lon="13.68942">
    <name>TP1793</name>
  </trkpt>
  <trkpt lat="68.30729" lon="13.68943">
    <name>TP1794</name>
  </trkpt>
  <trkpt lat="68.30728" lon="13.68951">
    <name>TP1795</name>
  </trkpt>
  <trkpt lat="68.30723" lon="13.68987">
    <name>TP1796</name>
  </trkpt>
  <trkpt lat="68.30716" lon="13.69032">
    <name>TP1797</name>
  </trkpt>
  <trkpt lat="68.3071" lon="13.69058">
    <name>TP1798</name>
  </trkpt>
  <trkpt lat="68.30708" lon="13.69066">
    <name>TP1799</name>
  </trkpt>
  <trkpt lat="68.30699" lon="13.69102">
    <name>TP1800</name>
  </trkpt>
  <trkpt lat="68.30696" lon="13.69113">
    <name>TP1801</name>
  </trkpt>
  <trkpt lat="68.3069" lon="13.69133">
    <name>TP1802</name>
  </trkpt>
  <trkpt lat="68.30682" lon="13.69163">
    <name>TP1803</name>
  </trkpt>
  <trkpt lat="68.30676" lon="13.69194">
    <name>TP1804</name>
  </trkpt>
  <trkpt lat="68.30676" lon="13.69197">
    <name>TP1805</name>
  </trkpt>
  <trkpt lat="68.30675" lon="13.69203">
    <name>TP1806</name>
  </trkpt>
  <trkpt lat="68.30672" lon="13.69231">
    <name>TP1807</name>
  </trkpt>
  <trkpt lat="68.30672" lon="13.69233">
    <name>TP1808</name>
  </trkpt>
  <trkpt lat="68.30671" lon="13.6924">
    <name>TP1809</name>
  </trkpt>
  <trkpt lat="68.3067" lon="13.6925">
    <name>TP1810</name>
  </trkpt>
  <trkpt lat="68.30667" lon="13.69274">
    <name>TP1811</name>
  </trkpt>
  <trkpt lat="68.30662" lon="13.69313">
    <name>TP1812</name>
  </trkpt>
  <trkpt lat="68.30662" lon="13.69315">
    <name>TP1813</name>
  </trkpt>
  <trkpt lat="68.30657" lon="13.69341">
    <name>TP1814</name>
  </trkpt>
  <trkpt lat="68.30656" lon="13.69346">
    <name>TP1815</name>
  </trkpt>
  <trkpt lat="68.30651" lon="13.69367">
    <name>TP1816</name>
  </trkpt>
  <trkpt lat="68.30646" lon="13.69385">
    <name>TP1817</name>
  </trkpt>
  <trkpt lat="68.30638" lon="13.69402">
    <name>TP1818</name>
  </trkpt>
  <trkpt lat="68.30624" lon="13.69427">
    <name>TP1819</name>
  </trkpt>
  <trkpt lat="68.30599" lon="13.69469">
    <name>TP1820</name>
  </trkpt>
  <trkpt lat="68.30576" lon="13.69511">
    <name>TP1821</name>
  </trkpt>
  <trkpt lat="68.30573" lon="13.69517">
    <name>TP1822</name>
  </trkpt>
  <trkpt lat="68.30567" lon="13.69527">
    <name>TP1823</name>
  </trkpt>
  <trkpt lat="68.30538" lon="13.69576">
    <name>TP1824</name>
  </trkpt>
  <trkpt lat="68.30527" lon="13.69594">
    <name>TP1825</name>
  </trkpt>
  <trkpt lat="68.30512" lon="13.6962">
    <name>TP1826</name>
  </trkpt>
  <trkpt lat="68.30508" lon="13.69627">
    <name>TP1827</name>
  </trkpt>
  <trkpt lat="68.30497" lon="13.69644">
    <name>TP1828</name>
  </trkpt>
  <trkpt lat="68.30489" lon="13.69654">
    <name>TP1829</name>
  </trkpt>
  <trkpt lat="68.30483" lon="13.69658">
    <name>TP1830</name>
  </trkpt>
  <trkpt lat="68.30482" lon="13.69659">
    <name>TP1831</name>
  </trkpt>
  <trkpt lat="68.30479" lon="13.6966">
    <name>TP1832</name>
  </trkpt>
  <trkpt lat="68.30473" lon="13.69663">
    <name>TP1833</name>
  </trkpt>
  <trkpt lat="68.30463" lon="13.69666">
    <name>TP1834</name>
  </trkpt>
  <trkpt lat="68.30461" lon="13.69667">
    <name>TP1835</name>
  </trkpt>
  <trkpt lat="68.30456" lon="13.69671">
    <name>TP1836</name>
  </trkpt>
  <trkpt lat="68.30451" lon="13.69675">
    <name>TP1837</name>
  </trkpt>
  <trkpt lat="68.30448" lon="13.69678">
    <name>TP1838</name>
  </trkpt>
  <trkpt lat="68.30445" lon="13.69683">
    <name>TP1839</name>
  </trkpt>
  <trkpt lat="68.30441" lon="13.69689">
    <name>TP1840</name>
  </trkpt>
  <trkpt lat="68.30436" lon="13.69702">
    <name>TP1841</name>
  </trkpt>
  <trkpt lat="68.30433" lon="13.69707">
    <name>TP1842</name>
  </trkpt>
  <trkpt lat="68.30431" lon="13.69714">
    <name>TP1843</name>
  </trkpt>
  <trkpt lat="68.30427" lon="13.69723">
    <name>TP1844</name>
  </trkpt>
  <trkpt lat="68.30421" lon="13.69742">
    <name>TP1845</name>
  </trkpt>
  <trkpt lat="68.30414" lon="13.69764">
    <name>TP1846</name>
  </trkpt>
  <trkpt lat="68.30399" lon="13.69807">
    <name>TP1847</name>
  </trkpt>
  <trkpt lat="68.30396" lon="13.69816">
    <name>TP1848</name>
  </trkpt>
  <trkpt lat="68.30395" lon="13.6982">
    <name>TP1849</name>
  </trkpt>
  <trkpt lat="68.30371" lon="13.69891">
    <name>TP1850</name>
  </trkpt>
  <trkpt lat="68.30341" lon="13.69981">
    <name>TP1851</name>
  </trkpt>
  <trkpt lat="68.30338" lon="13.69989">
    <name>TP1852</name>
  </trkpt>
  <trkpt lat="68.303" lon="13.70094">
    <name>TP1853</name>
  </trkpt>
  <trkpt lat="68.30285" lon="13.70132">
    <name>TP1854</name>
  </trkpt>
  <trkpt lat="68.30266" lon="13.70181">
    <name>TP1855</name>
  </trkpt>
  <trkpt lat="68.30244" lon="13.70239">
    <name>TP1856</name>
  </trkpt>
  <trkpt lat="68.30231" lon="13.70273">
    <name>TP1857</name>
  </trkpt>
  <trkpt lat="68.30218" lon="13.70307">
    <name>TP1858</name>
  </trkpt>
  <trkpt lat="68.30213" lon="13.70318">
    <name>TP1859</name>
  </trkpt>
  <trkpt lat="68.30212" lon="13.70321">
    <name>TP1860</name>
  </trkpt>
  <trkpt lat="68.30212" lon="13.70322">
    <name>TP1861</name>
  </trkpt>
  <trkpt lat="68.30209" lon="13.7033">
    <name>TP1862</name>
  </trkpt>
  <trkpt lat="68.30205" lon="13.7034">
    <name>TP1863</name>
  </trkpt>
  <trkpt lat="68.30192" lon="13.70374">
    <name>TP1864</name>
  </trkpt>
  <trkpt lat="68.3017" lon="13.7043">
    <name>TP1865</name>
  </trkpt>
  <trkpt lat="68.30166" lon="13.70442">
    <name>TP1866</name>
  </trkpt>
  <trkpt lat="68.30158" lon="13.70463">
    <name>TP1867</name>
  </trkpt>
  <trkpt lat="68.30154" lon="13.70478">
    <name>TP1868</name>
  </trkpt>
  <trkpt lat="68.30146" lon="13.70502">
    <name>TP1869</name>
  </trkpt>
  <trkpt lat="68.30142" lon="13.70514">
    <name>TP1870</name>
  </trkpt>
  <trkpt lat="68.30131" lon="13.70552">
    <name>TP1871</name>
  </trkpt>
  <trkpt lat="68.3013" lon="13.70554">
    <name>TP1872</name>
  </trkpt>
  <trkpt lat="68.30115" lon="13.706">
    <name>TP1873</name>
  </trkpt>
  <trkpt lat="68.30112" lon="13.7061">
    <name>TP1874</name>
  </trkpt>
  <trkpt lat="68.3011" lon="13.70615">
    <name>TP1875</name>
  </trkpt>
  <trkpt lat="68.30108" lon="13.70624">
    <name>TP1876</name>
  </trkpt>
  <trkpt lat="68.30102" lon="13.70642">
    <name>TP1877</name>
  </trkpt>
  <trkpt lat="68.30094" lon="13.70668">
    <name>TP1878</name>
  </trkpt>
  <trkpt lat="68.30078" lon="13.70715">
    <name>TP1879</name>
  </trkpt>
  <trkpt lat="68.30073" lon="13.70729">
    <name>TP1880</name>
  </trkpt>
  <trkpt lat="68.30071" lon="13.70735">
    <name>TP1881</name>
  </trkpt>
  <trkpt lat="68.30063" lon="13.70759">
    <name>TP1882</name>
  </trkpt>
  <trkpt lat="68.30063" lon="13.7076">
    <name>TP1883</name>
  </trkpt>
  <trkpt lat="68.30059" lon="13.7077">
    <name>TP1884</name>
  </trkpt>
  <trkpt lat="68.30053" lon="13.70788">
    <name>TP1885</name>
  </trkpt>
  <trkpt lat="68.30047" lon="13.70806">
    <name>TP1886</name>
  </trkpt>
  <trkpt lat="68.30041" lon="13.70825">
    <name>TP1887</name>
  </trkpt>
  <trkpt lat="68.30035" lon="13.70842">
    <name>TP1888</name>
  </trkpt>
  <trkpt lat="68.30029" lon="13.70859">
    <name>TP1889</name>
  </trkpt>
  <trkpt lat="68.30026" lon="13.70867">
    <name>TP1890</name>
  </trkpt>
  <trkpt lat="68.30023" lon="13.70878">
    <name>TP1891</name>
  </trkpt>
  <trkpt lat="68.30014" lon="13.70904">
    <name>TP1892</name>
  </trkpt>
  <trkpt lat="68.30011" lon="13.70915">
    <name>TP1893</name>
  </trkpt>
  <trkpt lat="68.30005" lon="13.70931">
    <name>TP1894</name>
  </trkpt>
  <trkpt lat="68.30005" lon="13.70933">
    <name>TP1895</name>
  </trkpt>
  <trkpt lat="68.30002" lon="13.70941">
    <name>TP1896</name>
  </trkpt>
  <trkpt lat="68.29999" lon="13.70951">
    <name>TP1897</name>
  </trkpt>
  <trkpt lat="68.29997" lon="13.70959">
    <name>TP1898</name>
  </trkpt>
  <trkpt lat="68.29994" lon="13.70968">
    <name>TP1899</name>
  </trkpt>
  <trkpt lat="68.2999" lon="13.70977">
    <name>TP1900</name>
  </trkpt>
  <trkpt lat="68.29987" lon="13.70986">
    <name>TP1901</name>
  </trkpt>
  <trkpt lat="68.29987" lon="13.70987">
    <name>TP1902</name>
  </trkpt>
  <trkpt lat="68.29976" lon="13.71017">
    <name>TP1903</name>
  </trkpt>
  <trkpt lat="68.29967" lon="13.71033">
    <name>TP1904</name>
  </trkpt>
  <trkpt lat="68.2996" lon="13.71045">
    <name>TP1905</name>
  </trkpt>
  <trkpt lat="68.29959" lon="13.71047">
    <name>TP1906</name>
  </trkpt>
  <trkpt lat="68.29943" lon="13.71069">
    <name>TP1907</name>
  </trkpt>
  <trkpt lat="68.29942" lon="13.71069">
    <name>TP1908</name>
  </trkpt>
  <trkpt lat="68.29926" lon="13.71089">
    <name>TP1909</name>
  </trkpt>
  <trkpt lat="68.29925" lon="13.7109">
    <name>TP1910</name>
  </trkpt>
  <trkpt lat="68.29919" lon="13.71096">
    <name>TP1911</name>
  </trkpt>
  <trkpt lat="68.29914" lon="13.71101">
    <name>TP1912</name>
  </trkpt>
  <trkpt lat="68.29909" lon="13.71105">
    <name>TP1913</name>
  </trkpt>
  <trkpt lat="68.29907" lon="13.71108">
    <name>TP1914</name>
  </trkpt>
  <trkpt lat="68.29885" lon="13.71127">
    <name>TP1915</name>
  </trkpt>
  <trkpt lat="68.29884" lon="13.71128">
    <name>TP1916</name>
  </trkpt>
  <trkpt lat="68.2988" lon="13.71131">
    <name>TP1917</name>
  </trkpt>
  <trkpt lat="68.29875" lon="13.71135">
    <name>TP1918</name>
  </trkpt>
  <trkpt lat="68.29867" lon="13.71142">
    <name>TP1919</name>
  </trkpt>
  <trkpt lat="68.29858" lon="13.7115">
    <name>TP1920</name>
  </trkpt>
  <trkpt lat="68.29856" lon="13.71151">
    <name>TP1921</name>
  </trkpt>
  <trkpt lat="68.2985" lon="13.71157">
    <name>TP1922</name>
  </trkpt>
  <trkpt lat="68.29825" lon="13.71179">
    <name>TP1923</name>
  </trkpt>
  <trkpt lat="68.29804" lon="13.71199">
    <name>TP1924</name>
  </trkpt>
  <trkpt lat="68.29783" lon="13.71221">
    <name>TP1925</name>
  </trkpt>
  <trkpt lat="68.29773" lon="13.7123">
    <name>TP1926</name>
  </trkpt>
  <trkpt lat="68.2977307" lon="13.7122988">
    <name>TP1927</name>
  </trkpt>
  <trkpt lat="68.29755" lon="13.71246">
    <name>TP1928</name>
  </trkpt>
  <trkpt lat="68.29742" lon="13.71259">
    <name>TP1929</name>
  </trkpt>
  <trkpt lat="68.29734" lon="13.71271">
    <name>TP1930</name>
  </trkpt>
  <trkpt lat="68.2971" lon="13.7131">
    <name>TP1931</name>
  </trkpt>
  <trkpt lat="68.29688" lon="13.71347">
    <name>TP1932</name>
  </trkpt>
  <trkpt lat="68.29674" lon="13.71379">
    <name>TP1933</name>
  </trkpt>
  <trkpt lat="68.29668" lon="13.71392">
    <name>TP1934</name>
  </trkpt>
  <trkpt lat="68.2966" lon="13.71405">
    <name>TP1935</name>
  </trkpt>
  <trkpt lat="68.29652" lon="13.71413">
    <name>TP1936</name>
  </trkpt>
  <trkpt lat="68.29651" lon="13.71415">
    <name>TP1937</name>
  </trkpt>
  <trkpt lat="68.29636" lon="13.71442">
    <name>TP1938</name>
  </trkpt>
  <trkpt lat="68.29621" lon="13.71469">
    <name>TP1939</name>
  </trkpt>
  <trkpt lat="68.29611" lon="13.71489">
    <name>TP1940</name>
  </trkpt>
  <trkpt lat="68.29592" lon="13.71524">
    <name>TP1941</name>
  </trkpt>
  <trkpt lat="68.29577" lon="13.71551">
    <name>TP1942</name>
  </trkpt>
  <trkpt lat="68.29562" lon="13.71579">
    <name>TP1943</name>
  </trkpt>
  <trkpt lat="68.29561" lon="13.7158">
    <name>TP1944</name>
  </trkpt>
  <trkpt lat="68.29542" lon="13.71613">
    <name>TP1945</name>
  </trkpt>
  <trkpt lat="68.29524" lon="13.7164">
    <name>TP1946</name>
  </trkpt>
  <trkpt lat="68.29511" lon="13.71657">
    <name>TP1947</name>
  </trkpt>
  <trkpt lat="68.29501" lon="13.71666">
    <name>TP1948</name>
  </trkpt>
  <trkpt lat="68.29487" lon="13.71681">
    <name>TP1949</name>
  </trkpt>
  <trkpt lat="68.2948" lon="13.7169">
    <name>TP1950</name>
  </trkpt>
  <trkpt lat="68.29468" lon="13.71701">
    <name>TP1951</name>
  </trkpt>
  <trkpt lat="68.29465" lon="13.71703">
    <name>TP1952</name>
  </trkpt>
  <trkpt lat="68.29431" lon="13.71724">
    <name>TP1953</name>
  </trkpt>
  <trkpt lat="68.294" lon="13.71735">
    <name>TP1954</name>
  </trkpt>
  <trkpt lat="68.29376" lon="13.71737">
    <name>TP1955</name>
  </trkpt>
  <trkpt lat="68.2936" lon="13.71738">
    <name>TP1956</name>
  </trkpt>
  <trkpt lat="68.2932" lon="13.7174">
    <name>TP1957</name>
  </trkpt>
  <trkpt lat="68.29304" lon="13.71742">
    <name>TP1958</name>
  </trkpt>
  <trkpt lat="68.29296" lon="13.71744">
    <name>TP1959</name>
  </trkpt>
  <trkpt lat="68.29278" lon="13.71752">
    <name>TP1960</name>
  </trkpt>
  <trkpt lat="68.29253" lon="13.7177">
    <name>TP1961</name>
  </trkpt>
  <trkpt lat="68.29251" lon="13.71771">
    <name>TP1962</name>
  </trkpt>
  <trkpt lat="68.29236" lon="13.71787">
    <name>TP1963</name>
  </trkpt>
  <trkpt lat="68.29221" lon="13.71815">
    <name>TP1964</name>
  </trkpt>
  <trkpt lat="68.2922" lon="13.71817">
    <name>TP1965</name>
  </trkpt>
  <trkpt lat="68.29204" lon="13.71842">
    <name>TP1966</name>
  </trkpt>
  <trkpt lat="68.29196" lon="13.71856">
    <name>TP1967</name>
  </trkpt>
  <trkpt lat="68.29189" lon="13.71866">
    <name>TP1968</name>
  </trkpt>
  <trkpt lat="68.29178" lon="13.71883">
    <name>TP1969</name>
  </trkpt>
  <trkpt lat="68.29173" lon="13.71891">
    <name>TP1970</name>
  </trkpt>
  <trkpt lat="68.29158" lon="13.71916">
    <name>TP1971</name>
  </trkpt>
  <trkpt lat="68.29158" lon="13.71917">
    <name>TP1972</name>
  </trkpt>
  <trkpt lat="68.29128" lon="13.71966">
    <name>TP1973</name>
  </trkpt>
  <trkpt lat="68.29127" lon="13.71967">
    <name>TP1974</name>
  </trkpt>
  <trkpt lat="68.29112" lon="13.71991">
    <name>TP1975</name>
  </trkpt>
  <trkpt lat="68.29107" lon="13.71999">
    <name>TP1976</name>
  </trkpt>
  <trkpt lat="68.29097" lon="13.72012">
    <name>TP1977</name>
  </trkpt>
  <trkpt lat="68.29084" lon="13.72025">
    <name>TP1978</name>
  </trkpt>
  <trkpt lat="68.29071" lon="13.72036">
    <name>TP1979</name>
  </trkpt>
  <trkpt lat="68.29067" lon="13.72037">
    <name>TP1980</name>
  </trkpt>
  <trkpt lat="68.29051" lon="13.72043">
    <name>TP1981</name>
  </trkpt>
  <trkpt lat="68.29036" lon="13.72046">
    <name>TP1982</name>
  </trkpt>
  <trkpt lat="68.2902" lon="13.72046">
    <name>TP1983</name>
  </trkpt>
  <trkpt lat="68.29002" lon="13.72036">
    <name>TP1984</name>
  </trkpt>
  <trkpt lat="68.28991" lon="13.72027">
    <name>TP1985</name>
  </trkpt>
  <trkpt lat="68.28966" lon="13.72007">
    <name>TP1986</name>
  </trkpt>
  <trkpt lat="68.28944" lon="13.7199">
    <name>TP1987</name>
  </trkpt>
  <trkpt lat="68.2893" lon="13.7198">
    <name>TP1988</name>
  </trkpt>
  <trkpt lat="68.28922" lon="13.71974">
    <name>TP1989</name>
  </trkpt>
  <trkpt lat="68.28902" lon="13.71959">
    <name>TP1990</name>
  </trkpt>
  <trkpt lat="68.28896" lon="13.71955">
    <name>TP1991</name>
  </trkpt>
  <trkpt lat="68.28878" lon="13.71944">
    <name>TP1992</name>
  </trkpt>
  <trkpt lat="68.28871" lon="13.71939">
    <name>TP1993</name>
  </trkpt>
  <trkpt lat="68.28864" lon="13.71933">
    <name>TP1994</name>
  </trkpt>
  <trkpt lat="68.28843" lon="13.71925">
    <name>TP1995</name>
  </trkpt>
  <trkpt lat="68.28827" lon="13.71925">
    <name>TP1996</name>
  </trkpt>
  <trkpt lat="68.2882678" lon="13.7192488">
    <name>TP1997</name>
  </trkpt>
  <trkpt lat="68.28776" lon="13.7193">
    <name>TP1998</name>
  </trkpt>
  <trkpt lat="68.28754" lon="13.71933">
    <name>TP1999</name>
  </trkpt>
  <trkpt lat="68.28748" lon="13.71935">
    <name>TP2000</name>
  </trkpt>
  <trkpt lat="68.28742" lon="13.71936">
    <name>TP2001</name>
  </trkpt>
  <trkpt lat="68.2873" lon="13.71942">
    <name>TP2002</name>
  </trkpt>
  <trkpt lat="68.28721" lon="13.71945">
    <name>TP2003</name>
  </trkpt>
  <trkpt lat="68.28707" lon="13.71956">
    <name>TP2004</name>
  </trkpt>
  <trkpt lat="68.28687" lon="13.71971">
    <name>TP2005</name>
  </trkpt>
  <trkpt lat="68.28671" lon="13.71984">
    <name>TP2006</name>
  </trkpt>
  <trkpt lat="68.28665" lon="13.71989">
    <name>TP2007</name>
  </trkpt>
  <trkpt lat="68.28645" lon="13.72004">
    <name>TP2008</name>
  </trkpt>
  <trkpt lat="68.28632" lon="13.72014">
    <name>TP2009</name>
  </trkpt>
  <trkpt lat="68.28629" lon="13.72016">
    <name>TP2010</name>
  </trkpt>
  <trkpt lat="68.2861" lon="13.72028">
    <name>TP2011</name>
  </trkpt>
  <trkpt lat="68.28593" lon="13.72033">
    <name>TP2012</name>
  </trkpt>
  <trkpt lat="68.28583" lon="13.72032">
    <name>TP2013</name>
  </trkpt>
  <trkpt lat="68.2858" lon="13.72031">
    <name>TP2014</name>
  </trkpt>
  <trkpt lat="68.28567" lon="13.72025">
    <name>TP2015</name>
  </trkpt>
  <trkpt lat="68.28554" lon="13.72015">
    <name>TP2016</name>
  </trkpt>
  <trkpt lat="68.28548" lon="13.7201">
    <name>TP2017</name>
  </trkpt>
  <trkpt lat="68.28544" lon="13.72006">
    <name>TP2018</name>
  </trkpt>
  <trkpt lat="68.28532" lon="13.71994">
    <name>TP2019</name>
  </trkpt>
  <trkpt lat="68.28531" lon="13.71994">
    <name>TP2020</name>
  </trkpt>
  <trkpt lat="68.28519" lon="13.71983">
    <name>TP2021</name>
  </trkpt>
  <trkpt lat="68.28514" lon="13.71978">
    <name>TP2022</name>
  </trkpt>
  <trkpt lat="68.28504" lon="13.71967">
    <name>TP2023</name>
  </trkpt>
  <trkpt lat="68.28497" lon="13.7196">
    <name>TP2024</name>
  </trkpt>
  <trkpt lat="68.28485" lon="13.71947">
    <name>TP2025</name>
  </trkpt>
  <trkpt lat="68.2847" lon="13.71931">
    <name>TP2026</name>
  </trkpt>
  <trkpt lat="68.28454" lon="13.71917">
    <name>TP2027</name>
  </trkpt>
  <trkpt lat="68.28447" lon="13.7191">
    <name>TP2028</name>
  </trkpt>
  <trkpt lat="68.28437" lon="13.71902">
    <name>TP2029</name>
  </trkpt>
  <trkpt lat="68.2843" lon="13.71895">
    <name>TP2030</name>
  </trkpt>
  <trkpt lat="68.28421" lon="13.71887">
    <name>TP2031</name>
  </trkpt>
  <trkpt lat="68.28408" lon="13.71875">
    <name>TP2032</name>
  </trkpt>
  <trkpt lat="68.28397" lon="13.71863">
    <name>TP2033</name>
  </trkpt>
  <trkpt lat="68.28386" lon="13.71847">
    <name>TP2034</name>
  </trkpt>
  <trkpt lat="68.28374" lon="13.71829">
    <name>TP2035</name>
  </trkpt>
  <trkpt lat="68.28364" lon="13.71816">
    <name>TP2036</name>
  </trkpt>
  <trkpt lat="68.28353" lon="13.71806">
    <name>TP2037</name>
  </trkpt>
  <trkpt lat="68.28343" lon="13.71802">
    <name>TP2038</name>
  </trkpt>
  <trkpt lat="68.28334" lon="13.718">
    <name>TP2039</name>
  </trkpt>
  <trkpt lat="68.28325" lon="13.71803">
    <name>TP2040</name>
  </trkpt>
  <trkpt lat="68.28317" lon="13.71809">
    <name>TP2041</name>
  </trkpt>
  <trkpt lat="68.28312" lon="13.71816">
    <name>TP2042</name>
  </trkpt>
  <trkpt lat="68.28311" lon="13.71817">
    <name>TP2043</name>
  </trkpt>
  <trkpt lat="68.28302" lon="13.71829">
    <name>TP2044</name>
  </trkpt>
  <trkpt lat="68.28296" lon="13.71837">
    <name>TP2045</name>
  </trkpt>
  <trkpt lat="68.28293" lon="13.71842">
    <name>TP2046</name>
  </trkpt>
  <trkpt lat="68.28283" lon="13.71854">
    <name>TP2047</name>
  </trkpt>
  <trkpt lat="68.28271" lon="13.71869">
    <name>TP2048</name>
  </trkpt>
  <trkpt lat="68.28249" lon="13.71898">
    <name>TP2049</name>
  </trkpt>
  <trkpt lat="68.28247" lon="13.71901">
    <name>TP2050</name>
  </trkpt>
  <trkpt lat="68.28231" lon="13.71923">
    <name>TP2051</name>
  </trkpt>
  <trkpt lat="68.28217" lon="13.71942">
    <name>TP2052</name>
  </trkpt>
  <trkpt lat="68.28215" lon="13.71945">
    <name>TP2053</name>
  </trkpt>
  <trkpt lat="68.28199" lon="13.71966">
    <name>TP2054</name>
  </trkpt>
  <trkpt lat="68.28192" lon="13.71976">
    <name>TP2055</name>
  </trkpt>
  <trkpt lat="68.28183" lon="13.71989">
    <name>TP2056</name>
  </trkpt>
  <trkpt lat="68.28181" lon="13.71992">
    <name>TP2057</name>
  </trkpt>
  <trkpt lat="68.28172" lon="13.7201">
    <name>TP2058</name>
  </trkpt>
  <trkpt lat="68.28162" lon="13.72035">
    <name>TP2059</name>
  </trkpt>
  <trkpt lat="68.28152" lon="13.72064">
    <name>TP2060</name>
  </trkpt>
  <trkpt lat="68.28144" lon="13.72088">
    <name>TP2061</name>
  </trkpt>
  <trkpt lat="68.28138" lon="13.72104">
    <name>TP2062</name>
  </trkpt>
  <trkpt lat="68.28132" lon="13.72125">
    <name>TP2063</name>
  </trkpt>
  <trkpt lat="68.28128" lon="13.72135">
    <name>TP2064</name>
  </trkpt>
  <trkpt lat="68.28121" lon="13.72163">
    <name>TP2065</name>
  </trkpt>
  <trkpt lat="68.28115" lon="13.72177">
    <name>TP2066</name>
  </trkpt>
  <trkpt lat="68.2811" lon="13.72191">
    <name>TP2067</name>
  </trkpt>
  <trkpt lat="68.28101" lon="13.72212">
    <name>TP2068</name>
  </trkpt>
  <trkpt lat="68.28089" lon="13.72232">
    <name>TP2069</name>
  </trkpt>
  <trkpt lat="68.2808" lon="13.7224">
    <name>TP2070</name>
  </trkpt>
  <trkpt lat="68.28076" lon="13.72243">
    <name>TP2071</name>
  </trkpt>
  <trkpt lat="68.28067" lon="13.72245">
    <name>TP2072</name>
  </trkpt>
  <trkpt lat="68.28053" lon="13.72244">
    <name>TP2073</name>
  </trkpt>
  <trkpt lat="68.28044" lon="13.72242">
    <name>TP2074</name>
  </trkpt>
  <trkpt lat="68.2803" lon="13.72239">
    <name>TP2075</name>
  </trkpt>
  <trkpt lat="68.28026" lon="13.72238">
    <name>TP2076</name>
  </trkpt>
  <trkpt lat="68.28006" lon="13.72234">
    <name>TP2077</name>
  </trkpt>
  <trkpt lat="68.28002" lon="13.72232">
    <name>TP2078</name>
  </trkpt>
  <trkpt lat="68.27973" lon="13.72225">
    <name>TP2079</name>
  </trkpt>
  <trkpt lat="68.27953" lon="13.72219">
    <name>TP2080</name>
  </trkpt>
  <trkpt lat="68.2792" lon="13.72207">
    <name>TP2081</name>
  </trkpt>
  <trkpt lat="68.279" lon="13.72199">
    <name>TP2082</name>
  </trkpt>
  <trkpt lat="68.27898" lon="13.72198">
    <name>TP2083</name>
  </trkpt>
  <trkpt lat="68.27882" lon="13.72194">
    <name>TP2084</name>
  </trkpt>
  <trkpt lat="68.27876" lon="13.72192">
    <name>TP2085</name>
  </trkpt>
  <trkpt lat="68.27874" lon="13.72192">
    <name>TP2086</name>
  </trkpt>
  <trkpt lat="68.27856" lon="13.72187">
    <name>TP2087</name>
  </trkpt>
  <trkpt lat="68.27846" lon="13.72183">
    <name>TP2088</name>
  </trkpt>
  <trkpt lat="68.27828" lon="13.72178">
    <name>TP2089</name>
  </trkpt>
  <trkpt lat="68.27822" lon="13.72176">
    <name>TP2090</name>
  </trkpt>
  <trkpt lat="68.27816" lon="13.72174">
    <name>TP2091</name>
  </trkpt>
  <trkpt lat="68.27804" lon="13.72171">
    <name>TP2092</name>
  </trkpt>
  <trkpt lat="68.27799" lon="13.7217">
    <name>TP2093</name>
  </trkpt>
  <trkpt lat="68.27789" lon="13.72167">
    <name>TP2094</name>
  </trkpt>
  <trkpt lat="68.27781" lon="13.72168">
    <name>TP2095</name>
  </trkpt>
  <trkpt lat="68.27772" lon="13.72172">
    <name>TP2096</name>
  </trkpt>
  <trkpt lat="68.27769" lon="13.72174">
    <name>TP2097</name>
  </trkpt>
  <trkpt lat="68.27763" lon="13.72176">
    <name>TP2098</name>
  </trkpt>
  <trkpt lat="68.2775" lon="13.72186">
    <name>TP2099</name>
  </trkpt>
  <trkpt lat="68.27737" lon="13.72192">
    <name>TP2100</name>
  </trkpt>
  <trkpt lat="68.27725" lon="13.72198">
    <name>TP2101</name>
  </trkpt>
  <trkpt lat="68.27712" lon="13.72208">
    <name>TP2102</name>
  </trkpt>
  <trkpt lat="68.27703" lon="13.72217">
    <name>TP2103</name>
  </trkpt>
  <trkpt lat="68.27699" lon="13.72221">
    <name>TP2104</name>
  </trkpt>
  <trkpt lat="68.27694" lon="13.72226">
    <name>TP2105</name>
  </trkpt>
  <trkpt lat="68.27686" lon="13.72237">
    <name>TP2106</name>
  </trkpt>
  <trkpt lat="68.27676" lon="13.7225">
    <name>TP2107</name>
  </trkpt>
  <trkpt lat="68.27663" lon="13.72267">
    <name>TP2108</name>
  </trkpt>
  <trkpt lat="68.27653" lon="13.72284">
    <name>TP2109</name>
  </trkpt>
  <trkpt lat="68.27651" lon="13.72288">
    <name>TP2110</name>
  </trkpt>
  <trkpt lat="68.27643" lon="13.72305">
    <name>TP2111</name>
  </trkpt>
  <trkpt lat="68.27639" lon="13.72314">
    <name>TP2112</name>
  </trkpt>
  <trkpt lat="68.27637" lon="13.72318">
    <name>TP2113</name>
  </trkpt>
  <trkpt lat="68.27634" lon="13.72327">
    <name>TP2114</name>
  </trkpt>
  <trkpt lat="68.27626" lon="13.7235">
    <name>TP2115</name>
  </trkpt>
  <trkpt lat="68.27619" lon="13.72378">
    <name>TP2116</name>
  </trkpt>
  <trkpt lat="68.27614" lon="13.72393">
    <name>TP2117</name>
  </trkpt>
  <trkpt lat="68.27611" lon="13.72406">
    <name>TP2118</name>
  </trkpt>
  <trkpt lat="68.27602" lon="13.72429">
    <name>TP2119</name>
  </trkpt>
  <trkpt lat="68.276" lon="13.72437">
    <name>TP2120</name>
  </trkpt>
  <trkpt lat="68.27591" lon="13.72461">
    <name>TP2121</name>
  </trkpt>
  <trkpt lat="68.2759" lon="13.72463">
    <name>TP2122</name>
  </trkpt>
  <trkpt lat="68.27581" lon="13.72483">
    <name>TP2123</name>
  </trkpt>
  <trkpt lat="68.27576" lon="13.72496">
    <name>TP2124</name>
  </trkpt>
  <trkpt lat="68.2757" lon="13.72513">
    <name>TP2125</name>
  </trkpt>
  <trkpt lat="68.27556" lon="13.72555">
    <name>TP2126</name>
  </trkpt>
  <trkpt lat="68.27553" lon="13.72568">
    <name>TP2127</name>
  </trkpt>
  <trkpt lat="68.27544" lon="13.72604">
    <name>TP2128</name>
  </trkpt>
  <trkpt lat="68.27543" lon="13.72609">
    <name>TP2129</name>
  </trkpt>
  <trkpt lat="68.27542" lon="13.72614">
    <name>TP2130</name>
  </trkpt>
  <trkpt lat="68.27535" lon="13.72649">
    <name>TP2131</name>
  </trkpt>
  <trkpt lat="68.27531" lon="13.72682">
    <name>TP2132</name>
  </trkpt>
  <trkpt lat="68.27531" lon="13.72704">
    <name>TP2133</name>
  </trkpt>
  <trkpt lat="68.27533" lon="13.72726">
    <name>TP2134</name>
  </trkpt>
  <trkpt lat="68.27536" lon="13.72746">
    <name>TP2135</name>
  </trkpt>
  <trkpt lat="68.27536" lon="13.72748">
    <name>TP2136</name>
  </trkpt>
  <trkpt lat="68.27541" lon="13.72771">
    <name>TP2137</name>
  </trkpt>
  <trkpt lat="68.27545" lon="13.72787">
    <name>TP2138</name>
  </trkpt>
  <trkpt lat="68.27547" lon="13.72793">
    <name>TP2139</name>
  </trkpt>
  <trkpt lat="68.27555" lon="13.72825">
    <name>TP2140</name>
  </trkpt>
  <trkpt lat="68.2756" lon="13.72849">
    <name>TP2141</name>
  </trkpt>
  <trkpt lat="68.27563" lon="13.72871">
    <name>TP2142</name>
  </trkpt>
  <trkpt lat="68.27564" lon="13.7289">
    <name>TP2143</name>
  </trkpt>
  <trkpt lat="68.27564" lon="13.72907">
    <name>TP2144</name>
  </trkpt>
  <trkpt lat="68.27564" lon="13.72913">
    <name>TP2145</name>
  </trkpt>
  <trkpt lat="68.27563" lon="13.72919">
    <name>TP2146</name>
  </trkpt>
  <trkpt lat="68.27563" lon="13.72925">
    <name>TP2147</name>
  </trkpt>
  <trkpt lat="68.2756" lon="13.72943">
    <name>TP2148</name>
  </trkpt>
  <trkpt lat="68.27556" lon="13.72963">
    <name>TP2149</name>
  </trkpt>
  <trkpt lat="68.27555" lon="13.72969">
    <name>TP2150</name>
  </trkpt>
  <trkpt lat="68.27549" lon="13.73008">
    <name>TP2151</name>
  </trkpt>
  <trkpt lat="68.27546" lon="13.73024">
    <name>TP2152</name>
  </trkpt>
  <trkpt lat="68.27542" lon="13.73052">
    <name>TP2153</name>
  </trkpt>
  <trkpt lat="68.2754" lon="13.73065">
    <name>TP2154</name>
  </trkpt>
  <trkpt lat="68.27535" lon="13.73086">
    <name>TP2155</name>
  </trkpt>
  <trkpt lat="68.27533" lon="13.73094">
    <name>TP2156</name>
  </trkpt>
  <trkpt lat="68.2753" lon="13.73106">
    <name>TP2157</name>
  </trkpt>
  <trkpt lat="68.27522" lon="13.73122">
    <name>TP2158</name>
  </trkpt>
  <trkpt lat="68.27522" lon="13.73124">
    <name>TP2159</name>
  </trkpt>
  <trkpt lat="68.2752" lon="13.73129">
    <name>TP2160</name>
  </trkpt>
  <trkpt lat="68.27514" lon="13.73145">
    <name>TP2161</name>
  </trkpt>
  <trkpt lat="68.27503" lon="13.73173">
    <name>TP2162</name>
  </trkpt>
  <trkpt lat="68.27493" lon="13.732">
    <name>TP2163</name>
  </trkpt>
  <trkpt lat="68.27485" lon="13.73226">
    <name>TP2164</name>
  </trkpt>
  <trkpt lat="68.27474" lon="13.73267">
    <name>TP2165</name>
  </trkpt>
  <trkpt lat="68.27466" lon="13.73301">
    <name>TP2166</name>
  </trkpt>
  <trkpt lat="68.27459" lon="13.73336">
    <name>TP2167</name>
  </trkpt>
  <trkpt lat="68.27455" lon="13.73358">
    <name>TP2168</name>
  </trkpt>
  <trkpt lat="68.27451" lon="13.73378">
    <name>TP2169</name>
  </trkpt>
  <trkpt lat="68.27446" lon="13.734">
    <name>TP2170</name>
  </trkpt>
  <trkpt lat="68.27441" lon="13.73426">
    <name>TP2171</name>
  </trkpt>
  <trkpt lat="68.27437" lon="13.73443">
    <name>TP2172</name>
  </trkpt>
  <trkpt lat="68.2743" lon="13.73483">
    <name>TP2173</name>
  </trkpt>
  <trkpt lat="68.27421" lon="13.7353">
    <name>TP2174</name>
  </trkpt>
  <trkpt lat="68.27416" lon="13.7356">
    <name>TP2175</name>
  </trkpt>
  <trkpt lat="68.27413" lon="13.73566">
    <name>TP2176</name>
  </trkpt>
  <trkpt lat="68.27407" lon="13.7358">
    <name>TP2177</name>
  </trkpt>
  <trkpt lat="68.274" lon="13.73592">
    <name>TP2178</name>
  </trkpt>
  <trkpt lat="68.27391" lon="13.73602">
    <name>TP2179</name>
  </trkpt>
  <trkpt lat="68.27381" lon="13.73611">
    <name>TP2180</name>
  </trkpt>
  <trkpt lat="68.27373" lon="13.73612">
    <name>TP2181</name>
  </trkpt>
  <trkpt lat="68.27359" lon="13.73614">
    <name>TP2182</name>
  </trkpt>
  <trkpt lat="68.27333" lon="13.73618">
    <name>TP2183</name>
  </trkpt>
  <trkpt lat="68.27315" lon="13.7362">
    <name>TP2184</name>
  </trkpt>
  <trkpt lat="68.27303" lon="13.73624">
    <name>TP2185</name>
  </trkpt>
  <trkpt lat="68.27286" lon="13.73631">
    <name>TP2186</name>
  </trkpt>
  <trkpt lat="68.27275" lon="13.73642">
    <name>TP2187</name>
  </trkpt>
  <trkpt lat="68.27262" lon="13.73656">
    <name>TP2188</name>
  </trkpt>
  <trkpt lat="68.27243" lon="13.73681">
    <name>TP2189</name>
  </trkpt>
  <trkpt lat="68.27237" lon="13.73692">
    <name>TP2190</name>
  </trkpt>
  <trkpt lat="68.2723" lon="13.73706">
    <name>TP2191</name>
  </trkpt>
  <trkpt lat="68.2722" lon="13.73723">
    <name>TP2192</name>
  </trkpt>
  <trkpt lat="68.27212" lon="13.73735">
    <name>TP2193</name>
  </trkpt>
  <trkpt lat="68.27207" lon="13.73742">
    <name>TP2194</name>
  </trkpt>
  <trkpt lat="68.27178" lon="13.73783">
    <name>TP2195</name>
  </trkpt>
  <trkpt lat="68.27169" lon="13.73795">
    <name>TP2196</name>
  </trkpt>
  <trkpt lat="68.27159" lon="13.73807">
    <name>TP2197</name>
  </trkpt>
  <trkpt lat="68.27149" lon="13.73813">
    <name>TP2198</name>
  </trkpt>
  <trkpt lat="68.27142" lon="13.73817">
    <name>TP2199</name>
  </trkpt>
  <trkpt lat="68.27139" lon="13.73818">
    <name>TP2200</name>
  </trkpt>
  <trkpt lat="68.27127" lon="13.73818">
    <name>TP2201</name>
  </trkpt>
  <trkpt lat="68.27114" lon="13.7382">
    <name>TP2202</name>
  </trkpt>
  <trkpt lat="68.27103" lon="13.73822">
    <name>TP2203</name>
  </trkpt>
  <trkpt lat="68.27096" lon="13.73824">
    <name>TP2204</name>
  </trkpt>
  <trkpt lat="68.27088" lon="13.73827">
    <name>TP2205</name>
  </trkpt>
  <trkpt lat="68.27079" lon="13.73835">
    <name>TP2206</name>
  </trkpt>
  <trkpt lat="68.2707" lon="13.73845">
    <name>TP2207</name>
  </trkpt>
  <trkpt lat="68.27062" lon="13.73856">
    <name>TP2208</name>
  </trkpt>
  <trkpt lat="68.27054" lon="13.73867">
    <name>TP2209</name>
  </trkpt>
  <trkpt lat="68.27045" lon="13.73884">
    <name>TP2210</name>
  </trkpt>
  <trkpt lat="68.27044" lon="13.73886">
    <name>TP2211</name>
  </trkpt>
  <trkpt lat="68.2703" lon="13.73914">
    <name>TP2212</name>
  </trkpt>
  <trkpt lat="68.27028" lon="13.73918">
    <name>TP2213</name>
  </trkpt>
  <trkpt lat="68.27009" lon="13.73961">
    <name>TP2214</name>
  </trkpt>
  <trkpt lat="68.26987" lon="13.7401">
    <name>TP2215</name>
  </trkpt>
  <trkpt lat="68.26971" lon="13.74048">
    <name>TP2216</name>
  </trkpt>
  <trkpt lat="68.2696" lon="13.74069">
    <name>TP2217</name>
  </trkpt>
  <trkpt lat="68.2694" lon="13.74112">
    <name>TP2218</name>
  </trkpt>
  <trkpt lat="68.26921" lon="13.74153">
    <name>TP2219</name>
  </trkpt>
  <trkpt lat="68.26904" lon="13.74191">
    <name>TP2220</name>
  </trkpt>
  <trkpt lat="68.26895" lon="13.74213">
    <name>TP2221</name>
  </trkpt>
  <trkpt lat="68.26887" lon="13.74233">
    <name>TP2222</name>
  </trkpt>
  <trkpt lat="68.26882" lon="13.74245">
    <name>TP2223</name>
  </trkpt>
  <trkpt lat="68.26876" lon="13.74261">
    <name>TP2224</name>
  </trkpt>
  <trkpt lat="68.26856" lon="13.74309">
    <name>TP2225</name>
  </trkpt>
  <trkpt lat="68.26841" lon="13.74348">
    <name>TP2226</name>
  </trkpt>
  <trkpt lat="68.2683" lon="13.74375">
    <name>TP2227</name>
  </trkpt>
  <trkpt lat="68.26829" lon="13.74377">
    <name>TP2228</name>
  </trkpt>
  <trkpt lat="68.26815" lon="13.74408">
    <name>TP2229</name>
  </trkpt>
  <trkpt lat="68.26815" lon="13.74409">
    <name>TP2230</name>
  </trkpt>
  <trkpt lat="68.26801" lon="13.74438">
    <name>TP2231</name>
  </trkpt>
  <trkpt lat="68.26796" lon="13.7445">
    <name>TP2232</name>
  </trkpt>
  <trkpt lat="68.26788" lon="13.7447">
    <name>TP2233</name>
  </trkpt>
  <trkpt lat="68.2678" lon="13.74489">
    <name>TP2234</name>
  </trkpt>
  <trkpt lat="68.26774" lon="13.74503">
    <name>TP2235</name>
  </trkpt>
  <trkpt lat="68.26768" lon="13.74518">
    <name>TP2236</name>
  </trkpt>
  <trkpt lat="68.26761" lon="13.74535">
    <name>TP2237</name>
  </trkpt>
  <trkpt lat="68.26754" lon="13.74552">
    <name>TP2238</name>
  </trkpt>
  <trkpt lat="68.26742" lon="13.74581">
    <name>TP2239</name>
  </trkpt>
  <trkpt lat="68.26735" lon="13.74601">
    <name>TP2240</name>
  </trkpt>
  <trkpt lat="68.26734" lon="13.74603">
    <name>TP2241</name>
  </trkpt>
  <trkpt lat="68.26727" lon="13.74616">
    <name>TP2242</name>
  </trkpt>
  <trkpt lat="68.26719" lon="13.74626">
    <name>TP2243</name>
  </trkpt>
  <trkpt lat="68.26717" lon="13.7463">
    <name>TP2244</name>
  </trkpt>
  <trkpt lat="68.26704" lon="13.74651">
    <name>TP2245</name>
  </trkpt>
  <trkpt lat="68.26704" lon="13.74652">
    <name>TP2246</name>
  </trkpt>
  <trkpt lat="68.26692" lon="13.74671">
    <name>TP2247</name>
  </trkpt>
  <trkpt lat="68.26689" lon="13.74679">
    <name>TP2248</name>
  </trkpt>
  <trkpt lat="68.26683" lon="13.74693">
    <name>TP2249</name>
  </trkpt>
  <trkpt lat="68.26674" lon="13.74717">
    <name>TP2250</name>
  </trkpt>
  <trkpt lat="68.26665" lon="13.74748">
    <name>TP2251</name>
  </trkpt>
  <trkpt lat="68.26655" lon="13.74779">
    <name>TP2252</name>
  </trkpt>
  <trkpt lat="68.26644" lon="13.74808">
    <name>TP2253</name>
  </trkpt>
  <trkpt lat="68.2664" lon="13.7482">
    <name>TP2254</name>
  </trkpt>
  <trkpt lat="68.26635" lon="13.74831">
    <name>TP2255</name>
  </trkpt>
  <trkpt lat="68.26626" lon="13.7485">
    <name>TP2256</name>
  </trkpt>
  <trkpt lat="68.26625" lon="13.74851">
    <name>TP2257</name>
  </trkpt>
  <trkpt lat="68.26613" lon="13.74874">
    <name>TP2258</name>
  </trkpt>
  <trkpt lat="68.26611" lon="13.74878">
    <name>TP2259</name>
  </trkpt>
  <trkpt lat="68.266" lon="13.74901">
    <name>TP2260</name>
  </trkpt>
  <trkpt lat="68.26589" lon="13.74933">
    <name>TP2261</name>
  </trkpt>
  <trkpt lat="68.26579" lon="13.74975">
    <name>TP2262</name>
  </trkpt>
  <trkpt lat="68.26569" lon="13.75017">
    <name>TP2263</name>
  </trkpt>
  <trkpt lat="68.26567" lon="13.7503">
    <name>TP2264</name>
  </trkpt>
  <trkpt lat="68.26565" lon="13.75051">
    <name>TP2265</name>
  </trkpt>
  <trkpt lat="68.26563" lon="13.75077">
    <name>TP2266</name>
  </trkpt>
  <trkpt lat="68.26562" lon="13.75082">
    <name>TP2267</name>
  </trkpt>
  <trkpt lat="68.26563" lon="13.7511">
    <name>TP2268</name>
  </trkpt>
  <trkpt lat="68.26567" lon="13.75146">
    <name>TP2269</name>
  </trkpt>
  <trkpt lat="68.26571" lon="13.7517">
    <name>TP2270</name>
  </trkpt>
  <trkpt lat="68.26572" lon="13.75177">
    <name>TP2271</name>
  </trkpt>
  <trkpt lat="68.26581" lon="13.7521">
    <name>TP2272</name>
  </trkpt>
  <trkpt lat="68.26581" lon="13.75212">
    <name>TP2273</name>
  </trkpt>
  <trkpt lat="68.26592" lon="13.75248">
    <name>TP2274</name>
  </trkpt>
  <trkpt lat="68.26596" lon="13.75263">
    <name>TP2275</name>
  </trkpt>
  <trkpt lat="68.26603" lon="13.75286">
    <name>TP2276</name>
  </trkpt>
  <trkpt lat="68.26613" lon="13.75316">
    <name>TP2277</name>
  </trkpt>
  <trkpt lat="68.26615" lon="13.75323">
    <name>TP2278</name>
  </trkpt>
  <trkpt lat="68.26618" lon="13.75335">
    <name>TP2279</name>
  </trkpt>
  <trkpt lat="68.2662" lon="13.7535">
    <name>TP2280</name>
  </trkpt>
  <trkpt lat="68.26621" lon="13.75367">
    <name>TP2281</name>
  </trkpt>
  <trkpt lat="68.26621" lon="13.75388">
    <name>TP2282</name>
  </trkpt>
  <trkpt lat="68.26621" lon="13.75417">
    <name>TP2283</name>
  </trkpt>
  <trkpt lat="68.26621" lon="13.7543">
    <name>TP2284</name>
  </trkpt>
  <trkpt lat="68.26623" lon="13.75465">
    <name>TP2285</name>
  </trkpt>
  <trkpt lat="68.26626" lon="13.75492">
    <name>TP2286</name>
  </trkpt>
  <trkpt lat="68.2663" lon="13.75516">
    <name>TP2287</name>
  </trkpt>
  <trkpt lat="68.26635" lon="13.75537">
    <name>TP2288</name>
  </trkpt>
  <trkpt lat="68.26639" lon="13.7555">
    <name>TP2289</name>
  </trkpt>
  <trkpt lat="68.26641" lon="13.75557">
    <name>TP2290</name>
  </trkpt>
  <trkpt lat="68.26648" lon="13.75574">
    <name>TP2291</name>
  </trkpt>
  <trkpt lat="68.26652" lon="13.75583">
    <name>TP2292</name>
  </trkpt>
  <trkpt lat="68.26657" lon="13.75593">
    <name>TP2293</name>
  </trkpt>
  <trkpt lat="68.26667" lon="13.75613">
    <name>TP2294</name>
  </trkpt>
  <trkpt lat="68.26669" lon="13.75618">
    <name>TP2295</name>
  </trkpt>
  <trkpt lat="68.26678" lon="13.75639">
    <name>TP2296</name>
  </trkpt>
  <trkpt lat="68.2668" lon="13.75645">
    <name>TP2297</name>
  </trkpt>
  <trkpt lat="68.26686" lon="13.75663">
    <name>TP2298</name>
  </trkpt>
  <trkpt lat="68.26694" lon="13.75691">
    <name>TP2299</name>
  </trkpt>
  <trkpt lat="68.26702" lon="13.75721">
    <name>TP2300</name>
  </trkpt>
  <trkpt lat="68.26703" lon="13.75722">
    <name>TP2301</name>
  </trkpt>
  <trkpt lat="68.2671" lon="13.75752">
    <name>TP2302</name>
  </trkpt>
  <trkpt lat="68.26712" lon="13.75761">
    <name>TP2303</name>
  </trkpt>
  <trkpt lat="68.26719" lon="13.75791">
    <name>TP2304</name>
  </trkpt>
  <trkpt lat="68.26722" lon="13.75802">
    <name>TP2305</name>
  </trkpt>
  <trkpt lat="68.2673" lon="13.7584">
    <name>TP2306</name>
  </trkpt>
  <trkpt lat="68.26731" lon="13.75844">
    <name>TP2307</name>
  </trkpt>
  <trkpt lat="68.26742" lon="13.75896">
    <name>TP2308</name>
  </trkpt>
  <trkpt lat="68.26752" lon="13.7595">
    <name>TP2309</name>
  </trkpt>
  <trkpt lat="68.26757" lon="13.75979">
    <name>TP2310</name>
  </trkpt>
  <trkpt lat="68.2676" lon="13.76003">
    <name>TP2311</name>
  </trkpt>
  <trkpt lat="68.26761" lon="13.76025">
    <name>TP2312</name>
  </trkpt>
  <trkpt lat="68.2676" lon="13.76047">
    <name>TP2313</name>
  </trkpt>
  <trkpt lat="68.26758" lon="13.7607">
    <name>TP2314</name>
  </trkpt>
  <trkpt lat="68.26755" lon="13.76091">
    <name>TP2315</name>
  </trkpt>
  <trkpt lat="68.2675" lon="13.76114">
    <name>TP2316</name>
  </trkpt>
  <trkpt lat="68.26743" lon="13.76136">
    <name>TP2317</name>
  </trkpt>
  <trkpt lat="68.26736" lon="13.76153">
    <name>TP2318</name>
  </trkpt>
  <trkpt lat="68.26729" lon="13.76161">
    <name>TP2319</name>
  </trkpt>
  <trkpt lat="68.26722" lon="13.76168">
    <name>TP2320</name>
  </trkpt>
  <trkpt lat="68.26719" lon="13.7617">
    <name>TP2321</name>
  </trkpt>
  <trkpt lat="68.26708" lon="13.76177">
    <name>TP2322</name>
  </trkpt>
  <trkpt lat="68.26704" lon="13.76179">
    <name>TP2323</name>
  </trkpt>
  <trkpt lat="68.26687" lon="13.76186">
    <name>TP2324</name>
  </trkpt>
  <trkpt lat="68.26685" lon="13.76187">
    <name>TP2325</name>
  </trkpt>
  <trkpt lat="68.2667" lon="13.76197">
    <name>TP2326</name>
  </trkpt>
  <trkpt lat="68.26657" lon="13.76207">
    <name>TP2327</name>
  </trkpt>
  <trkpt lat="68.26649" lon="13.76222">
    <name>TP2328</name>
  </trkpt>
  <trkpt lat="68.26642" lon="13.76238">
    <name>TP2329</name>
  </trkpt>
  <trkpt lat="68.2664" lon="13.76248">
    <name>TP2330</name>
  </trkpt>
  <trkpt lat="68.26636" lon="13.7627">
    <name>TP2331</name>
  </trkpt>
  <trkpt lat="68.26634" lon="13.76287">
    <name>TP2332</name>
  </trkpt>
  <trkpt lat="68.26632" lon="13.76302">
    <name>TP2333</name>
  </trkpt>
  <trkpt lat="68.26627" lon="13.76344">
    <name>TP2334</name>
  </trkpt>
  <trkpt lat="68.26625" lon="13.76393">
    <name>TP2335</name>
  </trkpt>
  <trkpt lat="68.26624" lon="13.76425">
    <name>TP2336</name>
  </trkpt>
  <trkpt lat="68.26624" lon="13.7643">
    <name>TP2337</name>
  </trkpt>
  <trkpt lat="68.26625" lon="13.76436">
    <name>TP2338</name>
  </trkpt>
  <trkpt lat="68.26625" lon="13.76457">
    <name>TP2339</name>
  </trkpt>
  <trkpt lat="68.26625" lon="13.76458">
    <name>TP2340</name>
  </trkpt>
  <trkpt lat="68.26626" lon="13.76478">
    <name>TP2341</name>
  </trkpt>
  <trkpt lat="68.26626" lon="13.76484">
    <name>TP2342</name>
  </trkpt>
  <trkpt lat="68.26626" lon="13.76492">
    <name>TP2343</name>
  </trkpt>
  <trkpt lat="68.26628" lon="13.7652">
    <name>TP2344</name>
  </trkpt>
  <trkpt lat="68.26629" lon="13.76526">
    <name>TP2345</name>
  </trkpt>
  <trkpt lat="68.26631" lon="13.76549">
    <name>TP2346</name>
  </trkpt>
  <trkpt lat="68.26632" lon="13.76574">
    <name>TP2347</name>
  </trkpt>
  <trkpt lat="68.26632" lon="13.7658">
    <name>TP2348</name>
  </trkpt>
  <trkpt lat="68.26632" lon="13.76609">
    <name>TP2349</name>
  </trkpt>
  <trkpt lat="68.26631" lon="13.76622">
    <name>TP2350</name>
  </trkpt>
  <trkpt lat="68.2663" lon="13.76642">
    <name>TP2351</name>
  </trkpt>
  <trkpt lat="68.26629" lon="13.7667">
    <name>TP2352</name>
  </trkpt>
  <trkpt lat="68.26628" lon="13.76676">
    <name>TP2353</name>
  </trkpt>
  <trkpt lat="68.26625" lon="13.76711">
    <name>TP2354</name>
  </trkpt>
  <trkpt lat="68.26624" lon="13.76717">
    <name>TP2355</name>
  </trkpt>
  <trkpt lat="68.26624" lon="13.76723">
    <name>TP2356</name>
  </trkpt>
  <trkpt lat="68.26622" lon="13.76736">
    <name>TP2357</name>
  </trkpt>
  <trkpt lat="68.26617" lon="13.76759">
    <name>TP2358</name>
  </trkpt>
  <trkpt lat="68.26613" lon="13.76777">
    <name>TP2359</name>
  </trkpt>
  <trkpt lat="68.26606" lon="13.76796">
    <name>TP2360</name>
  </trkpt>
  <trkpt lat="68.266" lon="13.7681">
    <name>TP2361</name>
  </trkpt>
  <trkpt lat="68.26592" lon="13.76825">
    <name>TP2362</name>
  </trkpt>
  <trkpt lat="68.26591" lon="13.76827">
    <name>TP2363</name>
  </trkpt>
  <trkpt lat="68.26582" lon="13.76841">
    <name>TP2364</name>
  </trkpt>
  <trkpt lat="68.26575" lon="13.76853">
    <name>TP2365</name>
  </trkpt>
  <trkpt lat="68.26574" lon="13.76856">
    <name>TP2366</name>
  </trkpt>
  <trkpt lat="68.26569" lon="13.76864">
    <name>TP2367</name>
  </trkpt>
  <trkpt lat="68.26557" lon="13.76886">
    <name>TP2368</name>
  </trkpt>
  <trkpt lat="68.26547" lon="13.7691">
    <name>TP2369</name>
  </trkpt>
  <trkpt lat="68.26545" lon="13.76914">
    <name>TP2370</name>
  </trkpt>
  <trkpt lat="68.26536" lon="13.76936">
    <name>TP2371</name>
  </trkpt>
  <trkpt lat="68.26533" lon="13.76943">
    <name>TP2372</name>
  </trkpt>
  <trkpt lat="68.26526" lon="13.76961">
    <name>TP2373</name>
  </trkpt>
  <trkpt lat="68.26525" lon="13.76964">
    <name>TP2374</name>
  </trkpt>
  <trkpt lat="68.2652" lon="13.76976">
    <name>TP2375</name>
  </trkpt>
  <trkpt lat="68.26518" lon="13.7698">
    <name>TP2376</name>
  </trkpt>
  <trkpt lat="68.26516" lon="13.76986">
    <name>TP2377</name>
  </trkpt>
  <trkpt lat="68.26507" lon="13.77009">
    <name>TP2378</name>
  </trkpt>
  <trkpt lat="68.26504" lon="13.77017">
    <name>TP2379</name>
  </trkpt>
  <trkpt lat="68.26484" lon="13.77064">
    <name>TP2380</name>
  </trkpt>
  <trkpt lat="68.26466" lon="13.77103">
    <name>TP2381</name>
  </trkpt>
  <trkpt lat="68.26464" lon="13.77107">
    <name>TP2382</name>
  </trkpt>
  <trkpt lat="68.26457" lon="13.77122">
    <name>TP2383</name>
  </trkpt>
  <trkpt lat="68.26452" lon="13.77134">
    <name>TP2384</name>
  </trkpt>
  <trkpt lat="68.2645" lon="13.77138">
    <name>TP2385</name>
  </trkpt>
  <trkpt lat="68.26444" lon="13.77152">
    <name>TP2386</name>
  </trkpt>
  <trkpt lat="68.26437" lon="13.7717">
    <name>TP2387</name>
  </trkpt>
  <trkpt lat="68.26416" lon="13.77217">
    <name>TP2388</name>
  </trkpt>
  <trkpt lat="68.26411" lon="13.77229">
    <name>TP2389</name>
  </trkpt>
  <trkpt lat="68.26409" lon="13.77233">
    <name>TP2390</name>
  </trkpt>
  <trkpt lat="68.26404" lon="13.77247">
    <name>TP2391</name>
  </trkpt>
  <trkpt lat="68.26404" lon="13.77248">
    <name>TP2392</name>
  </trkpt>
  <trkpt lat="68.26398" lon="13.77262">
    <name>TP2393</name>
  </trkpt>
  <trkpt lat="68.26392" lon="13.77277">
    <name>TP2394</name>
  </trkpt>
  <trkpt lat="68.26384" lon="13.77305">
    <name>TP2395</name>
  </trkpt>
  <trkpt lat="68.26377" lon="13.77336">
    <name>TP2396</name>
  </trkpt>
  <trkpt lat="68.26376" lon="13.77345">
    <name>TP2397</name>
  </trkpt>
  <trkpt lat="68.26372" lon="13.77366">
    <name>TP2398</name>
  </trkpt>
  <trkpt lat="68.26369" lon="13.77384">
    <name>TP2399</name>
  </trkpt>
  <trkpt lat="68.26365" lon="13.77403">
    <name>TP2400</name>
  </trkpt>
  <trkpt lat="68.26362" lon="13.77428">
    <name>TP2401</name>
  </trkpt>
  <trkpt lat="68.26356" lon="13.77468">
    <name>TP2402</name>
  </trkpt>
  <trkpt lat="68.26348" lon="13.77518">
    <name>TP2403</name>
  </trkpt>
  <trkpt lat="68.26342" lon="13.77555">
    <name>TP2404</name>
  </trkpt>
  <trkpt lat="68.26341" lon="13.77563">
    <name>TP2405</name>
  </trkpt>
  <trkpt lat="68.26337" lon="13.77588">
    <name>TP2406</name>
  </trkpt>
  <trkpt lat="68.26336" lon="13.77595">
    <name>TP2407</name>
  </trkpt>
  <trkpt lat="68.26335" lon="13.77599">
    <name>TP2408</name>
  </trkpt>
  <trkpt lat="68.26335" lon="13.776">
    <name>TP2409</name>
  </trkpt>
  <trkpt lat="68.26333" lon="13.77607">
    <name>TP2410</name>
  </trkpt>
  <trkpt lat="68.26329" lon="13.77633">
    <name>TP2411</name>
  </trkpt>
  <trkpt lat="68.26321" lon="13.77668">
    <name>TP2412</name>
  </trkpt>
  <trkpt lat="68.26311" lon="13.77711">
    <name>TP2413</name>
  </trkpt>
  <trkpt lat="68.2631" lon="13.77716">
    <name>TP2414</name>
  </trkpt>
  <trkpt lat="68.26305" lon="13.77731">
    <name>TP2415</name>
  </trkpt>
  <trkpt lat="68.263" lon="13.77748">
    <name>TP2416</name>
  </trkpt>
  <trkpt lat="68.26289" lon="13.77782">
    <name>TP2417</name>
  </trkpt>
  <trkpt lat="68.26276" lon="13.77815">
    <name>TP2418</name>
  </trkpt>
  <trkpt lat="68.26262" lon="13.77847">
    <name>TP2419</name>
  </trkpt>
  <trkpt lat="68.26253" lon="13.77864">
    <name>TP2420</name>
  </trkpt>
  <trkpt lat="68.26249" lon="13.77872">
    <name>TP2421</name>
  </trkpt>
  <trkpt lat="68.26244" lon="13.77879">
    <name>TP2422</name>
  </trkpt>
  <trkpt lat="68.26238" lon="13.77888">
    <name>TP2423</name>
  </trkpt>
  <trkpt lat="68.26234" lon="13.77894">
    <name>TP2424</name>
  </trkpt>
  <trkpt lat="68.26228" lon="13.77899">
    <name>TP2425</name>
  </trkpt>
  <trkpt lat="68.26218" lon="13.77908">
    <name>TP2426</name>
  </trkpt>
  <trkpt lat="68.26204" lon="13.77915">
    <name>TP2427</name>
  </trkpt>
  <trkpt lat="68.26186" lon="13.7792">
    <name>TP2428</name>
  </trkpt>
  <trkpt lat="68.26166" lon="13.77925">
    <name>TP2429</name>
  </trkpt>
  <trkpt lat="68.26148" lon="13.77927">
    <name>TP2430</name>
  </trkpt>
  <trkpt lat="68.26129" lon="13.77926">
    <name>TP2431</name>
  </trkpt>
  <trkpt lat="68.26115" lon="13.77924">
    <name>TP2432</name>
  </trkpt>
  <trkpt lat="68.26102" lon="13.77916">
    <name>TP2433</name>
  </trkpt>
  <trkpt lat="68.26091" lon="13.77908">
    <name>TP2434</name>
  </trkpt>
  <trkpt lat="68.26079" lon="13.77898">
    <name>TP2435</name>
  </trkpt>
  <trkpt lat="68.26067" lon="13.77887">
    <name>TP2436</name>
  </trkpt>
  <trkpt lat="68.26057" lon="13.77877">
    <name>TP2437</name>
  </trkpt>
  <trkpt lat="68.26039" lon="13.7786">
    <name>TP2438</name>
  </trkpt>
  <trkpt lat="68.26027" lon="13.77849">
    <name>TP2439</name>
  </trkpt>
  <trkpt lat="68.26016" lon="13.7784">
    <name>TP2440</name>
  </trkpt>
  <trkpt lat="68.26002" lon="13.77831">
    <name>TP2441</name>
  </trkpt>
  <trkpt lat="68.25987" lon="13.77822">
    <name>TP2442</name>
  </trkpt>
  <trkpt lat="68.2597" lon="13.77814">
    <name>TP2443</name>
  </trkpt>
  <trkpt lat="68.25954" lon="13.77811">
    <name>TP2444</name>
  </trkpt>
  <trkpt lat="68.25943" lon="13.7781">
    <name>TP2445</name>
  </trkpt>
  <trkpt lat="68.25918" lon="13.77808">
    <name>TP2446</name>
  </trkpt>
  <trkpt lat="68.25896" lon="13.77809">
    <name>TP2447</name>
  </trkpt>
  <trkpt lat="68.25873" lon="13.77811">
    <name>TP2448</name>
  </trkpt>
  <trkpt lat="68.25851" lon="13.77813">
    <name>TP2449</name>
  </trkpt>
  <trkpt lat="68.2583" lon="13.77817">
    <name>TP2450</name>
  </trkpt>
  <trkpt lat="68.25818" lon="13.7782">
    <name>TP2451</name>
  </trkpt>
  <trkpt lat="68.25809" lon="13.77822">
    <name>TP2452</name>
  </trkpt>
  <trkpt lat="68.25796" lon="13.77826">
    <name>TP2453</name>
  </trkpt>
  <trkpt lat="68.25792" lon="13.77827">
    <name>TP2454</name>
  </trkpt>
  <trkpt lat="68.25781" lon="13.77834">
    <name>TP2455</name>
  </trkpt>
  <trkpt lat="68.25767" lon="13.77844">
    <name>TP2456</name>
  </trkpt>
  <trkpt lat="68.25756" lon="13.77857">
    <name>TP2457</name>
  </trkpt>
  <trkpt lat="68.25742" lon="13.7787">
    <name>TP2458</name>
  </trkpt>
  <trkpt lat="68.25732" lon="13.7788">
    <name>TP2459</name>
  </trkpt>
  <trkpt lat="68.25714" lon="13.77891">
    <name>TP2460</name>
  </trkpt>
  <trkpt lat="68.25702" lon="13.77902">
    <name>TP2461</name>
  </trkpt>
  <trkpt lat="68.25691" lon="13.77918">
    <name>TP2462</name>
  </trkpt>
  <trkpt lat="68.25682" lon="13.77938">
    <name>TP2463</name>
  </trkpt>
  <trkpt lat="68.25673" lon="13.77964">
    <name>TP2464</name>
  </trkpt>
  <trkpt lat="68.25664" lon="13.77989">
    <name>TP2465</name>
  </trkpt>
  <trkpt lat="68.25649" lon="13.78028">
    <name>TP2466</name>
  </trkpt>
  <trkpt lat="68.2563" lon="13.78081">
    <name>TP2467</name>
  </trkpt>
  <trkpt lat="68.25629" lon="13.78085">
    <name>TP2468</name>
  </trkpt>
  <trkpt lat="68.25626" lon="13.78094">
    <name>TP2469</name>
  </trkpt>
  <trkpt lat="68.25616" lon="13.78121">
    <name>TP2470</name>
  </trkpt>
  <trkpt lat="68.25607" lon="13.78154">
    <name>TP2471</name>
  </trkpt>
  <trkpt lat="68.2560736" lon="13.7815368">
    <name>TP2472</name>
  </trkpt>
  <trkpt lat="68.25628" lon="13.78194">
    <name>TP2473</name>
  </trkpt>
  <trkpt lat="68.25634" lon="13.78207">
    <name>TP2474</name>
  </trkpt>
  <trkpt lat="68.25643" lon="13.78228">
    <name>TP2475</name>
  </trkpt>
  <trkpt lat="68.25652" lon="13.78252">
    <name>TP2476</name>
  </trkpt>
  <trkpt lat="68.25682" lon="13.78341">
    <name>TP2477</name>
  </trkpt>
  <trkpt lat="68.25705" lon="13.78407">
    <name>TP2478</name>
  </trkpt>
  <trkpt lat="68.25726" lon="13.78462">
    <name>TP2479</name>
  </trkpt>
  <trkpt lat="68.25735" lon="13.78493">
    <name>TP2480</name>
  </trkpt>
  <trkpt lat="68.25742" lon="13.78521">
    <name>TP2481</name>
  </trkpt>
  <trkpt lat="68.25749" lon="13.78545">
    <name>TP2482</name>
  </trkpt>
  <trkpt lat="68.25753" lon="13.78559">
    <name>TP2483</name>
  </trkpt>
  <trkpt lat="68.25755" lon="13.78568">
    <name>TP2484</name>
  </trkpt>
  <trkpt lat="68.25757" lon="13.78575">
    <name>TP2485</name>
  </trkpt>
  <trkpt lat="68.25764" lon="13.78603">
    <name>TP2486</name>
  </trkpt>
  <trkpt lat="68.25769" lon="13.78631">
    <name>TP2487</name>
  </trkpt>
  <trkpt lat="68.25776" lon="13.78669">
    <name>TP2488</name>
  </trkpt>
  <trkpt lat="68.25785" lon="13.78722">
    <name>TP2489</name>
  </trkpt>
  <trkpt lat="68.25794" lon="13.78774">
    <name>TP2490</name>
  </trkpt>
  <trkpt lat="68.25801" lon="13.78817">
    <name>TP2491</name>
  </trkpt>
  <trkpt lat="68.25808" lon="13.7886">
    <name>TP2492</name>
  </trkpt>
  <trkpt lat="68.25828" lon="13.78975">
    <name>TP2493</name>
  </trkpt>
  <trkpt lat="68.25839" lon="13.79036">
    <name>TP2494</name>
  </trkpt>
  <trkpt lat="68.25846" lon="13.7908">
    <name>TP2495</name>
  </trkpt>
  <trkpt lat="68.25849" lon="13.79093">
    <name>TP2496</name>
  </trkpt>
  <trkpt lat="68.25866" lon="13.79198">
    <name>TP2497</name>
  </trkpt>
  <trkpt lat="68.25872" lon="13.79233">
    <name>TP2498</name>
  </trkpt>
  <trkpt lat="68.25884" lon="13.79308">
    <name>TP2499</name>
  </trkpt>
  <trkpt lat="68.25901" lon="13.79414">
    <name>TP2500</name>
  </trkpt>
  <trkpt lat="68.25915" lon="13.7949">
    <name>TP2501</name>
  </trkpt>
  <trkpt lat="68.25923" lon="13.79541">
    <name>TP2502</name>
  </trkpt>
  <trkpt lat="68.25923" lon="13.79544">
    <name>TP2503</name>
  </trkpt>
  <trkpt lat="68.25925" lon="13.79566">
    <name>TP2504</name>
  </trkpt>
  <trkpt lat="68.25926" lon="13.79588">
    <name>TP2505</name>
  </trkpt>
  <trkpt lat="68.25924" lon="13.79606">
    <name>TP2506</name>
  </trkpt>
  <trkpt lat="68.2592" lon="13.79624">
    <name>TP2507</name>
  </trkpt>
  <trkpt lat="68.25915" lon="13.79641">
    <name>TP2508</name>
  </trkpt>
  <trkpt lat="68.25906" lon="13.7966">
    <name>TP2509</name>
  </trkpt>
  <trkpt lat="68.25904" lon="13.79666">
    <name>TP2510</name>
  </trkpt>
  <trkpt lat="68.25892" lon="13.7969">
    <name>TP2511</name>
  </trkpt>
  <trkpt lat="68.2587" lon="13.79732">
    <name>TP2512</name>
  </trkpt>
  <trkpt lat="68.2586" lon="13.79752">
    <name>TP2513</name>
  </trkpt>
  <trkpt lat="68.25841" lon="13.79791">
    <name>TP2514</name>
  </trkpt>
  <trkpt lat="68.25802" lon="13.79875">
    <name>TP2515</name>
  </trkpt>
  <trkpt lat="68.25774" lon="13.7993">
    <name>TP2516</name>
  </trkpt>
  <trkpt lat="68.25764" lon="13.79952">
    <name>TP2517</name>
  </trkpt>
  <trkpt lat="68.25755" lon="13.79971">
    <name>TP2518</name>
  </trkpt>
  <trkpt lat="68.25746" lon="13.79994">
    <name>TP2519</name>
  </trkpt>
  <trkpt lat="68.25739" lon="13.80011">
    <name>TP2520</name>
  </trkpt>
  <trkpt lat="68.2573883" lon="13.8001103">
    <name>TP2521</name>
  </trkpt>
  <trkpt lat="68.25752" lon="13.8007">
    <name>TP2522</name>
  </trkpt>
  <trkpt lat="68.25762" lon="13.80121">
    <name>TP2523</name>
  </trkpt>
  <trkpt lat="68.25771" lon="13.80169">
    <name>TP2524</name>
  </trkpt>
  <trkpt lat="68.25777" lon="13.80207">
    <name>TP2525</name>
  </trkpt>
  <trkpt lat="68.25781" lon="13.80247">
    <name>TP2526</name>
  </trkpt>
  <trkpt lat="68.25784" lon="13.80284">
    <name>TP2527</name>
  </trkpt>
  <trkpt lat="68.25786" lon="13.80323">
    <name>TP2528</name>
  </trkpt>
  <trkpt lat="68.25787" lon="13.80366">
    <name>TP2529</name>
  </trkpt>
  <trkpt lat="68.25786" lon="13.80411">
    <name>TP2530</name>
  </trkpt>
  <trkpt lat="68.25785" lon="13.80429">
    <name>TP2531</name>
  </trkpt>
  <trkpt lat="68.25785" lon="13.80452">
    <name>TP2532</name>
  </trkpt>
  <trkpt lat="68.25783" lon="13.80477">
    <name>TP2533</name>
  </trkpt>
  <trkpt lat="68.25782" lon="13.80491">
    <name>TP2534</name>
  </trkpt>
  <trkpt lat="68.2578" lon="13.80526">
    <name>TP2535</name>
  </trkpt>
  <trkpt lat="68.25775" lon="13.80572">
    <name>TP2536</name>
  </trkpt>
  <trkpt lat="68.2577" lon="13.80619">
    <name>TP2537</name>
  </trkpt>
  <trkpt lat="68.25761" lon="13.80695">
    <name>TP2538</name>
  </trkpt>
  <trkpt lat="68.25754" lon="13.80755">
    <name>TP2539</name>
  </trkpt>
  <trkpt lat="68.25748" lon="13.80804">
    <name>TP2540</name>
  </trkpt>
  <trkpt lat="68.25748" lon="13.8081">
    <name>TP2541</name>
  </trkpt>
  <trkpt lat="68.25745" lon="13.80836">
    <name>TP2542</name>
  </trkpt>
  <trkpt lat="68.25743" lon="13.80863">
    <name>TP2543</name>
  </trkpt>
  <trkpt lat="68.2574" lon="13.80906">
    <name>TP2544</name>
  </trkpt>
  <trkpt lat="68.25739" lon="13.80929">
    <name>TP2545</name>
  </trkpt>
  <trkpt lat="68.25739" lon="13.80949">
    <name>TP2546</name>
  </trkpt>
  <trkpt lat="68.25739" lon="13.80983">
    <name>TP2547</name>
  </trkpt>
  <trkpt lat="68.2574" lon="13.81014">
    <name>TP2548</name>
  </trkpt>
  <trkpt lat="68.25743" lon="13.81052">
    <name>TP2549</name>
  </trkpt>
  <trkpt lat="68.25746" lon="13.81095">
    <name>TP2550</name>
  </trkpt>
  <trkpt lat="68.25751" lon="13.81144">
    <name>TP2551</name>
  </trkpt>
  <trkpt lat="68.25759" lon="13.812">
    <name>TP2552</name>
  </trkpt>
  <trkpt lat="68.25765" lon="13.81251">
    <name>TP2553</name>
  </trkpt>
  <trkpt lat="68.2577" lon="13.81302">
    <name>TP2554</name>
  </trkpt>
  <trkpt lat="68.25777" lon="13.81359">
    <name>TP2555</name>
  </trkpt>
  <trkpt lat="68.25785" lon="13.81421">
    <name>TP2556</name>
  </trkpt>
  <trkpt lat="68.2579" lon="13.81461">
    <name>TP2557</name>
  </trkpt>
  <trkpt lat="68.25801" lon="13.81553">
    <name>TP2558</name>
  </trkpt>
  <trkpt lat="68.2581" lon="13.81628">
    <name>TP2559</name>
  </trkpt>
  <trkpt lat="68.25812" lon="13.81639">
    <name>TP2560</name>
  </trkpt>
  <trkpt lat="68.25817" lon="13.81687">
    <name>TP2561</name>
  </trkpt>
  <trkpt lat="68.25826" lon="13.81767">
    <name>TP2562</name>
  </trkpt>
  <trkpt lat="68.25826" lon="13.81768">
    <name>TP2563</name>
  </trkpt>
  <trkpt lat="68.25827" lon="13.8177">
    <name>TP2564</name>
  </trkpt>
  <trkpt lat="68.25835" lon="13.81833">
    <name>TP2565</name>
  </trkpt>
  <trkpt lat="68.2584" lon="13.81879">
    <name>TP2566</name>
  </trkpt>
  <trkpt lat="68.25848" lon="13.8195">
    <name>TP2567</name>
  </trkpt>
  <trkpt lat="68.2585" lon="13.81974">
    <name>TP2568</name>
  </trkpt>
  <trkpt lat="68.25851" lon="13.8201">
    <name>TP2569</name>
  </trkpt>
  <trkpt lat="68.25851" lon="13.82035">
    <name>TP2570</name>
  </trkpt>
  <trkpt lat="68.25851" lon="13.8206">
    <name>TP2571</name>
  </trkpt>
  <trkpt lat="68.25845" lon="13.82112">
    <name>TP2572</name>
  </trkpt>
  <trkpt lat="68.25841" lon="13.82142">
    <name>TP2573</name>
  </trkpt>
  <trkpt lat="68.25841" lon="13.82144">
    <name>TP2574</name>
  </trkpt>
  <trkpt lat="68.25834" lon="13.82188">
    <name>TP2575</name>
  </trkpt>
  <trkpt lat="68.25823" lon="13.82272">
    <name>TP2576</name>
  </trkpt>
  <trkpt lat="68.2582" lon="13.82312">
    <name>TP2577</name>
  </trkpt>
  <trkpt lat="68.2582" lon="13.82352">
    <name>TP2578</name>
  </trkpt>
  <trkpt lat="68.25822" lon="13.82384">
    <name>TP2579</name>
  </trkpt>
  <trkpt lat="68.25825" lon="13.82414">
    <name>TP2580</name>
  </trkpt>
  <trkpt lat="68.2583" lon="13.82445">
    <name>TP2581</name>
  </trkpt>
  <trkpt lat="68.25831" lon="13.82453">
    <name>TP2582</name>
  </trkpt>
  <trkpt lat="68.25837" lon="13.82477">
    <name>TP2583</name>
  </trkpt>
  <trkpt lat="68.25846" lon="13.82508">
    <name>TP2584</name>
  </trkpt>
  <trkpt lat="68.25857" lon="13.82536">
    <name>TP2585</name>
  </trkpt>
  <trkpt lat="68.25868" lon="13.82556">
    <name>TP2586</name>
  </trkpt>
  <trkpt lat="68.25876" lon="13.82564">
    <name>TP2587</name>
  </trkpt>
  <trkpt lat="68.25892" lon="13.82575">
    <name>TP2588</name>
  </trkpt>
  <trkpt lat="68.25903" lon="13.82578">
    <name>TP2589</name>
  </trkpt>
  <trkpt lat="68.25912" lon="13.82576">
    <name>TP2590</name>
  </trkpt>
  <trkpt lat="68.25924" lon="13.8257">
    <name>TP2591</name>
  </trkpt>
  <trkpt lat="68.25927" lon="13.82568">
    <name>TP2592</name>
  </trkpt>
  <trkpt lat="68.25936" lon="13.82563">
    <name>TP2593</name>
  </trkpt>
  <trkpt lat="68.25962" lon="13.82544">
    <name>TP2594</name>
  </trkpt>
  <trkpt lat="68.25969" lon="13.82539">
    <name>TP2595</name>
  </trkpt>
  <trkpt lat="68.25991" lon="13.82527">
    <name>TP2596</name>
  </trkpt>
  <trkpt lat="68.26008" lon="13.82521">
    <name>TP2597</name>
  </trkpt>
  <trkpt lat="68.26012" lon="13.8252">
    <name>TP2598</name>
  </trkpt>
  <trkpt lat="68.26032" lon="13.82515">
    <name>TP2599</name>
  </trkpt>
  <trkpt lat="68.2605" lon="13.82516">
    <name>TP2600</name>
  </trkpt>
  <trkpt lat="68.26071" lon="13.8252">
    <name>TP2601</name>
  </trkpt>
  <trkpt lat="68.26093" lon="13.82527">
    <name>TP2602</name>
  </trkpt>
  <trkpt lat="68.26116" lon="13.82539">
    <name>TP2603</name>
  </trkpt>
  <trkpt lat="68.26119" lon="13.82541">
    <name>TP2604</name>
  </trkpt>
  <trkpt lat="68.26122" lon="13.82543">
    <name>TP2605</name>
  </trkpt>
  <trkpt lat="68.26133" lon="13.82551">
    <name>TP2606</name>
  </trkpt>
  <trkpt lat="68.26139" lon="13.82556">
    <name>TP2607</name>
  </trkpt>
  <trkpt lat="68.26146" lon="13.82561">
    <name>TP2608</name>
  </trkpt>
  <trkpt lat="68.26168" lon="13.82583">
    <name>TP2609</name>
  </trkpt>
  <trkpt lat="68.26173" lon="13.82589">
    <name>TP2610</name>
  </trkpt>
  <trkpt lat="68.26188" lon="13.82607">
    <name>TP2611</name>
  </trkpt>
  <trkpt lat="68.26201" lon="13.82627">
    <name>TP2612</name>
  </trkpt>
  <trkpt lat="68.26215" lon="13.82648">
    <name>TP2613</name>
  </trkpt>
  <trkpt lat="68.2623" lon="13.8268">
    <name>TP2614</name>
  </trkpt>
  <trkpt lat="68.2624" lon="13.82709">
    <name>TP2615</name>
  </trkpt>
  <trkpt lat="68.2625" lon="13.8274">
    <name>TP2616</name>
  </trkpt>
  <trkpt lat="68.26258" lon="13.82774">
    <name>TP2617</name>
  </trkpt>
  <trkpt lat="68.26266" lon="13.82813">
    <name>TP2618</name>
  </trkpt>
  <trkpt lat="68.26271" lon="13.82842">
    <name>TP2619</name>
  </trkpt>
  <trkpt lat="68.26274" lon="13.82855">
    <name>TP2620</name>
  </trkpt>
  <trkpt lat="68.2628" lon="13.82885">
    <name>TP2621</name>
  </trkpt>
  <trkpt lat="68.26283" lon="13.82899">
    <name>TP2622</name>
  </trkpt>
  <trkpt lat="68.26288" lon="13.82921">
    <name>TP2623</name>
  </trkpt>
  <trkpt lat="68.26293" lon="13.82944">
    <name>TP2624</name>
  </trkpt>
  <trkpt lat="68.26302" lon="13.82975">
    <name>TP2625</name>
  </trkpt>
  <trkpt lat="68.26314" lon="13.83004">
    <name>TP2626</name>
  </trkpt>
  <trkpt lat="68.26324" lon="13.83026">
    <name>TP2627</name>
  </trkpt>
  <trkpt lat="68.26326" lon="13.8303">
    <name>TP2628</name>
  </trkpt>
  <trkpt lat="68.26335" lon="13.83046">
    <name>TP2629</name>
  </trkpt>
  <trkpt lat="68.26342" lon="13.83056">
    <name>TP2630</name>
  </trkpt>
  <trkpt lat="68.26347" lon="13.83064">
    <name>TP2631</name>
  </trkpt>
  <trkpt lat="68.26362" lon="13.83083">
    <name>TP2632</name>
  </trkpt>
  <trkpt lat="68.26375" lon="13.83095">
    <name>TP2633</name>
  </trkpt>
  <trkpt lat="68.26384" lon="13.83105">
    <name>TP2634</name>
  </trkpt>
  <trkpt lat="68.26391" lon="13.83113">
    <name>TP2635</name>
  </trkpt>
  <trkpt lat="68.26398" lon="13.8312">
    <name>TP2636</name>
  </trkpt>
  <trkpt lat="68.26406" lon="13.83126">
    <name>TP2637</name>
  </trkpt>
  <trkpt lat="68.26408" lon="13.83128">
    <name>TP2638</name>
  </trkpt>
  <trkpt lat="68.26426" lon="13.83141">
    <name>TP2639</name>
  </trkpt>
  <trkpt lat="68.26443" lon="13.8315">
    <name>TP2640</name>
  </trkpt>
  <trkpt lat="68.26454" lon="13.83154">
    <name>TP2641</name>
  </trkpt>
  <trkpt lat="68.26468" lon="13.83158">
    <name>TP2642</name>
  </trkpt>
  <trkpt lat="68.26494" lon="13.83162">
    <name>TP2643</name>
  </trkpt>
  <trkpt lat="68.26497" lon="13.83163">
    <name>TP2644</name>
  </trkpt>
  <trkpt lat="68.26505" lon="13.83165">
    <name>TP2645</name>
  </trkpt>
  <trkpt lat="68.26516" lon="13.83168">
    <name>TP2646</name>
  </trkpt>
  <trkpt lat="68.26526" lon="13.83173">
    <name>TP2647</name>
  </trkpt>
  <trkpt lat="68.26532" lon="13.83176">
    <name>TP2648</name>
  </trkpt>
  <trkpt lat="68.2654" lon="13.83181">
    <name>TP2649</name>
  </trkpt>
  <trkpt lat="68.26546" lon="13.83187">
    <name>TP2650</name>
  </trkpt>
  <trkpt lat="68.26554" lon="13.83195">
    <name>TP2651</name>
  </trkpt>
  <trkpt lat="68.26559" lon="13.832">
    <name>TP2652</name>
  </trkpt>
  <trkpt lat="68.26563" lon="13.83205">
    <name>TP2653</name>
  </trkpt>
  <trkpt lat="68.26576" lon="13.83222">
    <name>TP2654</name>
  </trkpt>
  <trkpt lat="68.26583" lon="13.83233">
    <name>TP2655</name>
  </trkpt>
  <trkpt lat="68.2659" lon="13.83244">
    <name>TP2656</name>
  </trkpt>
  <trkpt lat="68.26597" lon="13.83258">
    <name>TP2657</name>
  </trkpt>
  <trkpt lat="68.26615" lon="13.8329">
    <name>TP2658</name>
  </trkpt>
  <trkpt lat="68.26654" lon="13.83374">
    <name>TP2659</name>
  </trkpt>
  <trkpt lat="68.26674" lon="13.83414">
    <name>TP2660</name>
  </trkpt>
  <trkpt lat="68.26689" lon="13.83437">
    <name>TP2661</name>
  </trkpt>
  <trkpt lat="68.26691" lon="13.83438">
    <name>TP2662</name>
  </trkpt>
  <trkpt lat="68.26695" lon="13.83442">
    <name>TP2663</name>
  </trkpt>
  <trkpt lat="68.267" lon="13.83447">
    <name>TP2664</name>
  </trkpt>
  <trkpt lat="68.26704" lon="13.83451">
    <name>TP2665</name>
  </trkpt>
  <trkpt lat="68.26709" lon="13.83455">
    <name>TP2666</name>
  </trkpt>
  <trkpt lat="68.26713" lon="13.83458">
    <name>TP2667</name>
  </trkpt>
  <trkpt lat="68.26718" lon="13.8346">
    <name>TP2668</name>
  </trkpt>
  <trkpt lat="68.26723" lon="13.83463">
    <name>TP2669</name>
  </trkpt>
  <trkpt lat="68.26735" lon="13.83468">
    <name>TP2670</name>
  </trkpt>
  <trkpt lat="68.26755" lon="13.83472">
    <name>TP2671</name>
  </trkpt>
  <trkpt lat="68.26771" lon="13.83471">
    <name>TP2672</name>
  </trkpt>
  <trkpt lat="68.26795" lon="13.83469">
    <name>TP2673</name>
  </trkpt>
  <trkpt lat="68.2684" lon="13.83466">
    <name>TP2674</name>
  </trkpt>
  <trkpt lat="68.2686" lon="13.83463">
    <name>TP2675</name>
  </trkpt>
  <trkpt lat="68.26874" lon="13.83459">
    <name>TP2676</name>
  </trkpt>
  <trkpt lat="68.26889" lon="13.83452">
    <name>TP2677</name>
  </trkpt>
  <trkpt lat="68.26906" lon="13.83441">
    <name>TP2678</name>
  </trkpt>
  <trkpt lat="68.26927" lon="13.83425">
    <name>TP2679</name>
  </trkpt>
  <trkpt lat="68.26949" lon="13.83408">
    <name>TP2680</name>
  </trkpt>
  <trkpt lat="68.2695" lon="13.83408">
    <name>TP2681</name>
  </trkpt>
  <trkpt lat="68.26976" lon="13.83391">
    <name>TP2682</name>
  </trkpt>
  <trkpt lat="68.27004" lon="13.83375">
    <name>TP2683</name>
  </trkpt>
  <trkpt lat="68.27034" lon="13.83361">
    <name>TP2684</name>
  </trkpt>
  <trkpt lat="68.27067" lon="13.83344">
    <name>TP2685</name>
  </trkpt>
  <trkpt lat="68.27112" lon="13.83323">
    <name>TP2686</name>
  </trkpt>
  <trkpt lat="68.27147" lon="13.83306">
    <name>TP2687</name>
  </trkpt>
  <trkpt lat="68.27148" lon="13.83306">
    <name>TP2688</name>
  </trkpt>
  <trkpt lat="68.27165" lon="13.83298">
    <name>TP2689</name>
  </trkpt>
  <trkpt lat="68.27189" lon="13.83286">
    <name>TP2690</name>
  </trkpt>
  <trkpt lat="68.27246" lon="13.83257">
    <name>TP2691</name>
  </trkpt>
  <trkpt lat="68.27312" lon="13.83225">
    <name>TP2692</name>
  </trkpt>
  <trkpt lat="68.2736" lon="13.83203">
    <name>TP2693</name>
  </trkpt>
  <trkpt lat="68.2739" lon="13.8319">
    <name>TP2694</name>
  </trkpt>
  <trkpt lat="68.27415" lon="13.83181">
    <name>TP2695</name>
  </trkpt>
  <trkpt lat="68.27431" lon="13.83177">
    <name>TP2696</name>
  </trkpt>
  <trkpt lat="68.27441" lon="13.83175">
    <name>TP2697</name>
  </trkpt>
  <trkpt lat="68.27449" lon="13.83174">
    <name>TP2698</name>
  </trkpt>
  <trkpt lat="68.27467" lon="13.83171">
    <name>TP2699</name>
  </trkpt>
  <trkpt lat="68.27502" lon="13.83167">
    <name>TP2700</name>
  </trkpt>
  <trkpt lat="68.27542" lon="13.8316">
    <name>TP2701</name>
  </trkpt>
  <trkpt lat="68.27556" lon="13.83159">
    <name>TP2702</name>
  </trkpt>
  <trkpt lat="68.27568" lon="13.83157">
    <name>TP2703</name>
  </trkpt>
  <trkpt lat="68.27585" lon="13.83158">
    <name>TP2704</name>
  </trkpt>
  <trkpt lat="68.27599" lon="13.83163">
    <name>TP2705</name>
  </trkpt>
  <trkpt lat="68.27612" lon="13.8317">
    <name>TP2706</name>
  </trkpt>
  <trkpt lat="68.27622" lon="13.83179">
    <name>TP2707</name>
  </trkpt>
  <trkpt lat="68.27629" lon="13.83186">
    <name>TP2708</name>
  </trkpt>
  <trkpt lat="68.27643" lon="13.83206">
    <name>TP2709</name>
  </trkpt>
  <trkpt lat="68.27659" lon="13.83234">
    <name>TP2710</name>
  </trkpt>
  <trkpt lat="68.27671" lon="13.83264">
    <name>TP2711</name>
  </trkpt>
  <trkpt lat="68.27683" lon="13.833">
    <name>TP2712</name>
  </trkpt>
  <trkpt lat="68.27696" lon="13.83352">
    <name>TP2713</name>
  </trkpt>
  <trkpt lat="68.27707" lon="13.83405">
    <name>TP2714</name>
  </trkpt>
  <trkpt lat="68.27713" lon="13.83439">
    <name>TP2715</name>
  </trkpt>
  <trkpt lat="68.2772" lon="13.83471">
    <name>TP2716</name>
  </trkpt>
  <trkpt lat="68.27722" lon="13.83482">
    <name>TP2717</name>
  </trkpt>
  <trkpt lat="68.27731" lon="13.8352">
    <name>TP2718</name>
  </trkpt>
  <trkpt lat="68.27732" lon="13.83523">
    <name>TP2719</name>
  </trkpt>
  <trkpt lat="68.27742" lon="13.83556">
    <name>TP2720</name>
  </trkpt>
  <trkpt lat="68.27752" lon="13.83586">
    <name>TP2721</name>
  </trkpt>
  <trkpt lat="68.27763" lon="13.83614">
    <name>TP2722</name>
  </trkpt>
  <trkpt lat="68.27782" lon="13.83654">
    <name>TP2723</name>
  </trkpt>
  <trkpt lat="68.27798" lon="13.83686">
    <name>TP2724</name>
  </trkpt>
  <trkpt lat="68.27804" lon="13.83697">
    <name>TP2725</name>
  </trkpt>
  <trkpt lat="68.27813" lon="13.83714">
    <name>TP2726</name>
  </trkpt>
  <trkpt lat="68.27827" lon="13.83743">
    <name>TP2727</name>
  </trkpt>
  <trkpt lat="68.27831" lon="13.8375">
    <name>TP2728</name>
  </trkpt>
  <trkpt lat="68.27846" lon="13.83774">
    <name>TP2729</name>
  </trkpt>
  <trkpt lat="68.27859" lon="13.83789">
    <name>TP2730</name>
  </trkpt>
  <trkpt lat="68.27871" lon="13.83802">
    <name>TP2731</name>
  </trkpt>
  <trkpt lat="68.27885" lon="13.83811">
    <name>TP2732</name>
  </trkpt>
  <trkpt lat="68.27893" lon="13.83815">
    <name>TP2733</name>
  </trkpt>
  <trkpt lat="68.27906" lon="13.83821">
    <name>TP2734</name>
  </trkpt>
  <trkpt lat="68.27911" lon="13.83823">
    <name>TP2735</name>
  </trkpt>
  <trkpt lat="68.27927" lon="13.83831">
    <name>TP2736</name>
  </trkpt>
  <trkpt lat="68.27941" lon="13.83838">
    <name>TP2737</name>
  </trkpt>
  <trkpt lat="68.27951" lon="13.83847">
    <name>TP2738</name>
  </trkpt>
  <trkpt lat="68.27962" lon="13.83858">
    <name>TP2739</name>
  </trkpt>
  <trkpt lat="68.27963" lon="13.83859">
    <name>TP2740</name>
  </trkpt>
  <trkpt lat="68.27974" lon="13.83875">
    <name>TP2741</name>
  </trkpt>
  <trkpt lat="68.27978" lon="13.83884">
    <name>TP2742</name>
  </trkpt>
  <trkpt lat="68.27985" lon="13.83899">
    <name>TP2743</name>
  </trkpt>
  <trkpt lat="68.27992" lon="13.83916">
    <name>TP2744</name>
  </trkpt>
  <trkpt lat="68.27996" lon="13.83924">
    <name>TP2745</name>
  </trkpt>
  <trkpt lat="68.28004" lon="13.83951">
    <name>TP2746</name>
  </trkpt>
  <trkpt lat="68.28006" lon="13.83955">
    <name>TP2747</name>
  </trkpt>
  <trkpt lat="68.28014" lon="13.83989">
    <name>TP2748</name>
  </trkpt>
  <trkpt lat="68.28027" lon="13.84048">
    <name>TP2749</name>
  </trkpt>
  <trkpt lat="68.28033" lon="13.84075">
    <name>TP2750</name>
  </trkpt>
  <trkpt lat="68.28041" lon="13.84118">
    <name>TP2751</name>
  </trkpt>
  <trkpt lat="68.2805" lon="13.8416">
    <name>TP2752</name>
  </trkpt>
  <trkpt lat="68.2805" lon="13.84164">
    <name>TP2753</name>
  </trkpt>
  <trkpt lat="68.28073" lon="13.84275">
    <name>TP2754</name>
  </trkpt>
  <trkpt lat="68.28101" lon="13.84417">
    <name>TP2755</name>
  </trkpt>
  <trkpt lat="68.2811" lon="13.84459">
    <name>TP2756</name>
  </trkpt>
  <trkpt lat="68.28137" lon="13.84596">
    <name>TP2757</name>
  </trkpt>
  <trkpt lat="68.28156" lon="13.84689">
    <name>TP2758</name>
  </trkpt>
  <trkpt lat="68.28159" lon="13.84706">
    <name>TP2759</name>
  </trkpt>
  <trkpt lat="68.28169" lon="13.84759">
    <name>TP2760</name>
  </trkpt>
  <trkpt lat="68.28175" lon="13.84794">
    <name>TP2761</name>
  </trkpt>
  <trkpt lat="68.2818" lon="13.84826">
    <name>TP2762</name>
  </trkpt>
  <trkpt lat="68.28183" lon="13.8485">
    <name>TP2763</name>
  </trkpt>
  <trkpt lat="68.28184" lon="13.84867">
    <name>TP2764</name>
  </trkpt>
  <trkpt lat="68.28185" lon="13.84891">
    <name>TP2765</name>
  </trkpt>
  <trkpt lat="68.28186" lon="13.84922">
    <name>TP2766</name>
  </trkpt>
  <trkpt lat="68.28184" lon="13.84953">
    <name>TP2767</name>
  </trkpt>
  <trkpt lat="68.28182" lon="13.84989">
    <name>TP2768</name>
  </trkpt>
  <trkpt lat="68.28178" lon="13.85034">
    <name>TP2769</name>
  </trkpt>
  <trkpt lat="68.2817" lon="13.85082">
    <name>TP2770</name>
  </trkpt>
  <trkpt lat="68.2816" lon="13.85133">
    <name>TP2771</name>
  </trkpt>
  <trkpt lat="68.28157" lon="13.85153">
    <name>TP2772</name>
  </trkpt>
  <trkpt lat="68.2815" lon="13.85193">
    <name>TP2773</name>
  </trkpt>
  <trkpt lat="68.28148" lon="13.85224">
    <name>TP2774</name>
  </trkpt>
  <trkpt lat="68.28147" lon="13.85229">
    <name>TP2775</name>
  </trkpt>
  <trkpt lat="68.28147" lon="13.85267">
    <name>TP2776</name>
  </trkpt>
  <trkpt lat="68.2815" lon="13.85304">
    <name>TP2777</name>
  </trkpt>
  <trkpt lat="68.28153" lon="13.85318">
    <name>TP2778</name>
  </trkpt>
  <trkpt lat="68.28156" lon="13.85334">
    <name>TP2779</name>
  </trkpt>
  <trkpt lat="68.28163" lon="13.85357">
    <name>TP2780</name>
  </trkpt>
  <trkpt lat="68.28166" lon="13.85364">
    <name>TP2781</name>
  </trkpt>
  <trkpt lat="68.28176" lon="13.85388">
    <name>TP2782</name>
  </trkpt>
  <trkpt lat="68.28177" lon="13.8539">
    <name>TP2783</name>
  </trkpt>
  <trkpt lat="68.28192" lon="13.85415">
    <name>TP2784</name>
  </trkpt>
  <trkpt lat="68.28202" lon="13.85432">
    <name>TP2785</name>
  </trkpt>
  <trkpt lat="68.28246" lon="13.85501">
    <name>TP2786</name>
  </trkpt>
  <trkpt lat="68.28288" lon="13.85569">
    <name>TP2787</name>
  </trkpt>
  <trkpt lat="68.28316" lon="13.85614">
    <name>TP2788</name>
  </trkpt>
  <trkpt lat="68.28337" lon="13.85646">
    <name>TP2789</name>
  </trkpt>
  <trkpt lat="68.28349" lon="13.85665">
    <name>TP2790</name>
  </trkpt>
  <trkpt lat="68.28364" lon="13.85682">
    <name>TP2791</name>
  </trkpt>
  <trkpt lat="68.28373" lon="13.85691">
    <name>TP2792</name>
  </trkpt>
  <trkpt lat="68.28382" lon="13.857">
    <name>TP2793</name>
  </trkpt>
  <trkpt lat="68.28401" lon="13.85717">
    <name>TP2794</name>
  </trkpt>
  <trkpt lat="68.28416" lon="13.85727">
    <name>TP2795</name>
  </trkpt>
  <trkpt lat="68.28436" lon="13.85739">
    <name>TP2796</name>
  </trkpt>
  <trkpt lat="68.28455" lon="13.85748">
    <name>TP2797</name>
  </trkpt>
  <trkpt lat="68.28474" lon="13.85757">
    <name>TP2798</name>
  </trkpt>
  <trkpt lat="68.28479" lon="13.85759">
    <name>TP2799</name>
  </trkpt>
  <trkpt lat="68.285" lon="13.85768">
    <name>TP2800</name>
  </trkpt>
  <trkpt lat="68.28527" lon="13.85781">
    <name>TP2801</name>
  </trkpt>
  <trkpt lat="68.28557" lon="13.85792">
    <name>TP2802</name>
  </trkpt>
  <trkpt lat="68.28579" lon="13.85801">
    <name>TP2803</name>
  </trkpt>
  <trkpt lat="68.28597" lon="13.8581">
    <name>TP2804</name>
  </trkpt>
  <trkpt lat="68.28605" lon="13.85815">
    <name>TP2805</name>
  </trkpt>
  <trkpt lat="68.28615" lon="13.85821">
    <name>TP2806</name>
  </trkpt>
  <trkpt lat="68.28622" lon="13.85827">
    <name>TP2807</name>
  </trkpt>
  <trkpt lat="68.2863" lon="13.85832">
    <name>TP2808</name>
  </trkpt>
  <trkpt lat="68.28644" lon="13.8584">
    <name>TP2809</name>
  </trkpt>
  <trkpt lat="68.28657" lon="13.85851">
    <name>TP2810</name>
  </trkpt>
  <trkpt lat="68.28674" lon="13.85867">
    <name>TP2811</name>
  </trkpt>
  <trkpt lat="68.28678" lon="13.8587">
    <name>TP2812</name>
  </trkpt>
  <trkpt lat="68.28691" lon="13.85885">
    <name>TP2813</name>
  </trkpt>
  <trkpt lat="68.28702" lon="13.85901">
    <name>TP2814</name>
  </trkpt>
  <trkpt lat="68.28707" lon="13.85908">
    <name>TP2815</name>
  </trkpt>
  <trkpt lat="68.28713" lon="13.85919">
    <name>TP2816</name>
  </trkpt>
  <trkpt lat="68.28725" lon="13.85939">
    <name>TP2817</name>
  </trkpt>
  <trkpt lat="68.28738" lon="13.85957">
    <name>TP2818</name>
  </trkpt>
  <trkpt lat="68.28749" lon="13.85971">
    <name>TP2819</name>
  </trkpt>
  <trkpt lat="68.28761" lon="13.85984">
    <name>TP2820</name>
  </trkpt>
  <trkpt lat="68.28771" lon="13.85992">
    <name>TP2821</name>
  </trkpt>
  <trkpt lat="68.28789" lon="13.85995">
    <name>TP2822</name>
  </trkpt>
  <trkpt lat="68.2882" lon="13.86001">
    <name>TP2823</name>
  </trkpt>
  <trkpt lat="68.28843" lon="13.86004">
    <name>TP2824</name>
  </trkpt>
  <trkpt lat="68.28849" lon="13.86005">
    <name>TP2825</name>
  </trkpt>
  <trkpt lat="68.28873" lon="13.86011">
    <name>TP2826</name>
  </trkpt>
  <trkpt lat="68.28895" lon="13.86024">
    <name>TP2827</name>
  </trkpt>
  <trkpt lat="68.28926" lon="13.86056">
    <name>TP2828</name>
  </trkpt>
  <trkpt lat="68.28942" lon="13.86068">
    <name>TP2829</name>
  </trkpt>
  <trkpt lat="68.28955" lon="13.86077">
    <name>TP2830</name>
  </trkpt>
  <trkpt lat="68.28965" lon="13.86081">
    <name>TP2831</name>
  </trkpt>
  <trkpt lat="68.28986" lon="13.86094">
    <name>TP2832</name>
  </trkpt>
  <trkpt lat="68.29004" lon="13.86107">
    <name>TP2833</name>
  </trkpt>
  <trkpt lat="68.29014" lon="13.86116">
    <name>TP2834</name>
  </trkpt>
  <trkpt lat="68.29022" lon="13.86126">
    <name>TP2835</name>
  </trkpt>
  <trkpt lat="68.29031" lon="13.86144">
    <name>TP2836</name>
  </trkpt>
  <trkpt lat="68.2904" lon="13.86173">
    <name>TP2837</name>
  </trkpt>
  <trkpt lat="68.29055" lon="13.86211">
    <name>TP2838</name>
  </trkpt>
  <trkpt lat="68.29069" lon="13.86233">
    <name>TP2839</name>
  </trkpt>
  <trkpt lat="68.29081" lon="13.86246">
    <name>TP2840</name>
  </trkpt>
  <trkpt lat="68.29091" lon="13.86249">
    <name>TP2841</name>
  </trkpt>
  <trkpt lat="68.29095" lon="13.86249">
    <name>TP2842</name>
  </trkpt>
  <trkpt lat="68.29119" lon="13.86248">
    <name>TP2843</name>
  </trkpt>
  <trkpt lat="68.29138" lon="13.86251">
    <name>TP2844</name>
  </trkpt>
  <trkpt lat="68.29187" lon="13.86279">
    <name>TP2845</name>
  </trkpt>
  <trkpt lat="68.29214" lon="13.86295">
    <name>TP2846</name>
  </trkpt>
  <trkpt lat="68.29233" lon="13.86304">
    <name>TP2847</name>
  </trkpt>
  <trkpt lat="68.29235" lon="13.86305">
    <name>TP2848</name>
  </trkpt>
  <trkpt lat="68.2925" lon="13.86314">
    <name>TP2849</name>
  </trkpt>
  <trkpt lat="68.29258" lon="13.86323">
    <name>TP2850</name>
  </trkpt>
  <trkpt lat="68.29269" lon="13.86334">
    <name>TP2851</name>
  </trkpt>
  <trkpt lat="68.29282" lon="13.8635">
    <name>TP2852</name>
  </trkpt>
  <trkpt lat="68.29283" lon="13.86353">
    <name>TP2853</name>
  </trkpt>
  <trkpt lat="68.29294" lon="13.86366">
    <name>TP2854</name>
  </trkpt>
  <trkpt lat="68.29303" lon="13.86382">
    <name>TP2855</name>
  </trkpt>
  <trkpt lat="68.29309" lon="13.86399">
    <name>TP2856</name>
  </trkpt>
  <trkpt lat="68.29311" lon="13.86405">
    <name>TP2857</name>
  </trkpt>
  <trkpt lat="68.29312" lon="13.86415">
    <name>TP2858</name>
  </trkpt>
  <trkpt lat="68.29313" lon="13.86424">
    <name>TP2859</name>
  </trkpt>
  <trkpt lat="68.29312" lon="13.86433">
    <name>TP2860</name>
  </trkpt>
  <trkpt lat="68.29312" lon="13.8644">
    <name>TP2861</name>
  </trkpt>
  <trkpt lat="68.2931" lon="13.86446">
    <name>TP2862</name>
  </trkpt>
  <trkpt lat="68.29307" lon="13.86453">
    <name>TP2863</name>
  </trkpt>
  <trkpt lat="68.29302" lon="13.8646">
    <name>TP2864</name>
  </trkpt>
  <trkpt lat="68.29296" lon="13.86463">
    <name>TP2865</name>
  </trkpt>
  <trkpt lat="68.29289" lon="13.86463">
    <name>TP2866</name>
  </trkpt>
  <trkpt lat="68.29276" lon="13.86462">
    <name>TP2867</name>
  </trkpt>
  <trkpt lat="68.29272" lon="13.86463">
    <name>TP2868</name>
  </trkpt>
  <trkpt lat="68.29264" lon="13.86467">
    <name>TP2869</name>
  </trkpt>
  <trkpt lat="68.29255" lon="13.86474">
    <name>TP2870</name>
  </trkpt>
  <trkpt lat="68.29243" lon="13.86484">
    <name>TP2871</name>
  </trkpt>
  <trkpt lat="68.29221" lon="13.86504">
    <name>TP2872</name>
  </trkpt>
  <trkpt lat="68.292" lon="13.86519">
    <name>TP2873</name>
  </trkpt>
  <trkpt lat="68.29185" lon="13.86527">
    <name>TP2874</name>
  </trkpt>
  <trkpt lat="68.29185" lon="13.86528">
    <name>TP2875</name>
  </trkpt>
  <trkpt lat="68.2917" lon="13.86533">
    <name>TP2876</name>
  </trkpt>
  <trkpt lat="68.2916" lon="13.86539">
    <name>TP2877</name>
  </trkpt>
  <trkpt lat="68.29152" lon="13.86543">
    <name>TP2878</name>
  </trkpt>
  <trkpt lat="68.2915" lon="13.86545">
    <name>TP2879</name>
  </trkpt>
  <trkpt lat="68.29143" lon="13.8655">
    <name>TP2880</name>
  </trkpt>
  <trkpt lat="68.29135" lon="13.8656">
    <name>TP2881</name>
  </trkpt>
  <trkpt lat="68.29133" lon="13.86562">
    <name>TP2882</name>
  </trkpt>
  <trkpt lat="68.29124" lon="13.86577">
    <name>TP2883</name>
  </trkpt>
  <trkpt lat="68.29119" lon="13.86591">
    <name>TP2884</name>
  </trkpt>
  <trkpt lat="68.29117" lon="13.86599">
    <name>TP2885</name>
  </trkpt>
  <trkpt lat="68.29109" lon="13.86629">
    <name>TP2886</name>
  </trkpt>
  <trkpt lat="68.29102" lon="13.86668">
    <name>TP2887</name>
  </trkpt>
  <trkpt lat="68.29101" lon="13.86674">
    <name>TP2888</name>
  </trkpt>
  <trkpt lat="68.29094" lon="13.86719">
    <name>TP2889</name>
  </trkpt>
  <trkpt lat="68.29093" lon="13.86722">
    <name>TP2890</name>
  </trkpt>
  <trkpt lat="68.29087" lon="13.86764">
    <name>TP2891</name>
  </trkpt>
  <trkpt lat="68.29084" lon="13.86785">
    <name>TP2892</name>
  </trkpt>
  <trkpt lat="68.29081" lon="13.86809">
    <name>TP2893</name>
  </trkpt>
  <trkpt lat="68.29078" lon="13.86831">
    <name>TP2894</name>
  </trkpt>
  <trkpt lat="68.29076" lon="13.86856">
    <name>TP2895</name>
  </trkpt>
  <trkpt lat="68.29072" lon="13.86889">
    <name>TP2896</name>
  </trkpt>
  <trkpt lat="68.29063" lon="13.87013">
    <name>TP2897</name>
  </trkpt>
  <trkpt lat="68.29061" lon="13.87037">
    <name>TP2898</name>
  </trkpt>
  <trkpt lat="68.29059" lon="13.87053">
    <name>TP2899</name>
  </trkpt>
  <trkpt lat="68.29057" lon="13.87071">
    <name>TP2900</name>
  </trkpt>
  <trkpt lat="68.29053" lon="13.87091">
    <name>TP2901</name>
  </trkpt>
  <trkpt lat="68.29053" lon="13.87092">
    <name>TP2902</name>
  </trkpt>
  <trkpt lat="68.29042" lon="13.8717">
    <name>TP2903</name>
  </trkpt>
  <trkpt lat="68.29039" lon="13.87191">
    <name>TP2904</name>
  </trkpt>
  <trkpt lat="68.29037" lon="13.87201">
    <name>TP2905</name>
  </trkpt>
  <trkpt lat="68.29037" lon="13.87202">
    <name>TP2906</name>
  </trkpt>
  <trkpt lat="68.29029" lon="13.87262">
    <name>TP2907</name>
  </trkpt>
  <trkpt lat="68.29025" lon="13.87288">
    <name>TP2908</name>
  </trkpt>
  <trkpt lat="68.29024" lon="13.87293">
    <name>TP2909</name>
  </trkpt>
  <trkpt lat="68.29022" lon="13.87308">
    <name>TP2910</name>
  </trkpt>
  <trkpt lat="68.29017" lon="13.8733">
    <name>TP2911</name>
  </trkpt>
  <trkpt lat="68.29016" lon="13.87336">
    <name>TP2912</name>
  </trkpt>
  <trkpt lat="68.2901" lon="13.87355">
    <name>TP2913</name>
  </trkpt>
  <trkpt lat="68.29005" lon="13.87374">
    <name>TP2914</name>
  </trkpt>
  <trkpt lat="68.28993" lon="13.8741">
    <name>TP2915</name>
  </trkpt>
  <trkpt lat="68.28993" lon="13.87411">
    <name>TP2916</name>
  </trkpt>
  <trkpt lat="68.28976" lon="13.87464">
    <name>TP2917</name>
  </trkpt>
  <trkpt lat="68.28968" lon="13.87493">
    <name>TP2918</name>
  </trkpt>
  <trkpt lat="68.28961" lon="13.87519">
    <name>TP2919</name>
  </trkpt>
  <trkpt lat="68.28956" lon="13.87545">
    <name>TP2920</name>
  </trkpt>
  <trkpt lat="68.28951" lon="13.87566">
    <name>TP2921</name>
  </trkpt>
  <trkpt lat="68.28947" lon="13.87594">
    <name>TP2922</name>
  </trkpt>
  <trkpt lat="68.28943" lon="13.87622">
    <name>TP2923</name>
  </trkpt>
  <trkpt lat="68.28933" lon="13.87756">
    <name>TP2924</name>
  </trkpt>
  <trkpt lat="68.2893" lon="13.87786">
    <name>TP2925</name>
  </trkpt>
  <trkpt lat="68.2893" lon="13.87788">
    <name>TP2926</name>
  </trkpt>
  <trkpt lat="68.28925" lon="13.8782">
    <name>TP2927</name>
  </trkpt>
  <trkpt lat="68.28923" lon="13.87833">
    <name>TP2928</name>
  </trkpt>
  <trkpt lat="68.2892" lon="13.87862">
    <name>TP2929</name>
  </trkpt>
  <trkpt lat="68.28917" lon="13.87879">
    <name>TP2930</name>
  </trkpt>
  <trkpt lat="68.28914" lon="13.87903">
    <name>TP2931</name>
  </trkpt>
  <trkpt lat="68.28907" lon="13.87954">
    <name>TP2932</name>
  </trkpt>
  <trkpt lat="68.28899" lon="13.88016">
    <name>TP2933</name>
  </trkpt>
  <trkpt lat="68.28894" lon="13.88047">
    <name>TP2934</name>
  </trkpt>
  <trkpt lat="68.28891" lon="13.88068">
    <name>TP2935</name>
  </trkpt>
  <trkpt lat="68.28885" lon="13.88102">
    <name>TP2936</name>
  </trkpt>
  <trkpt lat="68.2888" lon="13.88132">
    <name>TP2937</name>
  </trkpt>
  <trkpt lat="68.28874" lon="13.88158">
    <name>TP2938</name>
  </trkpt>
  <trkpt lat="68.28866" lon="13.88187">
    <name>TP2939</name>
  </trkpt>
  <trkpt lat="68.2885" lon="13.8824">
    <name>TP2940</name>
  </trkpt>
  <trkpt lat="68.28825" lon="13.88314">
    <name>TP2941</name>
  </trkpt>
  <trkpt lat="68.28808" lon="13.88362">
    <name>TP2942</name>
  </trkpt>
  <trkpt lat="68.28786" lon="13.88419">
    <name>TP2943</name>
  </trkpt>
  <trkpt lat="68.28769" lon="13.88464">
    <name>TP2944</name>
  </trkpt>
  <trkpt lat="68.28753" lon="13.88502">
    <name>TP2945</name>
  </trkpt>
  <trkpt lat="68.2874" lon="13.88534">
    <name>TP2946</name>
  </trkpt>
  <trkpt lat="68.28728" lon="13.88556">
    <name>TP2947</name>
  </trkpt>
  <trkpt lat="68.28718" lon="13.88572">
    <name>TP2948</name>
  </trkpt>
  <trkpt lat="68.28717" lon="13.88573">
    <name>TP2949</name>
  </trkpt>
  <trkpt lat="68.28715" lon="13.88576">
    <name>TP2950</name>
  </trkpt>
  <trkpt lat="68.28703" lon="13.88595">
    <name>TP2951</name>
  </trkpt>
  <trkpt lat="68.28702" lon="13.88598">
    <name>TP2952</name>
  </trkpt>
  <trkpt lat="68.2869" lon="13.88615">
    <name>TP2953</name>
  </trkpt>
  <trkpt lat="68.28677" lon="13.88637">
    <name>TP2954</name>
  </trkpt>
  <trkpt lat="68.28662" lon="13.88666">
    <name>TP2955</name>
  </trkpt>
  <trkpt lat="68.28658" lon="13.88676">
    <name>TP2956</name>
  </trkpt>
  <trkpt lat="68.28657" lon="13.88678">
    <name>TP2957</name>
  </trkpt>
  <trkpt lat="68.28649" lon="13.88694">
    <name>TP2958</name>
  </trkpt>
  <trkpt lat="68.28643" lon="13.8871">
    <name>TP2959</name>
  </trkpt>
  <trkpt lat="68.28637" lon="13.88726">
    <name>TP2960</name>
  </trkpt>
  <trkpt lat="68.28624" lon="13.8876">
    <name>TP2961</name>
  </trkpt>
  <trkpt lat="68.28608" lon="13.88804">
    <name>TP2962</name>
  </trkpt>
  <trkpt lat="68.28584" lon="13.88867">
    <name>TP2963</name>
  </trkpt>
  <trkpt lat="68.28563" lon="13.88926">
    <name>TP2964</name>
  </trkpt>
  <trkpt lat="68.2856" lon="13.88934">
    <name>TP2965</name>
  </trkpt>
  <trkpt lat="68.28555" lon="13.88947">
    <name>TP2966</name>
  </trkpt>
  <trkpt lat="68.28554" lon="13.88951">
    <name>TP2967</name>
  </trkpt>
  <trkpt lat="68.28543" lon="13.88989">
    <name>TP2968</name>
  </trkpt>
  <trkpt lat="68.28535" lon="13.89027">
    <name>TP2969</name>
  </trkpt>
  <trkpt lat="68.28528" lon="13.89067">
    <name>TP2970</name>
  </trkpt>
  <trkpt lat="68.28524" lon="13.89111">
    <name>TP2971</name>
  </trkpt>
  <trkpt lat="68.28522" lon="13.89161">
    <name>TP2972</name>
  </trkpt>
  <trkpt lat="68.28522" lon="13.89171">
    <name>TP2973</name>
  </trkpt>
  <trkpt lat="68.28521" lon="13.89199">
    <name>TP2974</name>
  </trkpt>
  <trkpt lat="68.28521" lon="13.89257">
    <name>TP2975</name>
  </trkpt>
  <trkpt lat="68.28521" lon="13.89269">
    <name>TP2976</name>
  </trkpt>
  <trkpt lat="68.2852" lon="13.89305">
    <name>TP2977</name>
  </trkpt>
  <trkpt lat="68.28519" lon="13.89345">
    <name>TP2978</name>
  </trkpt>
  <trkpt lat="68.28516" lon="13.8938">
    <name>TP2979</name>
  </trkpt>
  <trkpt lat="68.28512" lon="13.89408">
    <name>TP2980</name>
  </trkpt>
  <trkpt lat="68.28506" lon="13.89431">
    <name>TP2981</name>
  </trkpt>
  <trkpt lat="68.285" lon="13.89449">
    <name>TP2982</name>
  </trkpt>
  <trkpt lat="68.28499" lon="13.89453">
    <name>TP2983</name>
  </trkpt>
  <trkpt lat="68.2847" lon="13.89538">
    <name>TP2984</name>
  </trkpt>
  <trkpt lat="68.28466" lon="13.89561">
    <name>TP2985</name>
  </trkpt>
  <trkpt lat="68.28463" lon="13.89584">
    <name>TP2986</name>
  </trkpt>
  <trkpt lat="68.28461" lon="13.89611">
    <name>TP2987</name>
  </trkpt>
  <trkpt lat="68.28461" lon="13.89676">
    <name>TP2988</name>
  </trkpt>
  <trkpt lat="68.28461" lon="13.89678">
    <name>TP2989</name>
  </trkpt>
  <trkpt lat="68.28463" lon="13.8971">
    <name>TP2990</name>
  </trkpt>
  <trkpt lat="68.28464" lon="13.89727">
    <name>TP2991</name>
  </trkpt>
  <trkpt lat="68.28464" lon="13.89748">
    <name>TP2992</name>
  </trkpt>
  <trkpt lat="68.28465" lon="13.89785">
    <name>TP2993</name>
  </trkpt>
  <trkpt lat="68.28465" lon="13.89815">
    <name>TP2994</name>
  </trkpt>
  <trkpt lat="68.28463" lon="13.89842">
    <name>TP2995</name>
  </trkpt>
  <trkpt lat="68.28461" lon="13.89875">
    <name>TP2996</name>
  </trkpt>
  <trkpt lat="68.28457" lon="13.89907">
    <name>TP2997</name>
  </trkpt>
  <trkpt lat="68.28454" lon="13.89937">
    <name>TP2998</name>
  </trkpt>
  <trkpt lat="68.28451" lon="13.89964">
    <name>TP2999</name>
  </trkpt>
  <trkpt lat="68.28443" lon="13.9001">
    <name>TP3000</name>
  </trkpt>
  <trkpt lat="68.28442" lon="13.90019">
    <name>TP3001</name>
  </trkpt>
  <trkpt lat="68.28435" lon="13.90054">
    <name>TP3002</name>
  </trkpt>
  <trkpt lat="68.28425" lon="13.90108">
    <name>TP3003</name>
  </trkpt>
  <trkpt lat="68.2841" lon="13.90183">
    <name>TP3004</name>
  </trkpt>
  <trkpt lat="68.2841" lon="13.90184">
    <name>TP3005</name>
  </trkpt>
  <trkpt lat="68.28398" lon="13.90237">
    <name>TP3006</name>
  </trkpt>
  <trkpt lat="68.28396" lon="13.90247">
    <name>TP3007</name>
  </trkpt>
  <trkpt lat="68.28394" lon="13.90258">
    <name>TP3008</name>
  </trkpt>
  <trkpt lat="68.28394" lon="13.90259">
    <name>TP3009</name>
  </trkpt>
  <trkpt lat="68.28392" lon="13.90268">
    <name>TP3010</name>
  </trkpt>
  <trkpt lat="68.28387" lon="13.90296">
    <name>TP3011</name>
  </trkpt>
  <trkpt lat="68.28383" lon="13.9031">
    <name>TP3012</name>
  </trkpt>
  <trkpt lat="68.28379" lon="13.90325">
    <name>TP3013</name>
  </trkpt>
  <trkpt lat="68.28375" lon="13.9034">
    <name>TP3014</name>
  </trkpt>
  <trkpt lat="68.28372" lon="13.90348">
    <name>TP3015</name>
  </trkpt>
  <trkpt lat="68.28371" lon="13.90352">
    <name>TP3016</name>
  </trkpt>
  <trkpt lat="68.28369" lon="13.90358">
    <name>TP3017</name>
  </trkpt>
  <trkpt lat="68.28362" lon="13.90376">
    <name>TP3018</name>
  </trkpt>
  <trkpt lat="68.28349" lon="13.90401">
    <name>TP3019</name>
  </trkpt>
  <trkpt lat="68.28325" lon="13.90446">
    <name>TP3020</name>
  </trkpt>
  <trkpt lat="68.28315" lon="13.90466">
    <name>TP3021</name>
  </trkpt>
  <trkpt lat="68.28313" lon="13.90472">
    <name>TP3022</name>
  </trkpt>
  <trkpt lat="68.28306" lon="13.90495">
    <name>TP3023</name>
  </trkpt>
  <trkpt lat="68.28305" lon="13.90502">
    <name>TP3024</name>
  </trkpt>
  <trkpt lat="68.28304" lon="13.90504">
    <name>TP3025</name>
  </trkpt>
  <trkpt lat="68.28302" lon="13.90516">
    <name>TP3026</name>
  </trkpt>
  <trkpt lat="68.283" lon="13.90527">
    <name>TP3027</name>
  </trkpt>
  <trkpt lat="68.28296" lon="13.90548">
    <name>TP3028</name>
  </trkpt>
  <trkpt lat="68.28294" lon="13.90559">
    <name>TP3029</name>
  </trkpt>
  <trkpt lat="68.2829" lon="13.90593">
    <name>TP3030</name>
  </trkpt>
  <trkpt lat="68.28288" lon="13.90605">
    <name>TP3031</name>
  </trkpt>
  <trkpt lat="68.28284" lon="13.90639">
    <name>TP3032</name>
  </trkpt>
  <trkpt lat="68.2828" lon="13.90672">
    <name>TP3033</name>
  </trkpt>
  <trkpt lat="68.28268" lon="13.90749">
    <name>TP3034</name>
  </trkpt>
  <trkpt lat="68.28264" lon="13.90775">
    <name>TP3035</name>
  </trkpt>
  <trkpt lat="68.28258" lon="13.9082">
    <name>TP3036</name>
  </trkpt>
  <trkpt lat="68.28256" lon="13.90833">
    <name>TP3037</name>
  </trkpt>
  <trkpt lat="68.28254" lon="13.90847">
    <name>TP3038</name>
  </trkpt>
  <trkpt lat="68.28253" lon="13.90856">
    <name>TP3039</name>
  </trkpt>
  <trkpt lat="68.28252" lon="13.90866">
    <name>TP3040</name>
  </trkpt>
  <trkpt lat="68.2825" lon="13.90879">
    <name>TP3041</name>
  </trkpt>
  <trkpt lat="68.28236" lon="13.90991">
    <name>TP3042</name>
  </trkpt>
  <trkpt lat="68.28222" lon="13.91097">
    <name>TP3043</name>
  </trkpt>
  <trkpt lat="68.28216" lon="13.91141">
    <name>TP3044</name>
  </trkpt>
  <trkpt lat="68.28212" lon="13.91176">
    <name>TP3045</name>
  </trkpt>
  <trkpt lat="68.28207" lon="13.91213">
    <name>TP3046</name>
  </trkpt>
  <trkpt lat="68.28206" lon="13.91222">
    <name>TP3047</name>
  </trkpt>
  <trkpt lat="68.28196" lon="13.91286">
    <name>TP3048</name>
  </trkpt>
  <trkpt lat="68.28188" lon="13.91349">
    <name>TP3049</name>
  </trkpt>
  <trkpt lat="68.2818" lon="13.91403">
    <name>TP3050</name>
  </trkpt>
  <trkpt lat="68.28175" lon="13.91435">
    <name>TP3051</name>
  </trkpt>
  <trkpt lat="68.28171" lon="13.91458">
    <name>TP3052</name>
  </trkpt>
  <trkpt lat="68.28162" lon="13.91504">
    <name>TP3053</name>
  </trkpt>
  <trkpt lat="68.28157" lon="13.91529">
    <name>TP3054</name>
  </trkpt>
  <trkpt lat="68.28153" lon="13.91549">
    <name>TP3055</name>
  </trkpt>
  <trkpt lat="68.28143" lon="13.91588">
    <name>TP3056</name>
  </trkpt>
  <trkpt lat="68.28132" lon="13.91629">
    <name>TP3057</name>
  </trkpt>
  <trkpt lat="68.28126" lon="13.91649">
    <name>TP3058</name>
  </trkpt>
  <trkpt lat="68.28111" lon="13.91699">
    <name>TP3059</name>
  </trkpt>
  <trkpt lat="68.28101" lon="13.91732">
    <name>TP3060</name>
  </trkpt>
  <trkpt lat="68.28095" lon="13.91752">
    <name>TP3061</name>
  </trkpt>
  <trkpt lat="68.28086" lon="13.91778">
    <name>TP3062</name>
  </trkpt>
  <trkpt lat="68.28074" lon="13.91804">
    <name>TP3063</name>
  </trkpt>
  <trkpt lat="68.28061" lon="13.9183">
    <name>TP3064</name>
  </trkpt>
  <trkpt lat="68.28044" lon="13.9186">
    <name>TP3065</name>
  </trkpt>
  <trkpt lat="68.28043" lon="13.91862">
    <name>TP3066</name>
  </trkpt>
  <trkpt lat="68.28028" lon="13.91888">
    <name>TP3067</name>
  </trkpt>
  <trkpt lat="68.28027" lon="13.91888">
    <name>TP3068</name>
  </trkpt>
  <trkpt lat="68.2801" lon="13.91916">
    <name>TP3069</name>
  </trkpt>
  <trkpt lat="68.27997" lon="13.91938">
    <name>TP3070</name>
  </trkpt>
  <trkpt lat="68.27981" lon="13.91969">
    <name>TP3071</name>
  </trkpt>
  <trkpt lat="68.27965" lon="13.92">
    <name>TP3072</name>
  </trkpt>
  <trkpt lat="68.27949" lon="13.92034">
    <name>TP3073</name>
  </trkpt>
  <trkpt lat="68.27936" lon="13.92065">
    <name>TP3074</name>
  </trkpt>
  <trkpt lat="68.27926" lon="13.92089">
    <name>TP3075</name>
  </trkpt>
  <trkpt lat="68.2787" lon="13.92212">
    <name>TP3076</name>
  </trkpt>
  <trkpt lat="68.27805" lon="13.92357">
    <name>TP3077</name>
  </trkpt>
  <trkpt lat="68.27771" lon="13.92429">
    <name>TP3078</name>
  </trkpt>
  <trkpt lat="68.27744" lon="13.92485">
    <name>TP3079</name>
  </trkpt>
  <trkpt lat="68.27725" lon="13.92523">
    <name>TP3080</name>
  </trkpt>
  <trkpt lat="68.27722" lon="13.92531">
    <name>TP3081</name>
  </trkpt>
  <trkpt lat="68.27706" lon="13.92564">
    <name>TP3082</name>
  </trkpt>
  <trkpt lat="68.27693" lon="13.92591">
    <name>TP3083</name>
  </trkpt>
  <trkpt lat="68.27692" lon="13.92594">
    <name>TP3084</name>
  </trkpt>
  <trkpt lat="68.27661" lon="13.92658">
    <name>TP3085</name>
  </trkpt>
  <trkpt lat="68.27642" lon="13.92696">
    <name>TP3086</name>
  </trkpt>
  <trkpt lat="68.27575" lon="13.92824">
    <name>TP3087</name>
  </trkpt>
  <trkpt lat="68.27569" lon="13.92832">
    <name>TP3088</name>
  </trkpt>
  <trkpt lat="68.27526" lon="13.92885">
    <name>TP3089</name>
  </trkpt>
  <trkpt lat="68.2751" lon="13.92903">
    <name>TP3090</name>
  </trkpt>
  <trkpt lat="68.27438" lon="13.92959">
    <name>TP3091</name>
  </trkpt>
  <trkpt lat="68.27425" lon="13.92968">
    <name>TP3092</name>
  </trkpt>
  <trkpt lat="68.27417" lon="13.92975">
    <name>TP3093</name>
  </trkpt>
  <trkpt lat="68.27405" lon="13.92987">
    <name>TP3094</name>
  </trkpt>
  <trkpt lat="68.27405" lon="13.92988">
    <name>TP3095</name>
  </trkpt>
  <trkpt lat="68.27395" lon="13.93001">
    <name>TP3096</name>
  </trkpt>
  <trkpt lat="68.27388" lon="13.93014">
    <name>TP3097</name>
  </trkpt>
  <trkpt lat="68.27381" lon="13.93027">
    <name>TP3098</name>
  </trkpt>
  <trkpt lat="68.27372" lon="13.9305">
    <name>TP3099</name>
  </trkpt>
  <trkpt lat="68.27362" lon="13.93082">
    <name>TP3100</name>
  </trkpt>
  <trkpt lat="68.27358" lon="13.93097">
    <name>TP3101</name>
  </trkpt>
  <trkpt lat="68.27336" lon="13.93188">
    <name>TP3102</name>
  </trkpt>
  <trkpt lat="68.27307" lon="13.93306">
    <name>TP3103</name>
  </trkpt>
  <trkpt lat="68.27268" lon="13.93489">
    <name>TP3104</name>
  </trkpt>
  <trkpt lat="68.2726" lon="13.93545">
    <name>TP3105</name>
  </trkpt>
  <trkpt lat="68.27245" lon="13.93651">
    <name>TP3106</name>
  </trkpt>
  <trkpt lat="68.27237" lon="13.93699">
    <name>TP3107</name>
  </trkpt>
  <trkpt lat="68.27236" lon="13.93704">
    <name>TP3108</name>
  </trkpt>
  <trkpt lat="68.27222" lon="13.93765">
    <name>TP3109</name>
  </trkpt>
  <trkpt lat="68.2721" lon="13.93837">
    <name>TP3110</name>
  </trkpt>
  <trkpt lat="68.27201" lon="13.93891">
    <name>TP3111</name>
  </trkpt>
  <trkpt lat="68.27192" lon="13.93951">
    <name>TP3112</name>
  </trkpt>
  <trkpt lat="68.27189" lon="13.93979">
    <name>TP3113</name>
  </trkpt>
  <trkpt lat="68.27189" lon="13.93982">
    <name>TP3114</name>
  </trkpt>
  <trkpt lat="68.27187" lon="13.94022">
    <name>TP3115</name>
  </trkpt>
  <trkpt lat="68.27187" lon="13.94027">
    <name>TP3116</name>
  </trkpt>
  <trkpt lat="68.27186" lon="13.94053">
    <name>TP3117</name>
  </trkpt>
  <trkpt lat="68.27186" lon="13.94076">
    <name>TP3118</name>
  </trkpt>
  <trkpt lat="68.27186" lon="13.94082">
    <name>TP3119</name>
  </trkpt>
  <trkpt lat="68.27188" lon="13.94113">
    <name>TP3120</name>
  </trkpt>
  <trkpt lat="68.27189" lon="13.94132">
    <name>TP3121</name>
  </trkpt>
  <trkpt lat="68.27191" lon="13.94157">
    <name>TP3122</name>
  </trkpt>
  <trkpt lat="68.27194" lon="13.94184">
    <name>TP3123</name>
  </trkpt>
  <trkpt lat="68.27199" lon="13.94216">
    <name>TP3124</name>
  </trkpt>
  <trkpt lat="68.27204" lon="13.94247">
    <name>TP3125</name>
  </trkpt>
  <trkpt lat="68.27212" lon="13.94285">
    <name>TP3126</name>
  </trkpt>
  <trkpt lat="68.27223" lon="13.94329">
    <name>TP3127</name>
  </trkpt>
  <trkpt lat="68.27232" lon="13.94366">
    <name>TP3128</name>
  </trkpt>
  <trkpt lat="68.27239" lon="13.944">
    <name>TP3129</name>
  </trkpt>
  <trkpt lat="68.27245" lon="13.94434">
    <name>TP3130</name>
  </trkpt>
  <trkpt lat="68.27251" lon="13.94472">
    <name>TP3131</name>
  </trkpt>
  <trkpt lat="68.27256" lon="13.94513">
    <name>TP3132</name>
  </trkpt>
  <trkpt lat="68.27263" lon="13.94554">
    <name>TP3133</name>
  </trkpt>
  <trkpt lat="68.27265" lon="13.94572">
    <name>TP3134</name>
  </trkpt>
  <trkpt lat="68.27267" lon="13.94583">
    <name>TP3135</name>
  </trkpt>
  <trkpt lat="68.27268" lon="13.94589">
    <name>TP3136</name>
  </trkpt>
  <trkpt lat="68.27271" lon="13.94618">
    <name>TP3137</name>
  </trkpt>
  <trkpt lat="68.27274" lon="13.94651">
    <name>TP3138</name>
  </trkpt>
  <trkpt lat="68.27277" lon="13.94678">
    <name>TP3139</name>
  </trkpt>
  <trkpt lat="68.27278" lon="13.94712">
    <name>TP3140</name>
  </trkpt>
  <trkpt lat="68.2728" lon="13.94762">
    <name>TP3141</name>
  </trkpt>
  <trkpt lat="68.27282" lon="13.94803">
    <name>TP3142</name>
  </trkpt>
  <trkpt lat="68.27283" lon="13.94851">
    <name>TP3143</name>
  </trkpt>
  <trkpt lat="68.27284" lon="13.94858">
    <name>TP3144</name>
  </trkpt>
  <trkpt lat="68.27284" lon="13.94883">
    <name>TP3145</name>
  </trkpt>
  <trkpt lat="68.27285" lon="13.94899">
    <name>TP3146</name>
  </trkpt>
  <trkpt lat="68.27285" lon="13.94907">
    <name>TP3147</name>
  </trkpt>
  <trkpt lat="68.27286" lon="13.94926">
    <name>TP3148</name>
  </trkpt>
  <trkpt lat="68.27288" lon="13.94951">
    <name>TP3149</name>
  </trkpt>
  <trkpt lat="68.2729" lon="13.94981">
    <name>TP3150</name>
  </trkpt>
  <trkpt lat="68.27294" lon="13.95022">
    <name>TP3151</name>
  </trkpt>
  <trkpt lat="68.27297" lon="13.95051">
    <name>TP3152</name>
  </trkpt>
  <trkpt lat="68.27298" lon="13.95074">
    <name>TP3153</name>
  </trkpt>
  <trkpt lat="68.27299" lon="13.95081">
    <name>TP3154</name>
  </trkpt>
  <trkpt lat="68.273" lon="13.95097">
    <name>TP3155</name>
  </trkpt>
  <trkpt lat="68.273" lon="13.95113">
    <name>TP3156</name>
  </trkpt>
  <trkpt lat="68.273" lon="13.95148">
    <name>TP3157</name>
  </trkpt>
  <trkpt lat="68.273" lon="13.9517">
    <name>TP3158</name>
  </trkpt>
  <trkpt lat="68.273" lon="13.95182">
    <name>TP3159</name>
  </trkpt>
  <trkpt lat="68.27299" lon="13.95196">
    <name>TP3160</name>
  </trkpt>
  <trkpt lat="68.27297" lon="13.9527">
    <name>TP3161</name>
  </trkpt>
  <trkpt lat="68.27297" lon="13.95324">
    <name>TP3162</name>
  </trkpt>
  <trkpt lat="68.27296" lon="13.95384">
    <name>TP3163</name>
  </trkpt>
  <trkpt lat="68.27295" lon="13.95433">
    <name>TP3164</name>
  </trkpt>
  <trkpt lat="68.27295" lon="13.95489">
    <name>TP3165</name>
  </trkpt>
  <trkpt lat="68.27296" lon="13.95502">
    <name>TP3166</name>
  </trkpt>
  <trkpt lat="68.27296" lon="13.95517">
    <name>TP3167</name>
  </trkpt>
  <trkpt lat="68.27297" lon="13.95535">
    <name>TP3168</name>
  </trkpt>
  <trkpt lat="68.27299" lon="13.9556">
    <name>TP3169</name>
  </trkpt>
  <trkpt lat="68.27301" lon="13.95585">
    <name>TP3170</name>
  </trkpt>
  <trkpt lat="68.27305" lon="13.95616">
    <name>TP3171</name>
  </trkpt>
  <trkpt lat="68.27309" lon="13.9565">
    <name>TP3172</name>
  </trkpt>
  <trkpt lat="68.27315" lon="13.95688">
    <name>TP3173</name>
  </trkpt>
  <trkpt lat="68.27324" lon="13.95733">
    <name>TP3174</name>
  </trkpt>
  <trkpt lat="68.27334" lon="13.95786">
    <name>TP3175</name>
  </trkpt>
  <trkpt lat="68.27347" lon="13.95856">
    <name>TP3176</name>
  </trkpt>
  <trkpt lat="68.27362" lon="13.95942">
    <name>TP3177</name>
  </trkpt>
  <trkpt lat="68.27377" lon="13.9602">
    <name>TP3178</name>
  </trkpt>
  <trkpt lat="68.27384" lon="13.96058">
    <name>TP3179</name>
  </trkpt>
  <trkpt lat="68.27387" lon="13.96088">
    <name>TP3180</name>
  </trkpt>
  <trkpt lat="68.27391" lon="13.96135">
    <name>TP3181</name>
  </trkpt>
  <trkpt lat="68.27395" lon="13.96179">
    <name>TP3182</name>
  </trkpt>
  <trkpt lat="68.27397" lon="13.96215">
    <name>TP3183</name>
  </trkpt>
  <trkpt lat="68.27399" lon="13.96248">
    <name>TP3184</name>
  </trkpt>
  <trkpt lat="68.27402" lon="13.96278">
    <name>TP3185</name>
  </trkpt>
  <trkpt lat="68.27407" lon="13.96327">
    <name>TP3186</name>
  </trkpt>
  <trkpt lat="68.27414" lon="13.96384">
    <name>TP3187</name>
  </trkpt>
  <trkpt lat="68.27424" lon="13.96463">
    <name>TP3188</name>
  </trkpt>
  <trkpt lat="68.27435" lon="13.96579">
    <name>TP3189</name>
  </trkpt>
  <trkpt lat="68.27436" lon="13.966">
    <name>TP3190</name>
  </trkpt>
  <trkpt lat="68.27437" lon="13.96619">
    <name>TP3191</name>
  </trkpt>
  <trkpt lat="68.27438" lon="13.96635">
    <name>TP3192</name>
  </trkpt>
  <trkpt lat="68.27437" lon="13.96649">
    <name>TP3193</name>
  </trkpt>
  <trkpt lat="68.27436" lon="13.96661">
    <name>TP3194</name>
  </trkpt>
  <trkpt lat="68.27431" lon="13.96682">
    <name>TP3195</name>
  </trkpt>
  <trkpt lat="68.27428" lon="13.96692">
    <name>TP3196</name>
  </trkpt>
  <trkpt lat="68.27424" lon="13.96703">
    <name>TP3197</name>
  </trkpt>
  <trkpt lat="68.27417" lon="13.96714">
    <name>TP3198</name>
  </trkpt>
  <trkpt lat="68.27411" lon="13.96723">
    <name>TP3199</name>
  </trkpt>
  <trkpt lat="68.27374" lon="13.96772">
    <name>TP3200</name>
  </trkpt>
  <trkpt lat="68.27294" lon="13.96887">
    <name>TP3201</name>
  </trkpt>
  <trkpt lat="68.27287" lon="13.96897">
    <name>TP3202</name>
  </trkpt>
  <trkpt lat="68.27231" lon="13.9698">
    <name>TP3203</name>
  </trkpt>
  <trkpt lat="68.27222" lon="13.96992">
    <name>TP3204</name>
  </trkpt>
  <trkpt lat="68.27215" lon="13.97003">
    <name>TP3205</name>
  </trkpt>
  <trkpt lat="68.27154" lon="13.97091">
    <name>TP3206</name>
  </trkpt>
  <trkpt lat="68.2712" lon="13.97141">
    <name>TP3207</name>
  </trkpt>
  <trkpt lat="68.27069" lon="13.97214">
    <name>TP3208</name>
  </trkpt>
  <trkpt lat="68.2701" lon="13.97298">
    <name>TP3209</name>
  </trkpt>
  <trkpt lat="68.27001" lon="13.97311">
    <name>TP3210</name>
  </trkpt>
  <trkpt lat="68.26992" lon="13.97324">
    <name>TP3211</name>
  </trkpt>
  <trkpt lat="68.26985" lon="13.97335">
    <name>TP3212</name>
  </trkpt>
  <trkpt lat="68.26977" lon="13.97345">
    <name>TP3213</name>
  </trkpt>
  <trkpt lat="68.26923" lon="13.97425">
    <name>TP3214</name>
  </trkpt>
  <trkpt lat="68.26907" lon="13.97448">
    <name>TP3215</name>
  </trkpt>
  <trkpt lat="68.26875" lon="13.97494">
    <name>TP3216</name>
  </trkpt>
  <trkpt lat="68.26871" lon="13.975">
    <name>TP3217</name>
  </trkpt>
  <trkpt lat="68.26827" lon="13.97562">
    <name>TP3218</name>
  </trkpt>
  <trkpt lat="68.26811" lon="13.97585">
    <name>TP3219</name>
  </trkpt>
  <trkpt lat="68.26795" lon="13.97608">
    <name>TP3220</name>
  </trkpt>
  <trkpt lat="68.2678" lon="13.9763">
    <name>TP3221</name>
  </trkpt>
  <trkpt lat="68.26758" lon="13.97661">
    <name>TP3222</name>
  </trkpt>
  <trkpt lat="68.26711" lon="13.97728">
    <name>TP3223</name>
  </trkpt>
  <trkpt lat="68.2669" lon="13.97757">
    <name>TP3224</name>
  </trkpt>
  <trkpt lat="68.26669" lon="13.97781">
    <name>TP3225</name>
  </trkpt>
  <trkpt lat="68.26651" lon="13.97802">
    <name>TP3226</name>
  </trkpt>
  <trkpt lat="68.26645" lon="13.97808">
    <name>TP3227</name>
  </trkpt>
  <trkpt lat="68.266" lon="13.97848">
    <name>TP3228</name>
  </trkpt>
  <trkpt lat="68.26564" lon="13.9787">
    <name>TP3229</name>
  </trkpt>
  <trkpt lat="68.26547" lon="13.97882">
    <name>TP3230</name>
  </trkpt>
  <trkpt lat="68.26529" lon="13.97893">
    <name>TP3231</name>
  </trkpt>
  <trkpt lat="68.26483" lon="13.97922">
    <name>TP3232</name>
  </trkpt>
  <trkpt lat="68.26462" lon="13.97936">
    <name>TP3233</name>
  </trkpt>
  <trkpt lat="68.26441" lon="13.97953">
    <name>TP3234</name>
  </trkpt>
  <trkpt lat="68.26423" lon="13.97971">
    <name>TP3235</name>
  </trkpt>
  <trkpt lat="68.26405" lon="13.97993">
    <name>TP3236</name>
  </trkpt>
  <trkpt lat="68.26388" lon="13.98014">
    <name>TP3237</name>
  </trkpt>
  <trkpt lat="68.26377" lon="13.98031">
    <name>TP3238</name>
  </trkpt>
  <trkpt lat="68.26349" lon="13.98075">
    <name>TP3239</name>
  </trkpt>
  <trkpt lat="68.26314" lon="13.9814">
    <name>TP3240</name>
  </trkpt>
  <trkpt lat="68.26264" lon="13.98232">
    <name>TP3241</name>
  </trkpt>
  <trkpt lat="68.26221" lon="13.98317">
    <name>TP3242</name>
  </trkpt>
  <trkpt lat="68.26183" lon="13.98389">
    <name>TP3243</name>
  </trkpt>
  <trkpt lat="68.26163" lon="13.98429">
    <name>TP3244</name>
  </trkpt>
  <trkpt lat="68.26146" lon="13.9847">
    <name>TP3245</name>
  </trkpt>
  <trkpt lat="68.26135" lon="13.98497">
    <name>TP3246</name>
  </trkpt>
  <trkpt lat="68.26132" lon="13.98506">
    <name>TP3247</name>
  </trkpt>
  <trkpt lat="68.26129" lon="13.98514">
    <name>TP3248</name>
  </trkpt>
  <trkpt lat="68.2612" lon="13.98543">
    <name>TP3249</name>
  </trkpt>
  <trkpt lat="68.26118" lon="13.98551">
    <name>TP3250</name>
  </trkpt>
  <trkpt lat="68.26114" lon="13.98565">
    <name>TP3251</name>
  </trkpt>
  <trkpt lat="68.26105" lon="13.98599">
    <name>TP3252</name>
  </trkpt>
  <trkpt lat="68.26101" lon="13.98618">
    <name>TP3253</name>
  </trkpt>
  <trkpt lat="68.261" lon="13.98622">
    <name>TP3254</name>
  </trkpt>
  <trkpt lat="68.26094" lon="13.9865">
    <name>TP3255</name>
  </trkpt>
  <trkpt lat="68.26091" lon="13.98665">
    <name>TP3256</name>
  </trkpt>
  <trkpt lat="68.26091" lon="13.98666">
    <name>TP3257</name>
  </trkpt>
  <trkpt lat="68.26085" lon="13.98704">
    <name>TP3258</name>
  </trkpt>
  <trkpt lat="68.26081" lon="13.98728">
    <name>TP3259</name>
  </trkpt>
  <trkpt lat="68.26076" lon="13.98766">
    <name>TP3260</name>
  </trkpt>
  <trkpt lat="68.26071" lon="13.98816">
    <name>TP3261</name>
  </trkpt>
  <trkpt lat="68.26068" lon="13.98848">
    <name>TP3262</name>
  </trkpt>
  <trkpt lat="68.26064" lon="13.98913">
    <name>TP3263</name>
  </trkpt>
  <trkpt lat="68.26056" lon="13.99056">
    <name>TP3264</name>
  </trkpt>
  <trkpt lat="68.26043" lon="13.99256">
    <name>TP3265</name>
  </trkpt>
  <trkpt lat="68.26036" lon="13.99351">
    <name>TP3266</name>
  </trkpt>
  <trkpt lat="68.26026" lon="13.99502">
    <name>TP3267</name>
  </trkpt>
  <trkpt lat="68.26023" lon="13.99545">
    <name>TP3268</name>
  </trkpt>
  <trkpt lat="68.26012" lon="13.99682">
    <name>TP3269</name>
  </trkpt>
  <trkpt lat="68.25998" lon="13.99878">
    <name>TP3270</name>
  </trkpt>
  <trkpt lat="68.25994" lon="13.99936">
    <name>TP3271</name>
  </trkpt>
  <trkpt lat="68.2599" lon="13.99994">
    <name>TP3272</name>
  </trkpt>
  <trkpt lat="68.25983" lon="14.0008">
    <name>TP3273</name>
  </trkpt>
  <trkpt lat="68.25976" lon="14.00162">
    <name>TP3274</name>
  </trkpt>
  <trkpt lat="68.25967" lon="14.00296">
    <name>TP3275</name>
  </trkpt>
  <trkpt lat="68.25965" lon="14.00323">
    <name>TP3276</name>
  </trkpt>
  <trkpt lat="68.25959" lon="14.00408">
    <name>TP3277</name>
  </trkpt>
  <trkpt lat="68.25951" lon="14.00513">
    <name>TP3278</name>
  </trkpt>
  <trkpt lat="68.2595" lon="14.00532">
    <name>TP3279</name>
  </trkpt>
  <trkpt lat="68.25948" lon="14.00561">
    <name>TP3280</name>
  </trkpt>
  <trkpt lat="68.25946" lon="14.00593">
    <name>TP3281</name>
  </trkpt>
  <trkpt lat="68.25943" lon="14.0063">
    <name>TP3282</name>
  </trkpt>
  <trkpt lat="68.25938" lon="14.00704">
    <name>TP3283</name>
  </trkpt>
  <trkpt lat="68.25936" lon="14.00735">
    <name>TP3284</name>
  </trkpt>
  <trkpt lat="68.25929" lon="14.00828">
    <name>TP3285</name>
  </trkpt>
  <trkpt lat="68.25924" lon="14.00863">
    <name>TP3286</name>
  </trkpt>
  <trkpt lat="68.2592" lon="14.00903">
    <name>TP3287</name>
  </trkpt>
  <trkpt lat="68.25916" lon="14.00932">
    <name>TP3288</name>
  </trkpt>
  <trkpt lat="68.25909" lon="14.00985">
    <name>TP3289</name>
  </trkpt>
  <trkpt lat="68.259" lon="14.01037">
    <name>TP3290</name>
  </trkpt>
  <trkpt lat="68.25893" lon="14.01075">
    <name>TP3291</name>
  </trkpt>
  <trkpt lat="68.25883" lon="14.01125">
    <name>TP3292</name>
  </trkpt>
  <trkpt lat="68.25867" lon="14.01198">
    <name>TP3293</name>
  </trkpt>
  <trkpt lat="68.25858" lon="14.01238">
    <name>TP3294</name>
  </trkpt>
  <trkpt lat="68.25849" lon="14.01281">
    <name>TP3295</name>
  </trkpt>
  <trkpt lat="68.25848" lon="14.01286">
    <name>TP3296</name>
  </trkpt>
  <trkpt lat="68.25839" lon="14.01327">
    <name>TP3297</name>
  </trkpt>
  <trkpt lat="68.25827" lon="14.01382">
    <name>TP3298</name>
  </trkpt>
  <trkpt lat="68.25814" lon="14.01444">
    <name>TP3299</name>
  </trkpt>
  <trkpt lat="68.25803" lon="14.01493">
    <name>TP3300</name>
  </trkpt>
  <trkpt lat="68.25799" lon="14.01512">
    <name>TP3301</name>
  </trkpt>
  <trkpt lat="68.25776" lon="14.01618">
    <name>TP3302</name>
  </trkpt>
  <trkpt lat="68.25771" lon="14.01646">
    <name>TP3303</name>
  </trkpt>
  <trkpt lat="68.25763" lon="14.01685">
    <name>TP3304</name>
  </trkpt>
  <trkpt lat="68.25756" lon="14.01726">
    <name>TP3305</name>
  </trkpt>
  <trkpt lat="68.25751" lon="14.01753">
    <name>TP3306</name>
  </trkpt>
  <trkpt lat="68.25747" lon="14.01779">
    <name>TP3307</name>
  </trkpt>
  <trkpt lat="68.25739" lon="14.0184">
    <name>TP3308</name>
  </trkpt>
  <trkpt lat="68.2573" lon="14.01912">
    <name>TP3309</name>
  </trkpt>
  <trkpt lat="68.25724" lon="14.01973">
    <name>TP3310</name>
  </trkpt>
  <trkpt lat="68.25719" lon="14.02032">
    <name>TP3311</name>
  </trkpt>
  <trkpt lat="68.25715" lon="14.02091">
    <name>TP3312</name>
  </trkpt>
  <trkpt lat="68.25712" lon="14.02151">
    <name>TP3313</name>
  </trkpt>
  <trkpt lat="68.2571" lon="14.02205">
    <name>TP3314</name>
  </trkpt>
  <trkpt lat="68.2571" lon="14.02218">
    <name>TP3315</name>
  </trkpt>
  <trkpt lat="68.25709" lon="14.02266">
    <name>TP3316</name>
  </trkpt>
  <trkpt lat="68.25709" lon="14.02293">
    <name>TP3317</name>
  </trkpt>
  <trkpt lat="68.25708" lon="14.02381">
    <name>TP3318</name>
  </trkpt>
  <trkpt lat="68.25708" lon="14.02472">
    <name>TP3319</name>
  </trkpt>
  <trkpt lat="68.25707" lon="14.02608">
    <name>TP3320</name>
  </trkpt>
  <trkpt lat="68.25706" lon="14.02732">
    <name>TP3321</name>
  </trkpt>
  <trkpt lat="68.25706" lon="14.02813">
    <name>TP3322</name>
  </trkpt>
  <trkpt lat="68.25706" lon="14.02897">
    <name>TP3323</name>
  </trkpt>
  <trkpt lat="68.25705" lon="14.03005">
    <name>TP3324</name>
  </trkpt>
  <trkpt lat="68.25704" lon="14.0305">
    <name>TP3325</name>
  </trkpt>
  <trkpt lat="68.25704" lon="14.03081">
    <name>TP3326</name>
  </trkpt>
  <trkpt lat="68.25703" lon="14.03146">
    <name>TP3327</name>
  </trkpt>
  <trkpt lat="68.25703" lon="14.03208">
    <name>TP3328</name>
  </trkpt>
  <trkpt lat="68.25703" lon="14.03257">
    <name>TP3329</name>
  </trkpt>
  <trkpt lat="68.25702" lon="14.03308">
    <name>TP3330</name>
  </trkpt>
  <trkpt lat="68.25703" lon="14.03365">
    <name>TP3331</name>
  </trkpt>
  <trkpt lat="68.25705" lon="14.03417">
    <name>TP3332</name>
  </trkpt>
  <trkpt lat="68.25707" lon="14.03461">
    <name>TP3333</name>
  </trkpt>
  <trkpt lat="68.25709" lon="14.03498">
    <name>TP3334</name>
  </trkpt>
  <trkpt lat="68.25711" lon="14.03519">
    <name>TP3335</name>
  </trkpt>
  <trkpt lat="68.25712" lon="14.03533">
    <name>TP3336</name>
  </trkpt>
  <trkpt lat="68.25717" lon="14.03577">
    <name>TP3337</name>
  </trkpt>
  <trkpt lat="68.25722" lon="14.03607">
    <name>TP3338</name>
  </trkpt>
  <trkpt lat="68.25727" lon="14.03637">
    <name>TP3339</name>
  </trkpt>
  <trkpt lat="68.25738" lon="14.03685">
    <name>TP3340</name>
  </trkpt>
  <trkpt lat="68.25742" lon="14.037">
    <name>TP3341</name>
  </trkpt>
  <trkpt lat="68.25749" lon="14.03727">
    <name>TP3342</name>
  </trkpt>
  <trkpt lat="68.25752" lon="14.03739">
    <name>TP3343</name>
  </trkpt>
  <trkpt lat="68.25767" lon="14.03796">
    <name>TP3344</name>
  </trkpt>
  <trkpt lat="68.25771" lon="14.0381">
    <name>TP3345</name>
  </trkpt>
  <trkpt lat="68.25826" lon="14.04008">
    <name>TP3346</name>
  </trkpt>
  <trkpt lat="68.25838" lon="14.0405">
    <name>TP3347</name>
  </trkpt>
  <trkpt lat="68.25865" lon="14.04145">
    <name>TP3348</name>
  </trkpt>
  <trkpt lat="68.25865" lon="14.04146">
    <name>TP3349</name>
  </trkpt>
  <trkpt lat="68.25867" lon="14.04155">
    <name>TP3350</name>
  </trkpt>
  <trkpt lat="68.25869" lon="14.04161">
    <name>TP3351</name>
  </trkpt>
  <trkpt lat="68.25872" lon="14.04171">
    <name>TP3352</name>
  </trkpt>
  <trkpt lat="68.25882" lon="14.04207">
    <name>TP3353</name>
  </trkpt>
  <trkpt lat="68.25897" lon="14.04262">
    <name>TP3354</name>
  </trkpt>
  <trkpt lat="68.25905" lon="14.04287">
    <name>TP3355</name>
  </trkpt>
  <trkpt lat="68.25909" lon="14.043">
    <name>TP3356</name>
  </trkpt>
  <trkpt lat="68.2592" lon="14.04331">
    <name>TP3357</name>
  </trkpt>
  <trkpt lat="68.25936" lon="14.04368">
    <name>TP3358</name>
  </trkpt>
  <trkpt lat="68.25949" lon="14.04391">
    <name>TP3359</name>
  </trkpt>
  <trkpt lat="68.25965" lon="14.04417">
    <name>TP3360</name>
  </trkpt>
  <trkpt lat="68.25968" lon="14.04422">
    <name>TP3361</name>
  </trkpt>
  <trkpt lat="68.25983" lon="14.04442">
    <name>TP3362</name>
  </trkpt>
  <trkpt lat="68.26016" lon="14.04484">
    <name>TP3363</name>
  </trkpt>
  <trkpt lat="68.26047" lon="14.04525">
    <name>TP3364</name>
  </trkpt>
  <trkpt lat="68.26082" lon="14.04568">
    <name>TP3365</name>
  </trkpt>
  <trkpt lat="68.26106" lon="14.04594">
    <name>TP3366</name>
  </trkpt>
  <trkpt lat="68.2613" lon="14.04619">
    <name>TP3367</name>
  </trkpt>
  <trkpt lat="68.26158" lon="14.04645">
    <name>TP3368</name>
  </trkpt>
  <trkpt lat="68.26184" lon="14.0467">
    <name>TP3369</name>
  </trkpt>
  <trkpt lat="68.26186" lon="14.04671">
    <name>TP3370</name>
  </trkpt>
  <trkpt lat="68.26215" lon="14.04698">
    <name>TP3371</name>
  </trkpt>
  <trkpt lat="68.26232" lon="14.04713">
    <name>TP3372</name>
  </trkpt>
  <trkpt lat="68.26256" lon="14.04734">
    <name>TP3373</name>
  </trkpt>
  <trkpt lat="68.2628" lon="14.04756">
    <name>TP3374</name>
  </trkpt>
  <trkpt lat="68.26305" lon="14.04779">
    <name>TP3375</name>
  </trkpt>
  <trkpt lat="68.2635" lon="14.04822">
    <name>TP3376</name>
  </trkpt>
  <trkpt lat="68.26403" lon="14.0487">
    <name>TP3377</name>
  </trkpt>
  <trkpt lat="68.26432" lon="14.04896">
    <name>TP3378</name>
  </trkpt>
  <trkpt lat="68.26445" lon="14.04908">
    <name>TP3379</name>
  </trkpt>
  <trkpt lat="68.26449" lon="14.04912">
    <name>TP3380</name>
  </trkpt>
  <trkpt lat="68.26478" lon="14.04938">
    <name>TP3381</name>
  </trkpt>
  <trkpt lat="68.26534" lon="14.04991">
    <name>TP3382</name>
  </trkpt>
  <trkpt lat="68.26588" lon="14.05038">
    <name>TP3383</name>
  </trkpt>
  <trkpt lat="68.26632" lon="14.05078">
    <name>TP3384</name>
  </trkpt>
  <trkpt lat="68.26669" lon="14.05112">
    <name>TP3385</name>
  </trkpt>
  <trkpt lat="68.26705" lon="14.05143">
    <name>TP3386</name>
  </trkpt>
  <trkpt lat="68.26737" lon="14.05173">
    <name>TP3387</name>
  </trkpt>
  <trkpt lat="68.26772" lon="14.05205">
    <name>TP3388</name>
  </trkpt>
  <trkpt lat="68.26799" lon="14.05233">
    <name>TP3389</name>
  </trkpt>
  <trkpt lat="68.26807" lon="14.05242">
    <name>TP3390</name>
  </trkpt>
  <trkpt lat="68.26815" lon="14.05252">
    <name>TP3391</name>
  </trkpt>
  <trkpt lat="68.2684" lon="14.05278">
    <name>TP3392</name>
  </trkpt>
  <trkpt lat="68.26883" lon="14.05323">
    <name>TP3393</name>
  </trkpt>
  <trkpt lat="68.26922" lon="14.05364">
    <name>TP3394</name>
  </trkpt>
  <trkpt lat="68.26925" lon="14.05367">
    <name>TP3395</name>
  </trkpt>
  <trkpt lat="68.26938" lon="14.05382">
    <name>TP3396</name>
  </trkpt>
  <trkpt lat="68.26946" lon="14.05389">
    <name>TP3397</name>
  </trkpt>
  <trkpt lat="68.26978" lon="14.05424">
    <name>TP3398</name>
  </trkpt>
  <trkpt lat="68.27024" lon="14.05471">
    <name>TP3399</name>
  </trkpt>
  <trkpt lat="68.27072" lon="14.05523">
    <name>TP3400</name>
  </trkpt>
  <trkpt lat="68.27096" lon="14.05547">
    <name>TP3401</name>
  </trkpt>
  <trkpt lat="68.27111" lon="14.05561">
    <name>TP3402</name>
  </trkpt>
  <trkpt lat="68.27127" lon="14.05572">
    <name>TP3403</name>
  </trkpt>
  <trkpt lat="68.2713" lon="14.05574">
    <name>TP3404</name>
  </trkpt>
  <trkpt lat="68.27146" lon="14.05585">
    <name>TP3405</name>
  </trkpt>
  <trkpt lat="68.27165" lon="14.05596">
    <name>TP3406</name>
  </trkpt>
  <trkpt lat="68.27169" lon="14.05599">
    <name>TP3407</name>
  </trkpt>
  <trkpt lat="68.27183" lon="14.05607">
    <name>TP3408</name>
  </trkpt>
  <trkpt lat="68.27191" lon="14.05612">
    <name>TP3409</name>
  </trkpt>
  <trkpt lat="68.272" lon="14.05617">
    <name>TP3410</name>
  </trkpt>
  <trkpt lat="68.27212" lon="14.05622">
    <name>TP3411</name>
  </trkpt>
  <trkpt lat="68.27253" lon="14.05644">
    <name>TP3412</name>
  </trkpt>
  <trkpt lat="68.2728" lon="14.05659">
    <name>TP3413</name>
  </trkpt>
  <trkpt lat="68.27301" lon="14.05672">
    <name>TP3414</name>
  </trkpt>
  <trkpt lat="68.27317" lon="14.05683">
    <name>TP3415</name>
  </trkpt>
  <trkpt lat="68.27321" lon="14.05686">
    <name>TP3416</name>
  </trkpt>
  <trkpt lat="68.27322" lon="14.05686">
    <name>TP3417</name>
  </trkpt>
  <trkpt lat="68.27323" lon="14.05688">
    <name>TP3418</name>
  </trkpt>
  <trkpt lat="68.27334" lon="14.05698">
    <name>TP3419</name>
  </trkpt>
  <trkpt lat="68.27337" lon="14.05701">
    <name>TP3420</name>
  </trkpt>
  <trkpt lat="68.27351" lon="14.05714">
    <name>TP3421</name>
  </trkpt>
  <trkpt lat="68.27357" lon="14.05719">
    <name>TP3422</name>
  </trkpt>
  <trkpt lat="68.27376" lon="14.0574">
    <name>TP3423</name>
  </trkpt>
  <trkpt lat="68.27397" lon="14.05765">
    <name>TP3424</name>
  </trkpt>
  <trkpt lat="68.27418" lon="14.05794">
    <name>TP3425</name>
  </trkpt>
  <trkpt lat="68.27438" lon="14.05826">
    <name>TP3426</name>
  </trkpt>
  <trkpt lat="68.27459" lon="14.05866">
    <name>TP3427</name>
  </trkpt>
  <trkpt lat="68.27482" lon="14.05913">
    <name>TP3428</name>
  </trkpt>
  <trkpt lat="68.2749" lon="14.05932">
    <name>TP3429</name>
  </trkpt>
  <trkpt lat="68.27494" lon="14.0594">
    <name>TP3430</name>
  </trkpt>
  <trkpt lat="68.275" lon="14.05956">
    <name>TP3431</name>
  </trkpt>
  <trkpt lat="68.2752" lon="14.06004">
    <name>TP3432</name>
  </trkpt>
  <trkpt lat="68.27543" lon="14.06061">
    <name>TP3433</name>
  </trkpt>
  <trkpt lat="68.27556" lon="14.06096">
    <name>TP3434</name>
  </trkpt>
  <trkpt lat="68.27568" lon="14.06125">
    <name>TP3435</name>
  </trkpt>
  <trkpt lat="68.27607" lon="14.06226">
    <name>TP3436</name>
  </trkpt>
  <trkpt lat="68.27635" lon="14.06296">
    <name>TP3437</name>
  </trkpt>
  <trkpt lat="68.27678" lon="14.06408">
    <name>TP3438</name>
  </trkpt>
  <trkpt lat="68.27706" lon="14.06479">
    <name>TP3439</name>
  </trkpt>
  <trkpt lat="68.27717" lon="14.06505">
    <name>TP3440</name>
  </trkpt>
  <trkpt lat="68.27727" lon="14.0653">
    <name>TP3441</name>
  </trkpt>
  <trkpt lat="68.27747" lon="14.06579">
    <name>TP3442</name>
  </trkpt>
  <trkpt lat="68.27766" lon="14.06629">
    <name>TP3443</name>
  </trkpt>
  <trkpt lat="68.27793" lon="14.06698">
    <name>TP3444</name>
  </trkpt>
  <trkpt lat="68.2782" lon="14.06767">
    <name>TP3445</name>
  </trkpt>
  <trkpt lat="68.27841" lon="14.06821">
    <name>TP3446</name>
  </trkpt>
  <trkpt lat="68.27862" lon="14.06874">
    <name>TP3447</name>
  </trkpt>
  <trkpt lat="68.27879" lon="14.06919">
    <name>TP3448</name>
  </trkpt>
  <trkpt lat="68.27893" lon="14.06958">
    <name>TP3449</name>
  </trkpt>
  <trkpt lat="68.27903" lon="14.06992">
    <name>TP3450</name>
  </trkpt>
  <trkpt lat="68.27915" lon="14.07032">
    <name>TP3451</name>
  </trkpt>
  <trkpt lat="68.27927" lon="14.07077">
    <name>TP3452</name>
  </trkpt>
  <trkpt lat="68.27944" lon="14.07138">
    <name>TP3453</name>
  </trkpt>
  <trkpt lat="68.27953" lon="14.07172">
    <name>TP3454</name>
  </trkpt>
  <trkpt lat="68.27956" lon="14.07181">
    <name>TP3455</name>
  </trkpt>
  <trkpt lat="68.27958" lon="14.07188">
    <name>TP3456</name>
  </trkpt>
  <trkpt lat="68.27967" lon="14.07223">
    <name>TP3457</name>
  </trkpt>
  <trkpt lat="68.27985" lon="14.07285">
    <name>TP3458</name>
  </trkpt>
  <trkpt lat="68.27989" lon="14.07299">
    <name>TP3459</name>
  </trkpt>
  <trkpt lat="68.27994" lon="14.07318">
    <name>TP3460</name>
  </trkpt>
  <trkpt lat="68.28014" lon="14.07391">
    <name>TP3461</name>
  </trkpt>
  <trkpt lat="68.28015" lon="14.07396">
    <name>TP3462</name>
  </trkpt>
  <trkpt lat="68.28026" lon="14.07435">
    <name>TP3463</name>
  </trkpt>
  <trkpt lat="68.28037" lon="14.07473">
    <name>TP3464</name>
  </trkpt>
  <trkpt lat="68.28047" lon="14.07509">
    <name>TP3465</name>
  </trkpt>
  <trkpt lat="68.28075" lon="14.0761">
    <name>TP3466</name>
  </trkpt>
  <trkpt lat="68.28106" lon="14.07718">
    <name>TP3467</name>
  </trkpt>
  <trkpt lat="68.28124" lon="14.07784">
    <name>TP3468</name>
  </trkpt>
  <trkpt lat="68.28152" lon="14.07884">
    <name>TP3469</name>
  </trkpt>
  <trkpt lat="68.28177" lon="14.07973">
    <name>TP3470</name>
  </trkpt>
  <trkpt lat="68.28194" lon="14.08034">
    <name>TP3471</name>
  </trkpt>
  <trkpt lat="68.282" lon="14.08055">
    <name>TP3472</name>
  </trkpt>
  <trkpt lat="68.28208" lon="14.08086">
    <name>TP3473</name>
  </trkpt>
  <trkpt lat="68.28211" lon="14.08094">
    <name>TP3474</name>
  </trkpt>
  <trkpt lat="68.28229" lon="14.08162">
    <name>TP3475</name>
  </trkpt>
  <trkpt lat="68.28257" lon="14.08261">
    <name>TP3476</name>
  </trkpt>
  <trkpt lat="68.28283" lon="14.08357">
    <name>TP3477</name>
  </trkpt>
  <trkpt lat="68.28297" lon="14.08405">
    <name>TP3478</name>
  </trkpt>
  <trkpt lat="68.28308" lon="14.08444">
    <name>TP3479</name>
  </trkpt>
  <trkpt lat="68.28312" lon="14.0846">
    <name>TP3480</name>
  </trkpt>
  <trkpt lat="68.28318" lon="14.08483">
    <name>TP3481</name>
  </trkpt>
  <trkpt lat="68.28339" lon="14.08558">
    <name>TP3482</name>
  </trkpt>
  <trkpt lat="68.28366" lon="14.08655">
    <name>TP3483</name>
  </trkpt>
  <trkpt lat="68.28372" lon="14.08678">
    <name>TP3484</name>
  </trkpt>
  <trkpt lat="68.28383" lon="14.08716">
    <name>TP3485</name>
  </trkpt>
  <trkpt lat="68.28394" lon="14.08753">
    <name>TP3486</name>
  </trkpt>
  <trkpt lat="68.28394" lon="14.08755">
    <name>TP3487</name>
  </trkpt>
  <trkpt lat="68.28419" lon="14.08848">
    <name>TP3488</name>
  </trkpt>
  <trkpt lat="68.28437" lon="14.08911">
    <name>TP3489</name>
  </trkpt>
  <trkpt lat="68.28446" lon="14.08945">
    <name>TP3490</name>
  </trkpt>
  <trkpt lat="68.28469" lon="14.09029">
    <name>TP3491</name>
  </trkpt>
  <trkpt lat="68.2848" lon="14.09067">
    <name>TP3492</name>
  </trkpt>
  <trkpt lat="68.2849" lon="14.09103">
    <name>TP3493</name>
  </trkpt>
  <trkpt lat="68.28502" lon="14.09145">
    <name>TP3494</name>
  </trkpt>
  <trkpt lat="68.28512" lon="14.09182">
    <name>TP3495</name>
  </trkpt>
  <trkpt lat="68.28523" lon="14.09222">
    <name>TP3496</name>
  </trkpt>
  <trkpt lat="68.28528" lon="14.09239">
    <name>TP3497</name>
  </trkpt>
  <trkpt lat="68.28534" lon="14.09261">
    <name>TP3498</name>
  </trkpt>
  <trkpt lat="68.28545" lon="14.093">
    <name>TP3499</name>
  </trkpt>
  <trkpt lat="68.28548" lon="14.0931">
    <name>TP3500</name>
  </trkpt>
  <trkpt lat="68.28555" lon="14.09341">
    <name>TP3501</name>
  </trkpt>
  <trkpt lat="68.28559" lon="14.09361">
    <name>TP3502</name>
  </trkpt>
  <trkpt lat="68.28563" lon="14.09383">
    <name>TP3503</name>
  </trkpt>
  <trkpt lat="68.28568" lon="14.09405">
    <name>TP3504</name>
  </trkpt>
  <trkpt lat="68.28576" lon="14.09455">
    <name>TP3505</name>
  </trkpt>
  <trkpt lat="68.28582" lon="14.09504">
    <name>TP3506</name>
  </trkpt>
  <trkpt lat="68.28587" lon="14.09557">
    <name>TP3507</name>
  </trkpt>
  <trkpt lat="68.28591" lon="14.09598">
    <name>TP3508</name>
  </trkpt>
  <trkpt lat="68.28594" lon="14.09647">
    <name>TP3509</name>
  </trkpt>
  <trkpt lat="68.28596" lon="14.09708">
    <name>TP3510</name>
  </trkpt>
  <trkpt lat="68.28598" lon="14.09758">
    <name>TP3511</name>
  </trkpt>
  <trkpt lat="68.28597" lon="14.09797">
    <name>TP3512</name>
  </trkpt>
  <trkpt lat="68.28595" lon="14.09831">
    <name>TP3513</name>
  </trkpt>
  <trkpt lat="68.28593" lon="14.09859">
    <name>TP3514</name>
  </trkpt>
  <trkpt lat="68.28589" lon="14.09893">
    <name>TP3515</name>
  </trkpt>
  <trkpt lat="68.28583" lon="14.09923">
    <name>TP3516</name>
  </trkpt>
  <trkpt lat="68.28577" lon="14.09954">
    <name>TP3517</name>
  </trkpt>
  <trkpt lat="68.2857" lon="14.0998">
    <name>TP3518</name>
  </trkpt>
  <trkpt lat="68.28562" lon="14.10005">
    <name>TP3519</name>
  </trkpt>
  <trkpt lat="68.28554" lon="14.1003">
    <name>TP3520</name>
  </trkpt>
  <trkpt lat="68.28553" lon="14.10033">
    <name>TP3521</name>
  </trkpt>
  <trkpt lat="68.28541" lon="14.10065">
    <name>TP3522</name>
  </trkpt>
  <trkpt lat="68.28541" lon="14.10066">
    <name>TP3523</name>
  </trkpt>
  <trkpt lat="68.28529" lon="14.101">
    <name>TP3524</name>
  </trkpt>
  <trkpt lat="68.28524" lon="14.10114">
    <name>TP3525</name>
  </trkpt>
  <trkpt lat="68.28512" lon="14.1015">
    <name>TP3526</name>
  </trkpt>
  <trkpt lat="68.28502" lon="14.10179">
    <name>TP3527</name>
  </trkpt>
  <trkpt lat="68.28494" lon="14.10211">
    <name>TP3528</name>
  </trkpt>
  <trkpt lat="68.28486" lon="14.1025">
    <name>TP3529</name>
  </trkpt>
  <trkpt lat="68.28476" lon="14.10301">
    <name>TP3530</name>
  </trkpt>
  <trkpt lat="68.28468" lon="14.10358">
    <name>TP3531</name>
  </trkpt>
  <trkpt lat="68.2846" lon="14.10426">
    <name>TP3532</name>
  </trkpt>
  <trkpt lat="68.28453" lon="14.10489">
    <name>TP3533</name>
  </trkpt>
  <trkpt lat="68.28439" lon="14.10599">
    <name>TP3534</name>
  </trkpt>
  <trkpt lat="68.28438" lon="14.10608">
    <name>TP3535</name>
  </trkpt>
  <trkpt lat="68.28437" lon="14.10615">
    <name>TP3536</name>
  </trkpt>
  <trkpt lat="68.28428" lon="14.10692">
    <name>TP3537</name>
  </trkpt>
  <trkpt lat="68.28428" lon="14.10694">
    <name>TP3538</name>
  </trkpt>
  <trkpt lat="68.28422" lon="14.10741">
    <name>TP3539</name>
  </trkpt>
  <trkpt lat="68.28417" lon="14.10787">
    <name>TP3540</name>
  </trkpt>
  <trkpt lat="68.28412" lon="14.1083">
    <name>TP3541</name>
  </trkpt>
  <trkpt lat="68.28405" lon="14.10877">
    <name>TP3542</name>
  </trkpt>
  <trkpt lat="68.28395" lon="14.10956">
    <name>TP3543</name>
  </trkpt>
  <trkpt lat="68.28394" lon="14.1097">
    <name>TP3544</name>
  </trkpt>
  <trkpt lat="68.28384" lon="14.11043">
    <name>TP3545</name>
  </trkpt>
  <trkpt lat="68.28376" lon="14.11106">
    <name>TP3546</name>
  </trkpt>
  <trkpt lat="68.2837" lon="14.1115">
    <name>TP3547</name>
  </trkpt>
  <trkpt lat="68.2837" lon="14.11152">
    <name>TP3548</name>
  </trkpt>
  <trkpt lat="68.28355" lon="14.11265">
    <name>TP3549</name>
  </trkpt>
  <trkpt lat="68.28341" lon="14.11369">
    <name>TP3550</name>
  </trkpt>
  <trkpt lat="68.2834" lon="14.11379">
    <name>TP3551</name>
  </trkpt>
  <trkpt lat="68.28329" lon="14.1147">
    <name>TP3552</name>
  </trkpt>
  <trkpt lat="68.28325" lon="14.11498">
    <name>TP3553</name>
  </trkpt>
  <trkpt lat="68.28322" lon="14.11523">
    <name>TP3554</name>
  </trkpt>
  <trkpt lat="68.28322" lon="14.11525">
    <name>TP3555</name>
  </trkpt>
  <trkpt lat="68.28319" lon="14.11551">
    <name>TP3556</name>
  </trkpt>
  <trkpt lat="68.28317" lon="14.11569">
    <name>TP3557</name>
  </trkpt>
  <trkpt lat="68.28304" lon="14.11673">
    <name>TP3558</name>
  </trkpt>
  <trkpt lat="68.2829" lon="14.11801">
    <name>TP3559</name>
  </trkpt>
  <trkpt lat="68.28286" lon="14.11829">
    <name>TP3560</name>
  </trkpt>
  <trkpt lat="68.28284" lon="14.11847">
    <name>TP3561</name>
  </trkpt>
  <trkpt lat="68.28278" lon="14.11893">
    <name>TP3562</name>
  </trkpt>
  <trkpt lat="68.28278" lon="14.11895">
    <name>TP3563</name>
  </trkpt>
  <trkpt lat="68.28277" lon="14.11902">
    <name>TP3564</name>
  </trkpt>
  <trkpt lat="68.28276" lon="14.11914">
    <name>TP3565</name>
  </trkpt>
  <trkpt lat="68.28272" lon="14.11945">
    <name>TP3566</name>
  </trkpt>
  <trkpt lat="68.28267" lon="14.11982">
    <name>TP3567</name>
  </trkpt>
  <trkpt lat="68.28266" lon="14.11984">
    <name>TP3568</name>
  </trkpt>
  <trkpt lat="68.28259" lon="14.12028">
    <name>TP3569</name>
  </trkpt>
  <trkpt lat="68.2825" lon="14.12064">
    <name>TP3570</name>
  </trkpt>
  <trkpt lat="68.28239" lon="14.12109">
    <name>TP3571</name>
  </trkpt>
  <trkpt lat="68.28237" lon="14.12116">
    <name>TP3572</name>
  </trkpt>
  <trkpt lat="68.28228" lon="14.12148">
    <name>TP3573</name>
  </trkpt>
  <trkpt lat="68.28219" lon="14.12181">
    <name>TP3574</name>
  </trkpt>
  <trkpt lat="68.28218" lon="14.12188">
    <name>TP3575</name>
  </trkpt>
  <trkpt lat="68.28217" lon="14.12189">
    <name>TP3576</name>
  </trkpt>
  <trkpt lat="68.28213" lon="14.12206">
    <name>TP3577</name>
  </trkpt>
  <trkpt lat="68.28191" lon="14.1229">
    <name>TP3578</name>
  </trkpt>
  <trkpt lat="68.28176" lon="14.12347">
    <name>TP3579</name>
  </trkpt>
  <trkpt lat="68.28166" lon="14.12386">
    <name>TP3580</name>
  </trkpt>
  <trkpt lat="68.28166" lon="14.12387">
    <name>TP3581</name>
  </trkpt>
  <trkpt lat="68.28166" lon="14.12388">
    <name>TP3582</name>
  </trkpt>
  <trkpt lat="68.28155" lon="14.12424">
    <name>TP3583</name>
  </trkpt>
  <trkpt lat="68.28145" lon="14.12457">
    <name>TP3584</name>
  </trkpt>
  <trkpt lat="68.28132" lon="14.12493">
    <name>TP3585</name>
  </trkpt>
  <trkpt lat="68.28118" lon="14.12522">
    <name>TP3586</name>
  </trkpt>
  <trkpt lat="68.28102" lon="14.12556">
    <name>TP3587</name>
  </trkpt>
  <trkpt lat="68.28102" lon="14.12558">
    <name>TP3588</name>
  </trkpt>
  <trkpt lat="68.28096" lon="14.12571">
    <name>TP3589</name>
  </trkpt>
  <trkpt lat="68.28088" lon="14.12587">
    <name>TP3590</name>
  </trkpt>
  <trkpt lat="68.28088" lon="14.12588">
    <name>TP3591</name>
  </trkpt>
  <trkpt lat="68.28074" lon="14.12617">
    <name>TP3592</name>
  </trkpt>
  <trkpt lat="68.28058" lon="14.12653">
    <name>TP3593</name>
  </trkpt>
  <trkpt lat="68.28046" lon="14.12678">
    <name>TP3594</name>
  </trkpt>
  <trkpt lat="68.28046" lon="14.12679">
    <name>TP3595</name>
  </trkpt>
  <trkpt lat="68.28032" lon="14.12708">
    <name>TP3596</name>
  </trkpt>
  <trkpt lat="68.28032" lon="14.12709">
    <name>TP3597</name>
  </trkpt>
  <trkpt lat="68.28025" lon="14.12722">
    <name>TP3598</name>
  </trkpt>
  <trkpt lat="68.28018" lon="14.12738">
    <name>TP3599</name>
  </trkpt>
  <trkpt lat="68.28013" lon="14.1275">
    <name>TP3600</name>
  </trkpt>
  <trkpt lat="68.27976" lon="14.12829">
    <name>TP3601</name>
  </trkpt>
  <trkpt lat="68.27958" lon="14.12868">
    <name>TP3602</name>
  </trkpt>
  <trkpt lat="68.27906" lon="14.1298">
    <name>TP3603</name>
  </trkpt>
  <trkpt lat="68.27896" lon="14.13002">
    <name>TP3604</name>
  </trkpt>
  <trkpt lat="68.27892" lon="14.13011">
    <name>TP3605</name>
  </trkpt>
  <trkpt lat="68.27861" lon="14.13078">
    <name>TP3606</name>
  </trkpt>
  <trkpt lat="68.2785" lon="14.13102">
    <name>TP3607</name>
  </trkpt>
  <trkpt lat="68.27836" lon="14.13132">
    <name>TP3608</name>
  </trkpt>
  <trkpt lat="68.27835" lon="14.13133">
    <name>TP3609</name>
  </trkpt>
  <trkpt lat="68.27833" lon="14.13137">
    <name>TP3610</name>
  </trkpt>
  <trkpt lat="68.27829" lon="14.13147">
    <name>TP3611</name>
  </trkpt>
  <trkpt lat="68.27825" lon="14.13155">
    <name>TP3612</name>
  </trkpt>
  <trkpt lat="68.27817" lon="14.13172">
    <name>TP3613</name>
  </trkpt>
  <trkpt lat="68.27794" lon="14.13224">
    <name>TP3614</name>
  </trkpt>
  <trkpt lat="68.27794" lon="14.13225">
    <name>TP3615</name>
  </trkpt>
  <trkpt lat="68.27785" lon="14.13245">
    <name>TP3616</name>
  </trkpt>
  <trkpt lat="68.2778" lon="14.13254">
    <name>TP3617</name>
  </trkpt>
  <trkpt lat="68.2778" lon="14.13256">
    <name>TP3618</name>
  </trkpt>
  <trkpt lat="68.27773" lon="14.1327">
    <name>TP3619</name>
  </trkpt>
  <trkpt lat="68.2775" lon="14.13319">
    <name>TP3620</name>
  </trkpt>
  <trkpt lat="68.27738" lon="14.13345">
    <name>TP3621</name>
  </trkpt>
  <trkpt lat="68.27703" lon="14.1342">
    <name>TP3622</name>
  </trkpt>
  <trkpt lat="68.27662" lon="14.13506">
    <name>TP3623</name>
  </trkpt>
  <trkpt lat="68.27653" lon="14.13525">
    <name>TP3624</name>
  </trkpt>
  <trkpt lat="68.27653" lon="14.13526">
    <name>TP3625</name>
  </trkpt>
  <trkpt lat="68.27646" lon="14.13541">
    <name>TP3626</name>
  </trkpt>
  <trkpt lat="68.27639" lon="14.13555">
    <name>TP3627</name>
  </trkpt>
  <trkpt lat="68.27639" lon="14.13556">
    <name>TP3628</name>
  </trkpt>
  <trkpt lat="68.27622" lon="14.13592">
    <name>TP3629</name>
  </trkpt>
  <trkpt lat="68.27591" lon="14.13661">
    <name>TP3630</name>
  </trkpt>
  <trkpt lat="68.27569" lon="14.13707">
    <name>TP3631</name>
  </trkpt>
  <trkpt lat="68.2756" lon="14.13726">
    <name>TP3632</name>
  </trkpt>
  <trkpt lat="68.27555" lon="14.13737">
    <name>TP3633</name>
  </trkpt>
  <trkpt lat="68.27534" lon="14.13783">
    <name>TP3634</name>
  </trkpt>
  <trkpt lat="68.27527" lon="14.13798">
    <name>TP3635</name>
  </trkpt>
  <trkpt lat="68.27527" lon="14.138">
    <name>TP3636</name>
  </trkpt>
  <trkpt lat="68.2752" lon="14.13815">
    <name>TP3637</name>
  </trkpt>
  <trkpt lat="68.27498" lon="14.13864">
    <name>TP3638</name>
  </trkpt>
  <trkpt lat="68.27486" lon="14.13892">
    <name>TP3639</name>
  </trkpt>
  <trkpt lat="68.27486" lon="14.13893">
    <name>TP3640</name>
  </trkpt>
  <trkpt lat="68.27482" lon="14.139">
    <name>TP3641</name>
  </trkpt>
  <trkpt lat="68.27473" lon="14.13924">
    <name>TP3642</name>
  </trkpt>
  <trkpt lat="68.27448" lon="14.13982">
    <name>TP3643</name>
  </trkpt>
  <trkpt lat="68.27422" lon="14.14042">
    <name>TP3644</name>
  </trkpt>
  <trkpt lat="68.27405" lon="14.14084">
    <name>TP3645</name>
  </trkpt>
  <trkpt lat="68.27398" lon="14.14102">
    <name>TP3646</name>
  </trkpt>
  <trkpt lat="68.27396" lon="14.14107">
    <name>TP3647</name>
  </trkpt>
  <trkpt lat="68.27392" lon="14.14116">
    <name>TP3648</name>
  </trkpt>
  <trkpt lat="68.27391" lon="14.14118">
    <name>TP3649</name>
  </trkpt>
  <trkpt lat="68.27366" lon="14.14179">
    <name>TP3650</name>
  </trkpt>
  <trkpt lat="68.27328" lon="14.14267">
    <name>TP3651</name>
  </trkpt>
  <trkpt lat="68.27301" lon="14.14331">
    <name>TP3652</name>
  </trkpt>
  <trkpt lat="68.273" lon="14.14333">
    <name>TP3653</name>
  </trkpt>
  <trkpt lat="68.27259" lon="14.14432">
    <name>TP3654</name>
  </trkpt>
  <trkpt lat="68.27257" lon="14.14436">
    <name>TP3655</name>
  </trkpt>
  <trkpt lat="68.27243" lon="14.14468">
    <name>TP3656</name>
  </trkpt>
  <trkpt lat="68.27229" lon="14.145">
    <name>TP3657</name>
  </trkpt>
  <trkpt lat="68.27229" lon="14.14501">
    <name>TP3658</name>
  </trkpt>
  <trkpt lat="68.27216" lon="14.14532">
    <name>TP3659</name>
  </trkpt>
  <trkpt lat="68.27215" lon="14.14533">
    <name>TP3660</name>
  </trkpt>
  <trkpt lat="68.27213" lon="14.14538">
    <name>TP3661</name>
  </trkpt>
  <trkpt lat="68.27163" lon="14.14656">
    <name>TP3662</name>
  </trkpt>
  <trkpt lat="68.27148" lon="14.14691">
    <name>TP3663</name>
  </trkpt>
  <trkpt lat="68.27133" lon="14.14726">
    <name>TP3664</name>
  </trkpt>
  <trkpt lat="68.27121" lon="14.14751">
    <name>TP3665</name>
  </trkpt>
  <trkpt lat="68.27109" lon="14.14773">
    <name>TP3666</name>
  </trkpt>
  <trkpt lat="68.27096" lon="14.14792">
    <name>TP3667</name>
  </trkpt>
  <trkpt lat="68.27089" lon="14.14801">
    <name>TP3668</name>
  </trkpt>
  <trkpt lat="68.2708" lon="14.14812">
    <name>TP3669</name>
  </trkpt>
  <trkpt lat="68.2708" lon="14.14813">
    <name>TP3670</name>
  </trkpt>
  <trkpt lat="68.27073" lon="14.1482">
    <name>TP3671</name>
  </trkpt>
  <trkpt lat="68.27072" lon="14.14821">
    <name>TP3672</name>
  </trkpt>
  <trkpt lat="68.27056" lon="14.14838">
    <name>TP3673</name>
  </trkpt>
  <trkpt lat="68.27055" lon="14.14839">
    <name>TP3674</name>
  </trkpt>
  <trkpt lat="68.27049" lon="14.14846">
    <name>TP3675</name>
  </trkpt>
  <trkpt lat="68.26984" lon="14.14928">
    <name>TP3676</name>
  </trkpt>
  <trkpt lat="68.26955" lon="14.14966">
    <name>TP3677</name>
  </trkpt>
  <trkpt lat="68.26949" lon="14.14974">
    <name>TP3678</name>
  </trkpt>
  <trkpt lat="68.26943" lon="14.1498">
    <name>TP3679</name>
  </trkpt>
  <trkpt lat="68.26915" lon="14.15019">
    <name>TP3680</name>
  </trkpt>
  <trkpt lat="68.26901" lon="14.15045">
    <name>TP3681</name>
  </trkpt>
  <trkpt lat="68.26886" lon="14.15074">
    <name>TP3682</name>
  </trkpt>
  <trkpt lat="68.26874" lon="14.15105">
    <name>TP3683</name>
  </trkpt>
  <trkpt lat="68.26862" lon="14.15139">
    <name>TP3684</name>
  </trkpt>
  <trkpt lat="68.26856" lon="14.15152">
    <name>TP3685</name>
  </trkpt>
  <trkpt lat="68.268564" lon="14.1515196">
    <name>TP3686</name>
  </trkpt>
  <trkpt lat="68.26854" lon="14.1515">
    <name>TP3687</name>
  </trkpt>
  <trkpt lat="68.26852" lon="14.15148">
    <name>TP3688</name>
  </trkpt>
  <trkpt lat="68.26851" lon="14.15142">
    <name>TP3689</name>
  </trkpt>
  <trkpt lat="68.26848" lon="14.15136">
    <name>TP3690</name>
  </trkpt>
  <trkpt lat="68.26846" lon="14.15132">
    <name>TP3691</name>
  </trkpt>
  <trkpt lat="68.26843" lon="14.15129">
    <name>TP3692</name>
  </trkpt>
  <trkpt lat="68.26842" lon="14.15128">
    <name>TP3693</name>
  </trkpt>
  <trkpt lat="68.2684" lon="14.15127">
    <name>TP3694</name>
  </trkpt>
  <trkpt lat="68.26836" lon="14.15129">
    <name>TP3695</name>
  </trkpt>
  <trkpt lat="68.26831" lon="14.15134">
    <name>TP3696</name>
  </trkpt>
  <trkpt lat="68.26825" lon="14.15143">
    <name>TP3697</name>
  </trkpt>
  <trkpt lat="68.26815" lon="14.15157">
    <name>TP3698</name>
  </trkpt>
  <trkpt lat="68.26809" lon="14.15167">
    <name>TP3699</name>
  </trkpt>
  <trkpt lat="68.26801" lon="14.15179">
    <name>TP3700</name>
  </trkpt>
  <trkpt lat="68.26794" lon="14.15192">
    <name>TP3701</name>
  </trkpt>
  <trkpt lat="68.26793" lon="14.15193">
    <name>TP3702</name>
  </trkpt>
  <trkpt lat="68.26785" lon="14.15207">
    <name>TP3703</name>
  </trkpt>
  <trkpt lat="68.26779" lon="14.15218">
    <name>TP3704</name>
  </trkpt>
  <trkpt lat="68.26765" lon="14.15243">
    <name>TP3705</name>
  </trkpt>
  <trkpt lat="68.26749" lon="14.15272">
    <name>TP3706</name>
  </trkpt>
  <trkpt lat="68.26736" lon="14.15296">
    <name>TP3707</name>
  </trkpt>
  <trkpt lat="68.26719" lon="14.15327">
    <name>TP3708</name>
  </trkpt>
  <trkpt lat="68.26704" lon="14.15354">
    <name>TP3709</name>
  </trkpt>
  <trkpt lat="68.26691" lon="14.15379">
    <name>TP3710</name>
  </trkpt>
  <trkpt lat="68.2669" lon="14.15382">
    <name>TP3711</name>
  </trkpt>
  <trkpt lat="68.26675" lon="14.15411">
    <name>TP3712</name>
  </trkpt>
  <trkpt lat="68.26672" lon="14.15416">
    <name>TP3713</name>
  </trkpt>
  <trkpt lat="68.26663" lon="14.15436">
    <name>TP3714</name>
  </trkpt>
  <trkpt lat="68.26661" lon="14.15442">
    <name>TP3715</name>
  </trkpt>
  <trkpt lat="68.26656" lon="14.1546">
    <name>TP3716</name>
  </trkpt>
  <trkpt lat="68.2665" lon="14.1548">
    <name>TP3717</name>
  </trkpt>
  <trkpt lat="68.26649" lon="14.15487">
    <name>TP3718</name>
  </trkpt>
  <trkpt lat="68.26641" lon="14.15521">
    <name>TP3719</name>
  </trkpt>
  <trkpt lat="68.26637" lon="14.15535">
    <name>TP3720</name>
  </trkpt>
  <trkpt lat="68.26631" lon="14.15562">
    <name>TP3721</name>
  </trkpt>
  <trkpt lat="68.26621" lon="14.15602">
    <name>TP3722</name>
  </trkpt>
  <trkpt lat="68.2662" lon="14.15604">
    <name>TP3723</name>
  </trkpt>
  <trkpt lat="68.26607" lon="14.15686">
    <name>TP3724</name>
  </trkpt>
  <trkpt lat="68.26597" lon="14.15708">
    <name>TP3725</name>
  </trkpt>
  <trkpt lat="68.26578" lon="14.15725">
    <name>TP3726</name>
  </trkpt>
  <trkpt lat="68.26561" lon="14.15741">
    <name>TP3727</name>
  </trkpt>
  <trkpt lat="68.26547" lon="14.15755">
    <name>TP3728</name>
  </trkpt>
  <trkpt lat="68.26542" lon="14.15759">
    <name>TP3729</name>
  </trkpt>
  <trkpt lat="68.26532" lon="14.15767">
    <name>TP3730</name>
  </trkpt>
  <trkpt lat="68.26525" lon="14.15775">
    <name>TP3731</name>
  </trkpt>
  <trkpt lat="68.26518" lon="14.15784">
    <name>TP3732</name>
  </trkpt>
  <trkpt lat="68.26501" lon="14.15809">
    <name>TP3733</name>
  </trkpt>
  <trkpt lat="68.26494" lon="14.15823">
    <name>TP3734</name>
  </trkpt>
  <trkpt lat="68.26488" lon="14.15832">
    <name>TP3735</name>
  </trkpt>
  <trkpt lat="68.26475" lon="14.15857">
    <name>TP3736</name>
  </trkpt>
  <trkpt lat="68.26467" lon="14.1587">
    <name>TP3737</name>
  </trkpt>
  <trkpt lat="68.26452" lon="14.15897">
    <name>TP3738</name>
  </trkpt>
  <trkpt lat="68.26433" lon="14.15933">
    <name>TP3739</name>
  </trkpt>
  <trkpt lat="68.26408" lon="14.1598">
    <name>TP3740</name>
  </trkpt>
  <trkpt lat="68.26405" lon="14.15986">
    <name>TP3741</name>
  </trkpt>
  <trkpt lat="68.26393" lon="14.16007">
    <name>TP3742</name>
  </trkpt>
  <trkpt lat="68.26382" lon="14.16027">
    <name>TP3743</name>
  </trkpt>
  <trkpt lat="68.26378" lon="14.16034">
    <name>TP3744</name>
  </trkpt>
  <trkpt lat="68.26363" lon="14.16059">
    <name>TP3745</name>
  </trkpt>
  <trkpt lat="68.26363" lon="14.1606">
    <name>TP3746</name>
  </trkpt>
  <trkpt lat="68.26347" lon="14.16084">
    <name>TP3747</name>
  </trkpt>
  <trkpt lat="68.26343" lon="14.16089">
    <name>TP3748</name>
  </trkpt>
  <trkpt lat="68.26331" lon="14.16107">
    <name>TP3749</name>
  </trkpt>
  <trkpt lat="68.26323" lon="14.1612">
    <name>TP3750</name>
  </trkpt>
  <trkpt lat="68.26315" lon="14.1613">
    <name>TP3751</name>
  </trkpt>
  <trkpt lat="68.26303" lon="14.16148">
    <name>TP3752</name>
  </trkpt>
  <trkpt lat="68.26283" lon="14.16173">
    <name>TP3753</name>
  </trkpt>
  <trkpt lat="68.26279" lon="14.16178">
    <name>TP3754</name>
  </trkpt>
  <trkpt lat="68.26267" lon="14.16195">
    <name>TP3755</name>
  </trkpt>
  <trkpt lat="68.26251" lon="14.16216">
    <name>TP3756</name>
  </trkpt>
  <trkpt lat="68.26235" lon="14.16237">
    <name>TP3757</name>
  </trkpt>
  <trkpt lat="68.26219" lon="14.16258">
    <name>TP3758</name>
  </trkpt>
  <trkpt lat="68.26217" lon="14.1626">
    <name>TP3759</name>
  </trkpt>
  <trkpt lat="68.26202" lon="14.1628">
    <name>TP3760</name>
  </trkpt>
  <trkpt lat="68.26188" lon="14.163">
    <name>TP3761</name>
  </trkpt>
  <trkpt lat="68.26186" lon="14.16301">
    <name>TP3762</name>
  </trkpt>
  <trkpt lat="68.26166" lon="14.16328">
    <name>TP3763</name>
  </trkpt>
  <trkpt lat="68.26154" lon="14.16344">
    <name>TP3764</name>
  </trkpt>
  <trkpt lat="68.26151" lon="14.16348">
    <name>TP3765</name>
  </trkpt>
  <trkpt lat="68.26137" lon="14.16361">
    <name>TP3766</name>
  </trkpt>
  <trkpt lat="68.26124" lon="14.1637">
    <name>TP3767</name>
  </trkpt>
  <trkpt lat="68.26111" lon="14.16375">
    <name>TP3768</name>
  </trkpt>
  <trkpt lat="68.26085" lon="14.16381">
    <name>TP3769</name>
  </trkpt>
  <trkpt lat="68.26066" lon="14.16387">
    <name>TP3770</name>
  </trkpt>
  <trkpt lat="68.2605" lon="14.16392">
    <name>TP3771</name>
  </trkpt>
  <trkpt lat="68.26027" lon="14.164">
    <name>TP3772</name>
  </trkpt>
  <trkpt lat="68.26012" lon="14.16403">
    <name>TP3773</name>
  </trkpt>
  <trkpt lat="68.25994" lon="14.16407">
    <name>TP3774</name>
  </trkpt>
  <trkpt lat="68.25965" lon="14.16411">
    <name>TP3775</name>
  </trkpt>
  <trkpt lat="68.25944" lon="14.16412">
    <name>TP3776</name>
  </trkpt>
  <trkpt lat="68.25941" lon="14.16412">
    <name>TP3777</name>
  </trkpt>
  <trkpt lat="68.25923" lon="14.16412">
    <name>TP3778</name>
  </trkpt>
  <trkpt lat="68.25918" lon="14.16412">
    <name>TP3779</name>
  </trkpt>
  <trkpt lat="68.25905" lon="14.16411">
    <name>TP3780</name>
  </trkpt>
  <trkpt lat="68.25901" lon="14.1641">
    <name>TP3781</name>
  </trkpt>
  <trkpt lat="68.25882" lon="14.16407">
    <name>TP3782</name>
  </trkpt>
  <trkpt lat="68.25865" lon="14.16402">
    <name>TP3783</name>
  </trkpt>
  <trkpt lat="68.25845" lon="14.16393">
    <name>TP3784</name>
  </trkpt>
  <trkpt lat="68.25832" lon="14.16384">
    <name>TP3785</name>
  </trkpt>
  <trkpt lat="68.25809" lon="14.16365">
    <name>TP3786</name>
  </trkpt>
  <trkpt lat="68.25774" lon="14.16336">
    <name>TP3787</name>
  </trkpt>
  <trkpt lat="68.25736" lon="14.16306">
    <name>TP3788</name>
  </trkpt>
  <trkpt lat="68.25712" lon="14.16285">
    <name>TP3789</name>
  </trkpt>
  <trkpt lat="68.25707" lon="14.16281">
    <name>TP3790</name>
  </trkpt>
  <trkpt lat="68.25695" lon="14.16271">
    <name>TP3791</name>
  </trkpt>
  <trkpt lat="68.25685" lon="14.16262">
    <name>TP3792</name>
  </trkpt>
  <trkpt lat="68.25678" lon="14.16255">
    <name>TP3793</name>
  </trkpt>
  <trkpt lat="68.25661" lon="14.16239">
    <name>TP3794</name>
  </trkpt>
  <trkpt lat="68.2566" lon="14.16238">
    <name>TP3795</name>
  </trkpt>
  <trkpt lat="68.25642" lon="14.16215">
    <name>TP3796</name>
  </trkpt>
  <trkpt lat="68.25621" lon="14.16186">
    <name>TP3797</name>
  </trkpt>
  <trkpt lat="68.25596" lon="14.16151">
    <name>TP3798</name>
  </trkpt>
  <trkpt lat="68.25587" lon="14.16138">
    <name>TP3799</name>
  </trkpt>
  <trkpt lat="68.2558" lon="14.16129">
    <name>TP3800</name>
  </trkpt>
  <trkpt lat="68.25548" lon="14.16086">
    <name>TP3801</name>
  </trkpt>
  <trkpt lat="68.25544" lon="14.1608">
    <name>TP3802</name>
  </trkpt>
  <trkpt lat="68.25532" lon="14.16065">
    <name>TP3803</name>
  </trkpt>
  <trkpt lat="68.25527" lon="14.16058">
    <name>TP3804</name>
  </trkpt>
  <trkpt lat="68.25516" lon="14.16044">
    <name>TP3805</name>
  </trkpt>
  <trkpt lat="68.25506" lon="14.16034">
    <name>TP3806</name>
  </trkpt>
  <trkpt lat="68.25499" lon="14.16027">
    <name>TP3807</name>
  </trkpt>
  <trkpt lat="68.25498" lon="14.16026">
    <name>TP3808</name>
  </trkpt>
  <trkpt lat="68.25488" lon="14.16018">
    <name>TP3809</name>
  </trkpt>
  <trkpt lat="68.25478" lon="14.16011">
    <name>TP3810</name>
  </trkpt>
  <trkpt lat="68.2547" lon="14.16002">
    <name>TP3811</name>
  </trkpt>
  <trkpt lat="68.2546" lon="14.15992">
    <name>TP3812</name>
  </trkpt>
  <trkpt lat="68.25451" lon="14.15978">
    <name>TP3813</name>
  </trkpt>
  <trkpt lat="68.25449" lon="14.15976">
    <name>TP3814</name>
  </trkpt>
  <trkpt lat="68.25439" lon="14.15962">
    <name>TP3815</name>
  </trkpt>
  <trkpt lat="68.25433" lon="14.1595">
    <name>TP3816</name>
  </trkpt>
  <trkpt lat="68.25429" lon="14.15942">
    <name>TP3817</name>
  </trkpt>
  <trkpt lat="68.25419" lon="14.1592">
    <name>TP3818</name>
  </trkpt>
  <trkpt lat="68.25409" lon="14.15896">
    <name>TP3819</name>
  </trkpt>
  <trkpt lat="68.25406" lon="14.15888">
    <name>TP3820</name>
  </trkpt>
  <trkpt lat="68.25402" lon="14.15877">
    <name>TP3821</name>
  </trkpt>
  <trkpt lat="68.25395" lon="14.15855">
    <name>TP3822</name>
  </trkpt>
  <trkpt lat="68.25388" lon="14.15834">
    <name>TP3823</name>
  </trkpt>
  <trkpt lat="68.25383" lon="14.15811">
    <name>TP3824</name>
  </trkpt>
  <trkpt lat="68.2538" lon="14.15792">
    <name>TP3825</name>
  </trkpt>
  <trkpt lat="68.25378" lon="14.15775">
    <name>TP3826</name>
  </trkpt>
  <trkpt lat="68.25376" lon="14.15759">
    <name>TP3827</name>
  </trkpt>
  <trkpt lat="68.25374" lon="14.15749">
    <name>TP3828</name>
  </trkpt>
  <trkpt lat="68.2537" lon="14.15721">
    <name>TP3829</name>
  </trkpt>
  <trkpt lat="68.25369" lon="14.15714">
    <name>TP3830</name>
  </trkpt>
  <trkpt lat="68.25365" lon="14.15687">
    <name>TP3831</name>
  </trkpt>
  <trkpt lat="68.25361" lon="14.15671">
    <name>TP3832</name>
  </trkpt>
  <trkpt lat="68.25358" lon="14.15659">
    <name>TP3833</name>
  </trkpt>
  <trkpt lat="68.2535" lon="14.15632">
    <name>TP3834</name>
  </trkpt>
  <trkpt lat="68.2535" lon="14.15631">
    <name>TP3835</name>
  </trkpt>
  <trkpt lat="68.25341" lon="14.15609">
    <name>TP3836</name>
  </trkpt>
  <trkpt lat="68.25337" lon="14.156">
    <name>TP3837</name>
  </trkpt>
  <trkpt lat="68.25331" lon="14.15589">
    <name>TP3838</name>
  </trkpt>
  <trkpt lat="68.25322" lon="14.15571">
    <name>TP3839</name>
  </trkpt>
  <trkpt lat="68.25321" lon="14.15569">
    <name>TP3840</name>
  </trkpt>
  <trkpt lat="68.25311" lon="14.15554">
    <name>TP3841</name>
  </trkpt>
  <trkpt lat="68.25306" lon="14.1555">
    <name>TP3842</name>
  </trkpt>
  <trkpt lat="68.25301" lon="14.15544">
    <name>TP3843</name>
  </trkpt>
  <trkpt lat="68.25292" lon="14.15537">
    <name>TP3844</name>
  </trkpt>
  <trkpt lat="68.25281" lon="14.15532">
    <name>TP3845</name>
  </trkpt>
  <trkpt lat="68.25269" lon="14.15533">
    <name>TP3846</name>
  </trkpt>
  <trkpt lat="68.25258" lon="14.15533">
    <name>TP3847</name>
  </trkpt>
  <trkpt lat="68.25253" lon="14.15534">
    <name>TP3848</name>
  </trkpt>
  <trkpt lat="68.25246" lon="14.15535">
    <name>TP3849</name>
  </trkpt>
  <trkpt lat="68.25235" lon="14.15536">
    <name>TP3850</name>
  </trkpt>
  <trkpt lat="68.25234" lon="14.15536">
    <name>TP3851</name>
  </trkpt>
  <trkpt lat="68.25222" lon="14.15533">
    <name>TP3852</name>
  </trkpt>
  <trkpt lat="68.25211" lon="14.15529">
    <name>TP3853</name>
  </trkpt>
  <trkpt lat="68.252" lon="14.15522">
    <name>TP3854</name>
  </trkpt>
  <trkpt lat="68.252" lon="14.15521">
    <name>TP3855</name>
  </trkpt>
  <trkpt lat="68.25191" lon="14.15512">
    <name>TP3856</name>
  </trkpt>
  <trkpt lat="68.25183" lon="14.15503">
    <name>TP3857</name>
  </trkpt>
  <trkpt lat="68.25181" lon="14.15501">
    <name>TP3858</name>
  </trkpt>
  <trkpt lat="68.2517" lon="14.15483">
    <name>TP3859</name>
  </trkpt>
  <trkpt lat="68.25168" lon="14.15478">
    <name>TP3860</name>
  </trkpt>
  <trkpt lat="68.25158" lon="14.15462">
    <name>TP3861</name>
  </trkpt>
  <trkpt lat="68.25152" lon="14.15453">
    <name>TP3862</name>
  </trkpt>
  <trkpt lat="68.25146" lon="14.15441">
    <name>TP3863</name>
  </trkpt>
  <trkpt lat="68.25134" lon="14.15421">
    <name>TP3864</name>
  </trkpt>
  <trkpt lat="68.25122" lon="14.15399">
    <name>TP3865</name>
  </trkpt>
  <trkpt lat="68.25111" lon="14.15381">
    <name>TP3866</name>
  </trkpt>
  <trkpt lat="68.25101" lon="14.15365">
    <name>TP3867</name>
  </trkpt>
  <trkpt lat="68.25092" lon="14.15351">
    <name>TP3868</name>
  </trkpt>
  <trkpt lat="68.25081" lon="14.15338">
    <name>TP3869</name>
  </trkpt>
  <trkpt lat="68.2505" lon="14.15301">
    <name>TP3870</name>
  </trkpt>
  <trkpt lat="68.25042" lon="14.15291">
    <name>TP3871</name>
  </trkpt>
  <trkpt lat="68.25027" lon="14.15272">
    <name>TP3872</name>
  </trkpt>
  <trkpt lat="68.25026" lon="14.1527">
    <name>TP3873</name>
  </trkpt>
  <trkpt lat="68.25009" lon="14.15251">
    <name>TP3874</name>
  </trkpt>
  <trkpt lat="68.25" lon="14.1524">
    <name>TP3875</name>
  </trkpt>
  <trkpt lat="68.24993" lon="14.15231">
    <name>TP3876</name>
  </trkpt>
  <trkpt lat="68.24976" lon="14.1521">
    <name>TP3877</name>
  </trkpt>
  <trkpt lat="68.24953" lon="14.15182">
    <name>TP3878</name>
  </trkpt>
  <trkpt lat="68.24944" lon="14.1517">
    <name>TP3879</name>
  </trkpt>
  <trkpt lat="68.24935" lon="14.15159">
    <name>TP3880</name>
  </trkpt>
  <trkpt lat="68.24928" lon="14.1515">
    <name>TP3881</name>
  </trkpt>
  <trkpt lat="68.24921" lon="14.15141">
    <name>TP3882</name>
  </trkpt>
  <trkpt lat="68.24912" lon="14.15125">
    <name>TP3883</name>
  </trkpt>
  <trkpt lat="68.2491" lon="14.15122">
    <name>TP3884</name>
  </trkpt>
  <trkpt lat="68.249" lon="14.15098">
    <name>TP3885</name>
  </trkpt>
  <trkpt lat="68.24898" lon="14.15094">
    <name>TP3886</name>
  </trkpt>
  <trkpt lat="68.24891" lon="14.1507">
    <name>TP3887</name>
  </trkpt>
  <trkpt lat="68.24883" lon="14.15036">
    <name>TP3888</name>
  </trkpt>
  <trkpt lat="68.24875" lon="14.14998">
    <name>TP3889</name>
  </trkpt>
  <trkpt lat="68.24866" lon="14.14959">
    <name>TP3890</name>
  </trkpt>
  <trkpt lat="68.24859" lon="14.14931">
    <name>TP3891</name>
  </trkpt>
  <trkpt lat="68.24857" lon="14.14923">
    <name>TP3892</name>
  </trkpt>
  <trkpt lat="68.24848" lon="14.14886">
    <name>TP3893</name>
  </trkpt>
  <trkpt lat="68.2484" lon="14.14854">
    <name>TP3894</name>
  </trkpt>
  <trkpt lat="68.2483" lon="14.14824">
    <name>TP3895</name>
  </trkpt>
  <trkpt lat="68.24822" lon="14.14799">
    <name>TP3896</name>
  </trkpt>
  <trkpt lat="68.24814" lon="14.14781">
    <name>TP3897</name>
  </trkpt>
  <trkpt lat="68.24805" lon="14.14762">
    <name>TP3898</name>
  </trkpt>
  <trkpt lat="68.24796" lon="14.14747">
    <name>TP3899</name>
  </trkpt>
  <trkpt lat="68.24784" lon="14.14727">
    <name>TP3900</name>
  </trkpt>
  <trkpt lat="68.24775" lon="14.14709">
    <name>TP3901</name>
  </trkpt>
  <trkpt lat="68.24767" lon="14.14691">
    <name>TP3902</name>
  </trkpt>
  <trkpt lat="68.24757" lon="14.14666">
    <name>TP3903</name>
  </trkpt>
  <trkpt lat="68.24757" lon="14.14664">
    <name>TP3904</name>
  </trkpt>
  <trkpt lat="68.24748" lon="14.14636">
    <name>TP3905</name>
  </trkpt>
  <trkpt lat="68.24746" lon="14.14627">
    <name>TP3906</name>
  </trkpt>
  <trkpt lat="68.24739" lon="14.146">
    <name>TP3907</name>
  </trkpt>
  <trkpt lat="68.24731" lon="14.1456">
    <name>TP3908</name>
  </trkpt>
  <trkpt lat="68.24723" lon="14.14511">
    <name>TP3909</name>
  </trkpt>
  <trkpt lat="68.24715" lon="14.14462">
    <name>TP3910</name>
  </trkpt>
  <trkpt lat="68.24709" lon="14.1442">
    <name>TP3911</name>
  </trkpt>
  <trkpt lat="68.24702" lon="14.14381">
    <name>TP3912</name>
  </trkpt>
  <trkpt lat="68.247" lon="14.14364">
    <name>TP3913</name>
  </trkpt>
  <trkpt lat="68.24697" lon="14.14344">
    <name>TP3914</name>
  </trkpt>
  <trkpt lat="68.24694" lon="14.14318">
    <name>TP3915</name>
  </trkpt>
  <trkpt lat="68.24693" lon="14.1431">
    <name>TP3916</name>
  </trkpt>
  <trkpt lat="68.24691" lon="14.14273">
    <name>TP3917</name>
  </trkpt>
  <trkpt lat="68.24691" lon="14.1427">
    <name>TP3918</name>
  </trkpt>
  <trkpt lat="68.24691" lon="14.14234">
    <name>TP3919</name>
  </trkpt>
  <trkpt lat="68.24695" lon="14.14194">
    <name>TP3920</name>
  </trkpt>
  <trkpt lat="68.247" lon="14.14143">
    <name>TP3921</name>
  </trkpt>
  <trkpt lat="68.24706" lon="14.14095">
    <name>TP3922</name>
  </trkpt>
  <trkpt lat="68.24709" lon="14.14051">
    <name>TP3923</name>
  </trkpt>
  <trkpt lat="68.24712" lon="14.1401">
    <name>TP3924</name>
  </trkpt>
  <trkpt lat="68.24713" lon="14.13971">
    <name>TP3925</name>
  </trkpt>
  <trkpt lat="68.24714" lon="14.13938">
    <name>TP3926</name>
  </trkpt>
  <trkpt lat="68.24714" lon="14.13933">
    <name>TP3927</name>
  </trkpt>
  <trkpt lat="68.24714" lon="14.13898">
    <name>TP3928</name>
  </trkpt>
  <trkpt lat="68.24714" lon="14.13889">
    <name>TP3929</name>
  </trkpt>
  <trkpt lat="68.24714" lon="14.13863">
    <name>TP3930</name>
  </trkpt>
  <trkpt lat="68.24713" lon="14.13841">
    <name>TP3931</name>
  </trkpt>
  <trkpt lat="68.24713" lon="14.13831">
    <name>TP3932</name>
  </trkpt>
  <trkpt lat="68.24711" lon="14.13793">
    <name>TP3933</name>
  </trkpt>
  <trkpt lat="68.2471" lon="14.13787">
    <name>TP3934</name>
  </trkpt>
  <trkpt lat="68.24708" lon="14.13745">
    <name>TP3935</name>
  </trkpt>
  <trkpt lat="68.24707" lon="14.13731">
    <name>TP3936</name>
  </trkpt>
  <trkpt lat="68.24705" lon="14.13697">
    <name>TP3937</name>
  </trkpt>
  <trkpt lat="68.24704" lon="14.13671">
    <name>TP3938</name>
  </trkpt>
  <trkpt lat="68.24702" lon="14.13649">
    <name>TP3939</name>
  </trkpt>
  <trkpt lat="68.247" lon="14.13619">
    <name>TP3940</name>
  </trkpt>
  <trkpt lat="68.24699" lon="14.13601">
    <name>TP3941</name>
  </trkpt>
  <trkpt lat="68.24698" lon="14.13569">
    <name>TP3942</name>
  </trkpt>
  <trkpt lat="68.24696" lon="14.13553">
    <name>TP3943</name>
  </trkpt>
  <trkpt lat="68.24695" lon="14.13534">
    <name>TP3944</name>
  </trkpt>
  <trkpt lat="68.24692" lon="14.13506">
    <name>TP3945</name>
  </trkpt>
  <trkpt lat="68.24691" lon="14.13502">
    <name>TP3946</name>
  </trkpt>
  <trkpt lat="68.24686" lon="14.13469">
    <name>TP3947</name>
  </trkpt>
  <trkpt lat="68.24684" lon="14.13462">
    <name>TP3948</name>
  </trkpt>
  <trkpt lat="68.24679" lon="14.13438">
    <name>TP3949</name>
  </trkpt>
  <trkpt lat="68.24674" lon="14.13421">
    <name>TP3950</name>
  </trkpt>
  <trkpt lat="68.2467" lon="14.13406">
    <name>TP3951</name>
  </trkpt>
  <trkpt lat="68.24659" lon="14.13366">
    <name>TP3952</name>
  </trkpt>
  <trkpt lat="68.24652" lon="14.13346">
    <name>TP3953</name>
  </trkpt>
  <trkpt lat="68.24645" lon="14.13324">
    <name>TP3954</name>
  </trkpt>
  <trkpt lat="68.2464" lon="14.1331">
    <name>TP3955</name>
  </trkpt>
  <trkpt lat="68.24627" lon="14.13272">
    <name>TP3956</name>
  </trkpt>
  <trkpt lat="68.24609" lon="14.13219">
    <name>TP3957</name>
  </trkpt>
  <trkpt lat="68.24603" lon="14.13203">
    <name>TP3958</name>
  </trkpt>
  <trkpt lat="68.24591" lon="14.13168">
    <name>TP3959</name>
  </trkpt>
  <trkpt lat="68.24584" lon="14.1315">
    <name>TP3960</name>
  </trkpt>
  <trkpt lat="68.24566" lon="14.13098">
    <name>TP3961</name>
  </trkpt>
  <trkpt lat="68.2456" lon="14.13082">
    <name>TP3962</name>
  </trkpt>
  <trkpt lat="68.24553" lon="14.13063">
    <name>TP3963</name>
  </trkpt>
  <trkpt lat="68.24537" lon="14.13016">
    <name>TP3964</name>
  </trkpt>
  <trkpt lat="68.24518" lon="14.12959">
    <name>TP3965</name>
  </trkpt>
  <trkpt lat="68.24517" lon="14.12956">
    <name>TP3966</name>
  </trkpt>
  <trkpt lat="68.24495" lon="14.12893">
    <name>TP3967</name>
  </trkpt>
  <trkpt lat="68.24482" lon="14.12857">
    <name>TP3968</name>
  </trkpt>
  <trkpt lat="68.24467" lon="14.12813">
    <name>TP3969</name>
  </trkpt>
  <trkpt lat="68.24455" lon="14.12779">
    <name>TP3970</name>
  </trkpt>
  <trkpt lat="68.24452" lon="14.12768">
    <name>TP3971</name>
  </trkpt>
  <trkpt lat="68.24443" lon="14.12743">
    <name>TP3972</name>
  </trkpt>
  <trkpt lat="68.24437" lon="14.12726">
    <name>TP3973</name>
  </trkpt>
  <trkpt lat="68.24431" lon="14.12708">
    <name>TP3974</name>
  </trkpt>
  <trkpt lat="68.24422" lon="14.12685">
    <name>TP3975</name>
  </trkpt>
  <trkpt lat="68.24409" lon="14.12647">
    <name>TP3976</name>
  </trkpt>
  <trkpt lat="68.24394" lon="14.12606">
    <name>TP3977</name>
  </trkpt>
  <trkpt lat="68.24393" lon="14.12603">
    <name>TP3978</name>
  </trkpt>
  <trkpt lat="68.24385" lon="14.12575">
    <name>TP3979</name>
  </trkpt>
  <trkpt lat="68.24375" lon="14.12539">
    <name>TP3980</name>
  </trkpt>
  <trkpt lat="68.24364" lon="14.12499">
    <name>TP3981</name>
  </trkpt>
  <trkpt lat="68.24353" lon="14.12457">
    <name>TP3982</name>
  </trkpt>
  <trkpt lat="68.24342" lon="14.12411">
    <name>TP3983</name>
  </trkpt>
  <trkpt lat="68.24332" lon="14.12371">
    <name>TP3984</name>
  </trkpt>
  <trkpt lat="68.24322" lon="14.12333">
    <name>TP3985</name>
  </trkpt>
  <trkpt lat="68.24313" lon="14.12296">
    <name>TP3986</name>
  </trkpt>
  <trkpt lat="68.24304" lon="14.12268">
    <name>TP3987</name>
  </trkpt>
  <trkpt lat="68.24298" lon="14.1225">
    <name>TP3988</name>
  </trkpt>
  <trkpt lat="68.24295" lon="14.12241">
    <name>TP3989</name>
  </trkpt>
  <trkpt lat="68.24284" lon="14.12213">
    <name>TP3990</name>
  </trkpt>
  <trkpt lat="68.24271" lon="14.12183">
    <name>TP3991</name>
  </trkpt>
  <trkpt lat="68.2426" lon="14.12159">
    <name>TP3992</name>
  </trkpt>
  <trkpt lat="68.24252" lon="14.1214">
    <name>TP3993</name>
  </trkpt>
  <trkpt lat="68.2425" lon="14.12137">
    <name>TP3994</name>
  </trkpt>
  <trkpt lat="68.24226" lon="14.12083">
    <name>TP3995</name>
  </trkpt>
  <trkpt lat="68.24222" lon="14.12075">
    <name>TP3996</name>
  </trkpt>
  <trkpt lat="68.24208" lon="14.12044">
    <name>TP3997</name>
  </trkpt>
  <trkpt lat="68.24202" lon="14.12029">
    <name>TP3998</name>
  </trkpt>
  <trkpt lat="68.24193" lon="14.12008">
    <name>TP3999</name>
  </trkpt>
  <trkpt lat="68.24182" lon="14.11982">
    <name>TP4000</name>
  </trkpt>
  <trkpt lat="68.24181" lon="14.11981">
    <name>TP4001</name>
  </trkpt>
  <trkpt lat="68.24167" lon="14.11952">
    <name>TP4002</name>
  </trkpt>
  <trkpt lat="68.24154" lon="14.11927">
    <name>TP4003</name>
  </trkpt>
  <trkpt lat="68.24141" lon="14.11905">
    <name>TP4004</name>
  </trkpt>
  <trkpt lat="68.24131" lon="14.11893">
    <name>TP4005</name>
  </trkpt>
  <trkpt lat="68.24118" lon="14.11878">
    <name>TP4006</name>
  </trkpt>
  <trkpt lat="68.24104" lon="14.11864">
    <name>TP4007</name>
  </trkpt>
  <trkpt lat="68.24086" lon="14.1185">
    <name>TP4008</name>
  </trkpt>
  <trkpt lat="68.24082" lon="14.11846">
    <name>TP4009</name>
  </trkpt>
  <trkpt lat="68.24069" lon="14.11836">
    <name>TP4010</name>
  </trkpt>
  <trkpt lat="68.24038" lon="14.11811">
    <name>TP4011</name>
  </trkpt>
  <trkpt lat="68.24007" lon="14.11783">
    <name>TP4012</name>
  </trkpt>
  <trkpt lat="68.23986" lon="14.11766">
    <name>TP4013</name>
  </trkpt>
  <trkpt lat="68.23975" lon="14.11757">
    <name>TP4014</name>
  </trkpt>
  <trkpt lat="68.23938" lon="14.11726">
    <name>TP4015</name>
  </trkpt>
  <trkpt lat="68.23935" lon="14.11723">
    <name>TP4016</name>
  </trkpt>
  <trkpt lat="68.23917" lon="14.11709">
    <name>TP4017</name>
  </trkpt>
  <trkpt lat="68.23904" lon="14.11698">
    <name>TP4018</name>
  </trkpt>
  <trkpt lat="68.239" lon="14.11695">
    <name>TP4019</name>
  </trkpt>
  <trkpt lat="68.23883" lon="14.11682">
    <name>TP4020</name>
  </trkpt>
  <trkpt lat="68.23868" lon="14.11671">
    <name>TP4021</name>
  </trkpt>
  <trkpt lat="68.23834" lon="14.11643">
    <name>TP4022</name>
  </trkpt>
  <trkpt lat="68.23824" lon="14.11634">
    <name>TP4023</name>
  </trkpt>
  <trkpt lat="68.23799" lon="14.11615">
    <name>TP4024</name>
  </trkpt>
  <trkpt lat="68.2379" lon="14.11607">
    <name>TP4025</name>
  </trkpt>
  <trkpt lat="68.23759" lon="14.1158">
    <name>TP4026</name>
  </trkpt>
  <trkpt lat="68.23729" lon="14.11555">
    <name>TP4027</name>
  </trkpt>
  <trkpt lat="68.23712" lon="14.1154">
    <name>TP4028</name>
  </trkpt>
  <trkpt lat="68.23711" lon="14.1154">
    <name>TP4029</name>
  </trkpt>
  <trkpt lat="68.237" lon="14.11531">
    <name>TP4030</name>
  </trkpt>
  <trkpt lat="68.23689" lon="14.11525">
    <name>TP4031</name>
  </trkpt>
  <trkpt lat="68.23678" lon="14.11519">
    <name>TP4032</name>
  </trkpt>
  <trkpt lat="68.23665" lon="14.11515">
    <name>TP4033</name>
  </trkpt>
  <trkpt lat="68.23659" lon="14.11513">
    <name>TP4034</name>
  </trkpt>
  <trkpt lat="68.23649" lon="14.1151">
    <name>TP4035</name>
  </trkpt>
  <trkpt lat="68.23621" lon="14.11503">
    <name>TP4036</name>
  </trkpt>
  <trkpt lat="68.23594" lon="14.11495">
    <name>TP4037</name>
  </trkpt>
  <trkpt lat="68.23571" lon="14.11489">
    <name>TP4038</name>
  </trkpt>
  <trkpt lat="68.23563" lon="14.11487">
    <name>TP4039</name>
  </trkpt>
  <trkpt lat="68.23556" lon="14.11484">
    <name>TP4040</name>
  </trkpt>
  <trkpt lat="68.23541" lon="14.11478">
    <name>TP4041</name>
  </trkpt>
  <trkpt lat="68.23528" lon="14.11471">
    <name>TP4042</name>
  </trkpt>
  <trkpt lat="68.23516" lon="14.11463">
    <name>TP4043</name>
  </trkpt>
  <trkpt lat="68.23505" lon="14.11451">
    <name>TP4044</name>
  </trkpt>
  <trkpt lat="68.23494" lon="14.11438">
    <name>TP4045</name>
  </trkpt>
  <trkpt lat="68.23486" lon="14.11427">
    <name>TP4046</name>
  </trkpt>
  <trkpt lat="68.23476" lon="14.11412">
    <name>TP4047</name>
  </trkpt>
  <trkpt lat="68.23458" lon="14.1138">
    <name>TP4048</name>
  </trkpt>
  <trkpt lat="68.23441" lon="14.11351">
    <name>TP4049</name>
  </trkpt>
  <trkpt lat="68.23428" lon="14.11324">
    <name>TP4050</name>
  </trkpt>
  <trkpt lat="68.23427" lon="14.11322">
    <name>TP4051</name>
  </trkpt>
  <trkpt lat="68.23413" lon="14.11291">
    <name>TP4052</name>
  </trkpt>
  <trkpt lat="68.23413" lon="14.1129">
    <name>TP4053</name>
  </trkpt>
  <trkpt lat="68.234" lon="14.11258">
    <name>TP4054</name>
  </trkpt>
  <trkpt lat="68.23389" lon="14.11228">
    <name>TP4055</name>
  </trkpt>
  <trkpt lat="68.23387" lon="14.11224">
    <name>TP4056</name>
  </trkpt>
  <trkpt lat="68.23379" lon="14.11193">
    <name>TP4057</name>
  </trkpt>
  <trkpt lat="68.23369" lon="14.11157">
    <name>TP4058</name>
  </trkpt>
  <trkpt lat="68.23366" lon="14.11145">
    <name>TP4059</name>
  </trkpt>
  <trkpt lat="68.23365" lon="14.11137">
    <name>TP4060</name>
  </trkpt>
  <trkpt lat="68.2336" lon="14.11109">
    <name>TP4061</name>
  </trkpt>
  <trkpt lat="68.23354" lon="14.1106">
    <name>TP4062</name>
  </trkpt>
  <trkpt lat="68.2335" lon="14.11031">
    <name>TP4063</name>
  </trkpt>
  <trkpt lat="68.23349" lon="14.11017">
    <name>TP4064</name>
  </trkpt>
  <trkpt lat="68.23347" lon="14.11005">
    <name>TP4065</name>
  </trkpt>
  <trkpt lat="68.23344" lon="14.10977">
    <name>TP4066</name>
  </trkpt>
  <trkpt lat="68.23343" lon="14.10968">
    <name>TP4067</name>
  </trkpt>
  <trkpt lat="68.23337" lon="14.10922">
    <name>TP4068</name>
  </trkpt>
  <trkpt lat="68.23334" lon="14.10891">
    <name>TP4069</name>
  </trkpt>
  <trkpt lat="68.2332" lon="14.10766">
    <name>TP4070</name>
  </trkpt>
  <trkpt lat="68.23306" lon="14.10652">
    <name>TP4071</name>
  </trkpt>
  <trkpt lat="68.23305" lon="14.10644">
    <name>TP4072</name>
  </trkpt>
  <trkpt lat="68.233" lon="14.10598">
    <name>TP4073</name>
  </trkpt>
  <trkpt lat="68.23293" lon="14.10534">
    <name>TP4074</name>
  </trkpt>
  <trkpt lat="68.23289" lon="14.10505">
    <name>TP4075</name>
  </trkpt>
  <trkpt lat="68.23284" lon="14.10459">
    <name>TP4076</name>
  </trkpt>
  <trkpt lat="68.23278" lon="14.10409">
    <name>TP4077</name>
  </trkpt>
  <trkpt lat="68.23265" lon="14.10296">
    <name>TP4078</name>
  </trkpt>
  <trkpt lat="68.23259" lon="14.10238">
    <name>TP4079</name>
  </trkpt>
  <trkpt lat="68.2325" lon="14.10157">
    <name>TP4080</name>
  </trkpt>
  <trkpt lat="68.23237" lon="14.10043">
    <name>TP4081</name>
  </trkpt>
  <trkpt lat="68.23225" lon="14.0994">
    <name>TP4082</name>
  </trkpt>
  <trkpt lat="68.23221" lon="14.09904">
    <name>TP4083</name>
  </trkpt>
  <trkpt lat="68.23211" lon="14.09819">
    <name>TP4084</name>
  </trkpt>
  <trkpt lat="68.23198" lon="14.09709">
    <name>TP4085</name>
  </trkpt>
  <trkpt lat="68.23186" lon="14.09607">
    <name>TP4086</name>
  </trkpt>
  <trkpt lat="68.23183" lon="14.0958">
    <name>TP4087</name>
  </trkpt>
  <trkpt lat="68.23175" lon="14.09506">
    <name>TP4088</name>
  </trkpt>
  <trkpt lat="68.23172" lon="14.09488">
    <name>TP4089</name>
  </trkpt>
  <trkpt lat="68.23157" lon="14.09362">
    <name>TP4090</name>
  </trkpt>
  <trkpt lat="68.23156" lon="14.09349">
    <name>TP4091</name>
  </trkpt>
  <trkpt lat="68.23146" lon="14.09263">
    <name>TP4092</name>
  </trkpt>
  <trkpt lat="68.23146" lon="14.09256">
    <name>TP4093</name>
  </trkpt>
  <trkpt lat="68.23133" lon="14.09144">
    <name>TP4094</name>
  </trkpt>
  <trkpt lat="68.2313" lon="14.09117">
    <name>TP4095</name>
  </trkpt>
  <trkpt lat="68.23125" lon="14.09071">
    <name>TP4096</name>
  </trkpt>
  <trkpt lat="68.23119" lon="14.09024">
    <name>TP4097</name>
  </trkpt>
  <trkpt lat="68.23119" lon="14.09022">
    <name>TP4098</name>
  </trkpt>
  <trkpt lat="68.23109" lon="14.08931">
    <name>TP4099</name>
  </trkpt>
  <trkpt lat="68.23105" lon="14.08895">
    <name>TP4100</name>
  </trkpt>
  <trkpt lat="68.23092" lon="14.08781">
    <name>TP4101</name>
  </trkpt>
  <trkpt lat="68.23088" lon="14.08746">
    <name>TP4102</name>
  </trkpt>
  <trkpt lat="68.23084" lon="14.08717">
    <name>TP4103</name>
  </trkpt>
  <trkpt lat="68.23078" lon="14.08664">
    <name>TP4104</name>
  </trkpt>
  <trkpt lat="68.23077" lon="14.08654">
    <name>TP4105</name>
  </trkpt>
  <trkpt lat="68.23072" lon="14.0862">
    <name>TP4106</name>
  </trkpt>
  <trkpt lat="68.23064" lon="14.0858">
    <name>TP4107</name>
  </trkpt>
  <trkpt lat="68.23057" lon="14.08543">
    <name>TP4108</name>
  </trkpt>
  <trkpt lat="68.23048" lon="14.08505">
    <name>TP4109</name>
  </trkpt>
  <trkpt lat="68.23038" lon="14.08466">
    <name>TP4110</name>
  </trkpt>
  <trkpt lat="68.23028" lon="14.08431">
    <name>TP4111</name>
  </trkpt>
  <trkpt lat="68.23019" lon="14.08399">
    <name>TP4112</name>
  </trkpt>
  <trkpt lat="68.23011" lon="14.0838">
    <name>TP4113</name>
  </trkpt>
  <trkpt lat="68.23" lon="14.08352">
    <name>TP4114</name>
  </trkpt>
  <trkpt lat="68.22988" lon="14.08321">
    <name>TP4115</name>
  </trkpt>
  <trkpt lat="68.22977" lon="14.08299">
    <name>TP4116</name>
  </trkpt>
  <trkpt lat="68.22966" lon="14.08278">
    <name>TP4117</name>
  </trkpt>
  <trkpt lat="68.22954" lon="14.0826">
    <name>TP4118</name>
  </trkpt>
  <trkpt lat="68.2294" lon="14.08242">
    <name>TP4119</name>
  </trkpt>
  <trkpt lat="68.22931" lon="14.08228">
    <name>TP4120</name>
  </trkpt>
  <trkpt lat="68.22923" lon="14.08216">
    <name>TP4121</name>
  </trkpt>
  <trkpt lat="68.22918" lon="14.08205">
    <name>TP4122</name>
  </trkpt>
  <trkpt lat="68.22907" lon="14.08176">
    <name>TP4123</name>
  </trkpt>
  <trkpt lat="68.22893" lon="14.08135">
    <name>TP4124</name>
  </trkpt>
  <trkpt lat="68.22876" lon="14.08088">
    <name>TP4125</name>
  </trkpt>
  <trkpt lat="68.22853" lon="14.08022">
    <name>TP4126</name>
  </trkpt>
  <trkpt lat="68.22831" lon="14.07958">
    <name>TP4127</name>
  </trkpt>
  <trkpt lat="68.22829" lon="14.07951">
    <name>TP4128</name>
  </trkpt>
  <trkpt lat="68.22813" lon="14.07903">
    <name>TP4129</name>
  </trkpt>
  <trkpt lat="68.22792" lon="14.07844">
    <name>TP4130</name>
  </trkpt>
  <trkpt lat="68.22791" lon="14.0784">
    <name>TP4131</name>
  </trkpt>
  <trkpt lat="68.22777" lon="14.078">
    <name>TP4132</name>
  </trkpt>
  <trkpt lat="68.22767" lon="14.07774">
    <name>TP4133</name>
  </trkpt>
  <trkpt lat="68.22763" lon="14.07762">
    <name>TP4134</name>
  </trkpt>
  <trkpt lat="68.22755" lon="14.07743">
    <name>TP4135</name>
  </trkpt>
  <trkpt lat="68.22749" lon="14.07733">
    <name>TP4136</name>
  </trkpt>
  <trkpt lat="68.22743" lon="14.07719">
    <name>TP4137</name>
  </trkpt>
  <trkpt lat="68.22733" lon="14.07702">
    <name>TP4138</name>
  </trkpt>
  <trkpt lat="68.22723" lon="14.07686">
    <name>TP4139</name>
  </trkpt>
  <trkpt lat="68.22713" lon="14.07676">
    <name>TP4140</name>
  </trkpt>
  <trkpt lat="68.22708" lon="14.07671">
    <name>TP4141</name>
  </trkpt>
  <trkpt lat="68.22705" lon="14.07668">
    <name>TP4142</name>
  </trkpt>
  <trkpt lat="68.22693" lon="14.07661">
    <name>TP4143</name>
  </trkpt>
  <trkpt lat="68.22691" lon="14.0766">
    <name>TP4144</name>
  </trkpt>
  <trkpt lat="68.22677" lon="14.07654">
    <name>TP4145</name>
  </trkpt>
  <trkpt lat="68.22657" lon="14.07647">
    <name>TP4146</name>
  </trkpt>
  <trkpt lat="68.22641" lon="14.0764">
    <name>TP4147</name>
  </trkpt>
  <trkpt lat="68.22622" lon="14.07631">
    <name>TP4148</name>
  </trkpt>
  <trkpt lat="68.2262" lon="14.0763">
    <name>TP4149</name>
  </trkpt>
  <trkpt lat="68.22603" lon="14.0762">
    <name>TP4150</name>
  </trkpt>
  <trkpt lat="68.22602" lon="14.07619">
    <name>TP4151</name>
  </trkpt>
  <trkpt lat="68.22584" lon="14.07603">
    <name>TP4152</name>
  </trkpt>
  <trkpt lat="68.22562" lon="14.07583">
    <name>TP4153</name>
  </trkpt>
  <trkpt lat="68.22541" lon="14.07565">
    <name>TP4154</name>
  </trkpt>
  <trkpt lat="68.22525" lon="14.0755">
    <name>TP4155</name>
  </trkpt>
  <trkpt lat="68.22507" lon="14.07537">
    <name>TP4156</name>
  </trkpt>
  <trkpt lat="68.22492" lon="14.07524">
    <name>TP4157</name>
  </trkpt>
  <trkpt lat="68.22478" lon="14.07512">
    <name>TP4158</name>
  </trkpt>
  <trkpt lat="68.22469" lon="14.07503">
    <name>TP4159</name>
  </trkpt>
  <trkpt lat="68.22462" lon="14.07495">
    <name>TP4160</name>
  </trkpt>
  <trkpt lat="68.2245" lon="14.07479">
    <name>TP4161</name>
  </trkpt>
  <trkpt lat="68.22437" lon="14.07454">
    <name>TP4162</name>
  </trkpt>
  <trkpt lat="68.22436" lon="14.07453">
    <name>TP4163</name>
  </trkpt>
  <trkpt lat="68.22422" lon="14.07426">
    <name>TP4164</name>
  </trkpt>
  <trkpt lat="68.22421" lon="14.07425">
    <name>TP4165</name>
  </trkpt>
  <trkpt lat="68.22408" lon="14.074">
    <name>TP4166</name>
  </trkpt>
  <trkpt lat="68.22407" lon="14.07399">
    <name>TP4167</name>
  </trkpt>
  <trkpt lat="68.22395" lon="14.07379">
    <name>TP4168</name>
  </trkpt>
  <trkpt lat="68.22383" lon="14.07359">
    <name>TP4169</name>
  </trkpt>
  <trkpt lat="68.22373" lon="14.07344">
    <name>TP4170</name>
  </trkpt>
  <trkpt lat="68.22363" lon="14.07329">
    <name>TP4171</name>
  </trkpt>
  <trkpt lat="68.2236" lon="14.07326">
    <name>TP4172</name>
  </trkpt>
  <trkpt lat="68.22352" lon="14.07316">
    <name>TP4173</name>
  </trkpt>
  <trkpt lat="68.22343" lon="14.07307">
    <name>TP4174</name>
  </trkpt>
  <trkpt lat="68.22342" lon="14.07306">
    <name>TP4175</name>
  </trkpt>
  <trkpt lat="68.2234" lon="14.07304">
    <name>TP4176</name>
  </trkpt>
  <trkpt lat="68.22329" lon="14.07292">
    <name>TP4177</name>
  </trkpt>
  <trkpt lat="68.22313" lon="14.07276">
    <name>TP4178</name>
  </trkpt>
  <trkpt lat="68.22295" lon="14.07262">
    <name>TP4179</name>
  </trkpt>
  <trkpt lat="68.22275" lon="14.07245">
    <name>TP4180</name>
  </trkpt>
  <trkpt lat="68.22273" lon="14.07243">
    <name>TP4181</name>
  </trkpt>
  <trkpt lat="68.22272" lon="14.07242">
    <name>TP4182</name>
  </trkpt>
  <trkpt lat="68.22258" lon="14.07232">
    <name>TP4183</name>
  </trkpt>
  <trkpt lat="68.22256" lon="14.0723">
    <name>TP4184</name>
  </trkpt>
  <trkpt lat="68.22247" lon="14.07224">
    <name>TP4185</name>
  </trkpt>
  <trkpt lat="68.22233" lon="14.07208">
    <name>TP4186</name>
  </trkpt>
  <trkpt lat="68.22222" lon="14.07194">
    <name>TP4187</name>
  </trkpt>
  <trkpt lat="68.22212" lon="14.07178">
    <name>TP4188</name>
  </trkpt>
  <trkpt lat="68.22199" lon="14.07157">
    <name>TP4189</name>
  </trkpt>
  <trkpt lat="68.22192" lon="14.07144">
    <name>TP4190</name>
  </trkpt>
  <trkpt lat="68.22186" lon="14.07133">
    <name>TP4191</name>
  </trkpt>
  <trkpt lat="68.22179" lon="14.07119">
    <name>TP4192</name>
  </trkpt>
  <trkpt lat="68.22177" lon="14.07115">
    <name>TP4193</name>
  </trkpt>
  <trkpt lat="68.2217" lon="14.071">
    <name>TP4194</name>
  </trkpt>
  <trkpt lat="68.22148" lon="14.07053">
    <name>TP4195</name>
  </trkpt>
  <trkpt lat="68.22122" lon="14.07001">
    <name>TP4196</name>
  </trkpt>
  <trkpt lat="68.2212" lon="14.06998">
    <name>TP4197</name>
  </trkpt>
  <trkpt lat="68.22099" lon="14.06955">
    <name>TP4198</name>
  </trkpt>
  <trkpt lat="68.22079" lon="14.06916">
    <name>TP4199</name>
  </trkpt>
  <trkpt lat="68.22077" lon="14.06911">
    <name>TP4200</name>
  </trkpt>
  <trkpt lat="68.2207" lon="14.06897">
    <name>TP4201</name>
  </trkpt>
  <trkpt lat="68.22057" lon="14.06871">
    <name>TP4202</name>
  </trkpt>
  <trkpt lat="68.22024" lon="14.06805">
    <name>TP4203</name>
  </trkpt>
  <trkpt lat="68.21998" lon="14.06749">
    <name>TP4204</name>
  </trkpt>
  <trkpt lat="68.21996" lon="14.06745">
    <name>TP4205</name>
  </trkpt>
  <trkpt lat="68.21981" lon="14.06717">
    <name>TP4206</name>
  </trkpt>
  <trkpt lat="68.21971" lon="14.06696">
    <name>TP4207</name>
  </trkpt>
  <trkpt lat="68.21947" lon="14.06647">
    <name>TP4208</name>
  </trkpt>
  <trkpt lat="68.21938" lon="14.06629">
    <name>TP4209</name>
  </trkpt>
  <trkpt lat="68.21926" lon="14.06605">
    <name>TP4210</name>
  </trkpt>
  <trkpt lat="68.21913" lon="14.06579">
    <name>TP4211</name>
  </trkpt>
  <trkpt lat="68.21912" lon="14.06576">
    <name>TP4212</name>
  </trkpt>
  <trkpt lat="68.21897" lon="14.06546">
    <name>TP4213</name>
  </trkpt>
  <trkpt lat="68.21882" lon="14.0652">
    <name>TP4214</name>
  </trkpt>
  <trkpt lat="68.21879" lon="14.06515">
    <name>TP4215</name>
  </trkpt>
  <trkpt lat="68.21865" lon="14.06482">
    <name>TP4216</name>
  </trkpt>
  <trkpt lat="68.21854" lon="14.06459">
    <name>TP4217</name>
  </trkpt>
  <trkpt lat="68.21853" lon="14.06455">
    <name>TP4218</name>
  </trkpt>
  <trkpt lat="68.21841" lon="14.06427">
    <name>TP4219</name>
  </trkpt>
  <trkpt lat="68.2184" lon="14.06424">
    <name>TP4220</name>
  </trkpt>
  <trkpt lat="68.21828" lon="14.06392">
    <name>TP4221</name>
  </trkpt>
  <trkpt lat="68.21826" lon="14.06384">
    <name>TP4222</name>
  </trkpt>
  <trkpt lat="68.21808" lon="14.06328">
    <name>TP4223</name>
  </trkpt>
  <trkpt lat="68.21792" lon="14.06276">
    <name>TP4224</name>
  </trkpt>
  <trkpt lat="68.21782" lon="14.06243">
    <name>TP4225</name>
  </trkpt>
  <trkpt lat="68.21776" lon="14.06222">
    <name>TP4226</name>
  </trkpt>
  <trkpt lat="68.21761" lon="14.06168">
    <name>TP4227</name>
  </trkpt>
  <trkpt lat="68.21761" lon="14.06166">
    <name>TP4228</name>
  </trkpt>
  <trkpt lat="68.2175" lon="14.06127">
    <name>TP4229</name>
  </trkpt>
  <trkpt lat="68.21742" lon="14.061">
    <name>TP4230</name>
  </trkpt>
  <trkpt lat="68.21727" lon="14.06051">
    <name>TP4231</name>
  </trkpt>
  <trkpt lat="68.21721" lon="14.0603">
    <name>TP4232</name>
  </trkpt>
  <trkpt lat="68.21716" lon="14.06013">
    <name>TP4233</name>
  </trkpt>
  <trkpt lat="68.21702" lon="14.05962">
    <name>TP4234</name>
  </trkpt>
  <trkpt lat="68.21694" lon="14.05936">
    <name>TP4235</name>
  </trkpt>
  <trkpt lat="68.21684" lon="14.05901">
    <name>TP4236</name>
  </trkpt>
  <trkpt lat="68.21683" lon="14.05898">
    <name>TP4237</name>
  </trkpt>
  <trkpt lat="68.21672" lon="14.0586">
    <name>TP4238</name>
  </trkpt>
  <trkpt lat="68.21669" lon="14.0585">
    <name>TP4239</name>
  </trkpt>
  <trkpt lat="68.21655" lon="14.05805">
    <name>TP4240</name>
  </trkpt>
  <trkpt lat="68.21647" lon="14.05779">
    <name>TP4241</name>
  </trkpt>
  <trkpt lat="68.21636" lon="14.0575">
    <name>TP4242</name>
  </trkpt>
  <trkpt lat="68.2163" lon="14.05734">
    <name>TP4243</name>
  </trkpt>
  <trkpt lat="68.21622" lon="14.05713">
    <name>TP4244</name>
  </trkpt>
  <trkpt lat="68.21617" lon="14.05702">
    <name>TP4245</name>
  </trkpt>
  <trkpt lat="68.21609" lon="14.05685">
    <name>TP4246</name>
  </trkpt>
  <trkpt lat="68.21602" lon="14.0567">
    <name>TP4247</name>
  </trkpt>
  <trkpt lat="68.21588" lon="14.05641">
    <name>TP4248</name>
  </trkpt>
  <trkpt lat="68.21575" lon="14.05622">
    <name>TP4249</name>
  </trkpt>
  <trkpt lat="68.2156" lon="14.05599">
    <name>TP4250</name>
  </trkpt>
  <trkpt lat="68.21543" lon="14.0558">
    <name>TP4251</name>
  </trkpt>
  <trkpt lat="68.21531" lon="14.05568">
    <name>TP4252</name>
  </trkpt>
  <trkpt lat="68.21517" lon="14.05555">
    <name>TP4253</name>
  </trkpt>
  <trkpt lat="68.21503" lon="14.05545">
    <name>TP4254</name>
  </trkpt>
  <trkpt lat="68.215" lon="14.05542">
    <name>TP4255</name>
  </trkpt>
  <trkpt lat="68.21487" lon="14.05534">
    <name>TP4256</name>
  </trkpt>
  <trkpt lat="68.21482" lon="14.05531">
    <name>TP4257</name>
  </trkpt>
  <trkpt lat="68.2147" lon="14.05524">
    <name>TP4258</name>
  </trkpt>
  <trkpt lat="68.21451" lon="14.05516">
    <name>TP4259</name>
  </trkpt>
  <trkpt lat="68.21447" lon="14.05515">
    <name>TP4260</name>
  </trkpt>
  <trkpt lat="68.2143" lon="14.0551">
    <name>TP4261</name>
  </trkpt>
  <trkpt lat="68.21429" lon="14.0551">
    <name>TP4262</name>
  </trkpt>
  <trkpt lat="68.21414" lon="14.05506">
    <name>TP4263</name>
  </trkpt>
  <trkpt lat="68.21407" lon="14.05506">
    <name>TP4264</name>
  </trkpt>
  <trkpt lat="68.21396" lon="14.05504">
    <name>TP4265</name>
  </trkpt>
  <trkpt lat="68.21394" lon="14.05504">
    <name>TP4266</name>
  </trkpt>
  <trkpt lat="68.21379" lon="14.05503">
    <name>TP4267</name>
  </trkpt>
  <trkpt lat="68.21374" lon="14.05502">
    <name>TP4268</name>
  </trkpt>
  <trkpt lat="68.21361" lon="14.05501">
    <name>TP4269</name>
  </trkpt>
  <trkpt lat="68.21347" lon="14.05499">
    <name>TP4270</name>
  </trkpt>
  <trkpt lat="68.21346" lon="14.05499">
    <name>TP4271</name>
  </trkpt>
  <trkpt lat="68.21342" lon="14.05498">
    <name>TP4272</name>
  </trkpt>
  <trkpt lat="68.21339" lon="14.05498">
    <name>TP4273</name>
  </trkpt>
  <trkpt lat="68.21307" lon="14.05494">
    <name>TP4274</name>
  </trkpt>
  <trkpt lat="68.21299" lon="14.05493">
    <name>TP4275</name>
  </trkpt>
  <trkpt lat="68.21296" lon="14.05493">
    <name>TP4276</name>
  </trkpt>
  <trkpt lat="68.21295" lon="14.05493">
    <name>TP4277</name>
  </trkpt>
  <trkpt lat="68.21289" lon="14.05492">
    <name>TP4278</name>
  </trkpt>
  <trkpt lat="68.21271" lon="14.05492">
    <name>TP4279</name>
  </trkpt>
  <trkpt lat="68.21262" lon="14.05491">
    <name>TP4280</name>
  </trkpt>
  <trkpt lat="68.21253" lon="14.0549">
    <name>TP4281</name>
  </trkpt>
  <trkpt lat="68.2124" lon="14.05489">
    <name>TP4282</name>
  </trkpt>
  <trkpt lat="68.21235" lon="14.05488">
    <name>TP4283</name>
  </trkpt>
  <trkpt lat="68.21215" lon="14.05485">
    <name>TP4284</name>
  </trkpt>
  <trkpt lat="68.21196" lon="14.05484">
    <name>TP4285</name>
  </trkpt>
  <trkpt lat="68.21168" lon="14.05482">
    <name>TP4286</name>
  </trkpt>
  <trkpt lat="68.2116" lon="14.05481">
    <name>TP4287</name>
  </trkpt>
  <trkpt lat="68.21143" lon="14.05479">
    <name>TP4288</name>
  </trkpt>
  <trkpt lat="68.21124" lon="14.05479">
    <name>TP4289</name>
  </trkpt>
  <trkpt lat="68.21111" lon="14.05477">
    <name>TP4290</name>
  </trkpt>
  <trkpt lat="68.21107" lon="14.05476">
    <name>TP4291</name>
  </trkpt>
  <trkpt lat="68.21096" lon="14.05475">
    <name>TP4292</name>
  </trkpt>
  <trkpt lat="68.21089" lon="14.05475">
    <name>TP4293</name>
  </trkpt>
  <trkpt lat="68.21078" lon="14.05474">
    <name>TP4294</name>
  </trkpt>
  <trkpt lat="68.21062" lon="14.05472">
    <name>TP4295</name>
  </trkpt>
  <trkpt lat="68.21045" lon="14.05469">
    <name>TP4296</name>
  </trkpt>
  <trkpt lat="68.21035" lon="14.05466">
    <name>TP4297</name>
  </trkpt>
  <trkpt lat="68.21029" lon="14.05465">
    <name>TP4298</name>
  </trkpt>
  <trkpt lat="68.21017" lon="14.05462">
    <name>TP4299</name>
  </trkpt>
  <trkpt lat="68.21017" lon="14.05461">
    <name>TP4300</name>
  </trkpt>
  <trkpt lat="68.21006" lon="14.05456">
    <name>TP4301</name>
  </trkpt>
  <trkpt lat="68.20999" lon="14.05453">
    <name>TP4302</name>
  </trkpt>
  <trkpt lat="68.20993" lon="14.05449">
    <name>TP4303</name>
  </trkpt>
  <trkpt lat="68.20981" lon="14.05443">
    <name>TP4304</name>
  </trkpt>
  <trkpt lat="68.20966" lon="14.05433">
    <name>TP4305</name>
  </trkpt>
  <trkpt lat="68.20954" lon="14.05424">
    <name>TP4306</name>
  </trkpt>
  <trkpt lat="68.20941" lon="14.05413">
    <name>TP4307</name>
  </trkpt>
  <trkpt lat="68.20929" lon="14.05404">
    <name>TP4308</name>
  </trkpt>
  <trkpt lat="68.20919" lon="14.05391">
    <name>TP4309</name>
  </trkpt>
  <trkpt lat="68.20913" lon="14.05383">
    <name>TP4310</name>
  </trkpt>
  <trkpt lat="68.2091" lon="14.05379">
    <name>TP4311</name>
  </trkpt>
  <trkpt lat="68.20903" lon="14.05362">
    <name>TP4312</name>
  </trkpt>
  <trkpt lat="68.20899" lon="14.05354">
    <name>TP4313</name>
  </trkpt>
  <trkpt lat="68.20893" lon="14.05338">
    <name>TP4314</name>
  </trkpt>
  <trkpt lat="68.20887" lon="14.05318">
    <name>TP4315</name>
  </trkpt>
  <trkpt lat="68.20886" lon="14.05315">
    <name>TP4316</name>
  </trkpt>
  <trkpt lat="68.20879" lon="14.05283">
    <name>TP4317</name>
  </trkpt>
  <trkpt lat="68.2087" lon="14.05244">
    <name>TP4318</name>
  </trkpt>
  <trkpt lat="68.2086" lon="14.05203">
    <name>TP4319</name>
  </trkpt>
  <trkpt lat="68.20846" lon="14.05146">
    <name>TP4320</name>
  </trkpt>
  <trkpt lat="68.20841" lon="14.05124">
    <name>TP4321</name>
  </trkpt>
  <trkpt lat="68.20837" lon="14.05103">
    <name>TP4322</name>
  </trkpt>
  <trkpt lat="68.20825" lon="14.05053">
    <name>TP4323</name>
  </trkpt>
  <trkpt lat="68.20813" lon="14.05004">
    <name>TP4324</name>
  </trkpt>
  <trkpt lat="68.20792" lon="14.04912">
    <name>TP4325</name>
  </trkpt>
  <trkpt lat="68.20771" lon="14.04822">
    <name>TP4326</name>
  </trkpt>
  <trkpt lat="68.20769" lon="14.04814">
    <name>TP4327</name>
  </trkpt>
  <trkpt lat="68.20759" lon="14.04773">
    <name>TP4328</name>
  </trkpt>
  <trkpt lat="68.20751" lon="14.04739">
    <name>TP4329</name>
  </trkpt>
  <trkpt lat="68.20728" lon="14.04641">
    <name>TP4330</name>
  </trkpt>
  <trkpt lat="68.207" lon="14.04523">
    <name>TP4331</name>
  </trkpt>
  <trkpt lat="68.20682" lon="14.04446">
    <name>TP4332</name>
  </trkpt>
  <trkpt lat="68.20675" lon="14.04418">
    <name>TP4333</name>
  </trkpt>
  <trkpt lat="68.20657" lon="14.04343">
    <name>TP4334</name>
  </trkpt>
  <trkpt lat="68.20643" lon="14.04282">
    <name>TP4335</name>
  </trkpt>
  <trkpt lat="68.20643" lon="14.0428">
    <name>TP4336</name>
  </trkpt>
  <trkpt lat="68.20634" lon="14.04239">
    <name>TP4337</name>
  </trkpt>
  <trkpt lat="68.20627" lon="14.04209">
    <name>TP4338</name>
  </trkpt>
  <trkpt lat="68.20625" lon="14.04199">
    <name>TP4339</name>
  </trkpt>
  <trkpt lat="68.20621" lon="14.04183">
    <name>TP4340</name>
  </trkpt>
  <trkpt lat="68.20614" lon="14.0416">
    <name>TP4341</name>
  </trkpt>
  <trkpt lat="68.20614" lon="14.04157">
    <name>TP4342</name>
  </trkpt>
  <trkpt lat="68.20606" lon="14.04133">
    <name>TP4343</name>
  </trkpt>
  <trkpt lat="68.20597" lon="14.04113">
    <name>TP4344</name>
  </trkpt>
  <trkpt lat="68.20589" lon="14.04093">
    <name>TP4345</name>
  </trkpt>
  <trkpt lat="68.20579" lon="14.04074">
    <name>TP4346</name>
  </trkpt>
  <trkpt lat="68.20569" lon="14.04054">
    <name>TP4347</name>
  </trkpt>
  <trkpt lat="68.20559" lon="14.04034">
    <name>TP4348</name>
  </trkpt>
  <trkpt lat="68.2055" lon="14.04019">
    <name>TP4349</name>
  </trkpt>
  <trkpt lat="68.20544" lon="14.04012">
    <name>TP4350</name>
  </trkpt>
  <trkpt lat="68.2054" lon="14.04007">
    <name>TP4351</name>
  </trkpt>
  <trkpt lat="68.20529" lon="14.0399">
    <name>TP4352</name>
  </trkpt>
  <trkpt lat="68.20528" lon="14.03989">
    <name>TP4353</name>
  </trkpt>
  <trkpt lat="68.20508" lon="14.03965">
    <name>TP4354</name>
  </trkpt>
  <trkpt lat="68.20496" lon="14.03947">
    <name>TP4355</name>
  </trkpt>
  <trkpt lat="68.20488" lon="14.03937">
    <name>TP4356</name>
  </trkpt>
  <trkpt lat="68.20471" lon="14.03915">
    <name>TP4357</name>
  </trkpt>
  <trkpt lat="68.20467" lon="14.0391">
    <name>TP4358</name>
  </trkpt>
  <trkpt lat="68.20463" lon="14.03905">
    <name>TP4359</name>
  </trkpt>
  <trkpt lat="68.20463" lon="14.03904">
    <name>TP4360</name>
  </trkpt>
  <trkpt lat="68.20447" lon="14.03882">
    <name>TP4361</name>
  </trkpt>
  <trkpt lat="68.20431" lon="14.03863">
    <name>TP4362</name>
  </trkpt>
  <trkpt lat="68.20429" lon="14.03859">
    <name>TP4363</name>
  </trkpt>
  <trkpt lat="68.2041" lon="14.03833">
    <name>TP4364</name>
  </trkpt>
  <trkpt lat="68.20395" lon="14.03814">
    <name>TP4365</name>
  </trkpt>
  <trkpt lat="68.20382" lon="14.03796">
    <name>TP4366</name>
  </trkpt>
  <trkpt lat="68.20373" lon="14.03784">
    <name>TP4367</name>
  </trkpt>
  <trkpt lat="68.20367" lon="14.03776">
    <name>TP4368</name>
  </trkpt>
  <trkpt lat="68.20349" lon="14.03753">
    <name>TP4369</name>
  </trkpt>
  <trkpt lat="68.20334" lon="14.03734">
    <name>TP4370</name>
  </trkpt>
  <trkpt lat="68.20327" lon="14.03724">
    <name>TP4371</name>
  </trkpt>
  <trkpt lat="68.20318" lon="14.03712">
    <name>TP4372</name>
  </trkpt>
  <trkpt lat="68.20302" lon="14.0369">
    <name>TP4373</name>
  </trkpt>
  <trkpt lat="68.20286" lon="14.03669">
    <name>TP4374</name>
  </trkpt>
  <trkpt lat="68.20271" lon="14.0365">
    <name>TP4375</name>
  </trkpt>
  <trkpt lat="68.20269" lon="14.03649">
    <name>TP4376</name>
  </trkpt>
  <trkpt lat="68.20253" lon="14.03629">
    <name>TP4377</name>
  </trkpt>
  <trkpt lat="68.20252" lon="14.03627">
    <name>TP4378</name>
  </trkpt>
  <trkpt lat="68.20239" lon="14.03612">
    <name>TP4379</name>
  </trkpt>
  <trkpt lat="68.20229" lon="14.03599">
    <name>TP4380</name>
  </trkpt>
  <trkpt lat="68.20218" lon="14.03591">
    <name>TP4381</name>
  </trkpt>
  <trkpt lat="68.20208" lon="14.03585">
    <name>TP4382</name>
  </trkpt>
  <trkpt lat="68.20202" lon="14.03584">
    <name>TP4383</name>
  </trkpt>
  <trkpt lat="68.20196" lon="14.03582">
    <name>TP4384</name>
  </trkpt>
  <trkpt lat="68.20184" lon="14.03582">
    <name>TP4385</name>
  </trkpt>
  <trkpt lat="68.20182" lon="14.03582">
    <name>TP4386</name>
  </trkpt>
  <trkpt lat="68.20165" lon="14.03583">
    <name>TP4387</name>
  </trkpt>
  <trkpt lat="68.20142" lon="14.03587">
    <name>TP4388</name>
  </trkpt>
  <trkpt lat="68.2012" lon="14.03591">
    <name>TP4389</name>
  </trkpt>
  <trkpt lat="68.20096" lon="14.03595">
    <name>TP4390</name>
  </trkpt>
  <trkpt lat="68.20094" lon="14.03595">
    <name>TP4391</name>
  </trkpt>
  <trkpt lat="68.20077" lon="14.03598">
    <name>TP4392</name>
  </trkpt>
  <trkpt lat="68.20074" lon="14.03599">
    <name>TP4393</name>
  </trkpt>
  <trkpt lat="68.20054" lon="14.03602">
    <name>TP4394</name>
  </trkpt>
  <trkpt lat="68.20032" lon="14.03605">
    <name>TP4395</name>
  </trkpt>
  <trkpt lat="68.2001" lon="14.03609">
    <name>TP4396</name>
  </trkpt>
  <trkpt lat="68.19995" lon="14.03612">
    <name>TP4397</name>
  </trkpt>
  <trkpt lat="68.1998" lon="14.03616">
    <name>TP4398</name>
  </trkpt>
  <trkpt lat="68.19964" lon="14.03618">
    <name>TP4399</name>
  </trkpt>
  <trkpt lat="68.19951" lon="14.03619">
    <name>TP4400</name>
  </trkpt>
  <trkpt lat="68.19947" lon="14.0362">
    <name>TP4401</name>
  </trkpt>
  <trkpt lat="68.19933" lon="14.03621">
    <name>TP4402</name>
  </trkpt>
  <trkpt lat="68.19929" lon="14.03621">
    <name>TP4403</name>
  </trkpt>
  <trkpt lat="68.19915" lon="14.03623">
    <name>TP4404</name>
  </trkpt>
  <trkpt lat="68.19912" lon="14.03623">
    <name>TP4405</name>
  </trkpt>
  <trkpt lat="68.19889" lon="14.03627">
    <name>TP4406</name>
  </trkpt>
  <trkpt lat="68.19879" lon="14.03628">
    <name>TP4407</name>
  </trkpt>
  <trkpt lat="68.19875" lon="14.03628">
    <name>TP4408</name>
  </trkpt>
  <trkpt lat="68.19861" lon="14.0363">
    <name>TP4409</name>
  </trkpt>
  <trkpt lat="68.1986" lon="14.0363">
    <name>TP4410</name>
  </trkpt>
  <trkpt lat="68.19844" lon="14.0363">
    <name>TP4411</name>
  </trkpt>
  <trkpt lat="68.19843" lon="14.0363">
    <name>TP4412</name>
  </trkpt>
  <trkpt lat="68.19828" lon="14.03629">
    <name>TP4413</name>
  </trkpt>
  <trkpt lat="68.1981" lon="14.03627">
    <name>TP4414</name>
  </trkpt>
  <trkpt lat="68.19807" lon="14.03626">
    <name>TP4415</name>
  </trkpt>
  <trkpt lat="68.19791" lon="14.03624">
    <name>TP4416</name>
  </trkpt>
  <trkpt lat="68.19789" lon="14.03624">
    <name>TP4417</name>
  </trkpt>
  <trkpt lat="68.19774" lon="14.03622">
    <name>TP4418</name>
  </trkpt>
  <trkpt lat="68.19754" lon="14.03619">
    <name>TP4419</name>
  </trkpt>
  <trkpt lat="68.19736" lon="14.03617">
    <name>TP4420</name>
  </trkpt>
  <trkpt lat="68.19735" lon="14.03617">
    <name>TP4421</name>
  </trkpt>
  <trkpt lat="68.19717" lon="14.03614">
    <name>TP4422</name>
  </trkpt>
  <trkpt lat="68.19715" lon="14.03614">
    <name>TP4423</name>
  </trkpt>
  <trkpt lat="68.19694" lon="14.0361">
    <name>TP4424</name>
  </trkpt>
  <trkpt lat="68.19674" lon="14.03609">
    <name>TP4425</name>
  </trkpt>
  <trkpt lat="68.19653" lon="14.03607">
    <name>TP4426</name>
  </trkpt>
  <trkpt lat="68.19637" lon="14.03606">
    <name>TP4427</name>
  </trkpt>
  <trkpt lat="68.19614" lon="14.03601">
    <name>TP4428</name>
  </trkpt>
  <trkpt lat="68.19598" lon="14.03599">
    <name>TP4429</name>
  </trkpt>
  <trkpt lat="68.19588" lon="14.03598">
    <name>TP4430</name>
  </trkpt>
  <trkpt lat="68.19577" lon="14.03595">
    <name>TP4431</name>
  </trkpt>
  <trkpt lat="68.19568" lon="14.03588">
    <name>TP4432</name>
  </trkpt>
  <trkpt lat="68.1956" lon="14.03581">
    <name>TP4433</name>
  </trkpt>
  <trkpt lat="68.19553" lon="14.03571">
    <name>TP4434</name>
  </trkpt>
  <trkpt lat="68.19548" lon="14.03561">
    <name>TP4435</name>
  </trkpt>
  <trkpt lat="68.19543" lon="14.03544">
    <name>TP4436</name>
  </trkpt>
  <trkpt lat="68.1954" lon="14.03526">
    <name>TP4437</name>
  </trkpt>
  <trkpt lat="68.19539" lon="14.03521">
    <name>TP4438</name>
  </trkpt>
  <trkpt lat="68.19535" lon="14.03489">
    <name>TP4439</name>
  </trkpt>
  <trkpt lat="68.19534" lon="14.0348">
    <name>TP4440</name>
  </trkpt>
  <trkpt lat="68.1953" lon="14.03447">
    <name>TP4441</name>
  </trkpt>
  <trkpt lat="68.19526" lon="14.03404">
    <name>TP4442</name>
  </trkpt>
  <trkpt lat="68.19523" lon="14.03362">
    <name>TP4443</name>
  </trkpt>
  <trkpt lat="68.19522" lon="14.03322">
    <name>TP4444</name>
  </trkpt>
  <trkpt lat="68.19521" lon="14.0329">
    <name>TP4445</name>
  </trkpt>
  <trkpt lat="68.19521" lon="14.03283">
    <name>TP4446</name>
  </trkpt>
  <trkpt lat="68.1952" lon="14.03245">
    <name>TP4447</name>
  </trkpt>
  <trkpt lat="68.19521" lon="14.03242">
    <name>TP4448</name>
  </trkpt>
  <trkpt lat="68.19521" lon="14.03207">
    <name>TP4449</name>
  </trkpt>
  <trkpt lat="68.19521" lon="14.03165">
    <name>TP4450</name>
  </trkpt>
  <trkpt lat="68.19521" lon="14.03145">
    <name>TP4451</name>
  </trkpt>
  <trkpt lat="68.1952" lon="14.03125">
    <name>TP4452</name>
  </trkpt>
  <trkpt lat="68.19519" lon="14.03097">
    <name>TP4453</name>
  </trkpt>
  <trkpt lat="68.19519" lon="14.03086">
    <name>TP4454</name>
  </trkpt>
  <trkpt lat="68.19515" lon="14.0305">
    <name>TP4455</name>
  </trkpt>
  <trkpt lat="68.19515" lon="14.03047">
    <name>TP4456</name>
  </trkpt>
  <trkpt lat="68.1951" lon="14.03013">
    <name>TP4457</name>
  </trkpt>
  <trkpt lat="68.19509" lon="14.03005">
    <name>TP4458</name>
  </trkpt>
  <trkpt lat="68.19504" lon="14.0298">
    <name>TP4459</name>
  </trkpt>
  <trkpt lat="68.19499" lon="14.02963">
    <name>TP4460</name>
  </trkpt>
  <trkpt lat="68.19497" lon="14.02954">
    <name>TP4461</name>
  </trkpt>
  <trkpt lat="68.1949" lon="14.02929">
    <name>TP4462</name>
  </trkpt>
  <trkpt lat="68.19488" lon="14.02925">
    <name>TP4463</name>
  </trkpt>
  <trkpt lat="68.19481" lon="14.02904">
    <name>TP4464</name>
  </trkpt>
  <trkpt lat="68.19473" lon="14.02883">
    <name>TP4465</name>
  </trkpt>
  <trkpt lat="68.19462" lon="14.02861">
    <name>TP4466</name>
  </trkpt>
  <trkpt lat="68.19462" lon="14.0286">
    <name>TP4467</name>
  </trkpt>
  <trkpt lat="68.19451" lon="14.02837">
    <name>TP4468</name>
  </trkpt>
  <trkpt lat="68.19448" lon="14.0283">
    <name>TP4469</name>
  </trkpt>
  <trkpt lat="68.19441" lon="14.02816">
    <name>TP4470</name>
  </trkpt>
  <trkpt lat="68.19431" lon="14.02795">
    <name>TP4471</name>
  </trkpt>
  <trkpt lat="68.19422" lon="14.02775">
    <name>TP4472</name>
  </trkpt>
  <trkpt lat="68.1942" lon="14.02769">
    <name>TP4473</name>
  </trkpt>
  <trkpt lat="68.19414" lon="14.02754">
    <name>TP4474</name>
  </trkpt>
  <trkpt lat="68.19408" lon="14.02734">
    <name>TP4475</name>
  </trkpt>
  <trkpt lat="68.19401" lon="14.02714">
    <name>TP4476</name>
  </trkpt>
  <trkpt lat="68.19395" lon="14.02694">
    <name>TP4477</name>
  </trkpt>
  <trkpt lat="68.19388" lon="14.0267">
    <name>TP4478</name>
  </trkpt>
  <trkpt lat="68.19382" lon="14.02651">
    <name>TP4479</name>
  </trkpt>
  <trkpt lat="68.19376" lon="14.02633">
    <name>TP4480</name>
  </trkpt>
  <trkpt lat="68.19372" lon="14.02625">
    <name>TP4481</name>
  </trkpt>
  <trkpt lat="68.19368" lon="14.02616">
    <name>TP4482</name>
  </trkpt>
  <trkpt lat="68.19361" lon="14.026">
    <name>TP4483</name>
  </trkpt>
  <trkpt lat="68.19358" lon="14.02594">
    <name>TP4484</name>
  </trkpt>
  <trkpt lat="68.19354" lon="14.02584">
    <name>TP4485</name>
  </trkpt>
  <trkpt lat="68.19345" lon="14.02569">
    <name>TP4486</name>
  </trkpt>
  <trkpt lat="68.19344" lon="14.02565">
    <name>TP4487</name>
  </trkpt>
  <trkpt lat="68.19337" lon="14.02554">
    <name>TP4488</name>
  </trkpt>
  <trkpt lat="68.19328" lon="14.02541">
    <name>TP4489</name>
  </trkpt>
  <trkpt lat="68.19326" lon="14.02538">
    <name>TP4490</name>
  </trkpt>
  <trkpt lat="68.19315" lon="14.02522">
    <name>TP4491</name>
  </trkpt>
  <trkpt lat="68.19303" lon="14.02505">
    <name>TP4492</name>
  </trkpt>
  <trkpt lat="68.19297" lon="14.02494">
    <name>TP4493</name>
  </trkpt>
  <trkpt lat="68.19293" lon="14.02487">
    <name>TP4494</name>
  </trkpt>
  <trkpt lat="68.19282" lon="14.02464">
    <name>TP4495</name>
  </trkpt>
  <trkpt lat="68.19282" lon="14.02462">
    <name>TP4496</name>
  </trkpt>
  <trkpt lat="68.19274" lon="14.02447">
    <name>TP4497</name>
  </trkpt>
  <trkpt lat="68.19269" lon="14.02432">
    <name>TP4498</name>
  </trkpt>
  <trkpt lat="68.19267" lon="14.02427">
    <name>TP4499</name>
  </trkpt>
  <trkpt lat="68.19261" lon="14.02407">
    <name>TP4500</name>
  </trkpt>
  <trkpt lat="68.19257" lon="14.02396">
    <name>TP4501</name>
  </trkpt>
  <trkpt lat="68.19253" lon="14.02381">
    <name>TP4502</name>
  </trkpt>
  <trkpt lat="68.19246" lon="14.02357">
    <name>TP4503</name>
  </trkpt>
  <trkpt lat="68.19244" lon="14.02349">
    <name>TP4504</name>
  </trkpt>
  <trkpt lat="68.1923" lon="14.02303">
    <name>TP4505</name>
  </trkpt>
  <trkpt lat="68.19224" lon="14.02281">
    <name>TP4506</name>
  </trkpt>
  <trkpt lat="68.19218" lon="14.02259">
    <name>TP4507</name>
  </trkpt>
  <trkpt lat="68.19213" lon="14.02243">
    <name>TP4508</name>
  </trkpt>
  <trkpt lat="68.19206" lon="14.0222">
    <name>TP4509</name>
  </trkpt>
  <trkpt lat="68.19202" lon="14.02205">
    <name>TP4510</name>
  </trkpt>
  <trkpt lat="68.19197" lon="14.02187">
    <name>TP4511</name>
  </trkpt>
  <trkpt lat="68.19192" lon="14.02165">
    <name>TP4512</name>
  </trkpt>
  <trkpt lat="68.19189" lon="14.02155">
    <name>TP4513</name>
  </trkpt>
  <trkpt lat="68.19182" lon="14.02126">
    <name>TP4514</name>
  </trkpt>
  <trkpt lat="68.19175" lon="14.02099">
    <name>TP4515</name>
  </trkpt>
  <trkpt lat="68.19172" lon="14.02084">
    <name>TP4516</name>
  </trkpt>
  <trkpt lat="68.1917" lon="14.02074">
    <name>TP4517</name>
  </trkpt>
  <trkpt lat="68.19167" lon="14.02049">
    <name>TP4518</name>
  </trkpt>
  <trkpt lat="68.19165" lon="14.02039">
    <name>TP4519</name>
  </trkpt>
  <trkpt lat="68.19163" lon="14.02021">
    <name>TP4520</name>
  </trkpt>
  <trkpt lat="68.1916" lon="14.01997">
    <name>TP4521</name>
  </trkpt>
  <trkpt lat="68.19159" lon="14.01994">
    <name>TP4522</name>
  </trkpt>
  <trkpt lat="68.19156" lon="14.01972">
    <name>TP4523</name>
  </trkpt>
  <trkpt lat="68.19151" lon="14.0195">
    <name>TP4524</name>
  </trkpt>
  <trkpt lat="68.19151" lon="14.01947">
    <name>TP4525</name>
  </trkpt>
  <trkpt lat="68.19145" lon="14.01922">
    <name>TP4526</name>
  </trkpt>
  <trkpt lat="68.19139" lon="14.01895">
    <name>TP4527</name>
  </trkpt>
  <trkpt lat="68.19133" lon="14.01872">
    <name>TP4528</name>
  </trkpt>
  <trkpt lat="68.1913" lon="14.01857">
    <name>TP4529</name>
  </trkpt>
  <trkpt lat="68.19125" lon="14.01827">
    <name>TP4530</name>
  </trkpt>
  <trkpt lat="68.19124" lon="14.01825">
    <name>TP4531</name>
  </trkpt>
  <trkpt lat="68.19118" lon="14.01783">
    <name>TP4532</name>
  </trkpt>
  <trkpt lat="68.19112" lon="14.01754">
    <name>TP4533</name>
  </trkpt>
  <trkpt lat="68.19109" lon="14.01736">
    <name>TP4534</name>
  </trkpt>
  <trkpt lat="68.19106" lon="14.01712">
    <name>TP4535</name>
  </trkpt>
  <trkpt lat="68.19102" lon="14.01686">
    <name>TP4536</name>
  </trkpt>
  <trkpt lat="68.191" lon="14.0166">
    <name>TP4537</name>
  </trkpt>
  <trkpt lat="68.19098" lon="14.01631">
    <name>TP4538</name>
  </trkpt>
  <trkpt lat="68.19097" lon="14.01601">
    <name>TP4539</name>
  </trkpt>
  <trkpt lat="68.19098" lon="14.0158">
    <name>TP4540</name>
  </trkpt>
  <trkpt lat="68.19101" lon="14.0156">
    <name>TP4541</name>
  </trkpt>
  <trkpt lat="68.19102" lon="14.01555">
    <name>TP4542</name>
  </trkpt>
  <trkpt lat="68.19107" lon="14.01523">
    <name>TP4543</name>
  </trkpt>
  <trkpt lat="68.19111" lon="14.01501">
    <name>TP4544</name>
  </trkpt>
  <trkpt lat="68.19114" lon="14.01473">
    <name>TP4545</name>
  </trkpt>
  <trkpt lat="68.19115" lon="14.01464">
    <name>TP4546</name>
  </trkpt>
  <trkpt lat="68.19116" lon="14.01449">
    <name>TP4547</name>
  </trkpt>
  <trkpt lat="68.19117" lon="14.01423">
    <name>TP4548</name>
  </trkpt>
  <trkpt lat="68.19117" lon="14.01416">
    <name>TP4549</name>
  </trkpt>
  <trkpt lat="68.19116" lon="14.01394">
    <name>TP4550</name>
  </trkpt>
  <trkpt lat="68.19115" lon="14.01368">
    <name>TP4551</name>
  </trkpt>
  <trkpt lat="68.19115" lon="14.01362">
    <name>TP4552</name>
  </trkpt>
  <trkpt lat="68.19113" lon="14.0133">
    <name>TP4553</name>
  </trkpt>
  <trkpt lat="68.19113" lon="14.0132">
    <name>TP4554</name>
  </trkpt>
  <trkpt lat="68.19113" lon="14.01298">
    <name>TP4555</name>
  </trkpt>
  <trkpt lat="68.19115" lon="14.01272">
    <name>TP4556</name>
  </trkpt>
  <trkpt lat="68.19115" lon="14.01269">
    <name>TP4557</name>
  </trkpt>
  <trkpt lat="68.19119" lon="14.01237">
    <name>TP4558</name>
  </trkpt>
  <trkpt lat="68.19125" lon="14.012">
    <name>TP4559</name>
  </trkpt>
  <trkpt lat="68.19129" lon="14.01182">
    <name>TP4560</name>
  </trkpt>
  <trkpt lat="68.19133" lon="14.0116">
    <name>TP4561</name>
  </trkpt>
  <trkpt lat="68.19137" lon="14.0114">
    <name>TP4562</name>
  </trkpt>
  <trkpt lat="68.19141" lon="14.01124">
    <name>TP4563</name>
  </trkpt>
  <trkpt lat="68.19154" lon="14.0107">
    <name>TP4564</name>
  </trkpt>
  <trkpt lat="68.19157" lon="14.01059">
    <name>TP4565</name>
  </trkpt>
  <trkpt lat="68.19166" lon="14.0102">
    <name>TP4566</name>
  </trkpt>
  <trkpt lat="68.19179" lon="14.00967">
    <name>TP4567</name>
  </trkpt>
  <trkpt lat="68.19187" lon="14.00938">
    <name>TP4568</name>
  </trkpt>
  <trkpt lat="68.19192" lon="14.00919">
    <name>TP4569</name>
  </trkpt>
  <trkpt lat="68.19197" lon="14.00898">
    <name>TP4570</name>
  </trkpt>
  <trkpt lat="68.192" lon="14.00884">
    <name>TP4571</name>
  </trkpt>
  <trkpt lat="68.19206" lon="14.00857">
    <name>TP4572</name>
  </trkpt>
  <trkpt lat="68.19209" lon="14.00844">
    <name>TP4573</name>
  </trkpt>
  <trkpt lat="68.19216" lon="14.00817">
    <name>TP4574</name>
  </trkpt>
  <trkpt lat="68.1922" lon="14.00798">
    <name>TP4575</name>
  </trkpt>
  <trkpt lat="68.19227" lon="14.00772">
    <name>TP4576</name>
  </trkpt>
  <trkpt lat="68.19233" lon="14.00747">
    <name>TP4577</name>
  </trkpt>
  <trkpt lat="68.19237" lon="14.00737">
    <name>TP4578</name>
  </trkpt>
  <trkpt lat="68.19241" lon="14.00722">
    <name>TP4579</name>
  </trkpt>
  <trkpt lat="68.19249" lon="14.00702">
    <name>TP4580</name>
  </trkpt>
  <trkpt lat="68.19253" lon="14.00693">
    <name>TP4581</name>
  </trkpt>
  <trkpt lat="68.19262" lon="14.00668">
    <name>TP4582</name>
  </trkpt>
  <trkpt lat="68.1927" lon="14.00645">
    <name>TP4583</name>
  </trkpt>
  <trkpt lat="68.19275" lon="14.00634">
    <name>TP4584</name>
  </trkpt>
  <trkpt lat="68.19288" lon="14.00602">
    <name>TP4585</name>
  </trkpt>
  <trkpt lat="68.19291" lon="14.00593">
    <name>TP4586</name>
  </trkpt>
  <trkpt lat="68.19312" lon="14.00542">
    <name>TP4587</name>
  </trkpt>
  <trkpt lat="68.19328" lon="14.00503">
    <name>TP4588</name>
  </trkpt>
  <trkpt lat="68.19328" lon="14.005">
    <name>TP4589</name>
  </trkpt>
  <trkpt lat="68.19342" lon="14.00463">
    <name>TP4590</name>
  </trkpt>
  <trkpt lat="68.19353" lon="14.00438">
    <name>TP4591</name>
  </trkpt>
  <trkpt lat="68.19354" lon="14.00436">
    <name>TP4592</name>
  </trkpt>
  <trkpt lat="68.19362" lon="14.00417">
    <name>TP4593</name>
  </trkpt>
  <trkpt lat="68.19367" lon="14.00405">
    <name>TP4594</name>
  </trkpt>
  <trkpt lat="68.19369" lon="14.00401">
    <name>TP4595</name>
  </trkpt>
  <trkpt lat="68.19378" lon="14.00385">
    <name>TP4596</name>
  </trkpt>
  <trkpt lat="68.19382" lon="14.00378">
    <name>TP4597</name>
  </trkpt>
  <trkpt lat="68.19387" lon="14.00369">
    <name>TP4598</name>
  </trkpt>
  <trkpt lat="68.19397" lon="14.00351">
    <name>TP4599</name>
  </trkpt>
  <trkpt lat="68.19409" lon="14.00333">
    <name>TP4600</name>
  </trkpt>
  <trkpt lat="68.19422" lon="14.00314">
    <name>TP4601</name>
  </trkpt>
  <trkpt lat="68.19429" lon="14.00304">
    <name>TP4602</name>
  </trkpt>
  <trkpt lat="68.19433" lon="14.00297">
    <name>TP4603</name>
  </trkpt>
  <trkpt lat="68.19443" lon="14.00282">
    <name>TP4604</name>
  </trkpt>
  <trkpt lat="68.19444" lon="14.0028">
    <name>TP4605</name>
  </trkpt>
  <trkpt lat="68.19452" lon="14.00268">
    <name>TP4606</name>
  </trkpt>
  <trkpt lat="68.19459" lon="14.00254">
    <name>TP4607</name>
  </trkpt>
  <trkpt lat="68.1946" lon="14.00252">
    <name>TP4608</name>
  </trkpt>
  <trkpt lat="68.19468" lon="14.00234">
    <name>TP4609</name>
  </trkpt>
  <trkpt lat="68.19473" lon="14.00221">
    <name>TP4610</name>
  </trkpt>
  <trkpt lat="68.19474" lon="14.00217">
    <name>TP4611</name>
  </trkpt>
  <trkpt lat="68.19482" lon="14.00196">
    <name>TP4612</name>
  </trkpt>
  <trkpt lat="68.19492" lon="14.00168">
    <name>TP4613</name>
  </trkpt>
  <trkpt lat="68.19498" lon="14.00151">
    <name>TP4614</name>
  </trkpt>
  <trkpt lat="68.195" lon="14.00144">
    <name>TP4615</name>
  </trkpt>
  <trkpt lat="68.1951" lon="14.00116">
    <name>TP4616</name>
  </trkpt>
  <trkpt lat="68.1951" lon="14.00115">
    <name>TP4617</name>
  </trkpt>
  <trkpt lat="68.19517" lon="14.00098">
    <name>TP4618</name>
  </trkpt>
  <trkpt lat="68.19524" lon="14.00085">
    <name>TP4619</name>
  </trkpt>
  <trkpt lat="68.19525" lon="14.00082">
    <name>TP4620</name>
  </trkpt>
  <trkpt lat="68.19534" lon="14.00067">
    <name>TP4621</name>
  </trkpt>
  <trkpt lat="68.19539" lon="14.00062">
    <name>TP4622</name>
  </trkpt>
  <trkpt lat="68.19547" lon="14.00054">
    <name>TP4623</name>
  </trkpt>
  <trkpt lat="68.19564" lon="14.00042">
    <name>TP4624</name>
  </trkpt>
  <trkpt lat="68.19574" lon="14.00034">
    <name>TP4625</name>
  </trkpt>
  <trkpt lat="68.19585" lon="14.00026">
    <name>TP4626</name>
  </trkpt>
  <trkpt lat="68.19591" lon="14.00019">
    <name>TP4627</name>
  </trkpt>
  <trkpt lat="68.19608" lon="14.00002">
    <name>TP4628</name>
  </trkpt>
  <trkpt lat="68.19622" lon="13.99973">
    <name>TP4629</name>
  </trkpt>
  <trkpt lat="68.19623" lon="13.99972">
    <name>TP4630</name>
  </trkpt>
  <trkpt lat="68.19632" lon="13.99942">
    <name>TP4631</name>
  </trkpt>
  <trkpt lat="68.19633" lon="13.99935">
    <name>TP4632</name>
  </trkpt>
  <trkpt lat="68.19642" lon="13.99901">
    <name>TP4633</name>
  </trkpt>
  <trkpt lat="68.19643" lon="13.99895">
    <name>TP4634</name>
  </trkpt>
  <trkpt lat="68.19651" lon="13.99857">
    <name>TP4635</name>
  </trkpt>
  <trkpt lat="68.19661" lon="13.99812">
    <name>TP4636</name>
  </trkpt>
  <trkpt lat="68.19673" lon="13.99765">
    <name>TP4637</name>
  </trkpt>
  <trkpt lat="68.19683" lon="13.99734">
    <name>TP4638</name>
  </trkpt>
  <trkpt lat="68.19687" lon="13.99719">
    <name>TP4639</name>
  </trkpt>
  <trkpt lat="68.19703" lon="13.9968">
    <name>TP4640</name>
  </trkpt>
  <trkpt lat="68.19709" lon="13.99667">
    <name>TP4641</name>
  </trkpt>
  <trkpt lat="68.19715" lon="13.99651">
    <name>TP4642</name>
  </trkpt>
  <trkpt lat="68.19723" lon="13.99637">
    <name>TP4643</name>
  </trkpt>
  <trkpt lat="68.19726" lon="13.99629">
    <name>TP4644</name>
  </trkpt>
  <trkpt lat="68.19738" lon="13.99612">
    <name>TP4645</name>
  </trkpt>
  <trkpt lat="68.19742" lon="13.99607">
    <name>TP4646</name>
  </trkpt>
  <trkpt lat="68.19761" lon="13.99587">
    <name>TP4647</name>
  </trkpt>
  <trkpt lat="68.19777" lon="13.99576">
    <name>TP4648</name>
  </trkpt>
  <trkpt lat="68.19794" lon="13.99569">
    <name>TP4649</name>
  </trkpt>
  <trkpt lat="68.19808" lon="13.99568">
    <name>TP4650</name>
  </trkpt>
  <trkpt lat="68.1981" lon="13.99567">
    <name>TP4651</name>
  </trkpt>
  <trkpt lat="68.19834" lon="13.9957">
    <name>TP4652</name>
  </trkpt>
  <trkpt lat="68.19861" lon="13.99572">
    <name>TP4653</name>
  </trkpt>
  <trkpt lat="68.19864" lon="13.99572">
    <name>TP4654</name>
  </trkpt>
  <trkpt lat="68.19879" lon="13.99574">
    <name>TP4655</name>
  </trkpt>
  <trkpt lat="68.19888" lon="13.99575">
    <name>TP4656</name>
  </trkpt>
  <trkpt lat="68.19897" lon="13.99576">
    <name>TP4657</name>
  </trkpt>
  <trkpt lat="68.19904" lon="13.99577">
    <name>TP4658</name>
  </trkpt>
  <trkpt lat="68.19912" lon="13.99578">
    <name>TP4659</name>
  </trkpt>
  <trkpt lat="68.19929" lon="13.99577">
    <name>TP4660</name>
  </trkpt>
  <trkpt lat="68.1994" lon="13.99575">
    <name>TP4661</name>
  </trkpt>
  <trkpt lat="68.1995" lon="13.99574">
    <name>TP4662</name>
  </trkpt>
  <trkpt lat="68.19958" lon="13.99571">
    <name>TP4663</name>
  </trkpt>
  <trkpt lat="68.19973" lon="13.99567">
    <name>TP4664</name>
  </trkpt>
  <trkpt lat="68.19976" lon="13.99566">
    <name>TP4665</name>
  </trkpt>
  <trkpt lat="68.19998" lon="13.99558">
    <name>TP4666</name>
  </trkpt>
  <trkpt lat="68.20001" lon="13.99557">
    <name>TP4667</name>
  </trkpt>
  <trkpt lat="68.20002" lon="13.99556">
    <name>TP4668</name>
  </trkpt>
  <trkpt lat="68.20012" lon="13.99552">
    <name>TP4669</name>
  </trkpt>
  <trkpt lat="68.20027" lon="13.99544">
    <name>TP4670</name>
  </trkpt>
  <trkpt lat="68.20045" lon="13.99535">
    <name>TP4671</name>
  </trkpt>
  <trkpt lat="68.20054" lon="13.99531">
    <name>TP4672</name>
  </trkpt>
  <trkpt lat="68.20062" lon="13.99525">
    <name>TP4673</name>
  </trkpt>
  <trkpt lat="68.20079" lon="13.99513">
    <name>TP4674</name>
  </trkpt>
  <trkpt lat="68.2008" lon="13.99512">
    <name>TP4675</name>
  </trkpt>
  <trkpt lat="68.201" lon="13.99493">
    <name>TP4676</name>
  </trkpt>
  <trkpt lat="68.20107" lon="13.99481">
    <name>TP4677</name>
  </trkpt>
  <trkpt lat="68.20115" lon="13.99469">
    <name>TP4678</name>
  </trkpt>
  <trkpt lat="68.20118" lon="13.99465">
    <name>TP4679</name>
  </trkpt>
  <trkpt lat="68.20131" lon="13.99444">
    <name>TP4680</name>
  </trkpt>
  <trkpt lat="68.20131" lon="13.99443">
    <name>TP4681</name>
  </trkpt>
  <trkpt lat="68.20141" lon="13.99421">
    <name>TP4682</name>
  </trkpt>
  <trkpt lat="68.20148" lon="13.99401">
    <name>TP4683</name>
  </trkpt>
  <trkpt lat="68.20151" lon="13.9939">
    <name>TP4684</name>
  </trkpt>
  <trkpt lat="68.20154" lon="13.99374">
    <name>TP4685</name>
  </trkpt>
  <trkpt lat="68.20159" lon="13.9935">
    <name>TP4686</name>
  </trkpt>
  <trkpt lat="68.2016" lon="13.99343">
    <name>TP4687</name>
  </trkpt>
  <trkpt lat="68.20164" lon="13.99325">
    <name>TP4688</name>
  </trkpt>
  <trkpt lat="68.20166" lon="13.99301">
    <name>TP4689</name>
  </trkpt>
  <trkpt lat="68.20168" lon="13.99273">
    <name>TP4690</name>
  </trkpt>
  <trkpt lat="68.2017" lon="13.99239">
    <name>TP4691</name>
  </trkpt>
  <trkpt lat="68.20171" lon="13.99165">
    <name>TP4692</name>
  </trkpt>
  <trkpt lat="68.20174" lon="13.99068">
    <name>TP4693</name>
  </trkpt>
  <trkpt lat="68.20177" lon="13.98966">
    <name>TP4694</name>
  </trkpt>
  <trkpt lat="68.20179" lon="13.98878">
    <name>TP4695</name>
  </trkpt>
  <trkpt lat="68.2018" lon="13.98787">
    <name>TP4696</name>
  </trkpt>
  <trkpt lat="68.20181" lon="13.98767">
    <name>TP4697</name>
  </trkpt>
  <trkpt lat="68.20182" lon="13.98712">
    <name>TP4698</name>
  </trkpt>
  <trkpt lat="68.20184" lon="13.98628">
    <name>TP4699</name>
  </trkpt>
  <trkpt lat="68.20184" lon="13.98621">
    <name>TP4700</name>
  </trkpt>
  <trkpt lat="68.20185" lon="13.98573">
    <name>TP4701</name>
  </trkpt>
  <trkpt lat="68.20185" lon="13.98559">
    <name>TP4702</name>
  </trkpt>
  <trkpt lat="68.20186" lon="13.98492">
    <name>TP4703</name>
  </trkpt>
  <trkpt lat="68.20187" lon="13.98413">
    <name>TP4704</name>
  </trkpt>
  <trkpt lat="68.20188" lon="13.98358">
    <name>TP4705</name>
  </trkpt>
  <trkpt lat="68.20187" lon="13.98277">
    <name>TP4706</name>
  </trkpt>
  <trkpt lat="68.20186" lon="13.98234">
    <name>TP4707</name>
  </trkpt>
  <trkpt lat="68.20185" lon="13.98192">
    <name>TP4708</name>
  </trkpt>
  <trkpt lat="68.20185" lon="13.98182">
    <name>TP4709</name>
  </trkpt>
  <trkpt lat="68.20185" lon="13.9817">
    <name>TP4710</name>
  </trkpt>
  <trkpt lat="68.20184" lon="13.98158">
    <name>TP4711</name>
  </trkpt>
  <trkpt lat="68.20184" lon="13.98148">
    <name>TP4712</name>
  </trkpt>
  <trkpt lat="68.20182" lon="13.98096">
    <name>TP4713</name>
  </trkpt>
  <trkpt lat="68.20181" lon="13.98057">
    <name>TP4714</name>
  </trkpt>
  <trkpt lat="68.20179" lon="13.98019">
    <name>TP4715</name>
  </trkpt>
  <trkpt lat="68.20177" lon="13.97976">
    <name>TP4716</name>
  </trkpt>
  <trkpt lat="68.20176" lon="13.97966">
    <name>TP4717</name>
  </trkpt>
  <trkpt lat="68.20175" lon="13.97954">
    <name>TP4718</name>
  </trkpt>
  <trkpt lat="68.20173" lon="13.9793">
    <name>TP4719</name>
  </trkpt>
  <trkpt lat="68.20168" lon="13.97861">
    <name>TP4720</name>
  </trkpt>
  <trkpt lat="68.20164" lon="13.97803">
    <name>TP4721</name>
  </trkpt>
  <trkpt lat="68.20161" lon="13.97755">
    <name>TP4722</name>
  </trkpt>
  <trkpt lat="68.2016" lon="13.97749">
    <name>TP4723</name>
  </trkpt>
  <trkpt lat="68.20152" lon="13.97633">
    <name>TP4724</name>
  </trkpt>
  <trkpt lat="68.20145" lon="13.97542">
    <name>TP4725</name>
  </trkpt>
  <trkpt lat="68.20144" lon="13.9753">
    <name>TP4726</name>
  </trkpt>
  <trkpt lat="68.20141" lon="13.97482">
    <name>TP4727</name>
  </trkpt>
  <trkpt lat="68.20139" lon="13.9745">
    <name>TP4728</name>
  </trkpt>
  <trkpt lat="68.20132" lon="13.97355">
    <name>TP4729</name>
  </trkpt>
  <trkpt lat="68.2013" lon="13.97328">
    <name>TP4730</name>
  </trkpt>
  <trkpt lat="68.20125" lon="13.97262">
    <name>TP4731</name>
  </trkpt>
  <trkpt lat="68.20119" lon="13.97185">
    <name>TP4732</name>
  </trkpt>
  <trkpt lat="68.20113" lon="13.97112">
    <name>TP4733</name>
  </trkpt>
  <trkpt lat="68.20107" lon="13.97056">
    <name>TP4734</name>
  </trkpt>
  <trkpt lat="68.20103" lon="13.97029">
    <name>TP4735</name>
  </trkpt>
  <trkpt lat="68.20098" lon="13.96998">
    <name>TP4736</name>
  </trkpt>
  <trkpt lat="68.2009" lon="13.96958">
    <name>TP4737</name>
  </trkpt>
  <trkpt lat="68.20081" lon="13.96916">
    <name>TP4738</name>
  </trkpt>
  <trkpt lat="68.20073" lon="13.96887">
    <name>TP4739</name>
  </trkpt>
  <trkpt lat="68.20071" lon="13.9688">
    <name>TP4740</name>
  </trkpt>
  <trkpt lat="68.20062" lon="13.96854">
    <name>TP4741</name>
  </trkpt>
  <trkpt lat="68.20061" lon="13.96851">
    <name>TP4742</name>
  </trkpt>
  <trkpt lat="68.20052" lon="13.96829">
    <name>TP4743</name>
  </trkpt>
  <trkpt lat="68.20047" lon="13.9682">
    <name>TP4744</name>
  </trkpt>
  <trkpt lat="68.2004" lon="13.96807">
    <name>TP4745</name>
  </trkpt>
  <trkpt lat="68.20026" lon="13.96789">
    <name>TP4746</name>
  </trkpt>
  <trkpt lat="68.20012" lon="13.96777">
    <name>TP4747</name>
  </trkpt>
  <trkpt lat="68.19997" lon="13.96768">
    <name>TP4748</name>
  </trkpt>
  <trkpt lat="68.19992" lon="13.96765">
    <name>TP4749</name>
  </trkpt>
  <trkpt lat="68.19973" lon="13.96754">
    <name>TP4750</name>
  </trkpt>
  <trkpt lat="68.19953" lon="13.9674">
    <name>TP4751</name>
  </trkpt>
  <trkpt lat="68.19946" lon="13.96734">
    <name>TP4752</name>
  </trkpt>
  <trkpt lat="68.19945" lon="13.96733">
    <name>TP4753</name>
  </trkpt>
  <trkpt lat="68.19938" lon="13.96728">
    <name>TP4754</name>
  </trkpt>
  <trkpt lat="68.19928" lon="13.96718">
    <name>TP4755</name>
  </trkpt>
  <trkpt lat="68.19923" lon="13.96713">
    <name>TP4756</name>
  </trkpt>
  <trkpt lat="68.19913" lon="13.96697">
    <name>TP4757</name>
  </trkpt>
  <trkpt lat="68.19903" lon="13.96677">
    <name>TP4758</name>
  </trkpt>
  <trkpt lat="68.19899" lon="13.96663">
    <name>TP4759</name>
  </trkpt>
  <trkpt lat="68.19895" lon="13.96649">
    <name>TP4760</name>
  </trkpt>
  <trkpt lat="68.19889" lon="13.96621">
    <name>TP4761</name>
  </trkpt>
  <trkpt lat="68.19887" lon="13.96608">
    <name>TP4762</name>
  </trkpt>
  <trkpt lat="68.19881" lon="13.96579">
    <name>TP4763</name>
  </trkpt>
  <trkpt lat="68.19879" lon="13.9657">
    <name>TP4764</name>
  </trkpt>
  <trkpt lat="68.19873" lon="13.96541">
    <name>TP4765</name>
  </trkpt>
  <trkpt lat="68.19873" lon="13.9654">
    <name>TP4766</name>
  </trkpt>
  <trkpt lat="68.19866" lon="13.96516">
    <name>TP4767</name>
  </trkpt>
  <trkpt lat="68.19863" lon="13.96506">
    <name>TP4768</name>
  </trkpt>
  <trkpt lat="68.19858" lon="13.96494">
    <name>TP4769</name>
  </trkpt>
  <trkpt lat="68.19853" lon="13.96483">
    <name>TP4770</name>
  </trkpt>
  <trkpt lat="68.19852" lon="13.96481">
    <name>TP4771</name>
  </trkpt>
  <trkpt lat="68.19849" lon="13.96476">
    <name>TP4772</name>
  </trkpt>
  <trkpt lat="68.1984947" lon="13.9647582">
    <name>TP4773</name>
  </trkpt>
  <trkpt lat="68.1984947" lon="13.9647582">
    <name>TP4774</name>
  </trkpt>
  <trkpt lat="68.19846" lon="13.96468">
    <name>TP4775</name>
  </trkpt>
  <trkpt lat="68.19838" lon="13.96457">
    <name>TP4776</name>
  </trkpt>
  <trkpt lat="68.19836" lon="13.96454">
    <name>TP4777</name>
  </trkpt>
  <trkpt lat="68.19821" lon="13.96437">
    <name>TP4778</name>
  </trkpt>
  <trkpt lat="68.1982" lon="13.96435">
    <name>TP4779</name>
  </trkpt>
  <trkpt lat="68.19792" lon="13.96403">
    <name>TP4780</name>
  </trkpt>
  <trkpt lat="68.19789" lon="13.96398">
    <name>TP4781</name>
  </trkpt>
  <trkpt lat="68.19778" lon="13.96383">
    <name>TP4782</name>
  </trkpt>
  <trkpt lat="68.19773" lon="13.96374">
    <name>TP4783</name>
  </trkpt>
  <trkpt lat="68.19766" lon="13.96363">
    <name>TP4784</name>
  </trkpt>
  <trkpt lat="68.19764" lon="13.96358">
    <name>TP4785</name>
  </trkpt>
  <trkpt lat="68.19759" lon="13.96346">
    <name>TP4786</name>
  </trkpt>
  <trkpt lat="68.19754" lon="13.96326">
    <name>TP4787</name>
  </trkpt>
  <trkpt lat="68.19749" lon="13.96303">
    <name>TP4788</name>
  </trkpt>
  <trkpt lat="68.19747" lon="13.9629">
    <name>TP4789</name>
  </trkpt>
  <trkpt lat="68.19745" lon="13.96265">
    <name>TP4790</name>
  </trkpt>
  <trkpt lat="68.19742" lon="13.96228">
    <name>TP4791</name>
  </trkpt>
  <trkpt lat="68.19741" lon="13.96173">
    <name>TP4792</name>
  </trkpt>
  <trkpt lat="68.19741" lon="13.96163">
    <name>TP4793</name>
  </trkpt>
  <trkpt lat="68.1974" lon="13.96151">
    <name>TP4794</name>
  </trkpt>
  <trkpt lat="68.1974" lon="13.96139">
    <name>TP4795</name>
  </trkpt>
  <trkpt lat="68.19739" lon="13.96108">
    <name>TP4796</name>
  </trkpt>
  <trkpt lat="68.19738" lon="13.96064">
    <name>TP4797</name>
  </trkpt>
  <trkpt lat="68.19737" lon="13.96041">
    <name>TP4798</name>
  </trkpt>
  <trkpt lat="68.19733" lon="13.95943">
    <name>TP4799</name>
  </trkpt>
  <trkpt lat="68.19733" lon="13.9592">
    <name>TP4800</name>
  </trkpt>
  <trkpt lat="68.19732" lon="13.95876">
    <name>TP4801</name>
  </trkpt>
  <trkpt lat="68.19732" lon="13.95871">
    <name>TP4802</name>
  </trkpt>
  <trkpt lat="68.1973" lon="13.95803">
    <name>TP4803</name>
  </trkpt>
  <trkpt lat="68.19728" lon="13.95765">
    <name>TP4804</name>
  </trkpt>
  <trkpt lat="68.19727" lon="13.95715">
    <name>TP4805</name>
  </trkpt>
  <trkpt lat="68.19726" lon="13.95671">
    <name>TP4806</name>
  </trkpt>
  <trkpt lat="68.19724" lon="13.95631">
    <name>TP4807</name>
  </trkpt>
  <trkpt lat="68.19721" lon="13.95542">
    <name>TP4808</name>
  </trkpt>
  <trkpt lat="68.1972" lon="13.95517">
    <name>TP4809</name>
  </trkpt>
  <trkpt lat="68.19719" lon="13.95492">
    <name>TP4810</name>
  </trkpt>
  <trkpt lat="68.19717" lon="13.9545">
    <name>TP4811</name>
  </trkpt>
  <trkpt lat="68.19715" lon="13.95413">
    <name>TP4812</name>
  </trkpt>
  <trkpt lat="68.19711" lon="13.95381">
    <name>TP4813</name>
  </trkpt>
  <trkpt lat="68.19708" lon="13.95359">
    <name>TP4814</name>
  </trkpt>
  <trkpt lat="68.19706" lon="13.95343">
    <name>TP4815</name>
  </trkpt>
  <trkpt lat="68.19705" lon="13.95336">
    <name>TP4816</name>
  </trkpt>
  <trkpt lat="68.19699" lon="13.95301">
    <name>TP4817</name>
  </trkpt>
  <trkpt lat="68.19697" lon="13.95292">
    <name>TP4818</name>
  </trkpt>
  <trkpt lat="68.19694" lon="13.95266">
    <name>TP4819</name>
  </trkpt>
  <trkpt lat="68.1969" lon="13.95234">
    <name>TP4820</name>
  </trkpt>
  <trkpt lat="68.19686" lon="13.95179">
    <name>TP4821</name>
  </trkpt>
  <trkpt lat="68.19677" lon="13.95088">
    <name>TP4822</name>
  </trkpt>
  <trkpt lat="68.19671" lon="13.95025">
    <name>TP4823</name>
  </trkpt>
  <trkpt lat="68.19669" lon="13.95011">
    <name>TP4824</name>
  </trkpt>
  <trkpt lat="68.19666" lon="13.94976">
    <name>TP4825</name>
  </trkpt>
  <trkpt lat="68.19661" lon="13.94939">
    <name>TP4826</name>
  </trkpt>
  <trkpt lat="68.19648" lon="13.94856">
    <name>TP4827</name>
  </trkpt>
  <trkpt lat="68.19635" lon="13.94781">
    <name>TP4828</name>
  </trkpt>
  <trkpt lat="68.1962" lon="13.94699">
    <name>TP4829</name>
  </trkpt>
  <trkpt lat="68.19611" lon="13.94642">
    <name>TP4830</name>
  </trkpt>
  <trkpt lat="68.19607" lon="13.94622">
    <name>TP4831</name>
  </trkpt>
  <trkpt lat="68.19605" lon="13.94608">
    <name>TP4832</name>
  </trkpt>
  <trkpt lat="68.19597" lon="13.94568">
    <name>TP4833</name>
  </trkpt>
  <trkpt lat="68.19587" lon="13.94512">
    <name>TP4834</name>
  </trkpt>
  <trkpt lat="68.19574" lon="13.94438">
    <name>TP4835</name>
  </trkpt>
  <trkpt lat="68.19565" lon="13.94386">
    <name>TP4836</name>
  </trkpt>
  <trkpt lat="68.19551" lon="13.94313">
    <name>TP4837</name>
  </trkpt>
  <trkpt lat="68.19543" lon="13.94265">
    <name>TP4838</name>
  </trkpt>
  <trkpt lat="68.19541" lon="13.94254">
    <name>TP4839</name>
  </trkpt>
  <trkpt lat="68.1954" lon="13.94252">
    <name>TP4840</name>
  </trkpt>
  <trkpt lat="68.19539" lon="13.94241">
    <name>TP4841</name>
  </trkpt>
  <trkpt lat="68.19535" lon="13.9422">
    <name>TP4842</name>
  </trkpt>
  <trkpt lat="68.19522" lon="13.94156">
    <name>TP4843</name>
  </trkpt>
  <trkpt lat="68.19512" lon="13.94106">
    <name>TP4844</name>
  </trkpt>
  <trkpt lat="68.19501" lon="13.94057">
    <name>TP4845</name>
  </trkpt>
  <trkpt lat="68.19493" lon="13.94023">
    <name>TP4846</name>
  </trkpt>
  <trkpt lat="68.19491" lon="13.94017">
    <name>TP4847</name>
  </trkpt>
  <trkpt lat="68.19484" lon="13.93987">
    <name>TP4848</name>
  </trkpt>
  <trkpt lat="68.19474" lon="13.9395">
    <name>TP4849</name>
  </trkpt>
  <trkpt lat="68.19467" lon="13.93925">
    <name>TP4850</name>
  </trkpt>
  <trkpt lat="68.1946" lon="13.93898">
    <name>TP4851</name>
  </trkpt>
  <trkpt lat="68.19451" lon="13.93873">
    <name>TP4852</name>
  </trkpt>
  <trkpt lat="68.19449" lon="13.93868">
    <name>TP4853</name>
  </trkpt>
  <trkpt lat="68.19443" lon="13.93852">
    <name>TP4854</name>
  </trkpt>
  <trkpt lat="68.19433" lon="13.93826">
    <name>TP4855</name>
  </trkpt>
  <trkpt lat="68.19417" lon="13.9379">
    <name>TP4856</name>
  </trkpt>
  <trkpt lat="68.19402" lon="13.93758">
    <name>TP4857</name>
  </trkpt>
  <trkpt lat="68.19399" lon="13.93751">
    <name>TP4858</name>
  </trkpt>
  <trkpt lat="68.19381" lon="13.93715">
    <name>TP4859</name>
  </trkpt>
  <trkpt lat="68.19372" lon="13.93699">
    <name>TP4860</name>
  </trkpt>
  <trkpt lat="68.19366" lon="13.93689">
    <name>TP4861</name>
  </trkpt>
  <trkpt lat="68.19361" lon="13.9368">
    <name>TP4862</name>
  </trkpt>
  <trkpt lat="68.19349" lon="13.93661">
    <name>TP4863</name>
  </trkpt>
  <trkpt lat="68.19343" lon="13.93654">
    <name>TP4864</name>
  </trkpt>
  <trkpt lat="68.19331" lon="13.93642">
    <name>TP4865</name>
  </trkpt>
  <trkpt lat="68.19315" lon="13.93627">
    <name>TP4866</name>
  </trkpt>
  <trkpt lat="68.19295" lon="13.93605">
    <name>TP4867</name>
  </trkpt>
  <trkpt lat="68.19282" lon="13.9359">
    <name>TP4868</name>
  </trkpt>
  <trkpt lat="68.19271" lon="13.93577">
    <name>TP4869</name>
  </trkpt>
  <trkpt lat="68.19251" lon="13.93551">
    <name>TP4870</name>
  </trkpt>
  <trkpt lat="68.19249" lon="13.93549">
    <name>TP4871</name>
  </trkpt>
  <trkpt lat="68.19233" lon="13.93528">
    <name>TP4872</name>
  </trkpt>
  <trkpt lat="68.19231" lon="13.93525">
    <name>TP4873</name>
  </trkpt>
  <trkpt lat="68.19217" lon="13.93506">
    <name>TP4874</name>
  </trkpt>
  <trkpt lat="68.19213" lon="13.935">
    <name>TP4875</name>
  </trkpt>
  <trkpt lat="68.19201" lon="13.93483">
    <name>TP4876</name>
  </trkpt>
  <trkpt lat="68.19192" lon="13.93471">
    <name>TP4877</name>
  </trkpt>
  <trkpt lat="68.19171" lon="13.93441">
    <name>TP4878</name>
  </trkpt>
  <trkpt lat="68.19155" lon="13.93419">
    <name>TP4879</name>
  </trkpt>
  <trkpt lat="68.19149" lon="13.9341">
    <name>TP4880</name>
  </trkpt>
  <trkpt lat="68.19127" lon="13.9338">
    <name>TP4881</name>
  </trkpt>
  <trkpt lat="68.19109" lon="13.93355">
    <name>TP4882</name>
  </trkpt>
  <trkpt lat="68.19091" lon="13.93328">
    <name>TP4883</name>
  </trkpt>
  <trkpt lat="68.19082" lon="13.93317">
    <name>TP4884</name>
  </trkpt>
  <trkpt lat="68.19071" lon="13.93301">
    <name>TP4885</name>
  </trkpt>
  <trkpt lat="68.19058" lon="13.93288">
    <name>TP4886</name>
  </trkpt>
  <trkpt lat="68.19052" lon="13.93281">
    <name>TP4887</name>
  </trkpt>
  <trkpt lat="68.19043" lon="13.9327">
    <name>TP4888</name>
  </trkpt>
  <trkpt lat="68.19042" lon="13.93269">
    <name>TP4889</name>
  </trkpt>
  <trkpt lat="68.19033" lon="13.93259">
    <name>TP4890</name>
  </trkpt>
  <trkpt lat="68.19022" lon="13.93248">
    <name>TP4891</name>
  </trkpt>
  <trkpt lat="68.19009" lon="13.93236">
    <name>TP4892</name>
  </trkpt>
  <trkpt lat="68.19008" lon="13.93234">
    <name>TP4893</name>
  </trkpt>
  <trkpt lat="68.19007" lon="13.93234">
    <name>TP4894</name>
  </trkpt>
  <trkpt lat="68.18992" lon="13.93219">
    <name>TP4895</name>
  </trkpt>
  <trkpt lat="68.18991" lon="13.93218">
    <name>TP4896</name>
  </trkpt>
  <trkpt lat="68.18989" lon="13.93216">
    <name>TP4897</name>
  </trkpt>
  <trkpt lat="68.18974" lon="13.93203">
    <name>TP4898</name>
  </trkpt>
  <trkpt lat="68.18967" lon="13.93197">
    <name>TP4899</name>
  </trkpt>
  <trkpt lat="68.18957" lon="13.9319">
    <name>TP4900</name>
  </trkpt>
  <trkpt lat="68.18947" lon="13.93182">
    <name>TP4901</name>
  </trkpt>
  <trkpt lat="68.18941" lon="13.93177">
    <name>TP4902</name>
  </trkpt>
  <trkpt lat="68.18931" lon="13.93169">
    <name>TP4903</name>
  </trkpt>
  <trkpt lat="68.18924" lon="13.93163">
    <name>TP4904</name>
  </trkpt>
  <trkpt lat="68.18905" lon="13.93147">
    <name>TP4905</name>
  </trkpt>
  <trkpt lat="68.18896" lon="13.9314">
    <name>TP4906</name>
  </trkpt>
  <trkpt lat="68.18876" lon="13.93125">
    <name>TP4907</name>
  </trkpt>
  <trkpt lat="68.18871" lon="13.93121">
    <name>TP4908</name>
  </trkpt>
  <trkpt lat="68.18862" lon="13.93115">
    <name>TP4909</name>
  </trkpt>
  <trkpt lat="68.18853" lon="13.93112">
    <name>TP4910</name>
  </trkpt>
  <trkpt lat="68.18847" lon="13.93109">
    <name>TP4911</name>
  </trkpt>
  <trkpt lat="68.18832" lon="13.93103">
    <name>TP4912</name>
  </trkpt>
  <trkpt lat="68.1882" lon="13.93098">
    <name>TP4913</name>
  </trkpt>
  <trkpt lat="68.18807" lon="13.93093">
    <name>TP4914</name>
  </trkpt>
  <trkpt lat="68.18796" lon="13.93083">
    <name>TP4915</name>
  </trkpt>
  <trkpt lat="68.18783" lon="13.9307">
    <name>TP4916</name>
  </trkpt>
  <trkpt lat="68.18782" lon="13.93068">
    <name>TP4917</name>
  </trkpt>
  <trkpt lat="68.1877" lon="13.93055">
    <name>TP4918</name>
  </trkpt>
  <trkpt lat="68.18766" lon="13.93053">
    <name>TP4919</name>
  </trkpt>
  <trkpt lat="68.18756" lon="13.93045">
    <name>TP4920</name>
  </trkpt>
  <trkpt lat="68.18749" lon="13.9304">
    <name>TP4921</name>
  </trkpt>
  <trkpt lat="68.18742" lon="13.93035">
    <name>TP4922</name>
  </trkpt>
  <trkpt lat="68.18733" lon="13.93031">
    <name>TP4923</name>
  </trkpt>
  <trkpt lat="68.18722" lon="13.93026">
    <name>TP4924</name>
  </trkpt>
  <trkpt lat="68.18714" lon="13.93022">
    <name>TP4925</name>
  </trkpt>
  <trkpt lat="68.187" lon="13.93017">
    <name>TP4926</name>
  </trkpt>
  <trkpt lat="68.18679" lon="13.93008">
    <name>TP4927</name>
  </trkpt>
  <trkpt lat="68.18678" lon="13.93007">
    <name>TP4928</name>
  </trkpt>
  <trkpt lat="68.18669" lon="13.93001">
    <name>TP4929</name>
  </trkpt>
  <trkpt lat="68.18662" lon="13.92996">
    <name>TP4930</name>
  </trkpt>
  <trkpt lat="68.1866" lon="13.92994">
    <name>TP4931</name>
  </trkpt>
  <trkpt lat="68.18652" lon="13.92989">
    <name>TP4932</name>
  </trkpt>
  <trkpt lat="68.18644" lon="13.92985">
    <name>TP4933</name>
  </trkpt>
  <trkpt lat="68.18641" lon="13.92982">
    <name>TP4934</name>
  </trkpt>
  <trkpt lat="68.18635" lon="13.92977">
    <name>TP4935</name>
  </trkpt>
  <trkpt lat="68.18624" lon="13.92969">
    <name>TP4936</name>
  </trkpt>
  <trkpt lat="68.18617" lon="13.92963">
    <name>TP4937</name>
  </trkpt>
  <trkpt lat="68.1861" lon="13.92956">
    <name>TP4938</name>
  </trkpt>
  <trkpt lat="68.18609" lon="13.92955">
    <name>TP4939</name>
  </trkpt>
  <trkpt lat="68.18605" lon="13.92952">
    <name>TP4940</name>
  </trkpt>
  <trkpt lat="68.18593" lon="13.92941">
    <name>TP4941</name>
  </trkpt>
  <trkpt lat="68.18593" lon="13.9294">
    <name>TP4942</name>
  </trkpt>
  <trkpt lat="68.18592" lon="13.92939">
    <name>TP4943</name>
  </trkpt>
  <trkpt lat="68.18584" lon="13.9293">
    <name>TP4944</name>
  </trkpt>
  <trkpt lat="68.18582" lon="13.92928">
    <name>TP4945</name>
  </trkpt>
  <trkpt lat="68.18575" lon="13.9292">
    <name>TP4946</name>
  </trkpt>
  <trkpt lat="68.1857" lon="13.92913">
    <name>TP4947</name>
  </trkpt>
  <trkpt lat="68.18559" lon="13.92898">
    <name>TP4948</name>
  </trkpt>
  <trkpt lat="68.1855" lon="13.92886">
    <name>TP4949</name>
  </trkpt>
  <trkpt lat="68.18543" lon="13.92877">
    <name>TP4950</name>
  </trkpt>
  <trkpt lat="68.18528" lon="13.92857">
    <name>TP4951</name>
  </trkpt>
  <trkpt lat="68.18527" lon="13.92855">
    <name>TP4952</name>
  </trkpt>
  <trkpt lat="68.18525" lon="13.92852">
    <name>TP4953</name>
  </trkpt>
  <trkpt lat="68.18503" lon="13.92823">
    <name>TP4954</name>
  </trkpt>
  <trkpt lat="68.18502" lon="13.92822">
    <name>TP4955</name>
  </trkpt>
  <trkpt lat="68.18496" lon="13.92814">
    <name>TP4956</name>
  </trkpt>
  <trkpt lat="68.18495" lon="13.92812">
    <name>TP4957</name>
  </trkpt>
  <trkpt lat="68.18481" lon="13.92793">
    <name>TP4958</name>
  </trkpt>
  <trkpt lat="68.1848" lon="13.92792">
    <name>TP4959</name>
  </trkpt>
  <trkpt lat="68.18479" lon="13.9279">
    <name>TP4960</name>
  </trkpt>
  <trkpt lat="68.18464" lon="13.92769">
    <name>TP4961</name>
  </trkpt>
  <trkpt lat="68.18461" lon="13.92765">
    <name>TP4962</name>
  </trkpt>
  <trkpt lat="68.18447" lon="13.92745">
    <name>TP4963</name>
  </trkpt>
  <trkpt lat="68.18435" lon="13.92727">
    <name>TP4964</name>
  </trkpt>
  <trkpt lat="68.18432" lon="13.92724">
    <name>TP4965</name>
  </trkpt>
  <trkpt lat="68.18431" lon="13.92722">
    <name>TP4966</name>
  </trkpt>
  <trkpt lat="68.18426" lon="13.92714">
    <name>TP4967</name>
  </trkpt>
  <trkpt lat="68.18424" lon="13.92709">
    <name>TP4968</name>
  </trkpt>
  <trkpt lat="68.1842" lon="13.92703">
    <name>TP4969</name>
  </trkpt>
  <trkpt lat="68.18417" lon="13.92697">
    <name>TP4970</name>
  </trkpt>
  <trkpt lat="68.18416" lon="13.92695">
    <name>TP4971</name>
  </trkpt>
  <trkpt lat="68.18414" lon="13.92691">
    <name>TP4972</name>
  </trkpt>
  <trkpt lat="68.1841" lon="13.92675">
    <name>TP4973</name>
  </trkpt>
  <trkpt lat="68.18406" lon="13.92656">
    <name>TP4974</name>
  </trkpt>
  <trkpt lat="68.18406" lon="13.92655">
    <name>TP4975</name>
  </trkpt>
  <trkpt lat="68.184" lon="13.9262">
    <name>TP4976</name>
  </trkpt>
  <trkpt lat="68.18399" lon="13.92611">
    <name>TP4977</name>
  </trkpt>
  <trkpt lat="68.18395" lon="13.92579">
    <name>TP4978</name>
  </trkpt>
  <trkpt lat="68.18393" lon="13.92566">
    <name>TP4979</name>
  </trkpt>
  <trkpt lat="68.1839" lon="13.9254">
    <name>TP4980</name>
  </trkpt>
  <trkpt lat="68.18388" lon="13.92519">
    <name>TP4981</name>
  </trkpt>
  <trkpt lat="68.18386" lon="13.92491">
    <name>TP4982</name>
  </trkpt>
  <trkpt lat="68.18384" lon="13.92475">
    <name>TP4983</name>
  </trkpt>
  <trkpt lat="68.18384" lon="13.92472">
    <name>TP4984</name>
  </trkpt>
  <trkpt lat="68.18383" lon="13.92448">
    <name>TP4985</name>
  </trkpt>
  <trkpt lat="68.18382" lon="13.92441">
    <name>TP4986</name>
  </trkpt>
  <trkpt lat="68.18381" lon="13.92428">
    <name>TP4987</name>
  </trkpt>
  <trkpt lat="68.18381" lon="13.92424">
    <name>TP4988</name>
  </trkpt>
  <trkpt lat="68.18379" lon="13.92401">
    <name>TP4989</name>
  </trkpt>
  <trkpt lat="68.18379" lon="13.92394">
    <name>TP4990</name>
  </trkpt>
  <trkpt lat="68.18378" lon="13.9238">
    <name>TP4991</name>
  </trkpt>
  <trkpt lat="68.18377" lon="13.92377">
    <name>TP4992</name>
  </trkpt>
  <trkpt lat="68.18376" lon="13.92354">
    <name>TP4993</name>
  </trkpt>
  <trkpt lat="68.18373" lon="13.9233">
    <name>TP4994</name>
  </trkpt>
  <trkpt lat="68.18372" lon="13.92317">
    <name>TP4995</name>
  </trkpt>
  <trkpt lat="68.18367" lon="13.92284">
    <name>TP4996</name>
  </trkpt>
  <trkpt lat="68.18367" lon="13.92283">
    <name>TP4997</name>
  </trkpt>
  <trkpt lat="68.1836" lon="13.92244">
    <name>TP4998</name>
  </trkpt>
  <trkpt lat="68.18351" lon="13.92201">
    <name>TP4999</name>
  </trkpt>
  <trkpt lat="68.1835" lon="13.92199">
    <name>TP5000</name>
  </trkpt>
  <trkpt lat="68.18342" lon="13.92157">
    <name>TP5001</name>
  </trkpt>
  <trkpt lat="68.1834" lon="13.9215">
    <name>TP5002</name>
  </trkpt>
  <trkpt lat="68.18332" lon="13.92116">
    <name>TP5003</name>
  </trkpt>
  <trkpt lat="68.18329" lon="13.92103">
    <name>TP5004</name>
  </trkpt>
  <trkpt lat="68.18322" lon="13.92076">
    <name>TP5005</name>
  </trkpt>
  <trkpt lat="68.18316" lon="13.92053">
    <name>TP5006</name>
  </trkpt>
  <trkpt lat="68.18311" lon="13.92037">
    <name>TP5007</name>
  </trkpt>
  <trkpt lat="68.183" lon="13.92003">
    <name>TP5008</name>
  </trkpt>
  <trkpt lat="68.18299" lon="13.92">
    <name>TP5009</name>
  </trkpt>
  <trkpt lat="68.18294" lon="13.91982">
    <name>TP5010</name>
  </trkpt>
  <trkpt lat="68.18289" lon="13.91968">
    <name>TP5011</name>
  </trkpt>
  <trkpt lat="68.18288" lon="13.91966">
    <name>TP5012</name>
  </trkpt>
  <trkpt lat="68.18288" lon="13.91963">
    <name>TP5013</name>
  </trkpt>
  <trkpt lat="68.1828" lon="13.91941">
    <name>TP5014</name>
  </trkpt>
  <trkpt lat="68.18272" lon="13.91918">
    <name>TP5015</name>
  </trkpt>
  <trkpt lat="68.18264" lon="13.919">
    <name>TP5016</name>
  </trkpt>
  <trkpt lat="68.18255" lon="13.9188">
    <name>TP5017</name>
  </trkpt>
  <trkpt lat="68.18239" lon="13.91841">
    <name>TP5018</name>
  </trkpt>
  <trkpt lat="68.18235" lon="13.91833">
    <name>TP5019</name>
  </trkpt>
  <trkpt lat="68.18227" lon="13.91815">
    <name>TP5020</name>
  </trkpt>
  <trkpt lat="68.18222" lon="13.91804">
    <name>TP5021</name>
  </trkpt>
  <trkpt lat="68.18217" lon="13.91791">
    <name>TP5022</name>
  </trkpt>
  <trkpt lat="68.1821" lon="13.9177">
    <name>TP5023</name>
  </trkpt>
  <trkpt lat="68.1821" lon="13.91768">
    <name>TP5024</name>
  </trkpt>
  <trkpt lat="68.18209" lon="13.91765">
    <name>TP5025</name>
  </trkpt>
  <trkpt lat="68.18206" lon="13.91748">
    <name>TP5026</name>
  </trkpt>
  <trkpt lat="68.18205" lon="13.91744">
    <name>TP5027</name>
  </trkpt>
  <trkpt lat="68.18202" lon="13.91725">
    <name>TP5028</name>
  </trkpt>
  <trkpt lat="68.18202" lon="13.91724">
    <name>TP5029</name>
  </trkpt>
  <trkpt lat="68.18202" lon="13.91722">
    <name>TP5030</name>
  </trkpt>
  <trkpt lat="68.18199" lon="13.91699">
    <name>TP5031</name>
  </trkpt>
  <trkpt lat="68.18199" lon="13.91697">
    <name>TP5032</name>
  </trkpt>
  <trkpt lat="68.18197" lon="13.91678">
    <name>TP5033</name>
  </trkpt>
  <trkpt lat="68.18197" lon="13.91675">
    <name>TP5034</name>
  </trkpt>
  <trkpt lat="68.18196" lon="13.91672">
    <name>TP5035</name>
  </trkpt>
  <trkpt lat="68.18195" lon="13.91643">
    <name>TP5036</name>
  </trkpt>
  <trkpt lat="68.18196" lon="13.9163">
    <name>TP5037</name>
  </trkpt>
  <trkpt lat="68.18196" lon="13.91627">
    <name>TP5038</name>
  </trkpt>
  <trkpt lat="68.18196" lon="13.91616">
    <name>TP5039</name>
  </trkpt>
  <trkpt lat="68.18199" lon="13.91595">
    <name>TP5040</name>
  </trkpt>
  <trkpt lat="68.18201" lon="13.91585">
    <name>TP5041</name>
  </trkpt>
  <trkpt lat="68.18202" lon="13.91582">
    <name>TP5042</name>
  </trkpt>
  <trkpt lat="68.18203" lon="13.91575">
    <name>TP5043</name>
  </trkpt>
  <trkpt lat="68.18213" lon="13.91538">
    <name>TP5044</name>
  </trkpt>
  <trkpt lat="68.18219" lon="13.91512">
    <name>TP5045</name>
  </trkpt>
  <trkpt lat="68.18223" lon="13.91484">
    <name>TP5046</name>
  </trkpt>
  <trkpt lat="68.18224" lon="13.91478">
    <name>TP5047</name>
  </trkpt>
  <trkpt lat="68.18227" lon="13.91455">
    <name>TP5048</name>
  </trkpt>
  <trkpt lat="68.18228" lon="13.9145">
    <name>TP5049</name>
  </trkpt>
  <trkpt lat="68.18229" lon="13.91431">
    <name>TP5050</name>
  </trkpt>
  <trkpt lat="68.1823" lon="13.91418">
    <name>TP5051</name>
  </trkpt>
  <trkpt lat="68.18231" lon="13.91411">
    <name>TP5052</name>
  </trkpt>
  <trkpt lat="68.18231" lon="13.91408">
    <name>TP5053</name>
  </trkpt>
  <trkpt lat="68.18232" lon="13.91386">
    <name>TP5054</name>
  </trkpt>
  <trkpt lat="68.18233" lon="13.9136">
    <name>TP5055</name>
  </trkpt>
  <trkpt lat="68.18234" lon="13.91354">
    <name>TP5056</name>
  </trkpt>
  <trkpt lat="68.18235" lon="13.91317">
    <name>TP5057</name>
  </trkpt>
  <trkpt lat="68.18235" lon="13.91311">
    <name>TP5058</name>
  </trkpt>
  <trkpt lat="68.18235" lon="13.91266">
    <name>TP5059</name>
  </trkpt>
  <trkpt lat="68.18235" lon="13.91263">
    <name>TP5060</name>
  </trkpt>
  <trkpt lat="68.18236" lon="13.91218">
    <name>TP5061</name>
  </trkpt>
  <trkpt lat="68.18236" lon="13.91215">
    <name>TP5062</name>
  </trkpt>
  <trkpt lat="68.18236" lon="13.91213">
    <name>TP5063</name>
  </trkpt>
  <trkpt lat="68.18238" lon="13.9117">
    <name>TP5064</name>
  </trkpt>
  <trkpt lat="68.18239" lon="13.91143">
    <name>TP5065</name>
  </trkpt>
  <trkpt lat="68.1824" lon="13.91122">
    <name>TP5066</name>
  </trkpt>
  <trkpt lat="68.18241" lon="13.91096">
    <name>TP5067</name>
  </trkpt>
  <trkpt lat="68.18241" lon="13.91094">
    <name>TP5068</name>
  </trkpt>
  <trkpt lat="68.18242" lon="13.9107">
    <name>TP5069</name>
  </trkpt>
  <trkpt lat="68.18242" lon="13.91065">
    <name>TP5070</name>
  </trkpt>
  <trkpt lat="68.18244" lon="13.91047">
    <name>TP5071</name>
  </trkpt>
  <trkpt lat="68.18244" lon="13.91037">
    <name>TP5072</name>
  </trkpt>
  <trkpt lat="68.18246" lon="13.91023">
    <name>TP5073</name>
  </trkpt>
  <trkpt lat="68.18248" lon="13.9101">
    <name>TP5074</name>
  </trkpt>
  <trkpt lat="68.1825" lon="13.91001">
    <name>TP5075</name>
  </trkpt>
  <trkpt lat="68.18254" lon="13.9098">
    <name>TP5076</name>
  </trkpt>
  <trkpt lat="68.18259" lon="13.90951">
    <name>TP5077</name>
  </trkpt>
  <trkpt lat="68.18261" lon="13.90936">
    <name>TP5078</name>
  </trkpt>
  <trkpt lat="68.18263" lon="13.90923">
    <name>TP5079</name>
  </trkpt>
  <trkpt lat="68.18269" lon="13.90887">
    <name>TP5080</name>
  </trkpt>
  <trkpt lat="68.18272" lon="13.90852">
    <name>TP5081</name>
  </trkpt>
  <trkpt lat="68.18273" lon="13.90844">
    <name>TP5082</name>
  </trkpt>
  <trkpt lat="68.18274" lon="13.90815">
    <name>TP5083</name>
  </trkpt>
  <trkpt lat="68.18276" lon="13.90781">
    <name>TP5084</name>
  </trkpt>
  <trkpt lat="68.18278" lon="13.9075">
    <name>TP5085</name>
  </trkpt>
  <trkpt lat="68.18281" lon="13.9071">
    <name>TP5086</name>
  </trkpt>
  <trkpt lat="68.18286" lon="13.90651">
    <name>TP5087</name>
  </trkpt>
  <trkpt lat="68.18292" lon="13.90582">
    <name>TP5088</name>
  </trkpt>
  <trkpt lat="68.18298" lon="13.90513">
    <name>TP5089</name>
  </trkpt>
  <trkpt lat="68.18301" lon="13.90483">
    <name>TP5090</name>
  </trkpt>
  <trkpt lat="68.18303" lon="13.90466">
    <name>TP5091</name>
  </trkpt>
  <trkpt lat="68.18308" lon="13.90419">
    <name>TP5092</name>
  </trkpt>
  <trkpt lat="68.18311" lon="13.90391">
    <name>TP5093</name>
  </trkpt>
  <trkpt lat="68.18312" lon="13.90373">
    <name>TP5094</name>
  </trkpt>
  <trkpt lat="68.18317" lon="13.90329">
    <name>TP5095</name>
  </trkpt>
  <trkpt lat="68.18317" lon="13.90326">
    <name>TP5096</name>
  </trkpt>
  <trkpt lat="68.18318" lon="13.90318">
    <name>TP5097</name>
  </trkpt>
  <trkpt lat="68.18321" lon="13.90282">
    <name>TP5098</name>
  </trkpt>
  <trkpt lat="68.18321" lon="13.90279">
    <name>TP5099</name>
  </trkpt>
  <trkpt lat="68.18323" lon="13.90255">
    <name>TP5100</name>
  </trkpt>
  <trkpt lat="68.18323" lon="13.90253">
    <name>TP5101</name>
  </trkpt>
  <trkpt lat="68.18325" lon="13.90235">
    <name>TP5102</name>
  </trkpt>
  <trkpt lat="68.18326" lon="13.90232">
    <name>TP5103</name>
  </trkpt>
  <trkpt lat="68.18328" lon="13.90211">
    <name>TP5104</name>
  </trkpt>
  <trkpt lat="68.18328" lon="13.90209">
    <name>TP5105</name>
  </trkpt>
  <trkpt lat="68.18331" lon="13.90189">
    <name>TP5106</name>
  </trkpt>
  <trkpt lat="68.18331" lon="13.90186">
    <name>TP5107</name>
  </trkpt>
  <trkpt lat="68.18333" lon="13.90173">
    <name>TP5108</name>
  </trkpt>
  <trkpt lat="68.18339" lon="13.90142">
    <name>TP5109</name>
  </trkpt>
  <trkpt lat="68.18339" lon="13.90139">
    <name>TP5110</name>
  </trkpt>
  <trkpt lat="68.18348" lon="13.901">
    <name>TP5111</name>
  </trkpt>
  <trkpt lat="68.18349" lon="13.90095">
    <name>TP5112</name>
  </trkpt>
  <trkpt lat="68.18357" lon="13.90059">
    <name>TP5113</name>
  </trkpt>
  <trkpt lat="68.18359" lon="13.90052">
    <name>TP5114</name>
  </trkpt>
  <trkpt lat="68.18372" lon="13.90011">
    <name>TP5115</name>
  </trkpt>
  <trkpt lat="68.18388" lon="13.89957">
    <name>TP5116</name>
  </trkpt>
  <trkpt lat="68.18391" lon="13.89946">
    <name>TP5117</name>
  </trkpt>
  <trkpt lat="68.18402" lon="13.89909">
    <name>TP5118</name>
  </trkpt>
  <trkpt lat="68.18405" lon="13.89902">
    <name>TP5119</name>
  </trkpt>
  <trkpt lat="68.18413" lon="13.89874">
    <name>TP5120</name>
  </trkpt>
  <trkpt lat="68.18414" lon="13.89871">
    <name>TP5121</name>
  </trkpt>
  <trkpt lat="68.18417" lon="13.89862">
    <name>TP5122</name>
  </trkpt>
  <trkpt lat="68.18419" lon="13.89852">
    <name>TP5123</name>
  </trkpt>
  <trkpt lat="68.18424" lon="13.89835">
    <name>TP5124</name>
  </trkpt>
  <trkpt lat="68.18425" lon="13.89831">
    <name>TP5125</name>
  </trkpt>
  <trkpt lat="68.18429" lon="13.89811">
    <name>TP5126</name>
  </trkpt>
  <trkpt lat="68.18432" lon="13.89797">
    <name>TP5127</name>
  </trkpt>
  <trkpt lat="68.18432" lon="13.89792">
    <name>TP5128</name>
  </trkpt>
  <trkpt lat="68.18433" lon="13.89789">
    <name>TP5129</name>
  </trkpt>
  <trkpt lat="68.18437" lon="13.8976">
    <name>TP5130</name>
  </trkpt>
  <trkpt lat="68.18438" lon="13.89743">
    <name>TP5131</name>
  </trkpt>
  <trkpt lat="68.18441" lon="13.89721">
    <name>TP5132</name>
  </trkpt>
  <trkpt lat="68.18442" lon="13.89699">
    <name>TP5133</name>
  </trkpt>
  <trkpt lat="68.18442" lon="13.89696">
    <name>TP5134</name>
  </trkpt>
  <trkpt lat="68.18443" lon="13.89686">
    <name>TP5135</name>
  </trkpt>
  <trkpt lat="68.18443" lon="13.89651">
    <name>TP5136</name>
  </trkpt>
  <trkpt lat="68.18443" lon="13.89648">
    <name>TP5137</name>
  </trkpt>
  <trkpt lat="68.18444" lon="13.89615">
    <name>TP5138</name>
  </trkpt>
  <trkpt lat="68.18444" lon="13.89599">
    <name>TP5139</name>
  </trkpt>
  <trkpt lat="68.18443" lon="13.89551">
    <name>TP5140</name>
  </trkpt>
  <trkpt lat="68.18443" lon="13.89545">
    <name>TP5141</name>
  </trkpt>
  <trkpt lat="68.18443" lon="13.89506">
    <name>TP5142</name>
  </trkpt>
  <trkpt lat="68.18443" lon="13.89503">
    <name>TP5143</name>
  </trkpt>
  <trkpt lat="68.18444" lon="13.89468">
    <name>TP5144</name>
  </trkpt>
  <trkpt lat="68.18444" lon="13.89458">
    <name>TP5145</name>
  </trkpt>
  <trkpt lat="68.18444" lon="13.89454">
    <name>TP5146</name>
  </trkpt>
  <trkpt lat="68.18444" lon="13.89439">
    <name>TP5147</name>
  </trkpt>
  <trkpt lat="68.18447" lon="13.89412">
    <name>TP5148</name>
  </trkpt>
  <trkpt lat="68.18447" lon="13.8941">
    <name>TP5149</name>
  </trkpt>
  <trkpt lat="68.18448" lon="13.89407">
    <name>TP5150</name>
  </trkpt>
  <trkpt lat="68.18451" lon="13.89391">
    <name>TP5151</name>
  </trkpt>
  <trkpt lat="68.18452" lon="13.89386">
    <name>TP5152</name>
  </trkpt>
  <trkpt lat="68.18455" lon="13.89372">
    <name>TP5153</name>
  </trkpt>
  <trkpt lat="68.18456" lon="13.89369">
    <name>TP5154</name>
  </trkpt>
  <trkpt lat="68.18457" lon="13.89367">
    <name>TP5155</name>
  </trkpt>
  <trkpt lat="68.18462" lon="13.89355">
    <name>TP5156</name>
  </trkpt>
  <trkpt lat="68.18464" lon="13.89351">
    <name>TP5157</name>
  </trkpt>
  <trkpt lat="68.18471" lon="13.89341">
    <name>TP5158</name>
  </trkpt>
  <trkpt lat="68.18472" lon="13.89339">
    <name>TP5159</name>
  </trkpt>
  <trkpt lat="68.18473" lon="13.89338">
    <name>TP5160</name>
  </trkpt>
  <trkpt lat="68.1848" lon="13.89333">
    <name>TP5161</name>
  </trkpt>
  <trkpt lat="68.18489" lon="13.89327">
    <name>TP5162</name>
  </trkpt>
  <trkpt lat="68.18506" lon="13.8932">
    <name>TP5163</name>
  </trkpt>
  <trkpt lat="68.18507" lon="13.89319">
    <name>TP5164</name>
  </trkpt>
  <trkpt lat="68.18525" lon="13.89315">
    <name>TP5165</name>
  </trkpt>
  <trkpt lat="68.18533" lon="13.89313">
    <name>TP5166</name>
  </trkpt>
  <trkpt lat="68.18559" lon="13.89306">
    <name>TP5167</name>
  </trkpt>
  <trkpt lat="68.18561" lon="13.89306">
    <name>TP5168</name>
  </trkpt>
  <trkpt lat="68.18567" lon="13.89304">
    <name>TP5169</name>
  </trkpt>
  <trkpt lat="68.18577" lon="13.89302">
    <name>TP5170</name>
  </trkpt>
  <trkpt lat="68.18615" lon="13.89294">
    <name>TP5171</name>
  </trkpt>
  <trkpt lat="68.18619" lon="13.89293">
    <name>TP5172</name>
  </trkpt>
  <trkpt lat="68.18649" lon="13.89286">
    <name>TP5173</name>
  </trkpt>
  <trkpt lat="68.18677" lon="13.89276">
    <name>TP5174</name>
  </trkpt>
  <trkpt lat="68.18703" lon="13.89259">
    <name>TP5175</name>
  </trkpt>
  <trkpt lat="68.1872" lon="13.89243">
    <name>TP5176</name>
  </trkpt>
  <trkpt lat="68.18722" lon="13.89242">
    <name>TP5177</name>
  </trkpt>
  <trkpt lat="68.18729" lon="13.89235">
    <name>TP5178</name>
  </trkpt>
  <trkpt lat="68.18737" lon="13.89226">
    <name>TP5179</name>
  </trkpt>
  <trkpt lat="68.18737" lon="13.89225">
    <name>TP5180</name>
  </trkpt>
  <trkpt lat="68.18746" lon="13.89218">
    <name>TP5181</name>
  </trkpt>
  <trkpt lat="68.18749" lon="13.89216">
    <name>TP5182</name>
  </trkpt>
  <trkpt lat="68.18753" lon="13.89213">
    <name>TP5183</name>
  </trkpt>
  <trkpt lat="68.18754" lon="13.89212">
    <name>TP5184</name>
  </trkpt>
  <trkpt lat="68.18761" lon="13.89209">
    <name>TP5185</name>
  </trkpt>
  <trkpt lat="68.18763" lon="13.89208">
    <name>TP5186</name>
  </trkpt>
  <trkpt lat="68.18771" lon="13.89206">
    <name>TP5187</name>
  </trkpt>
  <trkpt lat="68.18772" lon="13.89205">
    <name>TP5188</name>
  </trkpt>
  <trkpt lat="68.18775" lon="13.89205">
    <name>TP5189</name>
  </trkpt>
  <trkpt lat="68.18787" lon="13.89205">
    <name>TP5190</name>
  </trkpt>
  <trkpt lat="68.188" lon="13.89211">
    <name>TP5191</name>
  </trkpt>
  <trkpt lat="68.18808" lon="13.89216">
    <name>TP5192</name>
  </trkpt>
  <trkpt lat="68.18813" lon="13.89219">
    <name>TP5193</name>
  </trkpt>
  <trkpt lat="68.18825" lon="13.89227">
    <name>TP5194</name>
  </trkpt>
  <trkpt lat="68.18828" lon="13.89229">
    <name>TP5195</name>
  </trkpt>
  <trkpt lat="68.18842" lon="13.89239">
    <name>TP5196</name>
  </trkpt>
  <trkpt lat="68.18843" lon="13.8924">
    <name>TP5197</name>
  </trkpt>
  <trkpt lat="68.18858" lon="13.89248">
    <name>TP5198</name>
  </trkpt>
  <trkpt lat="68.18859" lon="13.89248">
    <name>TP5199</name>
  </trkpt>
  <trkpt lat="68.18873" lon="13.89251">
    <name>TP5200</name>
  </trkpt>
  <trkpt lat="68.18877" lon="13.89252">
    <name>TP5201</name>
  </trkpt>
  <trkpt lat="68.18878" lon="13.89252">
    <name>TP5202</name>
  </trkpt>
  <trkpt lat="68.18887" lon="13.89254">
    <name>TP5203</name>
  </trkpt>
  <trkpt lat="68.18891" lon="13.89254">
    <name>TP5204</name>
  </trkpt>
  <trkpt lat="68.18895" lon="13.89255">
    <name>TP5205</name>
  </trkpt>
  <trkpt lat="68.18896" lon="13.89255">
    <name>TP5206</name>
  </trkpt>
  <trkpt lat="68.18905" lon="13.89256">
    <name>TP5207</name>
  </trkpt>
  <trkpt lat="68.18915" lon="13.89256">
    <name>TP5208</name>
  </trkpt>
  <trkpt lat="68.18931" lon="13.89259">
    <name>TP5209</name>
  </trkpt>
  <trkpt lat="68.18974" lon="13.89266">
    <name>TP5210</name>
  </trkpt>
  <trkpt lat="68.19003" lon="13.89273">
    <name>TP5211</name>
  </trkpt>
  <trkpt lat="68.19004" lon="13.89274">
    <name>TP5212</name>
  </trkpt>
  <trkpt lat="68.19035" lon="13.89276">
    <name>TP5213</name>
  </trkpt>
  <trkpt lat="68.1908" lon="13.89282">
    <name>TP5214</name>
  </trkpt>
  <trkpt lat="68.19103" lon="13.89284">
    <name>TP5215</name>
  </trkpt>
  <trkpt lat="68.1911" lon="13.89285">
    <name>TP5216</name>
  </trkpt>
  <trkpt lat="68.19112" lon="13.89285">
    <name>TP5217</name>
  </trkpt>
  <trkpt lat="68.19119" lon="13.89286">
    <name>TP5218</name>
  </trkpt>
  <trkpt lat="68.19121" lon="13.89286">
    <name>TP5219</name>
  </trkpt>
  <trkpt lat="68.19128" lon="13.89287">
    <name>TP5220</name>
  </trkpt>
  <trkpt lat="68.1913" lon="13.89287">
    <name>TP5221</name>
  </trkpt>
  <trkpt lat="68.19152" lon="13.8929">
    <name>TP5222</name>
  </trkpt>
  <trkpt lat="68.19173" lon="13.89292">
    <name>TP5223</name>
  </trkpt>
  <trkpt lat="68.19184" lon="13.89293">
    <name>TP5224</name>
  </trkpt>
  <trkpt lat="68.1919" lon="13.89294">
    <name>TP5225</name>
  </trkpt>
  <trkpt lat="68.19203" lon="13.89296">
    <name>TP5226</name>
  </trkpt>
  <trkpt lat="68.19216" lon="13.89298">
    <name>TP5227</name>
  </trkpt>
  <trkpt lat="68.19226" lon="13.89303">
    <name>TP5228</name>
  </trkpt>
  <trkpt lat="68.19235" lon="13.89307">
    <name>TP5229</name>
  </trkpt>
  <trkpt lat="68.19248" lon="13.89319">
    <name>TP5230</name>
  </trkpt>
  <trkpt lat="68.19253" lon="13.89324">
    <name>TP5231</name>
  </trkpt>
  <trkpt lat="68.19261" lon="13.89331">
    <name>TP5232</name>
  </trkpt>
  <trkpt lat="68.19262" lon="13.89333">
    <name>TP5233</name>
  </trkpt>
  <trkpt lat="68.1927" lon="13.89341">
    <name>TP5234</name>
  </trkpt>
  <trkpt lat="68.19271" lon="13.89342">
    <name>TP5235</name>
  </trkpt>
  <trkpt lat="68.19276" lon="13.89348">
    <name>TP5236</name>
  </trkpt>
  <trkpt lat="68.19279" lon="13.89351">
    <name>TP5237</name>
  </trkpt>
  <trkpt lat="68.19286" lon="13.8936">
    <name>TP5238</name>
  </trkpt>
  <trkpt lat="68.19287" lon="13.89361">
    <name>TP5239</name>
  </trkpt>
  <trkpt lat="68.19295" lon="13.89371">
    <name>TP5240</name>
  </trkpt>
  <trkpt lat="68.19299" lon="13.89376">
    <name>TP5241</name>
  </trkpt>
  <trkpt lat="68.19304" lon="13.89382">
    <name>TP5242</name>
  </trkpt>
  <trkpt lat="68.19312" lon="13.89392">
    <name>TP5243</name>
  </trkpt>
  <trkpt lat="68.19316" lon="13.89398">
    <name>TP5244</name>
  </trkpt>
  <trkpt lat="68.19335" lon="13.8942">
    <name>TP5245</name>
  </trkpt>
  <trkpt lat="68.19353" lon="13.89442">
    <name>TP5246</name>
  </trkpt>
  <trkpt lat="68.19357" lon="13.89448">
    <name>TP5247</name>
  </trkpt>
  <trkpt lat="68.19369" lon="13.89464">
    <name>TP5248</name>
  </trkpt>
  <trkpt lat="68.19374" lon="13.89471">
    <name>TP5249</name>
  </trkpt>
  <trkpt lat="68.1939" lon="13.89494">
    <name>TP5250</name>
  </trkpt>
  <trkpt lat="68.19401" lon="13.89508">
    <name>TP5251</name>
  </trkpt>
  <trkpt lat="68.19404" lon="13.89513">
    <name>TP5252</name>
  </trkpt>
  <trkpt lat="68.19417" lon="13.89528">
    <name>TP5253</name>
  </trkpt>
  <trkpt lat="68.19418" lon="13.89529">
    <name>TP5254</name>
  </trkpt>
  <trkpt lat="68.1943" lon="13.89542">
    <name>TP5255</name>
  </trkpt>
  <trkpt lat="68.19434" lon="13.89546">
    <name>TP5256</name>
  </trkpt>
  <trkpt lat="68.19441" lon="13.89554">
    <name>TP5257</name>
  </trkpt>
  <trkpt lat="68.19442" lon="13.89555">
    <name>TP5258</name>
  </trkpt>
  <trkpt lat="68.19451" lon="13.89564">
    <name>TP5259</name>
  </trkpt>
  <trkpt lat="68.19455" lon="13.89568">
    <name>TP5260</name>
  </trkpt>
  <trkpt lat="68.19459" lon="13.89572">
    <name>TP5261</name>
  </trkpt>
  <trkpt lat="68.19466" lon="13.89579">
    <name>TP5262</name>
  </trkpt>
  <trkpt lat="68.19474" lon="13.89586">
    <name>TP5263</name>
  </trkpt>
  <trkpt lat="68.19495" lon="13.89604">
    <name>TP5264</name>
  </trkpt>
  <trkpt lat="68.19509" lon="13.8962">
    <name>TP5265</name>
  </trkpt>
  <trkpt lat="68.19517" lon="13.8963">
    <name>TP5266</name>
  </trkpt>
  <trkpt lat="68.19523" lon="13.89637">
    <name>TP5267</name>
  </trkpt>
  <trkpt lat="68.19539" lon="13.89655">
    <name>TP5268</name>
  </trkpt>
  <trkpt lat="68.19551" lon="13.89668">
    <name>TP5269</name>
  </trkpt>
  <trkpt lat="68.19552" lon="13.89669">
    <name>TP5270</name>
  </trkpt>
  <trkpt lat="68.19563" lon="13.89678">
    <name>TP5271</name>
  </trkpt>
  <trkpt lat="68.19572" lon="13.89686">
    <name>TP5272</name>
  </trkpt>
  <trkpt lat="68.19583" lon="13.8969">
    <name>TP5273</name>
  </trkpt>
  <trkpt lat="68.19586" lon="13.89691">
    <name>TP5274</name>
  </trkpt>
  <trkpt lat="68.19594" lon="13.89694">
    <name>TP5275</name>
  </trkpt>
  <trkpt lat="68.19602" lon="13.89695">
    <name>TP5276</name>
  </trkpt>
  <trkpt lat="68.19604" lon="13.89695">
    <name>TP5277</name>
  </trkpt>
  <trkpt lat="68.19612" lon="13.89694">
    <name>TP5278</name>
  </trkpt>
  <trkpt lat="68.19613" lon="13.89694">
    <name>TP5279</name>
  </trkpt>
  <trkpt lat="68.19622" lon="13.89689">
    <name>TP5280</name>
  </trkpt>
  <trkpt lat="68.19623" lon="13.89689">
    <name>TP5281</name>
  </trkpt>
  <trkpt lat="68.1963" lon="13.89684">
    <name>TP5282</name>
  </trkpt>
  <trkpt lat="68.19633" lon="13.89682">
    <name>TP5283</name>
  </trkpt>
  <trkpt lat="68.19638" lon="13.89677">
    <name>TP5284</name>
  </trkpt>
  <trkpt lat="68.19639" lon="13.89675">
    <name>TP5285</name>
  </trkpt>
  <trkpt lat="68.19652" lon="13.89662">
    <name>TP5286</name>
  </trkpt>
  <trkpt lat="68.19681" lon="13.89632">
    <name>TP5287</name>
  </trkpt>
  <trkpt lat="68.19689" lon="13.89624">
    <name>TP5288</name>
  </trkpt>
  <trkpt lat="68.19727" lon="13.89584">
    <name>TP5289</name>
  </trkpt>
  <trkpt lat="68.19735" lon="13.89576">
    <name>TP5290</name>
  </trkpt>
  <trkpt lat="68.1974" lon="13.89571">
    <name>TP5291</name>
  </trkpt>
  <trkpt lat="68.19756" lon="13.89553">
    <name>TP5292</name>
  </trkpt>
  <trkpt lat="68.19765" lon="13.89543">
    <name>TP5293</name>
  </trkpt>
  <trkpt lat="68.19781" lon="13.89525">
    <name>TP5294</name>
  </trkpt>
  <trkpt lat="68.1979" lon="13.89516">
    <name>TP5295</name>
  </trkpt>
  <trkpt lat="68.19792" lon="13.89513">
    <name>TP5296</name>
  </trkpt>
  <trkpt lat="68.19804" lon="13.89504">
    <name>TP5297</name>
  </trkpt>
  <trkpt lat="68.19807" lon="13.89503">
    <name>TP5298</name>
  </trkpt>
  <trkpt lat="68.19814" lon="13.895">
    <name>TP5299</name>
  </trkpt>
  <trkpt lat="68.19824" lon="13.89499">
    <name>TP5300</name>
  </trkpt>
  <trkpt lat="68.19836" lon="13.89504">
    <name>TP5301</name>
  </trkpt>
  <trkpt lat="68.19845" lon="13.89512">
    <name>TP5302</name>
  </trkpt>
  <trkpt lat="68.19855" lon="13.89523">
    <name>TP5303</name>
  </trkpt>
  <trkpt lat="68.19859" lon="13.89529">
    <name>TP5304</name>
  </trkpt>
  <trkpt lat="68.19866" lon="13.89541">
    <name>TP5305</name>
  </trkpt>
  <trkpt lat="68.19876" lon="13.89562">
    <name>TP5306</name>
  </trkpt>
  <trkpt lat="68.19882" lon="13.89573">
    <name>TP5307</name>
  </trkpt>
  <trkpt lat="68.19889" lon="13.89591">
    <name>TP5308</name>
  </trkpt>
  <trkpt lat="68.1989" lon="13.89592">
    <name>TP5309</name>
  </trkpt>
  <trkpt lat="68.19898" lon="13.8961">
    <name>TP5310</name>
  </trkpt>
  <trkpt lat="68.19904" lon="13.89621">
    <name>TP5311</name>
  </trkpt>
  <trkpt lat="68.19909" lon="13.89631">
    <name>TP5312</name>
  </trkpt>
  <trkpt lat="68.19919" lon="13.89647">
    <name>TP5313</name>
  </trkpt>
  <trkpt lat="68.19927" lon="13.89658">
    <name>TP5314</name>
  </trkpt>
  <trkpt lat="68.19935" lon="13.89671">
    <name>TP5315</name>
  </trkpt>
  <trkpt lat="68.19936" lon="13.89671">
    <name>TP5316</name>
  </trkpt>
  <trkpt lat="68.19944" lon="13.89689">
    <name>TP5317</name>
  </trkpt>
  <trkpt lat="68.19953" lon="13.8971">
    <name>TP5318</name>
  </trkpt>
  <trkpt lat="68.19963" lon="13.89732">
    <name>TP5319</name>
  </trkpt>
  <trkpt lat="68.19972" lon="13.8975">
    <name>TP5320</name>
  </trkpt>
  <trkpt lat="68.19982" lon="13.89766">
    <name>TP5321</name>
  </trkpt>
  <trkpt lat="68.19992" lon="13.89778">
    <name>TP5322</name>
  </trkpt>
  <trkpt lat="68.20005" lon="13.8979">
    <name>TP5323</name>
  </trkpt>
  <trkpt lat="68.20018" lon="13.89799">
    <name>TP5324</name>
  </trkpt>
  <trkpt lat="68.20029" lon="13.89809">
    <name>TP5325</name>
  </trkpt>
  <trkpt lat="68.20039" lon="13.89819">
    <name>TP5326</name>
  </trkpt>
  <trkpt lat="68.20045" lon="13.89827">
    <name>TP5327</name>
  </trkpt>
  <trkpt lat="68.20048" lon="13.89831">
    <name>TP5328</name>
  </trkpt>
  <trkpt lat="68.20057" lon="13.89843">
    <name>TP5329</name>
  </trkpt>
  <trkpt lat="68.20058" lon="13.89843">
    <name>TP5330</name>
  </trkpt>
  <trkpt lat="68.20061" lon="13.89848">
    <name>TP5331</name>
  </trkpt>
  <trkpt lat="68.20066" lon="13.89855">
    <name>TP5332</name>
  </trkpt>
  <trkpt lat="68.20076" lon="13.89863">
    <name>TP5333</name>
  </trkpt>
  <trkpt lat="68.20088" lon="13.89868">
    <name>TP5334</name>
  </trkpt>
  <trkpt lat="68.20099" lon="13.89872">
    <name>TP5335</name>
  </trkpt>
  <trkpt lat="68.20113" lon="13.89871">
    <name>TP5336</name>
  </trkpt>
  <trkpt lat="68.20114" lon="13.89871">
    <name>TP5337</name>
  </trkpt>
  <trkpt lat="68.20132" lon="13.89864">
    <name>TP5338</name>
  </trkpt>
  <trkpt lat="68.20145" lon="13.89861">
    <name>TP5339</name>
  </trkpt>
  <trkpt lat="68.20156" lon="13.89858">
    <name>TP5340</name>
  </trkpt>
  <trkpt lat="68.20168" lon="13.8985">
    <name>TP5341</name>
  </trkpt>
  <trkpt lat="68.20177" lon="13.89839">
    <name>TP5342</name>
  </trkpt>
  <trkpt lat="68.2018" lon="13.89835">
    <name>TP5343</name>
  </trkpt>
  <trkpt lat="68.20186" lon="13.89821">
    <name>TP5344</name>
  </trkpt>
  <trkpt lat="68.2019" lon="13.89808">
    <name>TP5345</name>
  </trkpt>
  <trkpt lat="68.20193" lon="13.89799">
    <name>TP5346</name>
  </trkpt>
  <trkpt lat="68.202" lon="13.89774">
    <name>TP5347</name>
  </trkpt>
  <trkpt lat="68.20201" lon="13.89769">
    <name>TP5348</name>
  </trkpt>
  <trkpt lat="68.20205" lon="13.89748">
    <name>TP5349</name>
  </trkpt>
  <trkpt lat="68.2021" lon="13.89727">
    <name>TP5350</name>
  </trkpt>
  <trkpt lat="68.2021" lon="13.89726">
    <name>TP5351</name>
  </trkpt>
  <trkpt lat="68.20215" lon="13.89712">
    <name>TP5352</name>
  </trkpt>
  <trkpt lat="68.2022" lon="13.89698">
    <name>TP5353</name>
  </trkpt>
  <trkpt lat="68.20223" lon="13.89694">
    <name>TP5354</name>
  </trkpt>
  <trkpt lat="68.20227" lon="13.89688">
    <name>TP5355</name>
  </trkpt>
  <trkpt lat="68.20236" lon="13.89683">
    <name>TP5356</name>
  </trkpt>
  <trkpt lat="68.20248" lon="13.89684">
    <name>TP5357</name>
  </trkpt>
  <trkpt lat="68.20258" lon="13.89683">
    <name>TP5358</name>
  </trkpt>
  <trkpt lat="68.20262" lon="13.89682">
    <name>TP5359</name>
  </trkpt>
  <trkpt lat="68.20274" lon="13.89678">
    <name>TP5360</name>
  </trkpt>
  <trkpt lat="68.20276" lon="13.89676">
    <name>TP5361</name>
  </trkpt>
  <trkpt lat="68.20286" lon="13.89668">
    <name>TP5362</name>
  </trkpt>
  <trkpt lat="68.20293" lon="13.89661">
    <name>TP5363</name>
  </trkpt>
  <trkpt lat="68.20298" lon="13.89656">
    <name>TP5364</name>
  </trkpt>
  <trkpt lat="68.2031" lon="13.89642">
    <name>TP5365</name>
  </trkpt>
  <trkpt lat="68.2032" lon="13.8963">
    <name>TP5366</name>
  </trkpt>
  <trkpt lat="68.20328" lon="13.89623">
    <name>TP5367</name>
  </trkpt>
  <trkpt lat="68.20337" lon="13.89616">
    <name>TP5368</name>
  </trkpt>
  <trkpt lat="68.20344" lon="13.89614">
    <name>TP5369</name>
  </trkpt>
  <trkpt lat="68.2035" lon="13.89612">
    <name>TP5370</name>
  </trkpt>
  <trkpt lat="68.20354" lon="13.8961">
    <name>TP5371</name>
  </trkpt>
  <trkpt lat="68.20359" lon="13.89608">
    <name>TP5372</name>
  </trkpt>
  <trkpt lat="68.2036" lon="13.89607">
    <name>TP5373</name>
  </trkpt>
  <trkpt lat="68.20361" lon="13.89607">
    <name>TP5374</name>
  </trkpt>
  <trkpt lat="68.20364" lon="13.89605">
    <name>TP5375</name>
  </trkpt>
  <trkpt lat="68.20367" lon="13.89604">
    <name>TP5376</name>
  </trkpt>
  <trkpt lat="68.20382" lon="13.89595">
    <name>TP5377</name>
  </trkpt>
  <trkpt lat="68.20394" lon="13.89589">
    <name>TP5378</name>
  </trkpt>
  <trkpt lat="68.20406" lon="13.8958">
    <name>TP5379</name>
  </trkpt>
  <trkpt lat="68.20417" lon="13.89567">
    <name>TP5380</name>
  </trkpt>
  <trkpt lat="68.2043" lon="13.89551">
    <name>TP5381</name>
  </trkpt>
  <trkpt lat="68.20442" lon="13.89532">
    <name>TP5382</name>
  </trkpt>
  <trkpt lat="68.20449" lon="13.89519">
    <name>TP5383</name>
  </trkpt>
  <trkpt lat="68.20453" lon="13.89511">
    <name>TP5384</name>
  </trkpt>
  <trkpt lat="68.20462" lon="13.89488">
    <name>TP5385</name>
  </trkpt>
  <trkpt lat="68.20463" lon="13.89485">
    <name>TP5386</name>
  </trkpt>
  <trkpt lat="68.20473" lon="13.8946">
    <name>TP5387</name>
  </trkpt>
  <trkpt lat="68.20482" lon="13.89433">
    <name>TP5388</name>
  </trkpt>
  <trkpt lat="68.20486" lon="13.89416">
    <name>TP5389</name>
  </trkpt>
  <trkpt lat="68.20488" lon="13.89408">
    <name>TP5390</name>
  </trkpt>
  <trkpt lat="68.20495" lon="13.8938">
    <name>TP5391</name>
  </trkpt>
  <trkpt lat="68.20495" lon="13.89375">
    <name>TP5392</name>
  </trkpt>
  <trkpt lat="68.20499" lon="13.89355">
    <name>TP5393</name>
  </trkpt>
  <trkpt lat="68.20502" lon="13.8933">
    <name>TP5394</name>
  </trkpt>
  <trkpt lat="68.20503" lon="13.89323">
    <name>TP5395</name>
  </trkpt>
  <trkpt lat="68.20507" lon="13.89295">
    <name>TP5396</name>
  </trkpt>
  <trkpt lat="68.20508" lon="13.89284">
    <name>TP5397</name>
  </trkpt>
  <trkpt lat="68.20513" lon="13.89224">
    <name>TP5398</name>
  </trkpt>
  <trkpt lat="68.20516" lon="13.89189">
    <name>TP5399</name>
  </trkpt>
  <trkpt lat="68.20519" lon="13.89156">
    <name>TP5400</name>
  </trkpt>
  <trkpt lat="68.20522" lon="13.89102">
    <name>TP5401</name>
  </trkpt>
  <trkpt lat="68.20525" lon="13.89072">
    <name>TP5402</name>
  </trkpt>
  <trkpt lat="68.20527" lon="13.89059">
    <name>TP5403</name>
  </trkpt>
  <trkpt lat="68.2053" lon="13.89043">
    <name>TP5404</name>
  </trkpt>
  <trkpt lat="68.20535" lon="13.89018">
    <name>TP5405</name>
  </trkpt>
  <trkpt lat="68.20542" lon="13.88983">
    <name>TP5406</name>
  </trkpt>
  <trkpt lat="68.2055" lon="13.88948">
    <name>TP5407</name>
  </trkpt>
  <trkpt lat="68.20555" lon="13.88915">
    <name>TP5408</name>
  </trkpt>
  <trkpt lat="68.20559" lon="13.88883">
    <name>TP5409</name>
  </trkpt>
  <trkpt lat="68.20563" lon="13.88844">
    <name>TP5410</name>
  </trkpt>
  <trkpt lat="68.20565" lon="13.88805">
    <name>TP5411</name>
  </trkpt>
  <trkpt lat="68.20567" lon="13.88768">
    <name>TP5412</name>
  </trkpt>
  <trkpt lat="68.20567" lon="13.88763">
    <name>TP5413</name>
  </trkpt>
  <trkpt lat="68.20567" lon="13.88757">
    <name>TP5414</name>
  </trkpt>
  <trkpt lat="68.20568" lon="13.88741">
    <name>TP5415</name>
  </trkpt>
  <trkpt lat="68.20568" lon="13.88718">
    <name>TP5416</name>
  </trkpt>
  <trkpt lat="68.20567" lon="13.88704">
    <name>TP5417</name>
  </trkpt>
  <trkpt lat="68.20565" lon="13.88685">
    <name>TP5418</name>
  </trkpt>
  <trkpt lat="68.20562" lon="13.88662">
    <name>TP5419</name>
  </trkpt>
  <trkpt lat="68.20557" lon="13.88645">
    <name>TP5420</name>
  </trkpt>
  <trkpt lat="68.20548" lon="13.88615">
    <name>TP5421</name>
  </trkpt>
  <trkpt lat="68.20542" lon="13.88596">
    <name>TP5422</name>
  </trkpt>
  <trkpt lat="68.20536" lon="13.88576">
    <name>TP5423</name>
  </trkpt>
  <trkpt lat="68.20524" lon="13.88537">
    <name>TP5424</name>
  </trkpt>
  <trkpt lat="68.20518" lon="13.88522">
    <name>TP5425</name>
  </trkpt>
  <trkpt lat="68.20513" lon="13.88506">
    <name>TP5426</name>
  </trkpt>
  <trkpt lat="68.2051" lon="13.88497">
    <name>TP5427</name>
  </trkpt>
  <trkpt lat="68.20506" lon="13.88487">
    <name>TP5428</name>
  </trkpt>
  <trkpt lat="68.20472" lon="13.88372">
    <name>TP5429</name>
  </trkpt>
  <trkpt lat="68.20459" lon="13.88331">
    <name>TP5430</name>
  </trkpt>
  <trkpt lat="68.20442" lon="13.88275">
    <name>TP5431</name>
  </trkpt>
  <trkpt lat="68.20431" lon="13.88237">
    <name>TP5432</name>
  </trkpt>
  <trkpt lat="68.2042" lon="13.882">
    <name>TP5433</name>
  </trkpt>
  <trkpt lat="68.2041" lon="13.88165">
    <name>TP5434</name>
  </trkpt>
  <trkpt lat="68.20403" lon="13.88143">
    <name>TP5435</name>
  </trkpt>
  <trkpt lat="68.20396" lon="13.88124">
    <name>TP5436</name>
  </trkpt>
  <trkpt lat="68.20389" lon="13.8811">
    <name>TP5437</name>
  </trkpt>
  <trkpt lat="68.20383" lon="13.88097">
    <name>TP5438</name>
  </trkpt>
  <trkpt lat="68.20377" lon="13.88089">
    <name>TP5439</name>
  </trkpt>
  <trkpt lat="68.2037" lon="13.88083">
    <name>TP5440</name>
  </trkpt>
  <trkpt lat="68.20362" lon="13.88077">
    <name>TP5441</name>
  </trkpt>
  <trkpt lat="68.20354" lon="13.88073">
    <name>TP5442</name>
  </trkpt>
  <trkpt lat="68.20348" lon="13.88071">
    <name>TP5443</name>
  </trkpt>
  <trkpt lat="68.20344" lon="13.8807">
    <name>TP5444</name>
  </trkpt>
  <trkpt lat="68.20341" lon="13.88069">
    <name>TP5445</name>
  </trkpt>
  <trkpt lat="68.20334" lon="13.88068">
    <name>TP5446</name>
  </trkpt>
  <trkpt lat="68.20324" lon="13.88067">
    <name>TP5447</name>
  </trkpt>
  <trkpt lat="68.20323" lon="13.88067">
    <name>TP5448</name>
  </trkpt>
  <trkpt lat="68.20313" lon="13.88068">
    <name>TP5449</name>
  </trkpt>
  <trkpt lat="68.20309" lon="13.8807">
    <name>TP5450</name>
  </trkpt>
  <trkpt lat="68.20306" lon="13.88071">
    <name>TP5451</name>
  </trkpt>
  <trkpt lat="68.20305" lon="13.88072">
    <name>TP5452</name>
  </trkpt>
  <trkpt lat="68.20303" lon="13.88074">
    <name>TP5453</name>
  </trkpt>
  <trkpt lat="68.20298" lon="13.88079">
    <name>TP5454</name>
  </trkpt>
  <trkpt lat="68.20296" lon="13.88081">
    <name>TP5455</name>
  </trkpt>
  <trkpt lat="68.2029" lon="13.88092">
    <name>TP5456</name>
  </trkpt>
  <trkpt lat="68.2029" lon="13.88093">
    <name>TP5457</name>
  </trkpt>
  <trkpt lat="68.20284" lon="13.88109">
    <name>TP5458</name>
  </trkpt>
  <trkpt lat="68.20278" lon="13.88126">
    <name>TP5459</name>
  </trkpt>
  <trkpt lat="68.20277" lon="13.88128">
    <name>TP5460</name>
  </trkpt>
  <trkpt lat="68.20272" lon="13.88146">
    <name>TP5461</name>
  </trkpt>
  <trkpt lat="68.20266" lon="13.88163">
    <name>TP5462</name>
  </trkpt>
  <trkpt lat="68.20265" lon="13.88164">
    <name>TP5463</name>
  </trkpt>
  <trkpt lat="68.20262" lon="13.8817">
    <name>TP5464</name>
  </trkpt>
  <trkpt lat="68.2026" lon="13.88175">
    <name>TP5465</name>
  </trkpt>
  <trkpt lat="68.20253" lon="13.88184">
    <name>TP5466</name>
  </trkpt>
  <trkpt lat="68.20245" lon="13.88195">
    <name>TP5467</name>
  </trkpt>
  <trkpt lat="68.20234" lon="13.88205">
    <name>TP5468</name>
  </trkpt>
  <trkpt lat="68.20233" lon="13.88206">
    <name>TP5469</name>
  </trkpt>
  <trkpt lat="68.20223" lon="13.88214">
    <name>TP5470</name>
  </trkpt>
  <trkpt lat="68.20214" lon="13.8822">
    <name>TP5471</name>
  </trkpt>
  <trkpt lat="68.20203" lon="13.88223">
    <name>TP5472</name>
  </trkpt>
  <trkpt lat="68.20191" lon="13.88225">
    <name>TP5473</name>
  </trkpt>
  <trkpt lat="68.20176" lon="13.88227">
    <name>TP5474</name>
  </trkpt>
  <trkpt lat="68.20163" lon="13.88229">
    <name>TP5475</name>
  </trkpt>
  <trkpt lat="68.2015" lon="13.8823">
    <name>TP5476</name>
  </trkpt>
  <trkpt lat="68.20139" lon="13.88233">
    <name>TP5477</name>
  </trkpt>
  <trkpt lat="68.20127" lon="13.88239">
    <name>TP5478</name>
  </trkpt>
  <trkpt lat="68.2012" lon="13.88246">
    <name>TP5479</name>
  </trkpt>
  <trkpt lat="68.2011" lon="13.8826">
    <name>TP5480</name>
  </trkpt>
  <trkpt lat="68.20101" lon="13.88276">
    <name>TP5481</name>
  </trkpt>
  <trkpt lat="68.20096" lon="13.88288">
    <name>TP5482</name>
  </trkpt>
  <trkpt lat="68.20091" lon="13.88297">
    <name>TP5483</name>
  </trkpt>
  <trkpt lat="68.20083" lon="13.88321">
    <name>TP5484</name>
  </trkpt>
  <trkpt lat="68.20075" lon="13.88345">
    <name>TP5485</name>
  </trkpt>
  <trkpt lat="68.20071" lon="13.88358">
    <name>TP5486</name>
  </trkpt>
  <trkpt lat="68.20067" lon="13.88375">
    <name>TP5487</name>
  </trkpt>
  <trkpt lat="68.20062" lon="13.88396">
    <name>TP5488</name>
  </trkpt>
  <trkpt lat="68.20056" lon="13.88418">
    <name>TP5489</name>
  </trkpt>
  <trkpt lat="68.2005" lon="13.88437">
    <name>TP5490</name>
  </trkpt>
  <trkpt lat="68.20045" lon="13.88449">
    <name>TP5491</name>
  </trkpt>
  <trkpt lat="68.20043" lon="13.88453">
    <name>TP5492</name>
  </trkpt>
  <trkpt lat="68.20034" lon="13.88471">
    <name>TP5493</name>
  </trkpt>
  <trkpt lat="68.2003" lon="13.88478">
    <name>TP5494</name>
  </trkpt>
  <trkpt lat="68.20025" lon="13.88485">
    <name>TP5495</name>
  </trkpt>
  <trkpt lat="68.20017" lon="13.88496">
    <name>TP5496</name>
  </trkpt>
  <trkpt lat="68.20008" lon="13.88503">
    <name>TP5497</name>
  </trkpt>
  <trkpt lat="68.19997" lon="13.88506">
    <name>TP5498</name>
  </trkpt>
  <trkpt lat="68.19986" lon="13.88506">
    <name>TP5499</name>
  </trkpt>
  <trkpt lat="68.19978" lon="13.88503">
    <name>TP5500</name>
  </trkpt>
  <trkpt lat="68.19973" lon="13.88501">
    <name>TP5501</name>
  </trkpt>
  <trkpt lat="68.1996" lon="13.88492">
    <name>TP5502</name>
  </trkpt>
  <trkpt lat="68.19944" lon="13.88483">
    <name>TP5503</name>
  </trkpt>
  <trkpt lat="68.19927" lon="13.88472">
    <name>TP5504</name>
  </trkpt>
  <trkpt lat="68.19911" lon="13.88459">
    <name>TP5505</name>
  </trkpt>
  <trkpt lat="68.19888" lon="13.88443">
    <name>TP5506</name>
  </trkpt>
  <trkpt lat="68.19867" lon="13.88422">
    <name>TP5507</name>
  </trkpt>
  <trkpt lat="68.19847" lon="13.88403">
    <name>TP5508</name>
  </trkpt>
  <trkpt lat="68.19843" lon="13.88399">
    <name>TP5509</name>
  </trkpt>
  <trkpt lat="68.19833" lon="13.8839">
    <name>TP5510</name>
  </trkpt>
  <trkpt lat="68.19826" lon="13.88383">
    <name>TP5511</name>
  </trkpt>
  <trkpt lat="68.19823" lon="13.88381">
    <name>TP5512</name>
  </trkpt>
  <trkpt lat="68.19815" lon="13.88376">
    <name>TP5513</name>
  </trkpt>
  <trkpt lat="68.19802" lon="13.88368">
    <name>TP5514</name>
  </trkpt>
  <trkpt lat="68.1979" lon="13.88358">
    <name>TP5515</name>
  </trkpt>
  <trkpt lat="68.19773" lon="13.88344">
    <name>TP5516</name>
  </trkpt>
  <trkpt lat="68.19763" lon="13.88334">
    <name>TP5517</name>
  </trkpt>
  <trkpt lat="68.19754" lon="13.88325">
    <name>TP5518</name>
  </trkpt>
  <trkpt lat="68.19735" lon="13.88302">
    <name>TP5519</name>
  </trkpt>
  <trkpt lat="68.19724" lon="13.8829">
    <name>TP5520</name>
  </trkpt>
  <trkpt lat="68.19701" lon="13.88265">
    <name>TP5521</name>
  </trkpt>
  <trkpt lat="68.1968" lon="13.88242">
    <name>TP5522</name>
  </trkpt>
  <trkpt lat="68.19666" lon="13.88222">
    <name>TP5523</name>
  </trkpt>
  <trkpt lat="68.19658" lon="13.8821">
    <name>TP5524</name>
  </trkpt>
  <trkpt lat="68.19657" lon="13.88208">
    <name>TP5525</name>
  </trkpt>
  <trkpt lat="68.1965" lon="13.88192">
    <name>TP5526</name>
  </trkpt>
  <trkpt lat="68.19644" lon="13.88173">
    <name>TP5527</name>
  </trkpt>
  <trkpt lat="68.19637" lon="13.88151">
    <name>TP5528</name>
  </trkpt>
  <trkpt lat="68.19634" lon="13.88139">
    <name>TP5529</name>
  </trkpt>
  <trkpt lat="68.19631" lon="13.88124">
    <name>TP5530</name>
  </trkpt>
  <trkpt lat="68.19626" lon="13.88096">
    <name>TP5531</name>
  </trkpt>
  <trkpt lat="68.19626" lon="13.88093">
    <name>TP5532</name>
  </trkpt>
  <trkpt lat="68.19621" lon="13.8805">
    <name>TP5533</name>
  </trkpt>
  <trkpt lat="68.19616" lon="13.8801">
    <name>TP5534</name>
  </trkpt>
  <trkpt lat="68.19615" lon="13.88004">
    <name>TP5535</name>
  </trkpt>
  <trkpt lat="68.19611" lon="13.87971">
    <name>TP5536</name>
  </trkpt>
  <trkpt lat="68.19605" lon="13.87934">
    <name>TP5537</name>
  </trkpt>
  <trkpt lat="68.19602" lon="13.87914">
    <name>TP5538</name>
  </trkpt>
  <trkpt lat="68.196" lon="13.87899">
    <name>TP5539</name>
  </trkpt>
  <trkpt lat="68.19595" lon="13.87864">
    <name>TP5540</name>
  </trkpt>
  <trkpt lat="68.19591" lon="13.87834">
    <name>TP5541</name>
  </trkpt>
  <trkpt lat="68.1959" lon="13.87823">
    <name>TP5542</name>
  </trkpt>
  <trkpt lat="68.19587" lon="13.87806">
    <name>TP5543</name>
  </trkpt>
  <trkpt lat="68.19583" lon="13.8778">
    <name>TP5544</name>
  </trkpt>
  <trkpt lat="68.19578" lon="13.87755">
    <name>TP5545</name>
  </trkpt>
  <trkpt lat="68.19574" lon="13.87736">
    <name>TP5546</name>
  </trkpt>
  <trkpt lat="68.19572" lon="13.87729">
    <name>TP5547</name>
  </trkpt>
  <trkpt lat="68.19565" lon="13.87703">
    <name>TP5548</name>
  </trkpt>
  <trkpt lat="68.19563" lon="13.87697">
    <name>TP5549</name>
  </trkpt>
  <trkpt lat="68.19557" lon="13.87681">
    <name>TP5550</name>
  </trkpt>
  <trkpt lat="68.19551" lon="13.87663">
    <name>TP5551</name>
  </trkpt>
  <trkpt lat="68.19548" lon="13.87657">
    <name>TP5552</name>
  </trkpt>
  <trkpt lat="68.19539" lon="13.87631">
    <name>TP5553</name>
  </trkpt>
  <trkpt lat="68.19538" lon="13.87629">
    <name>TP5554</name>
  </trkpt>
  <trkpt lat="68.19531" lon="13.87609">
    <name>TP5555</name>
  </trkpt>
  <trkpt lat="68.19525" lon="13.87594">
    <name>TP5556</name>
  </trkpt>
  <trkpt lat="68.19523" lon="13.87587">
    <name>TP5557</name>
  </trkpt>
  <trkpt lat="68.19514" lon="13.87566">
    <name>TP5558</name>
  </trkpt>
  <trkpt lat="68.19504" lon="13.87545">
    <name>TP5559</name>
  </trkpt>
  <trkpt lat="68.19497" lon="13.87533">
    <name>TP5560</name>
  </trkpt>
  <trkpt lat="68.19495" lon="13.87528">
    <name>TP5561</name>
  </trkpt>
  <trkpt lat="68.19485" lon="13.87516">
    <name>TP5562</name>
  </trkpt>
  <trkpt lat="68.19476" lon="13.87506">
    <name>TP5563</name>
  </trkpt>
  <trkpt lat="68.19467" lon="13.87498">
    <name>TP5564</name>
  </trkpt>
  <trkpt lat="68.19464" lon="13.87498">
    <name>TP5565</name>
  </trkpt>
  <trkpt lat="68.19451" lon="13.87494">
    <name>TP5566</name>
  </trkpt>
  <trkpt lat="68.19446" lon="13.87492">
    <name>TP5567</name>
  </trkpt>
  <trkpt lat="68.19434" lon="13.87489">
    <name>TP5568</name>
  </trkpt>
  <trkpt lat="68.19417" lon="13.87486">
    <name>TP5569</name>
  </trkpt>
  <trkpt lat="68.19411" lon="13.87485">
    <name>TP5570</name>
  </trkpt>
  <trkpt lat="68.19402" lon="13.87482">
    <name>TP5571</name>
  </trkpt>
  <trkpt lat="68.19394" lon="13.87478">
    <name>TP5572</name>
  </trkpt>
  <trkpt lat="68.19393" lon="13.87477">
    <name>TP5573</name>
  </trkpt>
  <trkpt lat="68.19387" lon="13.87471">
    <name>TP5574</name>
  </trkpt>
  <trkpt lat="68.1938" lon="13.87464">
    <name>TP5575</name>
  </trkpt>
  <trkpt lat="68.19376" lon="13.87458">
    <name>TP5576</name>
  </trkpt>
  <trkpt lat="68.1937" lon="13.87448">
    <name>TP5577</name>
  </trkpt>
  <trkpt lat="68.19361" lon="13.87432">
    <name>TP5578</name>
  </trkpt>
  <trkpt lat="68.19351" lon="13.87413">
    <name>TP5579</name>
  </trkpt>
  <trkpt lat="68.19346" lon="13.87404">
    <name>TP5580</name>
  </trkpt>
  <trkpt lat="68.19335" lon="13.87383">
    <name>TP5581</name>
  </trkpt>
  <trkpt lat="68.19332" lon="13.87377">
    <name>TP5582</name>
  </trkpt>
  <trkpt lat="68.19323" lon="13.87362">
    <name>TP5583</name>
  </trkpt>
  <trkpt lat="68.19314" lon="13.87342">
    <name>TP5584</name>
  </trkpt>
  <trkpt lat="68.19306" lon="13.87321">
    <name>TP5585</name>
  </trkpt>
  <trkpt lat="68.19304" lon="13.87315">
    <name>TP5586</name>
  </trkpt>
  <trkpt lat="68.19299" lon="13.87297">
    <name>TP5587</name>
  </trkpt>
  <trkpt lat="68.19293" lon="13.87277">
    <name>TP5588</name>
  </trkpt>
  <trkpt lat="68.19289" lon="13.87263">
    <name>TP5589</name>
  </trkpt>
  <trkpt lat="68.19282" lon="13.87239">
    <name>TP5590</name>
  </trkpt>
  <trkpt lat="68.19281" lon="13.87236">
    <name>TP5591</name>
  </trkpt>
  <trkpt lat="68.19271" lon="13.87201">
    <name>TP5592</name>
  </trkpt>
  <trkpt lat="68.19269" lon="13.87197">
    <name>TP5593</name>
  </trkpt>
  <trkpt lat="68.19261" lon="13.87166">
    <name>TP5594</name>
  </trkpt>
  <trkpt lat="68.1926" lon="13.87162">
    <name>TP5595</name>
  </trkpt>
  <trkpt lat="68.19257" lon="13.87152">
    <name>TP5596</name>
  </trkpt>
  <trkpt lat="68.19255" lon="13.87137">
    <name>TP5597</name>
  </trkpt>
  <trkpt lat="68.19253" lon="13.87123">
    <name>TP5598</name>
  </trkpt>
  <trkpt lat="68.19253" lon="13.87118">
    <name>TP5599</name>
  </trkpt>
  <trkpt lat="68.19253" lon="13.87104">
    <name>TP5600</name>
  </trkpt>
  <trkpt lat="68.19255" lon="13.8708">
    <name>TP5601</name>
  </trkpt>
  <trkpt lat="68.19257" lon="13.87071">
    <name>TP5602</name>
  </trkpt>
  <trkpt lat="68.1926" lon="13.87048">
    <name>TP5603</name>
  </trkpt>
  <trkpt lat="68.19263" lon="13.8702">
    <name>TP5604</name>
  </trkpt>
  <trkpt lat="68.19265" lon="13.87009">
    <name>TP5605</name>
  </trkpt>
  <trkpt lat="68.19266" lon="13.86989">
    <name>TP5606</name>
  </trkpt>
  <trkpt lat="68.19266" lon="13.86972">
    <name>TP5607</name>
  </trkpt>
  <trkpt lat="68.19266" lon="13.86946">
    <name>TP5608</name>
  </trkpt>
  <trkpt lat="68.19264" lon="13.8693">
    <name>TP5609</name>
  </trkpt>
  <trkpt lat="68.19263" lon="13.86916">
    <name>TP5610</name>
  </trkpt>
  <trkpt lat="68.19258" lon="13.86885">
    <name>TP5611</name>
  </trkpt>
  <trkpt lat="68.19257" lon="13.86879">
    <name>TP5612</name>
  </trkpt>
  <trkpt lat="68.19251" lon="13.8684">
    <name>TP5613</name>
  </trkpt>
  <trkpt lat="68.1925" lon="13.86835">
    <name>TP5614</name>
  </trkpt>
  <trkpt lat="68.19243" lon="13.86787">
    <name>TP5615</name>
  </trkpt>
  <trkpt lat="68.19237" lon="13.86751">
    <name>TP5616</name>
  </trkpt>
  <trkpt lat="68.19235" lon="13.86741">
    <name>TP5617</name>
  </trkpt>
  <trkpt lat="68.1923" lon="13.86707">
    <name>TP5618</name>
  </trkpt>
  <trkpt lat="68.19228" lon="13.86692">
    <name>TP5619</name>
  </trkpt>
  <trkpt lat="68.19223" lon="13.86662">
    <name>TP5620</name>
  </trkpt>
  <trkpt lat="68.1922" lon="13.86641">
    <name>TP5621</name>
  </trkpt>
  <trkpt lat="68.19216" lon="13.86617">
    <name>TP5622</name>
  </trkpt>
  <trkpt lat="68.19214" lon="13.86598">
    <name>TP5623</name>
  </trkpt>
  <trkpt lat="68.1921" lon="13.86572">
    <name>TP5624</name>
  </trkpt>
  <trkpt lat="68.19207" lon="13.86559">
    <name>TP5625</name>
  </trkpt>
  <trkpt lat="68.19202" lon="13.86529">
    <name>TP5626</name>
  </trkpt>
  <trkpt lat="68.192" lon="13.86519">
    <name>TP5627</name>
  </trkpt>
  <trkpt lat="68.19192" lon="13.86486">
    <name>TP5628</name>
  </trkpt>
  <trkpt lat="68.19187" lon="13.86467">
    <name>TP5629</name>
  </trkpt>
  <trkpt lat="68.19183" lon="13.86452">
    <name>TP5630</name>
  </trkpt>
  <trkpt lat="68.19177" lon="13.86436">
    <name>TP5631</name>
  </trkpt>
  <trkpt lat="68.19173" lon="13.86424">
    <name>TP5632</name>
  </trkpt>
  <trkpt lat="68.19168" lon="13.86409">
    <name>TP5633</name>
  </trkpt>
  <trkpt lat="68.1916" lon="13.86391">
    <name>TP5634</name>
  </trkpt>
  <trkpt lat="68.19148" lon="13.86363">
    <name>TP5635</name>
  </trkpt>
  <trkpt lat="68.19137" lon="13.86336">
    <name>TP5636</name>
  </trkpt>
  <trkpt lat="68.19135" lon="13.86332">
    <name>TP5637</name>
  </trkpt>
  <trkpt lat="68.19132" lon="13.86326">
    <name>TP5638</name>
  </trkpt>
  <trkpt lat="68.19128" lon="13.86316">
    <name>TP5639</name>
  </trkpt>
  <trkpt lat="68.19114" lon="13.86283">
    <name>TP5640</name>
  </trkpt>
  <trkpt lat="68.19108" lon="13.8627">
    <name>TP5641</name>
  </trkpt>
  <trkpt lat="68.19102" lon="13.86257">
    <name>TP5642</name>
  </trkpt>
  <trkpt lat="68.19094" lon="13.86239">
    <name>TP5643</name>
  </trkpt>
  <trkpt lat="68.19092" lon="13.86234">
    <name>TP5644</name>
  </trkpt>
  <trkpt lat="68.1908" lon="13.86208">
    <name>TP5645</name>
  </trkpt>
  <trkpt lat="68.19079" lon="13.86206">
    <name>TP5646</name>
  </trkpt>
  <trkpt lat="68.19068" lon="13.86182">
    <name>TP5647</name>
  </trkpt>
  <trkpt lat="68.19059" lon="13.86166">
    <name>TP5648</name>
  </trkpt>
  <trkpt lat="68.19054" lon="13.86155">
    <name>TP5649</name>
  </trkpt>
  <trkpt lat="68.1904" lon="13.86131">
    <name>TP5650</name>
  </trkpt>
  <trkpt lat="68.19025" lon="13.86109">
    <name>TP5651</name>
  </trkpt>
  <trkpt lat="68.19022" lon="13.86105">
    <name>TP5652</name>
  </trkpt>
  <trkpt lat="68.19012" lon="13.86089">
    <name>TP5653</name>
  </trkpt>
  <trkpt lat="68.19006" lon="13.86082">
    <name>TP5654</name>
  </trkpt>
  <trkpt lat="68.18999" lon="13.86071">
    <name>TP5655</name>
  </trkpt>
  <trkpt lat="68.18987" lon="13.86057">
    <name>TP5656</name>
  </trkpt>
  <trkpt lat="68.18977" lon="13.86045">
    <name>TP5657</name>
  </trkpt>
  <trkpt lat="68.18968" lon="13.86035">
    <name>TP5658</name>
  </trkpt>
  <trkpt lat="68.1896" lon="13.86028">
    <name>TP5659</name>
  </trkpt>
  <trkpt lat="68.18951" lon="13.86021">
    <name>TP5660</name>
  </trkpt>
  <trkpt lat="68.18942" lon="13.86015">
    <name>TP5661</name>
  </trkpt>
  <trkpt lat="68.18939" lon="13.86013">
    <name>TP5662</name>
  </trkpt>
  <trkpt lat="68.18925" lon="13.86005">
    <name>TP5663</name>
  </trkpt>
  <trkpt lat="68.18922" lon="13.86003">
    <name>TP5664</name>
  </trkpt>
  <trkpt lat="68.18908" lon="13.85996">
    <name>TP5665</name>
  </trkpt>
  <trkpt lat="68.18904" lon="13.85994">
    <name>TP5666</name>
  </trkpt>
  <trkpt lat="68.18887" lon="13.85984">
    <name>TP5667</name>
  </trkpt>
  <trkpt lat="68.18886" lon="13.85984">
    <name>TP5668</name>
  </trkpt>
  <trkpt lat="68.18869" lon="13.85974">
    <name>TP5669</name>
  </trkpt>
  <trkpt lat="68.18855" lon="13.85966">
    <name>TP5670</name>
  </trkpt>
  <trkpt lat="68.18851" lon="13.85964">
    <name>TP5671</name>
  </trkpt>
  <trkpt lat="68.18834" lon="13.85955">
    <name>TP5672</name>
  </trkpt>
  <trkpt lat="68.18819" lon="13.85947">
    <name>TP5673</name>
  </trkpt>
  <trkpt lat="68.18816" lon="13.85945">
    <name>TP5674</name>
  </trkpt>
  <trkpt lat="68.18798" lon="13.85935">
    <name>TP5675</name>
  </trkpt>
  <trkpt lat="68.18792" lon="13.85932">
    <name>TP5676</name>
  </trkpt>
  <trkpt lat="68.18781" lon="13.85926">
    <name>TP5677</name>
  </trkpt>
  <trkpt lat="68.18761" lon="13.85915">
    <name>TP5678</name>
  </trkpt>
  <trkpt lat="68.18739" lon="13.85904">
    <name>TP5679</name>
  </trkpt>
  <trkpt lat="68.18713" lon="13.8589">
    <name>TP5680</name>
  </trkpt>
  <trkpt lat="68.1871" lon="13.85889">
    <name>TP5681</name>
  </trkpt>
  <trkpt lat="68.18697" lon="13.85882">
    <name>TP5682</name>
  </trkpt>
  <trkpt lat="68.18693" lon="13.8588">
    <name>TP5683</name>
  </trkpt>
  <trkpt lat="68.18686" lon="13.85877">
    <name>TP5684</name>
  </trkpt>
  <trkpt lat="68.18675" lon="13.85873">
    <name>TP5685</name>
  </trkpt>
  <trkpt lat="68.18664" lon="13.85869">
    <name>TP5686</name>
  </trkpt>
  <trkpt lat="68.18653" lon="13.85866">
    <name>TP5687</name>
  </trkpt>
  <trkpt lat="68.18642" lon="13.85866">
    <name>TP5688</name>
  </trkpt>
  <trkpt lat="68.1863" lon="13.85866">
    <name>TP5689</name>
  </trkpt>
  <trkpt lat="68.18619" lon="13.85869">
    <name>TP5690</name>
  </trkpt>
  <trkpt lat="68.18607" lon="13.85872">
    <name>TP5691</name>
  </trkpt>
  <trkpt lat="68.18597" lon="13.85879">
    <name>TP5692</name>
  </trkpt>
  <trkpt lat="68.18587" lon="13.85887">
    <name>TP5693</name>
  </trkpt>
  <trkpt lat="68.18575" lon="13.859">
    <name>TP5694</name>
  </trkpt>
  <trkpt lat="68.18563" lon="13.85917">
    <name>TP5695</name>
  </trkpt>
  <trkpt lat="68.1855" lon="13.85939">
    <name>TP5696</name>
  </trkpt>
  <trkpt lat="68.18531" lon="13.85971">
    <name>TP5697</name>
  </trkpt>
  <trkpt lat="68.18518" lon="13.85997">
    <name>TP5698</name>
  </trkpt>
  <trkpt lat="68.18508" lon="13.86014">
    <name>TP5699</name>
  </trkpt>
  <trkpt lat="68.18498" lon="13.86029">
    <name>TP5700</name>
  </trkpt>
  <trkpt lat="68.1849" lon="13.86038">
    <name>TP5701</name>
  </trkpt>
  <trkpt lat="68.18483" lon="13.86044">
    <name>TP5702</name>
  </trkpt>
  <trkpt lat="68.18476" lon="13.86047">
    <name>TP5703</name>
  </trkpt>
  <trkpt lat="68.18469" lon="13.86047">
    <name>TP5704</name>
  </trkpt>
  <trkpt lat="68.18459" lon="13.86044">
    <name>TP5705</name>
  </trkpt>
  <trkpt lat="68.18448" lon="13.86039">
    <name>TP5706</name>
  </trkpt>
  <trkpt lat="68.18436" lon="13.86032">
    <name>TP5707</name>
  </trkpt>
  <trkpt lat="68.18424" lon="13.86021">
    <name>TP5708</name>
  </trkpt>
  <trkpt lat="68.18411" lon="13.86004">
    <name>TP5709</name>
  </trkpt>
  <trkpt lat="68.18402" lon="13.85989">
    <name>TP5710</name>
  </trkpt>
  <trkpt lat="68.18393" lon="13.85971">
    <name>TP5711</name>
  </trkpt>
  <trkpt lat="68.18387" lon="13.8596">
    <name>TP5712</name>
  </trkpt>
  <trkpt lat="68.18379" lon="13.85939">
    <name>TP5713</name>
  </trkpt>
  <trkpt lat="68.18375" lon="13.85929">
    <name>TP5714</name>
  </trkpt>
  <trkpt lat="68.18366" lon="13.85905">
    <name>TP5715</name>
  </trkpt>
  <trkpt lat="68.18361" lon="13.85891">
    <name>TP5716</name>
  </trkpt>
  <trkpt lat="68.18354" lon="13.85871">
    <name>TP5717</name>
  </trkpt>
  <trkpt lat="68.18348" lon="13.85855">
    <name>TP5718</name>
  </trkpt>
  <trkpt lat="68.18341" lon="13.85836">
    <name>TP5719</name>
  </trkpt>
  <trkpt lat="68.18334" lon="13.85815">
    <name>TP5720</name>
  </trkpt>
  <trkpt lat="68.18323" lon="13.85779">
    <name>TP5721</name>
  </trkpt>
  <trkpt lat="68.18314" lon="13.85747">
    <name>TP5722</name>
  </trkpt>
  <trkpt lat="68.18307" lon="13.85723">
    <name>TP5723</name>
  </trkpt>
  <trkpt lat="68.18306" lon="13.85716">
    <name>TP5724</name>
  </trkpt>
  <trkpt lat="68.18299" lon="13.8569">
    <name>TP5725</name>
  </trkpt>
  <trkpt lat="68.18294" lon="13.85662">
    <name>TP5726</name>
  </trkpt>
  <trkpt lat="68.18291" lon="13.85643">
    <name>TP5727</name>
  </trkpt>
  <trkpt lat="68.1829" lon="13.85638">
    <name>TP5728</name>
  </trkpt>
  <trkpt lat="68.18288" lon="13.85622">
    <name>TP5729</name>
  </trkpt>
  <trkpt lat="68.18285" lon="13.85599">
    <name>TP5730</name>
  </trkpt>
  <trkpt lat="68.18284" lon="13.85593">
    <name>TP5731</name>
  </trkpt>
  <trkpt lat="68.18281" lon="13.85572">
    <name>TP5732</name>
  </trkpt>
  <trkpt lat="68.1828" lon="13.85546">
    <name>TP5733</name>
  </trkpt>
  <trkpt lat="68.18279" lon="13.85533">
    <name>TP5734</name>
  </trkpt>
  <trkpt lat="68.18277" lon="13.85498">
    <name>TP5735</name>
  </trkpt>
  <trkpt lat="68.18277" lon="13.85492">
    <name>TP5736</name>
  </trkpt>
  <trkpt lat="68.18274" lon="13.85465">
    <name>TP5737</name>
  </trkpt>
  <trkpt lat="68.18273" lon="13.85451">
    <name>TP5738</name>
  </trkpt>
  <trkpt lat="68.18272" lon="13.8543">
    <name>TP5739</name>
  </trkpt>
  <trkpt lat="68.18267" lon="13.85396">
    <name>TP5740</name>
  </trkpt>
  <trkpt lat="68.18263" lon="13.85371">
    <name>TP5741</name>
  </trkpt>
  <trkpt lat="68.1826" lon="13.85362">
    <name>TP5742</name>
  </trkpt>
  <trkpt lat="68.18257" lon="13.85349">
    <name>TP5743</name>
  </trkpt>
  <trkpt lat="68.18249" lon="13.85329">
    <name>TP5744</name>
  </trkpt>
  <trkpt lat="68.18241" lon="13.85315">
    <name>TP5745</name>
  </trkpt>
  <trkpt lat="68.18233" lon="13.85303">
    <name>TP5746</name>
  </trkpt>
  <trkpt lat="68.18232" lon="13.85302">
    <name>TP5747</name>
  </trkpt>
  <trkpt lat="68.18223" lon="13.85295">
    <name>TP5748</name>
  </trkpt>
  <trkpt lat="68.18215" lon="13.85291">
    <name>TP5749</name>
  </trkpt>
  <trkpt lat="68.1821" lon="13.85288">
    <name>TP5750</name>
  </trkpt>
  <trkpt lat="68.18187" lon="13.85281">
    <name>TP5751</name>
  </trkpt>
  <trkpt lat="68.18153" lon="13.85271">
    <name>TP5752</name>
  </trkpt>
  <trkpt lat="68.18125" lon="13.85263">
    <name>TP5753</name>
  </trkpt>
  <trkpt lat="68.18122" lon="13.85262">
    <name>TP5754</name>
  </trkpt>
  <trkpt lat="68.18099" lon="13.85257">
    <name>TP5755</name>
  </trkpt>
  <trkpt lat="68.18081" lon="13.85254">
    <name>TP5756</name>
  </trkpt>
  <trkpt lat="68.18072" lon="13.85252">
    <name>TP5757</name>
  </trkpt>
  <trkpt lat="68.18067" lon="13.85251">
    <name>TP5758</name>
  </trkpt>
  <trkpt lat="68.18054" lon="13.85248">
    <name>TP5759</name>
  </trkpt>
  <trkpt lat="68.18043" lon="13.85242">
    <name>TP5760</name>
  </trkpt>
  <trkpt lat="68.18036" lon="13.85235">
    <name>TP5761</name>
  </trkpt>
  <trkpt lat="68.18034" lon="13.85232">
    <name>TP5762</name>
  </trkpt>
  <trkpt lat="68.18024" lon="13.85219">
    <name>TP5763</name>
  </trkpt>
  <trkpt lat="68.1802" lon="13.85213">
    <name>TP5764</name>
  </trkpt>
  <trkpt lat="68.18013" lon="13.852">
    <name>TP5765</name>
  </trkpt>
  <trkpt lat="68.18006" lon="13.85186">
    <name>TP5766</name>
  </trkpt>
  <trkpt lat="68.18002" lon="13.85178">
    <name>TP5767</name>
  </trkpt>
  <trkpt lat="68.17992" lon="13.85155">
    <name>TP5768</name>
  </trkpt>
  <trkpt lat="68.17992" lon="13.85154">
    <name>TP5769</name>
  </trkpt>
  <trkpt lat="68.17978" lon="13.85123">
    <name>TP5770</name>
  </trkpt>
  <trkpt lat="68.17977" lon="13.85118">
    <name>TP5771</name>
  </trkpt>
  <trkpt lat="68.17965" lon="13.85091">
    <name>TP5772</name>
  </trkpt>
  <trkpt lat="68.17954" lon="13.85064">
    <name>TP5773</name>
  </trkpt>
  <trkpt lat="68.17952" lon="13.85058">
    <name>TP5774</name>
  </trkpt>
  <trkpt lat="68.17944" lon="13.8504">
    <name>TP5775</name>
  </trkpt>
  <trkpt lat="68.17938" lon="13.85027">
    <name>TP5776</name>
  </trkpt>
  <trkpt lat="68.17934" lon="13.85018">
    <name>TP5777</name>
  </trkpt>
  <trkpt lat="68.17924" lon="13.85">
    <name>TP5778</name>
  </trkpt>
  <trkpt lat="68.17916" lon="13.84985">
    <name>TP5779</name>
  </trkpt>
  <trkpt lat="68.17909" lon="13.84974">
    <name>TP5780</name>
  </trkpt>
  <trkpt lat="68.17908" lon="13.84973">
    <name>TP5781</name>
  </trkpt>
  <trkpt lat="68.17899" lon="13.84962">
    <name>TP5782</name>
  </trkpt>
  <trkpt lat="68.17891" lon="13.84955">
    <name>TP5783</name>
  </trkpt>
  <trkpt lat="68.17889" lon="13.84952">
    <name>TP5784</name>
  </trkpt>
  <trkpt lat="68.17877" lon="13.84944">
    <name>TP5785</name>
  </trkpt>
  <trkpt lat="68.17865" lon="13.84937">
    <name>TP5786</name>
  </trkpt>
  <trkpt lat="68.17852" lon="13.84932">
    <name>TP5787</name>
  </trkpt>
  <trkpt lat="68.17836" lon="13.84929">
    <name>TP5788</name>
  </trkpt>
  <trkpt lat="68.17832" lon="13.84929">
    <name>TP5789</name>
  </trkpt>
  <trkpt lat="68.17821" lon="13.84927">
    <name>TP5790</name>
  </trkpt>
  <trkpt lat="68.17807" lon="13.84928">
    <name>TP5791</name>
  </trkpt>
  <trkpt lat="68.17803" lon="13.84929">
    <name>TP5792</name>
  </trkpt>
  <trkpt lat="68.17785" lon="13.84933">
    <name>TP5793</name>
  </trkpt>
  <trkpt lat="68.17779" lon="13.84934">
    <name>TP5794</name>
  </trkpt>
  <trkpt lat="68.17749" lon="13.8494">
    <name>TP5795</name>
  </trkpt>
  <trkpt lat="68.17746" lon="13.8494">
    <name>TP5796</name>
  </trkpt>
  <trkpt lat="68.17731" lon="13.84944">
    <name>TP5797</name>
  </trkpt>
  <trkpt lat="68.17725" lon="13.84945">
    <name>TP5798</name>
  </trkpt>
  <trkpt lat="68.17709" lon="13.84947">
    <name>TP5799</name>
  </trkpt>
  <trkpt lat="68.17698" lon="13.84949">
    <name>TP5800</name>
  </trkpt>
  <trkpt lat="68.17685" lon="13.84949">
    <name>TP5801</name>
  </trkpt>
  <trkpt lat="68.17674" lon="13.84944">
    <name>TP5802</name>
  </trkpt>
  <trkpt lat="68.17665" lon="13.84936">
    <name>TP5803</name>
  </trkpt>
  <trkpt lat="68.17656" lon="13.84926">
    <name>TP5804</name>
  </trkpt>
  <trkpt lat="68.17646" lon="13.84915">
    <name>TP5805</name>
  </trkpt>
  <trkpt lat="68.17643" lon="13.84912">
    <name>TP5806</name>
  </trkpt>
  <trkpt lat="68.17637" lon="13.84905">
    <name>TP5807</name>
  </trkpt>
  <trkpt lat="68.17625" lon="13.84898">
    <name>TP5808</name>
  </trkpt>
  <trkpt lat="68.17613" lon="13.84894">
    <name>TP5809</name>
  </trkpt>
  <trkpt lat="68.17608" lon="13.84894">
    <name>TP5810</name>
  </trkpt>
  <trkpt lat="68.176" lon="13.84894">
    <name>TP5811</name>
  </trkpt>
  <trkpt lat="68.1759" lon="13.84898">
    <name>TP5812</name>
  </trkpt>
  <trkpt lat="68.17587" lon="13.849">
    <name>TP5813</name>
  </trkpt>
  <trkpt lat="68.17575" lon="13.84908">
    <name>TP5814</name>
  </trkpt>
  <trkpt lat="68.17573" lon="13.8491">
    <name>TP5815</name>
  </trkpt>
  <trkpt lat="68.17564" lon="13.84913">
    <name>TP5816</name>
  </trkpt>
  <trkpt lat="68.17556" lon="13.84917">
    <name>TP5817</name>
  </trkpt>
  <trkpt lat="68.17548" lon="13.84918">
    <name>TP5818</name>
  </trkpt>
  <trkpt lat="68.17538" lon="13.84915">
    <name>TP5819</name>
  </trkpt>
  <trkpt lat="68.17527" lon="13.84908">
    <name>TP5820</name>
  </trkpt>
  <trkpt lat="68.17516" lon="13.84898">
    <name>TP5821</name>
  </trkpt>
  <trkpt lat="68.17505" lon="13.84887">
    <name>TP5822</name>
  </trkpt>
  <trkpt lat="68.17492" lon="13.84875">
    <name>TP5823</name>
  </trkpt>
  <trkpt lat="68.17486" lon="13.84871">
    <name>TP5824</name>
  </trkpt>
  <trkpt lat="68.1748" lon="13.84867">
    <name>TP5825</name>
  </trkpt>
  <trkpt lat="68.17468" lon="13.84862">
    <name>TP5826</name>
  </trkpt>
  <trkpt lat="68.17454" lon="13.8486">
    <name>TP5827</name>
  </trkpt>
  <trkpt lat="68.1745" lon="13.8486">
    <name>TP5828</name>
  </trkpt>
  <trkpt lat="68.17442" lon="13.8486">
    <name>TP5829</name>
  </trkpt>
  <trkpt lat="68.1743" lon="13.84862">
    <name>TP5830</name>
  </trkpt>
  <trkpt lat="68.17417" lon="13.84865">
    <name>TP5831</name>
  </trkpt>
  <trkpt lat="68.174" lon="13.84868">
    <name>TP5832</name>
  </trkpt>
  <trkpt lat="68.17384" lon="13.8487">
    <name>TP5833</name>
  </trkpt>
  <trkpt lat="68.17378" lon="13.84869">
    <name>TP5834</name>
  </trkpt>
  <trkpt lat="68.17368" lon="13.84869">
    <name>TP5835</name>
  </trkpt>
  <trkpt lat="68.17353" lon="13.84863">
    <name>TP5836</name>
  </trkpt>
  <trkpt lat="68.17338" lon="13.84855">
    <name>TP5837</name>
  </trkpt>
  <trkpt lat="68.17325" lon="13.84844">
    <name>TP5838</name>
  </trkpt>
  <trkpt lat="68.17323" lon="13.84842">
    <name>TP5839</name>
  </trkpt>
  <trkpt lat="68.17308" lon="13.84828">
    <name>TP5840</name>
  </trkpt>
  <trkpt lat="68.17304" lon="13.84824">
    <name>TP5841</name>
  </trkpt>
  <trkpt lat="68.17291" lon="13.84811">
    <name>TP5842</name>
  </trkpt>
  <trkpt lat="68.17277" lon="13.84795">
    <name>TP5843</name>
  </trkpt>
  <trkpt lat="68.17264" lon="13.84779">
    <name>TP5844</name>
  </trkpt>
  <trkpt lat="68.17258" lon="13.84773">
    <name>TP5845</name>
  </trkpt>
  <trkpt lat="68.17251" lon="13.84765">
    <name>TP5846</name>
  </trkpt>
  <trkpt lat="68.17242" lon="13.84752">
    <name>TP5847</name>
  </trkpt>
  <trkpt lat="68.17239" lon="13.84747">
    <name>TP5848</name>
  </trkpt>
  <trkpt lat="68.17228" lon="13.84725">
    <name>TP5849</name>
  </trkpt>
  <trkpt lat="68.17228" lon="13.84724">
    <name>TP5850</name>
  </trkpt>
  <trkpt lat="68.17218" lon="13.847">
    <name>TP5851</name>
  </trkpt>
  <trkpt lat="68.17215" lon="13.84691">
    <name>TP5852</name>
  </trkpt>
  <trkpt lat="68.17207" lon="13.84672">
    <name>TP5853</name>
  </trkpt>
  <trkpt lat="68.17197" lon="13.84648">
    <name>TP5854</name>
  </trkpt>
  <trkpt lat="68.17189" lon="13.84627">
    <name>TP5855</name>
  </trkpt>
  <trkpt lat="68.17188" lon="13.84626">
    <name>TP5856</name>
  </trkpt>
  <trkpt lat="68.1718" lon="13.84612">
    <name>TP5857</name>
  </trkpt>
  <trkpt lat="68.17172" lon="13.84602">
    <name>TP5858</name>
  </trkpt>
  <trkpt lat="68.17171" lon="13.846">
    <name>TP5859</name>
  </trkpt>
  <trkpt lat="68.1716" lon="13.84591">
    <name>TP5860</name>
  </trkpt>
  <trkpt lat="68.17155" lon="13.84589">
    <name>TP5861</name>
  </trkpt>
  <trkpt lat="68.17148" lon="13.84585">
    <name>TP5862</name>
  </trkpt>
  <trkpt lat="68.17137" lon="13.84582">
    <name>TP5863</name>
  </trkpt>
  <trkpt lat="68.17129" lon="13.8458">
    <name>TP5864</name>
  </trkpt>
  <trkpt lat="68.17119" lon="13.84578">
    <name>TP5865</name>
  </trkpt>
  <trkpt lat="68.17113" lon="13.84577">
    <name>TP5866</name>
  </trkpt>
  <trkpt lat="68.17098" lon="13.84573">
    <name>TP5867</name>
  </trkpt>
  <trkpt lat="68.17086" lon="13.84573">
    <name>TP5868</name>
  </trkpt>
  <trkpt lat="68.17084" lon="13.84571">
    <name>TP5869</name>
  </trkpt>
  <trkpt lat="68.17078" lon="13.84569">
    <name>TP5870</name>
  </trkpt>
  <trkpt lat="68.17069" lon="13.84562">
    <name>TP5871</name>
  </trkpt>
  <trkpt lat="68.17061" lon="13.84556">
    <name>TP5872</name>
  </trkpt>
  <trkpt lat="68.17051" lon="13.84547">
    <name>TP5873</name>
  </trkpt>
  <trkpt lat="68.17049" lon="13.84545">
    <name>TP5874</name>
  </trkpt>
  <trkpt lat="68.17041" lon="13.84536">
    <name>TP5875</name>
  </trkpt>
  <trkpt lat="68.17032" lon="13.84527">
    <name>TP5876</name>
  </trkpt>
  <trkpt lat="68.17028" lon="13.84522">
    <name>TP5877</name>
  </trkpt>
  <trkpt lat="68.17014" lon="13.84506">
    <name>TP5878</name>
  </trkpt>
  <trkpt lat="68.17" lon="13.84491">
    <name>TP5879</name>
  </trkpt>
  <trkpt lat="68.16988" lon="13.84479">
    <name>TP5880</name>
  </trkpt>
  <trkpt lat="68.16976" lon="13.84468">
    <name>TP5881</name>
  </trkpt>
  <trkpt lat="68.16961" lon="13.84457">
    <name>TP5882</name>
  </trkpt>
  <trkpt lat="68.16946" lon="13.84444">
    <name>TP5883</name>
  </trkpt>
  <trkpt lat="68.16931" lon="13.84433">
    <name>TP5884</name>
  </trkpt>
  <trkpt lat="68.16915" lon="13.84419">
    <name>TP5885</name>
  </trkpt>
  <trkpt lat="68.16897" lon="13.84398">
    <name>TP5886</name>
  </trkpt>
  <trkpt lat="68.1688" lon="13.84378">
    <name>TP5887</name>
  </trkpt>
  <trkpt lat="68.16878" lon="13.84375">
    <name>TP5888</name>
  </trkpt>
  <trkpt lat="68.16862" lon="13.84355">
    <name>TP5889</name>
  </trkpt>
  <trkpt lat="68.16853" lon="13.84341">
    <name>TP5890</name>
  </trkpt>
  <trkpt lat="68.16847" lon="13.8433">
    <name>TP5891</name>
  </trkpt>
  <trkpt lat="68.16843" lon="13.84321">
    <name>TP5892</name>
  </trkpt>
  <trkpt lat="68.1684" lon="13.8431">
    <name>TP5893</name>
  </trkpt>
  <trkpt lat="68.16837" lon="13.84298">
    <name>TP5894</name>
  </trkpt>
  <trkpt lat="68.16836" lon="13.84297">
    <name>TP5895</name>
  </trkpt>
  <trkpt lat="68.16832" lon="13.84276">
    <name>TP5896</name>
  </trkpt>
  <trkpt lat="68.16828" lon="13.84255">
    <name>TP5897</name>
  </trkpt>
  <trkpt lat="68.16827" lon="13.84252">
    <name>TP5898</name>
  </trkpt>
  <trkpt lat="68.16819" lon="13.84204">
    <name>TP5899</name>
  </trkpt>
  <trkpt lat="68.1681" lon="13.84153">
    <name>TP5900</name>
  </trkpt>
  <trkpt lat="68.16802" lon="13.84096">
    <name>TP5901</name>
  </trkpt>
  <trkpt lat="68.16799" lon="13.84078">
    <name>TP5902</name>
  </trkpt>
  <trkpt lat="68.16795" lon="13.84051">
    <name>TP5903</name>
  </trkpt>
  <trkpt lat="68.16792" lon="13.84034">
    <name>TP5904</name>
  </trkpt>
  <trkpt lat="68.16789" lon="13.84012">
    <name>TP5905</name>
  </trkpt>
  <trkpt lat="68.16787" lon="13.83992">
    <name>TP5906</name>
  </trkpt>
  <trkpt lat="68.16785" lon="13.83966">
    <name>TP5907</name>
  </trkpt>
  <trkpt lat="68.16785" lon="13.83964">
    <name>TP5908</name>
  </trkpt>
  <trkpt lat="68.16781" lon="13.83917">
    <name>TP5909</name>
  </trkpt>
  <trkpt lat="68.16774" lon="13.83847">
    <name>TP5910</name>
  </trkpt>
  <trkpt lat="68.1677" lon="13.83799">
    <name>TP5911</name>
  </trkpt>
  <trkpt lat="68.16766" lon="13.83744">
    <name>TP5912</name>
  </trkpt>
  <trkpt lat="68.16763" lon="13.83705">
    <name>TP5913</name>
  </trkpt>
  <trkpt lat="68.16762" lon="13.8369">
    <name>TP5914</name>
  </trkpt>
  <trkpt lat="68.16759" lon="13.83658">
    <name>TP5915</name>
  </trkpt>
  <trkpt lat="68.16758" lon="13.83643">
    <name>TP5916</name>
  </trkpt>
  <trkpt lat="68.16755" lon="13.83609">
    <name>TP5917</name>
  </trkpt>
  <trkpt lat="68.16752" lon="13.83573">
    <name>TP5918</name>
  </trkpt>
  <trkpt lat="68.16748" lon="13.83542">
    <name>TP5919</name>
  </trkpt>
  <trkpt lat="68.16745" lon="13.83518">
    <name>TP5920</name>
  </trkpt>
  <trkpt lat="68.16744" lon="13.8351">
    <name>TP5921</name>
  </trkpt>
  <trkpt lat="68.16739" lon="13.83482">
    <name>TP5922</name>
  </trkpt>
  <trkpt lat="68.16735" lon="13.83456">
    <name>TP5923</name>
  </trkpt>
  <trkpt lat="68.16731" lon="13.83425">
    <name>TP5924</name>
  </trkpt>
  <trkpt lat="68.16729" lon="13.83394">
    <name>TP5925</name>
  </trkpt>
  <trkpt lat="68.16728" lon="13.83381">
    <name>TP5926</name>
  </trkpt>
  <trkpt lat="68.16727" lon="13.83365">
    <name>TP5927</name>
  </trkpt>
  <trkpt lat="68.16727" lon="13.83332">
    <name>TP5928</name>
  </trkpt>
  <trkpt lat="68.16727" lon="13.8333">
    <name>TP5929</name>
  </trkpt>
  <trkpt lat="68.16728" lon="13.83291">
    <name>TP5930</name>
  </trkpt>
  <trkpt lat="68.16729" lon="13.83284">
    <name>TP5931</name>
  </trkpt>
  <trkpt lat="68.16729" lon="13.83248">
    <name>TP5932</name>
  </trkpt>
  <trkpt lat="68.1673" lon="13.83236">
    <name>TP5933</name>
  </trkpt>
  <trkpt lat="68.1673" lon="13.83209">
    <name>TP5934</name>
  </trkpt>
  <trkpt lat="68.16731" lon="13.83188">
    <name>TP5935</name>
  </trkpt>
  <trkpt lat="68.16731" lon="13.83166">
    <name>TP5936</name>
  </trkpt>
  <trkpt lat="68.16731" lon="13.83127">
    <name>TP5937</name>
  </trkpt>
  <trkpt lat="68.16731" lon="13.83093">
    <name>TP5938</name>
  </trkpt>
  <trkpt lat="68.1673" lon="13.83053">
    <name>TP5939</name>
  </trkpt>
  <trkpt lat="68.16729" lon="13.82996">
    <name>TP5940</name>
  </trkpt>
  <trkpt lat="68.16727" lon="13.82914">
    <name>TP5941</name>
  </trkpt>
  <trkpt lat="68.16726" lon="13.8285">
    <name>TP5942</name>
  </trkpt>
  <trkpt lat="68.16725" lon="13.82823">
    <name>TP5943</name>
  </trkpt>
  <trkpt lat="68.16725" lon="13.82801">
    <name>TP5944</name>
  </trkpt>
  <trkpt lat="68.16724" lon="13.82753">
    <name>TP5945</name>
  </trkpt>
  <trkpt lat="68.16724" lon="13.8273">
    <name>TP5946</name>
  </trkpt>
  <trkpt lat="68.16724" lon="13.82705">
    <name>TP5947</name>
  </trkpt>
  <trkpt lat="68.16723" lon="13.82641">
    <name>TP5948</name>
  </trkpt>
  <trkpt lat="68.16722" lon="13.82578">
    <name>TP5949</name>
  </trkpt>
  <trkpt lat="68.16721" lon="13.8256">
    <name>TP5950</name>
  </trkpt>
  <trkpt lat="68.16721" lon="13.82541">
    <name>TP5951</name>
  </trkpt>
  <trkpt lat="68.1672" lon="13.82511">
    <name>TP5952</name>
  </trkpt>
  <trkpt lat="68.1672" lon="13.82507">
    <name>TP5953</name>
  </trkpt>
  <trkpt lat="68.16721" lon="13.82476">
    <name>TP5954</name>
  </trkpt>
  <trkpt lat="68.16721" lon="13.82463">
    <name>TP5955</name>
  </trkpt>
  <trkpt lat="68.16722" lon="13.82445">
    <name>TP5956</name>
  </trkpt>
  <trkpt lat="68.16724" lon="13.82415">
    <name>TP5957</name>
  </trkpt>
  <trkpt lat="68.16725" lon="13.8241">
    <name>TP5958</name>
  </trkpt>
  <trkpt lat="68.16728" lon="13.82368">
    <name>TP5959</name>
  </trkpt>
  <trkpt lat="68.16733" lon="13.82328">
    <name>TP5960</name>
  </trkpt>
  <trkpt lat="68.16734" lon="13.82322">
    <name>TP5961</name>
  </trkpt>
  <trkpt lat="68.16737" lon="13.82289">
    <name>TP5962</name>
  </trkpt>
  <trkpt lat="68.16742" lon="13.8225">
    <name>TP5963</name>
  </trkpt>
  <trkpt lat="68.16746" lon="13.82213">
    <name>TP5964</name>
  </trkpt>
  <trkpt lat="68.16748" lon="13.82183">
    <name>TP5965</name>
  </trkpt>
  <trkpt lat="68.16749" lon="13.82173">
    <name>TP5966</name>
  </trkpt>
  <trkpt lat="68.16751" lon="13.82142">
    <name>TP5967</name>
  </trkpt>
  <trkpt lat="68.16752" lon="13.82135">
    <name>TP5968</name>
  </trkpt>
  <trkpt lat="68.16753" lon="13.82116">
    <name>TP5969</name>
  </trkpt>
  <trkpt lat="68.16754" lon="13.82087">
    <name>TP5970</name>
  </trkpt>
  <trkpt lat="68.16754" lon="13.82081">
    <name>TP5971</name>
  </trkpt>
  <trkpt lat="68.16754" lon="13.82054">
    <name>TP5972</name>
  </trkpt>
  <trkpt lat="68.16755" lon="13.82039">
    <name>TP5973</name>
  </trkpt>
  <trkpt lat="68.16755" lon="13.82026">
    <name>TP5974</name>
  </trkpt>
  <trkpt lat="68.16755" lon="13.81997">
    <name>TP5975</name>
  </trkpt>
  <trkpt lat="68.16755" lon="13.81991">
    <name>TP5976</name>
  </trkpt>
  <trkpt lat="68.16754" lon="13.81959">
    <name>TP5977</name>
  </trkpt>
  <trkpt lat="68.16753" lon="13.81924">
    <name>TP5978</name>
  </trkpt>
  <trkpt lat="68.16753" lon="13.81894">
    <name>TP5979</name>
  </trkpt>
  <trkpt lat="68.16753" lon="13.81882">
    <name>TP5980</name>
  </trkpt>
  <trkpt lat="68.16752" lon="13.81846">
    <name>TP5981</name>
  </trkpt>
  <trkpt lat="68.16752" lon="13.81833">
    <name>TP5982</name>
  </trkpt>
  <trkpt lat="68.16752" lon="13.81797">
    <name>TP5983</name>
  </trkpt>
  <trkpt lat="68.16752" lon="13.81784">
    <name>TP5984</name>
  </trkpt>
  <trkpt lat="68.16752" lon="13.81774">
    <name>TP5985</name>
  </trkpt>
  <trkpt lat="68.16751" lon="13.81749">
    <name>TP5986</name>
  </trkpt>
  <trkpt lat="68.16744" lon="13.81605">
    <name>TP5987</name>
  </trkpt>
  <trkpt lat="68.16742" lon="13.81573">
    <name>TP5988</name>
  </trkpt>
  <trkpt lat="68.16739" lon="13.81509">
    <name>TP5989</name>
  </trkpt>
  <trkpt lat="68.16737" lon="13.81461">
    <name>TP5990</name>
  </trkpt>
  <trkpt lat="68.16735" lon="13.81413">
    <name>TP5991</name>
  </trkpt>
  <trkpt lat="68.16733" lon="13.81371">
    <name>TP5992</name>
  </trkpt>
  <trkpt lat="68.16732" lon="13.81365">
    <name>TP5993</name>
  </trkpt>
  <trkpt lat="68.16729" lon="13.8133">
    <name>TP5994</name>
  </trkpt>
  <trkpt lat="68.16725" lon="13.8128">
    <name>TP5995</name>
  </trkpt>
  <trkpt lat="68.16724" lon="13.81271">
    <name>TP5996</name>
  </trkpt>
  <trkpt lat="68.1672" lon="13.8123">
    <name>TP5997</name>
  </trkpt>
  <trkpt lat="68.1672" lon="13.81224">
    <name>TP5998</name>
  </trkpt>
  <trkpt lat="68.16717" lon="13.81177">
    <name>TP5999</name>
  </trkpt>
  <trkpt lat="68.16716" lon="13.81172">
    <name>TP6000</name>
  </trkpt>
  <trkpt lat="68.16714" lon="13.81129">
    <name>TP6001</name>
  </trkpt>
  <trkpt lat="68.16713" lon="13.81116">
    <name>TP6002</name>
  </trkpt>
  <trkpt lat="68.1671" lon="13.81081">
    <name>TP6003</name>
  </trkpt>
  <trkpt lat="68.16708" lon="13.81051">
    <name>TP6004</name>
  </trkpt>
  <trkpt lat="68.16703" lon="13.80987">
    <name>TP6005</name>
  </trkpt>
  <trkpt lat="68.16703" lon="13.80986">
    <name>TP6006</name>
  </trkpt>
  <trkpt lat="68.16699" lon="13.80939">
    <name>TP6007</name>
  </trkpt>
  <trkpt lat="68.16698" lon="13.80924">
    <name>TP6008</name>
  </trkpt>
  <trkpt lat="68.16693" lon="13.80871">
    <name>TP6009</name>
  </trkpt>
  <trkpt lat="68.16688" lon="13.80811">
    <name>TP6010</name>
  </trkpt>
  <trkpt lat="68.16687" lon="13.80798">
    <name>TP6011</name>
  </trkpt>
  <trkpt lat="68.16684" lon="13.80764">
    <name>TP6012</name>
  </trkpt>
  <trkpt lat="68.16683" lon="13.80751">
    <name>TP6013</name>
  </trkpt>
  <trkpt lat="68.1668" lon="13.80721">
    <name>TP6014</name>
  </trkpt>
  <trkpt lat="68.16679" lon="13.80704">
    <name>TP6015</name>
  </trkpt>
  <trkpt lat="68.16679" lon="13.80695">
    <name>TP6016</name>
  </trkpt>
  <trkpt lat="68.16678" lon="13.80679">
    <name>TP6017</name>
  </trkpt>
  <trkpt lat="68.16678" lon="13.80659">
    <name>TP6018</name>
  </trkpt>
  <trkpt lat="68.16678" lon="13.80656">
    <name>TP6019</name>
  </trkpt>
  <trkpt lat="68.16678" lon="13.80637">
    <name>TP6020</name>
  </trkpt>
  <trkpt lat="68.16679" lon="13.8061">
    <name>TP6021</name>
  </trkpt>
  <trkpt lat="68.1668" lon="13.80579">
    <name>TP6022</name>
  </trkpt>
  <trkpt lat="68.1668" lon="13.80545">
    <name>TP6023</name>
  </trkpt>
  <trkpt lat="68.1668" lon="13.80511">
    <name>TP6024</name>
  </trkpt>
  <trkpt lat="68.16679" lon="13.80477">
    <name>TP6025</name>
  </trkpt>
  <trkpt lat="68.16679" lon="13.80463">
    <name>TP6026</name>
  </trkpt>
  <trkpt lat="68.16678" lon="13.80446">
    <name>TP6027</name>
  </trkpt>
  <trkpt lat="68.16677" lon="13.80415">
    <name>TP6028</name>
  </trkpt>
  <trkpt lat="68.16677" lon="13.80414">
    <name>TP6029</name>
  </trkpt>
  <trkpt lat="68.16675" lon="13.80389">
    <name>TP6030</name>
  </trkpt>
  <trkpt lat="68.16671" lon="13.80358">
    <name>TP6031</name>
  </trkpt>
  <trkpt lat="68.16667" lon="13.80332">
    <name>TP6032</name>
  </trkpt>
  <trkpt lat="68.16665" lon="13.80324">
    <name>TP6033</name>
  </trkpt>
  <trkpt lat="68.16661" lon="13.80303">
    <name>TP6034</name>
  </trkpt>
  <trkpt lat="68.16656" lon="13.80282">
    <name>TP6035</name>
  </trkpt>
  <trkpt lat="68.16655" lon="13.80278">
    <name>TP6036</name>
  </trkpt>
  <trkpt lat="68.16646" lon="13.80247">
    <name>TP6037</name>
  </trkpt>
  <trkpt lat="68.16645" lon="13.80244">
    <name>TP6038</name>
  </trkpt>
  <trkpt lat="68.16635" lon="13.80213">
    <name>TP6039</name>
  </trkpt>
  <trkpt lat="68.16633" lon="13.80207">
    <name>TP6040</name>
  </trkpt>
  <trkpt lat="68.16627" lon="13.80186">
    <name>TP6041</name>
  </trkpt>
  <trkpt lat="68.16622" lon="13.80169">
    <name>TP6042</name>
  </trkpt>
  <trkpt lat="68.16615" lon="13.80142">
    <name>TP6043</name>
  </trkpt>
  <trkpt lat="68.16604" lon="13.801">
    <name>TP6044</name>
  </trkpt>
  <trkpt lat="68.16601" lon="13.80089">
    <name>TP6045</name>
  </trkpt>
  <trkpt lat="68.16593" lon="13.80058">
    <name>TP6046</name>
  </trkpt>
  <trkpt lat="68.16591" lon="13.8005">
    <name>TP6047</name>
  </trkpt>
  <trkpt lat="68.16581" lon="13.80017">
    <name>TP6048</name>
  </trkpt>
  <trkpt lat="68.1658" lon="13.80012">
    <name>TP6049</name>
  </trkpt>
  <trkpt lat="68.16571" lon="13.79983">
    <name>TP6050</name>
  </trkpt>
  <trkpt lat="68.16569" lon="13.79974">
    <name>TP6051</name>
  </trkpt>
  <trkpt lat="68.16562" lon="13.79954">
    <name>TP6052</name>
  </trkpt>
  <trkpt lat="68.16557" lon="13.79938">
    <name>TP6053</name>
  </trkpt>
  <trkpt lat="68.16551" lon="13.79922">
    <name>TP6054</name>
  </trkpt>
  <trkpt lat="68.16544" lon="13.79905">
    <name>TP6055</name>
  </trkpt>
  <trkpt lat="68.1654" lon="13.79898">
    <name>TP6056</name>
  </trkpt>
  <trkpt lat="68.1653" lon="13.79874">
    <name>TP6057</name>
  </trkpt>
  <trkpt lat="68.16527" lon="13.79868">
    <name>TP6058</name>
  </trkpt>
  <trkpt lat="68.16518" lon="13.7985">
    <name>TP6059</name>
  </trkpt>
  <trkpt lat="68.16516" lon="13.79844">
    <name>TP6060</name>
  </trkpt>
  <trkpt lat="68.16511" lon="13.79833">
    <name>TP6061</name>
  </trkpt>
  <trkpt lat="68.16506" lon="13.79815">
    <name>TP6062</name>
  </trkpt>
  <trkpt lat="68.165" lon="13.7979">
    <name>TP6063</name>
  </trkpt>
  <trkpt lat="68.16495" lon="13.7977">
    <name>TP6064</name>
  </trkpt>
  <trkpt lat="68.16493" lon="13.79751">
    <name>TP6065</name>
  </trkpt>
  <trkpt lat="68.16492" lon="13.79748">
    <name>TP6066</name>
  </trkpt>
  <trkpt lat="68.1649" lon="13.79725">
    <name>TP6067</name>
  </trkpt>
  <trkpt lat="68.16488" lon="13.79709">
    <name>TP6068</name>
  </trkpt>
  <trkpt lat="68.16486" lon="13.79675">
    <name>TP6069</name>
  </trkpt>
  <trkpt lat="68.16485" lon="13.79642">
    <name>TP6070</name>
  </trkpt>
  <trkpt lat="68.16481" lon="13.79567">
    <name>TP6071</name>
  </trkpt>
  <trkpt lat="68.16478" lon="13.79484">
    <name>TP6072</name>
  </trkpt>
  <trkpt lat="68.16476" lon="13.79437">
    <name>TP6073</name>
  </trkpt>
  <trkpt lat="68.16475" lon="13.79403">
    <name>TP6074</name>
  </trkpt>
  <trkpt lat="68.16472" lon="13.79332">
    <name>TP6075</name>
  </trkpt>
  <trkpt lat="68.16469" lon="13.79264">
    <name>TP6076</name>
  </trkpt>
  <trkpt lat="68.16465" lon="13.79201">
    <name>TP6077</name>
  </trkpt>
  <trkpt lat="68.16461" lon="13.79154">
    <name>TP6078</name>
  </trkpt>
  <trkpt lat="68.16458" lon="13.79117">
    <name>TP6079</name>
  </trkpt>
  <trkpt lat="68.16453" lon="13.7906">
    <name>TP6080</name>
  </trkpt>
  <trkpt lat="68.16453" lon="13.79056">
    <name>TP6081</name>
  </trkpt>
  <trkpt lat="68.16446" lon="13.78975">
    <name>TP6082</name>
  </trkpt>
  <trkpt lat="68.16441" lon="13.78905">
    <name>TP6083</name>
  </trkpt>
  <trkpt lat="68.16436" lon="13.78865">
    <name>TP6084</name>
  </trkpt>
  <trkpt lat="68.16434" lon="13.78843">
    <name>TP6085</name>
  </trkpt>
  <trkpt lat="68.16429" lon="13.78816">
    <name>TP6086</name>
  </trkpt>
  <trkpt lat="68.16424" lon="13.7879">
    <name>TP6087</name>
  </trkpt>
  <trkpt lat="68.16419" lon="13.78771">
    <name>TP6088</name>
  </trkpt>
  <trkpt lat="68.16416" lon="13.78764">
    <name>TP6089</name>
  </trkpt>
  <trkpt lat="68.16411" lon="13.78755">
    <name>TP6090</name>
  </trkpt>
  <trkpt lat="68.16404" lon="13.78742">
    <name>TP6091</name>
  </trkpt>
  <trkpt lat="68.16395" lon="13.78734">
    <name>TP6092</name>
  </trkpt>
  <trkpt lat="68.16384" lon="13.78728">
    <name>TP6093</name>
  </trkpt>
  <trkpt lat="68.16374" lon="13.78723">
    <name>TP6094</name>
  </trkpt>
  <trkpt lat="68.16359" lon="13.78725">
    <name>TP6095</name>
  </trkpt>
  <trkpt lat="68.16351" lon="13.78725">
    <name>TP6096</name>
  </trkpt>
  <trkpt lat="68.16345" lon="13.78725">
    <name>TP6097</name>
  </trkpt>
  <trkpt lat="68.16334" lon="13.78722">
    <name>TP6098</name>
  </trkpt>
  <trkpt lat="68.16329" lon="13.78717">
    <name>TP6099</name>
  </trkpt>
  <trkpt lat="68.16323" lon="13.7871">
    <name>TP6100</name>
  </trkpt>
  <trkpt lat="68.16322" lon="13.78708">
    <name>TP6101</name>
  </trkpt>
  <trkpt lat="68.16319" lon="13.78703">
    <name>TP6102</name>
  </trkpt>
  <trkpt lat="68.16314" lon="13.78693">
    <name>TP6103</name>
  </trkpt>
  <trkpt lat="68.1631" lon="13.78683">
    <name>TP6104</name>
  </trkpt>
  <trkpt lat="68.16307" lon="13.78671">
    <name>TP6105</name>
  </trkpt>
  <trkpt lat="68.16303" lon="13.78659">
    <name>TP6106</name>
  </trkpt>
  <trkpt lat="68.16298" lon="13.78637">
    <name>TP6107</name>
  </trkpt>
  <trkpt lat="68.16296" lon="13.78632">
    <name>TP6108</name>
  </trkpt>
  <trkpt lat="68.16293" lon="13.78617">
    <name>TP6109</name>
  </trkpt>
  <trkpt lat="68.16288" lon="13.78596">
    <name>TP6110</name>
  </trkpt>
  <trkpt lat="68.16286" lon="13.78585">
    <name>TP6111</name>
  </trkpt>
  <trkpt lat="68.1628" lon="13.78561">
    <name>TP6112</name>
  </trkpt>
  <trkpt lat="68.16279" lon="13.78555">
    <name>TP6113</name>
  </trkpt>
  <trkpt lat="68.16274" lon="13.78534">
    <name>TP6114</name>
  </trkpt>
  <trkpt lat="68.16264" lon="13.78494">
    <name>TP6115</name>
  </trkpt>
  <trkpt lat="68.16261" lon="13.78481">
    <name>TP6116</name>
  </trkpt>
  <trkpt lat="68.16251" lon="13.78442">
    <name>TP6117</name>
  </trkpt>
  <trkpt lat="68.16243" lon="13.78408">
    <name>TP6118</name>
  </trkpt>
  <trkpt lat="68.16233" lon="13.78375">
    <name>TP6119</name>
  </trkpt>
  <trkpt lat="68.16226" lon="13.78351">
    <name>TP6120</name>
  </trkpt>
  <trkpt lat="68.16221" lon="13.78339">
    <name>TP6121</name>
  </trkpt>
  <trkpt lat="68.16215" lon="13.78321">
    <name>TP6122</name>
  </trkpt>
  <trkpt lat="68.16205" lon="13.78297">
    <name>TP6123</name>
  </trkpt>
  <trkpt lat="68.16193" lon="13.78273">
    <name>TP6124</name>
  </trkpt>
  <trkpt lat="68.16184" lon="13.78258">
    <name>TP6125</name>
  </trkpt>
  <trkpt lat="68.16171" lon="13.78241">
    <name>TP6126</name>
  </trkpt>
  <trkpt lat="68.1616" lon="13.78228">
    <name>TP6127</name>
  </trkpt>
  <trkpt lat="68.16147" lon="13.78216">
    <name>TP6128</name>
  </trkpt>
  <trkpt lat="68.16135" lon="13.78205">
    <name>TP6129</name>
  </trkpt>
  <trkpt lat="68.16134" lon="13.78204">
    <name>TP6130</name>
  </trkpt>
  <trkpt lat="68.16125" lon="13.78197">
    <name>TP6131</name>
  </trkpt>
  <trkpt lat="68.16122" lon="13.78195">
    <name>TP6132</name>
  </trkpt>
  <trkpt lat="68.16117" lon="13.78192">
    <name>TP6133</name>
  </trkpt>
  <trkpt lat="68.1611" lon="13.78188">
    <name>TP6134</name>
  </trkpt>
  <trkpt lat="68.16097" lon="13.78183">
    <name>TP6135</name>
  </trkpt>
  <trkpt lat="68.16079" lon="13.78174">
    <name>TP6136</name>
  </trkpt>
  <trkpt lat="68.16057" lon="13.78165">
    <name>TP6137</name>
  </trkpt>
  <trkpt lat="68.16041" lon="13.78159">
    <name>TP6138</name>
  </trkpt>
  <trkpt lat="68.16029" lon="13.78154">
    <name>TP6139</name>
  </trkpt>
  <trkpt lat="68.16015" lon="13.78151">
    <name>TP6140</name>
  </trkpt>
  <trkpt lat="68.16009" lon="13.78149">
    <name>TP6141</name>
  </trkpt>
  <trkpt lat="68.16004" lon="13.78148">
    <name>TP6142</name>
  </trkpt>
  <trkpt lat="68.15998" lon="13.78149">
    <name>TP6143</name>
  </trkpt>
  <trkpt lat="68.15992" lon="13.7815">
    <name>TP6144</name>
  </trkpt>
  <trkpt lat="68.15981" lon="13.78154">
    <name>TP6145</name>
  </trkpt>
  <trkpt lat="68.15969" lon="13.78159">
    <name>TP6146</name>
  </trkpt>
  <trkpt lat="68.15958" lon="13.78165">
    <name>TP6147</name>
  </trkpt>
  <trkpt lat="68.15947" lon="13.78173">
    <name>TP6148</name>
  </trkpt>
  <trkpt lat="68.15935" lon="13.78182">
    <name>TP6149</name>
  </trkpt>
  <trkpt lat="68.15926" lon="13.78195">
    <name>TP6150</name>
  </trkpt>
  <trkpt lat="68.15918" lon="13.78207">
    <name>TP6151</name>
  </trkpt>
  <trkpt lat="68.15911" lon="13.78225">
    <name>TP6152</name>
  </trkpt>
  <trkpt lat="68.15901" lon="13.78257">
    <name>TP6153</name>
  </trkpt>
  <trkpt lat="68.15895" lon="13.78279">
    <name>TP6154</name>
  </trkpt>
  <trkpt lat="68.15888" lon="13.78301">
    <name>TP6155</name>
  </trkpt>
  <trkpt lat="68.15881" lon="13.78317">
    <name>TP6156</name>
  </trkpt>
  <trkpt lat="68.15875" lon="13.78329">
    <name>TP6157</name>
  </trkpt>
  <trkpt lat="68.15875" lon="13.7833">
    <name>TP6158</name>
  </trkpt>
  <trkpt lat="68.15867" lon="13.78339">
    <name>TP6159</name>
  </trkpt>
  <trkpt lat="68.15859" lon="13.78344">
    <name>TP6160</name>
  </trkpt>
  <trkpt lat="68.15858" lon="13.78344">
    <name>TP6161</name>
  </trkpt>
  <trkpt lat="68.15848" lon="13.78346">
    <name>TP6162</name>
  </trkpt>
  <trkpt lat="68.15839" lon="13.78348">
    <name>TP6163</name>
  </trkpt>
  <trkpt lat="68.1583" lon="13.78348">
    <name>TP6164</name>
  </trkpt>
  <trkpt lat="68.15822" lon="13.78348">
    <name>TP6165</name>
  </trkpt>
  <trkpt lat="68.15815" lon="13.78343">
    <name>TP6166</name>
  </trkpt>
  <trkpt lat="68.15809" lon="13.78331">
    <name>TP6167</name>
  </trkpt>
  <trkpt lat="68.15807" lon="13.78325">
    <name>TP6168</name>
  </trkpt>
  <trkpt lat="68.15803" lon="13.78315">
    <name>TP6169</name>
  </trkpt>
  <trkpt lat="68.15796" lon="13.78292">
    <name>TP6170</name>
  </trkpt>
  <trkpt lat="68.15795" lon="13.78287">
    <name>TP6171</name>
  </trkpt>
  <trkpt lat="68.1579" lon="13.78261">
    <name>TP6172</name>
  </trkpt>
  <trkpt lat="68.15787" lon="13.78245">
    <name>TP6173</name>
  </trkpt>
  <trkpt lat="68.15784" lon="13.78229">
    <name>TP6174</name>
  </trkpt>
  <trkpt lat="68.15779" lon="13.78206">
    <name>TP6175</name>
  </trkpt>
  <trkpt lat="68.15778" lon="13.78203">
    <name>TP6176</name>
  </trkpt>
  <trkpt lat="68.15772" lon="13.78185">
    <name>TP6177</name>
  </trkpt>
  <trkpt lat="68.15766" lon="13.78166">
    <name>TP6178</name>
  </trkpt>
  <trkpt lat="68.15766" lon="13.78165">
    <name>TP6179</name>
  </trkpt>
  <trkpt lat="68.15757" lon="13.78146">
    <name>TP6180</name>
  </trkpt>
  <trkpt lat="68.15752" lon="13.78137">
    <name>TP6181</name>
  </trkpt>
  <trkpt lat="68.15748" lon="13.7813">
    <name>TP6182</name>
  </trkpt>
  <trkpt lat="68.15739" lon="13.78118">
    <name>TP6183</name>
  </trkpt>
  <trkpt lat="68.15738" lon="13.78116">
    <name>TP6184</name>
  </trkpt>
  <trkpt lat="68.15736" lon="13.78114">
    <name>TP6185</name>
  </trkpt>
  <trkpt lat="68.15729" lon="13.78106">
    <name>TP6186</name>
  </trkpt>
  <trkpt lat="68.15719" lon="13.78096">
    <name>TP6187</name>
  </trkpt>
  <trkpt lat="68.15718" lon="13.78096">
    <name>TP6188</name>
  </trkpt>
  <trkpt lat="68.15702" lon="13.78081">
    <name>TP6189</name>
  </trkpt>
  <trkpt lat="68.15693" lon="13.78072">
    <name>TP6190</name>
  </trkpt>
  <trkpt lat="68.15685" lon="13.78063">
    <name>TP6191</name>
  </trkpt>
  <trkpt lat="68.15674" lon="13.7805">
    <name>TP6192</name>
  </trkpt>
  <trkpt lat="68.15667" lon="13.78042">
    <name>TP6193</name>
  </trkpt>
  <trkpt lat="68.15652" lon="13.78026">
    <name>TP6194</name>
  </trkpt>
  <trkpt lat="68.15634" lon="13.78009">
    <name>TP6195</name>
  </trkpt>
  <trkpt lat="68.15624" lon="13.77999">
    <name>TP6196</name>
  </trkpt>
  <trkpt lat="68.15614" lon="13.77988">
    <name>TP6197</name>
  </trkpt>
  <trkpt lat="68.15603" lon="13.77976">
    <name>TP6198</name>
  </trkpt>
  <trkpt lat="68.1560252" lon="13.7797557">
    <name>TP6199</name>
  </trkpt>
  <trkpt lat="68.15608" lon="13.77937">
    <name>TP6200</name>
  </trkpt>
  <trkpt lat="68.15618" lon="13.7788">
    <name>TP6201</name>
  </trkpt>
  <trkpt lat="68.15631" lon="13.77801">
    <name>TP6202</name>
  </trkpt>
  <trkpt lat="68.15637" lon="13.77752">
    <name>TP6203</name>
  </trkpt>
  <trkpt lat="68.15638" lon="13.77743">
    <name>TP6204</name>
  </trkpt>
  <trkpt lat="68.15651" lon="13.7761">
    <name>TP6205</name>
  </trkpt>
  <trkpt lat="68.15653" lon="13.77568">
    <name>TP6206</name>
  </trkpt>
  <trkpt lat="68.15656" lon="13.77471">
    <name>TP6207</name>
  </trkpt>
  <trkpt lat="68.15657" lon="13.77445">
    <name>TP6208</name>
  </trkpt>
  <trkpt lat="68.15658" lon="13.77423">
    <name>TP6209</name>
  </trkpt>
  <trkpt lat="68.15664" lon="13.77261">
    <name>TP6210</name>
  </trkpt>
  <trkpt lat="68.15667" lon="13.77145">
    <name>TP6211</name>
  </trkpt>
  <trkpt lat="68.15675" lon="13.76976">
    <name>TP6212</name>
  </trkpt>
  <trkpt lat="68.15677" lon="13.76879">
    <name>TP6213</name>
  </trkpt>
  <trkpt lat="68.15678" lon="13.76868">
    <name>TP6214</name>
  </trkpt>
  <trkpt lat="68.15679" lon="13.76826">
    <name>TP6215</name>
  </trkpt>
  <trkpt lat="68.15679" lon="13.76784">
    <name>TP6216</name>
  </trkpt>
  <trkpt lat="68.15679" lon="13.76783">
    <name>TP6217</name>
  </trkpt>
  <trkpt lat="68.15679" lon="13.76731">
    <name>TP6218</name>
  </trkpt>
  <trkpt lat="68.15679" lon="13.76681">
    <name>TP6219</name>
  </trkpt>
  <trkpt lat="68.15678" lon="13.76635">
    <name>TP6220</name>
  </trkpt>
  <trkpt lat="68.15678" lon="13.76612">
    <name>TP6221</name>
  </trkpt>
  <trkpt lat="68.15677" lon="13.76587">
    <name>TP6222</name>
  </trkpt>
  <trkpt lat="68.15677" lon="13.76577">
    <name>TP6223</name>
  </trkpt>
  <trkpt lat="68.15675" lon="13.76536">
    <name>TP6224</name>
  </trkpt>
  <trkpt lat="68.15673" lon="13.76501">
    <name>TP6225</name>
  </trkpt>
  <trkpt lat="68.15671" lon="13.76449">
    <name>TP6226</name>
  </trkpt>
  <trkpt lat="68.15669" lon="13.76384">
    <name>TP6227</name>
  </trkpt>
  <trkpt lat="68.15667" lon="13.76336">
    <name>TP6228</name>
  </trkpt>
  <trkpt lat="68.15667" lon="13.76323">
    <name>TP6229</name>
  </trkpt>
  <trkpt lat="68.15665" lon="13.76265">
    <name>TP6230</name>
  </trkpt>
  <trkpt lat="68.15665" lon="13.7624">
    <name>TP6231</name>
  </trkpt>
  <trkpt lat="68.15664" lon="13.76225">
    <name>TP6232</name>
  </trkpt>
  <trkpt lat="68.15663" lon="13.76198">
    <name>TP6233</name>
  </trkpt>
  <trkpt lat="68.15661" lon="13.76133">
    <name>TP6234</name>
  </trkpt>
  <trkpt lat="68.15659" lon="13.7609">
    <name>TP6235</name>
  </trkpt>
  <trkpt lat="68.15655" lon="13.76">
    <name>TP6236</name>
  </trkpt>
  <trkpt lat="68.15653" lon="13.75961">
    <name>TP6237</name>
  </trkpt>
  <trkpt lat="68.15649" lon="13.75886">
    <name>TP6238</name>
  </trkpt>
  <trkpt lat="68.15648" lon="13.75828">
    <name>TP6239</name>
  </trkpt>
  <trkpt lat="68.15648" lon="13.75787">
    <name>TP6240</name>
  </trkpt>
  <trkpt lat="68.15648" lon="13.75746">
    <name>TP6241</name>
  </trkpt>
  <trkpt lat="68.1565" lon="13.75709">
    <name>TP6242</name>
  </trkpt>
  <trkpt lat="68.15652" lon="13.75674">
    <name>TP6243</name>
  </trkpt>
  <trkpt lat="68.15656" lon="13.75641">
    <name>TP6244</name>
  </trkpt>
  <trkpt lat="68.1566" lon="13.75606">
    <name>TP6245</name>
  </trkpt>
  <trkpt lat="68.15667" lon="13.75565">
    <name>TP6246</name>
  </trkpt>
  <trkpt lat="68.15676" lon="13.75502">
    <name>TP6247</name>
  </trkpt>
  <trkpt lat="68.15687" lon="13.75435">
    <name>TP6248</name>
  </trkpt>
  <trkpt lat="68.15696" lon="13.75378">
    <name>TP6249</name>
  </trkpt>
  <trkpt lat="68.15704" lon="13.75327">
    <name>TP6250</name>
  </trkpt>
  <trkpt lat="68.15713" lon="13.75268">
    <name>TP6251</name>
  </trkpt>
  <trkpt lat="68.15714" lon="13.75256">
    <name>TP6252</name>
  </trkpt>
  <trkpt lat="68.15717" lon="13.75236">
    <name>TP6253</name>
  </trkpt>
  <trkpt lat="68.15721" lon="13.75211">
    <name>TP6254</name>
  </trkpt>
  <trkpt lat="68.15723" lon="13.75189">
    <name>TP6255</name>
  </trkpt>
  <trkpt lat="68.15728" lon="13.75143">
    <name>TP6256</name>
  </trkpt>
  <trkpt lat="68.15729" lon="13.75135">
    <name>TP6257</name>
  </trkpt>
  <trkpt lat="68.15732" lon="13.75096">
    <name>TP6258</name>
  </trkpt>
  <trkpt lat="68.15733" lon="13.75083">
    <name>TP6259</name>
  </trkpt>
  <trkpt lat="68.15735" lon="13.75053">
    <name>TP6260</name>
  </trkpt>
  <trkpt lat="68.15735" lon="13.75048">
    <name>TP6261</name>
  </trkpt>
  <trkpt lat="68.15736" lon="13.75018">
    <name>TP6262</name>
  </trkpt>
  <trkpt lat="68.15737" lon="13.74972">
    <name>TP6263</name>
  </trkpt>
  <trkpt lat="68.15737" lon="13.74948">
    <name>TP6264</name>
  </trkpt>
  <trkpt lat="68.15737" lon="13.74924">
    <name>TP6265</name>
  </trkpt>
  <trkpt lat="68.15737" lon="13.74881">
    <name>TP6266</name>
  </trkpt>
  <trkpt lat="68.15737" lon="13.74852">
    <name>TP6267</name>
  </trkpt>
  <trkpt lat="68.15736" lon="13.74816">
    <name>TP6268</name>
  </trkpt>
  <trkpt lat="68.15735" lon="13.74791">
    <name>TP6269</name>
  </trkpt>
  <trkpt lat="68.15732" lon="13.74745">
    <name>TP6270</name>
  </trkpt>
  <trkpt lat="68.15729" lon="13.74691">
    <name>TP6271</name>
  </trkpt>
  <trkpt lat="68.15724" lon="13.74633">
    <name>TP6272</name>
  </trkpt>
  <trkpt lat="68.15722" lon="13.7462">
    <name>TP6273</name>
  </trkpt>
  <trkpt lat="68.15717" lon="13.74568">
    <name>TP6274</name>
  </trkpt>
  <trkpt lat="68.1571" lon="13.74495">
    <name>TP6275</name>
  </trkpt>
  <trkpt lat="68.15708" lon="13.74482">
    <name>TP6276</name>
  </trkpt>
  <trkpt lat="68.15702" lon="13.74414">
    <name>TP6277</name>
  </trkpt>
  <trkpt lat="68.15697" lon="13.74364">
    <name>TP6278</name>
  </trkpt>
  <trkpt lat="68.15695" lon="13.7435">
    <name>TP6279</name>
  </trkpt>
  <trkpt lat="68.15694" lon="13.74339">
    <name>TP6280</name>
  </trkpt>
  <trkpt lat="68.15687" lon="13.74272">
    <name>TP6281</name>
  </trkpt>
  <trkpt lat="68.15686" lon="13.74256">
    <name>TP6282</name>
  </trkpt>
  <trkpt lat="68.15681" lon="13.74216">
    <name>TP6283</name>
  </trkpt>
  <trkpt lat="68.15675" lon="13.74163">
    <name>TP6284</name>
  </trkpt>
  <trkpt lat="68.15674" lon="13.7415">
    <name>TP6285</name>
  </trkpt>
  <trkpt lat="68.15672" lon="13.74132">
    <name>TP6286</name>
  </trkpt>
  <trkpt lat="68.15666" lon="13.74086">
    <name>TP6287</name>
  </trkpt>
  <trkpt lat="68.15666" lon="13.74078">
    <name>TP6288</name>
  </trkpt>
  <trkpt lat="68.15653" lon="13.73964">
    <name>TP6289</name>
  </trkpt>
  <trkpt lat="68.1565" lon="13.73933">
    <name>TP6290</name>
  </trkpt>
  <trkpt lat="68.15646" lon="13.73904">
    <name>TP6291</name>
  </trkpt>
  <trkpt lat="68.15643" lon="13.73872">
    <name>TP6292</name>
  </trkpt>
  <trkpt lat="68.15637" lon="13.73824">
    <name>TP6293</name>
  </trkpt>
  <trkpt lat="68.15633" lon="13.73796">
    <name>TP6294</name>
  </trkpt>
  <trkpt lat="68.15631" lon="13.73779">
    <name>TP6295</name>
  </trkpt>
  <trkpt lat="68.15628" lon="13.73761">
    <name>TP6296</name>
  </trkpt>
  <trkpt lat="68.15626" lon="13.7374">
    <name>TP6297</name>
  </trkpt>
  <trkpt lat="68.15625" lon="13.73733">
    <name>TP6298</name>
  </trkpt>
  <trkpt lat="68.15624" lon="13.73722">
    <name>TP6299</name>
  </trkpt>
  <trkpt lat="68.1562" lon="13.73685">
    <name>TP6300</name>
  </trkpt>
  <trkpt lat="68.15615" lon="13.73657">
    <name>TP6301</name>
  </trkpt>
  <trkpt lat="68.1561" lon="13.7363">
    <name>TP6302</name>
  </trkpt>
  <trkpt lat="68.15604" lon="13.73607">
    <name>TP6303</name>
  </trkpt>
  <trkpt lat="68.15598" lon="13.73586">
    <name>TP6304</name>
  </trkpt>
  <trkpt lat="68.15592" lon="13.73568">
    <name>TP6305</name>
  </trkpt>
  <trkpt lat="68.15591" lon="13.73565">
    <name>TP6306</name>
  </trkpt>
  <trkpt lat="68.15584" lon="13.73544">
    <name>TP6307</name>
  </trkpt>
  <trkpt lat="68.15576" lon="13.73526">
    <name>TP6308</name>
  </trkpt>
  <trkpt lat="68.15565" lon="13.73502">
    <name>TP6309</name>
  </trkpt>
  <trkpt lat="68.15548" lon="13.73466">
    <name>TP6310</name>
  </trkpt>
  <trkpt lat="68.15542" lon="13.73452">
    <name>TP6311</name>
  </trkpt>
  <trkpt lat="68.15536" lon="13.73436">
    <name>TP6312</name>
  </trkpt>
  <trkpt lat="68.15527" lon="13.73408">
    <name>TP6313</name>
  </trkpt>
  <trkpt lat="68.15524" lon="13.73396">
    <name>TP6314</name>
  </trkpt>
  <trkpt lat="68.1552" lon="13.7338">
    <name>TP6315</name>
  </trkpt>
  <trkpt lat="68.15515" lon="13.73349">
    <name>TP6316</name>
  </trkpt>
  <trkpt lat="68.15511" lon="13.73303">
    <name>TP6317</name>
  </trkpt>
  <trkpt lat="68.1551" lon="13.73283">
    <name>TP6318</name>
  </trkpt>
  <trkpt lat="68.15511" lon="13.73261">
    <name>TP6319</name>
  </trkpt>
  <trkpt lat="68.15512" lon="13.7324">
    <name>TP6320</name>
  </trkpt>
  <trkpt lat="68.15514" lon="13.73221">
    <name>TP6321</name>
  </trkpt>
  <trkpt lat="68.15515" lon="13.73211">
    <name>TP6322</name>
  </trkpt>
  <trkpt lat="68.1552" lon="13.73179">
    <name>TP6323</name>
  </trkpt>
  <trkpt lat="68.15522" lon="13.73167">
    <name>TP6324</name>
  </trkpt>
  <trkpt lat="68.1553" lon="13.7312">
    <name>TP6325</name>
  </trkpt>
  <trkpt lat="68.15537" lon="13.73079">
    <name>TP6326</name>
  </trkpt>
  <trkpt lat="68.15541" lon="13.73056">
    <name>TP6327</name>
  </trkpt>
  <trkpt lat="68.15544" lon="13.73034">
    <name>TP6328</name>
  </trkpt>
  <trkpt lat="68.15548" lon="13.73009">
    <name>TP6329</name>
  </trkpt>
  <trkpt lat="68.15551" lon="13.7299">
    <name>TP6330</name>
  </trkpt>
  <trkpt lat="68.15555" lon="13.72965">
    <name>TP6331</name>
  </trkpt>
  <trkpt lat="68.15566" lon="13.72905">
    <name>TP6332</name>
  </trkpt>
  <trkpt lat="68.15574" lon="13.72867">
    <name>TP6333</name>
  </trkpt>
  <trkpt lat="68.15583" lon="13.72832">
    <name>TP6334</name>
  </trkpt>
  <trkpt lat="68.15591" lon="13.72801">
    <name>TP6335</name>
  </trkpt>
  <trkpt lat="68.15599" lon="13.72768">
    <name>TP6336</name>
  </trkpt>
  <trkpt lat="68.15611" lon="13.72717">
    <name>TP6337</name>
  </trkpt>
  <trkpt lat="68.15621" lon="13.7266">
    <name>TP6338</name>
  </trkpt>
  <trkpt lat="68.15622" lon="13.72654">
    <name>TP6339</name>
  </trkpt>
  <trkpt lat="68.15627" lon="13.72614">
    <name>TP6340</name>
  </trkpt>
  <trkpt lat="68.15627" lon="13.72608">
    <name>TP6341</name>
  </trkpt>
  <trkpt lat="68.15631" lon="13.72571">
    <name>TP6342</name>
  </trkpt>
  <trkpt lat="68.15632" lon="13.72548">
    <name>TP6343</name>
  </trkpt>
  <trkpt lat="68.15633" lon="13.72517">
    <name>TP6344</name>
  </trkpt>
  <trkpt lat="68.15633" lon="13.72465">
    <name>TP6345</name>
  </trkpt>
  <trkpt lat="68.15633" lon="13.72464">
    <name>TP6346</name>
  </trkpt>
  <trkpt lat="68.15631" lon="13.72411">
    <name>TP6347</name>
  </trkpt>
  <trkpt lat="68.1563" lon="13.72368">
    <name>TP6348</name>
  </trkpt>
  <trkpt lat="68.15629" lon="13.72329">
    <name>TP6349</name>
  </trkpt>
  <trkpt lat="68.15628" lon="13.72279">
    <name>TP6350</name>
  </trkpt>
  <trkpt lat="68.15628" lon="13.72223">
    <name>TP6351</name>
  </trkpt>
  <trkpt lat="68.15628" lon="13.72197">
    <name>TP6352</name>
  </trkpt>
  <trkpt lat="68.15629" lon="13.72135">
    <name>TP6353</name>
  </trkpt>
  <trkpt lat="68.1563" lon="13.72088">
    <name>TP6354</name>
  </trkpt>
  <trkpt lat="68.1563" lon="13.72078">
    <name>TP6355</name>
  </trkpt>
  <trkpt lat="68.15632" lon="13.7203">
    <name>TP6356</name>
  </trkpt>
  <trkpt lat="68.15633" lon="13.72017">
    <name>TP6357</name>
  </trkpt>
  <trkpt lat="68.15635" lon="13.71983">
    <name>TP6358</name>
  </trkpt>
  <trkpt lat="68.15636" lon="13.71972">
    <name>TP6359</name>
  </trkpt>
  <trkpt lat="68.1564" lon="13.71898">
    <name>TP6360</name>
  </trkpt>
  <trkpt lat="68.15642" lon="13.71867">
    <name>TP6361</name>
  </trkpt>
  <trkpt lat="68.15642" lon="13.71839">
    <name>TP6362</name>
  </trkpt>
  <trkpt lat="68.15642" lon="13.71827">
    <name>TP6363</name>
  </trkpt>
  <trkpt lat="68.15642" lon="13.71791">
    <name>TP6364</name>
  </trkpt>
  <trkpt lat="68.15642" lon="13.7176">
    <name>TP6365</name>
  </trkpt>
  <trkpt lat="68.15641" lon="13.71723">
    <name>TP6366</name>
  </trkpt>
  <trkpt lat="68.15639" lon="13.71689">
    <name>TP6367</name>
  </trkpt>
  <trkpt lat="68.15636" lon="13.71645">
    <name>TP6368</name>
  </trkpt>
  <trkpt lat="68.15632" lon="13.71604">
    <name>TP6369</name>
  </trkpt>
  <trkpt lat="68.15628" lon="13.71569">
    <name>TP6370</name>
  </trkpt>
  <trkpt lat="68.15627" lon="13.71553">
    <name>TP6371</name>
  </trkpt>
  <trkpt lat="68.15625" lon="13.71531">
    <name>TP6372</name>
  </trkpt>
  <trkpt lat="68.15623" lon="13.71506">
    <name>TP6373</name>
  </trkpt>
  <trkpt lat="68.15622" lon="13.71498">
    <name>TP6374</name>
  </trkpt>
  <trkpt lat="68.1562" lon="13.71465">
    <name>TP6375</name>
  </trkpt>
  <trkpt lat="68.1562" lon="13.71459">
    <name>TP6376</name>
  </trkpt>
  <trkpt lat="68.15619" lon="13.71427">
    <name>TP6377</name>
  </trkpt>
  <trkpt lat="68.15619" lon="13.71362">
    <name>TP6378</name>
  </trkpt>
  <trkpt lat="68.15619" lon="13.71333">
    <name>TP6379</name>
  </trkpt>
  <trkpt lat="68.15618" lon="13.71314">
    <name>TP6380</name>
  </trkpt>
  <trkpt lat="68.15618" lon="13.71301">
    <name>TP6381</name>
  </trkpt>
  <trkpt lat="68.15614" lon="13.71271">
    <name>TP6382</name>
  </trkpt>
  <trkpt lat="68.1561" lon="13.71243">
    <name>TP6383</name>
  </trkpt>
  <trkpt lat="68.15606" lon="13.71225">
    <name>TP6384</name>
  </trkpt>
  <trkpt lat="68.15604" lon="13.71217">
    <name>TP6385</name>
  </trkpt>
  <trkpt lat="68.15596" lon="13.71188">
    <name>TP6386</name>
  </trkpt>
  <trkpt lat="68.15595" lon="13.71185">
    <name>TP6387</name>
  </trkpt>
  <trkpt lat="68.1559" lon="13.71162">
    <name>TP6388</name>
  </trkpt>
  <trkpt lat="68.15583" lon="13.71134">
    <name>TP6389</name>
  </trkpt>
  <trkpt lat="68.15578" lon="13.71105">
    <name>TP6390</name>
  </trkpt>
  <trkpt lat="68.15574" lon="13.71071">
    <name>TP6391</name>
  </trkpt>
  <trkpt lat="68.15572" lon="13.71036">
    <name>TP6392</name>
  </trkpt>
  <trkpt lat="68.15573" lon="13.71027">
    <name>TP6393</name>
  </trkpt>
  <trkpt lat="68.15573" lon="13.70993">
    <name>TP6394</name>
  </trkpt>
  <trkpt lat="68.15575" lon="13.70957">
    <name>TP6395</name>
  </trkpt>
  <trkpt lat="68.1558" lon="13.70913">
    <name>TP6396</name>
  </trkpt>
  <trkpt lat="68.15587" lon="13.70871">
    <name>TP6397</name>
  </trkpt>
  <trkpt lat="68.15597" lon="13.70828">
    <name>TP6398</name>
  </trkpt>
  <trkpt lat="68.15605" lon="13.70789">
    <name>TP6399</name>
  </trkpt>
  <trkpt lat="68.15606" lon="13.70785">
    <name>TP6400</name>
  </trkpt>
  <trkpt lat="68.15612" lon="13.70762">
    <name>TP6401</name>
  </trkpt>
  <trkpt lat="68.15618" lon="13.70736">
    <name>TP6402</name>
  </trkpt>
  <trkpt lat="68.15621" lon="13.70719">
    <name>TP6403</name>
  </trkpt>
  <trkpt lat="68.15625" lon="13.70702">
    <name>TP6404</name>
  </trkpt>
  <trkpt lat="68.15628" lon="13.7068">
    <name>TP6405</name>
  </trkpt>
  <trkpt lat="68.1563" lon="13.70648">
    <name>TP6406</name>
  </trkpt>
  <trkpt lat="68.15632" lon="13.70614">
    <name>TP6407</name>
  </trkpt>
  <trkpt lat="68.15631" lon="13.70565">
    <name>TP6408</name>
  </trkpt>
  <trkpt lat="68.15631" lon="13.7051">
    <name>TP6409</name>
  </trkpt>
  <trkpt lat="68.1563" lon="13.70483">
    <name>TP6410</name>
  </trkpt>
  <trkpt lat="68.15631" lon="13.70462">
    <name>TP6411</name>
  </trkpt>
  <trkpt lat="68.15631" lon="13.70446">
    <name>TP6412</name>
  </trkpt>
  <trkpt lat="68.15631" lon="13.70435">
    <name>TP6413</name>
  </trkpt>
  <trkpt lat="68.15631" lon="13.70413">
    <name>TP6414</name>
  </trkpt>
  <trkpt lat="68.15632" lon="13.70398">
    <name>TP6415</name>
  </trkpt>
  <trkpt lat="68.15632" lon="13.70391">
    <name>TP6416</name>
  </trkpt>
  <trkpt lat="68.15633" lon="13.70365">
    <name>TP6417</name>
  </trkpt>
  <trkpt lat="68.15636" lon="13.70322">
    <name>TP6418</name>
  </trkpt>
  <trkpt lat="68.15636" lon="13.70317">
    <name>TP6419</name>
  </trkpt>
  <trkpt lat="68.15639" lon="13.70282">
    <name>TP6420</name>
  </trkpt>
  <trkpt lat="68.1564" lon="13.7027">
    <name>TP6421</name>
  </trkpt>
  <trkpt lat="68.15643" lon="13.70246">
    <name>TP6422</name>
  </trkpt>
  <trkpt lat="68.15645" lon="13.70224">
    <name>TP6423</name>
  </trkpt>
  <trkpt lat="68.15647" lon="13.70211">
    <name>TP6424</name>
  </trkpt>
  <trkpt lat="68.15647" lon="13.7021">
    <name>TP6425</name>
  </trkpt>
  <trkpt lat="68.15652" lon="13.7018">
    <name>TP6426</name>
  </trkpt>
  <trkpt lat="68.15653" lon="13.70175">
    <name>TP6427</name>
  </trkpt>
  <trkpt lat="68.15659" lon="13.70143">
    <name>TP6428</name>
  </trkpt>
  <trkpt lat="68.15669" lon="13.70101">
    <name>TP6429</name>
  </trkpt>
  <trkpt lat="68.15684" lon="13.70036">
    <name>TP6430</name>
  </trkpt>
  <trkpt lat="68.15694" lon="13.69996">
    <name>TP6431</name>
  </trkpt>
  <trkpt lat="68.15706" lon="13.69946">
    <name>TP6432</name>
  </trkpt>
  <trkpt lat="68.15714" lon="13.69915">
    <name>TP6433</name>
  </trkpt>
  <trkpt lat="68.15715" lon="13.69909">
    <name>TP6434</name>
  </trkpt>
  <trkpt lat="68.15718" lon="13.69896">
    <name>TP6435</name>
  </trkpt>
  <trkpt lat="68.15723" lon="13.69874">
    <name>TP6436</name>
  </trkpt>
  <trkpt lat="68.15728" lon="13.69857">
    <name>TP6437</name>
  </trkpt>
  <trkpt lat="68.15733" lon="13.69833">
    <name>TP6438</name>
  </trkpt>
  <trkpt lat="68.15737" lon="13.69816">
    <name>TP6439</name>
  </trkpt>
  <trkpt lat="68.15743" lon="13.69792">
    <name>TP6440</name>
  </trkpt>
  <trkpt lat="68.15745" lon="13.69783">
    <name>TP6441</name>
  </trkpt>
  <trkpt lat="68.15752" lon="13.69748">
    <name>TP6442</name>
  </trkpt>
  <trkpt lat="68.15758" lon="13.69718">
    <name>TP6443</name>
  </trkpt>
  <trkpt lat="68.15763" lon="13.69686">
    <name>TP6444</name>
  </trkpt>
  <trkpt lat="68.15768" lon="13.69652">
    <name>TP6445</name>
  </trkpt>
  <trkpt lat="68.15772" lon="13.69615">
    <name>TP6446</name>
  </trkpt>
  <trkpt lat="68.15776" lon="13.69569">
    <name>TP6447</name>
  </trkpt>
  <trkpt lat="68.15776" lon="13.69567">
    <name>TP6448</name>
  </trkpt>
  <trkpt lat="68.15778" lon="13.69543">
    <name>TP6449</name>
  </trkpt>
  <trkpt lat="68.15779" lon="13.69514">
    <name>TP6450</name>
  </trkpt>
  <trkpt lat="68.15779" lon="13.69474">
    <name>TP6451</name>
  </trkpt>
  <trkpt lat="68.15779" lon="13.69471">
    <name>TP6452</name>
  </trkpt>
  <trkpt lat="68.15779" lon="13.69446">
    <name>TP6453</name>
  </trkpt>
  <trkpt lat="68.15778" lon="13.69417">
    <name>TP6454</name>
  </trkpt>
  <trkpt lat="68.15777" lon="13.69397">
    <name>TP6455</name>
  </trkpt>
  <trkpt lat="68.15774" lon="13.69356">
    <name>TP6456</name>
  </trkpt>
  <trkpt lat="68.15772" lon="13.69332">
    <name>TP6457</name>
  </trkpt>
  <trkpt lat="68.1577" lon="13.6931">
    <name>TP6458</name>
  </trkpt>
  <trkpt lat="68.15767" lon="13.69289">
    <name>TP6459</name>
  </trkpt>
  <trkpt lat="68.15762" lon="13.69254">
    <name>TP6460</name>
  </trkpt>
  <trkpt lat="68.15755" lon="13.69219">
    <name>TP6461</name>
  </trkpt>
  <trkpt lat="68.15748" lon="13.69188">
    <name>TP6462</name>
  </trkpt>
  <trkpt lat="68.1574" lon="13.69157">
    <name>TP6463</name>
  </trkpt>
  <trkpt lat="68.15731" lon="13.69127">
    <name>TP6464</name>
  </trkpt>
  <trkpt lat="68.15722" lon="13.69099">
    <name>TP6465</name>
  </trkpt>
  <trkpt lat="68.15711" lon="13.6907">
    <name>TP6466</name>
  </trkpt>
  <trkpt lat="68.15698" lon="13.69038">
    <name>TP6467</name>
  </trkpt>
  <trkpt lat="68.15695" lon="13.69029">
    <name>TP6468</name>
  </trkpt>
  <trkpt lat="68.15692" lon="13.69021">
    <name>TP6469</name>
  </trkpt>
  <trkpt lat="68.15637" lon="13.68895">
    <name>TP6470</name>
  </trkpt>
  <trkpt lat="68.15614" lon="13.68844">
    <name>TP6471</name>
  </trkpt>
  <trkpt lat="68.15594" lon="13.68796">
    <name>TP6472</name>
  </trkpt>
  <trkpt lat="68.15583" lon="13.68763">
    <name>TP6473</name>
  </trkpt>
  <trkpt lat="68.15569" lon="13.68716">
    <name>TP6474</name>
  </trkpt>
  <trkpt lat="68.15553" lon="13.68651">
    <name>TP6475</name>
  </trkpt>
  <trkpt lat="68.1555" lon="13.6864">
    <name>TP6476</name>
  </trkpt>
  <trkpt lat="68.15542" lon="13.68603">
    <name>TP6477</name>
  </trkpt>
  <trkpt lat="68.15513" lon="13.68479">
    <name>TP6478</name>
  </trkpt>
  <trkpt lat="68.15499" lon="13.68417">
    <name>TP6479</name>
  </trkpt>
  <trkpt lat="68.15481" lon="13.68334">
    <name>TP6480</name>
  </trkpt>
  <trkpt lat="68.15467" lon="13.68274">
    <name>TP6481</name>
  </trkpt>
  <trkpt lat="68.15449" lon="13.68192">
    <name>TP6482</name>
  </trkpt>
  <trkpt lat="68.15439" lon="13.6815">
    <name>TP6483</name>
  </trkpt>
  <trkpt lat="68.15431" lon="13.68115">
    <name>TP6484</name>
  </trkpt>
  <trkpt lat="68.15422" lon="13.68075">
    <name>TP6485</name>
  </trkpt>
  <trkpt lat="68.15419" lon="13.68062">
    <name>TP6486</name>
  </trkpt>
  <trkpt lat="68.15412" lon="13.68034">
    <name>TP6487</name>
  </trkpt>
  <trkpt lat="68.1541" lon="13.68027">
    <name>TP6488</name>
  </trkpt>
  <trkpt lat="68.15401" lon="13.67995">
    <name>TP6489</name>
  </trkpt>
  <trkpt lat="68.154" lon="13.67992">
    <name>TP6490</name>
  </trkpt>
  <trkpt lat="68.15391" lon="13.67958">
    <name>TP6491</name>
  </trkpt>
  <trkpt lat="68.15385" lon="13.67939">
    <name>TP6492</name>
  </trkpt>
  <trkpt lat="68.15381" lon="13.6793">
    <name>TP6493</name>
  </trkpt>
  <trkpt lat="68.15365" lon="13.67893">
    <name>TP6494</name>
  </trkpt>
  <trkpt lat="68.15353" lon="13.67865">
    <name>TP6495</name>
  </trkpt>
  <trkpt lat="68.15345" lon="13.67846">
    <name>TP6496</name>
  </trkpt>
  <trkpt lat="68.15337" lon="13.67824">
    <name>TP6497</name>
  </trkpt>
  <trkpt lat="68.1533" lon="13.67804">
    <name>TP6498</name>
  </trkpt>
  <trkpt lat="68.15319" lon="13.6777">
    <name>TP6499</name>
  </trkpt>
  <trkpt lat="68.15318" lon="13.67767">
    <name>TP6500</name>
  </trkpt>
  <trkpt lat="68.15318" lon="13.67765">
    <name>TP6501</name>
  </trkpt>
  <trkpt lat="68.15308" lon="13.67727">
    <name>TP6502</name>
  </trkpt>
  <trkpt lat="68.15297" lon="13.67688">
    <name>TP6503</name>
  </trkpt>
  <trkpt lat="68.15287" lon="13.67646">
    <name>TP6504</name>
  </trkpt>
  <trkpt lat="68.15281" lon="13.67623">
    <name>TP6505</name>
  </trkpt>
  <trkpt lat="68.1527" lon="13.67583">
    <name>TP6506</name>
  </trkpt>
  <trkpt lat="68.15258" lon="13.67542">
    <name>TP6507</name>
  </trkpt>
  <trkpt lat="68.15241" lon="13.67488">
    <name>TP6508</name>
  </trkpt>
  <trkpt lat="68.15232" lon="13.67461">
    <name>TP6509</name>
  </trkpt>
  <trkpt lat="68.15217" lon="13.67416">
    <name>TP6510</name>
  </trkpt>
  <trkpt lat="68.15202" lon="13.67372">
    <name>TP6511</name>
  </trkpt>
  <trkpt lat="68.15197" lon="13.67354">
    <name>TP6512</name>
  </trkpt>
  <trkpt lat="68.15191" lon="13.6734">
    <name>TP6513</name>
  </trkpt>
  <trkpt lat="68.15186" lon="13.67325">
    <name>TP6514</name>
  </trkpt>
  <trkpt lat="68.1518" lon="13.67309">
    <name>TP6515</name>
  </trkpt>
  <trkpt lat="68.15175" lon="13.67293">
    <name>TP6516</name>
  </trkpt>
  <trkpt lat="68.15168" lon="13.67278">
    <name>TP6517</name>
  </trkpt>
  <trkpt lat="68.15161" lon="13.67263">
    <name>TP6518</name>
  </trkpt>
  <trkpt lat="68.15155" lon="13.67251">
    <name>TP6519</name>
  </trkpt>
  <trkpt lat="68.15148" lon="13.6724">
    <name>TP6520</name>
  </trkpt>
  <trkpt lat="68.15143" lon="13.6723">
    <name>TP6521</name>
  </trkpt>
  <trkpt lat="68.15137" lon="13.67221">
    <name>TP6522</name>
  </trkpt>
  <trkpt lat="68.1513" lon="13.67212">
    <name>TP6523</name>
  </trkpt>
  <trkpt lat="68.15124" lon="13.67204">
    <name>TP6524</name>
  </trkpt>
  <trkpt lat="68.15116" lon="13.67197">
    <name>TP6525</name>
  </trkpt>
  <trkpt lat="68.15107" lon="13.67191">
    <name>TP6526</name>
  </trkpt>
  <trkpt lat="68.15097" lon="13.67182">
    <name>TP6527</name>
  </trkpt>
  <trkpt lat="68.15086" lon="13.67174">
    <name>TP6528</name>
  </trkpt>
  <trkpt lat="68.15083" lon="13.67171">
    <name>TP6529</name>
  </trkpt>
  <trkpt lat="68.15076" lon="13.67167">
    <name>TP6530</name>
  </trkpt>
  <trkpt lat="68.15065" lon="13.67159">
    <name>TP6531</name>
  </trkpt>
  <trkpt lat="68.15065" lon="13.67158">
    <name>TP6532</name>
  </trkpt>
  <trkpt lat="68.15053" lon="13.6715">
    <name>TP6533</name>
  </trkpt>
  <trkpt lat="68.15042" lon="13.6714">
    <name>TP6534</name>
  </trkpt>
  <trkpt lat="68.15031" lon="13.67129">
    <name>TP6535</name>
  </trkpt>
  <trkpt lat="68.15018" lon="13.67114">
    <name>TP6536</name>
  </trkpt>
  <trkpt lat="68.15006" lon="13.67099">
    <name>TP6537</name>
  </trkpt>
  <trkpt lat="68.14998" lon="13.67089">
    <name>TP6538</name>
  </trkpt>
  <trkpt lat="68.14993" lon="13.67082">
    <name>TP6539</name>
  </trkpt>
  <trkpt lat="68.14988" lon="13.67074">
    <name>TP6540</name>
  </trkpt>
  <trkpt lat="68.14984" lon="13.67068">
    <name>TP6541</name>
  </trkpt>
  <trkpt lat="68.14983" lon="13.67066">
    <name>TP6542</name>
  </trkpt>
  <trkpt lat="68.1498" lon="13.67062">
    <name>TP6543</name>
  </trkpt>
  <trkpt lat="68.14976" lon="13.67057">
    <name>TP6544</name>
  </trkpt>
  <trkpt lat="68.14962" lon="13.67036">
    <name>TP6545</name>
  </trkpt>
  <trkpt lat="68.14951" lon="13.67019">
    <name>TP6546</name>
  </trkpt>
  <trkpt lat="68.14936" lon="13.66995">
    <name>TP6547</name>
  </trkpt>
  <trkpt lat="68.14928" lon="13.66984">
    <name>TP6548</name>
  </trkpt>
  <trkpt lat="68.14918" lon="13.66966">
    <name>TP6549</name>
  </trkpt>
  <trkpt lat="68.14907" lon="13.66945">
    <name>TP6550</name>
  </trkpt>
  <trkpt lat="68.14896" lon="13.66918">
    <name>TP6551</name>
  </trkpt>
  <trkpt lat="68.14886" lon="13.66892">
    <name>TP6552</name>
  </trkpt>
  <trkpt lat="68.14879" lon="13.66863">
    <name>TP6553</name>
  </trkpt>
  <trkpt lat="68.14872" lon="13.66834">
    <name>TP6554</name>
  </trkpt>
  <trkpt lat="68.14866" lon="13.66798">
    <name>TP6555</name>
  </trkpt>
  <trkpt lat="68.14864" lon="13.66787">
    <name>TP6556</name>
  </trkpt>
  <trkpt lat="68.14861" lon="13.66766">
    <name>TP6557</name>
  </trkpt>
  <trkpt lat="68.14859" lon="13.6674">
    <name>TP6558</name>
  </trkpt>
  <trkpt lat="68.14858" lon="13.6673">
    <name>TP6559</name>
  </trkpt>
  <trkpt lat="68.14857" lon="13.66688">
    <name>TP6560</name>
  </trkpt>
  <trkpt lat="68.14857" lon="13.66647">
    <name>TP6561</name>
  </trkpt>
  <trkpt lat="68.14857" lon="13.66609">
    <name>TP6562</name>
  </trkpt>
  <trkpt lat="68.14859" lon="13.66573">
    <name>TP6563</name>
  </trkpt>
  <trkpt lat="68.1486" lon="13.66525">
    <name>TP6564</name>
  </trkpt>
  <trkpt lat="68.14861" lon="13.66516">
    <name>TP6565</name>
  </trkpt>
  <trkpt lat="68.14862" lon="13.66477">
    <name>TP6566</name>
  </trkpt>
  <trkpt lat="68.14863" lon="13.66467">
    <name>TP6567</name>
  </trkpt>
  <trkpt lat="68.14865" lon="13.66421">
    <name>TP6568</name>
  </trkpt>
  <trkpt lat="68.14866" lon="13.66403">
    <name>TP6569</name>
  </trkpt>
  <trkpt lat="68.14867" lon="13.66386">
    <name>TP6570</name>
  </trkpt>
  <trkpt lat="68.14867" lon="13.66372">
    <name>TP6571</name>
  </trkpt>
  <trkpt lat="68.14868" lon="13.66358">
    <name>TP6572</name>
  </trkpt>
  <trkpt lat="68.1487" lon="13.66322">
    <name>TP6573</name>
  </trkpt>
  <trkpt lat="68.14871" lon="13.6631">
    <name>TP6574</name>
  </trkpt>
  <trkpt lat="68.14872" lon="13.66285">
    <name>TP6575</name>
  </trkpt>
  <trkpt lat="68.14872" lon="13.66273">
    <name>TP6576</name>
  </trkpt>
  <trkpt lat="68.14873" lon="13.6626">
    <name>TP6577</name>
  </trkpt>
  <trkpt lat="68.14874" lon="13.66212">
    <name>TP6578</name>
  </trkpt>
  <trkpt lat="68.14876" lon="13.66164">
    <name>TP6579</name>
  </trkpt>
  <trkpt lat="68.14876" lon="13.6615">
    <name>TP6580</name>
  </trkpt>
  <trkpt lat="68.14879" lon="13.66089">
    <name>TP6581</name>
  </trkpt>
  <trkpt lat="68.14882" lon="13.66024">
    <name>TP6582</name>
  </trkpt>
  <trkpt lat="68.14882" lon="13.66021">
    <name>TP6583</name>
  </trkpt>
  <trkpt lat="68.14885" lon="13.65956">
    <name>TP6584</name>
  </trkpt>
  <trkpt lat="68.14886" lon="13.65889">
    <name>TP6585</name>
  </trkpt>
  <trkpt lat="68.14888" lon="13.65844">
    <name>TP6586</name>
  </trkpt>
  <trkpt lat="68.14888" lon="13.65827">
    <name>TP6587</name>
  </trkpt>
  <trkpt lat="68.14888" lon="13.65802">
    <name>TP6588</name>
  </trkpt>
  <trkpt lat="68.14885" lon="13.65752">
    <name>TP6589</name>
  </trkpt>
  <trkpt lat="68.14882" lon="13.65713">
    <name>TP6590</name>
  </trkpt>
  <trkpt lat="68.14876" lon="13.65678">
    <name>TP6591</name>
  </trkpt>
  <trkpt lat="68.1487" lon="13.65645">
    <name>TP6592</name>
  </trkpt>
  <trkpt lat="68.1486" lon="13.65611">
    <name>TP6593</name>
  </trkpt>
  <trkpt lat="68.1485" lon="13.65579">
    <name>TP6594</name>
  </trkpt>
  <trkpt lat="68.14841" lon="13.65557">
    <name>TP6595</name>
  </trkpt>
  <trkpt lat="68.14831" lon="13.65535">
    <name>TP6596</name>
  </trkpt>
  <trkpt lat="68.14818" lon="13.65513">
    <name>TP6597</name>
  </trkpt>
  <trkpt lat="68.14806" lon="13.65493">
    <name>TP6598</name>
  </trkpt>
  <trkpt lat="68.14791" lon="13.65471">
    <name>TP6599</name>
  </trkpt>
  <trkpt lat="68.14777" lon="13.65451">
    <name>TP6600</name>
  </trkpt>
  <trkpt lat="68.14763" lon="13.65434">
    <name>TP6601</name>
  </trkpt>
  <trkpt lat="68.14761" lon="13.65431">
    <name>TP6602</name>
  </trkpt>
  <trkpt lat="68.14758" lon="13.65428">
    <name>TP6603</name>
  </trkpt>
  <trkpt lat="68.14747" lon="13.65417">
    <name>TP6604</name>
  </trkpt>
  <trkpt lat="68.14723" lon="13.6539">
    <name>TP6605</name>
  </trkpt>
  <trkpt lat="68.14714" lon="13.6538">
    <name>TP6606</name>
  </trkpt>
  <trkpt lat="68.147" lon="13.65364">
    <name>TP6607</name>
  </trkpt>
  <trkpt lat="68.14667" lon="13.65326">
    <name>TP6608</name>
  </trkpt>
  <trkpt lat="68.14632" lon="13.65285">
    <name>TP6609</name>
  </trkpt>
  <trkpt lat="68.14606" lon="13.65256">
    <name>TP6610</name>
  </trkpt>
  <trkpt lat="68.14599" lon="13.65248">
    <name>TP6611</name>
  </trkpt>
  <trkpt lat="68.14573" lon="13.65216">
    <name>TP6612</name>
  </trkpt>
  <trkpt lat="68.1456" lon="13.65196">
    <name>TP6613</name>
  </trkpt>
  <trkpt lat="68.14548" lon="13.65173">
    <name>TP6614</name>
  </trkpt>
  <trkpt lat="68.14536" lon="13.65145">
    <name>TP6615</name>
  </trkpt>
  <trkpt lat="68.14526" lon="13.65114">
    <name>TP6616</name>
  </trkpt>
  <trkpt lat="68.14517" lon="13.65081">
    <name>TP6617</name>
  </trkpt>
  <trkpt lat="68.14511" lon="13.65043">
    <name>TP6618</name>
  </trkpt>
  <trkpt lat="68.14507" lon="13.65017">
    <name>TP6619</name>
  </trkpt>
  <trkpt lat="68.14506" lon="13.65008">
    <name>TP6620</name>
  </trkpt>
  <trkpt lat="68.14505" lon="13.64996">
    <name>TP6621</name>
  </trkpt>
  <trkpt lat="68.14504" lon="13.64985">
    <name>TP6622</name>
  </trkpt>
  <trkpt lat="68.145" lon="13.64948">
    <name>TP6623</name>
  </trkpt>
  <trkpt lat="68.145" lon="13.64943">
    <name>TP6624</name>
  </trkpt>
  <trkpt lat="68.14495" lon="13.64909">
    <name>TP6625</name>
  </trkpt>
  <trkpt lat="68.14489" lon="13.64876">
    <name>TP6626</name>
  </trkpt>
  <trkpt lat="68.14481" lon="13.64849">
    <name>TP6627</name>
  </trkpt>
  <trkpt lat="68.14464" lon="13.64787">
    <name>TP6628</name>
  </trkpt>
  <trkpt lat="68.14439" lon="13.6469">
    <name>TP6629</name>
  </trkpt>
  <trkpt lat="68.14429" lon="13.64631">
    <name>TP6630</name>
  </trkpt>
  <trkpt lat="68.1442" lon="13.6457">
    <name>TP6631</name>
  </trkpt>
  <trkpt lat="68.14417" lon="13.64535">
    <name>TP6632</name>
  </trkpt>
  <trkpt lat="68.14416" lon="13.64523">
    <name>TP6633</name>
  </trkpt>
  <trkpt lat="68.14416" lon="13.64521">
    <name>TP6634</name>
  </trkpt>
  <trkpt lat="68.14412" lon="13.64476">
    <name>TP6635</name>
  </trkpt>
  <trkpt lat="68.14409" lon="13.64434">
    <name>TP6636</name>
  </trkpt>
  <trkpt lat="68.14409" lon="13.64384">
    <name>TP6637</name>
  </trkpt>
  <trkpt lat="68.14408" lon="13.64213">
    <name>TP6638</name>
  </trkpt>
  <trkpt lat="68.14408" lon="13.6421">
    <name>TP6639</name>
  </trkpt>
  <trkpt lat="68.14408" lon="13.64184">
    <name>TP6640</name>
  </trkpt>
  <trkpt lat="68.14408" lon="13.64136">
    <name>TP6641</name>
  </trkpt>
  <trkpt lat="68.14408" lon="13.64031">
    <name>TP6642</name>
  </trkpt>
  <trkpt lat="68.14408" lon="13.6397">
    <name>TP6643</name>
  </trkpt>
  <trkpt lat="68.14407" lon="13.63958">
    <name>TP6644</name>
  </trkpt>
  <trkpt lat="68.14407" lon="13.63946">
    <name>TP6645</name>
  </trkpt>
  <trkpt lat="68.14407" lon="13.63933">
    <name>TP6646</name>
  </trkpt>
  <trkpt lat="68.14405" lon="13.63705">
    <name>TP6647</name>
  </trkpt>
  <trkpt lat="68.14404" lon="13.63486">
    <name>TP6648</name>
  </trkpt>
  <trkpt lat="68.14404" lon="13.63472">
    <name>TP6649</name>
  </trkpt>
  <trkpt lat="68.14403" lon="13.63459">
    <name>TP6650</name>
  </trkpt>
  <trkpt lat="68.14403" lon="13.63452">
    <name>TP6651</name>
  </trkpt>
  <trkpt lat="68.14403" lon="13.63438">
    <name>TP6652</name>
  </trkpt>
  <trkpt lat="68.14402" lon="13.6334">
    <name>TP6653</name>
  </trkpt>
  <trkpt lat="68.14399" lon="13.6326">
    <name>TP6654</name>
  </trkpt>
  <trkpt lat="68.14398" lon="13.63248">
    <name>TP6655</name>
  </trkpt>
  <trkpt lat="68.14398" lon="13.63236">
    <name>TP6656</name>
  </trkpt>
  <trkpt lat="68.14398" lon="13.63231">
    <name>TP6657</name>
  </trkpt>
  <trkpt lat="68.14397" lon="13.63219">
    <name>TP6658</name>
  </trkpt>
  <trkpt lat="68.14392" lon="13.63101">
    <name>TP6659</name>
  </trkpt>
  <trkpt lat="68.1439" lon="13.63064">
    <name>TP6660</name>
  </trkpt>
  <trkpt lat="68.14388" lon="13.63012">
    <name>TP6661</name>
  </trkpt>
  <trkpt lat="68.14388" lon="13.63007">
    <name>TP6662</name>
  </trkpt>
  <trkpt lat="68.14385" lon="13.62955">
    <name>TP6663</name>
  </trkpt>
  <trkpt lat="68.14382" lon="13.62903">
    <name>TP6664</name>
  </trkpt>
  <trkpt lat="68.14381" lon="13.62887">
    <name>TP6665</name>
  </trkpt>
  <trkpt lat="68.1438" lon="13.62847">
    <name>TP6666</name>
  </trkpt>
  <trkpt lat="68.1438" lon="13.62804">
    <name>TP6667</name>
  </trkpt>
  <trkpt lat="68.14382" lon="13.6277">
    <name>TP6668</name>
  </trkpt>
  <trkpt lat="68.14384" lon="13.62732">
    <name>TP6669</name>
  </trkpt>
  <trkpt lat="68.14389" lon="13.62691">
    <name>TP6670</name>
  </trkpt>
  <trkpt lat="68.14395" lon="13.62651">
    <name>TP6671</name>
  </trkpt>
  <trkpt lat="68.14402" lon="13.62619">
    <name>TP6672</name>
  </trkpt>
  <trkpt lat="68.14406" lon="13.626">
    <name>TP6673</name>
  </trkpt>
  <trkpt lat="68.14412" lon="13.62568">
    <name>TP6674</name>
  </trkpt>
  <trkpt lat="68.14426" lon="13.62512">
    <name>TP6675</name>
  </trkpt>
  <trkpt lat="68.14439" lon="13.62454">
    <name>TP6676</name>
  </trkpt>
  <trkpt lat="68.14458" lon="13.62374">
    <name>TP6677</name>
  </trkpt>
  <trkpt lat="68.14473" lon="13.6231">
    <name>TP6678</name>
  </trkpt>
  <trkpt lat="68.14486" lon="13.62256">
    <name>TP6679</name>
  </trkpt>
  <trkpt lat="68.145" lon="13.62199">
    <name>TP6680</name>
  </trkpt>
  <trkpt lat="68.14508" lon="13.62168">
    <name>TP6681</name>
  </trkpt>
  <trkpt lat="68.14514" lon="13.62141">
    <name>TP6682</name>
  </trkpt>
  <trkpt lat="68.14542" lon="13.62009">
    <name>TP6683</name>
  </trkpt>
  <trkpt lat="68.14567" lon="13.61893">
    <name>TP6684</name>
  </trkpt>
  <trkpt lat="68.14574" lon="13.61874">
    <name>TP6685</name>
  </trkpt>
  <trkpt lat="68.14579" lon="13.61858">
    <name>TP6686</name>
  </trkpt>
  <trkpt lat="68.14589" lon="13.61827">
    <name>TP6687</name>
  </trkpt>
  <trkpt lat="68.14597" lon="13.61786">
    <name>TP6688</name>
  </trkpt>
  <trkpt lat="68.1459683" lon="13.6178609">
    <name>TP6689</name>
  </trkpt>
  <trkpt lat="68.14597" lon="13.61787">
    <name>TP6690</name>
  </trkpt>
  <trkpt lat="68.14598" lon="13.61787">
    <name>TP6691</name>
  </trkpt>
  <trkpt lat="68.14599" lon="13.61788">
    <name>TP6692</name>
  </trkpt>
  <trkpt lat="68.146" lon="13.61788">
    <name>TP6693</name>
  </trkpt>
  <trkpt lat="68.14601" lon="13.61788">
    <name>TP6694</name>
  </trkpt>
  <trkpt lat="68.14602" lon="13.61788">
    <name>TP6695</name>
  </trkpt>
  <trkpt lat="68.14603" lon="13.61788">
    <name>TP6696</name>
  </trkpt>
  <trkpt lat="68.14604" lon="13.61787">
    <name>TP6697</name>
  </trkpt>
  <trkpt lat="68.14604" lon="13.61786">
    <name>TP6698</name>
  </trkpt>
  <trkpt lat="68.14605" lon="13.61786">
    <name>TP6699</name>
  </trkpt>
  <trkpt lat="68.14605" lon="13.61785">
    <name>TP6700</name>
  </trkpt>
  <trkpt lat="68.14606" lon="13.61785">
    <name>TP6701</name>
  </trkpt>
  <trkpt lat="68.14606" lon="13.61784">
    <name>TP6702</name>
  </trkpt>
  <trkpt lat="68.14607" lon="13.61783">
    <name>TP6703</name>
  </trkpt>
  <trkpt lat="68.14607" lon="13.61782">
    <name>TP6704</name>
  </trkpt>
  <trkpt lat="68.14608" lon="13.6178">
    <name>TP6705</name>
  </trkpt>
  <trkpt lat="68.14608" lon="13.61779">
    <name>TP6706</name>
  </trkpt>
  <trkpt lat="68.14609" lon="13.61778">
    <name>TP6707</name>
  </trkpt>
  <trkpt lat="68.14609" lon="13.61777">
    <name>TP6708</name>
  </trkpt>
  <trkpt lat="68.14609" lon="13.61776">
    <name>TP6709</name>
  </trkpt>
  <trkpt lat="68.1461" lon="13.61775">
    <name>TP6710</name>
  </trkpt>
  <trkpt lat="68.1461" lon="13.61774">
    <name>TP6711</name>
  </trkpt>
  <trkpt lat="68.1461" lon="13.61773">
    <name>TP6712</name>
  </trkpt>
  <trkpt lat="68.1461" lon="13.61772">
    <name>TP6713</name>
  </trkpt>
  <trkpt lat="68.1461" lon="13.61771">
    <name>TP6714</name>
  </trkpt>
  <trkpt lat="68.14611" lon="13.61769">
    <name>TP6715</name>
  </trkpt>
  <trkpt lat="68.14611" lon="13.61768">
    <name>TP6716</name>
  </trkpt>
  <trkpt lat="68.14611" lon="13.61767">
    <name>TP6717</name>
  </trkpt>
  <trkpt lat="68.14611" lon="13.61766">
    <name>TP6718</name>
  </trkpt>
  <trkpt lat="68.14611" lon="13.61764">
    <name>TP6719</name>
  </trkpt>
  <trkpt lat="68.14611" lon="13.61763">
    <name>TP6720</name>
  </trkpt>
  <trkpt lat="68.14611" lon="13.61762">
    <name>TP6721</name>
  </trkpt>
  <trkpt lat="68.14611" lon="13.6176">
    <name>TP6722</name>
  </trkpt>
  <trkpt lat="68.14611" lon="13.61759">
    <name>TP6723</name>
  </trkpt>
  <trkpt lat="68.14611" lon="13.61758">
    <name>TP6724</name>
  </trkpt>
  <trkpt lat="68.14611" lon="13.61757">
    <name>TP6725</name>
  </trkpt>
  <trkpt lat="68.14611" lon="13.61755">
    <name>TP6726</name>
  </trkpt>
  <trkpt lat="68.14611" lon="13.61754">
    <name>TP6727</name>
  </trkpt>
  <trkpt lat="68.14611" lon="13.61753">
    <name>TP6728</name>
  </trkpt>
  <trkpt lat="68.14611" lon="13.61751">
    <name>TP6729</name>
  </trkpt>
  <trkpt lat="68.14611" lon="13.6175">
    <name>TP6730</name>
  </trkpt>
  <trkpt lat="68.14611" lon="13.61749">
    <name>TP6731</name>
  </trkpt>
  <trkpt lat="68.14611" lon="13.61747">
    <name>TP6732</name>
  </trkpt>
  <trkpt lat="68.14611" lon="13.61746">
    <name>TP6733</name>
  </trkpt>
  <trkpt lat="68.14611" lon="13.61745">
    <name>TP6734</name>
  </trkpt>
  <trkpt lat="68.14611" lon="13.61743">
    <name>TP6735</name>
  </trkpt>
  <trkpt lat="68.1461" lon="13.61742">
    <name>TP6736</name>
  </trkpt>
  <trkpt lat="68.1461" lon="13.61741">
    <name>TP6737</name>
  </trkpt>
  <trkpt lat="68.1461" lon="13.6174">
    <name>TP6738</name>
  </trkpt>
  <trkpt lat="68.1461" lon="13.61739">
    <name>TP6739</name>
  </trkpt>
  <trkpt lat="68.14609" lon="13.61738">
    <name>TP6740</name>
  </trkpt>
  <trkpt lat="68.14609" lon="13.61736">
    <name>TP6741</name>
  </trkpt>
  <trkpt lat="68.14609" lon="13.61735">
    <name>TP6742</name>
  </trkpt>
  <trkpt lat="68.14608" lon="13.61734">
    <name>TP6743</name>
  </trkpt>
  <trkpt lat="68.14608" lon="13.61733">
    <name>TP6744</name>
  </trkpt>
  <trkpt lat="68.14608" lon="13.61732">
    <name>TP6745</name>
  </trkpt>
  <trkpt lat="68.14607" lon="13.61731">
    <name>TP6746</name>
  </trkpt>
  <trkpt lat="68.14607" lon="13.6173">
    <name>TP6747</name>
  </trkpt>
  <trkpt lat="68.14606" lon="13.6173">
    <name>TP6748</name>
  </trkpt>
  <trkpt lat="68.14606" lon="13.61729">
    <name>TP6749</name>
  </trkpt>
  <trkpt lat="68.14606" lon="13.61728">
    <name>TP6750</name>
  </trkpt>
  <trkpt lat="68.14605" lon="13.61728">
    <name>TP6751</name>
  </trkpt>
  <trkpt lat="68.14605" lon="13.61727">
    <name>TP6752</name>
  </trkpt>
  <trkpt lat="68.14604" lon="13.61727">
    <name>TP6753</name>
  </trkpt>
  <trkpt lat="68.14604" lon="13.61726">
    <name>TP6754</name>
  </trkpt>
  <trkpt lat="68.14603" lon="13.61726">
    <name>TP6755</name>
  </trkpt>
  <trkpt lat="68.14603" lon="13.61725">
    <name>TP6756</name>
  </trkpt>
  <trkpt lat="68.14602" lon="13.61725">
    <name>TP6757</name>
  </trkpt>
  <trkpt lat="68.14601" lon="13.61725">
    <name>TP6758</name>
  </trkpt>
  <trkpt lat="68.146" lon="13.61725">
    <name>TP6759</name>
  </trkpt>
  <trkpt lat="68.14599" lon="13.61725">
    <name>TP6760</name>
  </trkpt>
  <trkpt lat="68.14598" lon="13.61726">
    <name>TP6761</name>
  </trkpt>
  <trkpt lat="68.14597" lon="13.61726">
    <name>TP6762</name>
  </trkpt>
  <trkpt lat="68.14597" lon="13.61727">
    <name>TP6763</name>
  </trkpt>
  <trkpt lat="68.14596" lon="13.61728">
    <name>TP6764</name>
  </trkpt>
  <trkpt lat="68.14595" lon="13.61728">
    <name>TP6765</name>
  </trkpt>
  <trkpt lat="68.14595" lon="13.61729">
    <name>TP6766</name>
  </trkpt>
  <trkpt lat="68.14594" lon="13.61729">
    <name>TP6767</name>
  </trkpt>
  <trkpt lat="68.14594" lon="13.6173">
    <name>TP6768</name>
  </trkpt>
  <trkpt lat="68.14593" lon="13.6173">
    <name>TP6769</name>
  </trkpt>
  <trkpt lat="68.14593" lon="13.61731">
    <name>TP6770</name>
  </trkpt>
  <trkpt lat="68.14592" lon="13.61732">
    <name>TP6771</name>
  </trkpt>
  <trkpt lat="68.14592" lon="13.61733">
    <name>TP6772</name>
  </trkpt>
  <trkpt lat="68.14591" lon="13.61734">
    <name>TP6773</name>
  </trkpt>
  <trkpt lat="68.14591" lon="13.61735">
    <name>TP6774</name>
  </trkpt>
  <trkpt lat="68.14576" lon="13.61719">
    <name>TP6775</name>
  </trkpt>
  <trkpt lat="68.14562" lon="13.61706">
    <name>TP6776</name>
  </trkpt>
  <trkpt lat="68.14541" lon="13.61686">
    <name>TP6777</name>
  </trkpt>
  <trkpt lat="68.14529" lon="13.61669">
    <name>TP6778</name>
  </trkpt>
  <trkpt lat="68.14527" lon="13.61666">
    <name>TP6779</name>
  </trkpt>
  <trkpt lat="68.14526" lon="13.61663">
    <name>TP6780</name>
  </trkpt>
  <trkpt lat="68.14513" lon="13.6164">
    <name>TP6781</name>
  </trkpt>
  <trkpt lat="68.14496" lon="13.61609">
    <name>TP6782</name>
  </trkpt>
  <trkpt lat="68.14481" lon="13.61576">
    <name>TP6783</name>
  </trkpt>
  <trkpt lat="68.14465" lon="13.61539">
    <name>TP6784</name>
  </trkpt>
  <trkpt lat="68.14462" lon="13.6153">
    <name>TP6785</name>
  </trkpt>
  <trkpt lat="68.14453" lon="13.61506">
    <name>TP6786</name>
  </trkpt>
  <trkpt lat="68.14438" lon="13.61464">
    <name>TP6787</name>
  </trkpt>
  <trkpt lat="68.14429" lon="13.61435">
    <name>TP6788</name>
  </trkpt>
  <trkpt lat="68.14415" lon="13.6139">
    <name>TP6789</name>
  </trkpt>
  <trkpt lat="68.1441" lon="13.61356">
    <name>TP6790</name>
  </trkpt>
  <trkpt lat="68.14402" lon="13.61317">
    <name>TP6791</name>
  </trkpt>
  <trkpt lat="68.1440211" lon="13.6131705">
    <name>TP6792</name>
  </trkpt>
  <trkpt lat="68.14402" lon="13.61315">
    <name>TP6793</name>
  </trkpt>
  <trkpt lat="68.14403" lon="13.61312">
    <name>TP6794</name>
  </trkpt>
  <trkpt lat="68.14403" lon="13.61309">
    <name>TP6795</name>
  </trkpt>
  <trkpt lat="68.14403" lon="13.61307">
    <name>TP6796</name>
  </trkpt>
  <trkpt lat="68.14403" lon="13.61304">
    <name>TP6797</name>
  </trkpt>
  <trkpt lat="68.14403" lon="13.61302">
    <name>TP6798</name>
  </trkpt>
  <trkpt lat="68.14403" lon="13.61299">
    <name>TP6799</name>
  </trkpt>
  <trkpt lat="68.14403" lon="13.61296">
    <name>TP6800</name>
  </trkpt>
  <trkpt lat="68.14403" lon="13.61294">
    <name>TP6801</name>
  </trkpt>
  <trkpt lat="68.14403" lon="13.61291">
    <name>TP6802</name>
  </trkpt>
  <trkpt lat="68.14402" lon="13.61289">
    <name>TP6803</name>
  </trkpt>
  <trkpt lat="68.14402" lon="13.61286">
    <name>TP6804</name>
  </trkpt>
  <trkpt lat="68.14401" lon="13.61284">
    <name>TP6805</name>
  </trkpt>
  <trkpt lat="68.14401" lon="13.61282">
    <name>TP6806</name>
  </trkpt>
  <trkpt lat="68.144" lon="13.6128">
    <name>TP6807</name>
  </trkpt>
  <trkpt lat="68.144" lon="13.61278">
    <name>TP6808</name>
  </trkpt>
  <trkpt lat="68.14399" lon="13.61276">
    <name>TP6809</name>
  </trkpt>
  <trkpt lat="68.14398" lon="13.61274">
    <name>TP6810</name>
  </trkpt>
  <trkpt lat="68.14398" lon="13.61272">
    <name>TP6811</name>
  </trkpt>
  <trkpt lat="68.14397" lon="13.6127">
    <name>TP6812</name>
  </trkpt>
  <trkpt lat="68.14396" lon="13.61269">
    <name>TP6813</name>
  </trkpt>
  <trkpt lat="68.14395" lon="13.61268">
    <name>TP6814</name>
  </trkpt>
  <trkpt lat="68.14394" lon="13.61266">
    <name>TP6815</name>
  </trkpt>
  <trkpt lat="68.14394" lon="13.61265">
    <name>TP6816</name>
  </trkpt>
  <trkpt lat="68.14393" lon="13.61265">
    <name>TP6817</name>
  </trkpt>
  <trkpt lat="68.14392" lon="13.61264">
    <name>TP6818</name>
  </trkpt>
  <trkpt lat="68.14391" lon="13.61263">
    <name>TP6819</name>
  </trkpt>
  <trkpt lat="68.1439" lon="13.61263">
    <name>TP6820</name>
  </trkpt>
  <trkpt lat="68.14389" lon="13.61263">
    <name>TP6821</name>
  </trkpt>
  <trkpt lat="68.14388" lon="13.61263">
    <name>TP6822</name>
  </trkpt>
  <trkpt lat="68.14387" lon="13.61263">
    <name>TP6823</name>
  </trkpt>
  <trkpt lat="68.14386" lon="13.61263">
    <name>TP6824</name>
  </trkpt>
  <trkpt lat="68.14385" lon="13.61264">
    <name>TP6825</name>
  </trkpt>
  <trkpt lat="68.14384" lon="13.61265">
    <name>TP6826</name>
  </trkpt>
  <trkpt lat="68.14383" lon="13.61265">
    <name>TP6827</name>
  </trkpt>
  <trkpt lat="68.14382" lon="13.61266">
    <name>TP6828</name>
  </trkpt>
  <trkpt lat="68.14381" lon="13.61268">
    <name>TP6829</name>
  </trkpt>
  <trkpt lat="68.1438" lon="13.61269">
    <name>TP6830</name>
  </trkpt>
  <trkpt lat="68.1438" lon="13.6127">
    <name>TP6831</name>
  </trkpt>
  <trkpt lat="68.14379" lon="13.61272">
    <name>TP6832</name>
  </trkpt>
  <trkpt lat="68.14378" lon="13.61274">
    <name>TP6833</name>
  </trkpt>
  <trkpt lat="68.14377" lon="13.61275">
    <name>TP6834</name>
  </trkpt>
  <trkpt lat="68.14377" lon="13.61277">
    <name>TP6835</name>
  </trkpt>
  <trkpt lat="68.14376" lon="13.6128">
    <name>TP6836</name>
  </trkpt>
  <trkpt lat="68.14376" lon="13.61282">
    <name>TP6837</name>
  </trkpt>
  <trkpt lat="68.14375" lon="13.61284">
    <name>TP6838</name>
  </trkpt>
  <trkpt lat="68.14375" lon="13.61286">
    <name>TP6839</name>
  </trkpt>
  <trkpt lat="68.14374" lon="13.61289">
    <name>TP6840</name>
  </trkpt>
  <trkpt lat="68.14374" lon="13.61291">
    <name>TP6841</name>
  </trkpt>
  <trkpt lat="68.14374" lon="13.61294">
    <name>TP6842</name>
  </trkpt>
  <trkpt lat="68.14374" lon="13.61296">
    <name>TP6843</name>
  </trkpt>
  <trkpt lat="68.14374" lon="13.61299">
    <name>TP6844</name>
  </trkpt>
  <trkpt lat="68.14374" lon="13.61302">
    <name>TP6845</name>
  </trkpt>
  <trkpt lat="68.14374" lon="13.61304">
    <name>TP6846</name>
  </trkpt>
  <trkpt lat="68.14374" lon="13.61307">
    <name>TP6847</name>
  </trkpt>
  <trkpt lat="68.14374" lon="13.61309">
    <name>TP6848</name>
  </trkpt>
  <trkpt lat="68.14374" lon="13.61312">
    <name>TP6849</name>
  </trkpt>
  <trkpt lat="68.1437" lon="13.61322">
    <name>TP6850</name>
  </trkpt>
  <trkpt lat="68.14366" lon="13.61333">
    <name>TP6851</name>
  </trkpt>
  <trkpt lat="68.14356" lon="13.61356">
    <name>TP6852</name>
  </trkpt>
  <trkpt lat="68.14338" lon="13.61399">
    <name>TP6853</name>
  </trkpt>
  <trkpt lat="68.14321" lon="13.6144">
    <name>TP6854</name>
  </trkpt>
  <trkpt lat="68.14297" lon="13.61514">
    <name>TP6855</name>
  </trkpt>
  <trkpt lat="68.14285" lon="13.6155">
    <name>TP6856</name>
  </trkpt>
  <trkpt lat="68.1427" lon="13.61596">
    <name>TP6857</name>
  </trkpt>
  <trkpt lat="68.14259" lon="13.61635">
    <name>TP6858</name>
  </trkpt>
  <trkpt lat="68.14253" lon="13.61659">
    <name>TP6859</name>
  </trkpt>
  <trkpt lat="68.1424" lon="13.61706">
    <name>TP6860</name>
  </trkpt>
  <trkpt lat="68.1424007" lon="13.6170629">
    <name>TP6861</name>
  </trkpt>
  <trkpt lat="68.14241" lon="13.61708">
    <name>TP6862</name>
  </trkpt>
  <trkpt lat="68.14268" lon="13.61767">
    <name>TP6863</name>
  </trkpt>
  <trkpt lat="68.14294" lon="13.6182">
    <name>TP6864</name>
  </trkpt>
  <trkpt lat="68.1429427" lon="13.618205">
    <name>TP6865</name>
  </trkpt>
  <trkpt lat="68.1429427" lon="13.618205">
    <name>TP6866</name>
  </trkpt>
  <trkpt lat="68.14268" lon="13.61767">
    <name>TP6867</name>
  </trkpt>
  <trkpt lat="68.14241" lon="13.61708">
    <name>TP6868</name>
  </trkpt>
  <trkpt lat="68.1424" lon="13.61706">
    <name>TP6869</name>
  </trkpt>
  <trkpt lat="68.1424007" lon="13.6170629">
    <name>TP6870</name>
  </trkpt>
  <trkpt lat="68.14253" lon="13.61659">
    <name>TP6871</name>
  </trkpt>
  <trkpt lat="68.1427" lon="13.61616">
    <name>TP6872</name>
  </trkpt>
  <trkpt lat="68.14277" lon="13.61597">
    <name>TP6873</name>
  </trkpt>
  <trkpt lat="68.14289" lon="13.61566">
    <name>TP6874</name>
  </trkpt>
  <trkpt lat="68.14303" lon="13.61527">
    <name>TP6875</name>
  </trkpt>
  <trkpt lat="68.14324" lon="13.61462">
    <name>TP6876</name>
  </trkpt>
  <trkpt lat="68.14334" lon="13.61436">
    <name>TP6877</name>
  </trkpt>
  <trkpt lat="68.14343" lon="13.61412">
    <name>TP6878</name>
  </trkpt>
  <trkpt lat="68.14356" lon="13.61378">
    <name>TP6879</name>
  </trkpt>
  <trkpt lat="68.14371" lon="13.61347">
    <name>TP6880</name>
  </trkpt>
  <trkpt lat="68.14378" lon="13.61342">
    <name>TP6881</name>
  </trkpt>
  <trkpt lat="68.14382" lon="13.61339">
    <name>TP6882</name>
  </trkpt>
  <trkpt lat="68.143824" lon="13.6133904">
    <name>TP6883</name>
  </trkpt>
  <trkpt lat="68.14383" lon="13.6134">
    <name>TP6884</name>
  </trkpt>
  <trkpt lat="68.14384" lon="13.61341">
    <name>TP6885</name>
  </trkpt>
  <trkpt lat="68.14385" lon="13.61341">
    <name>TP6886</name>
  </trkpt>
  <trkpt lat="68.14386" lon="13.61342">
    <name>TP6887</name>
  </trkpt>
  <trkpt lat="68.14387" lon="13.61342">
    <name>TP6888</name>
  </trkpt>
  <trkpt lat="68.14388" lon="13.61342">
    <name>TP6889</name>
  </trkpt>
  <trkpt lat="68.14389" lon="13.61342">
    <name>TP6890</name>
  </trkpt>
  <trkpt lat="68.1439" lon="13.61342">
    <name>TP6891</name>
  </trkpt>
  <trkpt lat="68.14391" lon="13.61342">
    <name>TP6892</name>
  </trkpt>
  <trkpt lat="68.14392" lon="13.61341">
    <name>TP6893</name>
  </trkpt>
  <trkpt lat="68.14393" lon="13.6134">
    <name>TP6894</name>
  </trkpt>
  <trkpt lat="68.14395" lon="13.61339">
    <name>TP6895</name>
  </trkpt>
  <trkpt lat="68.14396" lon="13.61337">
    <name>TP6896</name>
  </trkpt>
  <trkpt lat="68.14397" lon="13.61335">
    <name>TP6897</name>
  </trkpt>
  <trkpt lat="68.14398" lon="13.61334">
    <name>TP6898</name>
  </trkpt>
  <trkpt lat="68.14398" lon="13.61332">
    <name>TP6899</name>
  </trkpt>
  <trkpt lat="68.14399" lon="13.6133">
    <name>TP6900</name>
  </trkpt>
  <trkpt lat="68.144" lon="13.61328">
    <name>TP6901</name>
  </trkpt>
  <trkpt lat="68.144" lon="13.61326">
    <name>TP6902</name>
  </trkpt>
  <trkpt lat="68.14401" lon="13.61324">
    <name>TP6903</name>
  </trkpt>
  <trkpt lat="68.14401" lon="13.61322">
    <name>TP6904</name>
  </trkpt>
  <trkpt lat="68.14402" lon="13.61319">
    <name>TP6905</name>
  </trkpt>
  <trkpt lat="68.14402" lon="13.61317">
    <name>TP6906</name>
  </trkpt>
  <trkpt lat="68.14402" lon="13.61315">
    <name>TP6907</name>
  </trkpt>
  <trkpt lat="68.14403" lon="13.61312">
    <name>TP6908</name>
  </trkpt>
  <trkpt lat="68.14403" lon="13.61309">
    <name>TP6909</name>
  </trkpt>
  <trkpt lat="68.14403" lon="13.61307">
    <name>TP6910</name>
  </trkpt>
  <trkpt lat="68.14403" lon="13.61304">
    <name>TP6911</name>
  </trkpt>
  <trkpt lat="68.14403" lon="13.61302">
    <name>TP6912</name>
  </trkpt>
  <trkpt lat="68.14403" lon="13.61299">
    <name>TP6913</name>
  </trkpt>
  <trkpt lat="68.14403" lon="13.61296">
    <name>TP6914</name>
  </trkpt>
  <trkpt lat="68.14403" lon="13.61294">
    <name>TP6915</name>
  </trkpt>
  <trkpt lat="68.14403" lon="13.61291">
    <name>TP6916</name>
  </trkpt>
  <trkpt lat="68.14402" lon="13.61289">
    <name>TP6917</name>
  </trkpt>
  <trkpt lat="68.14402" lon="13.61286">
    <name>TP6918</name>
  </trkpt>
  <trkpt lat="68.14401" lon="13.61284">
    <name>TP6919</name>
  </trkpt>
  <trkpt lat="68.14401" lon="13.61282">
    <name>TP6920</name>
  </trkpt>
  <trkpt lat="68.144" lon="13.6128">
    <name>TP6921</name>
  </trkpt>
  <trkpt lat="68.144" lon="13.61278">
    <name>TP6922</name>
  </trkpt>
  <trkpt lat="68.14399" lon="13.61276">
    <name>TP6923</name>
  </trkpt>
  <trkpt lat="68.14398" lon="13.61274">
    <name>TP6924</name>
  </trkpt>
  <trkpt lat="68.14398" lon="13.61272">
    <name>TP6925</name>
  </trkpt>
  <trkpt lat="68.14397" lon="13.6127">
    <name>TP6926</name>
  </trkpt>
  <trkpt lat="68.14396" lon="13.61269">
    <name>TP6927</name>
  </trkpt>
  <trkpt lat="68.14395" lon="13.61268">
    <name>TP6928</name>
  </trkpt>
  <trkpt lat="68.14394" lon="13.61266">
    <name>TP6929</name>
  </trkpt>
  <trkpt lat="68.14394" lon="13.61265">
    <name>TP6930</name>
  </trkpt>
  <trkpt lat="68.14393" lon="13.61265">
    <name>TP6931</name>
  </trkpt>
  <trkpt lat="68.14392" lon="13.61264">
    <name>TP6932</name>
  </trkpt>
  <trkpt lat="68.14391" lon="13.61263">
    <name>TP6933</name>
  </trkpt>
  <trkpt lat="68.1439" lon="13.61263">
    <name>TP6934</name>
  </trkpt>
  <trkpt lat="68.14389" lon="13.61263">
    <name>TP6935</name>
  </trkpt>
  <trkpt lat="68.14388" lon="13.61263">
    <name>TP6936</name>
  </trkpt>
  <trkpt lat="68.14387" lon="13.61263">
    <name>TP6937</name>
  </trkpt>
  <trkpt lat="68.14379" lon="13.61248">
    <name>TP6938</name>
  </trkpt>
  <trkpt lat="68.14365" lon="13.61221">
    <name>TP6939</name>
  </trkpt>
  <trkpt lat="68.14347" lon="13.61162">
    <name>TP6940</name>
  </trkpt>
  <trkpt lat="68.14344" lon="13.61153">
    <name>TP6941</name>
  </trkpt>
  <trkpt lat="68.14341" lon="13.61143">
    <name>TP6942</name>
  </trkpt>
  <trkpt lat="68.14324" lon="13.61089">
    <name>TP6943</name>
  </trkpt>
  <trkpt lat="68.14287" lon="13.60968">
    <name>TP6944</name>
  </trkpt>
  <trkpt lat="68.14271" lon="13.60915">
    <name>TP6945</name>
  </trkpt>
  <trkpt lat="68.14254" lon="13.60853">
    <name>TP6946</name>
  </trkpt>
  <trkpt lat="68.14253" lon="13.6085">
    <name>TP6947</name>
  </trkpt>
  <trkpt lat="68.14239" lon="13.60797">
    <name>TP6948</name>
  </trkpt>
  <trkpt lat="68.14234" lon="13.60758">
    <name>TP6949</name>
  </trkpt>
  <trkpt lat="68.14235" lon="13.60756">
    <name>TP6950</name>
  </trkpt>
  <trkpt lat="68.14236" lon="13.60755">
    <name>TP6951</name>
  </trkpt>
  <trkpt lat="68.14236" lon="13.60754">
    <name>TP6952</name>
  </trkpt>
  <trkpt lat="68.14237" lon="13.60753">
    <name>TP6953</name>
  </trkpt>
  <trkpt lat="68.14237" lon="13.60752">
    <name>TP6954</name>
  </trkpt>
  <trkpt lat="68.14238" lon="13.60751">
    <name>TP6955</name>
  </trkpt>
  <trkpt lat="68.14238" lon="13.6075">
    <name>TP6956</name>
  </trkpt>
  <trkpt lat="68.14238" lon="13.60749">
    <name>TP6957</name>
  </trkpt>
  <trkpt lat="68.14238" lon="13.60748">
    <name>TP6958</name>
  </trkpt>
  <trkpt lat="68.14239" lon="13.60747">
    <name>TP6959</name>
  </trkpt>
  <trkpt lat="68.14239" lon="13.60746">
    <name>TP6960</name>
  </trkpt>
  <trkpt lat="68.14239" lon="13.60745">
    <name>TP6961</name>
  </trkpt>
  <trkpt lat="68.14239" lon="13.60744">
    <name>TP6962</name>
  </trkpt>
  <trkpt lat="68.14239" lon="13.60743">
    <name>TP6963</name>
  </trkpt>
  <trkpt lat="68.14239" lon="13.60742">
    <name>TP6964</name>
  </trkpt>
  <trkpt lat="68.1424" lon="13.60741">
    <name>TP6965</name>
  </trkpt>
  <trkpt lat="68.1424" lon="13.6074">
    <name>TP6966</name>
  </trkpt>
  <trkpt lat="68.1424" lon="13.60739">
    <name>TP6967</name>
  </trkpt>
  <trkpt lat="68.1424" lon="13.60738">
    <name>TP6968</name>
  </trkpt>
  <trkpt lat="68.1424" lon="13.60737">
    <name>TP6969</name>
  </trkpt>
  <trkpt lat="68.1424" lon="13.60736">
    <name>TP6970</name>
  </trkpt>
  <trkpt lat="68.1424" lon="13.60735">
    <name>TP6971</name>
  </trkpt>
  <trkpt lat="68.1424" lon="13.60734">
    <name>TP6972</name>
  </trkpt>
  <trkpt lat="68.1424" lon="13.60733">
    <name>TP6973</name>
  </trkpt>
  <trkpt lat="68.1424" lon="13.60732">
    <name>TP6974</name>
  </trkpt>
  <trkpt lat="68.1424" lon="13.60731">
    <name>TP6975</name>
  </trkpt>
  <trkpt lat="68.1424" lon="13.6073">
    <name>TP6976</name>
  </trkpt>
  <trkpt lat="68.1424" lon="13.60729">
    <name>TP6977</name>
  </trkpt>
  <trkpt lat="68.14239" lon="13.60728">
    <name>TP6978</name>
  </trkpt>
  <trkpt lat="68.14239" lon="13.60727">
    <name>TP6979</name>
  </trkpt>
  <trkpt lat="68.14239" lon="13.60726">
    <name>TP6980</name>
  </trkpt>
  <trkpt lat="68.14239" lon="13.60725">
    <name>TP6981</name>
  </trkpt>
  <trkpt lat="68.14239" lon="13.60724">
    <name>TP6982</name>
  </trkpt>
  <trkpt lat="68.14239" lon="13.60723">
    <name>TP6983</name>
  </trkpt>
  <trkpt lat="68.14238" lon="13.60722">
    <name>TP6984</name>
  </trkpt>
  <trkpt lat="68.14238" lon="13.60721">
    <name>TP6985</name>
  </trkpt>
  <trkpt lat="68.14238" lon="13.6072">
    <name>TP6986</name>
  </trkpt>
  <trkpt lat="68.14238" lon="13.60719">
    <name>TP6987</name>
  </trkpt>
  <trkpt lat="68.14237" lon="13.60718">
    <name>TP6988</name>
  </trkpt>
  <trkpt lat="68.14237" lon="13.60717">
    <name>TP6989</name>
  </trkpt>
  <trkpt lat="68.14236" lon="13.60716">
    <name>TP6990</name>
  </trkpt>
  <trkpt lat="68.14236" lon="13.60715">
    <name>TP6991</name>
  </trkpt>
  <trkpt lat="68.14236" lon="13.60714">
    <name>TP6992</name>
  </trkpt>
  <trkpt lat="68.14235" lon="13.60714">
    <name>TP6993</name>
  </trkpt>
  <trkpt lat="68.14235" lon="13.60713">
    <name>TP6994</name>
  </trkpt>
  <trkpt lat="68.14234" lon="13.60713">
    <name>TP6995</name>
  </trkpt>
  <trkpt lat="68.14234" lon="13.60712">
    <name>TP6996</name>
  </trkpt>
  <trkpt lat="68.14233" lon="13.60712">
    <name>TP6997</name>
  </trkpt>
  <trkpt lat="68.14233" lon="13.60711">
    <name>TP6998</name>
  </trkpt>
  <trkpt lat="68.14232" lon="13.60711">
    <name>TP6999</name>
  </trkpt>
  <trkpt lat="68.14231" lon="13.60711">
    <name>TP7000</name>
  </trkpt>
  <trkpt lat="68.1423" lon="13.60711">
    <name>TP7001</name>
  </trkpt>
  <trkpt lat="68.14229" lon="13.60711">
    <name>TP7002</name>
  </trkpt>
  <trkpt lat="68.14228" lon="13.60712">
    <name>TP7003</name>
  </trkpt>
  <trkpt lat="68.14224" lon="13.60686">
    <name>TP7004</name>
  </trkpt>
  <trkpt lat="68.14221" lon="13.60658">
    <name>TP7005</name>
  </trkpt>
  <trkpt lat="68.14218" lon="13.60638">
    <name>TP7006</name>
  </trkpt>
  <trkpt lat="68.14216" lon="13.6062">
    <name>TP7007</name>
  </trkpt>
  <trkpt lat="68.14211" lon="13.60577">
    <name>TP7008</name>
  </trkpt>
  <trkpt lat="68.14211" lon="13.60574">
    <name>TP7009</name>
  </trkpt>
  <trkpt lat="68.14206" lon="13.60527">
    <name>TP7010</name>
  </trkpt>
  <trkpt lat="68.14205" lon="13.60512">
    <name>TP7011</name>
  </trkpt>
  <trkpt lat="68.14198" lon="13.60461">
    <name>TP7012</name>
  </trkpt>
  <trkpt lat="68.14195" lon="13.60442">
    <name>TP7013</name>
  </trkpt>
  <trkpt lat="68.14193" lon="13.60431">
    <name>TP7014</name>
  </trkpt>
  <trkpt lat="68.14191" lon="13.6042">
    <name>TP7015</name>
  </trkpt>
  <trkpt lat="68.1419" lon="13.60413">
    <name>TP7016</name>
  </trkpt>
  <trkpt lat="68.14182" lon="13.60368">
    <name>TP7017</name>
  </trkpt>
  <trkpt lat="68.14177" lon="13.60345">
    <name>TP7018</name>
  </trkpt>
  <trkpt lat="68.14172" lon="13.60323">
    <name>TP7019</name>
  </trkpt>
  <trkpt lat="68.14163" lon="13.60283">
    <name>TP7020</name>
  </trkpt>
  <trkpt lat="68.14157" lon="13.60265">
    <name>TP7021</name>
  </trkpt>
  <trkpt lat="68.14151" lon="13.60244">
    <name>TP7022</name>
  </trkpt>
  <trkpt lat="68.14146" lon="13.60228">
    <name>TP7023</name>
  </trkpt>
  <trkpt lat="68.14137" lon="13.60201">
    <name>TP7024</name>
  </trkpt>
  <trkpt lat="68.14133" lon="13.60192">
    <name>TP7025</name>
  </trkpt>
  <trkpt lat="68.14122" lon="13.6016">
    <name>TP7026</name>
  </trkpt>
  <trkpt lat="68.14104" lon="13.60117">
    <name>TP7027</name>
  </trkpt>
  <trkpt lat="68.14087" lon="13.60076">
    <name>TP7028</name>
  </trkpt>
  <trkpt lat="68.14066" lon="13.60027">
    <name>TP7029</name>
  </trkpt>
  <trkpt lat="68.14046" lon="13.5998">
    <name>TP7030</name>
  </trkpt>
  <trkpt lat="68.14027" lon="13.59934">
    <name>TP7031</name>
  </trkpt>
  <trkpt lat="68.1401" lon="13.59894">
    <name>TP7032</name>
  </trkpt>
  <trkpt lat="68.13991" lon="13.59847">
    <name>TP7033</name>
  </trkpt>
  <trkpt lat="68.13973" lon="13.59804">
    <name>TP7034</name>
  </trkpt>
  <trkpt lat="68.13969" lon="13.59793">
    <name>TP7035</name>
  </trkpt>
  <trkpt lat="68.13952" lon="13.59751">
    <name>TP7036</name>
  </trkpt>
  <trkpt lat="68.13935" lon="13.59706">
    <name>TP7037</name>
  </trkpt>
  <trkpt lat="68.13919" lon="13.59664">
    <name>TP7038</name>
  </trkpt>
  <trkpt lat="68.13904" lon="13.59622">
    <name>TP7039</name>
  </trkpt>
  <trkpt lat="68.1389" lon="13.59577">
    <name>TP7040</name>
  </trkpt>
  <trkpt lat="68.13877" lon="13.59532">
    <name>TP7041</name>
  </trkpt>
  <trkpt lat="68.13865" lon="13.59487">
    <name>TP7042</name>
  </trkpt>
  <trkpt lat="68.13854" lon="13.59442">
    <name>TP7043</name>
  </trkpt>
  <trkpt lat="68.13844" lon="13.59397">
    <name>TP7044</name>
  </trkpt>
  <trkpt lat="68.13836" lon="13.59354">
    <name>TP7045</name>
  </trkpt>
  <trkpt lat="68.13827" lon="13.59308">
    <name>TP7046</name>
  </trkpt>
  <trkpt lat="68.1382" lon="13.59265">
    <name>TP7047</name>
  </trkpt>
  <trkpt lat="68.13813" lon="13.59217">
    <name>TP7048</name>
  </trkpt>
  <trkpt lat="68.13807" lon="13.59166">
    <name>TP7049</name>
  </trkpt>
  <trkpt lat="68.13801" lon="13.59115">
    <name>TP7050</name>
  </trkpt>
  <trkpt lat="68.13798" lon="13.59071">
    <name>TP7051</name>
  </trkpt>
  <trkpt lat="68.13794" lon="13.59033">
    <name>TP7052</name>
  </trkpt>
  <trkpt lat="68.13791" lon="13.58991">
    <name>TP7053</name>
  </trkpt>
  <trkpt lat="68.1379" lon="13.58965">
    <name>TP7054</name>
  </trkpt>
  <trkpt lat="68.13789" lon="13.58948">
    <name>TP7055</name>
  </trkpt>
  <trkpt lat="68.13787" lon="13.5891">
    <name>TP7056</name>
  </trkpt>
  <trkpt lat="68.13787" lon="13.58906">
    <name>TP7057</name>
  </trkpt>
  <trkpt lat="68.13786" lon="13.58869">
    <name>TP7058</name>
  </trkpt>
  <trkpt lat="68.13786" lon="13.58832">
    <name>TP7059</name>
  </trkpt>
  <trkpt lat="68.13786" lon="13.58792">
    <name>TP7060</name>
  </trkpt>
  <trkpt lat="68.13786" lon="13.58761">
    <name>TP7061</name>
  </trkpt>
  <trkpt lat="68.13786" lon="13.58758">
    <name>TP7062</name>
  </trkpt>
  <trkpt lat="68.13787" lon="13.58724">
    <name>TP7063</name>
  </trkpt>
  <trkpt lat="68.13787" lon="13.58713">
    <name>TP7064</name>
  </trkpt>
  <trkpt lat="68.13787" lon="13.58684">
    <name>TP7065</name>
  </trkpt>
  <trkpt lat="68.13788" lon="13.58665">
    <name>TP7066</name>
  </trkpt>
  <trkpt lat="68.13788" lon="13.58644">
    <name>TP7067</name>
  </trkpt>
  <trkpt lat="68.13789" lon="13.58594">
    <name>TP7068</name>
  </trkpt>
  <trkpt lat="68.1379" lon="13.58566">
    <name>TP7069</name>
  </trkpt>
  <trkpt lat="68.1379" lon="13.58548">
    <name>TP7070</name>
  </trkpt>
  <trkpt lat="68.13791" lon="13.585">
    <name>TP7071</name>
  </trkpt>
  <trkpt lat="68.13791" lon="13.58449">
    <name>TP7072</name>
  </trkpt>
  <trkpt lat="68.13791" lon="13.58396">
    <name>TP7073</name>
  </trkpt>
  <trkpt lat="68.13791" lon="13.58351">
    <name>TP7074</name>
  </trkpt>
  <trkpt lat="68.1379" lon="13.58302">
    <name>TP7075</name>
  </trkpt>
  <trkpt lat="68.13788" lon="13.58255">
    <name>TP7076</name>
  </trkpt>
  <trkpt lat="68.13785" lon="13.58214">
    <name>TP7077</name>
  </trkpt>
  <trkpt lat="68.13782" lon="13.58165">
    <name>TP7078</name>
  </trkpt>
  <trkpt lat="68.13778" lon="13.58122">
    <name>TP7079</name>
  </trkpt>
  <trkpt lat="68.13775" lon="13.5809">
    <name>TP7080</name>
  </trkpt>
  <trkpt lat="68.1377" lon="13.58045">
    <name>TP7081</name>
  </trkpt>
  <trkpt lat="68.13764" lon="13.58">
    <name>TP7082</name>
  </trkpt>
  <trkpt lat="68.13758" lon="13.5796">
    <name>TP7083</name>
  </trkpt>
  <trkpt lat="68.13746" lon="13.5789">
    <name>TP7084</name>
  </trkpt>
  <trkpt lat="68.13739" lon="13.57854">
    <name>TP7085</name>
  </trkpt>
  <trkpt lat="68.13734" lon="13.57831">
    <name>TP7086</name>
  </trkpt>
  <trkpt lat="68.13728" lon="13.57803">
    <name>TP7087</name>
  </trkpt>
  <trkpt lat="68.1372" lon="13.57768">
    <name>TP7088</name>
  </trkpt>
  <trkpt lat="68.13712" lon="13.57735">
    <name>TP7089</name>
  </trkpt>
  <trkpt lat="68.13702" lon="13.57698">
    <name>TP7090</name>
  </trkpt>
  <trkpt lat="68.13697" lon="13.5768">
    <name>TP7091</name>
  </trkpt>
  <trkpt lat="68.13685" lon="13.57643">
    <name>TP7092</name>
  </trkpt>
  <trkpt lat="68.13675" lon="13.57612">
    <name>TP7093</name>
  </trkpt>
  <trkpt lat="68.13666" lon="13.57589">
    <name>TP7094</name>
  </trkpt>
  <trkpt lat="68.13655" lon="13.57559">
    <name>TP7095</name>
  </trkpt>
  <trkpt lat="68.13649" lon="13.57543">
    <name>TP7096</name>
  </trkpt>
  <trkpt lat="68.13641" lon="13.57522">
    <name>TP7097</name>
  </trkpt>
  <trkpt lat="68.13636" lon="13.5751">
    <name>TP7098</name>
  </trkpt>
  <trkpt lat="68.13626" lon="13.57484">
    <name>TP7099</name>
  </trkpt>
  <trkpt lat="68.13611" lon="13.57442">
    <name>TP7100</name>
  </trkpt>
  <trkpt lat="68.13597" lon="13.57405">
    <name>TP7101</name>
  </trkpt>
  <trkpt lat="68.13584" lon="13.57369">
    <name>TP7102</name>
  </trkpt>
  <trkpt lat="68.13574" lon="13.57336">
    <name>TP7103</name>
  </trkpt>
  <trkpt lat="68.13573" lon="13.57333">
    <name>TP7104</name>
  </trkpt>
  <trkpt lat="68.13562" lon="13.573">
    <name>TP7105</name>
  </trkpt>
  <trkpt lat="68.13554" lon="13.57269">
    <name>TP7106</name>
  </trkpt>
  <trkpt lat="68.13552" lon="13.5726">
    <name>TP7107</name>
  </trkpt>
  <trkpt lat="68.13544" lon="13.5723">
    <name>TP7108</name>
  </trkpt>
  <trkpt lat="68.13535" lon="13.57188">
    <name>TP7109</name>
  </trkpt>
  <trkpt lat="68.13526" lon="13.57146">
    <name>TP7110</name>
  </trkpt>
  <trkpt lat="68.13518" lon="13.57105">
    <name>TP7111</name>
  </trkpt>
  <trkpt lat="68.1351" lon="13.57062">
    <name>TP7112</name>
  </trkpt>
  <trkpt lat="68.13503" lon="13.57022">
    <name>TP7113</name>
  </trkpt>
  <trkpt lat="68.13497" lon="13.56976">
    <name>TP7114</name>
  </trkpt>
  <trkpt lat="68.1349" lon="13.56922">
    <name>TP7115</name>
  </trkpt>
  <trkpt lat="68.13484" lon="13.56876">
    <name>TP7116</name>
  </trkpt>
  <trkpt lat="68.13476" lon="13.56815">
    <name>TP7117</name>
  </trkpt>
  <trkpt lat="68.13468" lon="13.56763">
    <name>TP7118</name>
  </trkpt>
  <trkpt lat="68.13459" lon="13.5671">
    <name>TP7119</name>
  </trkpt>
  <trkpt lat="68.13455" lon="13.56686">
    <name>TP7120</name>
  </trkpt>
  <trkpt lat="68.13453" lon="13.56659">
    <name>TP7121</name>
  </trkpt>
  <trkpt lat="68.13442" lon="13.56601">
    <name>TP7122</name>
  </trkpt>
  <trkpt lat="68.13425" lon="13.56522">
    <name>TP7123</name>
  </trkpt>
  <trkpt lat="68.1342482" lon="13.5652167">
    <name>TP7124</name>
  </trkpt>
  <trkpt lat="68.1342" lon="13.56502">
    <name>TP7125</name>
  </trkpt>
  <trkpt lat="68.13411" lon="13.56473">
    <name>TP7126</name>
  </trkpt>
  <trkpt lat="68.13396" lon="13.56431">
    <name>TP7127</name>
  </trkpt>
  <trkpt lat="68.1338" lon="13.56384">
    <name>TP7128</name>
  </trkpt>
  <trkpt lat="68.13345" lon="13.56294">
    <name>TP7129</name>
  </trkpt>
  <trkpt lat="68.13334" lon="13.56272">
    <name>TP7130</name>
  </trkpt>
  <trkpt lat="68.1333" lon="13.56264">
    <name>TP7131</name>
  </trkpt>
  <trkpt lat="68.13323" lon="13.56253">
    <name>TP7132</name>
  </trkpt>
  <trkpt lat="68.1331" lon="13.56211">
    <name>TP7133</name>
  </trkpt>
  <trkpt lat="68.13296" lon="13.56173">
    <name>TP7134</name>
  </trkpt>
  <trkpt lat="68.13275" lon="13.56124">
    <name>TP7135</name>
  </trkpt>
  <trkpt lat="68.13254" lon="13.56071">
    <name>TP7136</name>
  </trkpt>
  <trkpt lat="68.13239" lon="13.56036">
    <name>TP7137</name>
  </trkpt>
  <trkpt lat="68.13234" lon="13.56024">
    <name>TP7138</name>
  </trkpt>
  <trkpt lat="68.13226" lon="13.56002">
    <name>TP7139</name>
  </trkpt>
  <trkpt lat="68.13217" lon="13.55979">
    <name>TP7140</name>
  </trkpt>
  <trkpt lat="68.13195" lon="13.55925">
    <name>TP7141</name>
  </trkpt>
  <trkpt lat="68.13173" lon="13.55871">
    <name>TP7142</name>
  </trkpt>
  <trkpt lat="68.1315" lon="13.55812">
    <name>TP7143</name>
  </trkpt>
  <trkpt lat="68.13137" lon="13.55781">
    <name>TP7144</name>
  </trkpt>
  <trkpt lat="68.13117" lon="13.55729">
    <name>TP7145</name>
  </trkpt>
  <trkpt lat="68.13108" lon="13.55706">
    <name>TP7146</name>
  </trkpt>
  <trkpt lat="68.13097" lon="13.55679">
    <name>TP7147</name>
  </trkpt>
  <trkpt lat="68.13094" lon="13.55673">
    <name>TP7148</name>
  </trkpt>
  <trkpt lat="68.13081" lon="13.55641">
    <name>TP7149</name>
  </trkpt>
  <trkpt lat="68.13076" lon="13.55628">
    <name>TP7150</name>
  </trkpt>
  <trkpt lat="68.13054" lon="13.55578">
    <name>TP7151</name>
  </trkpt>
  <trkpt lat="68.13034" lon="13.55533">
    <name>TP7152</name>
  </trkpt>
  <trkpt lat="68.13009" lon="13.55482">
    <name>TP7153</name>
  </trkpt>
  <trkpt lat="68.12987" lon="13.55436">
    <name>TP7154</name>
  </trkpt>
  <trkpt lat="68.12968" lon="13.55401">
    <name>TP7155</name>
  </trkpt>
  <trkpt lat="68.12966" lon="13.55395">
    <name>TP7156</name>
  </trkpt>
  <trkpt lat="68.12954" lon="13.55373">
    <name>TP7157</name>
  </trkpt>
  <trkpt lat="68.12946" lon="13.55358">
    <name>TP7158</name>
  </trkpt>
  <trkpt lat="68.12924" lon="13.5532">
    <name>TP7159</name>
  </trkpt>
  <trkpt lat="68.12904" lon="13.55287">
    <name>TP7160</name>
  </trkpt>
  <trkpt lat="68.12885" lon="13.55256">
    <name>TP7161</name>
  </trkpt>
  <trkpt lat="68.12864" lon="13.55224">
    <name>TP7162</name>
  </trkpt>
  <trkpt lat="68.12845" lon="13.55197">
    <name>TP7163</name>
  </trkpt>
  <trkpt lat="68.12824" lon="13.55165">
    <name>TP7164</name>
  </trkpt>
  <trkpt lat="68.12802" lon="13.55136">
    <name>TP7165</name>
  </trkpt>
  <trkpt lat="68.12782" lon="13.55108">
    <name>TP7166</name>
  </trkpt>
  <trkpt lat="68.12761" lon="13.55083">
    <name>TP7167</name>
  </trkpt>
  <trkpt lat="68.12739" lon="13.55058">
    <name>TP7168</name>
  </trkpt>
  <trkpt lat="68.12717" lon="13.55033">
    <name>TP7169</name>
  </trkpt>
  <trkpt lat="68.12716" lon="13.55032">
    <name>TP7170</name>
  </trkpt>
  <trkpt lat="68.127" lon="13.55014">
    <name>TP7171</name>
  </trkpt>
  <trkpt lat="68.12697" lon="13.55012">
    <name>TP7172</name>
  </trkpt>
  <trkpt lat="68.12678" lon="13.54993">
    <name>TP7173</name>
  </trkpt>
  <trkpt lat="68.12653" lon="13.5497">
    <name>TP7174</name>
  </trkpt>
  <trkpt lat="68.12626" lon="13.54946">
    <name>TP7175</name>
  </trkpt>
  <trkpt lat="68.12614" lon="13.54936">
    <name>TP7176</name>
  </trkpt>
  <trkpt lat="68.12598" lon="13.54922">
    <name>TP7177</name>
  </trkpt>
  <trkpt lat="68.1257" lon="13.54899">
    <name>TP7178</name>
  </trkpt>
  <trkpt lat="68.12551" lon="13.54884">
    <name>TP7179</name>
  </trkpt>
  <trkpt lat="68.12547" lon="13.54881">
    <name>TP7180</name>
  </trkpt>
  <trkpt lat="68.12546" lon="13.5488">
    <name>TP7181</name>
  </trkpt>
  <trkpt lat="68.12521" lon="13.54859">
    <name>TP7182</name>
  </trkpt>
  <trkpt lat="68.12511" lon="13.54851">
    <name>TP7183</name>
  </trkpt>
  <trkpt lat="68.12494" lon="13.54836">
    <name>TP7184</name>
  </trkpt>
  <trkpt lat="68.12455" lon="13.54806">
    <name>TP7185</name>
  </trkpt>
  <trkpt lat="68.12431" lon="13.54787">
    <name>TP7186</name>
  </trkpt>
  <trkpt lat="68.12407" lon="13.54766">
    <name>TP7187</name>
  </trkpt>
  <trkpt lat="68.12384" lon="13.54747">
    <name>TP7188</name>
  </trkpt>
  <trkpt lat="68.12359" lon="13.54727">
    <name>TP7189</name>
  </trkpt>
  <trkpt lat="68.12334" lon="13.54708">
    <name>TP7190</name>
  </trkpt>
  <trkpt lat="68.12321" lon="13.54697">
    <name>TP7191</name>
  </trkpt>
  <trkpt lat="68.12303" lon="13.54682">
    <name>TP7192</name>
  </trkpt>
  <trkpt lat="68.12283" lon="13.54667">
    <name>TP7193</name>
  </trkpt>
  <trkpt lat="68.12263" lon="13.54652">
    <name>TP7194</name>
  </trkpt>
  <trkpt lat="68.12246" lon="13.54643">
    <name>TP7195</name>
  </trkpt>
  <trkpt lat="68.12227" lon="13.54637">
    <name>TP7196</name>
  </trkpt>
  <trkpt lat="68.12208" lon="13.54634">
    <name>TP7197</name>
  </trkpt>
  <trkpt lat="68.12187" lon="13.54636">
    <name>TP7198</name>
  </trkpt>
  <trkpt lat="68.12166" lon="13.54644">
    <name>TP7199</name>
  </trkpt>
  <trkpt lat="68.12164" lon="13.54645">
    <name>TP7200</name>
  </trkpt>
  <trkpt lat="68.12145" lon="13.54655">
    <name>TP7201</name>
  </trkpt>
  <trkpt lat="68.12125" lon="13.54673">
    <name>TP7202</name>
  </trkpt>
  <trkpt lat="68.12107" lon="13.54695">
    <name>TP7203</name>
  </trkpt>
  <trkpt lat="68.12089" lon="13.5472">
    <name>TP7204</name>
  </trkpt>
  <trkpt lat="68.12068" lon="13.54755">
    <name>TP7205</name>
  </trkpt>
  <trkpt lat="68.12041" lon="13.54807">
    <name>TP7206</name>
  </trkpt>
  <trkpt lat="68.12016" lon="13.54859">
    <name>TP7207</name>
  </trkpt>
  <trkpt lat="68.1199" lon="13.5491">
    <name>TP7208</name>
  </trkpt>
  <trkpt lat="68.11968" lon="13.54958">
    <name>TP7209</name>
  </trkpt>
  <trkpt lat="68.1195" lon="13.54998">
    <name>TP7210</name>
  </trkpt>
  <trkpt lat="68.11936" lon="13.55036">
    <name>TP7211</name>
  </trkpt>
  <trkpt lat="68.11923" lon="13.55074">
    <name>TP7212</name>
  </trkpt>
  <trkpt lat="68.11921" lon="13.55079">
    <name>TP7213</name>
  </trkpt>
  <trkpt lat="68.11914" lon="13.551">
    <name>TP7214</name>
  </trkpt>
  <trkpt lat="68.11909" lon="13.55117">
    <name>TP7215</name>
  </trkpt>
  <trkpt lat="68.11899" lon="13.55153">
    <name>TP7216</name>
  </trkpt>
  <trkpt lat="68.11897" lon="13.55157">
    <name>TP7217</name>
  </trkpt>
  <trkpt lat="68.11888" lon="13.55184">
    <name>TP7218</name>
  </trkpt>
  <trkpt lat="68.11877" lon="13.55221">
    <name>TP7219</name>
  </trkpt>
  <trkpt lat="68.11866" lon="13.5525">
    <name>TP7220</name>
  </trkpt>
  <trkpt lat="68.11856" lon="13.55273">
    <name>TP7221</name>
  </trkpt>
  <trkpt lat="68.11852" lon="13.55282">
    <name>TP7222</name>
  </trkpt>
  <trkpt lat="68.1184" lon="13.55312">
    <name>TP7223</name>
  </trkpt>
  <trkpt lat="68.11831" lon="13.55336">
    <name>TP7224</name>
  </trkpt>
  <trkpt lat="68.11819" lon="13.5537">
    <name>TP7225</name>
  </trkpt>
  <trkpt lat="68.11805" lon="13.55409">
    <name>TP7226</name>
  </trkpt>
  <trkpt lat="68.1179" lon="13.55451">
    <name>TP7227</name>
  </trkpt>
  <trkpt lat="68.11787" lon="13.55462">
    <name>TP7228</name>
  </trkpt>
  <trkpt lat="68.11784" lon="13.55471">
    <name>TP7229</name>
  </trkpt>
  <trkpt lat="68.11777" lon="13.55491">
    <name>TP7230</name>
  </trkpt>
  <trkpt lat="68.11772" lon="13.55511">
    <name>TP7231</name>
  </trkpt>
  <trkpt lat="68.11757" lon="13.55557">
    <name>TP7232</name>
  </trkpt>
  <trkpt lat="68.11742" lon="13.55607">
    <name>TP7233</name>
  </trkpt>
  <trkpt lat="68.11726" lon="13.55657">
    <name>TP7234</name>
  </trkpt>
  <trkpt lat="68.11723" lon="13.55666">
    <name>TP7235</name>
  </trkpt>
  <trkpt lat="68.11711" lon="13.55702">
    <name>TP7236</name>
  </trkpt>
  <trkpt lat="68.11698" lon="13.55733">
    <name>TP7237</name>
  </trkpt>
  <trkpt lat="68.11695" lon="13.55739">
    <name>TP7238</name>
  </trkpt>
  <trkpt lat="68.11693" lon="13.55744">
    <name>TP7239</name>
  </trkpt>
  <trkpt lat="68.11687" lon="13.55756">
    <name>TP7240</name>
  </trkpt>
  <trkpt lat="68.11677" lon="13.55773">
    <name>TP7241</name>
  </trkpt>
  <trkpt lat="68.11675" lon="13.55778">
    <name>TP7242</name>
  </trkpt>
  <trkpt lat="68.1166" lon="13.55796">
    <name>TP7243</name>
  </trkpt>
  <trkpt lat="68.11657" lon="13.55802">
    <name>TP7244</name>
  </trkpt>
  <trkpt lat="68.11654" lon="13.55806">
    <name>TP7245</name>
  </trkpt>
  <trkpt lat="68.11651" lon="13.5581">
    <name>TP7246</name>
  </trkpt>
  <trkpt lat="68.11647" lon="13.55814">
    <name>TP7247</name>
  </trkpt>
  <trkpt lat="68.11645" lon="13.55818">
    <name>TP7248</name>
  </trkpt>
  <trkpt lat="68.11642" lon="13.55822">
    <name>TP7249</name>
  </trkpt>
  <trkpt lat="68.1164" lon="13.55826">
    <name>TP7250</name>
  </trkpt>
  <trkpt lat="68.11637" lon="13.5583">
    <name>TP7251</name>
  </trkpt>
  <trkpt lat="68.11634" lon="13.55834">
    <name>TP7252</name>
  </trkpt>
  <trkpt lat="68.11632" lon="13.55836">
    <name>TP7253</name>
  </trkpt>
  <trkpt lat="68.11631" lon="13.55838">
    <name>TP7254</name>
  </trkpt>
  <trkpt lat="68.11628" lon="13.55843">
    <name>TP7255</name>
  </trkpt>
  <trkpt lat="68.11625" lon="13.55847">
    <name>TP7256</name>
  </trkpt>
  <trkpt lat="68.11624" lon="13.55849">
    <name>TP7257</name>
  </trkpt>
  <trkpt lat="68.11622" lon="13.55852">
    <name>TP7258</name>
  </trkpt>
  <trkpt lat="68.1162" lon="13.55855">
    <name>TP7259</name>
  </trkpt>
  <trkpt lat="68.11618" lon="13.55858">
    <name>TP7260</name>
  </trkpt>
  <trkpt lat="68.11615" lon="13.55862">
    <name>TP7261</name>
  </trkpt>
  <trkpt lat="68.11612" lon="13.55866">
    <name>TP7262</name>
  </trkpt>
  <trkpt lat="68.11609" lon="13.55871">
    <name>TP7263</name>
  </trkpt>
  <trkpt lat="68.11606" lon="13.55875">
    <name>TP7264</name>
  </trkpt>
  <trkpt lat="68.11603" lon="13.5588">
    <name>TP7265</name>
  </trkpt>
  <trkpt lat="68.11601" lon="13.55884">
    <name>TP7266</name>
  </trkpt>
  <trkpt lat="68.11598" lon="13.55888">
    <name>TP7267</name>
  </trkpt>
  <trkpt lat="68.11595" lon="13.55893">
    <name>TP7268</name>
  </trkpt>
  <trkpt lat="68.11589" lon="13.55902">
    <name>TP7269</name>
  </trkpt>
  <trkpt lat="68.11587" lon="13.55905">
    <name>TP7270</name>
  </trkpt>
  <trkpt lat="68.11582" lon="13.55912">
    <name>TP7271</name>
  </trkpt>
  <trkpt lat="68.1158" lon="13.55915">
    <name>TP7272</name>
  </trkpt>
  <trkpt lat="68.11577" lon="13.55918">
    <name>TP7273</name>
  </trkpt>
  <trkpt lat="68.11575" lon="13.55922">
    <name>TP7274</name>
  </trkpt>
  <trkpt lat="68.11572" lon="13.55925">
    <name>TP7275</name>
  </trkpt>
  <trkpt lat="68.11569" lon="13.55929">
    <name>TP7276</name>
  </trkpt>
  <trkpt lat="68.11567" lon="13.55932">
    <name>TP7277</name>
  </trkpt>
  <trkpt lat="68.11564" lon="13.55936">
    <name>TP7278</name>
  </trkpt>
  <trkpt lat="68.11562" lon="13.55938">
    <name>TP7279</name>
  </trkpt>
  <trkpt lat="68.11561" lon="13.55939">
    <name>TP7280</name>
  </trkpt>
  <trkpt lat="68.11558" lon="13.55943">
    <name>TP7281</name>
  </trkpt>
  <trkpt lat="68.11556" lon="13.55945">
    <name>TP7282</name>
  </trkpt>
  <trkpt lat="68.11553" lon="13.55947">
    <name>TP7283</name>
  </trkpt>
  <trkpt lat="68.11551" lon="13.5595">
    <name>TP7284</name>
  </trkpt>
  <trkpt lat="68.11549" lon="13.55952">
    <name>TP7285</name>
  </trkpt>
  <trkpt lat="68.11546" lon="13.55953">
    <name>TP7286</name>
  </trkpt>
  <trkpt lat="68.11543" lon="13.55955">
    <name>TP7287</name>
  </trkpt>
  <trkpt lat="68.1154" lon="13.55957">
    <name>TP7288</name>
  </trkpt>
  <trkpt lat="68.11538" lon="13.55958">
    <name>TP7289</name>
  </trkpt>
  <trkpt lat="68.11535" lon="13.5596">
    <name>TP7290</name>
  </trkpt>
  <trkpt lat="68.11534" lon="13.5596">
    <name>TP7291</name>
  </trkpt>
  <trkpt lat="68.11533" lon="13.5596">
    <name>TP7292</name>
  </trkpt>
  <trkpt lat="68.1153" lon="13.55961">
    <name>TP7293</name>
  </trkpt>
  <trkpt lat="68.11528" lon="13.55962">
    <name>TP7294</name>
  </trkpt>
  <trkpt lat="68.11526" lon="13.55962">
    <name>TP7295</name>
  </trkpt>
  <trkpt lat="68.11523" lon="13.55962">
    <name>TP7296</name>
  </trkpt>
  <trkpt lat="68.1152" lon="13.55962">
    <name>TP7297</name>
  </trkpt>
  <trkpt lat="68.11517" lon="13.55962">
    <name>TP7298</name>
  </trkpt>
  <trkpt lat="68.11513" lon="13.55962">
    <name>TP7299</name>
  </trkpt>
  <trkpt lat="68.1151" lon="13.55961">
    <name>TP7300</name>
  </trkpt>
  <trkpt lat="68.11507" lon="13.5596">
    <name>TP7301</name>
  </trkpt>
  <trkpt lat="68.11504" lon="13.55959">
    <name>TP7302</name>
  </trkpt>
  <trkpt lat="68.11501" lon="13.55958">
    <name>TP7303</name>
  </trkpt>
  <trkpt lat="68.11499" lon="13.55957">
    <name>TP7304</name>
  </trkpt>
  <trkpt lat="68.11495" lon="13.55956">
    <name>TP7305</name>
  </trkpt>
  <trkpt lat="68.11494" lon="13.55954">
    <name>TP7306</name>
  </trkpt>
  <trkpt lat="68.11491" lon="13.55953">
    <name>TP7307</name>
  </trkpt>
  <trkpt lat="68.11489" lon="13.55952">
    <name>TP7308</name>
  </trkpt>
  <trkpt lat="68.11486" lon="13.55951">
    <name>TP7309</name>
  </trkpt>
  <trkpt lat="68.11484" lon="13.55949">
    <name>TP7310</name>
  </trkpt>
  <trkpt lat="68.11481" lon="13.55947">
    <name>TP7311</name>
  </trkpt>
  <trkpt lat="68.11478" lon="13.55945">
    <name>TP7312</name>
  </trkpt>
  <trkpt lat="68.11478" lon="13.55944">
    <name>TP7313</name>
  </trkpt>
  <trkpt lat="68.11475" lon="13.55942">
    <name>TP7314</name>
  </trkpt>
  <trkpt lat="68.11472" lon="13.5594">
    <name>TP7315</name>
  </trkpt>
  <trkpt lat="68.11468" lon="13.55938">
    <name>TP7316</name>
  </trkpt>
  <trkpt lat="68.11466" lon="13.55935">
    <name>TP7317</name>
  </trkpt>
  <trkpt lat="68.11463" lon="13.55933">
    <name>TP7318</name>
  </trkpt>
  <trkpt lat="68.11461" lon="13.55931">
    <name>TP7319</name>
  </trkpt>
  <trkpt lat="68.11458" lon="13.55929">
    <name>TP7320</name>
  </trkpt>
  <trkpt lat="68.11456" lon="13.55927">
    <name>TP7321</name>
  </trkpt>
  <trkpt lat="68.11453" lon="13.55925">
    <name>TP7322</name>
  </trkpt>
  <trkpt lat="68.11451" lon="13.55923">
    <name>TP7323</name>
  </trkpt>
  <trkpt lat="68.11445" lon="13.55918">
    <name>TP7324</name>
  </trkpt>
  <trkpt lat="68.11442" lon="13.55915">
    <name>TP7325</name>
  </trkpt>
  <trkpt lat="68.11439" lon="13.55912">
    <name>TP7326</name>
  </trkpt>
  <trkpt lat="68.11437" lon="13.5591">
    <name>TP7327</name>
  </trkpt>
  <trkpt lat="68.11429" lon="13.55903">
    <name>TP7328</name>
  </trkpt>
  <trkpt lat="68.11426" lon="13.55901">
    <name>TP7329</name>
  </trkpt>
  <trkpt lat="68.11423" lon="13.55898">
    <name>TP7330</name>
  </trkpt>
  <trkpt lat="68.1142" lon="13.55895">
    <name>TP7331</name>
  </trkpt>
  <trkpt lat="68.11417" lon="13.55893">
    <name>TP7332</name>
  </trkpt>
  <trkpt lat="68.11415" lon="13.5589">
    <name>TP7333</name>
  </trkpt>
  <trkpt lat="68.11413" lon="13.55889">
    <name>TP7334</name>
  </trkpt>
  <trkpt lat="68.11411" lon="13.55888">
    <name>TP7335</name>
  </trkpt>
  <trkpt lat="68.11408" lon="13.55885">
    <name>TP7336</name>
  </trkpt>
  <trkpt lat="68.11405" lon="13.55882">
    <name>TP7337</name>
  </trkpt>
  <trkpt lat="68.11402" lon="13.5588">
    <name>TP7338</name>
  </trkpt>
  <trkpt lat="68.114" lon="13.55878">
    <name>TP7339</name>
  </trkpt>
  <trkpt lat="68.11397" lon="13.55876">
    <name>TP7340</name>
  </trkpt>
  <trkpt lat="68.11395" lon="13.55874">
    <name>TP7341</name>
  </trkpt>
  <trkpt lat="68.11393" lon="13.55872">
    <name>TP7342</name>
  </trkpt>
  <trkpt lat="68.1139" lon="13.55869">
    <name>TP7343</name>
  </trkpt>
  <trkpt lat="68.11387" lon="13.55867">
    <name>TP7344</name>
  </trkpt>
  <trkpt lat="68.11384" lon="13.55864">
    <name>TP7345</name>
  </trkpt>
  <trkpt lat="68.11381" lon="13.55861">
    <name>TP7346</name>
  </trkpt>
  <trkpt lat="68.11378" lon="13.55859">
    <name>TP7347</name>
  </trkpt>
  <trkpt lat="68.11375" lon="13.55856">
    <name>TP7348</name>
  </trkpt>
  <trkpt lat="68.11372" lon="13.55854">
    <name>TP7349</name>
  </trkpt>
  <trkpt lat="68.11369" lon="13.55851">
    <name>TP7350</name>
  </trkpt>
  <trkpt lat="68.11366" lon="13.55849">
    <name>TP7351</name>
  </trkpt>
  <trkpt lat="68.11363" lon="13.55846">
    <name>TP7352</name>
  </trkpt>
  <trkpt lat="68.1136" lon="13.55843">
    <name>TP7353</name>
  </trkpt>
  <trkpt lat="68.11354" lon="13.55838">
    <name>TP7354</name>
  </trkpt>
  <trkpt lat="68.11351" lon="13.55835">
    <name>TP7355</name>
  </trkpt>
  <trkpt lat="68.11348" lon="13.55833">
    <name>TP7356</name>
  </trkpt>
  <trkpt lat="68.11345" lon="13.5583">
    <name>TP7357</name>
  </trkpt>
  <trkpt lat="68.11342" lon="13.55827">
    <name>TP7358</name>
  </trkpt>
  <trkpt lat="68.11338" lon="13.55824">
    <name>TP7359</name>
  </trkpt>
  <trkpt lat="68.11335" lon="13.55821">
    <name>TP7360</name>
  </trkpt>
  <trkpt lat="68.11332" lon="13.55818">
    <name>TP7361</name>
  </trkpt>
  <trkpt lat="68.11329" lon="13.55815">
    <name>TP7362</name>
  </trkpt>
  <trkpt lat="68.11329" lon="13.55814">
    <name>TP7363</name>
  </trkpt>
  <trkpt lat="68.11326" lon="13.55812">
    <name>TP7364</name>
  </trkpt>
  <trkpt lat="68.1132" lon="13.55805">
    <name>TP7365</name>
  </trkpt>
  <trkpt lat="68.11317" lon="13.55801">
    <name>TP7366</name>
  </trkpt>
  <trkpt lat="68.11314" lon="13.55797">
    <name>TP7367</name>
  </trkpt>
  <trkpt lat="68.11312" lon="13.55795">
    <name>TP7368</name>
  </trkpt>
  <trkpt lat="68.1131" lon="13.55793">
    <name>TP7369</name>
  </trkpt>
  <trkpt lat="68.11309" lon="13.55791">
    <name>TP7370</name>
  </trkpt>
  <trkpt lat="68.11307" lon="13.5579">
    <name>TP7371</name>
  </trkpt>
  <trkpt lat="68.11305" lon="13.55786">
    <name>TP7372</name>
  </trkpt>
  <trkpt lat="68.11302" lon="13.55782">
    <name>TP7373</name>
  </trkpt>
  <trkpt lat="68.11299" lon="13.55778">
    <name>TP7374</name>
  </trkpt>
  <trkpt lat="68.11296" lon="13.55774">
    <name>TP7375</name>
  </trkpt>
  <trkpt lat="68.11294" lon="13.5577">
    <name>TP7376</name>
  </trkpt>
  <trkpt lat="68.11292" lon="13.55768">
    <name>TP7377</name>
  </trkpt>
  <trkpt lat="68.11291" lon="13.55766">
    <name>TP7378</name>
  </trkpt>
  <trkpt lat="68.11288" lon="13.55762">
    <name>TP7379</name>
  </trkpt>
  <trkpt lat="68.11283" lon="13.55754">
    <name>TP7380</name>
  </trkpt>
  <trkpt lat="68.11272" lon="13.55734">
    <name>TP7381</name>
  </trkpt>
  <trkpt lat="68.11261" lon="13.55714">
    <name>TP7382</name>
  </trkpt>
  <trkpt lat="68.11246" lon="13.5569">
    <name>TP7383</name>
  </trkpt>
  <trkpt lat="68.11232" lon="13.55663">
    <name>TP7384</name>
  </trkpt>
  <trkpt lat="68.11217" lon="13.55636">
    <name>TP7385</name>
  </trkpt>
  <trkpt lat="68.11195" lon="13.55597">
    <name>TP7386</name>
  </trkpt>
  <trkpt lat="68.11179" lon="13.55567">
    <name>TP7387</name>
  </trkpt>
  <trkpt lat="68.11165" lon="13.55542">
    <name>TP7388</name>
  </trkpt>
  <trkpt lat="68.11153" lon="13.55523">
    <name>TP7389</name>
  </trkpt>
  <trkpt lat="68.11144" lon="13.55508">
    <name>TP7390</name>
  </trkpt>
  <trkpt lat="68.11138" lon="13.555">
    <name>TP7391</name>
  </trkpt>
  <trkpt lat="68.11125" lon="13.55488">
    <name>TP7392</name>
  </trkpt>
  <trkpt lat="68.11122" lon="13.55487">
    <name>TP7393</name>
  </trkpt>
  <trkpt lat="68.1111" lon="13.55475">
    <name>TP7394</name>
  </trkpt>
  <trkpt lat="68.1109" lon="13.55458">
    <name>TP7395</name>
  </trkpt>
  <trkpt lat="68.11088" lon="13.55456">
    <name>TP7396</name>
  </trkpt>
  <trkpt lat="68.11071" lon="13.55441">
    <name>TP7397</name>
  </trkpt>
  <trkpt lat="68.1105" lon="13.55422">
    <name>TP7398</name>
  </trkpt>
  <trkpt lat="68.11033" lon="13.55407">
    <name>TP7399</name>
  </trkpt>
  <trkpt lat="68.11028" lon="13.55402">
    <name>TP7400</name>
  </trkpt>
  <trkpt lat="68.11019" lon="13.55391">
    <name>TP7401</name>
  </trkpt>
  <trkpt lat="68.1101" lon="13.55381">
    <name>TP7402</name>
  </trkpt>
  <trkpt lat="68.11" lon="13.55367">
    <name>TP7403</name>
  </trkpt>
  <trkpt lat="68.11" lon="13.55366">
    <name>TP7404</name>
  </trkpt>
  <trkpt lat="68.10991" lon="13.5535">
    <name>TP7405</name>
  </trkpt>
  <trkpt lat="68.10978" lon="13.55328">
    <name>TP7406</name>
  </trkpt>
  <trkpt lat="68.10966" lon="13.55308">
    <name>TP7407</name>
  </trkpt>
  <trkpt lat="68.10955" lon="13.55288">
    <name>TP7408</name>
  </trkpt>
  <trkpt lat="68.10943" lon="13.55266">
    <name>TP7409</name>
  </trkpt>
  <trkpt lat="68.10933" lon="13.55244">
    <name>TP7410</name>
  </trkpt>
  <trkpt lat="68.10922" lon="13.55226">
    <name>TP7411</name>
  </trkpt>
  <trkpt lat="68.10914" lon="13.55211">
    <name>TP7412</name>
  </trkpt>
  <trkpt lat="68.10907" lon="13.55201">
    <name>TP7413</name>
  </trkpt>
  <trkpt lat="68.10902" lon="13.55195">
    <name>TP7414</name>
  </trkpt>
  <trkpt lat="68.10898" lon="13.55191">
    <name>TP7415</name>
  </trkpt>
  <trkpt lat="68.10889" lon="13.55183">
    <name>TP7416</name>
  </trkpt>
  <trkpt lat="68.10885" lon="13.5518">
    <name>TP7417</name>
  </trkpt>
  <trkpt lat="68.10875" lon="13.55173">
    <name>TP7418</name>
  </trkpt>
  <trkpt lat="68.10861" lon="13.55162">
    <name>TP7419</name>
  </trkpt>
  <trkpt lat="68.10844" lon="13.55148">
    <name>TP7420</name>
  </trkpt>
  <trkpt lat="68.10829" lon="13.55136">
    <name>TP7421</name>
  </trkpt>
  <trkpt lat="68.10815" lon="13.55121">
    <name>TP7422</name>
  </trkpt>
  <trkpt lat="68.10803" lon="13.55107">
    <name>TP7423</name>
  </trkpt>
  <trkpt lat="68.108" lon="13.55101">
    <name>TP7424</name>
  </trkpt>
  <trkpt lat="68.10794" lon="13.5509">
    <name>TP7425</name>
  </trkpt>
  <trkpt lat="68.10786" lon="13.5507">
    <name>TP7426</name>
  </trkpt>
  <trkpt lat="68.10784" lon="13.55066">
    <name>TP7427</name>
  </trkpt>
  <trkpt lat="68.10776" lon="13.5504">
    <name>TP7428</name>
  </trkpt>
  <trkpt lat="68.10774" lon="13.55034">
    <name>TP7429</name>
  </trkpt>
  <trkpt lat="68.10767" lon="13.55012">
    <name>TP7430</name>
  </trkpt>
  <trkpt lat="68.10763" lon="13.54998">
    <name>TP7431</name>
  </trkpt>
  <trkpt lat="68.10756" lon="13.54978">
    <name>TP7432</name>
  </trkpt>
  <trkpt lat="68.10751" lon="13.5496">
    <name>TP7433</name>
  </trkpt>
  <trkpt lat="68.10741" lon="13.54926">
    <name>TP7434</name>
  </trkpt>
  <trkpt lat="68.10729" lon="13.54888">
    <name>TP7435</name>
  </trkpt>
  <trkpt lat="68.10722" lon="13.54867">
    <name>TP7436</name>
  </trkpt>
  <trkpt lat="68.10715" lon="13.54838">
    <name>TP7437</name>
  </trkpt>
  <trkpt lat="68.10702" lon="13.54796">
    <name>TP7438</name>
  </trkpt>
  <trkpt lat="68.1069" lon="13.54755">
    <name>TP7439</name>
  </trkpt>
  <trkpt lat="68.10682" lon="13.54728">
    <name>TP7440</name>
  </trkpt>
  <trkpt lat="68.10681" lon="13.54725">
    <name>TP7441</name>
  </trkpt>
  <trkpt lat="68.10679" lon="13.54721">
    <name>TP7442</name>
  </trkpt>
  <trkpt lat="68.10673" lon="13.54701">
    <name>TP7443</name>
  </trkpt>
  <trkpt lat="68.10668" lon="13.54691">
    <name>TP7444</name>
  </trkpt>
  <trkpt lat="68.10665" lon="13.54682">
    <name>TP7445</name>
  </trkpt>
  <trkpt lat="68.10664" lon="13.54679">
    <name>TP7446</name>
  </trkpt>
  <trkpt lat="68.10655" lon="13.54664">
    <name>TP7447</name>
  </trkpt>
  <trkpt lat="68.10654" lon="13.54663">
    <name>TP7448</name>
  </trkpt>
  <trkpt lat="68.10646" lon="13.54649">
    <name>TP7449</name>
  </trkpt>
  <trkpt lat="68.10636" lon="13.54639">
    <name>TP7450</name>
  </trkpt>
  <trkpt lat="68.10635" lon="13.54638">
    <name>TP7451</name>
  </trkpt>
  <trkpt lat="68.10625" lon="13.54631">
    <name>TP7452</name>
  </trkpt>
  <trkpt lat="68.10613" lon="13.54627">
    <name>TP7453</name>
  </trkpt>
  <trkpt lat="68.10602" lon="13.54626">
    <name>TP7454</name>
  </trkpt>
  <trkpt lat="68.10594" lon="13.54628">
    <name>TP7455</name>
  </trkpt>
  <trkpt lat="68.10583" lon="13.54635">
    <name>TP7456</name>
  </trkpt>
  <trkpt lat="68.10571" lon="13.54647">
    <name>TP7457</name>
  </trkpt>
  <trkpt lat="68.1056" lon="13.54665">
    <name>TP7458</name>
  </trkpt>
  <trkpt lat="68.1055" lon="13.54686">
    <name>TP7459</name>
  </trkpt>
  <trkpt lat="68.1054" lon="13.54712">
    <name>TP7460</name>
  </trkpt>
  <trkpt lat="68.10539" lon="13.54715">
    <name>TP7461</name>
  </trkpt>
  <trkpt lat="68.10533" lon="13.54732">
    <name>TP7462</name>
  </trkpt>
  <trkpt lat="68.1053" lon="13.5474">
    <name>TP7463</name>
  </trkpt>
  <trkpt lat="68.10529" lon="13.54744">
    <name>TP7464</name>
  </trkpt>
  <trkpt lat="68.10527" lon="13.54749">
    <name>TP7465</name>
  </trkpt>
  <trkpt lat="68.10515" lon="13.54783">
    <name>TP7466</name>
  </trkpt>
  <trkpt lat="68.10501" lon="13.54826">
    <name>TP7467</name>
  </trkpt>
  <trkpt lat="68.10499" lon="13.54833">
    <name>TP7468</name>
  </trkpt>
  <trkpt lat="68.10491" lon="13.54857">
    <name>TP7469</name>
  </trkpt>
  <trkpt lat="68.10484" lon="13.54878">
    <name>TP7470</name>
  </trkpt>
  <trkpt lat="68.10479" lon="13.54894">
    <name>TP7471</name>
  </trkpt>
  <trkpt lat="68.10473" lon="13.5491">
    <name>TP7472</name>
  </trkpt>
  <trkpt lat="68.10466" lon="13.54928">
    <name>TP7473</name>
  </trkpt>
  <trkpt lat="68.10465" lon="13.54933">
    <name>TP7474</name>
  </trkpt>
  <trkpt lat="68.10454" lon="13.54952">
    <name>TP7475</name>
  </trkpt>
  <trkpt lat="68.10452" lon="13.54956">
    <name>TP7476</name>
  </trkpt>
  <trkpt lat="68.10446" lon="13.54963">
    <name>TP7477</name>
  </trkpt>
  <trkpt lat="68.10435" lon="13.5497">
    <name>TP7478</name>
  </trkpt>
  <trkpt lat="68.1043" lon="13.54972">
    <name>TP7479</name>
  </trkpt>
  <trkpt lat="68.10424" lon="13.54973">
    <name>TP7480</name>
  </trkpt>
  <trkpt lat="68.10417" lon="13.54972">
    <name>TP7481</name>
  </trkpt>
  <trkpt lat="68.10415" lon="13.54972">
    <name>TP7482</name>
  </trkpt>
  <trkpt lat="68.10412" lon="13.54971">
    <name>TP7483</name>
  </trkpt>
  <trkpt lat="68.10401" lon="13.54967">
    <name>TP7484</name>
  </trkpt>
  <trkpt lat="68.10391" lon="13.54961">
    <name>TP7485</name>
  </trkpt>
  <trkpt lat="68.10374" lon="13.5495">
    <name>TP7486</name>
  </trkpt>
  <trkpt lat="68.10355" lon="13.54935">
    <name>TP7487</name>
  </trkpt>
  <trkpt lat="68.10342" lon="13.54927">
    <name>TP7488</name>
  </trkpt>
  <trkpt lat="68.1033" lon="13.54917">
    <name>TP7489</name>
  </trkpt>
  <trkpt lat="68.10318" lon="13.54908">
    <name>TP7490</name>
  </trkpt>
  <trkpt lat="68.10295" lon="13.54891">
    <name>TP7491</name>
  </trkpt>
  <trkpt lat="68.10268" lon="13.5487">
    <name>TP7492</name>
  </trkpt>
  <trkpt lat="68.10238" lon="13.54848">
    <name>TP7493</name>
  </trkpt>
  <trkpt lat="68.10211" lon="13.54828">
    <name>TP7494</name>
  </trkpt>
  <trkpt lat="68.10182" lon="13.54806">
    <name>TP7495</name>
  </trkpt>
  <trkpt lat="68.1018" lon="13.54804">
    <name>TP7496</name>
  </trkpt>
  <trkpt lat="68.10166" lon="13.54792">
    <name>TP7497</name>
  </trkpt>
  <trkpt lat="68.10165" lon="13.54791">
    <name>TP7498</name>
  </trkpt>
  <trkpt lat="68.10164" lon="13.5479">
    <name>TP7499</name>
  </trkpt>
  <trkpt lat="68.10163" lon="13.54789">
    <name>TP7500</name>
  </trkpt>
  <trkpt lat="68.10161" lon="13.54788">
    <name>TP7501</name>
  </trkpt>
  <trkpt lat="68.10138" lon="13.54772">
    <name>TP7502</name>
  </trkpt>
  <trkpt lat="68.10131" lon="13.54766">
    <name>TP7503</name>
  </trkpt>
  <trkpt lat="68.10114" lon="13.54753">
    <name>TP7504</name>
  </trkpt>
  <trkpt lat="68.10095" lon="13.5474">
    <name>TP7505</name>
  </trkpt>
  <trkpt lat="68.10085" lon="13.54734">
    <name>TP7506</name>
  </trkpt>
  <trkpt lat="68.10084" lon="13.54733">
    <name>TP7507</name>
  </trkpt>
  <trkpt lat="68.10062" lon="13.54716">
    <name>TP7508</name>
  </trkpt>
  <trkpt lat="68.10061" lon="13.54715">
    <name>TP7509</name>
  </trkpt>
  <trkpt lat="68.10045" lon="13.54702">
    <name>TP7510</name>
  </trkpt>
  <trkpt lat="68.10038" lon="13.54697">
    <name>TP7511</name>
  </trkpt>
  <trkpt lat="68.10037" lon="13.54695">
    <name>TP7512</name>
  </trkpt>
  <trkpt lat="68.10016" lon="13.5468">
    <name>TP7513</name>
  </trkpt>
  <trkpt lat="68.09999" lon="13.54668">
    <name>TP7514</name>
  </trkpt>
  <trkpt lat="68.09986" lon="13.54661">
    <name>TP7515</name>
  </trkpt>
  <trkpt lat="68.09968" lon="13.54653">
    <name>TP7516</name>
  </trkpt>
  <trkpt lat="68.09945" lon="13.54645">
    <name>TP7517</name>
  </trkpt>
  <trkpt lat="68.09925" lon="13.54638">
    <name>TP7518</name>
  </trkpt>
  <trkpt lat="68.09901" lon="13.54633">
    <name>TP7519</name>
  </trkpt>
  <trkpt lat="68.0987" lon="13.54625">
    <name>TP7520</name>
  </trkpt>
  <trkpt lat="68.09867" lon="13.54624">
    <name>TP7521</name>
  </trkpt>
  <trkpt lat="68.09851" lon="13.5462">
    <name>TP7522</name>
  </trkpt>
  <trkpt lat="68.09821" lon="13.54613">
    <name>TP7523</name>
  </trkpt>
  <trkpt lat="68.09802" lon="13.54608">
    <name>TP7524</name>
  </trkpt>
  <trkpt lat="68.09786" lon="13.54604">
    <name>TP7525</name>
  </trkpt>
  <trkpt lat="68.09785" lon="13.54603">
    <name>TP7526</name>
  </trkpt>
  <trkpt lat="68.09769" lon="13.54599">
    <name>TP7527</name>
  </trkpt>
  <trkpt lat="68.09752" lon="13.54594">
    <name>TP7528</name>
  </trkpt>
  <trkpt lat="68.09734" lon="13.54591">
    <name>TP7529</name>
  </trkpt>
  <trkpt lat="68.09712" lon="13.54585">
    <name>TP7530</name>
  </trkpt>
  <trkpt lat="68.09687" lon="13.54578">
    <name>TP7531</name>
  </trkpt>
  <trkpt lat="68.09655" lon="13.54571">
    <name>TP7532</name>
  </trkpt>
  <trkpt lat="68.09642" lon="13.54567">
    <name>TP7533</name>
  </trkpt>
  <trkpt lat="68.0963" lon="13.54564">
    <name>TP7534</name>
  </trkpt>
  <trkpt lat="68.09616" lon="13.5456">
    <name>TP7535</name>
  </trkpt>
  <trkpt lat="68.09592" lon="13.54555">
    <name>TP7536</name>
  </trkpt>
  <trkpt lat="68.09563" lon="13.54547">
    <name>TP7537</name>
  </trkpt>
  <trkpt lat="68.09534" lon="13.54541">
    <name>TP7538</name>
  </trkpt>
  <trkpt lat="68.09512" lon="13.54535">
    <name>TP7539</name>
  </trkpt>
  <trkpt lat="68.09492" lon="13.54529">
    <name>TP7540</name>
  </trkpt>
  <trkpt lat="68.09473" lon="13.54523">
    <name>TP7541</name>
  </trkpt>
  <trkpt lat="68.09457" lon="13.54515">
    <name>TP7542</name>
  </trkpt>
  <trkpt lat="68.09453" lon="13.54513">
    <name>TP7543</name>
  </trkpt>
  <trkpt lat="68.09434" lon="13.54503">
    <name>TP7544</name>
  </trkpt>
  <trkpt lat="68.09412" lon="13.54492">
    <name>TP7545</name>
  </trkpt>
  <trkpt lat="68.09402" lon="13.54487">
    <name>TP7546</name>
  </trkpt>
  <trkpt lat="68.09386" lon="13.54479">
    <name>TP7547</name>
  </trkpt>
  <trkpt lat="68.09356" lon="13.54464">
    <name>TP7548</name>
  </trkpt>
  <trkpt lat="68.09331" lon="13.5445">
    <name>TP7549</name>
  </trkpt>
  <trkpt lat="68.09296" lon="13.54434">
    <name>TP7550</name>
  </trkpt>
  <trkpt lat="68.0926" lon="13.54417">
    <name>TP7551</name>
  </trkpt>
  <trkpt lat="68.09225" lon="13.54402">
    <name>TP7552</name>
  </trkpt>
  <trkpt lat="68.09207" lon="13.54392">
    <name>TP7553</name>
  </trkpt>
  <trkpt lat="68.09189" lon="13.54383">
    <name>TP7554</name>
  </trkpt>
  <trkpt lat="68.09154" lon="13.54366">
    <name>TP7555</name>
  </trkpt>
  <trkpt lat="68.09153" lon="13.54365">
    <name>TP7556</name>
  </trkpt>
  <trkpt lat="68.09123" lon="13.54351">
    <name>TP7557</name>
  </trkpt>
  <trkpt lat="68.09097" lon="13.54338">
    <name>TP7558</name>
  </trkpt>
  <trkpt lat="68.09075" lon="13.54328">
    <name>TP7559</name>
  </trkpt>
  <trkpt lat="68.09066" lon="13.54323">
    <name>TP7560</name>
  </trkpt>
  <trkpt lat="68.09039" lon="13.5431">
    <name>TP7561</name>
  </trkpt>
  <trkpt lat="68.09009" lon="13.54296">
    <name>TP7562</name>
  </trkpt>
  <trkpt lat="68.08981" lon="13.54283">
    <name>TP7563</name>
  </trkpt>
  <trkpt lat="68.08953" lon="13.54269">
    <name>TP7564</name>
  </trkpt>
  <trkpt lat="68.08927" lon="13.54257">
    <name>TP7565</name>
  </trkpt>
  <trkpt lat="68.08902" lon="13.54245">
    <name>TP7566</name>
  </trkpt>
  <trkpt lat="68.08876" lon="13.54233">
    <name>TP7567</name>
  </trkpt>
  <trkpt lat="68.0885" lon="13.5422">
    <name>TP7568</name>
  </trkpt>
  <trkpt lat="68.08845" lon="13.54217">
    <name>TP7569</name>
  </trkpt>
  <trkpt lat="68.0884" lon="13.54215">
    <name>TP7570</name>
  </trkpt>
  <trkpt lat="68.08824" lon="13.54207">
    <name>TP7571</name>
  </trkpt>
  <trkpt lat="68.08805" lon="13.54199">
    <name>TP7572</name>
  </trkpt>
  <trkpt lat="68.08792" lon="13.54191">
    <name>TP7573</name>
  </trkpt>
  <trkpt lat="68.08785" lon="13.54187">
    <name>TP7574</name>
  </trkpt>
  <trkpt lat="68.08773" lon="13.54183">
    <name>TP7575</name>
  </trkpt>
  <trkpt lat="68.08758" lon="13.54175">
    <name>TP7576</name>
  </trkpt>
  <trkpt lat="68.08736" lon="13.54164">
    <name>TP7577</name>
  </trkpt>
  <trkpt lat="68.0872" lon="13.54155">
    <name>TP7578</name>
  </trkpt>
  <trkpt lat="68.0869" lon="13.5414">
    <name>TP7579</name>
  </trkpt>
  <trkpt lat="68.08661" lon="13.54125">
    <name>TP7580</name>
  </trkpt>
  <trkpt lat="68.08644" lon="13.54118">
    <name>TP7581</name>
  </trkpt>
  <trkpt lat="68.08634" lon="13.54114">
    <name>TP7582</name>
  </trkpt>
  <trkpt lat="68.0863" lon="13.54114">
    <name>TP7583</name>
  </trkpt>
  <trkpt lat="68.0862" lon="13.54113">
    <name>TP7584</name>
  </trkpt>
  <trkpt lat="68.0861" lon="13.54114">
    <name>TP7585</name>
  </trkpt>
  <trkpt lat="68.08596" lon="13.54115">
    <name>TP7586</name>
  </trkpt>
  <trkpt lat="68.08575" lon="13.54124">
    <name>TP7587</name>
  </trkpt>
  <trkpt lat="68.08552" lon="13.54134">
    <name>TP7588</name>
  </trkpt>
  <trkpt lat="68.08536" lon="13.5414">
    <name>TP7589</name>
  </trkpt>
  <trkpt lat="68.08518" lon="13.54139">
    <name>TP7590</name>
  </trkpt>
  <trkpt lat="68.08497" lon="13.54132">
    <name>TP7591</name>
  </trkpt>
  <trkpt lat="68.08477" lon="13.54122">
    <name>TP7592</name>
  </trkpt>
  <trkpt lat="68.08453" lon="13.54111">
    <name>TP7593</name>
  </trkpt>
  <trkpt lat="68.08447" lon="13.54107">
    <name>TP7594</name>
  </trkpt>
  <trkpt lat="68.08442" lon="13.54104">
    <name>TP7595</name>
  </trkpt>
  <trkpt lat="68.08441" lon="13.54103">
    <name>TP7596</name>
  </trkpt>
  <trkpt lat="68.08436" lon="13.541">
    <name>TP7597</name>
  </trkpt>
  <trkpt lat="68.08424" lon="13.54091">
    <name>TP7598</name>
  </trkpt>
  <trkpt lat="68.0842" lon="13.54087">
    <name>TP7599</name>
  </trkpt>
  <trkpt lat="68.08419" lon="13.54086">
    <name>TP7600</name>
  </trkpt>
  <trkpt lat="68.08401" lon="13.54069">
    <name>TP7601</name>
  </trkpt>
  <trkpt lat="68.08379" lon="13.54043">
    <name>TP7602</name>
  </trkpt>
  <trkpt lat="68.08366" lon="13.54029">
    <name>TP7603</name>
  </trkpt>
  <trkpt lat="68.08361" lon="13.54023">
    <name>TP7604</name>
  </trkpt>
  <trkpt lat="68.08357" lon="13.54017">
    <name>TP7605</name>
  </trkpt>
  <trkpt lat="68.0835676" lon="13.5401716">
    <name>TP7606</name>
  </trkpt>
  <trkpt lat="68.08355" lon="13.5402">
    <name>TP7607</name>
  </trkpt>
  <trkpt lat="68.08354" lon="13.54023">
    <name>TP7608</name>
  </trkpt>
  <trkpt lat="68.08351" lon="13.54029">
    <name>TP7609</name>
  </trkpt>
  <trkpt lat="68.08345" lon="13.54044">
    <name>TP7610</name>
  </trkpt>
  <trkpt lat="68.08338" lon="13.54053">
    <name>TP7611</name>
  </trkpt>
  <trkpt lat="68.08331" lon="13.5406">
    <name>TP7612</name>
  </trkpt>
  <trkpt lat="68.08326" lon="13.54066">
    <name>TP7613</name>
  </trkpt>
  <trkpt lat="68.08319" lon="13.54074">
    <name>TP7614</name>
  </trkpt>
  <trkpt lat="68.08307" lon="13.5408">
    <name>TP7615</name>
  </trkpt>
  <trkpt lat="68.0829" lon="13.54088">
    <name>TP7616</name>
  </trkpt>
  <trkpt lat="68.08272" lon="13.54098">
    <name>TP7617</name>
  </trkpt>
  <trkpt lat="68.08258" lon="13.54104">
    <name>TP7618</name>
  </trkpt>
  <trkpt lat="68.08248" lon="13.54108">
    <name>TP7619</name>
  </trkpt>
  <trkpt lat="68.08243" lon="13.54111">
    <name>TP7620</name>
  </trkpt>
  <trkpt lat="68.0823" lon="13.5412">
    <name>TP7621</name>
  </trkpt>
  <trkpt lat="68.08218" lon="13.54129">
    <name>TP7622</name>
  </trkpt>
  <trkpt lat="68.08206" lon="13.54141">
    <name>TP7623</name>
  </trkpt>
  <trkpt lat="68.08193" lon="13.54156">
    <name>TP7624</name>
  </trkpt>
  <trkpt lat="68.0818" lon="13.5417">
    <name>TP7625</name>
  </trkpt>
  <trkpt lat="68.08179" lon="13.54172">
    <name>TP7626</name>
  </trkpt>
  <trkpt lat="68.08167" lon="13.54187">
    <name>TP7627</name>
  </trkpt>
  <trkpt lat="68.08161" lon="13.54198">
    <name>TP7628</name>
  </trkpt>
  <trkpt lat="68.08157" lon="13.54202">
    <name>TP7629</name>
  </trkpt>
  <trkpt lat="68.08151" lon="13.54218">
    <name>TP7630</name>
  </trkpt>
  <trkpt lat="68.08145" lon="13.54239">
    <name>TP7631</name>
  </trkpt>
  <trkpt lat="68.08139" lon="13.54261">
    <name>TP7632</name>
  </trkpt>
  <trkpt lat="68.08133" lon="13.54291">
    <name>TP7633</name>
  </trkpt>
  <trkpt lat="68.08125" lon="13.54325">
    <name>TP7634</name>
  </trkpt>
  <trkpt lat="68.08118" lon="13.54357">
    <name>TP7635</name>
  </trkpt>
  <trkpt lat="68.08108" lon="13.54393">
    <name>TP7636</name>
  </trkpt>
  <trkpt lat="68.08106" lon="13.54399">
    <name>TP7637</name>
  </trkpt>
  <trkpt lat="68.08105" lon="13.54403">
    <name>TP7638</name>
  </trkpt>
  <trkpt lat="68.081" lon="13.54422">
    <name>TP7639</name>
  </trkpt>
  <trkpt lat="68.0809" lon="13.54449">
    <name>TP7640</name>
  </trkpt>
  <trkpt lat="68.08079" lon="13.54478">
    <name>TP7641</name>
  </trkpt>
  <trkpt lat="68.08067" lon="13.54503">
    <name>TP7642</name>
  </trkpt>
  <trkpt lat="68.08059" lon="13.5452">
    <name>TP7643</name>
  </trkpt>
  <trkpt lat="68.08052" lon="13.54533">
    <name>TP7644</name>
  </trkpt>
  <trkpt lat="68.08047" lon="13.54544">
    <name>TP7645</name>
  </trkpt>
  <trkpt lat="68.08045" lon="13.54548">
    <name>TP7646</name>
  </trkpt>
  <trkpt lat="68.08034" lon="13.54566">
    <name>TP7647</name>
  </trkpt>
  <trkpt lat="68.08021" lon="13.54582">
    <name>TP7648</name>
  </trkpt>
  <trkpt lat="68.0801" lon="13.54593">
    <name>TP7649</name>
  </trkpt>
  <trkpt lat="68.08005" lon="13.54596">
    <name>TP7650</name>
  </trkpt>
  <trkpt lat="68.07998" lon="13.54601">
    <name>TP7651</name>
  </trkpt>
  <trkpt lat="68.07997" lon="13.54602">
    <name>TP7652</name>
  </trkpt>
  <trkpt lat="68.07988" lon="13.54607">
    <name>TP7653</name>
  </trkpt>
  <trkpt lat="68.07986" lon="13.54608">
    <name>TP7654</name>
  </trkpt>
  <trkpt lat="68.07984" lon="13.54609">
    <name>TP7655</name>
  </trkpt>
  <trkpt lat="68.07964" lon="13.5462">
    <name>TP7656</name>
  </trkpt>
  <trkpt lat="68.07945" lon="13.5463">
    <name>TP7657</name>
  </trkpt>
  <trkpt lat="68.0793" lon="13.54637">
    <name>TP7658</name>
  </trkpt>
  <trkpt lat="68.07925" lon="13.54639">
    <name>TP7659</name>
  </trkpt>
  <trkpt lat="68.0792" lon="13.54641">
    <name>TP7660</name>
  </trkpt>
  <trkpt lat="68.0791" lon="13.54648">
    <name>TP7661</name>
  </trkpt>
  <trkpt lat="68.07898" lon="13.54652">
    <name>TP7662</name>
  </trkpt>
  <trkpt lat="68.07889" lon="13.54652">
    <name>TP7663</name>
  </trkpt>
  <trkpt lat="68.07885" lon="13.5465">
    <name>TP7664</name>
  </trkpt>
  <trkpt lat="68.07883" lon="13.54649">
    <name>TP7665</name>
  </trkpt>
  <trkpt lat="68.07876" lon="13.54644">
    <name>TP7666</name>
  </trkpt>
  <trkpt lat="68.07869" lon="13.54638">
    <name>TP7667</name>
  </trkpt>
  <trkpt lat="68.07862" lon="13.54631">
    <name>TP7668</name>
  </trkpt>
  <trkpt lat="68.07855" lon="13.54624">
    <name>TP7669</name>
  </trkpt>
  <trkpt lat="68.07847" lon="13.54616">
    <name>TP7670</name>
  </trkpt>
  <trkpt lat="68.07829" lon="13.54594">
    <name>TP7671</name>
  </trkpt>
  <trkpt lat="68.07815" lon="13.54575">
    <name>TP7672</name>
  </trkpt>
  <trkpt lat="68.07799" lon="13.54555">
    <name>TP7673</name>
  </trkpt>
  <trkpt lat="68.07798" lon="13.54554">
    <name>TP7674</name>
  </trkpt>
  <trkpt lat="68.07782" lon="13.54537">
    <name>TP7675</name>
  </trkpt>
  <trkpt lat="68.07764" lon="13.54521">
    <name>TP7676</name>
  </trkpt>
  <trkpt lat="68.07755" lon="13.54513">
    <name>TP7677</name>
  </trkpt>
  <trkpt lat="68.07741" lon="13.54499">
    <name>TP7678</name>
  </trkpt>
  <trkpt lat="68.0774095" lon="13.5449909">
    <name>TP7679</name>
  </trkpt>
  <trkpt lat="68.07738" lon="13.5451">
    <name>TP7680</name>
  </trkpt>
  <trkpt lat="68.07734" lon="13.54517">
    <name>TP7681</name>
  </trkpt>
  <trkpt lat="68.07717" lon="13.54528">
    <name>TP7682</name>
  </trkpt>
  <trkpt lat="68.07709" lon="13.54532">
    <name>TP7683</name>
  </trkpt>
  <trkpt lat="68.07702" lon="13.54536">
    <name>TP7684</name>
  </trkpt>
  <trkpt lat="68.07691" lon="13.54544">
    <name>TP7685</name>
  </trkpt>
  <trkpt lat="68.07686" lon="13.54548">
    <name>TP7686</name>
  </trkpt>
  <trkpt lat="68.07669" lon="13.54564">
    <name>TP7687</name>
  </trkpt>
  <trkpt lat="68.07652" lon="13.54581">
    <name>TP7688</name>
  </trkpt>
  <trkpt lat="68.07638" lon="13.54601">
    <name>TP7689</name>
  </trkpt>
  <trkpt lat="68.07626" lon="13.54624">
    <name>TP7690</name>
  </trkpt>
  <trkpt lat="68.07615" lon="13.54637">
    <name>TP7691</name>
  </trkpt>
  <trkpt lat="68.07609" lon="13.54646">
    <name>TP7692</name>
  </trkpt>
  <trkpt lat="68.07603" lon="13.54652">
    <name>TP7693</name>
  </trkpt>
  <trkpt lat="68.07594" lon="13.5465">
    <name>TP7694</name>
  </trkpt>
  <trkpt lat="68.07585" lon="13.54644">
    <name>TP7695</name>
  </trkpt>
  <trkpt lat="68.07576" lon="13.54632">
    <name>TP7696</name>
  </trkpt>
  <trkpt lat="68.07565" lon="13.54618">
    <name>TP7697</name>
  </trkpt>
  <trkpt lat="68.07555" lon="13.54605">
    <name>TP7698</name>
  </trkpt>
  <trkpt lat="68.07544" lon="13.54595">
    <name>TP7699</name>
  </trkpt>
  <trkpt lat="68.07531" lon="13.54583">
    <name>TP7700</name>
  </trkpt>
  <trkpt lat="68.07522" lon="13.54576">
    <name>TP7701</name>
  </trkpt>
  <trkpt lat="68.07514" lon="13.54568">
    <name>TP7702</name>
  </trkpt>
  <trkpt lat="68.07503" lon="13.54559">
    <name>TP7703</name>
  </trkpt>
  <trkpt lat="68.0750302" lon="13.5455946">
    <name>TP7704</name>
  </trkpt>
  <trkpt lat="68.07502" lon="13.54569">
    <name>TP7705</name>
  </trkpt>
  <trkpt lat="68.07502" lon="13.54578">
    <name>TP7706</name>
  </trkpt>
  <trkpt lat="68.07501" lon="13.5459">
    <name>TP7707</name>
  </trkpt>
  <trkpt lat="68.07503" lon="13.54605">
    <name>TP7708</name>
  </trkpt>
  <trkpt lat="68.07507" lon="13.54626">
    <name>TP7709</name>
  </trkpt>
  <trkpt lat="68.07514" lon="13.54662">
    <name>TP7710</name>
  </trkpt>
  <trkpt lat="68.0752" lon="13.54689">
    <name>TP7711</name>
  </trkpt>
  <trkpt lat="68.07526" lon="13.54716">
    <name>TP7712</name>
  </trkpt>
  <trkpt lat="68.07533" lon="13.54742">
    <name>TP7713</name>
  </trkpt>
  <trkpt lat="68.07541" lon="13.54766">
    <name>TP7714</name>
  </trkpt>
  <trkpt lat="68.07551" lon="13.54792">
    <name>TP7715</name>
  </trkpt>
  <trkpt lat="68.07558" lon="13.54812">
    <name>TP7716</name>
  </trkpt>
  <trkpt lat="68.0755826" lon="13.5481162">
    <name>TP7717</name>
  </trkpt>
  <trkpt lat="68.0755826" lon="13.5481162">
    <name>TP7718</name>
  </trkpt>
  <trkpt lat="68.07567" lon="13.54831">
    <name>TP7719</name>
  </trkpt>
  <trkpt lat="68.07572" lon="13.54847">
    <name>TP7720</name>
  </trkpt>
  <trkpt lat="68.07573" lon="13.54852">
    <name>TP7721</name>
  </trkpt>
  <trkpt lat="68.07575" lon="13.54865">
    <name>TP7722</name>
  </trkpt>
  <trkpt lat="68.07579" lon="13.54888">
    <name>TP7723</name>
  </trkpt>
  <trkpt lat="68.07582" lon="13.54915">
    <name>TP7724</name>
  </trkpt>
  <trkpt lat="68.07585" lon="13.54941">
    <name>TP7725</name>
  </trkpt>
  <trkpt lat="68.0759" lon="13.54965">
    <name>TP7726</name>
  </trkpt>
  <trkpt lat="68.07597" lon="13.54984">
    <name>TP7727</name>
  </trkpt>
  <trkpt lat="68.07606" lon="13.55003">
    <name>TP7728</name>
  </trkpt>
  <trkpt lat="68.07614" lon="13.55021">
    <name>TP7729</name>
  </trkpt>
  <trkpt lat="68.07621" lon="13.55039">
    <name>TP7730</name>
  </trkpt>
  <trkpt lat="68.0763" lon="13.5506">
    <name>TP7731</name>
  </trkpt>
  <trkpt lat="68.07636" lon="13.55079">
    <name>TP7732</name>
  </trkpt>
  <trkpt lat="68.07642" lon="13.55103">
    <name>TP7733</name>
  </trkpt>
  <trkpt lat="68.07648" lon="13.5512">
    <name>TP7734</name>
  </trkpt>
  <trkpt lat="68.07651" lon="13.55123">
    <name>TP7735</name>
  </trkpt>
  <trkpt lat="68.07658" lon="13.55131">
    <name>TP7736</name>
  </trkpt>
  <trkpt lat="68.07669" lon="13.55144">
    <name>TP7737</name>
  </trkpt>
  <trkpt lat="68.07677" lon="13.5516">
    <name>TP7738</name>
  </trkpt>
  <trkpt lat="68.07686" lon="13.55177">
    <name>TP7739</name>
  </trkpt>
  <trkpt lat="68.07695" lon="13.55194">
    <name>TP7740</name>
  </trkpt>
  <trkpt lat="68.07704" lon="13.55214">
    <name>TP7741</name>
  </trkpt>
  <trkpt lat="68.07713" lon="13.55231">
    <name>TP7742</name>
  </trkpt>
  <trkpt lat="68.07726" lon="13.55253">
    <name>TP7743</name>
  </trkpt>
  <trkpt lat="68.0772649" lon="13.5525332">
    <name>TP7744</name>
  </trkpt>
  <trkpt lat="68.07735" lon="13.55228">
    <name>TP7745</name>
  </trkpt>
  <trkpt lat="68.07742" lon="13.55196">
    <name>TP7746</name>
  </trkpt>
  <trkpt lat="68.0775" lon="13.5516">
    <name>TP7747</name>
  </trkpt>
  <trkpt lat="68.07755" lon="13.55135">
    <name>TP7748</name>
  </trkpt>
  <trkpt lat="68.07763" lon="13.55102">
    <name>TP7749</name>
  </trkpt>
  <trkpt lat="68.07766" lon="13.55092">
    <name>TP7750</name>
  </trkpt>
  <trkpt lat="68.07776" lon="13.55054">
    <name>TP7751</name>
  </trkpt>
  <trkpt lat="68.07776" lon="13.55053">
    <name>TP7752</name>
  </trkpt>
  <trkpt lat="68.07788" lon="13.5501">
    <name>TP7753</name>
  </trkpt>
  <trkpt lat="68.078" lon="13.54967">
    <name>TP7754</name>
  </trkpt>
  <trkpt lat="68.07808" lon="13.54935">
    <name>TP7755</name>
  </trkpt>
  <trkpt lat="68.07815" lon="13.54911">
    <name>TP7756</name>
  </trkpt>
  <trkpt lat="68.0782" lon="13.54889">
    <name>TP7757</name>
  </trkpt>
  <trkpt lat="68.07823" lon="13.54875">
    <name>TP7758</name>
  </trkpt>
  <trkpt lat="68.07824" lon="13.54859">
    <name>TP7759</name>
  </trkpt>
  <trkpt lat="68.07823" lon="13.5484">
    <name>TP7760</name>
  </trkpt>
  <trkpt lat="68.07823" lon="13.54815">
    <name>TP7761</name>
  </trkpt>
  <trkpt lat="68.07822" lon="13.54804">
    <name>TP7762</name>
  </trkpt>
  <trkpt lat="68.07822" lon="13.5479">
    <name>TP7763</name>
  </trkpt>
  <trkpt lat="68.07823" lon="13.54765">
    <name>TP7764</name>
  </trkpt>
  <trkpt lat="68.07827" lon="13.54737">
    <name>TP7765</name>
  </trkpt>
  <trkpt lat="68.07833" lon="13.54706">
    <name>TP7766</name>
  </trkpt>
  <trkpt lat="68.07838" lon="13.54679">
    <name>TP7767</name>
  </trkpt>
  <trkpt lat="68.0784" lon="13.54669">
    <name>TP7768</name>
  </trkpt>
  <trkpt lat="68.07842" lon="13.54651">
    <name>TP7769</name>
  </trkpt>
  <trkpt lat="68.07847" lon="13.54616">
    <name>TP7770</name>
  </trkpt>
  <trkpt lat="68.0784739" lon="13.5461601">
    <name>TP7771</name>
  </trkpt>
  <trkpt lat="68.07855" lon="13.54624">
    <name>TP7772</name>
  </trkpt>
  <trkpt lat="68.07862" lon="13.54631">
    <name>TP7773</name>
  </trkpt>
  <trkpt lat="68.07869" lon="13.54638">
    <name>TP7774</name>
  </trkpt>
  <trkpt lat="68.07876" lon="13.54644">
    <name>TP7775</name>
  </trkpt>
  <trkpt lat="68.07883" lon="13.54649">
    <name>TP7776</name>
  </trkpt>
  <trkpt lat="68.07885" lon="13.5465">
    <name>TP7777</name>
  </trkpt>
  <trkpt lat="68.07889" lon="13.54652">
    <name>TP7778</name>
  </trkpt>
  <trkpt lat="68.07898" lon="13.54652">
    <name>TP7779</name>
  </trkpt>
  <trkpt lat="68.0791" lon="13.54648">
    <name>TP7780</name>
  </trkpt>
  <trkpt lat="68.0792" lon="13.54641">
    <name>TP7781</name>
  </trkpt>
  <trkpt lat="68.07925" lon="13.54639">
    <name>TP7782</name>
  </trkpt>
  <trkpt lat="68.0793" lon="13.54637">
    <name>TP7783</name>
  </trkpt>
  <trkpt lat="68.07945" lon="13.5463">
    <name>TP7784</name>
  </trkpt>
  <trkpt lat="68.07964" lon="13.5462">
    <name>TP7785</name>
  </trkpt>
  <trkpt lat="68.07984" lon="13.54609">
    <name>TP7786</name>
  </trkpt>
  <trkpt lat="68.07986" lon="13.54608">
    <name>TP7787</name>
  </trkpt>
  <trkpt lat="68.07988" lon="13.54607">
    <name>TP7788</name>
  </trkpt>
  <trkpt lat="68.07997" lon="13.54602">
    <name>TP7789</name>
  </trkpt>
  <trkpt lat="68.07998" lon="13.54601">
    <name>TP7790</name>
  </trkpt>
  <trkpt lat="68.08005" lon="13.54596">
    <name>TP7791</name>
  </trkpt>
  <trkpt lat="68.0801" lon="13.54593">
    <name>TP7792</name>
  </trkpt>
  <trkpt lat="68.08021" lon="13.54582">
    <name>TP7793</name>
  </trkpt>
  <trkpt lat="68.08034" lon="13.54566">
    <name>TP7794</name>
  </trkpt>
  <trkpt lat="68.08045" lon="13.54548">
    <name>TP7795</name>
  </trkpt>
  <trkpt lat="68.08047" lon="13.54544">
    <name>TP7796</name>
  </trkpt>
  <trkpt lat="68.08052" lon="13.54533">
    <name>TP7797</name>
  </trkpt>
  <trkpt lat="68.08059" lon="13.5452">
    <name>TP7798</name>
  </trkpt>
  <trkpt lat="68.08067" lon="13.54503">
    <name>TP7799</name>
  </trkpt>
  <trkpt lat="68.08079" lon="13.54478">
    <name>TP7800</name>
  </trkpt>
  <trkpt lat="68.0809" lon="13.54449">
    <name>TP7801</name>
  </trkpt>
  <trkpt lat="68.081" lon="13.54422">
    <name>TP7802</name>
  </trkpt>
  <trkpt lat="68.08105" lon="13.54403">
    <name>TP7803</name>
  </trkpt>
  <trkpt lat="68.08106" lon="13.54399">
    <name>TP7804</name>
  </trkpt>
  <trkpt lat="68.08108" lon="13.54393">
    <name>TP7805</name>
  </trkpt>
  <trkpt lat="68.08118" lon="13.54357">
    <name>TP7806</name>
  </trkpt>
  <trkpt lat="68.08125" lon="13.54325">
    <name>TP7807</name>
  </trkpt>
  <trkpt lat="68.08133" lon="13.54291">
    <name>TP7808</name>
  </trkpt>
  <trkpt lat="68.08139" lon="13.54261">
    <name>TP7809</name>
  </trkpt>
  <trkpt lat="68.08145" lon="13.54239">
    <name>TP7810</name>
  </trkpt>
  <trkpt lat="68.08151" lon="13.54218">
    <name>TP7811</name>
  </trkpt>
  <trkpt lat="68.08157" lon="13.54202">
    <name>TP7812</name>
  </trkpt>
  <trkpt lat="68.08161" lon="13.54198">
    <name>TP7813</name>
  </trkpt>
  <trkpt lat="68.08167" lon="13.54187">
    <name>TP7814</name>
  </trkpt>
  <trkpt lat="68.08179" lon="13.54172">
    <name>TP7815</name>
  </trkpt>
  <trkpt lat="68.0818" lon="13.5417">
    <name>TP7816</name>
  </trkpt>
  <trkpt lat="68.08193" lon="13.54156">
    <name>TP7817</name>
  </trkpt>
  <trkpt lat="68.08206" lon="13.54141">
    <name>TP7818</name>
  </trkpt>
  <trkpt lat="68.08218" lon="13.54129">
    <name>TP7819</name>
  </trkpt>
  <trkpt lat="68.0823" lon="13.5412">
    <name>TP7820</name>
  </trkpt>
  <trkpt lat="68.08243" lon="13.54111">
    <name>TP7821</name>
  </trkpt>
  <trkpt lat="68.08248" lon="13.54108">
    <name>TP7822</name>
  </trkpt>
  <trkpt lat="68.08258" lon="13.54104">
    <name>TP7823</name>
  </trkpt>
  <trkpt lat="68.08272" lon="13.54098">
    <name>TP7824</name>
  </trkpt>
  <trkpt lat="68.0829" lon="13.54088">
    <name>TP7825</name>
  </trkpt>
  <trkpt lat="68.08307" lon="13.5408">
    <name>TP7826</name>
  </trkpt>
  <trkpt lat="68.08319" lon="13.54074">
    <name>TP7827</name>
  </trkpt>
  <trkpt lat="68.08326" lon="13.54066">
    <name>TP7828</name>
  </trkpt>
  <trkpt lat="68.08331" lon="13.5406">
    <name>TP7829</name>
  </trkpt>
  <trkpt lat="68.08338" lon="13.54053">
    <name>TP7830</name>
  </trkpt>
  <trkpt lat="68.08345" lon="13.54044">
    <name>TP7831</name>
  </trkpt>
  <trkpt lat="68.08351" lon="13.54029">
    <name>TP7832</name>
  </trkpt>
  <trkpt lat="68.08354" lon="13.54023">
    <name>TP7833</name>
  </trkpt>
  <trkpt lat="68.08355" lon="13.5402">
    <name>TP7834</name>
  </trkpt>
  <trkpt lat="68.08357" lon="13.54017">
    <name>TP7835</name>
  </trkpt>
  <trkpt lat="68.0835676" lon="13.5401716">
    <name>TP7836</name>
  </trkpt>
  <trkpt lat="68.08361" lon="13.54023">
    <name>TP7837</name>
  </trkpt>
  <trkpt lat="68.08366" lon="13.54029">
    <name>TP7838</name>
  </trkpt>
  <trkpt lat="68.08379" lon="13.54043">
    <name>TP7839</name>
  </trkpt>
  <trkpt lat="68.08401" lon="13.54069">
    <name>TP7840</name>
  </trkpt>
  <trkpt lat="68.08419" lon="13.54086">
    <name>TP7841</name>
  </trkpt>
  <trkpt lat="68.0842" lon="13.54087">
    <name>TP7842</name>
  </trkpt>
  <trkpt lat="68.08424" lon="13.54091">
    <name>TP7843</name>
  </trkpt>
  <trkpt lat="68.08436" lon="13.541">
    <name>TP7844</name>
  </trkpt>
  <trkpt lat="68.08441" lon="13.54103">
    <name>TP7845</name>
  </trkpt>
  <trkpt lat="68.08442" lon="13.54104">
    <name>TP7846</name>
  </trkpt>
  <trkpt lat="68.08447" lon="13.54107">
    <name>TP7847</name>
  </trkpt>
  <trkpt lat="68.08453" lon="13.54111">
    <name>TP7848</name>
  </trkpt>
  <trkpt lat="68.08477" lon="13.54122">
    <name>TP7849</name>
  </trkpt>
  <trkpt lat="68.08497" lon="13.54132">
    <name>TP7850</name>
  </trkpt>
  <trkpt lat="68.08518" lon="13.54139">
    <name>TP7851</name>
  </trkpt>
  <trkpt lat="68.08536" lon="13.5414">
    <name>TP7852</name>
  </trkpt>
  <trkpt lat="68.08552" lon="13.54134">
    <name>TP7853</name>
  </trkpt>
  <trkpt lat="68.08575" lon="13.54124">
    <name>TP7854</name>
  </trkpt>
  <trkpt lat="68.08596" lon="13.54115">
    <name>TP7855</name>
  </trkpt>
  <trkpt lat="68.0861" lon="13.54114">
    <name>TP7856</name>
  </trkpt>
  <trkpt lat="68.0862" lon="13.54113">
    <name>TP7857</name>
  </trkpt>
  <trkpt lat="68.0863" lon="13.54114">
    <name>TP7858</name>
  </trkpt>
  <trkpt lat="68.08634" lon="13.54114">
    <name>TP7859</name>
  </trkpt>
  <trkpt lat="68.08644" lon="13.54118">
    <name>TP7860</name>
  </trkpt>
  <trkpt lat="68.08661" lon="13.54125">
    <name>TP7861</name>
  </trkpt>
  <trkpt lat="68.0869" lon="13.5414">
    <name>TP7862</name>
  </trkpt>
  <trkpt lat="68.0872" lon="13.54155">
    <name>TP7863</name>
  </trkpt>
  <trkpt lat="68.08736" lon="13.54164">
    <name>TP7864</name>
  </trkpt>
  <trkpt lat="68.08758" lon="13.54175">
    <name>TP7865</name>
  </trkpt>
  <trkpt lat="68.08773" lon="13.54183">
    <name>TP7866</name>
  </trkpt>
  <trkpt lat="68.08785" lon="13.54187">
    <name>TP7867</name>
  </trkpt>
  <trkpt lat="68.08792" lon="13.54191">
    <name>TP7868</name>
  </trkpt>
  <trkpt lat="68.08805" lon="13.54199">
    <name>TP7869</name>
  </trkpt>
  <trkpt lat="68.08824" lon="13.54207">
    <name>TP7870</name>
  </trkpt>
  <trkpt lat="68.0884" lon="13.54215">
    <name>TP7871</name>
  </trkpt>
  <trkpt lat="68.08845" lon="13.54217">
    <name>TP7872</name>
  </trkpt>
  <trkpt lat="68.0885" lon="13.5422">
    <name>TP7873</name>
  </trkpt>
  <trkpt lat="68.08876" lon="13.54233">
    <name>TP7874</name>
  </trkpt>
  <trkpt lat="68.08902" lon="13.54245">
    <name>TP7875</name>
  </trkpt>
  <trkpt lat="68.08927" lon="13.54257">
    <name>TP7876</name>
  </trkpt>
  <trkpt lat="68.08953" lon="13.54269">
    <name>TP7877</name>
  </trkpt>
  <trkpt lat="68.08981" lon="13.54283">
    <name>TP7878</name>
  </trkpt>
  <trkpt lat="68.09009" lon="13.54296">
    <name>TP7879</name>
  </trkpt>
  <trkpt lat="68.09039" lon="13.5431">
    <name>TP7880</name>
  </trkpt>
  <trkpt lat="68.09066" lon="13.54323">
    <name>TP7881</name>
  </trkpt>
  <trkpt lat="68.09075" lon="13.54328">
    <name>TP7882</name>
  </trkpt>
  <trkpt lat="68.09097" lon="13.54338">
    <name>TP7883</name>
  </trkpt>
  <trkpt lat="68.09123" lon="13.54351">
    <name>TP7884</name>
  </trkpt>
  <trkpt lat="68.09153" lon="13.54365">
    <name>TP7885</name>
  </trkpt>
  <trkpt lat="68.09154" lon="13.54366">
    <name>TP7886</name>
  </trkpt>
  <trkpt lat="68.09189" lon="13.54383">
    <name>TP7887</name>
  </trkpt>
  <trkpt lat="68.09207" lon="13.54392">
    <name>TP7888</name>
  </trkpt>
  <trkpt lat="68.09225" lon="13.54402">
    <name>TP7889</name>
  </trkpt>
  <trkpt lat="68.0926" lon="13.54417">
    <name>TP7890</name>
  </trkpt>
  <trkpt lat="68.09296" lon="13.54434">
    <name>TP7891</name>
  </trkpt>
  <trkpt lat="68.09331" lon="13.5445">
    <name>TP7892</name>
  </trkpt>
  <trkpt lat="68.09356" lon="13.54464">
    <name>TP7893</name>
  </trkpt>
  <trkpt lat="68.09386" lon="13.54479">
    <name>TP7894</name>
  </trkpt>
  <trkpt lat="68.09402" lon="13.54487">
    <name>TP7895</name>
  </trkpt>
  <trkpt lat="68.09412" lon="13.54492">
    <name>TP7896</name>
  </trkpt>
  <trkpt lat="68.09434" lon="13.54503">
    <name>TP7897</name>
  </trkpt>
  <trkpt lat="68.09453" lon="13.54513">
    <name>TP7898</name>
  </trkpt>
  <trkpt lat="68.09457" lon="13.54515">
    <name>TP7899</name>
  </trkpt>
  <trkpt lat="68.09473" lon="13.54523">
    <name>TP7900</name>
  </trkpt>
  <trkpt lat="68.09492" lon="13.54529">
    <name>TP7901</name>
  </trkpt>
  <trkpt lat="68.09512" lon="13.54535">
    <name>TP7902</name>
  </trkpt>
  <trkpt lat="68.09534" lon="13.54541">
    <name>TP7903</name>
  </trkpt>
  <trkpt lat="68.09563" lon="13.54547">
    <name>TP7904</name>
  </trkpt>
  <trkpt lat="68.09592" lon="13.54555">
    <name>TP7905</name>
  </trkpt>
  <trkpt lat="68.09616" lon="13.5456">
    <name>TP7906</name>
  </trkpt>
  <trkpt lat="68.0963" lon="13.54564">
    <name>TP7907</name>
  </trkpt>
  <trkpt lat="68.09642" lon="13.54567">
    <name>TP7908</name>
  </trkpt>
  <trkpt lat="68.09655" lon="13.54571">
    <name>TP7909</name>
  </trkpt>
  <trkpt lat="68.09687" lon="13.54578">
    <name>TP7910</name>
  </trkpt>
  <trkpt lat="68.09712" lon="13.54585">
    <name>TP7911</name>
  </trkpt>
  <trkpt lat="68.09734" lon="13.54591">
    <name>TP7912</name>
  </trkpt>
  <trkpt lat="68.09752" lon="13.54594">
    <name>TP7913</name>
  </trkpt>
  <trkpt lat="68.09769" lon="13.54599">
    <name>TP7914</name>
  </trkpt>
  <trkpt lat="68.09785" lon="13.54603">
    <name>TP7915</name>
  </trkpt>
  <trkpt lat="68.09786" lon="13.54604">
    <name>TP7916</name>
  </trkpt>
  <trkpt lat="68.09802" lon="13.54608">
    <name>TP7917</name>
  </trkpt>
  <trkpt lat="68.09821" lon="13.54613">
    <name>TP7918</name>
  </trkpt>
  <trkpt lat="68.09851" lon="13.5462">
    <name>TP7919</name>
  </trkpt>
  <trkpt lat="68.09867" lon="13.54624">
    <name>TP7920</name>
  </trkpt>
  <trkpt lat="68.0987" lon="13.54625">
    <name>TP7921</name>
  </trkpt>
  <trkpt lat="68.09901" lon="13.54633">
    <name>TP7922</name>
  </trkpt>
  <trkpt lat="68.09925" lon="13.54638">
    <name>TP7923</name>
  </trkpt>
  <trkpt lat="68.09945" lon="13.54645">
    <name>TP7924</name>
  </trkpt>
  <trkpt lat="68.09968" lon="13.54653">
    <name>TP7925</name>
  </trkpt>
  <trkpt lat="68.09986" lon="13.54661">
    <name>TP7926</name>
  </trkpt>
  <trkpt lat="68.09999" lon="13.54668">
    <name>TP7927</name>
  </trkpt>
  <trkpt lat="68.10016" lon="13.5468">
    <name>TP7928</name>
  </trkpt>
  <trkpt lat="68.10037" lon="13.54695">
    <name>TP7929</name>
  </trkpt>
  <trkpt lat="68.10038" lon="13.54697">
    <name>TP7930</name>
  </trkpt>
  <trkpt lat="68.10045" lon="13.54702">
    <name>TP7931</name>
  </trkpt>
  <trkpt lat="68.10061" lon="13.54715">
    <name>TP7932</name>
  </trkpt>
  <trkpt lat="68.10062" lon="13.54716">
    <name>TP7933</name>
  </trkpt>
  <trkpt lat="68.10084" lon="13.54733">
    <name>TP7934</name>
  </trkpt>
  <trkpt lat="68.10085" lon="13.54734">
    <name>TP7935</name>
  </trkpt>
  <trkpt lat="68.10095" lon="13.5474">
    <name>TP7936</name>
  </trkpt>
  <trkpt lat="68.10114" lon="13.54753">
    <name>TP7937</name>
  </trkpt>
  <trkpt lat="68.10131" lon="13.54766">
    <name>TP7938</name>
  </trkpt>
  <trkpt lat="68.10138" lon="13.54772">
    <name>TP7939</name>
  </trkpt>
  <trkpt lat="68.10161" lon="13.54788">
    <name>TP7940</name>
  </trkpt>
  <trkpt lat="68.10163" lon="13.54789">
    <name>TP7941</name>
  </trkpt>
  <trkpt lat="68.10164" lon="13.5479">
    <name>TP7942</name>
  </trkpt>
  <trkpt lat="68.10165" lon="13.54791">
    <name>TP7943</name>
  </trkpt>
  <trkpt lat="68.10166" lon="13.54792">
    <name>TP7944</name>
  </trkpt>
  <trkpt lat="68.1018" lon="13.54804">
    <name>TP7945</name>
  </trkpt>
  <trkpt lat="68.10182" lon="13.54806">
    <name>TP7946</name>
  </trkpt>
  <trkpt lat="68.10211" lon="13.54828">
    <name>TP7947</name>
  </trkpt>
  <trkpt lat="68.10238" lon="13.54848">
    <name>TP7948</name>
  </trkpt>
  <trkpt lat="68.10268" lon="13.5487">
    <name>TP7949</name>
  </trkpt>
  <trkpt lat="68.10295" lon="13.54891">
    <name>TP7950</name>
  </trkpt>
  <trkpt lat="68.10318" lon="13.54908">
    <name>TP7951</name>
  </trkpt>
  <trkpt lat="68.1033" lon="13.54917">
    <name>TP7952</name>
  </trkpt>
  <trkpt lat="68.10342" lon="13.54927">
    <name>TP7953</name>
  </trkpt>
  <trkpt lat="68.10355" lon="13.54935">
    <name>TP7954</name>
  </trkpt>
  <trkpt lat="68.10374" lon="13.5495">
    <name>TP7955</name>
  </trkpt>
  <trkpt lat="68.10391" lon="13.54961">
    <name>TP7956</name>
  </trkpt>
  <trkpt lat="68.10401" lon="13.54967">
    <name>TP7957</name>
  </trkpt>
  <trkpt lat="68.10412" lon="13.54971">
    <name>TP7958</name>
  </trkpt>
  <trkpt lat="68.10415" lon="13.54972">
    <name>TP7959</name>
  </trkpt>
  <trkpt lat="68.10417" lon="13.54972">
    <name>TP7960</name>
  </trkpt>
  <trkpt lat="68.10424" lon="13.54973">
    <name>TP7961</name>
  </trkpt>
  <trkpt lat="68.1043" lon="13.54972">
    <name>TP7962</name>
  </trkpt>
  <trkpt lat="68.10435" lon="13.5497">
    <name>TP7963</name>
  </trkpt>
  <trkpt lat="68.10446" lon="13.54963">
    <name>TP7964</name>
  </trkpt>
  <trkpt lat="68.10452" lon="13.54956">
    <name>TP7965</name>
  </trkpt>
  <trkpt lat="68.10454" lon="13.54952">
    <name>TP7966</name>
  </trkpt>
  <trkpt lat="68.10465" lon="13.54933">
    <name>TP7967</name>
  </trkpt>
  <trkpt lat="68.10466" lon="13.54928">
    <name>TP7968</name>
  </trkpt>
  <trkpt lat="68.10473" lon="13.5491">
    <name>TP7969</name>
  </trkpt>
  <trkpt lat="68.10479" lon="13.54894">
    <name>TP7970</name>
  </trkpt>
  <trkpt lat="68.10484" lon="13.54878">
    <name>TP7971</name>
  </trkpt>
  <trkpt lat="68.10491" lon="13.54857">
    <name>TP7972</name>
  </trkpt>
  <trkpt lat="68.10499" lon="13.54833">
    <name>TP7973</name>
  </trkpt>
  <trkpt lat="68.10501" lon="13.54826">
    <name>TP7974</name>
  </trkpt>
  <trkpt lat="68.10515" lon="13.54783">
    <name>TP7975</name>
  </trkpt>
  <trkpt lat="68.10527" lon="13.54749">
    <name>TP7976</name>
  </trkpt>
  <trkpt lat="68.10529" lon="13.54744">
    <name>TP7977</name>
  </trkpt>
  <trkpt lat="68.1053" lon="13.5474">
    <name>TP7978</name>
  </trkpt>
  <trkpt lat="68.10533" lon="13.54732">
    <name>TP7979</name>
  </trkpt>
  <trkpt lat="68.10539" lon="13.54715">
    <name>TP7980</name>
  </trkpt>
  <trkpt lat="68.1054" lon="13.54712">
    <name>TP7981</name>
  </trkpt>
  <trkpt lat="68.1055" lon="13.54686">
    <name>TP7982</name>
  </trkpt>
  <trkpt lat="68.1056" lon="13.54665">
    <name>TP7983</name>
  </trkpt>
  <trkpt lat="68.10571" lon="13.54647">
    <name>TP7984</name>
  </trkpt>
  <trkpt lat="68.10583" lon="13.54635">
    <name>TP7985</name>
  </trkpt>
  <trkpt lat="68.10594" lon="13.54628">
    <name>TP7986</name>
  </trkpt>
  <trkpt lat="68.10602" lon="13.54626">
    <name>TP7987</name>
  </trkpt>
  <trkpt lat="68.10613" lon="13.54627">
    <name>TP7988</name>
  </trkpt>
  <trkpt lat="68.10625" lon="13.54631">
    <name>TP7989</name>
  </trkpt>
  <trkpt lat="68.10635" lon="13.54638">
    <name>TP7990</name>
  </trkpt>
  <trkpt lat="68.10636" lon="13.54639">
    <name>TP7991</name>
  </trkpt>
  <trkpt lat="68.10646" lon="13.54649">
    <name>TP7992</name>
  </trkpt>
  <trkpt lat="68.10654" lon="13.54663">
    <name>TP7993</name>
  </trkpt>
  <trkpt lat="68.10655" lon="13.54664">
    <name>TP7994</name>
  </trkpt>
  <trkpt lat="68.10664" lon="13.54679">
    <name>TP7995</name>
  </trkpt>
  <trkpt lat="68.10665" lon="13.54682">
    <name>TP7996</name>
  </trkpt>
  <trkpt lat="68.10668" lon="13.54691">
    <name>TP7997</name>
  </trkpt>
  <trkpt lat="68.10673" lon="13.54701">
    <name>TP7998</name>
  </trkpt>
  <trkpt lat="68.10679" lon="13.54721">
    <name>TP7999</name>
  </trkpt>
  <trkpt lat="68.10681" lon="13.54725">
    <name>TP8000</name>
  </trkpt>
  <trkpt lat="68.10682" lon="13.54728">
    <name>TP8001</name>
  </trkpt>
  <trkpt lat="68.1069" lon="13.54755">
    <name>TP8002</name>
  </trkpt>
  <trkpt lat="68.10702" lon="13.54796">
    <name>TP8003</name>
  </trkpt>
  <trkpt lat="68.10715" lon="13.54838">
    <name>TP8004</name>
  </trkpt>
  <trkpt lat="68.10722" lon="13.54867">
    <name>TP8005</name>
  </trkpt>
  <trkpt lat="68.10729" lon="13.54888">
    <name>TP8006</name>
  </trkpt>
  <trkpt lat="68.10741" lon="13.54926">
    <name>TP8007</name>
  </trkpt>
  <trkpt lat="68.10751" lon="13.5496">
    <name>TP8008</name>
  </trkpt>
  <trkpt lat="68.10756" lon="13.54978">
    <name>TP8009</name>
  </trkpt>
  <trkpt lat="68.10763" lon="13.54998">
    <name>TP8010</name>
  </trkpt>
  <trkpt lat="68.10767" lon="13.55012">
    <name>TP8011</name>
  </trkpt>
  <trkpt lat="68.10774" lon="13.55034">
    <name>TP8012</name>
  </trkpt>
  <trkpt lat="68.10776" lon="13.5504">
    <name>TP8013</name>
  </trkpt>
  <trkpt lat="68.10784" lon="13.55066">
    <name>TP8014</name>
  </trkpt>
  <trkpt lat="68.10786" lon="13.5507">
    <name>TP8015</name>
  </trkpt>
  <trkpt lat="68.10794" lon="13.5509">
    <name>TP8016</name>
  </trkpt>
  <trkpt lat="68.108" lon="13.55101">
    <name>TP8017</name>
  </trkpt>
  <trkpt lat="68.10803" lon="13.55107">
    <name>TP8018</name>
  </trkpt>
  <trkpt lat="68.10815" lon="13.55121">
    <name>TP8019</name>
  </trkpt>
  <trkpt lat="68.10829" lon="13.55136">
    <name>TP8020</name>
  </trkpt>
  <trkpt lat="68.10844" lon="13.55148">
    <name>TP8021</name>
  </trkpt>
  <trkpt lat="68.10861" lon="13.55162">
    <name>TP8022</name>
  </trkpt>
  <trkpt lat="68.10875" lon="13.55173">
    <name>TP8023</name>
  </trkpt>
  <trkpt lat="68.10885" lon="13.5518">
    <name>TP8024</name>
  </trkpt>
  <trkpt lat="68.10889" lon="13.55183">
    <name>TP8025</name>
  </trkpt>
  <trkpt lat="68.10898" lon="13.55191">
    <name>TP8026</name>
  </trkpt>
  <trkpt lat="68.10902" lon="13.55195">
    <name>TP8027</name>
  </trkpt>
  <trkpt lat="68.10907" lon="13.55201">
    <name>TP8028</name>
  </trkpt>
  <trkpt lat="68.10914" lon="13.55211">
    <name>TP8029</name>
  </trkpt>
  <trkpt lat="68.10922" lon="13.55226">
    <name>TP8030</name>
  </trkpt>
  <trkpt lat="68.10933" lon="13.55244">
    <name>TP8031</name>
  </trkpt>
  <trkpt lat="68.10943" lon="13.55266">
    <name>TP8032</name>
  </trkpt>
  <trkpt lat="68.10955" lon="13.55288">
    <name>TP8033</name>
  </trkpt>
  <trkpt lat="68.10966" lon="13.55308">
    <name>TP8034</name>
  </trkpt>
  <trkpt lat="68.10978" lon="13.55328">
    <name>TP8035</name>
  </trkpt>
  <trkpt lat="68.10991" lon="13.5535">
    <name>TP8036</name>
  </trkpt>
  <trkpt lat="68.11" lon="13.55366">
    <name>TP8037</name>
  </trkpt>
  <trkpt lat="68.11" lon="13.55367">
    <name>TP8038</name>
  </trkpt>
  <trkpt lat="68.1101" lon="13.55381">
    <name>TP8039</name>
  </trkpt>
  <trkpt lat="68.11019" lon="13.55391">
    <name>TP8040</name>
  </trkpt>
  <trkpt lat="68.11028" lon="13.55402">
    <name>TP8041</name>
  </trkpt>
  <trkpt lat="68.11033" lon="13.55407">
    <name>TP8042</name>
  </trkpt>
  <trkpt lat="68.1105" lon="13.55422">
    <name>TP8043</name>
  </trkpt>
  <trkpt lat="68.11071" lon="13.55441">
    <name>TP8044</name>
  </trkpt>
  <trkpt lat="68.11088" lon="13.55456">
    <name>TP8045</name>
  </trkpt>
  <trkpt lat="68.1109" lon="13.55458">
    <name>TP8046</name>
  </trkpt>
  <trkpt lat="68.1111" lon="13.55475">
    <name>TP8047</name>
  </trkpt>
  <trkpt lat="68.11122" lon="13.55487">
    <name>TP8048</name>
  </trkpt>
  <trkpt lat="68.11125" lon="13.55488">
    <name>TP8049</name>
  </trkpt>
  <trkpt lat="68.11138" lon="13.555">
    <name>TP8050</name>
  </trkpt>
  <trkpt lat="68.11144" lon="13.55508">
    <name>TP8051</name>
  </trkpt>
  <trkpt lat="68.11153" lon="13.55523">
    <name>TP8052</name>
  </trkpt>
  <trkpt lat="68.11165" lon="13.55542">
    <name>TP8053</name>
  </trkpt>
  <trkpt lat="68.11179" lon="13.55567">
    <name>TP8054</name>
  </trkpt>
  <trkpt lat="68.11195" lon="13.55597">
    <name>TP8055</name>
  </trkpt>
  <trkpt lat="68.11217" lon="13.55636">
    <name>TP8056</name>
  </trkpt>
  <trkpt lat="68.11232" lon="13.55663">
    <name>TP8057</name>
  </trkpt>
  <trkpt lat="68.11246" lon="13.5569">
    <name>TP8058</name>
  </trkpt>
  <trkpt lat="68.11261" lon="13.55714">
    <name>TP8059</name>
  </trkpt>
  <trkpt lat="68.11272" lon="13.55734">
    <name>TP8060</name>
  </trkpt>
  <trkpt lat="68.11283" lon="13.55754">
    <name>TP8061</name>
  </trkpt>
  <trkpt lat="68.11288" lon="13.55762">
    <name>TP8062</name>
  </trkpt>
  <trkpt lat="68.11291" lon="13.55766">
    <name>TP8063</name>
  </trkpt>
  <trkpt lat="68.11292" lon="13.55768">
    <name>TP8064</name>
  </trkpt>
  <trkpt lat="68.11294" lon="13.5577">
    <name>TP8065</name>
  </trkpt>
  <trkpt lat="68.11296" lon="13.55774">
    <name>TP8066</name>
  </trkpt>
  <trkpt lat="68.11299" lon="13.55778">
    <name>TP8067</name>
  </trkpt>
  <trkpt lat="68.11302" lon="13.55782">
    <name>TP8068</name>
  </trkpt>
  <trkpt lat="68.11305" lon="13.55786">
    <name>TP8069</name>
  </trkpt>
  <trkpt lat="68.11307" lon="13.5579">
    <name>TP8070</name>
  </trkpt>
  <trkpt lat="68.11309" lon="13.55791">
    <name>TP8071</name>
  </trkpt>
  <trkpt lat="68.1131" lon="13.55793">
    <name>TP8072</name>
  </trkpt>
  <trkpt lat="68.11312" lon="13.55795">
    <name>TP8073</name>
  </trkpt>
  <trkpt lat="68.11314" lon="13.55797">
    <name>TP8074</name>
  </trkpt>
  <trkpt lat="68.11317" lon="13.55801">
    <name>TP8075</name>
  </trkpt>
  <trkpt lat="68.1132" lon="13.55805">
    <name>TP8076</name>
  </trkpt>
  <trkpt lat="68.11326" lon="13.55812">
    <name>TP8077</name>
  </trkpt>
  <trkpt lat="68.11329" lon="13.55814">
    <name>TP8078</name>
  </trkpt>
  <trkpt lat="68.11329" lon="13.55815">
    <name>TP8079</name>
  </trkpt>
  <trkpt lat="68.11332" lon="13.55818">
    <name>TP8080</name>
  </trkpt>
  <trkpt lat="68.11335" lon="13.55821">
    <name>TP8081</name>
  </trkpt>
  <trkpt lat="68.11338" lon="13.55824">
    <name>TP8082</name>
  </trkpt>
  <trkpt lat="68.11342" lon="13.55827">
    <name>TP8083</name>
  </trkpt>
  <trkpt lat="68.11345" lon="13.5583">
    <name>TP8084</name>
  </trkpt>
  <trkpt lat="68.11348" lon="13.55833">
    <name>TP8085</name>
  </trkpt>
  <trkpt lat="68.11351" lon="13.55835">
    <name>TP8086</name>
  </trkpt>
  <trkpt lat="68.11354" lon="13.55838">
    <name>TP8087</name>
  </trkpt>
  <trkpt lat="68.1136" lon="13.55843">
    <name>TP8088</name>
  </trkpt>
  <trkpt lat="68.11363" lon="13.55846">
    <name>TP8089</name>
  </trkpt>
  <trkpt lat="68.11366" lon="13.55849">
    <name>TP8090</name>
  </trkpt>
  <trkpt lat="68.11369" lon="13.55851">
    <name>TP8091</name>
  </trkpt>
  <trkpt lat="68.11372" lon="13.55854">
    <name>TP8092</name>
  </trkpt>
  <trkpt lat="68.11375" lon="13.55856">
    <name>TP8093</name>
  </trkpt>
  <trkpt lat="68.11378" lon="13.55859">
    <name>TP8094</name>
  </trkpt>
  <trkpt lat="68.11381" lon="13.55861">
    <name>TP8095</name>
  </trkpt>
  <trkpt lat="68.11384" lon="13.55864">
    <name>TP8096</name>
  </trkpt>
  <trkpt lat="68.11387" lon="13.55867">
    <name>TP8097</name>
  </trkpt>
  <trkpt lat="68.1139" lon="13.55869">
    <name>TP8098</name>
  </trkpt>
  <trkpt lat="68.11393" lon="13.55872">
    <name>TP8099</name>
  </trkpt>
  <trkpt lat="68.11395" lon="13.55874">
    <name>TP8100</name>
  </trkpt>
  <trkpt lat="68.11397" lon="13.55876">
    <name>TP8101</name>
  </trkpt>
  <trkpt lat="68.114" lon="13.55878">
    <name>TP8102</name>
  </trkpt>
  <trkpt lat="68.11402" lon="13.5588">
    <name>TP8103</name>
  </trkpt>
  <trkpt lat="68.11405" lon="13.55882">
    <name>TP8104</name>
  </trkpt>
  <trkpt lat="68.11408" lon="13.55885">
    <name>TP8105</name>
  </trkpt>
  <trkpt lat="68.11411" lon="13.55888">
    <name>TP8106</name>
  </trkpt>
  <trkpt lat="68.11413" lon="13.55889">
    <name>TP8107</name>
  </trkpt>
  <trkpt lat="68.11415" lon="13.5589">
    <name>TP8108</name>
  </trkpt>
  <trkpt lat="68.11417" lon="13.55893">
    <name>TP8109</name>
  </trkpt>
  <trkpt lat="68.1142" lon="13.55895">
    <name>TP8110</name>
  </trkpt>
  <trkpt lat="68.11423" lon="13.55898">
    <name>TP8111</name>
  </trkpt>
  <trkpt lat="68.11426" lon="13.55901">
    <name>TP8112</name>
  </trkpt>
  <trkpt lat="68.11429" lon="13.55903">
    <name>TP8113</name>
  </trkpt>
  <trkpt lat="68.11437" lon="13.5591">
    <name>TP8114</name>
  </trkpt>
  <trkpt lat="68.11439" lon="13.55912">
    <name>TP8115</name>
  </trkpt>
  <trkpt lat="68.11442" lon="13.55915">
    <name>TP8116</name>
  </trkpt>
  <trkpt lat="68.11445" lon="13.55918">
    <name>TP8117</name>
  </trkpt>
  <trkpt lat="68.11451" lon="13.55923">
    <name>TP8118</name>
  </trkpt>
  <trkpt lat="68.11453" lon="13.55925">
    <name>TP8119</name>
  </trkpt>
  <trkpt lat="68.11456" lon="13.55927">
    <name>TP8120</name>
  </trkpt>
  <trkpt lat="68.11458" lon="13.55929">
    <name>TP8121</name>
  </trkpt>
  <trkpt lat="68.11461" lon="13.55931">
    <name>TP8122</name>
  </trkpt>
  <trkpt lat="68.11463" lon="13.55933">
    <name>TP8123</name>
  </trkpt>
  <trkpt lat="68.11466" lon="13.55935">
    <name>TP8124</name>
  </trkpt>
  <trkpt lat="68.11468" lon="13.55938">
    <name>TP8125</name>
  </trkpt>
  <trkpt lat="68.11472" lon="13.5594">
    <name>TP8126</name>
  </trkpt>
  <trkpt lat="68.11475" lon="13.55942">
    <name>TP8127</name>
  </trkpt>
  <trkpt lat="68.11478" lon="13.55944">
    <name>TP8128</name>
  </trkpt>
  <trkpt lat="68.11478" lon="13.55945">
    <name>TP8129</name>
  </trkpt>
  <trkpt lat="68.11481" lon="13.55947">
    <name>TP8130</name>
  </trkpt>
  <trkpt lat="68.11484" lon="13.55949">
    <name>TP8131</name>
  </trkpt>
  <trkpt lat="68.11486" lon="13.55951">
    <name>TP8132</name>
  </trkpt>
  <trkpt lat="68.11489" lon="13.55952">
    <name>TP8133</name>
  </trkpt>
  <trkpt lat="68.11491" lon="13.55953">
    <name>TP8134</name>
  </trkpt>
  <trkpt lat="68.11494" lon="13.55954">
    <name>TP8135</name>
  </trkpt>
  <trkpt lat="68.11495" lon="13.55956">
    <name>TP8136</name>
  </trkpt>
  <trkpt lat="68.11499" lon="13.55957">
    <name>TP8137</name>
  </trkpt>
  <trkpt lat="68.11501" lon="13.55958">
    <name>TP8138</name>
  </trkpt>
  <trkpt lat="68.11504" lon="13.55959">
    <name>TP8139</name>
  </trkpt>
  <trkpt lat="68.11507" lon="13.5596">
    <name>TP8140</name>
  </trkpt>
  <trkpt lat="68.1151" lon="13.55961">
    <name>TP8141</name>
  </trkpt>
  <trkpt lat="68.11513" lon="13.55962">
    <name>TP8142</name>
  </trkpt>
  <trkpt lat="68.11517" lon="13.55962">
    <name>TP8143</name>
  </trkpt>
  <trkpt lat="68.1152" lon="13.55962">
    <name>TP8144</name>
  </trkpt>
  <trkpt lat="68.11523" lon="13.55962">
    <name>TP8145</name>
  </trkpt>
  <trkpt lat="68.11526" lon="13.55962">
    <name>TP8146</name>
  </trkpt>
  <trkpt lat="68.11528" lon="13.55962">
    <name>TP8147</name>
  </trkpt>
  <trkpt lat="68.1153" lon="13.55961">
    <name>TP8148</name>
  </trkpt>
  <trkpt lat="68.11533" lon="13.5596">
    <name>TP8149</name>
  </trkpt>
  <trkpt lat="68.11534" lon="13.5596">
    <name>TP8150</name>
  </trkpt>
  <trkpt lat="68.11535" lon="13.5596">
    <name>TP8151</name>
  </trkpt>
  <trkpt lat="68.11538" lon="13.55958">
    <name>TP8152</name>
  </trkpt>
  <trkpt lat="68.1154" lon="13.55957">
    <name>TP8153</name>
  </trkpt>
  <trkpt lat="68.11543" lon="13.55955">
    <name>TP8154</name>
  </trkpt>
  <trkpt lat="68.11546" lon="13.55953">
    <name>TP8155</name>
  </trkpt>
  <trkpt lat="68.11549" lon="13.55952">
    <name>TP8156</name>
  </trkpt>
  <trkpt lat="68.11551" lon="13.5595">
    <name>TP8157</name>
  </trkpt>
  <trkpt lat="68.11553" lon="13.55947">
    <name>TP8158</name>
  </trkpt>
  <trkpt lat="68.11556" lon="13.55945">
    <name>TP8159</name>
  </trkpt>
  <trkpt lat="68.11558" lon="13.55943">
    <name>TP8160</name>
  </trkpt>
  <trkpt lat="68.11561" lon="13.55939">
    <name>TP8161</name>
  </trkpt>
  <trkpt lat="68.11562" lon="13.55938">
    <name>TP8162</name>
  </trkpt>
  <trkpt lat="68.11564" lon="13.55936">
    <name>TP8163</name>
  </trkpt>
  <trkpt lat="68.11567" lon="13.55932">
    <name>TP8164</name>
  </trkpt>
  <trkpt lat="68.11569" lon="13.55929">
    <name>TP8165</name>
  </trkpt>
  <trkpt lat="68.11572" lon="13.55925">
    <name>TP8166</name>
  </trkpt>
  <trkpt lat="68.11575" lon="13.55922">
    <name>TP8167</name>
  </trkpt>
  <trkpt lat="68.11577" lon="13.55918">
    <name>TP8168</name>
  </trkpt>
  <trkpt lat="68.1158" lon="13.55915">
    <name>TP8169</name>
  </trkpt>
  <trkpt lat="68.11582" lon="13.55912">
    <name>TP8170</name>
  </trkpt>
  <trkpt lat="68.11587" lon="13.55905">
    <name>TP8171</name>
  </trkpt>
  <trkpt lat="68.11589" lon="13.55902">
    <name>TP8172</name>
  </trkpt>
  <trkpt lat="68.11595" lon="13.55893">
    <name>TP8173</name>
  </trkpt>
  <trkpt lat="68.11598" lon="13.55888">
    <name>TP8174</name>
  </trkpt>
  <trkpt lat="68.11601" lon="13.55884">
    <name>TP8175</name>
  </trkpt>
  <trkpt lat="68.11603" lon="13.5588">
    <name>TP8176</name>
  </trkpt>
  <trkpt lat="68.11606" lon="13.55875">
    <name>TP8177</name>
  </trkpt>
  <trkpt lat="68.11609" lon="13.55871">
    <name>TP8178</name>
  </trkpt>
  <trkpt lat="68.11612" lon="13.55866">
    <name>TP8179</name>
  </trkpt>
  <trkpt lat="68.11615" lon="13.55862">
    <name>TP8180</name>
  </trkpt>
  <trkpt lat="68.11618" lon="13.55858">
    <name>TP8181</name>
  </trkpt>
  <trkpt lat="68.1162" lon="13.55855">
    <name>TP8182</name>
  </trkpt>
  <trkpt lat="68.11622" lon="13.55852">
    <name>TP8183</name>
  </trkpt>
  <trkpt lat="68.11624" lon="13.55849">
    <name>TP8184</name>
  </trkpt>
  <trkpt lat="68.11625" lon="13.55847">
    <name>TP8185</name>
  </trkpt>
  <trkpt lat="68.11628" lon="13.55843">
    <name>TP8186</name>
  </trkpt>
  <trkpt lat="68.11631" lon="13.55838">
    <name>TP8187</name>
  </trkpt>
  <trkpt lat="68.11632" lon="13.55836">
    <name>TP8188</name>
  </trkpt>
  <trkpt lat="68.11634" lon="13.55834">
    <name>TP8189</name>
  </trkpt>
  <trkpt lat="68.11637" lon="13.5583">
    <name>TP8190</name>
  </trkpt>
  <trkpt lat="68.1164" lon="13.55826">
    <name>TP8191</name>
  </trkpt>
  <trkpt lat="68.11642" lon="13.55822">
    <name>TP8192</name>
  </trkpt>
  <trkpt lat="68.11645" lon="13.55818">
    <name>TP8193</name>
  </trkpt>
  <trkpt lat="68.11647" lon="13.55814">
    <name>TP8194</name>
  </trkpt>
  <trkpt lat="68.11651" lon="13.5581">
    <name>TP8195</name>
  </trkpt>
  <trkpt lat="68.11654" lon="13.55806">
    <name>TP8196</name>
  </trkpt>
  <trkpt lat="68.11657" lon="13.55802">
    <name>TP8197</name>
  </trkpt>
  <trkpt lat="68.1166" lon="13.55796">
    <name>TP8198</name>
  </trkpt>
  <trkpt lat="68.11675" lon="13.55778">
    <name>TP8199</name>
  </trkpt>
  <trkpt lat="68.11677" lon="13.55773">
    <name>TP8200</name>
  </trkpt>
  <trkpt lat="68.11687" lon="13.55756">
    <name>TP8201</name>
  </trkpt>
  <trkpt lat="68.11693" lon="13.55744">
    <name>TP8202</name>
  </trkpt>
  <trkpt lat="68.11695" lon="13.55739">
    <name>TP8203</name>
  </trkpt>
  <trkpt lat="68.11698" lon="13.55733">
    <name>TP8204</name>
  </trkpt>
  <trkpt lat="68.11711" lon="13.55702">
    <name>TP8205</name>
  </trkpt>
  <trkpt lat="68.11723" lon="13.55666">
    <name>TP8206</name>
  </trkpt>
  <trkpt lat="68.11726" lon="13.55657">
    <name>TP8207</name>
  </trkpt>
  <trkpt lat="68.11742" lon="13.55607">
    <name>TP8208</name>
  </trkpt>
  <trkpt lat="68.11757" lon="13.55557">
    <name>TP8209</name>
  </trkpt>
  <trkpt lat="68.11772" lon="13.55511">
    <name>TP8210</name>
  </trkpt>
  <trkpt lat="68.11777" lon="13.55491">
    <name>TP8211</name>
  </trkpt>
  <trkpt lat="68.11784" lon="13.55471">
    <name>TP8212</name>
  </trkpt>
  <trkpt lat="68.11787" lon="13.55462">
    <name>TP8213</name>
  </trkpt>
  <trkpt lat="68.1179" lon="13.55451">
    <name>TP8214</name>
  </trkpt>
  <trkpt lat="68.11805" lon="13.55409">
    <name>TP8215</name>
  </trkpt>
  <trkpt lat="68.11819" lon="13.5537">
    <name>TP8216</name>
  </trkpt>
  <trkpt lat="68.11831" lon="13.55336">
    <name>TP8217</name>
  </trkpt>
  <trkpt lat="68.1184" lon="13.55312">
    <name>TP8218</name>
  </trkpt>
  <trkpt lat="68.11852" lon="13.55282">
    <name>TP8219</name>
  </trkpt>
  <trkpt lat="68.11856" lon="13.55273">
    <name>TP8220</name>
  </trkpt>
  <trkpt lat="68.11866" lon="13.5525">
    <name>TP8221</name>
  </trkpt>
  <trkpt lat="68.11877" lon="13.55221">
    <name>TP8222</name>
  </trkpt>
  <trkpt lat="68.11888" lon="13.55184">
    <name>TP8223</name>
  </trkpt>
  <trkpt lat="68.11897" lon="13.55157">
    <name>TP8224</name>
  </trkpt>
  <trkpt lat="68.11899" lon="13.55153">
    <name>TP8225</name>
  </trkpt>
  <trkpt lat="68.11909" lon="13.55117">
    <name>TP8226</name>
  </trkpt>
  <trkpt lat="68.11914" lon="13.551">
    <name>TP8227</name>
  </trkpt>
  <trkpt lat="68.11921" lon="13.55079">
    <name>TP8228</name>
  </trkpt>
  <trkpt lat="68.11923" lon="13.55074">
    <name>TP8229</name>
  </trkpt>
  <trkpt lat="68.11936" lon="13.55036">
    <name>TP8230</name>
  </trkpt>
  <trkpt lat="68.1195" lon="13.54998">
    <name>TP8231</name>
  </trkpt>
  <trkpt lat="68.11968" lon="13.54958">
    <name>TP8232</name>
  </trkpt>
  <trkpt lat="68.1199" lon="13.5491">
    <name>TP8233</name>
  </trkpt>
  <trkpt lat="68.12016" lon="13.54859">
    <name>TP8234</name>
  </trkpt>
  <trkpt lat="68.12041" lon="13.54807">
    <name>TP8235</name>
  </trkpt>
  <trkpt lat="68.12068" lon="13.54755">
    <name>TP8236</name>
  </trkpt>
  <trkpt lat="68.12089" lon="13.5472">
    <name>TP8237</name>
  </trkpt>
  <trkpt lat="68.12107" lon="13.54695">
    <name>TP8238</name>
  </trkpt>
  <trkpt lat="68.12125" lon="13.54673">
    <name>TP8239</name>
  </trkpt>
  <trkpt lat="68.12145" lon="13.54655">
    <name>TP8240</name>
  </trkpt>
  <trkpt lat="68.12164" lon="13.54645">
    <name>TP8241</name>
  </trkpt>
  <trkpt lat="68.12166" lon="13.54644">
    <name>TP8242</name>
  </trkpt>
  <trkpt lat="68.12187" lon="13.54636">
    <name>TP8243</name>
  </trkpt>
  <trkpt lat="68.12208" lon="13.54634">
    <name>TP8244</name>
  </trkpt>
  <trkpt lat="68.12227" lon="13.54637">
    <name>TP8245</name>
  </trkpt>
  <trkpt lat="68.12246" lon="13.54643">
    <name>TP8246</name>
  </trkpt>
  <trkpt lat="68.12263" lon="13.54652">
    <name>TP8247</name>
  </trkpt>
  <trkpt lat="68.12283" lon="13.54667">
    <name>TP8248</name>
  </trkpt>
  <trkpt lat="68.12303" lon="13.54682">
    <name>TP8249</name>
  </trkpt>
  <trkpt lat="68.12321" lon="13.54697">
    <name>TP8250</name>
  </trkpt>
  <trkpt lat="68.12334" lon="13.54708">
    <name>TP8251</name>
  </trkpt>
  <trkpt lat="68.12359" lon="13.54727">
    <name>TP8252</name>
  </trkpt>
  <trkpt lat="68.12384" lon="13.54747">
    <name>TP8253</name>
  </trkpt>
  <trkpt lat="68.12407" lon="13.54766">
    <name>TP8254</name>
  </trkpt>
  <trkpt lat="68.12431" lon="13.54787">
    <name>TP8255</name>
  </trkpt>
  <trkpt lat="68.12455" lon="13.54806">
    <name>TP8256</name>
  </trkpt>
  <trkpt lat="68.12494" lon="13.54836">
    <name>TP8257</name>
  </trkpt>
  <trkpt lat="68.12511" lon="13.54851">
    <name>TP8258</name>
  </trkpt>
  <trkpt lat="68.12521" lon="13.54859">
    <name>TP8259</name>
  </trkpt>
  <trkpt lat="68.12546" lon="13.5488">
    <name>TP8260</name>
  </trkpt>
  <trkpt lat="68.12547" lon="13.54881">
    <name>TP8261</name>
  </trkpt>
  <trkpt lat="68.12551" lon="13.54884">
    <name>TP8262</name>
  </trkpt>
  <trkpt lat="68.1257" lon="13.54899">
    <name>TP8263</name>
  </trkpt>
  <trkpt lat="68.12598" lon="13.54922">
    <name>TP8264</name>
  </trkpt>
  <trkpt lat="68.12614" lon="13.54936">
    <name>TP8265</name>
  </trkpt>
  <trkpt lat="68.12626" lon="13.54946">
    <name>TP8266</name>
  </trkpt>
  <trkpt lat="68.12653" lon="13.5497">
    <name>TP8267</name>
  </trkpt>
  <trkpt lat="68.12678" lon="13.54993">
    <name>TP8268</name>
  </trkpt>
  <trkpt lat="68.12697" lon="13.55012">
    <name>TP8269</name>
  </trkpt>
  <trkpt lat="68.127" lon="13.55014">
    <name>TP8270</name>
  </trkpt>
  <trkpt lat="68.12716" lon="13.55032">
    <name>TP8271</name>
  </trkpt>
  <trkpt lat="68.12717" lon="13.55033">
    <name>TP8272</name>
  </trkpt>
  <trkpt lat="68.12739" lon="13.55058">
    <name>TP8273</name>
  </trkpt>
  <trkpt lat="68.12761" lon="13.55083">
    <name>TP8274</name>
  </trkpt>
  <trkpt lat="68.12782" lon="13.55108">
    <name>TP8275</name>
  </trkpt>
  <trkpt lat="68.12802" lon="13.55136">
    <name>TP8276</name>
  </trkpt>
  <trkpt lat="68.12824" lon="13.55165">
    <name>TP8277</name>
  </trkpt>
  <trkpt lat="68.12845" lon="13.55197">
    <name>TP8278</name>
  </trkpt>
  <trkpt lat="68.12864" lon="13.55224">
    <name>TP8279</name>
  </trkpt>
  <trkpt lat="68.12885" lon="13.55256">
    <name>TP8280</name>
  </trkpt>
  <trkpt lat="68.12904" lon="13.55287">
    <name>TP8281</name>
  </trkpt>
  <trkpt lat="68.12924" lon="13.5532">
    <name>TP8282</name>
  </trkpt>
  <trkpt lat="68.12946" lon="13.55358">
    <name>TP8283</name>
  </trkpt>
  <trkpt lat="68.12954" lon="13.55373">
    <name>TP8284</name>
  </trkpt>
  <trkpt lat="68.12966" lon="13.55395">
    <name>TP8285</name>
  </trkpt>
  <trkpt lat="68.12968" lon="13.55401">
    <name>TP8286</name>
  </trkpt>
  <trkpt lat="68.12987" lon="13.55436">
    <name>TP8287</name>
  </trkpt>
  <trkpt lat="68.13009" lon="13.55482">
    <name>TP8288</name>
  </trkpt>
  <trkpt lat="68.13034" lon="13.55533">
    <name>TP8289</name>
  </trkpt>
  <trkpt lat="68.13054" lon="13.55578">
    <name>TP8290</name>
  </trkpt>
  <trkpt lat="68.13076" lon="13.55628">
    <name>TP8291</name>
  </trkpt>
  <trkpt lat="68.13081" lon="13.55641">
    <name>TP8292</name>
  </trkpt>
  <trkpt lat="68.13094" lon="13.55673">
    <name>TP8293</name>
  </trkpt>
  <trkpt lat="68.13097" lon="13.55679">
    <name>TP8294</name>
  </trkpt>
  <trkpt lat="68.13108" lon="13.55706">
    <name>TP8295</name>
  </trkpt>
  <trkpt lat="68.13117" lon="13.55729">
    <name>TP8296</name>
  </trkpt>
  <trkpt lat="68.13137" lon="13.55781">
    <name>TP8297</name>
  </trkpt>
  <trkpt lat="68.1315" lon="13.55812">
    <name>TP8298</name>
  </trkpt>
  <trkpt lat="68.13173" lon="13.55871">
    <name>TP8299</name>
  </trkpt>
  <trkpt lat="68.13195" lon="13.55925">
    <name>TP8300</name>
  </trkpt>
  <trkpt lat="68.13217" lon="13.55979">
    <name>TP8301</name>
  </trkpt>
  <trkpt lat="68.13226" lon="13.56002">
    <name>TP8302</name>
  </trkpt>
  <trkpt lat="68.13234" lon="13.56024">
    <name>TP8303</name>
  </trkpt>
  <trkpt lat="68.13239" lon="13.56036">
    <name>TP8304</name>
  </trkpt>
  <trkpt lat="68.13254" lon="13.56071">
    <name>TP8305</name>
  </trkpt>
  <trkpt lat="68.13275" lon="13.56124">
    <name>TP8306</name>
  </trkpt>
  <trkpt lat="68.13296" lon="13.56173">
    <name>TP8307</name>
  </trkpt>
  <trkpt lat="68.1331" lon="13.56211">
    <name>TP8308</name>
  </trkpt>
  <trkpt lat="68.13323" lon="13.56253">
    <name>TP8309</name>
  </trkpt>
  <trkpt lat="68.1333" lon="13.56264">
    <name>TP8310</name>
  </trkpt>
  <trkpt lat="68.13334" lon="13.56272">
    <name>TP8311</name>
  </trkpt>
  <trkpt lat="68.13342" lon="13.56301">
    <name>TP8312</name>
  </trkpt>
  <trkpt lat="68.13364" lon="13.56367">
    <name>TP8313</name>
  </trkpt>
  <trkpt lat="68.13381" lon="13.56415">
    <name>TP8314</name>
  </trkpt>
  <trkpt lat="68.13384" lon="13.56423">
    <name>TP8315</name>
  </trkpt>
  <trkpt lat="68.13396" lon="13.56463">
    <name>TP8316</name>
  </trkpt>
  <trkpt lat="68.13404" lon="13.56489">
    <name>TP8317</name>
  </trkpt>
  <trkpt lat="68.13412" lon="13.56516">
    <name>TP8318</name>
  </trkpt>
  <trkpt lat="68.1341169" lon="13.565156">
    <name>TP8319</name>
  </trkpt>
  <trkpt lat="68.13412" lon="13.56518">
    <name>TP8320</name>
  </trkpt>
  <trkpt lat="68.13418" lon="13.56535">
    <name>TP8321</name>
  </trkpt>
  <trkpt lat="68.13425" lon="13.56522">
    <name>TP8322</name>
  </trkpt>
  <trkpt lat="68.13458" lon="13.5645">
    <name>TP8323</name>
  </trkpt>
  <trkpt lat="68.13465" lon="13.56427">
    <name>TP8324</name>
  </trkpt>
  <trkpt lat="68.13477" lon="13.56404">
    <name>TP8325</name>
  </trkpt>
  <trkpt lat="68.13492" lon="13.56372">
    <name>TP8326</name>
  </trkpt>
  <trkpt lat="68.13511" lon="13.56333">
    <name>TP8327</name>
  </trkpt>
  <trkpt lat="68.13525" lon="13.56305">
    <name>TP8328</name>
  </trkpt>
  <trkpt lat="68.13532" lon="13.56293">
    <name>TP8329</name>
  </trkpt>
  <trkpt lat="68.13549" lon="13.56258">
    <name>TP8330</name>
  </trkpt>
  <trkpt lat="68.13551" lon="13.56253">
    <name>TP8331</name>
  </trkpt>
  <trkpt lat="68.13563" lon="13.56229">
    <name>TP8332</name>
  </trkpt>
  <trkpt lat="68.13575" lon="13.56203">
    <name>TP8333</name>
  </trkpt>
  <trkpt lat="68.13582" lon="13.56187">
    <name>TP8334</name>
  </trkpt>
  <trkpt lat="68.13587" lon="13.56175">
    <name>TP8335</name>
  </trkpt>
  <trkpt lat="68.136" lon="13.56145">
    <name>TP8336</name>
  </trkpt>
  <trkpt lat="68.13611" lon="13.56115">
    <name>TP8337</name>
  </trkpt>
  <trkpt lat="68.13621" lon="13.56087">
    <name>TP8338</name>
  </trkpt>
  <trkpt lat="68.13634" lon="13.56051">
    <name>TP8339</name>
  </trkpt>
  <trkpt lat="68.13645" lon="13.56013">
    <name>TP8340</name>
  </trkpt>
  <trkpt lat="68.13646" lon="13.56009">
    <name>TP8341</name>
  </trkpt>
  <trkpt lat="68.13656" lon="13.55974">
    <name>TP8342</name>
  </trkpt>
  <trkpt lat="68.13662" lon="13.5595">
    <name>TP8343</name>
  </trkpt>
  <trkpt lat="68.13672" lon="13.55915">
    <name>TP8344</name>
  </trkpt>
  <trkpt lat="68.13675" lon="13.55902">
    <name>TP8345</name>
  </trkpt>
  <trkpt lat="68.13685" lon="13.55861">
    <name>TP8346</name>
  </trkpt>
  <trkpt lat="68.13695" lon="13.55823">
    <name>TP8347</name>
  </trkpt>
  <trkpt lat="68.13704" lon="13.55783">
    <name>TP8348</name>
  </trkpt>
  <trkpt lat="68.13712" lon="13.55753">
    <name>TP8349</name>
  </trkpt>
  <trkpt lat="68.13719" lon="13.55724">
    <name>TP8350</name>
  </trkpt>
  <trkpt lat="68.13726" lon="13.55702">
    <name>TP8351</name>
  </trkpt>
  <trkpt lat="68.13731" lon="13.55685">
    <name>TP8352</name>
  </trkpt>
  <trkpt lat="68.13737" lon="13.55666">
    <name>TP8353</name>
  </trkpt>
  <trkpt lat="68.13747" lon="13.55642">
    <name>TP8354</name>
  </trkpt>
  <trkpt lat="68.13756" lon="13.5562">
    <name>TP8355</name>
  </trkpt>
  <trkpt lat="68.13763" lon="13.55603">
    <name>TP8356</name>
  </trkpt>
  <trkpt lat="68.13775" lon="13.55579">
    <name>TP8357</name>
  </trkpt>
  <trkpt lat="68.13787" lon="13.55557">
    <name>TP8358</name>
  </trkpt>
  <trkpt lat="68.13805" lon="13.55528">
    <name>TP8359</name>
  </trkpt>
  <trkpt lat="68.13823" lon="13.55502">
    <name>TP8360</name>
  </trkpt>
  <trkpt lat="68.13847" lon="13.55465">
    <name>TP8361</name>
  </trkpt>
  <trkpt lat="68.13869" lon="13.55432">
    <name>TP8362</name>
  </trkpt>
  <trkpt lat="68.1389" lon="13.55399">
    <name>TP8363</name>
  </trkpt>
  <trkpt lat="68.13911" lon="13.55367">
    <name>TP8364</name>
  </trkpt>
  <trkpt lat="68.13937" lon="13.55328">
    <name>TP8365</name>
  </trkpt>
  <trkpt lat="68.13965" lon="13.55286">
    <name>TP8366</name>
  </trkpt>
  <trkpt lat="68.13987" lon="13.55254">
    <name>TP8367</name>
  </trkpt>
  <trkpt lat="68.14007" lon="13.55226">
    <name>TP8368</name>
  </trkpt>
  <trkpt lat="68.1403" lon="13.55193">
    <name>TP8369</name>
  </trkpt>
  <trkpt lat="68.14052" lon="13.55159">
    <name>TP8370</name>
  </trkpt>
  <trkpt lat="68.14063" lon="13.55142">
    <name>TP8371</name>
  </trkpt>
  <trkpt lat="68.14076" lon="13.55122">
    <name>TP8372</name>
  </trkpt>
  <trkpt lat="68.14097" lon="13.55091">
    <name>TP8373</name>
  </trkpt>
  <trkpt lat="68.14119" lon="13.55059">
    <name>TP8374</name>
  </trkpt>
  <trkpt lat="68.14146" lon="13.55018">
    <name>TP8375</name>
  </trkpt>
  <trkpt lat="68.14165" lon="13.54991">
    <name>TP8376</name>
  </trkpt>
  <trkpt lat="68.14189" lon="13.54956">
    <name>TP8377</name>
  </trkpt>
  <trkpt lat="68.14206" lon="13.5493">
    <name>TP8378</name>
  </trkpt>
  <trkpt lat="68.14226" lon="13.54903">
    <name>TP8379</name>
  </trkpt>
  <trkpt lat="68.14247" lon="13.54871">
    <name>TP8380</name>
  </trkpt>
  <trkpt lat="68.14269" lon="13.54838">
    <name>TP8381</name>
  </trkpt>
  <trkpt lat="68.14287" lon="13.54812">
    <name>TP8382</name>
  </trkpt>
  <trkpt lat="68.14305" lon="13.5479">
    <name>TP8383</name>
  </trkpt>
  <trkpt lat="68.14321" lon="13.5477">
    <name>TP8384</name>
  </trkpt>
  <trkpt lat="68.14329" lon="13.54761">
    <name>TP8385</name>
  </trkpt>
  <trkpt lat="68.14338" lon="13.54751">
    <name>TP8386</name>
  </trkpt>
  <trkpt lat="68.14354" lon="13.54733">
    <name>TP8387</name>
  </trkpt>
  <trkpt lat="68.14374" lon="13.54716">
    <name>TP8388</name>
  </trkpt>
  <trkpt lat="68.1439" lon="13.54701">
    <name>TP8389</name>
  </trkpt>
  <trkpt lat="68.14395" lon="13.54697">
    <name>TP8390</name>
  </trkpt>
  <trkpt lat="68.14416" lon="13.54684">
    <name>TP8391</name>
  </trkpt>
  <trkpt lat="68.1442" lon="13.54682">
    <name>TP8392</name>
  </trkpt>
  <trkpt lat="68.14436" lon="13.54672">
    <name>TP8393</name>
  </trkpt>
  <trkpt lat="68.14438" lon="13.54671">
    <name>TP8394</name>
  </trkpt>
  <trkpt lat="68.14457" lon="13.54662">
    <name>TP8395</name>
  </trkpt>
  <trkpt lat="68.1447" lon="13.54656">
    <name>TP8396</name>
  </trkpt>
  <trkpt lat="68.14482" lon="13.54652">
    <name>TP8397</name>
  </trkpt>
  <trkpt lat="68.14505" lon="13.54644">
    <name>TP8398</name>
  </trkpt>
  <trkpt lat="68.14526" lon="13.54638">
    <name>TP8399</name>
  </trkpt>
  <trkpt lat="68.14542" lon="13.54634">
    <name>TP8400</name>
  </trkpt>
  <trkpt lat="68.14559" lon="13.54629">
    <name>TP8401</name>
  </trkpt>
  <trkpt lat="68.1458" lon="13.54624">
    <name>TP8402</name>
  </trkpt>
  <trkpt lat="68.14599" lon="13.54619">
    <name>TP8403</name>
  </trkpt>
  <trkpt lat="68.14617" lon="13.54614">
    <name>TP8404</name>
  </trkpt>
  <trkpt lat="68.14639" lon="13.54608">
    <name>TP8405</name>
  </trkpt>
  <trkpt lat="68.14662" lon="13.54602">
    <name>TP8406</name>
  </trkpt>
  <trkpt lat="68.14685" lon="13.54597">
    <name>TP8407</name>
  </trkpt>
  <trkpt lat="68.1471" lon="13.54589">
    <name>TP8408</name>
  </trkpt>
  <trkpt lat="68.14735" lon="13.54583">
    <name>TP8409</name>
  </trkpt>
  <trkpt lat="68.14756" lon="13.54577">
    <name>TP8410</name>
  </trkpt>
  <trkpt lat="68.14764" lon="13.54575">
    <name>TP8411</name>
  </trkpt>
  <trkpt lat="68.14784" lon="13.54568">
    <name>TP8412</name>
  </trkpt>
  <trkpt lat="68.14792" lon="13.54566">
    <name>TP8413</name>
  </trkpt>
  <trkpt lat="68.14805" lon="13.54561">
    <name>TP8414</name>
  </trkpt>
  <trkpt lat="68.1481" lon="13.54559">
    <name>TP8415</name>
  </trkpt>
  <trkpt lat="68.14823" lon="13.54553">
    <name>TP8416</name>
  </trkpt>
  <trkpt lat="68.1484" lon="13.54543">
    <name>TP8417</name>
  </trkpt>
  <trkpt lat="68.14858" lon="13.54532">
    <name>TP8418</name>
  </trkpt>
  <trkpt lat="68.14862" lon="13.54529">
    <name>TP8419</name>
  </trkpt>
  <trkpt lat="68.14874" lon="13.5452">
    <name>TP8420</name>
  </trkpt>
  <trkpt lat="68.1488" lon="13.54515">
    <name>TP8421</name>
  </trkpt>
  <trkpt lat="68.14892" lon="13.54505">
    <name>TP8422</name>
  </trkpt>
  <trkpt lat="68.14909" lon="13.5449">
    <name>TP8423</name>
  </trkpt>
  <trkpt lat="68.14926" lon="13.54472">
    <name>TP8424</name>
  </trkpt>
  <trkpt lat="68.14944" lon="13.54451">
    <name>TP8425</name>
  </trkpt>
  <trkpt lat="68.14947" lon="13.54447">
    <name>TP8426</name>
  </trkpt>
  <trkpt lat="68.14961" lon="13.54428">
    <name>TP8427</name>
  </trkpt>
  <trkpt lat="68.14963" lon="13.54426">
    <name>TP8428</name>
  </trkpt>
  <trkpt lat="68.14976" lon="13.54408">
    <name>TP8429</name>
  </trkpt>
  <trkpt lat="68.1499" lon="13.54386">
    <name>TP8430</name>
  </trkpt>
  <trkpt lat="68.15006" lon="13.54361">
    <name>TP8431</name>
  </trkpt>
  <trkpt lat="68.15021" lon="13.54335">
    <name>TP8432</name>
  </trkpt>
  <trkpt lat="68.15037" lon="13.54306">
    <name>TP8433</name>
  </trkpt>
  <trkpt lat="68.15053" lon="13.54275">
    <name>TP8434</name>
  </trkpt>
  <trkpt lat="68.15068" lon="13.54242">
    <name>TP8435</name>
  </trkpt>
  <trkpt lat="68.15085" lon="13.5421">
    <name>TP8436</name>
  </trkpt>
  <trkpt lat="68.15101" lon="13.54172">
    <name>TP8437</name>
  </trkpt>
  <trkpt lat="68.15121" lon="13.54129">
    <name>TP8438</name>
  </trkpt>
  <trkpt lat="68.15136" lon="13.54094">
    <name>TP8439</name>
  </trkpt>
  <trkpt lat="68.15154" lon="13.54054">
    <name>TP8440</name>
  </trkpt>
  <trkpt lat="68.15157" lon="13.54048">
    <name>TP8441</name>
  </trkpt>
  <trkpt lat="68.15168" lon="13.54023">
    <name>TP8442</name>
  </trkpt>
  <trkpt lat="68.15178" lon="13.54">
    <name>TP8443</name>
  </trkpt>
  <trkpt lat="68.15196" lon="13.53955">
    <name>TP8444</name>
  </trkpt>
  <trkpt lat="68.15219" lon="13.53906">
    <name>TP8445</name>
  </trkpt>
  <trkpt lat="68.15246" lon="13.53843">
    <name>TP8446</name>
  </trkpt>
  <trkpt lat="68.15274" lon="13.53778">
    <name>TP8447</name>
  </trkpt>
  <trkpt lat="68.15277" lon="13.53772">
    <name>TP8448</name>
  </trkpt>
  <trkpt lat="68.15291" lon="13.53741">
    <name>TP8449</name>
  </trkpt>
  <trkpt lat="68.15303" lon="13.53713">
    <name>TP8450</name>
  </trkpt>
  <trkpt lat="68.15304" lon="13.5371">
    <name>TP8451</name>
  </trkpt>
  <trkpt lat="68.15318" lon="13.53678">
    <name>TP8452</name>
  </trkpt>
  <trkpt lat="68.15332" lon="13.53647">
    <name>TP8453</name>
  </trkpt>
  <trkpt lat="68.15333" lon="13.53646">
    <name>TP8454</name>
  </trkpt>
  <trkpt lat="68.15346" lon="13.53616">
    <name>TP8455</name>
  </trkpt>
  <trkpt lat="68.15359" lon="13.53584">
    <name>TP8456</name>
  </trkpt>
  <trkpt lat="68.15361" lon="13.53581">
    <name>TP8457</name>
  </trkpt>
  <trkpt lat="68.15373" lon="13.53553">
    <name>TP8458</name>
  </trkpt>
  <trkpt lat="68.15385" lon="13.53524">
    <name>TP8459</name>
  </trkpt>
  <trkpt lat="68.15387" lon="13.53522">
    <name>TP8460</name>
  </trkpt>
  <trkpt lat="68.15417" lon="13.53453">
    <name>TP8461</name>
  </trkpt>
  <trkpt lat="68.15439" lon="13.53404">
    <name>TP8462</name>
  </trkpt>
  <trkpt lat="68.15442" lon="13.53397">
    <name>TP8463</name>
  </trkpt>
  <trkpt lat="68.15457" lon="13.53362">
    <name>TP8464</name>
  </trkpt>
  <trkpt lat="68.15484" lon="13.53297">
    <name>TP8465</name>
  </trkpt>
  <trkpt lat="68.15488" lon="13.53286">
    <name>TP8466</name>
  </trkpt>
  <trkpt lat="68.1552" lon="13.5321">
    <name>TP8467</name>
  </trkpt>
  <trkpt lat="68.15532" lon="13.53184">
    <name>TP8468</name>
  </trkpt>
  <trkpt lat="68.15546" lon="13.53151">
    <name>TP8469</name>
  </trkpt>
  <trkpt lat="68.15564" lon="13.53109">
    <name>TP8470</name>
  </trkpt>
  <trkpt lat="68.15579" lon="13.5307">
    <name>TP8471</name>
  </trkpt>
  <trkpt lat="68.15589" lon="13.53045">
    <name>TP8472</name>
  </trkpt>
  <trkpt lat="68.15594" lon="13.5303">
    <name>TP8473</name>
  </trkpt>
  <trkpt lat="68.15605" lon="13.52994">
    <name>TP8474</name>
  </trkpt>
  <trkpt lat="68.15617" lon="13.52955">
    <name>TP8475</name>
  </trkpt>
  <trkpt lat="68.15628" lon="13.52912">
    <name>TP8476</name>
  </trkpt>
  <trkpt lat="68.15637" lon="13.52867">
    <name>TP8477</name>
  </trkpt>
  <trkpt lat="68.15645" lon="13.52828">
    <name>TP8478</name>
  </trkpt>
  <trkpt lat="68.15652" lon="13.52782">
    <name>TP8479</name>
  </trkpt>
  <trkpt lat="68.15657" lon="13.52748">
    <name>TP8480</name>
  </trkpt>
  <trkpt lat="68.15661" lon="13.52718">
    <name>TP8481</name>
  </trkpt>
  <trkpt lat="68.15665" lon="13.52687">
    <name>TP8482</name>
  </trkpt>
  <trkpt lat="68.15669" lon="13.52651">
    <name>TP8483</name>
  </trkpt>
  <trkpt lat="68.15672" lon="13.52607">
    <name>TP8484</name>
  </trkpt>
  <trkpt lat="68.15674" lon="13.52577">
    <name>TP8485</name>
  </trkpt>
  <trkpt lat="68.15674" lon="13.52562">
    <name>TP8486</name>
  </trkpt>
  <trkpt lat="68.15676" lon="13.52519">
    <name>TP8487</name>
  </trkpt>
  <trkpt lat="68.15676" lon="13.52474">
    <name>TP8488</name>
  </trkpt>
  <trkpt lat="68.15676" lon="13.52424">
    <name>TP8489</name>
  </trkpt>
  <trkpt lat="68.15675" lon="13.52381">
    <name>TP8490</name>
  </trkpt>
  <trkpt lat="68.15672" lon="13.52333">
    <name>TP8491</name>
  </trkpt>
  <trkpt lat="68.15669" lon="13.52286">
    <name>TP8492</name>
  </trkpt>
  <trkpt lat="68.15665" lon="13.52247">
    <name>TP8493</name>
  </trkpt>
  <trkpt lat="68.15661" lon="13.52204">
    <name>TP8494</name>
  </trkpt>
  <trkpt lat="68.15656" lon="13.52166">
    <name>TP8495</name>
  </trkpt>
  <trkpt lat="68.15649" lon="13.52128">
    <name>TP8496</name>
  </trkpt>
  <trkpt lat="68.15645" lon="13.52107">
    <name>TP8497</name>
  </trkpt>
  <trkpt lat="68.15642" lon="13.52089">
    <name>TP8498</name>
  </trkpt>
  <trkpt lat="68.15637" lon="13.52063">
    <name>TP8499</name>
  </trkpt>
  <trkpt lat="68.15635" lon="13.52052">
    <name>TP8500</name>
  </trkpt>
  <trkpt lat="68.15628" lon="13.52022">
    <name>TP8501</name>
  </trkpt>
  <trkpt lat="68.15626" lon="13.52012">
    <name>TP8502</name>
  </trkpt>
  <trkpt lat="68.15616" lon="13.51973">
    <name>TP8503</name>
  </trkpt>
  <trkpt lat="68.15603" lon="13.51927">
    <name>TP8504</name>
  </trkpt>
  <trkpt lat="68.15585" lon="13.51868">
    <name>TP8505</name>
  </trkpt>
  <trkpt lat="68.15585" lon="13.51867">
    <name>TP8506</name>
  </trkpt>
  <trkpt lat="68.15573" lon="13.51831">
    <name>TP8507</name>
  </trkpt>
  <trkpt lat="68.15563" lon="13.51801">
    <name>TP8508</name>
  </trkpt>
  <trkpt lat="68.15541" lon="13.51729">
    <name>TP8509</name>
  </trkpt>
  <trkpt lat="68.15519" lon="13.51661">
    <name>TP8510</name>
  </trkpt>
  <trkpt lat="68.155" lon="13.51604">
    <name>TP8511</name>
  </trkpt>
  <trkpt lat="68.15491" lon="13.51575">
    <name>TP8512</name>
  </trkpt>
  <trkpt lat="68.1548" lon="13.51539">
    <name>TP8513</name>
  </trkpt>
  <trkpt lat="68.15479" lon="13.51538">
    <name>TP8514</name>
  </trkpt>
  <trkpt lat="68.15468" lon="13.51501">
    <name>TP8515</name>
  </trkpt>
  <trkpt lat="68.15459" lon="13.51472">
    <name>TP8516</name>
  </trkpt>
  <trkpt lat="68.15444" lon="13.51428">
    <name>TP8517</name>
  </trkpt>
  <trkpt lat="68.15437" lon="13.51408">
    <name>TP8518</name>
  </trkpt>
  <trkpt lat="68.15432" lon="13.51392">
    <name>TP8519</name>
  </trkpt>
  <trkpt lat="68.15424" lon="13.51366">
    <name>TP8520</name>
  </trkpt>
  <trkpt lat="68.1542" lon="13.51356">
    <name>TP8521</name>
  </trkpt>
  <trkpt lat="68.15409" lon="13.51324">
    <name>TP8522</name>
  </trkpt>
  <trkpt lat="68.15396" lon="13.51289">
    <name>TP8523</name>
  </trkpt>
  <trkpt lat="68.15382" lon="13.51258">
    <name>TP8524</name>
  </trkpt>
  <trkpt lat="68.15367" lon="13.51229">
    <name>TP8525</name>
  </trkpt>
  <trkpt lat="68.15367" lon="13.51228">
    <name>TP8526</name>
  </trkpt>
  <trkpt lat="68.1535" lon="13.51197">
    <name>TP8527</name>
  </trkpt>
  <trkpt lat="68.15336" lon="13.51176">
    <name>TP8528</name>
  </trkpt>
  <trkpt lat="68.15333" lon="13.51172">
    <name>TP8529</name>
  </trkpt>
  <trkpt lat="68.1532" lon="13.51155">
    <name>TP8530</name>
  </trkpt>
  <trkpt lat="68.15317" lon="13.51152">
    <name>TP8531</name>
  </trkpt>
  <trkpt lat="68.15302" lon="13.51135">
    <name>TP8532</name>
  </trkpt>
  <trkpt lat="68.15287" lon="13.51121">
    <name>TP8533</name>
  </trkpt>
  <trkpt lat="68.15269" lon="13.51107">
    <name>TP8534</name>
  </trkpt>
  <trkpt lat="68.15253" lon="13.51096">
    <name>TP8535</name>
  </trkpt>
  <trkpt lat="68.15235" lon="13.51083">
    <name>TP8536</name>
  </trkpt>
  <trkpt lat="68.15234" lon="13.51083">
    <name>TP8537</name>
  </trkpt>
  <trkpt lat="68.15218" lon="13.5107">
    <name>TP8538</name>
  </trkpt>
  <trkpt lat="68.15217" lon="13.5107">
    <name>TP8539</name>
  </trkpt>
  <trkpt lat="68.15202" lon="13.5106">
    <name>TP8540</name>
  </trkpt>
  <trkpt lat="68.152" lon="13.51058">
    <name>TP8541</name>
  </trkpt>
  <trkpt lat="68.15187" lon="13.51047">
    <name>TP8542</name>
  </trkpt>
  <trkpt lat="68.15182" lon="13.51043">
    <name>TP8543</name>
  </trkpt>
  <trkpt lat="68.15166" lon="13.51026">
    <name>TP8544</name>
  </trkpt>
  <trkpt lat="68.15147" lon="13.51006">
    <name>TP8545</name>
  </trkpt>
  <trkpt lat="68.15134" lon="13.50993">
    <name>TP8546</name>
  </trkpt>
  <trkpt lat="68.15129" lon="13.50987">
    <name>TP8547</name>
  </trkpt>
  <trkpt lat="68.15115" lon="13.50971">
    <name>TP8548</name>
  </trkpt>
  <trkpt lat="68.15099" lon="13.50946">
    <name>TP8549</name>
  </trkpt>
  <trkpt lat="68.15082" lon="13.5092">
    <name>TP8550</name>
  </trkpt>
  <trkpt lat="68.15066" lon="13.50889">
    <name>TP8551</name>
  </trkpt>
  <trkpt lat="68.15052" lon="13.50861">
    <name>TP8552</name>
  </trkpt>
  <trkpt lat="68.15045" lon="13.50849">
    <name>TP8553</name>
  </trkpt>
  <trkpt lat="68.15033" lon="13.50818">
    <name>TP8554</name>
  </trkpt>
  <trkpt lat="68.15017" lon="13.50778">
    <name>TP8555</name>
  </trkpt>
  <trkpt lat="68.15006" lon="13.5075">
    <name>TP8556</name>
  </trkpt>
  <trkpt lat="68.14993" lon="13.50717">
    <name>TP8557</name>
  </trkpt>
  <trkpt lat="68.14977" lon="13.50672">
    <name>TP8558</name>
  </trkpt>
  <trkpt lat="68.14962" lon="13.50628">
    <name>TP8559</name>
  </trkpt>
  <trkpt lat="68.14945" lon="13.5057">
    <name>TP8560</name>
  </trkpt>
  <trkpt lat="68.14923" lon="13.50499">
    <name>TP8561</name>
  </trkpt>
  <trkpt lat="68.149233" lon="13.5049852">
    <name>TP8562</name>
  </trkpt>
  <trkpt lat="68.14919" lon="13.50514">
    <name>TP8563</name>
  </trkpt>
  <trkpt lat="68.14917" lon="13.50528">
    <name>TP8564</name>
  </trkpt>
  <trkpt lat="68.14916" lon="13.5055">
    <name>TP8565</name>
  </trkpt>
  <trkpt lat="68.14915" lon="13.50563">
    <name>TP8566</name>
  </trkpt>
  <trkpt lat="68.14915" lon="13.50582">
    <name>TP8567</name>
  </trkpt>
  <trkpt lat="68.14916" lon="13.50595">
    <name>TP8568</name>
  </trkpt>
  <trkpt lat="68.14916" lon="13.50597">
    <name>TP8569</name>
  </trkpt>
  <trkpt lat="68.14919" lon="13.50623">
    <name>TP8570</name>
  </trkpt>
  <trkpt lat="68.14922" lon="13.50638">
    <name>TP8571</name>
  </trkpt>
  <trkpt lat="68.1492198" lon="13.5063753">
    <name>TP8572</name>
  </trkpt>
  <trkpt lat="68.1492198" lon="13.5063753">
    <name>TP8573</name>
  </trkpt>
  <trkpt lat="68.1492198" lon="13.5063753">
    <name>TP8574</name>
  </trkpt>
  </trkseg>
</trk>
</gpx>