WKT,name,description
"LINESTRING (-81.6805702 36.1325634, -81.7057692 36.1451676, -81.7146956 36.124649, -81.7703139 36.1179932, -81.7826735 36.1080084, -81.7703139 36.1007964, -81.7840468 36.0919191, -81.8067061 36.095803, -81.8190657 36.0874801, -81.863011 36.0813761, -81.8712508 36.0586205, -81.8918501 36.0275291, -81.8925368 35.9886475, -81.9179427 35.9764236, -81.9303023 35.9775349, -81.950215 35.9658651, -81.961888 35.9564168, -81.9543349 35.9219488, -81.9728743 35.9035968, -81.9818007 35.8852405, -82.0010268 35.8768953, -82.0175063 35.8835715, -82.0271193 35.8679928, -82.0463454 35.8529676, -82.0772444 35.8468454, -82.1005904 35.8490718, -82.1177565 35.8256924, -82.1308028 35.8290327, -82.155522 35.8006355, -82.1678816 35.7883825, -82.1596419 35.7805842, -82.1665083 35.7705567, -82.1802412 35.7560703, -82.1926009 35.7365651, -82.2571455 35.7008863, -82.275685 35.7114801, -82.2928511 35.7270895, -82.3230635 35.7365651, -82.3361098 35.7493833, -82.3736909 35.7043344)",Trail 1 | 28 to 29,
"LINESTRING (-82.4794245 35.5864331, -82.53266 35.59882, -82.58271 35.57967, -82.63173 35.55863, -82.68685 35.55442, -82.74181 35.549, -82.79633 35.54146, -82.84845 35.55666, -82.90217 35.54585, -82.95205 35.52628, -82.99815 35.50125, -83.01928 35.45965, -83.07176 35.44183, -83.11614 35.413, -83.16639 35.39424, -83.22017 35.38382, -83.27536 35.38656, -83.32476 35.40732, -83.30697 35.44999, -83.31349 35.49466, -83.30025 35.53837, -83.3383 35.57111, -83.3865 35.59323, -83.43214 35.61876, -83.48041 35.6408, -83.52741 35.66468, -83.5822 35.67129, -83.6375 35.6693, -83.65227 35.71293, -83.70058 35.69072, -83.75341 35.67679, -83.80121 35.69962, -83.85581 35.70736, -83.8951 35.67559, -83.9333 35.64285, -83.9083928 35.6446059)",day 30 driving GPS coords,
"LINESTRING (-83.9083928 35.6446059, -83.95896 35.62603, -83.9937 35.59099, -84.01977 35.55125, -84.07498 35.54562, -84.11463 35.58011, -84.1703 35.57958, -84.21965 35.59995, -84.26934 35.57915, -84.31323 35.55116, -84.35421 35.52092, -84.4091 35.5134, -84.44812 35.54573, -84.46953 35.58725, -84.52493 35.58955, -84.55996 35.55472, -84.59517 35.51991, -84.63028 35.48471, -84.66586 35.45028, -84.69941 35.41455, -84.73231 35.37819, -84.7546 35.33695, -84.80275 35.31402, -84.82482 35.2728, -84.85223 35.23372, -84.8826 35.1962, -84.92619 35.16868, -84.97332 35.14536, -85.02351 35.1269, -85.05855 35.09222, -85.10929 35.07488, -85.15195 35.04633, -85.18734 35.01186, -85.24225 35.01049, -85.29595 35.01993, -85.34991 35.02853, -85.39627 35.00429, -85.42961 34.96856, -85.47524 34.94358, -85.49444 34.90144, -85.51967 34.86152, -85.54144 34.82023, -85.54164 34.77514, -85.54011 34.7301, -85.57214 34.69362, -85.60413 34.65698, -85.6319 34.6181, -85.65603 34.57765, -85.68799 34.54116, -85.69585 34.49653, -85.72766 34.45992, -85.76301 34.42542, -85.79194 34.38725, -85.82131 34.34924, -85.85309 34.31265, -85.88053 34.2738, -85.913 34.23772, -85.94436 34.20089, -85.97547 34.16395, -85.98253 34.11931, -86.01756 34.08435, -86.05146 34.04882, -86.07769 34.00926, -86.11179 33.97417, -86.15618 33.94833, -86.20394 33.92647, -86.24187 33.89405, -86.28288 33.86466, -86.3266 33.83809, -86.36462 33.80595, -86.41064 33.78208, -86.46283 33.7701, -86.49403 33.73332, -86.52664 33.69718, -86.56323 33.66403, -86.61246 33.6452, -86.6442 33.60861, -86.69158 33.58701, -86.73603 33.56142, -86.78622 33.54428, -86.83211 33.52043, -86.88383 33.5076, -86.92419 33.47773, -86.95796 33.44267, -86.97878 33.40112, -87.0049 33.36172, -87.04237 33.32929, -87.07742 33.29357, -87.11486 33.26104, -87.15984 33.23576, -87.20574 33.21225, -87.25409 33.19253, -87.30798 33.18969, -87.36139 33.18416, -87.4135 33.17277, -87.46748 33.17305, -87.5213 33.17239, -87.57335 33.16107, -87.62299 33.14344, -87.6581 33.10939, -87.69064 33.07354, -87.73003 33.04292, -87.76267 33.00723, -87.80232 32.97695, -87.84366 32.94809, -87.87454 32.91127, -87.91117 32.87845, -87.95059 32.848, -87.99381 32.82103, -88.03585 32.79321, -88.07219 32.76008, -88.11034 32.72844, -88.14784 32.69627, -88.18197 32.66101, -88.21025 32.62278, -88.23344 32.58227, -88.27104 32.55012, -88.30783 32.51755, -88.34716 32.48715, -88.38585 32.45614, -88.43525 32.43841, -88.47761 32.41108, -88.53098 32.41092, -88.5813 32.39542, -88.63296 32.38417, -88.67898 32.36128, -88.73033 32.34913, -88.77647 32.32664, -88.8015 32.28688, -88.8264 32.24705, -88.84415 32.20464, -88.8677 32.16422, -88.87807 32.1198, -88.89316 32.07664, -88.92138 32.03841, -88.94113 31.99663, -88.97244 31.96034, -89.00334 31.92365, -89.03614 31.88786, -89.04951 31.84352, -89.05439 31.79867, -89.06955 31.75556, -89.10429 31.72119, -89.13545 31.68486, -89.16468 31.64718, -89.20379 31.61673, -89.24012 31.58402, -89.26804 31.54573, -89.2975 31.50788, -89.32309 31.46835, -89.31846 31.4231, -89.32683 31.3784, -89.35236 31.33862, -89.3528 31.29361, -89.33193 31.2523, -89.33468 31.2073, -89.35432 31.16554, -89.37449 31.1239, -89.38587 31.07996, -89.40075 31.03671, -89.42174 30.99549, -89.44287 30.95403, -89.46522 30.91324, -89.48953 30.87336, -89.49815 30.82893, -89.52101 30.78819, -89.53004 30.74377, -89.56 30.70668, -89.57923 30.6644, -89.60085 30.62341, -89.62738 30.58462, -89.64958 30.54388, -89.66898 30.50199, -89.69503 30.4628, -89.71923 30.42243, -89.73846 30.3806, -89.73793 30.33554, -89.74744 30.29098, -89.76356 30.2478, -89.79454 30.21088, -89.82941 30.17739, -89.86448 30.1439, -89.89777 30.10479, -89.93016 30.06845, -89.97134 30.0399, -90.01339 30.0135, -90.05346 29.98475, -90.0592831 29.9619435)",day 31 driving GPS coords,
"LINESTRING (-81.6805702 36.1325634, -81.7057692 36.1451676, -81.7146956 36.124649, -81.7703139 36.1179932, -81.7826735 36.1080084, -81.7703139 36.1007964, -81.7840468 36.0919191, -81.8067061 36.095803, -81.8190657 36.0874801, -81.863011 36.0813761, -81.8712508 36.0586205, -81.8918501 36.0275291, -81.8925368 35.9886475, -81.9179427 35.9764236, -81.9303023 35.9775349, -81.950215 35.9658651, -81.961888 35.9564168, -81.9543349 35.9219488, -81.9728743 35.9035968, -81.9818007 35.8852405, -82.0010268 35.8768953, -82.0175063 35.8835715, -82.0271193 35.8679928, -82.0463454 35.8529676, -82.0772444 35.8468454, -82.1005904 35.8490718, -82.1177565 35.8256924, -82.1308028 35.8290327, -82.155522 35.8006355, -82.1678816 35.7883825, -82.1596419 35.7805842, -82.1665083 35.7705567, -82.1802412 35.7560703, -82.1926009 35.7365651, -82.2571455 35.7008863, -82.275685 35.7114801, -82.2928511 35.7270895, -82.3230635 35.7365651, -82.3361098 35.7493833, -82.3736909 35.7043344)",day 29 driving GPS coords,
"LINESTRING (-82.4794245 35.5864331, -82.53266 35.59882, -82.58271 35.57967, -82.63173 35.55863, -82.68685 35.55442, -82.74181 35.549, -82.79633 35.54146, -82.84845 35.55666, -82.90217 35.54585, -82.95205 35.52628, -82.99815 35.50125, -83.01928 35.45965, -83.07176 35.44183, -83.11614 35.413, -83.16639 35.39424, -83.22017 35.38382, -83.27536 35.38656, -83.32476 35.40732, -83.30697 35.44999, -83.31349 35.49466, -83.30025 35.53837, -83.3383 35.57111, -83.3865 35.59323, -83.43214 35.61876, -83.48041 35.6408, -83.52741 35.66468, -83.5822 35.67129, -83.6375 35.6693, -83.65227 35.71293, -83.70058 35.69072, -83.75341 35.67679, -83.80121 35.69962, -83.85581 35.70736, -83.8951 35.67559, -83.9333 35.64285, -83.9083928 35.6446059)",day 30 driving GPS coords,
"LINESTRING (-82.4794245 35.5864331, -82.53266 35.59882, -82.58271 35.57967, -82.63173 35.55863, -82.68685 35.55442, -82.74181 35.549, -82.79633 35.54146, -82.84845 35.55666, -82.90217 35.54585, -82.95205 35.52628, -82.99815 35.50125, -83.01928 35.45965, -83.07176 35.44183, -83.11614 35.413, -83.16639 35.39424, -83.22017 35.38382, -83.27536 35.38656, -83.32476 35.40732, -83.30697 35.44999, -83.31349 35.49466, -83.30025 35.53837, -83.3383 35.57111, -83.3865 35.59323, -83.43214 35.61876, -83.48041 35.6408, -83.52741 35.66468, -83.5822 35.67129, -83.6375 35.6693, -83.65227 35.71293, -83.70058 35.69072, -83.75341 35.67679, -83.80121 35.69962, -83.85581 35.70736, -83.8951 35.67559, -83.9333 35.64285, -83.9083928 35.6446059)",day 30 driving GPS coords,
"LINESTRING (-83.9083928 35.6446059, -83.95896 35.62603, -83.9937 35.59099, -84.01977 35.55125, -84.07498 35.54562, -84.11463 35.58011, -84.1703 35.57958, -84.21965 35.59995, -84.26934 35.57915, -84.31323 35.55116, -84.35421 35.52092, -84.4091 35.5134, -84.44812 35.54573, -84.46953 35.58725, -84.52493 35.58955, -84.55996 35.55472, -84.59517 35.51991, -84.63028 35.48471, -84.66586 35.45028, -84.69941 35.41455, -84.73231 35.37819, -84.7546 35.33695, -84.80275 35.31402, -84.82482 35.2728, -84.85223 35.23372, -84.8826 35.1962, -84.92619 35.16868, -84.97332 35.14536, -85.02351 35.1269, -85.05855 35.09222, -85.10929 35.07488, -85.15195 35.04633, -85.18734 35.01186, -85.24225 35.01049, -85.29595 35.01993, -85.34991 35.02853, -85.39627 35.00429, -85.42961 34.96856, -85.47524 34.94358, -85.49444 34.90144, -85.51967 34.86152, -85.54144 34.82023, -85.54164 34.77514, -85.54011 34.7301, -85.57214 34.69362, -85.60413 34.65698, -85.6319 34.6181, -85.65603 34.57765, -85.68799 34.54116, -85.69585 34.49653, -85.72766 34.45992, -85.76301 34.42542, -85.79194 34.38725, -85.82131 34.34924, -85.85309 34.31265, -85.88053 34.2738, -85.913 34.23772, -85.94436 34.20089, -85.97547 34.16395, -85.98253 34.11931, -86.01756 34.08435, -86.05146 34.04882, -86.07769 34.00926, -86.11179 33.97417, -86.15618 33.94833, -86.20394 33.92647, -86.24187 33.89405, -86.28288 33.86466, -86.3266 33.83809, -86.36462 33.80595, -86.41064 33.78208, -86.46283 33.7701, -86.49403 33.73332, -86.52664 33.69718, -86.56323 33.66403, -86.61246 33.6452, -86.6442 33.60861, -86.69158 33.58701, -86.73603 33.56142, -86.78622 33.54428, -86.83211 33.52043, -86.88383 33.5076, -86.92419 33.47773, -86.95796 33.44267, -86.97878 33.40112, -87.0049 33.36172, -87.04237 33.32929, -87.07742 33.29357, -87.11486 33.26104, -87.15984 33.23576, -87.20574 33.21225, -87.25409 33.19253, -87.30798 33.18969, -87.36139 33.18416, -87.4135 33.17277, -87.46748 33.17305, -87.5213 33.17239, -87.57335 33.16107, -87.62299 33.14344, -87.6581 33.10939, -87.69064 33.07354, -87.73003 33.04292, -87.76267 33.00723, -87.80232 32.97695, -87.84366 32.94809, -87.87454 32.91127, -87.91117 32.87845, -87.95059 32.848, -87.99381 32.82103, -88.03585 32.79321, -88.07219 32.76008, -88.11034 32.72844, -88.14784 32.69627, -88.18197 32.66101, -88.21025 32.62278, -88.23344 32.58227, -88.27104 32.55012, -88.30783 32.51755, -88.34716 32.48715, -88.38585 32.45614, -88.43525 32.43841, -88.47761 32.41108, -88.53098 32.41092, -88.5813 32.39542, -88.63296 32.38417, -88.67898 32.36128, -88.73033 32.34913, -88.77647 32.32664, -88.8015 32.28688, -88.8264 32.24705, -88.84415 32.20464, -88.8677 32.16422, -88.87807 32.1198, -88.89316 32.07664, -88.92138 32.03841, -88.94113 31.99663, -88.97244 31.96034, -89.00334 31.92365, -89.03614 31.88786, -89.04951 31.84352, -89.05439 31.79867, -89.06955 31.75556, -89.10429 31.72119, -89.13545 31.68486, -89.16468 31.64718, -89.20379 31.61673, -89.24012 31.58402, -89.26804 31.54573, -89.2975 31.50788, -89.32309 31.46835, -89.31846 31.4231, -89.32683 31.3784, -89.35236 31.33862, -89.3528 31.29361, -89.33193 31.2523, -89.33468 31.2073, -89.35432 31.16554, -89.37449 31.1239, -89.38587 31.07996, -89.40075 31.03671, -89.42174 30.99549, -89.44287 30.95403, -89.46522 30.91324, -89.48953 30.87336, -89.49815 30.82893, -89.52101 30.78819, -89.53004 30.74377, -89.56 30.70668, -89.57923 30.6644, -89.60085 30.62341, -89.62738 30.58462, -89.64958 30.54388, -89.66898 30.50199, -89.69503 30.4628, -89.71923 30.42243, -89.73846 30.3806, -89.73793 30.33554, -89.74744 30.29098, -89.76356 30.2478, -89.79454 30.21088, -89.82941 30.17739, -89.86448 30.1439, -89.89777 30.10479, -89.93016 30.06845, -89.97134 30.0399, -90.01339 30.0135, -90.05346 29.98475, -90.0592831 29.9619435)",day 31 driving GPS coords,
"LINESTRING (-90.0594564 29.9620618, -90.11015 29.97193, -90.15514 29.99757, -90.20655 30.00424, -90.25828 30.00843, -90.30984 30.0139, -90.35084 30.04169, -90.39189 30.06949, -90.43936 30.08799, -90.48867 30.10274, -90.54022 30.1109, -90.59196 30.11545, -90.64374 30.12009, -90.69553 30.12504, -90.74489 30.1394, -90.79533 30.15198, -90.84583 30.16312, -90.89409 30.18013, -90.93922 30.20276, -90.96907 30.23968, -90.98877 30.28133, -91.00698 30.32347, -91.03942 30.35868, -91.07736 30.38972, -91.11706 30.41887, -91.16842 30.42706, -91.21808 30.44108, -91.26835 30.45329, -91.3205 30.45072, -91.37085 30.43753, -91.42014 30.42254, -91.4706 30.41057, -91.52054 30.39738, -91.57029 30.38395, -91.62014 30.37044, -91.66994 30.35694, -91.71971 30.34323, -91.76947 30.32989, -91.81967 30.31779, -91.87078 30.30791, -91.92048 30.29399, -91.96818 30.2756, -92.01695 30.25918, -92.06737 30.24708, -92.11951 30.24742, -92.17199 30.24773, -92.22469 30.24938, -92.27688 30.25242, -92.33227 30.23731, -92.3845 30.23575, -92.43676 30.23611, -92.48875 30.23103, -92.54154 30.23354, -92.59349 30.2366, -92.64446 30.24629, -92.69658 30.2466, -92.74865 30.24792, -92.80088 30.24727, -92.85302 30.2468, -92.90515 30.24668, -92.9576 30.24659, -93.00997 30.24981, -93.0624 30.24779, -93.11455 30.24734, -93.16662 30.2463, -93.21739 30.23596, -93.26943 30.23762, -93.31795 30.22089, -93.36986 30.21591, -93.42254 30.21346, -93.47341 30.20374, -93.52433 30.194, -93.57515 30.18179, -93.62175 30.16178, -93.66839 30.14182, -93.71523 30.12165, -93.76753 30.1216, -93.81979 30.11533, -93.8683 30.13168, -93.92046 30.1307, -93.97249 30.12974, -94.02457 30.12601, -94.06595 30.0986, -94.11817 30.09606, -94.13985 30.05516, -94.17416 30.02128, -94.20911 29.98673, -94.24343 29.95279, -94.28117 29.92155, -94.32054 29.88952, -94.35871 29.85726, -94.3977 29.82737, -94.44978 29.82784, -94.50249 29.83182, -94.55461 29.83573, -94.60642 29.83862, -94.65831 29.84053, -94.71067 29.83977, -94.7628 29.83774, -94.81481 29.829, -94.8664 29.82452, -94.91822 29.82129, -94.96761 29.80764, -95.01879 29.80002, -95.07045 29.79538, -95.11918 29.77997, -95.17008 29.77087, -95.22195 29.77079, -95.2736 29.77726, -95.32545 29.77329, -95.37706 29.77915, -95.42999 29.77776, -95.48189 29.78405, -95.53432 29.78478, -95.58707 29.78494, -95.63993 29.78519, -95.69186 29.78509, -95.74415 29.78542, -95.79607 29.78558, -95.84708 29.7773, -95.89903 29.77734, -95.95101 29.77901, -96.00326 29.77922, -96.05421 29.77106, -96.10629 29.77642, -96.15609 29.76364, -96.20801 29.76095, -96.25936 29.75386, -96.31071 29.74565, -96.3612 29.73538, -96.41176 29.72513, -96.46277 29.71678, -96.51272 29.70455, -96.56306 29.69379, -96.615 29.69344, -96.66676 29.69052, -96.71882 29.69066, -96.7708 29.69221, -96.82272 29.68855, -96.87423 29.69634, -96.926 29.6906, -96.97776 29.69116, -97.02941 29.69545, -97.08119 29.69746, -97.13307 29.69657, -97.18473 29.69218, -97.23716 29.69264, -97.2849 29.67499, -97.33585 29.66662, -97.38756 29.66229, -97.4388 29.65598, -97.49002 29.64956, -97.54212 29.65272, -97.59395 29.65236, -97.64568 29.6503, -97.6971 29.64523, -97.74651 29.63185, -97.79592 29.61777, -97.84754 29.61484, -97.89771 29.60387, -97.94925 29.59951, -97.99712 29.58186, -98.03844 29.55455, -98.08596 29.53614, -98.13507 29.52058, -98.18246 29.5025, -98.23066 29.48557, -98.27922 29.46957, -98.32857 29.45542, -98.37717 29.44002, -98.42852 29.44741, -98.47949 29.43917, -98.51584 29.47124, -98.54988 29.50516, -98.57687 29.54351, -98.59747 29.58496, -98.61104 29.62863, -98.63275 29.66963, -98.65817 29.70892, -98.6921 29.74312, -98.72961 29.77456, -98.75395 29.81457, -98.78393 29.85151, -98.81167 29.88961, -98.84831 29.92145, -98.88482 29.95346, -98.91993 29.9868, -98.96012 30.0154, -98.99848 30.04585, -99.04787 30.05991, -99.09866 30.06992, -99.14744 30.08553, -99.19033 30.11104, -99.23016 30.13994, -99.26589 30.17269, -99.31568 30.18602, -99.3655 30.19985, -99.41138 30.22114, -99.45154 30.25003, -99.49716 30.27175, -99.54007 30.29753, -99.57696 30.32937, -99.60176 30.36916, -99.63737 30.402, -99.68174 30.42564, -99.72318 30.45368, -99.74929 30.49269, -99.79448 30.51538, -99.84473 30.52761, -99.89642 30.51956, -99.94461 30.50164, -99.99628 30.49517, -100.04688 30.48397, -100.09814 30.47465, -100.14788 30.45922, -100.19733 30.44479, -100.24922 30.44965, -100.29717 30.46794, -100.3435 30.48896, -100.39285 30.51, -100.43853 30.53222, -100.48572 30.55152, -100.53578 30.56579, -100.58755 30.57268, -100.63965 30.57707, -100.68958 30.59063, -100.73577 30.61203, -100.78665 30.6223, -100.83894 30.62187, -100.88728 30.64016, -100.93593 30.6568, -100.98646 30.66953, -101.03708 30.68196, -101.08801 30.69408, -101.13908 30.70599, -101.19165 30.70627, -101.24284 30.69698, -101.2937 30.68647, -101.34617 30.68038, -101.39861 30.68972, -101.45083 30.69346, -101.50208 30.70256, -101.54605 30.72699, -101.59803 30.73289, -101.65105 30.73805, -101.70243 30.74666, -101.7495 30.72685, -101.80067 30.71538, -101.84443 30.74015, -101.89615 30.74896, -101.94341 30.76949, -101.97887 30.80299, -102.01996 30.83106, -102.06617 30.85321, -102.11214 30.87567, -102.1613 30.89158, -102.21368 30.8931, -102.26616 30.89237, -102.31839 30.88843, -102.37051 30.89492, -102.42224 30.88758, -102.47225 30.87414, -102.52321 30.86366, -102.5757 30.86146, -102.62567 30.875, -102.67776 30.88155, -102.72945 30.88972, -102.78192 30.89091, -102.83572 30.8921, -102.8852 30.9072, -102.93568 30.89441, -102.98808 30.8972, -103.04051 30.89997, -103.09304 30.90559, -103.14463 30.91495, -103.19661 30.92159, -103.25043 30.92957, -103.30214 30.93731, -103.35482 30.94517, -103.40668 30.95217, -103.45879 30.95753, -103.50907 30.97124, -103.56155 30.97556, -103.61313 30.98489, -103.66467 30.99432, -103.71651 31.00396, -103.76872 31.01083, -103.82168 31.00921, -103.87337 31.01729, -103.9201 31.03826, -103.97128 31.04847, -104.01236 31.07651, -104.06342 31.08729, -104.11533 31.07877, -104.16354 31.06082, -104.21608 31.06646, -104.26877 31.06422, -104.32134 31.06497, -104.37371 31.07024, -104.42636 31.0729, -104.47931 31.06564, -104.53241 31.05978, -104.58663 31.05539, -104.6399 31.05105, -104.69334 31.0467, -104.74647 31.04276, -104.79901 31.04272, -104.85113 31.03579, -104.90353 31.03973, -104.95318 31.05467, -105.00411 31.07087, -105.05211 31.08928, -105.10269 31.10188, -105.15355 31.11502, -105.20337 31.12981, -105.25394 31.14478, -105.3036 31.15948, -105.35395 31.17257, -105.40426 31.1858, -105.45442 31.19944, -105.50643 31.20684, -105.55781 31.19617, -105.61011 31.19113, -105.65738 31.17145, -105.6864489 31.1853827)",day 34 driving GPS coords,
"LINESTRING (-109.891151 34.7926528, -109.93073 34.82448, -109.97519 34.85219, -110.02744 34.86594, -110.0799 34.87965, -110.13428 34.8861, -110.18427 34.90471, -110.2388 34.91115, -110.28085 34.94016, -110.33327 34.95455, -110.38737 34.96209, -110.44188 34.97008, -110.49691 34.97257, -110.55033 34.98379, -110.60112 35.00113, -110.65426 35.01245, -110.6983 35.03963, -110.7546 35.04392, -110.80633 35.05908, -110.85822 35.07427, -110.90959 35.09029, -110.96349 35.09922, -111.0174 35.1084, -111.07198 35.11479, -111.12695 35.11807, -111.18058 35.12807, -111.23084 35.1465, -111.28311 35.16066, -111.33674 35.17378, -111.3863 35.19345, -111.44035 35.20211, -111.49531 35.2054, -111.54913 35.21622, -111.60324 35.20606, -111.64401 35.17575, -111.69842 35.18289, -111.68699 35.13889, -111.72486 35.10619, -111.73262 35.06111, -111.73733 35.01609, -111.74901 34.97193, -111.7371 34.92789, -111.7461 34.8833, -111.79597 34.86382, -111.8130308 34.8614516)",day 36 driving GPS coords,
"LINESTRING (-111.8130308 34.8614516, -111.82454 34.90544, -111.80829 34.86246, -111.75544 34.87448, -111.72818 34.91352, -111.75409 34.95318, -111.73785 34.99621, -111.73374 35.04131, -111.73011 35.08626, -111.6978 35.1228, -111.67357 35.16325, -111.6513166 35.1982522)",day 38 driving GPS coords,
"LINESTRING (-111.6513166 35.1982522, -111.7059 35.19201, -111.75982 35.20169, -111.80461 35.22802, -111.85366 35.24887, -111.90873 35.25314, -111.96366 35.24986, -112.01815 35.25735, -112.07309 35.26091, -112.12819 35.2583, -112.18294 35.26364, -112.22681 35.23579, -112.27851 35.22019, -112.33373 35.22158, -112.38838 35.216, -112.4434 35.21858, -112.49859 35.22066, -112.55365 35.22334, -112.60633 35.2386, -112.65488 35.25991, -112.6964776 35.2782562)",day 39 driving GPS coords,
"LINESTRING (-112.6964776 35.2782562, -112.74702 35.29657, -112.79996 35.30939, -112.85331 35.32086, -112.9084 35.32263, -112.96306 35.31629, -113.01591 35.30201, -113.06977 35.29211, -113.12407 35.28382, -113.16906 35.25772, -113.21554 35.2333, -113.26417 35.2111, -113.31356 35.19127, -113.36868 35.19096, -113.42375 35.18976, -113.47771 35.18028, -113.53021 35.16633, -113.58513 35.16237, -113.64032 35.1603, -113.6954 35.15938, -113.75079 35.16763, -113.80299 35.18263, -113.85607 35.19533, -113.91145 35.19822, -113.96479 35.21012, -114.01919 35.2172, -114.06724 35.19521, -114.11614 35.2164, -114.15284 35.25019, -114.18116 35.28917, -114.20955 35.32828, -114.23756 35.36707, -114.26614 35.40656, -114.29452 35.44617, -114.32202 35.486, -114.34932 35.52548, -114.37808 35.567, -114.40544 35.6061, -114.43708 35.64468, -114.46716 35.68243, -114.48752 35.72426, -114.51056 35.7669, -114.53934 35.80544, -114.57212 35.84214, -114.61069 35.8747, -114.62988 35.91695, -114.65754 35.95694, -114.7037 35.98228, -114.74377 36.01371, -114.79692 36.00051, -114.80275 35.95571, -114.85189 35.93412, -114.90257 35.95261, -114.92886 35.99242, -114.98275 36.00364, -115.02574 36.03252, -115.08083 36.02536, -115.126 35.99896, -115.16773 35.96901, -115.19411 35.92934, -115.22201 35.88983, -115.25955 35.85665, -115.29721 35.8233, -115.3257 35.78456, -115.35397 35.74584, -115.37007 35.7016, -115.38099 35.65649, -115.38945 35.61203, -115.40771 35.56942, -115.4259 35.52688, -115.44416 35.48415, -115.49668 35.46973, -115.55202 35.47096, -115.60726 35.46783, -115.65802 35.44997, -115.70892 35.43203, -115.76015 35.41396, -115.81173 35.39752, -115.8643 35.38291, -115.91571 35.3661, -115.95955 35.33857, -116.00416 35.31047, -116.04731 35.28211, -116.0894 35.25302, -116.11381 35.21259, -116.16041 35.18865, -116.19476 35.15227, -116.23292 35.11981, -116.28215 35.09946, -116.3354 35.08817, -116.38944 35.07951, -116.43607 35.05565, -116.48069 35.02935, -116.53107 35.01126, -116.58062 34.99186, -116.62909 34.9707, -116.67822 34.94922, -116.72637 34.92748, -116.77996 34.91646, -116.83423 34.90991, -116.88845 34.90248, -116.94341 34.90471, -116.99774 34.89402, -117.0144 34.85118, -117.02386 34.80591, -117.01038 34.76187, -116.98754 34.71945, -116.96419 34.67723, -116.94844 34.63413, -116.97746 34.59518, -116.95297 34.55476, -116.9453 34.50983, -116.94567 34.46379, -116.91978 34.42271, -116.88187 34.3897, -116.84834 34.35416, -116.8163 34.31777, -116.8060012 34.3115661)",day 40 driving GPS coords,
"LINESTRING (-116.8060012 34.3115661, -116.83684 34.27387, -116.88404 34.25142, -116.93225 34.23049, -116.9286152 34.2232605)",day 41 driving GPS coords,
"LINESTRING (-105.6790114 31.1937421, -105.69689 31.17701, -105.72082 31.18636, -105.74058 31.20136, -105.76041 31.2164, -105.78034 31.23171, -105.79026 31.25258, -105.79646 31.27447, -105.81667 31.28935, -105.83783 31.30294, -105.85891 31.31648, -105.87975 31.33037, -105.89591 31.34877, -105.91145 31.36703, -105.92865 31.38412, -105.95073 31.39651, -105.97295 31.40897, -105.99537 31.42154, -106.01751 31.43393, -106.03627 31.44977, -106.05406 31.46643, -106.07539 31.48092, -106.09782 31.49322, -106.1196 31.50594, -106.13492 31.52449, -106.14991 31.54382, -106.16442 31.5626, -106.17898 31.5814, -106.19356 31.60022, -106.20835 31.61928, -106.22294 31.6381, -106.23757 31.65694, -106.25401 31.67467, -106.27263 31.69116, -106.29108 31.70743, -106.30879 31.72448, -106.32659 31.74111, -106.34813 31.75443, -106.36954 31.76771, -106.39288 31.77879, -106.41938 31.779, -106.44594 31.77761, -106.47187 31.77305, -106.49424 31.76047, -106.51466 31.7748, -106.51968 31.79693, -106.54167 31.80956, -106.55994 31.82585, -106.57253 31.84564, -106.57811 31.86771, -106.58271 31.88996, -106.58269 31.9127, -106.58255 31.93522, -106.58267 31.95796, -106.58265 31.98054, -106.58265 32.0032, -106.58878 32.02534, -106.59803 32.04643, -106.60827 32.06743, -106.61934 32.0884, -106.63123 32.11095, -106.64215 32.13163, -106.65385 32.15193, -106.66765 32.17118, -106.68156 32.19054, -106.69568 32.21022, -106.70972 32.22978, -106.72402 32.24964, -106.7333 32.27088, -106.74036 32.29262, -106.74742 32.31443, -106.76022 32.33459, -106.75864 32.35712, -106.73932 32.3729, -106.71647 32.38453, -106.6918 32.39305, -106.66704 32.40159, -106.64238 32.41008, -106.61771 32.41858, -106.59303 32.42712, -106.56643 32.42526, -106.54236 32.43626, -106.51548 32.43704, -106.48859 32.43781, -106.46192 32.44089, -106.43818 32.45202, -106.41653 32.46571, -106.40103 32.48547, -106.3845 32.50649, -106.36949 32.52563, -106.35466 32.54453, -106.33962 32.56369, -106.32431 32.58319, -106.30836 32.60347, -106.29362 32.62225, -106.27564 32.64511, -106.26061 32.66421, -106.24475 32.68435, -106.22912 32.70416, -106.21414 32.72314, -106.19921 32.74226, -106.18511 32.76217, -106.17847 32.7841, -106.20293 32.79354, -106.22968 32.7947, -106.25501 32.80206, -106.27118 32.82005, -106.25582 32.80126, -106.23017 32.79471, -106.20324 32.79367, -106.17878 32.78429, -106.15229 32.78884, -106.12855 32.80089, -106.10547 32.8126, -106.08243 32.82428, -106.0588 32.83518, -106.03366 32.84525, -106.00862 32.85528, -105.98443 32.86506, -105.97015 32.88432, -105.97013 32.90744, -105.97015 32.92995, -105.97181 32.95396, -105.98059 32.97556, -105.98939 32.99724, -105.9994 33.02189, -106.00835 33.04387, -106.01502 33.06696, -106.02677 33.08746, -106.04126 33.10656, -106.0437 33.12913, -106.04736 33.15169, -106.05114 33.17461, -106.05534 33.19999, -106.05913 33.223, -106.06303 33.24647, -106.06698 33.27039, -106.07073 33.2927, -106.0763 33.31471, -106.08191 33.33686, -106.08 33.35931, -106.07468 33.38354, -106.07001 33.40578, -106.06629 33.43139, -106.06293 33.45465, -106.05646 33.47722, -106.04877 33.49891, -106.03572 33.51863, -106.01863 33.5368, -106.0017 33.55472, -105.98174 33.57048, -105.96022 33.58448, -105.93891 33.59846, -105.91837 33.61336, -105.89618 33.62826, -105.87577 33.64331, -105.8935 33.66143, -105.91318 33.67723, -105.93002 33.69508, -105.94877 33.71151, -105.96481 33.72991, -105.98851 33.7413, -106.01474 33.74768, -106.04223 33.74794, -106.06972 33.74878, -106.09686 33.75345, -106.12192 33.76254, -106.1462 33.77292, -106.16581 33.78842, -106.18954 33.79938, -106.21615 33.80473, -106.24201 33.81166, -106.26719 33.82014, -106.28426 33.83804, -106.30128 33.85602, -106.31812 33.87381, -106.34211 33.88496, -106.3692 33.88958, -106.3962 33.88715, -106.42365 33.88397, -106.45147 33.87969, -106.47882 33.87713, -106.50606 33.87697, -106.53323 33.87824, -106.56036 33.87949, -106.58813 33.88076, -106.61523 33.882, -106.64229 33.88322, -106.66956 33.88445, -106.69667 33.88567, -106.72376 33.88687, -106.75054 33.89072, -106.77456 33.90125, -106.80009 33.90898, -106.82685 33.91315, -106.85314 33.91885, -106.87926 33.92487, -106.88411 33.94707, -106.88893 33.9692, -106.89309 33.99147, -106.89454 34.01393, -106.89031 34.03622, -106.91714 34.03118, -106.93491 34.01353, -106.9603 34.00438, -106.98799 34.00626, -107.00975 34.01986, -107.03689 34.01747, -107.05035 34.03975, -107.06436 34.05933, -107.08047 34.07772, -107.09666 34.09616, -107.12038 34.10887, -107.14396 34.12096, -107.16771 34.13314, -107.19584 34.13636, -107.22031 34.12532, -107.24571 34.11614, -107.27069 34.10712, -107.29717 34.10161, -107.32382 34.09633, -107.35064 34.09101, -107.37721 34.08573, -107.4047 34.08027, -107.43265 34.0747, -107.45999 34.0771, -107.48703 34.08164, -107.51685 34.08663, -107.54658 34.09161, -107.57363 34.09613, -107.60226 34.10091, -107.62954 34.10546, -107.65872 34.11031, -107.69844 34.11693, -107.72699 34.12166, -107.7566 34.12657, -107.78343 34.13101, -107.81249 34.1358, -107.83864 34.14189, -107.85633 34.15993, -107.87658 34.17614, -107.89713 34.19095, -107.91584 34.20729, -107.93068 34.22629, -107.94015 34.24757, -107.96406 34.25985, -107.99035 34.267, -108.01688 34.27306, -108.04401 34.2756, -108.06982 34.28456, -108.09641 34.29006, -108.123 34.29683, -108.14842 34.30546, -108.17616 34.30873, -108.20335 34.31004, -108.23003 34.3048, -108.25757 34.30833, -108.28498 34.31182, -108.31216 34.3153, -108.33963 34.31879, -108.36676 34.32224, -108.3941 34.3222, -108.42 34.31519, -108.44604 34.32186, -108.47077 34.33159, -108.49468 34.34265, -108.52199 34.34145, -108.54882 34.33735, -108.57274 34.32596, -108.59072 34.30871, -108.61772 34.29887, -108.64369 34.2915, -108.66979 34.28407, -108.69614 34.2766, -108.72249 34.26912, -108.74946 34.26147, -108.77528 34.25413, -108.80085 34.24551, -108.82557 34.23611, -108.85057 34.22657, -108.87586 34.21792, -108.9021 34.21171, -108.92802 34.20373, -108.95335 34.19349, -108.98006 34.18827, -109.00719 34.1849, -109.03066 34.17339, -109.05593 34.16491, -109.083 34.16113, -109.10993 34.15785, -109.13702 34.15463, -109.16421 34.1514, -109.19232 34.14797, -109.21939 34.14559, -109.24158 34.13253, -109.2691 34.13285, -109.29318 34.14413, -109.30681 34.16362, -109.31921 34.18381, -109.3277 34.20533, -109.3386 34.22635, -109.34975 34.24786, -109.36051 34.26865, -109.3713 34.28946, -109.37989 34.31087, -109.3873 34.33265, -109.37889 34.35423, -109.3964 34.37156, -109.40825 34.39332, -109.41065 34.41623, -109.41062 34.43873, -109.40106 34.46038, -109.38545 34.47937, -109.36904 34.4974, -109.39458 34.50632, -109.42188 34.5071, -109.44851 34.5128, -109.46134 34.53267, -109.4823 34.54743, -109.50377 34.56179, -109.52778 34.57369, -109.54933 34.5876, -109.57664 34.58528, -109.60323 34.59091, -109.62975 34.59681, -109.65074 34.61144, -109.67156 34.62625, -109.69284 34.64055, -109.71175 34.657, -109.72872 34.67477, -109.74562 34.69248, -109.76266 34.71031, -109.77975 34.72798, -109.79702 34.7457, -109.81425 34.76341, -109.83597 34.77746, -109.86233 34.78387, -109.88896 34.79031, -109.891151 34.7926528)",day 35 driving GPS coords,
"LINESTRING (-105.6790114 31.1937421, -105.69689 31.17701, -105.72082 31.18636, -105.74058 31.20136, -105.76041 31.2164, -105.78034 31.23171, -105.79026 31.25258, -105.79646 31.27447, -105.81667 31.28935, -105.83783 31.30294, -105.85891 31.31648, -105.87975 31.33037, -105.89591 31.34877, -105.91145 31.36703, -105.92865 31.38412, -105.95073 31.39651, -105.97295 31.40897, -105.99537 31.42154, -106.01751 31.43393, -106.03627 31.44977, -106.05406 31.46643, -106.07539 31.48092, -106.09782 31.49322, -106.1196 31.50594, -106.13492 31.52449, -106.14991 31.54382, -106.16442 31.5626, -106.17898 31.5814, -106.19356 31.60022, -106.20835 31.61928, -106.22294 31.6381, -106.23757 31.65694, -106.25401 31.67467, -106.27263 31.69116, -106.29108 31.70743, -106.30879 31.72448, -106.32659 31.74111, -106.34813 31.75443, -106.36954 31.76771, -106.39288 31.77879, -106.41938 31.779, -106.44594 31.77761, -106.47187 31.77305, -106.49424 31.76047, -106.51466 31.7748, -106.51968 31.79693, -106.54167 31.80956, -106.55994 31.82585, -106.57253 31.84564, -106.57811 31.86771, -106.58271 31.88996, -106.58269 31.9127, -106.58255 31.93522, -106.58267 31.95796, -106.58265 31.98054, -106.58265 32.0032, -106.58878 32.02534, -106.59803 32.04643, -106.60827 32.06743, -106.61934 32.0884, -106.63123 32.11095, -106.64215 32.13163, -106.65385 32.15193, -106.66765 32.17118, -106.68156 32.19054, -106.69568 32.21022, -106.70972 32.22978, -106.72402 32.24964, -106.7333 32.27088, -106.74036 32.29262, -106.74742 32.31443, -106.76022 32.33459, -106.75864 32.35712, -106.73932 32.3729, -106.71647 32.38453, -106.6918 32.39305, -106.66704 32.40159, -106.64238 32.41008, -106.61771 32.41858, -106.59303 32.42712, -106.56643 32.42526, -106.54236 32.43626, -106.51548 32.43704, -106.48859 32.43781, -106.46192 32.44089, -106.43818 32.45202, -106.41653 32.46571, -106.40103 32.48547, -106.3845 32.50649, -106.36949 32.52563, -106.35466 32.54453, -106.33962 32.56369, -106.32431 32.58319, -106.30836 32.60347, -106.29362 32.62225, -106.27564 32.64511, -106.26061 32.66421, -106.24475 32.68435, -106.22912 32.70416, -106.21414 32.72314, -106.19921 32.74226, -106.18511 32.76217, -106.17847 32.7841, -106.20293 32.79354, -106.22968 32.7947, -106.25501 32.80206, -106.27118 32.82005, -106.25582 32.80126, -106.23017 32.79471, -106.20324 32.79367, -106.17878 32.78429, -106.15229 32.78884, -106.12855 32.80089, -106.10547 32.8126, -106.08243 32.82428, -106.0588 32.83518, -106.03366 32.84525, -106.00862 32.85528, -105.98443 32.86506, -105.97015 32.88432, -105.97013 32.90744, -105.97015 32.92995, -105.97181 32.95396, -105.98059 32.97556, -105.98939 32.99724, -105.9994 33.02189, -106.00835 33.04387, -106.01502 33.06696, -106.02677 33.08746, -106.04126 33.10656, -106.0437 33.12913, -106.04736 33.15169, -106.05114 33.17461, -106.05534 33.19999, -106.05913 33.223, -106.06303 33.24647, -106.06698 33.27039, -106.07073 33.2927, -106.0763 33.31471, -106.08191 33.33686, -106.08 33.35931, -106.07468 33.38354, -106.07001 33.40578, -106.06629 33.43139, -106.06293 33.45465, -106.05646 33.47722, -106.04877 33.49891, -106.03572 33.51863, -106.01863 33.5368, -106.0017 33.55472, -105.98174 33.57048, -105.96022 33.58448, -105.93891 33.59846, -105.91837 33.61336, -105.89618 33.62826, -105.87577 33.64331, -105.8935 33.66143, -105.91318 33.67723, -105.93002 33.69508, -105.94877 33.71151, -105.96481 33.72991, -105.98851 33.7413, -106.01474 33.74768, -106.04223 33.74794, -106.06972 33.74878, -106.09686 33.75345, -106.12192 33.76254, -106.1462 33.77292, -106.16581 33.78842, -106.18954 33.79938, -106.21615 33.80473, -106.24201 33.81166, -106.26719 33.82014, -106.28426 33.83804, -106.30128 33.85602, -106.31812 33.87381, -106.34211 33.88496, -106.3692 33.88958, -106.3962 33.88715, -106.42365 33.88397, -106.45147 33.87969, -106.47882 33.87713, -106.50606 33.87697, -106.53323 33.87824, -106.56036 33.87949, -106.58813 33.88076, -106.61523 33.882, -106.64229 33.88322, -106.66956 33.88445, -106.69667 33.88567, -106.72376 33.88687, -106.75054 33.89072, -106.77456 33.90125, -106.80009 33.90898, -106.82685 33.91315, -106.85314 33.91885, -106.87926 33.92487, -106.88411 33.94707, -106.88893 33.9692, -106.89309 33.99147, -106.89454 34.01393, -106.89031 34.03622, -106.91714 34.03118, -106.93491 34.01353, -106.9603 34.00438, -106.98799 34.00626, -107.00975 34.01986, -107.03689 34.01747, -107.05035 34.03975, -107.06436 34.05933, -107.08047 34.07772, -107.09666 34.09616, -107.12038 34.10887, -107.14396 34.12096, -107.16771 34.13314, -107.19584 34.13636, -107.22031 34.12532, -107.24571 34.11614, -107.27069 34.10712, -107.29717 34.10161, -107.32382 34.09633, -107.35064 34.09101, -107.37721 34.08573, -107.4047 34.08027, -107.43265 34.0747, -107.45999 34.0771, -107.48703 34.08164, -107.51685 34.08663, -107.54658 34.09161, -107.57363 34.09613, -107.60226 34.10091, -107.62954 34.10546, -107.65872 34.11031, -107.69844 34.11693, -107.72699 34.12166, -107.7566 34.12657, -107.78343 34.13101, -107.81249 34.1358, -107.83864 34.14189, -107.85633 34.15993, -107.87658 34.17614, -107.89713 34.19095, -107.91584 34.20729, -107.93068 34.22629, -107.94015 34.24757, -107.96406 34.25985, -107.99035 34.267, -108.01688 34.27306, -108.04401 34.2756, -108.06982 34.28456, -108.09641 34.29006, -108.123 34.29683, -108.14842 34.30546, -108.17616 34.30873, -108.20335 34.31004, -108.23003 34.3048, -108.25757 34.30833, -108.28498 34.31182, -108.31216 34.3153, -108.33963 34.31879, -108.36676 34.32224, -108.3941 34.3222, -108.42 34.31519, -108.44604 34.32186, -108.47077 34.33159, -108.49468 34.34265, -108.52199 34.34145, -108.54882 34.33735, -108.57274 34.32596, -108.59072 34.30871, -108.61772 34.29887, -108.64369 34.2915, -108.66979 34.28407, -108.69614 34.2766, -108.72249 34.26912, -108.74946 34.26147, -108.77528 34.25413, -108.80085 34.24551, -108.82557 34.23611, -108.85057 34.22657, -108.87586 34.21792, -108.9021 34.21171, -108.92802 34.20373, -108.95335 34.19349, -108.98006 34.18827, -109.00719 34.1849, -109.03066 34.17339, -109.05593 34.16491, -109.083 34.16113, -109.10993 34.15785, -109.13702 34.15463, -109.16421 34.1514, -109.19232 34.14797, -109.21939 34.14559, -109.24158 34.13253, -109.2691 34.13285, -109.29318 34.14413, -109.30681 34.16362, -109.31921 34.18381, -109.3277 34.20533, -109.3386 34.22635, -109.34975 34.24786, -109.36051 34.26865, -109.3713 34.28946, -109.37989 34.31087, -109.3873 34.33265, -109.37889 34.35423, -109.3964 34.37156, -109.40825 34.39332, -109.41065 34.41623, -109.41062 34.43873, -109.40106 34.46038, -109.38545 34.47937, -109.36904 34.4974, -109.39458 34.50632, -109.42188 34.5071, -109.44851 34.5128, -109.46134 34.53267, -109.4823 34.54743, -109.50377 34.56179, -109.52778 34.57369, -109.54933 34.5876, -109.57664 34.58528, -109.60323 34.59091, -109.62975 34.59681, -109.65074 34.61144, -109.67156 34.62625, -109.69284 34.64055, -109.71175 34.657, -109.72872 34.67477, -109.74562 34.69248, -109.76266 34.71031, -109.77975 34.72798, -109.79702 34.7457, -109.81425 34.76341, -109.83597 34.77746, -109.86233 34.78387, -109.88896 34.79031, -109.891151 34.7926528)",day 35 driving GPS coords,
"LINESTRING (-104.9700948 39.733037, -104.99287 39.72894, -105.01547 39.73357, -105.01643 39.7516, -105.00067 39.76501, -104.98919 39.78078, -104.98595 39.79883, -104.98267 39.81695, -105.0003 39.82921, -105.02236 39.83553, -105.04234 39.84501, -105.0549 39.86025, -105.06455 39.87748, -105.07612 39.89315, -105.08673 39.90919, -105.10445 39.92126, -105.12249 39.93279, -105.14214 39.94269, -105.15945 39.95484, -105.18125 39.96401, -105.20247 39.97225, -105.22293 39.98124, -105.2429 39.9912, -105.25859 40.00466, -105.2583 40.02271, -105.25847 40.04082, -105.27269 40.05517, -105.24922 40.0511, -105.22646 40.05624, -105.21107 40.06996, -105.19557 40.08407, -105.17161 40.08705, -105.14762 40.08726, -105.12194 40.08741, -105.09816 40.08748, -105.07399 40.08739, -105.04635 40.08762, -105.02244 40.08742, -104.99882 40.08757, -104.97525 40.08762, -104.95171 40.08768, -104.92812 40.08778, -104.90522 40.08356, -104.88058 40.08005, -104.85481 40.08002, -104.83066 40.07998, -104.80692 40.08024, -104.78337 40.08025, -104.7598 40.08032, -104.73627 40.08034, -104.71215 40.08041, -104.68768 40.08057, -104.66399 40.08054, -104.64068 40.07816, -104.62149 40.08867, -104.60413 40.10081, -104.58248 40.1079, -104.55899 40.10967, -104.53529 40.10978, -104.5134 40.11666, -104.49419 40.12708, -104.47741 40.14034, -104.46093 40.15336, -104.44293 40.16503, -104.41933 40.16648, -104.39577 40.16735, -104.37257 40.1705, -104.34898 40.17095, -104.32655 40.17676, -104.30495 40.18431, -104.28334 40.19187, -104.26189 40.19937, -104.24029 40.20691, -104.21878 40.21442, -104.19654 40.22219, -104.17476 40.22978, -104.15133 40.23192, -104.12707 40.23208, -104.10322 40.23223, -104.08016 40.23595, -104.05958 40.24505, -104.03623 40.248, -104.01264 40.24979, -103.98829 40.24732, -103.9647 40.24494, -103.94086 40.24251, -103.91698 40.24305, -103.89376 40.24628, -103.87548 40.2578, -103.85397 40.2654, -103.82953 40.26532, -103.80586 40.26463, -103.78148 40.26313, -103.75753 40.26274, -103.73352 40.26678, -103.70995 40.26777, -103.68625 40.26794, -103.66216 40.26817, -103.6384 40.26839, -103.61481 40.26862, -103.59122 40.26982, -103.56941 40.27672, -103.5505 40.28773, -103.53131 40.29895, -103.51243 40.30993, -103.49359 40.32091, -103.4743 40.33216, -103.45539 40.34315, -103.43662 40.35407, -103.41774 40.36502, -103.39888 40.376, -103.37976 40.38711, -103.36097 40.39801, -103.34417 40.41077, -103.33018 40.42564, -103.31651 40.44033, -103.30278 40.45507, -103.28912 40.46975, -103.27529 40.48459, -103.26153 40.49935, -103.24782 40.51406, -103.23384 40.52904, -103.22161 40.54445, -103.21054 40.56124, -103.19977 40.57756, -103.18912 40.59367, -103.17834 40.60998, -103.16729 40.62643, -103.15241 40.64046, -103.1407 40.65646, -103.12326 40.66867, -103.10449 40.67967, -103.08567 40.69069, -103.06687 40.70167, -103.04759 40.71297, -103.02742 40.72475, -103.0085 40.7358, -102.98958 40.74685, -102.96995 40.75724, -102.94901 40.76608, -102.92818 40.77486, -102.90722 40.7837, -102.8859 40.79269, -102.86487 40.80153, -102.84392 40.81036, -102.82255 40.81849, -102.80016 40.82466, -102.7754 40.8315, -102.75262 40.83777, -102.72445 40.84554, -102.70048 40.85211, -102.67714 40.85853, -102.65452 40.86471, -102.63212 40.8708, -102.60954 40.87692, -102.58658 40.88314, -102.56313 40.88948, -102.53949 40.89588, -102.51731 40.90268, -102.49515 40.90961, -102.47304 40.91652, -102.45091 40.92343, -102.427 40.92536, -102.40186 40.9255, -102.37765 40.92555, -102.35006 40.92486, -102.32725 40.93013, -102.30479 40.93652, -102.28417 40.94583, -102.26415 40.9556, -102.24667 40.96826, -102.22686 40.97857, -102.20626 40.98786, -102.19074 41.00161, -102.17472 41.01502, -102.15547 41.02614, -102.13434 41.03633, -102.11046 41.03989, -102.08618 41.04404, -102.06337 41.05096, -102.04029 41.05796, -102.01686 41.0623, -101.99277 41.06262, -101.96949 41.06704, -101.94662 41.07217, -101.92326 41.07721, -101.89917 41.07857, -101.8756 41.08175, -101.85076 41.0878, -101.82754 41.09334, -101.80387 41.096, -101.78049 41.09992, -101.7587 41.1073, -101.73631 41.11405, -101.71146 41.11497, -101.68824 41.11916, -101.66364 41.12041, -101.63851 41.12042, -101.61382 41.11976, -101.58703 41.11796, -101.56293 41.11771, -101.53907 41.11648, -101.51551 41.11141, -101.49213 41.10628, -101.46836 41.10398, -101.445 41.10853, -101.42085 41.10863, -101.39639 41.10751, -101.37252 41.10908, -101.34877 41.11177, -101.32491 41.11397, -101.29786 41.11542, -101.27399 41.11669, -101.25052 41.1205, -101.23035 41.13022, -101.20835 41.13761, -101.18444 41.13877, -101.16046 41.13857, -101.13639 41.13831, -101.11227 41.13931, -101.08795 41.14034, -101.05996 41.13955, -101.03457 41.13847, -101.01059 41.13744, -100.98402 41.13629, -100.95983 41.13525, -100.93547 41.13241, -100.91223 41.12708, -100.88926 41.12182, -100.86563 41.11882, -100.84186 41.11607, -100.81834 41.11273, -100.79395 41.11233, -100.76991 41.11214, -100.74588 41.10842, -100.7211 41.10436, -100.69759 41.1004, -100.67425 41.09649, -100.65108 41.09092, -100.62828 41.08495, -100.60583 41.07867, -100.58325 41.06889, -100.56157 41.06131, -100.53977 41.05364, -100.51458 41.05004, -100.49172 41.04316, -100.47082 41.03436, -100.4485 41.02754, -100.42246 41.01959, -100.40105 41.01164, -100.37961 41.00346, -100.35774 40.99625, -100.33427 40.99312, -100.31118 40.98863, -100.29456 40.97568, -100.27707 40.96321, -100.25523 40.95478, -100.23409 40.94616, -100.21297 40.93733, -100.19204 40.92854, -100.17348 40.91693, -100.15225 40.90875, -100.13089 40.90022, -100.10987 40.89163, -100.08756 40.88486, -100.06585 40.87743, -100.04434 40.86954, -100.02232 40.86054, -100.00183 40.85124, -99.98161 40.84144, -99.96042 40.83328, -99.93885 40.82568, -99.91745 40.81746, -99.89657 40.8087, -99.87626 40.79755, -99.85723 40.78663, -99.83706 40.77569, -99.81662 40.76643, -99.79511 40.75759, -99.77348 40.74929, -99.75009 40.74383, -99.72739 40.73855, -99.70684 40.72936, -99.68819 40.71808, -99.66769 40.70858, -99.64451 40.70385, -99.62095 40.69967, -99.59732 40.6975, -99.57344 40.69257, -99.54978 40.69034, -99.52353 40.69232, -99.4984 40.6934, -99.47464 40.69318, -99.45085 40.69466, -99.42708 40.69378, -99.40341 40.69123, -99.37974 40.68995, -99.3557 40.69073, -99.33208 40.68861, -99.30879 40.68354, -99.28523 40.68015, -99.26176 40.67632, -99.25568 40.695, -99.2319 40.69966, -99.20816 40.69958, -99.18131 40.69948, -99.15679 40.69945, -99.13299 40.69917, -99.10841 40.69943, -99.08439 40.70039, -99.08488 40.68237, -99.06797 40.66967, -99.04391 40.66971, -99.02015 40.66974, -98.99844 40.67717, -98.97538 40.68164, -98.95229 40.68633, -98.92906 40.69077, -98.9053 40.69151, -98.88169 40.69377, -98.85858 40.69792, -98.83629 40.70486, -98.81419 40.71143, -98.79079 40.71632, -98.76771 40.72113, -98.744 40.72265, -98.72021 40.7221, -98.69642 40.72214, -98.67314 40.72606, -98.65107 40.73371, -98.62976 40.74206, -98.61153 40.75369, -98.59027 40.76206, -98.56803 40.76848, -98.54566 40.77726, -98.52523 40.78661, -98.50455 40.79548, -98.48187 40.80159, -98.45792 40.80796, -98.43534 40.8143, -98.41284 40.82143, -98.38908 40.81971, -98.36505 40.8223, -98.34142 40.82568, -98.31808 40.82178, -98.29433 40.82103, -98.27054 40.82101, -98.24669 40.82103, -98.22257 40.82105, -98.19866 40.82192, -98.17484 40.82202, -98.15106 40.8221, -98.12725 40.82196, -98.10336 40.82193, -98.07953 40.82189, -98.05551 40.82186, -98.03036 40.82183, -98.00541 40.82191, -97.9813 40.82203, -97.95745 40.82204, -97.93357 40.82146, -97.90957 40.82082, -97.88563 40.82101, -97.86174 40.82095, -97.83797 40.82101, -97.814 40.82104, -97.7902 40.82103, -97.76627 40.82149, -97.74239 40.82174, -97.71858 40.82141, -97.69418 40.82128, -97.66974 40.82118, -97.64597 40.82114, -97.62209 40.82113, -97.59794 40.8211, -97.57419 40.82193, -97.55031 40.82193, -97.52652 40.82188, -97.50275 40.82183, -97.47885 40.82183, -97.45502 40.82182, -97.43068 40.82152, -97.40686 40.82107, -97.38251 40.82127, -97.35835 40.8214, -97.33616 40.81476, -97.3293023 40.8036267)",day 86 driving GPS coords,
"LINESTRING (-106.359443 39.1001063, -106.34679 39.11526, -106.32935 39.12746, -106.32627 39.14572, -106.3262 39.16394, -106.32629 39.18294, -106.33925 39.19824, -106.34717 39.21534, -106.33055 39.22809, -106.31049 39.23787, -106.29189 39.24873, -106.29077 39.26672, -106.28031 39.2833, -106.26824 39.29905, -106.24824 39.30823, -106.22611 39.31386, -106.21934 39.33158, -106.22085 39.34958, -106.19983 39.36054, -106.1932 39.37785, -106.18744 39.39542, -106.17776 39.41212, -106.16931 39.4289, -106.1553 39.44345, -106.14347 39.45903, -106.13125 39.47438, -106.13582 39.49226, -106.1435 39.50928, -106.13801 39.52709, -106.13918 39.54508, -106.12988 39.56161, -106.11301 39.57408, -106.101 39.58954, -106.0854 39.60302, -106.07263 39.61813, -106.05778 39.63232, -106.03867 39.64279, -106.01747 39.65045, -105.99544 39.65652, -105.97649 39.66719, -105.95611 39.6761, -105.93294 39.67865, -105.90911 39.67871, -105.88657 39.68419, -105.87032 39.6978, -105.84746 39.70191, -105.82582 39.69481, -105.80249 39.6931, -105.77871 39.6947, -105.75537 39.69642, -105.73192 39.69451, -105.70969 39.70024, -105.6966 39.71515, -105.69118 39.7327, -105.67545 39.74656, -105.65663 39.7575, -105.63472 39.76403, -105.61111 39.76524, -105.58776 39.76402, -105.56593 39.75701, -105.54575 39.74757, -105.52331 39.74154, -105.4999 39.74021, -105.4771 39.74438, -105.45368 39.74326, -105.43131 39.73786, -105.41678 39.72366, -105.39573 39.71572, -105.37217 39.71557, -105.34986 39.70999, -105.32789 39.70337, -105.30837 39.7136, -105.28552 39.70899, -105.26306 39.70393, -105.24002 39.70045, -105.21713 39.69595, -105.19827 39.70671, -105.18488 39.72157, -105.16189 39.72528, -105.13839 39.72529, -105.11467 39.72537, -105.09099 39.72546, -105.06754 39.72556, -105.04388 39.7256, -105.01999 39.72513, -105.01352 39.7425, -104.99026 39.74001, -104.96662 39.73841, -104.94305 39.74014, -104.96663 39.73683, -104.9700948 39.733037)",day 85 driving GPS coords,
"LINESTRING (-111.6875272 37.4360542, -111.68285 37.41775, -111.69128 37.40091, -111.70515 37.41519, -111.72789 37.41737, -111.74849 37.42508, -111.76882 37.43308, -111.79105 37.43718, -111.8139 37.43991, -111.82854 37.45364, -111.85148 37.4534, -111.86694 37.4668, -111.88694 37.47662, -111.90785 37.48403, -111.9302 37.47947, -111.95047 37.48777, -111.9718 37.49666, -111.99374 37.50157, -112.0174 37.50462, -112.03781 37.5125, -112.0476 37.52876, -112.0447 37.5467, -112.0538 37.56359, -112.05682 37.58149, -112.06121 37.59949, -112.07405 37.61435, -112.08187 37.63137, -112.08123 37.64961, -112.09862 37.66136, -112.11205 37.67599, -112.13255 37.68403, -112.15245 37.69276, -112.15627 37.67458, -112.16202 37.65707, -112.16936 37.63993, -112.17255 37.62156, -112.18621 37.60712, -112.20784 37.60163, -112.21884 37.58586, -112.23358 37.57189, -112.24485 37.55607, -112.25101 37.53869, -112.26006 37.52211, -112.26197 37.54004, -112.24503 37.55215, -112.23575 37.56869, -112.22452 37.58442, -112.20837 37.59713, -112.18885 37.60698, -112.17336 37.62056, -112.17049 37.63864, -112.16259 37.65553, -112.15653 37.67356, -112.15226 37.69128, -112.17434 37.69634, -112.1964 37.70119, -112.21844 37.71206, -112.24096 37.71777, -112.26354 37.721, -112.28119 37.73253, -112.30051 37.74212, -112.32234 37.74722, -112.34706 37.74604, -112.3702 37.7492, -112.3799 37.73267, -112.38794 37.71466, -112.3993 37.69904, -112.39892 37.68098, -112.41647 37.66889, -112.43371 37.65716, -112.43818 37.63951, -112.45611 37.62835, -112.4668 37.61239, -112.47093 37.59455, -112.478 37.57741, -112.48681 37.56041, -112.4874 37.54227, -112.49194 37.5242, -112.49826 37.50683, -112.51087 37.49148, -112.51376 37.4734, -112.52524 37.45723, -112.53768 37.44213, -112.53955 37.42408, -112.55132 37.40856, -112.56222 37.39227, -112.57965 37.38064, -112.59242 37.3657, -112.59943 37.34793, -112.59977 37.32992, -112.58076 37.31999, -112.56014 37.31251, -112.54322 37.30046, -112.52271 37.29285, -112.49994 37.29168, -112.47717 37.29306, -112.4547 37.29522, -112.4377698 37.2867204)",day 76 driving GPS coords,
"LINESTRING (-111.2202645 37.4766087, -111.24222 37.4815, -111.26262 37.48951, -111.28034 37.50075, -111.30045 37.50918, -111.31901 37.51972, -111.33792 37.52996, -111.35808 37.53826, -111.37286 37.55193, -111.38924 37.56438, -111.40297 37.57874, -111.41557 37.59381, -111.40415 37.61044, -111.3814 37.60993, -111.36421 37.62177, -111.34576 37.63226, -111.36421 37.62177, -111.38139 37.60993, -111.40415 37.61044, -111.42751 37.60638, -111.44147 37.62085, -111.44462 37.63868, -111.46089 37.65147, -111.47059 37.66774, -111.48587 37.68112, -111.50146 37.69437, -111.5128 37.71041, -111.52703 37.72449, -111.54472 37.73629, -111.56355 37.74707, -111.57868 37.76133, -111.59937 37.77032, -111.6205 37.777, -111.64315 37.77474, -111.66564 37.76936, -111.68747 37.76342, -111.70323 37.75012, -111.72349 37.74187, -111.74551 37.7373, -111.76572 37.72858, -111.78351 37.71711, -111.79145 37.70006, -111.80712 37.68696, -111.82481 37.6753, -111.83505 37.65907, -111.84484 37.64275, -111.85138 37.62546, -111.87356 37.61992, -111.8725503 37.6071484)",day 75 driving GPS coords,
"LINESTRING (-111.5779003 37.7643706, -111.60028 37.77034, -111.61728 37.75811, -111.62778 37.74213, -111.63096 37.72416, -111.62819 37.70611, -111.62817 37.68805, -111.63836 37.67195, -111.63342 37.65436, -111.64188 37.63738, -111.66184 37.6286, -111.67987 37.61741, -111.69603 37.60469, -111.71348 37.59274, -111.7238 37.57656, -111.73856 37.56288, -111.7353 37.54498, -111.73477 37.52681, -111.72729 37.50978, -111.71857 37.49316, -111.70681 37.47778, -111.70143 37.4602, -111.69157 37.4439, -111.6875272 37.4360542)",day 74 driving GPS coords,
"LINESTRING (-110.7952802 38.3156037, -110.78954 38.29789, -110.79387 38.28021, -110.78945 38.26253, -110.76708 38.25781, -110.74441 38.26108, -110.73692 38.27833, -110.72087 38.29133, -110.70861 38.30658, -110.70102 38.32369, -110.70543 38.34172, -110.71466 38.35825, -110.725 38.37445, -110.74778 38.37136, -110.77075 38.37174, -110.79291 38.36636, -110.81591 38.36702, -110.83882 38.36943, -110.8632 38.36295, -110.88615 38.36565, -110.90917 38.36614, -110.93114 38.35906, -110.95331 38.35169, -110.97595 38.34766, -110.99709 38.34064, -111.01861 38.3339, -111.035 38.32106, -111.04107 38.30369, -111.04757 38.28644, -111.06253 38.27265, -111.08545 38.27363, -111.10807 38.2771, -111.12956 38.28342, -111.15255 38.28509, -111.17508 38.28172, -111.19775 38.28436, -111.2211 38.28637, -111.24398 38.28775, -111.26571 38.29361, -111.28093 38.30707, -111.30251 38.3137, -111.32316 38.32177, -111.34676 38.32358, -111.37031 38.325, -111.38706 38.31246, -111.40204 38.29881, -111.39308 38.28224, -111.37579 38.27031, -111.3789 38.25248, -111.37004 38.2358, -111.34913 38.22802, -111.34768 38.20997, -111.35098 38.1921, -111.34533 38.17414, -111.33369 38.15852, -111.32892 38.14067, -111.33021 38.12265, -111.33918 38.10608, -111.34366 38.08842, -111.33709 38.07118, -111.32621 38.05535, -111.33005 38.03753, -111.34787 38.02626, -111.36326 38.01292, -111.38583 38.00957, -111.40727 38.00337, -111.42558 37.9924, -111.43115 37.97459, -111.43564 37.95685, -111.43174 37.93793, -111.42495 37.9204, -111.42471 37.90208, -111.44662 37.89704, -111.45749 37.8812, -111.44158 37.86796, -111.43072 37.85191, -111.4191 37.83637, -111.41214 37.81923, -111.40628 37.80182, -111.41769 37.78596, -111.42609 37.76902, -111.43731 37.75336, -111.45985 37.75062, -111.48315 37.7494, -111.50428 37.74079, -111.5217 37.72804, -111.54287 37.73507, -111.56176 37.74521, -111.57603 37.75977, -111.59495 37.76985, -111.61473 37.76065, -111.62629 37.74454, -111.63111 37.72644, -111.63045 37.70837, -111.6284 37.69032, -111.63645 37.67346, -111.63285 37.65559, -111.6413 37.63889, -111.6604 37.6291, -111.67871 37.61835, -111.69479 37.60529, -111.71259 37.5938, -111.72252 37.57758, -111.73897 37.56504, -111.73532 37.54684, -111.73586 37.52881, -111.72773 37.5119, -111.72188 37.49449, -111.70954 37.47918, -111.70134 37.4624, -111.69143 37.44619, -111.6875272 37.4360542)",day 72 driving GPS coords,
"LINESTRING (-111.8326979 39.8927343, -111.84198 39.87611, -111.84872 39.85878, -111.8521 39.84033, -111.85506 39.82199, -111.8345 39.81302, -111.83883 39.79524, -111.83861 39.77719, -111.83586 39.75924, -111.83059 39.74167, -111.82126 39.72508, -111.81871 39.70715, -111.82915 39.6905, -111.84601 39.678, -111.86513 39.66735, -111.88556 39.65839, -111.9003 39.64432, -111.90495 39.62649, -111.9084 39.6087, -111.91962 39.59274, -111.93292 39.5779, -111.94339 39.56176, -111.95231 39.54494, -111.95685 39.52723, -111.96291 39.50942, -111.97102 39.4925, -111.98502 39.47811, -112.00066 39.46436, -112.01641 39.45048, -112.0318 39.43695, -112.04494 39.42207, -112.05512 39.40584, -112.06942 39.39019, -112.07977 39.37393, -112.08044 39.35581, -112.0812 39.33776, -112.08461 39.31986, -112.08874 39.30177, -112.09281 39.28395, -112.10067 39.26684, -112.10393 39.24833, -112.09745 39.2307, -112.08933 39.21358, -112.08157 39.19621, -112.07662 39.17853, -112.0715 39.16067, -112.06254 39.14364, -112.05399 39.12631, -112.04351 39.10981, -112.03995 39.09072, -112.04208 39.07266, -112.04208 39.05386, -112.04039 39.03579, -112.03352 39.01859, -112.02495 39.00173, -112.00599 38.99127, -111.9882 38.9797, -111.9646 38.97374, -111.94318 38.96565, -111.93386 38.94915, -111.93424 38.93086, -111.93836 38.91302, -111.94561 38.89522, -111.95698 38.87836, -111.96796 38.86209, -111.97937 38.84529, -111.99114 38.82961, -112.00807 38.81692, -112.02506 38.80438, -112.04285 38.79177, -112.06118 38.78033, -112.08296 38.77227, -112.05847 38.77275, -112.03525 38.77358, -112.01143 38.77431, -111.98834 38.77454, -111.96637 38.76876, -111.94521 38.77594, -111.92791 38.76383, -111.92418 38.74571, -111.91371 38.72962, -111.90106 38.71431, -111.88266 38.70298, -111.86718 38.68962, -111.84834 38.67917, -111.8349 38.6641, -111.83253 38.64573, -111.83378 38.62743, -111.84227 38.61026, -111.84987 38.59322, -111.84223 38.5759, -111.83756 38.55813, -111.83591 38.53997, -111.83333 38.52203, -111.8327 38.50374, -111.83117 38.48553, -111.83309 38.46756, -111.82387 38.45057, -111.8018 38.44523, -111.77985 38.43993, -111.7572 38.4359, -111.73437 38.43315, -111.71135 38.43231, -111.68952 38.42635, -111.66786 38.42025, -111.6462 38.41384, -111.63709 38.39709, -111.61355 38.39708, -111.59053 38.397, -111.58368 38.37983, -111.57801 38.36167, -111.56511 38.34674, -111.54305 38.34059, -111.53076 38.32462, -111.51781 38.30939, -111.49391 38.30575, -111.47085 38.3025, -111.44756 38.30119, -111.42419 38.29905, -111.40127 38.29876, -111.3869 38.3128, -111.36912 38.32554, -111.34567 38.32331, -111.32259 38.32173, -111.30219 38.31346, -111.28066 38.3069, -111.26519 38.29333, -111.24331 38.2879, -111.22055 38.28569, -111.19739 38.28469, -111.17478 38.28154, -111.15213 38.28498, -111.12923 38.28345, -111.10773 38.27654, -111.08503 38.27354, -111.06205 38.27282, -111.04751 38.28675, -111.04098 38.3042, -111.03483 38.32159, -111.01794 38.33384, -110.99664 38.34082, -110.97533 38.34771, -110.95141 38.35232, -110.92968 38.35955, -110.90832 38.36622, -110.8852 38.36527, -110.86048 38.36429, -110.83839 38.36942, -110.81562 38.36672, -110.79133 38.36647, -110.76903 38.3719, -110.74604 38.37276, -110.72167 38.37445, -110.71403 38.35709, -110.7046 38.34003, -110.7007 38.32211, -110.70894 38.30517, -110.72175 38.29012, -110.73775 38.27712, -110.74807 38.26102, -110.77078 38.25851, -110.79246 38.26507, -110.79317 38.28319, -110.79017 38.30133, -110.7952802 38.3156037)",day 71 driving GPS coords,
"LINESTRING (-110.7774593 43.3009024, -110.79591 43.28716, -110.78873 43.26991, -110.77838 43.25348, -110.77942 43.23541, -110.78516 43.21757, -110.80945 43.21261, -110.83185 43.20499, -110.85725 43.20456, -110.87909 43.19615, -110.90381 43.1984, -110.92779 43.194, -110.95192 43.1898, -110.97361 43.18105, -110.99769 43.17695, -111.01727 43.16594, -111.03666 43.15468, -111.02747 43.13799, -111.02403 43.12012, -111.02295 43.10129, -111.01636 43.08392, -111.01159 43.06616, -111.01196 43.04812, -111.01219 43.03013, -111.01227 43.01156, -111.01232 42.99333, -111.01237 42.97529, -111.0125 42.95697, -111.00734 42.93879, -111.00241 42.9205, -110.99649 42.90276, -110.99238 42.88362, -110.98524 42.86612, -110.98214 42.8482, -110.96841 42.8327, -110.95812 42.81485, -110.94186 42.80138, -110.93336 42.78225, -110.93342 42.76394, -110.9333 42.74573, -110.9334 42.72744, -110.93346 42.70935, -110.93005 42.6914, -110.9235 42.67399, -110.92345 42.65553, -110.92222 42.63756, -110.91391 42.62043, -110.91399 42.60223, -110.90525 42.58526, -110.89977 42.56771, -110.894 42.55014, -110.89822 42.5324, -110.90788 42.51587, -110.90993 42.49791, -110.92702 42.48506, -110.95116 42.48857, -110.96565 42.47396, -110.98044 42.45943, -110.98532 42.44176, -110.98442 42.4225, -110.98957 42.40398, -111.01378 42.39997, -111.03802 42.40298, -111.05333 42.38878, -111.05317 42.37069, -111.0478 42.35244, -111.04703 42.33394, -111.04704 42.31563, -111.04719 42.29719, -111.04644 42.27894, -111.04276 42.26102, -111.04267 42.24154, -111.04253 42.22321, -111.03335 42.20648, -111.02016 42.19085, -111.00305 42.1777, -110.98793 42.16342, -110.97723 42.14703, -110.96845 42.13016, -110.95729 42.11342, -110.95153 42.09544, -110.94618 42.07719, -110.93495 42.06124, -110.93146 42.04183, -110.93261 42.02367, -110.93717 42.00507, -110.94203 41.98737, -110.9474 41.96955, -110.95097 41.95013, -110.95456 41.93224, -110.95493 41.9142, -110.95998 41.89493, -110.96575 41.87673, -110.97109 41.85901, -110.9762 41.84094, -110.98385 41.82376, -110.99521 41.80744, -111.01454 41.79487, -111.03346 41.78332, -111.0582 41.77851, -111.08335 41.77618, -111.11049 41.77364, -111.13056 41.76256, -111.14663 41.74831, -111.15933 41.73255, -111.15945 41.71347, -111.17064 41.69753, -111.18077 41.68119, -111.18492 41.66342, -111.18364 41.64538, -111.17917 41.62561, -111.17786 41.60738, -111.17078 41.58995, -111.1622 41.57283, -111.15523 41.5555, -111.16173 41.53803, -111.16291 41.51964, -111.1388 41.51655, -111.12374 41.5025, -111.11708 41.48509, -111.10551 41.4685, -111.09032 41.45387, -111.07349 41.44079, -111.0567 41.42774, -111.04463 41.4118, -111.03552 41.39506, -111.03222 41.377, -111.01146 41.36724, -111.00269 41.35, -110.99859 41.32804, -110.99221 41.30963, -110.97852 41.29444, -110.95963 41.28308, -110.94192 41.27075, -110.96016 41.25908, -110.98383 41.26203, -111.00425 41.25246, -111.0278 41.2468, -111.05145 41.24957, -111.07332 41.24188, -111.08738 41.22704, -111.09718 41.21052, -111.11316 41.19682, -111.13065 41.18447, -111.13705 41.16707, -111.14612 41.15043, -111.15615 41.13407, -111.17611 41.12385, -111.19739 41.11509, -111.213 41.10132, -111.22968 41.08832, -111.24988 41.07824, -111.26921 41.06747, -111.29015 41.05876, -111.30685 41.04589, -111.32864 41.03836, -111.3469 41.02663, -111.36726 41.01723, -111.38439 41.00472, -111.40132 40.99203, -111.42061 40.98144, -111.43905 40.96991, -111.4242 40.95562, -111.41166 40.94018, -111.41072 40.92216, -111.39886 40.90631, -111.39383 40.88856, -111.38993 40.87074, -111.38891 40.8527, -111.38978 40.83427, -111.39818 40.81744, -111.41907 40.80821, -111.44144 40.80208, -111.45476 40.78718, -111.46949 40.77304, -111.47087 40.755, -111.48196 40.73897, -111.50264 40.72946, -111.52424 40.72185, -111.54628 40.72861, -111.56095 40.74288, -111.57741 40.75586, -111.60011 40.75056, -111.62353 40.75372, -111.64545 40.74671, -111.66756 40.73972, -111.69051 40.74473, -111.71261 40.75152, -111.73343 40.74275, -111.75334 40.73283, -111.77387 40.72355, -111.79199 40.71193, -111.81556 40.71439, -111.83892 40.71813, -111.86266 40.7196, -111.88652 40.71836, -111.90395 40.73077, -111.89969 40.74893, -111.90478 40.73127, -111.90434 40.71298, -111.90238 40.69505, -111.90195 40.67702, -111.90152 40.65891, -111.90333 40.64091, -111.90352 40.62286, -111.90502 40.6049, -111.90039 40.58721, -111.90007 40.56891, -111.89654 40.55075, -111.89233 40.53305, -111.8914 40.51392, -111.89137 40.49587, -111.90267 40.48002, -111.91358 40.46404, -111.90891 40.44629, -111.89279 40.43306, -111.87648 40.41898, -111.85869 40.40697, -111.8401 40.39537, -111.82595 40.38089, -111.80511 40.37219, -111.78646 40.36101, -111.76835 40.34938, -111.74993 40.33758, -111.73187 40.32597, -111.72611 40.30837, -111.72584 40.29017, -111.71731 40.2732, -111.70344 40.25856, -111.69343 40.24217, -111.67902 40.22772, -111.66383 40.21361, -111.65139 40.19833, -111.64677 40.18036, -111.64689 40.1621, -111.64697 40.14403, -111.65211 40.1264, -111.67039 40.11403, -111.68698 40.10106, -111.70108 40.08664, -111.71627 40.07236, -111.73031 40.05784, -111.74524 40.04341, -111.75956 40.02907, -111.7626 40.01121, -111.76385 39.99322, -111.7719 39.97624, -111.78865 39.96354, -111.80704 39.95205, -111.81259 39.93454, -111.81882 39.91663, -111.82842 39.90003, -111.8326979 39.8927343)",day 70 driving GPS coords,
"LINESTRING (-110.5809475 43.640803, -110.60569 43.64328, -110.62365 43.62977, -110.64966 43.6251, -110.67338 43.61822, -110.69121 43.60569, -110.70689 43.59057, -110.72511 43.57755, -110.73299 43.55982, -110.73569 43.54114, -110.743 43.52358, -110.7554 43.50777, -110.76216 43.48995, -110.77114 43.47313, -110.79338 43.46511, -110.79016 43.44707, -110.78031 43.4305, -110.77232 43.4132, -110.75373 43.40122, -110.74508 43.38425, -110.73505 43.36776, -110.72012 43.3532, -110.72587 43.3353, -110.73593 43.31865, -110.75077 43.30406, -110.7755 43.30235, -110.7774593 43.3009024)",day 69 driving GPS coords,
"LINESTRING (-110.614678 43.8417519, -110.59298 43.85071, -110.57432 43.86266, -110.54989 43.86661, -110.52779 43.85805, -110.51239 43.84388, -110.51594 43.82604, -110.52678 43.80976, -110.53798 43.79216, -110.54953 43.77602, -110.57236 43.76848, -110.59175 43.75652, -110.61671 43.75584, -110.63481 43.74211, -110.65 43.72782, -110.66377 43.71273, -110.67128 43.69545, -110.67987 43.67835, -110.69568 43.66414, -110.7105 43.64737, -110.71793 43.63016, -110.72288 43.60849, -110.72793 43.59058, -110.70303 43.59384, -110.68753 43.60829, -110.66945 43.62097, -110.64419 43.62511, -110.62346 43.63512, -110.6005 43.64222, -110.5809475 43.640803)",day 68 driving GPS coords,
"LINESTRING (-110.7271577 44.0895948, -110.70294 44.08479, -110.6884 44.09949, -110.68201 44.08195, -110.68753 44.06428, -110.69154 44.04615, -110.69336 44.02819, -110.69091 44.01012, -110.67438 43.99649, -110.66114 43.98102, -110.64207 43.96934, -110.63592 43.95167, -110.6319 43.93377, -110.63467 43.91574, -110.6152 43.90433, -110.5898 43.90429, -110.57131 43.89217, -110.57232 43.87404, -110.58944 43.86077, -110.60167 43.84505, -110.614678 43.8417519)",day 67 driving GPS coords,
"LINESTRING (-110.7066078 45.0444784, -110.70304 45.02652, -110.70267 45.0085, -110.70242 44.99051, -110.70368 44.97244, -110.71179 44.95534, -110.72033 44.93837, -110.73206 44.92238, -110.73255 44.90424, -110.73155 44.88623, -110.738 44.86864, -110.73583 44.85068, -110.72901 44.83335, -110.72958 44.81505, -110.74538 44.80098, -110.74063 44.78321, -110.73239 44.76619, -110.71931 44.75072, -110.70012 44.73893, -110.69976 44.72091, -110.72471 44.71683, -110.74516 44.7061, -110.74492 44.68809, -110.74279 44.67015, -110.76404 44.66032, -110.78431 44.64942, -110.81035 44.6523, -110.83557 44.64924, -110.86048 44.64616, -110.88433 44.64008, -110.90973 44.64347, -110.93407 44.64863, -110.957 44.65625, -110.97523 44.66887, -110.99139 44.65502, -111.01568 44.64989, -111.04069 44.65253, -111.0661 44.65358, -111.09118 44.65713, -111.11488 44.66403, -111.14011 44.66848, -111.16615 44.67309, -111.19095 44.67825, -111.21438 44.68517, -111.24002 44.68764, -111.26486 44.68411, -111.28395 44.67182, -111.30618 44.66289, -111.31605 44.64623, -111.33086 44.6316, -111.33553 44.61164, -111.33618 44.59351, -111.33727 44.57539, -111.33467 44.55641, -111.33085 44.5384, -111.32712 44.52044, -111.33485 44.50291, -111.34444 44.48613, -111.35302 44.46897, -111.36159 44.45185, -111.36849 44.43452, -111.37282 44.41659, -111.38028 44.39938, -111.39099 44.38208, -111.40134 44.36536, -111.41683 44.35103, -111.43419 44.33747, -111.4501 44.32343, -111.45606 44.30507, -111.46179 44.28666, -111.46969 44.26936, -111.46463 44.25149, -111.45902 44.23391, -111.45337 44.21622, -111.44766 44.19834, -111.43419 44.18284, -111.42349 44.16641, -111.42532 44.14835, -111.43517 44.13168, -111.44637 44.11536, -111.45499 44.09839, -111.45593 44.07961, -111.43574 44.06809, -111.43851 44.04935, -111.43866 44.03123, -111.42439 44.0164, -111.41976 43.99872, -111.39467 43.99854, -111.36947 43.99847, -111.34433 43.99811, -111.32656 43.98534, -111.30495 43.97623, -111.28027 43.97313, -111.25514 43.96987, -111.23014 43.9693, -111.20513 43.96922, -111.19164 43.95405, -111.1787 43.93866, -111.17995 43.92036, -111.17987 43.90224, -111.17988 43.88415, -111.18024 43.86616, -111.18046 43.84761, -111.18058 43.82943, -111.16018 43.81893, -111.1411 43.80696, -111.1158 43.80644, -111.11093 43.7879, -111.11085 43.76966, -111.11095 43.75116, -111.11102 43.73195, -111.1111 43.71336, -111.11044 43.69519, -111.11048 43.6771, -111.11056 43.65895, -111.11064 43.6408, -111.11071 43.6214, -111.11134 43.60326, -111.09815 43.58779, -111.07977 43.57508, -111.06758 43.55929, -111.0505 43.54613, -111.02895 43.5347, -111.00939 43.52333, -110.99023 43.51185, -110.97051 43.50012, -110.94609 43.49681, -110.92511 43.5064, -110.90311 43.49803, -110.87821 43.49804, -110.85301 43.49813, -110.82831 43.4955, -110.81402 43.4802, -110.7902 43.47521, -110.76577 43.47959, -110.75971 43.49751, -110.7503 43.51462, -110.73954 43.53103, -110.73281 43.54946, -110.73312 43.56808, -110.73001 43.58615, -110.7235 43.60474, -110.7202 43.62297, -110.71465 43.64061, -110.70305 43.65664, -110.68772 43.67086, -110.67352 43.68574, -110.66585 43.70309, -110.65812 43.72079, -110.64122 43.73503, -110.62723 43.74997, -110.60261 43.75354, -110.58002 43.76149, -110.55986 43.77206, -110.54125 43.78471, -110.53286 43.80199, -110.52401 43.81897, -110.51337 43.83526, -110.51841 43.85292, -110.5379 43.8642, -110.56307 43.86621, -110.57195 43.88304, -110.57885 43.90034, -110.6042 43.90333, -110.62793 43.90962, -110.63277 43.92754, -110.6334 43.94562, -110.6362 43.96367, -110.65464 43.97644, -110.66966 43.99098, -110.68114 44.00697, -110.69373 44.02283, -110.69388 44.04096, -110.69 44.05881, -110.68434 44.07638, -110.67204 44.09238, -110.66561 44.10996, -110.65999 44.12771, -110.66982 44.14444, -110.66851 44.16244, -110.66015 44.17947, -110.6585 44.19746, -110.65939 44.21548, -110.6535 44.23297, -110.64499 44.24994, -110.63562 44.26664, -110.62671 44.28346, -110.61255 44.29846, -110.60026 44.31473, -110.59577 44.33248, -110.58547 44.34891, -110.58087 44.36672, -110.57393 44.38407, -110.56914 44.40182, -110.58232 44.41724, -110.60679 44.42157, -110.62927 44.43073, -110.65432 44.43269, -110.67612 44.44194, -110.70057 44.44661, -110.72327 44.43875, -110.74697 44.43255, -110.77288 44.43121, -110.79714 44.43612, -110.81101 44.45148, -110.83556 44.4557, -110.85507 44.46713, -110.85077 44.48497, -110.83809 44.50054, -110.82695 44.51703, -110.81949 44.53433, -110.79653 44.54271, -110.80893 44.55854, -110.82228 44.57395, -110.83033 44.5911, -110.84487 44.60592, -110.83031 44.62064, -110.81101 44.63243, -110.78731 44.63891, -110.76695 44.64965, -110.7924 44.64919, -110.81694 44.65354, -110.84129 44.64853, -110.86667 44.64622, -110.89086 44.64036, -110.91592 44.64393, -110.94116 44.64895, -110.96087 44.66055, -110.98425 44.66744, -110.99695 44.65187, -111.02252 44.65031, -111.04822 44.65276, -111.07439 44.65436, -111.0974 44.66222, -111.1228 44.66542, -111.14774 44.66983, -111.17296 44.67429, -111.19783 44.6803, -111.22183 44.68617, -111.24783 44.68708, -111.26962 44.67794, -111.29134 44.66856, -111.3107 44.65649, -111.32062 44.63977, -111.33488 44.62481, -111.3359 44.60379, -111.33648 44.58577, -111.33702 44.56768, -111.33325 44.54971, -111.32934 44.53117, -111.3278 44.51304, -111.33903 44.4969, -111.34771 44.47958, -111.35636 44.46231, -111.3649 44.44526, -111.37026 44.42718, -111.37456 44.40941, -111.38443 44.39267, -111.39473 44.37603, -111.40544 44.35975, -111.42323 44.3462, -111.43977 44.33249, -111.45412 44.31733, -111.45699 44.29888, -111.46469 44.28132, -111.46829 44.26296, -111.46266 44.24531, -111.45701 44.2276, -111.45124 44.20958, -111.44553 44.19169, -111.42882 44.17816, -111.42529 44.1602, -111.42923 44.14211, -111.43949 44.12547, -111.44976 44.1088, -111.45594 44.09128, -111.45594 44.07301, -111.43568 44.06216, -111.43845 44.04274, -111.43868 44.02427, -111.42416 44.00952, -111.40427 43.99861, -111.37892 43.99846, -111.35381 43.99847, -111.33301 43.98848, -111.31254 43.97805, -111.2913 43.96848, -111.26581 43.97094, -111.24035 43.96839, -111.21514 43.96963, -111.19944 43.95555, -111.18003 43.94419, -111.17865 43.92614, -111.17986 43.90793, -111.17982 43.88975, -111.18007 43.87175, -111.18042 43.85303, -111.18054 43.83455, -111.1608 43.8234, -111.14506 43.8094, -111.1202 43.80645, -111.11093 43.7879, -111.11085 43.76966, -111.11095 43.75116, -111.11102 43.73195, -111.1111 43.71336, -111.11044 43.69519, -111.11048 43.6771, -111.11056 43.65895, -111.11064 43.6408, -111.11071 43.6214, -111.11134 43.60326, -111.09815 43.58779, -111.07977 43.57508, -111.06758 43.55929, -111.0505 43.54613, -111.02895 43.5347, -111.00939 43.52333, -110.99023 43.51185, -110.97051 43.50012, -110.94609 43.49681, -110.92511 43.5064, -110.90311 43.49803, -110.87821 43.49804, -110.85301 43.49813, -110.82831 43.4955, -110.81402 43.4802, -110.7902 43.47521, -110.76577 43.47959, -110.75971 43.49751, -110.7503 43.51462, -110.73954 43.53103, -110.73281 43.54946, -110.73312 43.56808, -110.73001 43.58615, -110.7235 43.60474, -110.7202 43.62297, -110.71465 43.64061, -110.70305 43.65664, -110.68772 43.67086, -110.67352 43.68574, -110.66585 43.70309, -110.65812 43.72079, -110.64122 43.73503, -110.62723 43.74997, -110.60261 43.75354, -110.58002 43.76149, -110.55986 43.77206, -110.54125 43.78471, -110.53286 43.80199, -110.52401 43.81897, -110.51337 43.83526, -110.51841 43.85292, -110.5379 43.8642, -110.56307 43.86621, -110.57195 43.88304, -110.57885 43.90034, -110.6042 43.90333, -110.62793 43.90962, -110.63277 43.92754, -110.6334 43.94562, -110.6362 43.96367, -110.65464 43.97644, -110.66966 43.99098, -110.68114 44.00697, -110.69373 44.02283, -110.69388 44.04096, -110.69 44.05881, -110.68434 44.07638, -110.67204 44.09238, -110.68246 44.10884, -110.69315 44.0925, -110.71719 44.08739, -110.7271577 44.0895948)",day 66 driving GPS coords,
"LINESTRING (-111.5891531 46.5219304, -111.6136 46.51312, -111.63912 46.50786, -111.64596 46.49047, -111.65231 46.47278, -111.63953 46.457, -111.62171 46.4381, -111.60713 46.42262, -111.59167 46.40639, -111.57717 46.39107, -111.56294 46.37593, -111.54846 46.35948, -111.53601 46.34367, -111.52632 46.32648, -111.51542 46.30997, -111.50438 46.29364, -111.49308 46.27703, -111.48175 46.26026, -111.47058 46.24374, -111.46267 46.22523, -111.45547 46.20741, -111.4484 46.18995, -111.44702 46.17178, -111.46158 46.15662, -111.47697 46.14121, -111.49242 46.12574, -111.5072 46.11092, -111.52328 46.09479, -111.53886 46.07913, -111.55365 46.06428, -111.56794 46.04922, -111.57519 46.0318, -111.58141 46.01417, -111.58791 45.99518, -111.5942 45.97737, -111.59783 45.95954, -111.59724 45.94139, -111.59724 45.92305, -111.57208 45.91837, -111.54842 45.91108, -111.52806 45.89977, -111.50247 45.8968, -111.47731 45.89256, -111.45357 45.88518, -111.4281 45.88156, -111.40357 45.87584, -111.37918 45.86919, -111.35625 45.86056, -111.33614 45.8492, -111.31113 45.84445, -111.29035 45.83336, -111.26971 45.82241, -111.24874 45.81164, -111.22797 45.80093, -111.20724 45.79021, -111.1968 45.77373, -111.17463 45.76448, -111.15152 45.75638, -111.12846 45.74828, -111.10677 45.73818, -111.08604 45.72743, -111.06557 45.71644, -111.05527 45.69975, -111.04632 45.68254, -111.07055 45.6754, -111.04498 45.6793, -111.01914 45.67867, -110.99631 45.67005, -110.9719 45.66406, -110.94818 45.65706, -110.92906 45.64492, -110.90348 45.64231, -110.87831 45.64617, -110.85434 45.65285, -110.83528 45.66515, -110.80929 45.6674, -110.78598 45.65956, -110.76009 45.65864, -110.73446 45.66114, -110.70868 45.66245, -110.68292 45.66357, -110.65768 45.65988, -110.63157 45.65781, -110.60784 45.64975, -110.58306 45.64468, -110.57747 45.62668, -110.57594 45.60777, -110.57245 45.58977, -110.58665 45.57461, -110.59461 45.55728, -110.60159 45.5399, -110.60964 45.51984, -110.61677 45.50206, -110.62334 45.48354, -110.62625 45.46536, -110.63174 45.44719, -110.64068 45.43033, -110.6645 45.42035, -110.68925 45.4147, -110.70542 45.40062, -110.719 45.38373, -110.73369 45.36867, -110.74819 45.35368, -110.76666 45.33876, -110.78607 45.32611, -110.80835 45.31638, -110.82653 45.30364, -110.8421 45.28853, -110.85826 45.27425, -110.86742 45.25742, -110.87065 45.2395, -110.88133 45.22293, -110.89477 45.20616, -110.89689 45.18818, -110.87901 45.17515, -110.85501 45.16886, -110.83174 45.16147, -110.81603 45.14689, -110.80262 45.13103, -110.79123 45.11474, -110.77936 45.09876, -110.77488 45.08089, -110.76472 45.06406, -110.74752 45.05073, -110.72615 45.04077, -110.70156 45.0359, -110.7066078 45.0444784)",day 65 driving GPS coords,
"LINESTRING (-113.441329 48.7531564, -113.42542 48.73835, -113.41482 48.72125, -113.41493 48.70318, -113.38878 48.69795, -113.36593 48.68767, -113.34781 48.67342, -113.33208 48.65868, -113.31511 48.64455, -113.3085 48.62706, -113.29226 48.61255, -113.2672 48.60537, -113.24027 48.60836, -113.21257 48.60976, -113.18689 48.60346, -113.1659 48.59201, -113.13828 48.58874, -113.11187 48.58325, -113.08463 48.58359, -113.05551 48.5812, -113.02901 48.57621, -113.00984 48.56326, -113.00936 48.54496, -112.98323 48.53669, -112.95944 48.52784, -112.93583 48.51768, -112.91275 48.50773, -112.88953 48.49775, -112.86381 48.49013, -112.8376 48.48371, -112.81217 48.47711, -112.7887 48.46783, -112.76457 48.45909, -112.74031 48.45034, -112.71672 48.44014, -112.69293 48.42919, -112.6689 48.41941, -112.64571 48.40971, -112.62211 48.39724, -112.5956 48.39195, -112.57925 48.37745, -112.56234 48.36208, -112.55425 48.34411, -112.54755 48.32617, -112.53301 48.311, -112.53191 48.29109, -112.53209 48.2709, -112.53216 48.25238, -112.53189 48.23437, -112.51647 48.21873, -112.50765 48.20163, -112.4945 48.1857, -112.47712 48.17185, -112.45399 48.16256, -112.4289 48.15564, -112.4086 48.14326, -112.38597 48.13226, -112.37344 48.11624, -112.35374 48.10361, -112.34294 48.08711, -112.33604 48.06965, -112.34229 48.05202, -112.34748 48.03399, -112.33355 48.01843, -112.32169 47.99722, -112.31348 47.98009, -112.30116 47.96333, -112.28821 47.94272, -112.27759 47.92583, -112.26714 47.90918, -112.2653 47.89023, -112.26468 47.87206, -112.24442 47.85972, -112.22332 47.84787, -112.20434 47.83433, -112.1889 47.81945, -112.1887 47.8013, -112.19587 47.78378, -112.2067 47.76732, -112.22099 47.74968, -112.23101 47.73272, -112.22551 47.71496, -112.2271 47.69349, -112.24016 47.67763, -112.25662 47.66267, -112.26142 47.64494, -112.2724 47.62577, -112.29262 47.6129, -112.31179 47.60014, -112.3303 47.58719, -112.34648 47.57267, -112.35877 47.55666, -112.36522 47.53905, -112.36541 47.52013, -112.37063 47.50238, -112.39277 47.49183, -112.37971 47.47601, -112.36498 47.45843, -112.35156 47.44258, -112.34043 47.42586, -112.32888 47.4088, -112.31722 47.39253, -112.29907 47.37928, -112.28207 47.36493, -112.25776 47.35697, -112.23769 47.34431, -112.22085 47.33004, -112.20092 47.31769, -112.18123 47.30544, -112.16405 47.29149, -112.14993 47.27588, -112.13523 47.26081, -112.12049 47.2456, -112.11178 47.22858, -112.10321 47.21118, -112.09389 47.19424, -112.10113 47.17683, -112.08855 47.16089, -112.07759 47.14441, -112.06803 47.12757, -112.06406 47.10962, -112.06189 47.09143, -112.05226 47.07449, -112.04568 47.05643, -112.05253 47.03879, -112.04871 47.02094, -112.0617 47.00522, -112.07782 46.99092, -112.08332 46.97332, -112.098 46.95833, -112.11851 46.94692, -112.12443 46.92939, -112.11567 46.91242, -112.11917 46.89449, -112.09961 46.88235, -112.07566 46.87435, -112.05067 46.86821, -112.03072 46.8562, -112.0141 46.84207, -112.00352 46.82508, -112.00497 46.80702, -112.02459 46.79437, -112.03491 46.77769, -112.02453 46.76113, -112.01515 46.74426, -112.01563 46.72621, -112.0122 46.70793, -112.01197 46.68894, -112.01176 46.67087, -112.01152 46.65259, -112.01132 46.63452, -112.01109 46.61632, -112.0034 46.59857, -111.97949 46.59124, -111.95327 46.59035, -111.92679 46.58876, -111.90075 46.58542, -111.87245 46.58658, -111.84705 46.5808, -111.82405 46.57141, -111.79779 46.56407, -111.77357 46.55623, -111.74922 46.54663, -111.72732 46.53578, -111.71019 46.52196, -111.6947 46.50494, -111.67822 46.49093, -111.65863 46.47901, -111.64282 46.4935, -111.62988 46.50959, -111.60626 46.51779, -111.5891531 46.5219304)",day 64 driving GPS coords,
"LINESTRING (-113.441329 48.7531564, -113.45811 48.73829, -113.47123 48.7223, -113.49043 48.70936, -113.51053 48.69677, -113.53762 48.69469, -113.5624 48.68718, -113.58748 48.67984, -113.61334 48.67377, -113.64036 48.67611, -113.66381 48.68532, -113.64036 48.67611, -113.61334 48.67377, -113.58754 48.67983, -113.56251 48.68716, -113.53778 48.69472, -113.51053 48.69677, -113.49066 48.70927, -113.47123 48.7223, -113.45811 48.73829, -113.43209 48.74438, -113.4422593 48.7539575)",day 63 driving GPS coords,
"LINESTRING (-113.4995962 48.9542886, -113.48032 48.94145, -113.46732 48.92554, -113.44041 48.92216, -113.43805 48.90407, -113.4392 48.88576, -113.43571 48.86722, -113.42503 48.84974, -113.41714 48.83241, -113.41802 48.81433, -113.40868 48.79694, -113.41208 48.77887, -113.41586 48.76098, -113.42901 48.74515, -113.45598 48.74081, -113.46926 48.7249, -113.48612 48.71058, -113.5072 48.69872, -113.53339 48.69356, -113.55936 48.68798, -113.58354 48.67945, -113.60967 48.67408, -113.6374 48.67589, -113.66208 48.6838, -113.66739 48.70145, -113.69397 48.69704, -113.72131 48.69742, -113.71935 48.71536, -113.74155 48.72581, -113.75497 48.7416, -113.77891 48.7503, -113.7621 48.7361, -113.77251 48.71938, -113.79383 48.70807, -113.81601 48.69754, -113.8194554 48.6796966, -113.81601 48.69754, -113.79383 48.70807, -113.77251 48.71938, -113.76189 48.73599, -113.78183 48.74835, -113.75585 48.74235, -113.74241 48.72661, -113.71885 48.71746, -113.72018 48.69948, -113.69319 48.69699, -113.66821 48.68969, -113.64758 48.67734, -113.62023 48.67469, -113.59315 48.67879, -113.56722 48.6847, -113.54371 48.69384, -113.51617 48.69461, -113.49501 48.70614, -113.47465 48.71874, -113.46015 48.73535, -113.44634 48.75102, -113.441329 48.7531564)",day 62 driving GPS coords,
"LINESTRING (-114.2017505 48.8285836, -114.22324 48.81742, -114.24175 48.80407, -114.26596 48.79566, -114.28178 48.78097, -114.29179 48.76413, -114.2866 48.74646, -114.27351 48.73046, -114.25823 48.71538, -114.23448 48.70651, -114.21265 48.69505, -114.19851 48.67951, -114.18826 48.6621, -114.17384 48.64666, -114.15463 48.63389, -114.1329 48.62301, -114.1073 48.62926, -114.08031 48.62459, -114.05894 48.61342, -114.04094 48.59983, -114.02986 48.58301, -114.01547 48.56729, -114.00535 48.55024, -114.00056 48.53206, -113.98905 48.51558, -113.98469 48.49776, -113.95767 48.49494, -113.93229 48.50156, -113.90902 48.49228, -113.88188 48.49318, -113.85549 48.48881, -113.84065 48.47321, -113.82529 48.45816, -113.81203 48.44233, -113.79517 48.42821, -113.76886 48.42267, -113.74247 48.4184, -113.72083 48.40731, -113.70612 48.39201, -113.68704 48.37827, -113.66601 48.36692, -113.64811 48.3522, -113.64178 48.33471, -113.63135 48.3181, -113.61899 48.30202, -113.60752 48.2855, -113.60202 48.26779, -113.57647 48.26179, -113.5656 48.245, -113.54439 48.23332, -113.51845 48.23837, -113.49171 48.24166, -113.46754 48.25046, -113.44832 48.26384, -113.42961 48.27703, -113.41398 48.29171, -113.38732 48.29493, -113.36403 48.30413, -113.35128 48.32012, -113.33319 48.33357, -113.31459 48.3468, -113.29422 48.35899, -113.27831 48.37357, -113.26258 48.38835, -113.24759 48.40334, -113.22608 48.41461, -113.21169 48.43005, -113.2135 48.44807, -113.18812 48.45482, -113.16397 48.4636, -113.14419 48.47593, -113.12794 48.49038, -113.10894 48.50325, -113.08644 48.51467, -113.06472 48.52568, -113.04309 48.53669, -113.02594 48.55095, -113.00986 48.56566, -113.01594 48.58322, -113.02253 48.60081, -113.03598 48.61655, -113.04454 48.63504, -113.05547 48.65154, -113.07059 48.66776, -113.08568 48.68393, -113.10011 48.69938, -113.11741 48.71329, -113.13695 48.72586, -113.14895 48.74231, -113.1656 48.75721, -113.17893 48.77336, -113.19086 48.78956, -113.18806 48.80897, -113.19732 48.82616, -113.21396 48.84067, -113.21506 48.859, -113.24575 48.85887, -113.27324 48.85446, -113.30197 48.85402, -113.32938 48.85228, -113.35624 48.84867, -113.38326 48.84549, -113.41053 48.84729, -113.43415 48.8564, -113.43502 48.87447, -113.43939 48.89233, -113.43604 48.91088, -113.46068 48.91874, -113.47031 48.93563, -113.49391 48.94557, -113.4996607 48.95434)",day 61 driving GPS coords,
"LINESTRING (-113.6573338 48.7966532, -113.63344 48.80557, -113.60717 48.81096, -113.58282 48.82079, -113.55727 48.82716, -113.5302 48.83007, -113.50326 48.83399, -113.47552 48.83617, -113.45266 48.84683, -113.42503 48.84974, -113.41714 48.83241, -113.41802 48.81433, -113.40868 48.79694, -113.41208 48.77887, -113.41586 48.76098, -113.42901 48.74515, -113.41697 48.72893, -113.4135 48.71099, -113.39238 48.69948, -113.37014 48.68883, -113.34984 48.67656, -113.34084 48.65939, -113.31946 48.6482, -113.31172 48.63091, -113.29641 48.6154, -113.28191 48.5999, -113.27354 48.58267, -113.27479 48.56449, -113.26962 48.54671, -113.24329 48.54076, -113.21517 48.5435, -113.18793 48.54273, -113.1618 48.54778, -113.13508 48.54419, -113.10976 48.55077, -113.08356 48.55586, -113.0559 48.55595, -113.02864 48.55595, -113.03852 48.53911, -113.0601 48.52803, -113.08166 48.51709, -113.10365 48.50593, -113.12396 48.49394, -113.14111 48.47866, -113.15961 48.46519, -113.18339 48.45653, -113.20848 48.44968, -113.21212 48.43129, -113.2251 48.41513, -113.24645 48.40397, -113.2615 48.38894, -113.27776 48.37452, -113.29322 48.35971, -113.31298 48.34714, -113.33216 48.3343, -113.3505 48.32103, -113.36386 48.3053, -113.38659 48.29538, -113.41322 48.29197, -113.42961 48.27703, -113.44832 48.26384, -113.46701 48.2508, -113.49063 48.24181, -113.51731 48.23853, -113.54323 48.23345, -113.56946 48.23792, -113.57078 48.25592, -113.59304 48.26613, -113.6067 48.28166, -113.61726 48.29941, -113.62965 48.31626, -113.64093 48.33282, -113.6458 48.35053, -113.66246 48.36475, -113.68449 48.37538, -113.70195 48.38917, -113.71777 48.40444, -113.73408 48.41884, -113.76231 48.41987, -113.7888 48.42482, -113.80831 48.43757, -113.8212 48.45413, -113.83652 48.46918, -113.8506 48.48476, -113.87636 48.49066, -113.90322 48.49332, -113.92884 48.49957, -113.95489 48.49396, -113.98194 48.49564, -113.98813 48.51404, -114.00031 48.53015, -114.00474 48.5479, -114.01313 48.56503, -114.0283 48.58029, -114.03831 48.59702, -114.05495 48.61125, -114.07557 48.623, -114.10186 48.62824, -114.12905 48.62576, -114.15417 48.63366, -114.17356 48.64635, -114.18797 48.66179, -114.19785 48.67866, -114.21194 48.6947, -114.23329 48.70607, -114.25702 48.71492, -114.27316 48.72995, -114.28612 48.7461, -114.29166 48.76386, -114.28158 48.78062, -114.26624 48.79561, -114.24188 48.80378, -114.2236 48.81718, -114.20161 48.8281, -114.2017505 48.8285836)",day 59 driving GPS coords,
"LINESTRING (-113.5813625 48.2638904, -113.56697 48.24846, -113.55306 48.2328, -113.5272 48.23807, -113.50003 48.24053, -113.47427 48.24689, -113.45469 48.25983, -113.43496 48.27294, -113.42003 48.28798, -113.39372 48.29226, -113.37021 48.3012, -113.3552 48.31617, -113.33852 48.3304, -113.32017 48.34384, -113.29923 48.35525, -113.27984 48.36789, -113.26941 48.38457, -113.25277 48.39902, -113.23217 48.41143, -113.21173 48.42331, -113.21862 48.44075, -113.1969 48.45166, -113.17293 48.46034, -113.1501 48.47065, -113.1338 48.48518, -113.11635 48.49949, -113.09344 48.51112, -113.0712 48.5224, -113.04933 48.53348, -113.02894 48.54621, -113.05357 48.55596, -113.08089 48.55592, -113.10737 48.55142, -113.13306 48.54424, -113.16126 48.54766, -113.18754 48.54286, -113.21517 48.5435, -113.24329 48.54076, -113.2695 48.54654, -113.27479 48.56449, -113.27359 48.5825, -113.28159 48.59979, -113.29641 48.6154, -113.31151 48.63044, -113.31933 48.64772, -113.34046 48.65912, -113.34967 48.67606, -113.36935 48.68866, -113.39144 48.69925, -113.41442 48.70897, -113.41588 48.7273, -113.42913 48.74319, -113.45641 48.74034, -113.46944 48.72452, -113.48653 48.71044, -113.50759 48.69847, -113.53393 48.69371, -113.55998 48.68782, -113.58438 48.67974, -113.61015 48.67391, -113.6374 48.67589, -113.66208 48.6838, -113.66739 48.70145, -113.69397 48.69704, -113.72131 48.69742, -113.71935 48.71536, -113.74155 48.72581, -113.75497 48.7416, -113.77891 48.7503, -113.7621 48.7361, -113.77251 48.71938, -113.79383 48.70807, -113.81601 48.69754, -113.81954 48.67954, -113.83424 48.66437, -113.84384 48.64746, -113.86325 48.63484, -113.87427 48.61826, -113.88677 48.60222, -113.89807 48.58577, -113.915 48.57167, -113.93648 48.56059, -113.95389 48.54663, -113.97256 48.5334, -113.99019 48.51964, -113.98836 48.5016, -113.96127 48.49621, -113.93493 48.50107, -113.91078 48.49271, -113.88371 48.49401, -113.85735 48.48964, -113.84216 48.47449, -113.8265 48.45935, -113.81259 48.44345, -113.79549 48.42856, -113.76969 48.423, -113.74333 48.4184, -113.72125 48.40766, -113.70637 48.39227, -113.6877 48.37898, -113.6666 48.36714, -113.64919 48.35297, -113.64195 48.33542, -113.63169 48.31847, -113.61923 48.30237, -113.60787 48.28598, -113.60259 48.26822, -113.57669 48.262, -113.5657 48.24553, -113.54576 48.2332, -113.51901 48.23834, -113.49171 48.24166, -113.46754 48.25046, -113.44832 48.26384, -113.42961 48.27703, -113.41398 48.29171, -113.38732 48.29493, -113.36403 48.30413, -113.35128 48.32012, -113.33319 48.33357, -113.31459 48.3468, -113.29422 48.35899, -113.27831 48.37357, -113.26258 48.38835, -113.24759 48.40334, -113.22608 48.41461, -113.21169 48.43005, -113.2135 48.44807, -113.18812 48.45482, -113.16397 48.4636, -113.14419 48.47593, -113.12794 48.49038, -113.10894 48.50325, -113.08644 48.51467, -113.06472 48.52568, -113.04309 48.53669, -113.02594 48.55095, -113.00986 48.56566, -113.01594 48.58322, -113.02253 48.60081, -113.03598 48.61655, -113.04454 48.63504, -113.05547 48.65154, -113.07059 48.66776, -113.08568 48.68393, -113.10011 48.69938, -113.11741 48.71329, -113.13695 48.72586, -113.14895 48.74231, -113.1656 48.75721, -113.17893 48.77336, -113.19086 48.78956, -113.18806 48.80897, -113.19732 48.82616, -113.21396 48.84067, -113.21506 48.859, -113.24575 48.85887, -113.27324 48.85446, -113.30197 48.85402, -113.32938 48.85228, -113.35624 48.84867, -113.38326 48.84549, -113.41053 48.84729, -113.43415 48.8564, -113.45572 48.84406, -113.47974 48.83539, -113.507 48.8325, -113.53405 48.82974, -113.56154 48.826, -113.58695 48.81904, -113.61073 48.8098, -113.63697 48.80465, -113.6573338 48.7966532)",day 58 driving GPS coords,
"LINESTRING (-113.7175209 48.6956157, -113.71838 48.71373, -113.73897 48.72555, -113.75394 48.74071, -113.77761 48.75004, -113.76145 48.73554, -113.77285 48.71914, -113.79441 48.70798, -113.81619 48.69683, -113.8199 48.67887, -113.8348 48.66362, -113.84475 48.64684, -113.86196 48.63287, -113.87548 48.61701, -113.88744 48.60081, -113.89914 48.58455, -113.91676 48.57084, -113.93794 48.55939, -113.95616 48.54585, -113.97395 48.53214, -113.99022 48.51769, -113.98701 48.49962, -114.00081 48.48396, -113.99747 48.46588, -114.01646 48.45278, -114.03896 48.44222, -114.04343 48.42432, -114.04473 48.40632, -114.04509 48.38831, -114.04473 48.40632, -114.04343 48.42432, -114.03896 48.44222, -114.01666 48.45268, -113.99769 48.46559, -114.00103 48.48358, -113.98038 48.49527, -113.95315 48.49335, -113.92693 48.49806, -113.90003 48.49358, -113.8731 48.49, -113.84876 48.48179, -113.8336 48.46632, -113.81836 48.45135, -113.80406 48.4356, -113.78219 48.42491, -113.7567 48.41832, -113.72947 48.41786, -113.7156 48.40211, -113.69937 48.38769, -113.68285 48.37342, -113.65995 48.36227, -113.64375 48.34779, -113.63927 48.32989, -113.6271 48.31352, -113.61567 48.29699, -113.60732 48.2798, -113.58937 48.26628, -113.5813625 48.2638904)",day 57 driving GPS coords,
"LINESTRING (-113.4508944 46.8679298, -113.46297 46.8842, -113.45206 46.90079, -113.43898 46.91662, -113.43669 46.93459, -113.42769 46.95179, -113.41128 46.96602, -113.40377 46.98331, -113.38657 46.99706, -113.37187 47.01221, -113.37804 47.02973, -113.38781 47.04658, -113.39297 47.06422, -113.38957 47.08222, -113.40027 47.09959, -113.42301 47.10897, -113.44514 47.1191, -113.4541 47.13731, -113.47058 47.1517, -113.47789 47.16914, -113.48692 47.18639, -113.50455 47.1999, -113.51951 47.2148, -113.53031 47.23164, -113.54102 47.24828, -113.5526 47.26465, -113.56112 47.28174, -113.57115 47.29884, -113.57742 47.31643, -113.5824 47.33426, -113.58904 47.35172, -113.60694 47.36504, -113.62466 47.37855, -113.63842 47.39415, -113.65083 47.4102, -113.66279 47.42633, -113.64147 47.43756, -113.61841 47.44731, -113.64106 47.43762, -113.66789 47.43889, -113.67185 47.45699, -113.67519 47.47486, -113.6798 47.49274, -113.69111 47.50962, -113.70693 47.52444, -113.72606 47.54338, -113.74118 47.55839, -113.74991 47.57578, -113.75736 47.59451, -113.76021 47.61245, -113.7715 47.62912, -113.78348 47.6452, -113.79582 47.66175, -113.80789 47.67791, -113.81052 47.69598, -113.81627 47.71378, -113.82137 47.73152, -113.82366 47.75005, -113.82791 47.7683, -113.82876 47.78676, -113.82773 47.8049, -113.82992 47.82328, -113.83051 47.84187, -113.83264 47.86004, -113.83477 47.87801, -113.83311 47.89609, -113.83774 47.91387, -113.84715 47.93087, -113.87059 47.94, -113.88207 47.95631, -113.90271 47.96798, -113.91792 47.98299, -113.93504 47.99729, -113.95461 48.00964, -113.95821 48.0275, -113.97287 48.04285, -113.97451 48.06083, -113.97876 48.0787, -113.98971 48.09518, -114.01757 48.0954, -114.02946 48.11161, -114.01904 48.12824, -113.99804 48.13955, -113.971 48.13936, -113.97604 48.15704, -113.95241 48.16589, -113.97604 48.15704, -113.971 48.13936, -113.99804 48.13955, -114.01118 48.15588, -114.03078 48.16826, -114.05135 48.18007, -114.06748 48.19454, -114.07692 48.21146, -114.09377 48.22563, -114.12082 48.22563, -114.14793 48.22561, -114.16462 48.24021, -114.16455 48.25847, -114.16458 48.2765, -114.15962 48.29422, -114.15938 48.31229, -114.15937 48.33078, -114.15932 48.34912, -114.14674 48.36506, -114.12803 48.37832, -114.10298 48.38569, -114.0759 48.38534, -114.04867 48.38706, -114.04392 48.40484, -114.04407 48.42316, -114.03976 48.44121, -114.018 48.45208, -113.99859 48.46465, -114.00146 48.48265, -113.98116 48.49488, -113.95406 48.49367, -113.92808 48.49889, -113.90207 48.49353, -113.87532 48.49045, -113.84982 48.48372, -113.83513 48.46782, -113.81971 48.45267, -113.80613 48.43656, -113.78475 48.42485, -113.75931 48.41855, -113.73212 48.41905, -113.717 48.40361, -113.70113 48.38871, -113.68395 48.37477, -113.66184 48.36416, -113.64515 48.34999, -113.64047 48.33213, -113.629 48.31556, -113.61655 48.29835, -113.60677 48.28149, -113.59223 48.26616, -113.5813625 48.2638904)",day 56 driving GPS coords,
"LINESTRING (-116.0673368 44.5902044, -116.04849 44.60318, -116.0484 44.62282, -116.04862 44.64092, -116.05372 44.65856, -116.05253 44.67682, -116.05119 44.69485, -116.05853 44.71209, -116.07384 44.72651, -116.07833 44.74454, -116.07822 44.7631, -116.07679 44.78145, -116.07817 44.80051, -116.07812 44.81878, -116.08585 44.83674, -116.09081 44.85467, -116.09075 44.87331, -116.09373 44.89131, -116.11763 44.89753, -116.12827 44.91392, -116.14624 44.92683, -116.16633 44.93917, -116.17034 44.95702, -116.19231 44.96613, -116.21463 44.95726, -116.23991 44.95956, -116.26389 44.96581, -116.28084 44.97935, -116.28051 44.99738, -116.28037 45.01572, -116.28035 45.03397, -116.2844 45.05188, -116.29353 45.06916, -116.30485 45.08528, -116.30456 45.1033, -116.30054 45.12117, -116.28336 45.13452, -116.29632 45.15003, -116.30205 45.16759, -116.3023 45.18561, -116.3108 45.20261, -116.31826 45.21994, -116.32827 45.23726, -116.33644 45.2549, -116.34655 45.2716, -116.35528 45.28887, -116.36206 45.30632, -116.34866 45.32166, -116.34824 45.33991, -116.36011 45.35595, -116.35652 45.3741, -116.34758 45.39109, -116.33276 45.4058, -116.31643 45.41982, -116.31654 45.43851, -116.30802 45.45562, -116.30524 45.47353, -116.31815 45.48912, -116.29801 45.50057, -116.30467 45.51801, -116.30806 45.53592, -116.30045 45.55362, -116.3044 45.57155, -116.29232 45.58748, -116.27175 45.59836, -116.28296 45.61476, -116.28418 45.63278, -116.29234 45.64986, -116.29827 45.66739, -116.30699 45.68443, -116.31573 45.7014, -116.31317 45.71971, -116.31106 45.73769, -116.30727 45.7556, -116.29808 45.77249, -116.29139 45.78998, -116.28169 45.80672, -116.26675 45.82147, -116.24433 45.83107, -116.2393 45.84883, -116.23616 45.86688, -116.21811 45.88019, -116.19633 45.88999, -116.17653 45.90299, -116.15771 45.91642, -116.13467 45.92496, -116.11421 45.93631, -116.09806 45.95063, -116.09796 45.96904, -116.07339 45.97551, -116.04888 45.98267, -116.03203 45.99698, -116.01085 46.00743, -116.00493 46.02501, -115.98545 46.03698, -115.98055 46.05465, -115.97428 46.07245, -115.9781 46.09087, -115.97932 46.10893, -115.97707 46.12723, -115.97415 46.14512, -115.95194 46.13564, -115.93751 46.15075, -115.91102 46.15269, -115.88898 46.143, -115.86306 46.14123, -115.83873 46.14793, -115.8131 46.14453, -115.79152 46.13426, -115.77487 46.12035, -115.75627 46.13343, -115.73623 46.14489, -115.71009 46.14441, -115.68568 46.13824, -115.65966 46.13829, -115.63369 46.13819, -115.60784 46.13618, -115.58963 46.1492, -115.58593 46.16703, -115.57337 46.18281, -115.55169 46.19274, -115.54246 46.20957, -115.52447 46.22262, -115.49882 46.22566, -115.47298 46.22766, -115.44695 46.22785, -115.42092 46.22953, -115.40296 46.24254, -115.39609 46.25992, -115.39302 46.27779, -115.37796 46.29255, -115.36753 46.30906, -115.35289 46.32427, -115.33063 46.33366, -115.30941 46.34423, -115.29066 46.35682, -115.26724 46.36496, -115.25033 46.3787, -115.22867 46.38875, -115.20804 46.39995, -115.18506 46.4085, -115.16554 46.42044, -115.14145 46.42768, -115.11546 46.42935, -115.09639 46.44239, -115.07387 46.45161, -115.05101 46.46035, -115.02493 46.45861, -114.99945 46.46267, -114.97414 46.46736, -114.9492 46.47293, -114.92265 46.4734, -114.89569 46.47453, -114.87459 46.48528, -114.8522 46.49478, -114.8282 46.50208, -114.80227 46.50431, -114.7765 46.50755, -114.75211 46.51661, -114.72606 46.51466, -114.701 46.52007, -114.67812 46.52882, -114.67412 46.54661, -114.65522 46.55961, -114.6338 46.57003, -114.61181 46.5798, -114.59964 46.5958, -114.59141 46.61293, -114.58464 46.63044, -114.57977 46.64821, -114.57807 46.66628, -114.56439 46.68163, -114.54595 46.69537, -114.53353 46.71138, -114.53133 46.72931, -114.51888 46.74545, -114.49773 46.75621, -114.47493 46.76566, -114.4492 46.76963, -114.42564 46.77842, -114.39986 46.78255, -114.37601 46.7749, -114.3512 46.76891, -114.32622 46.76255, -114.29804 46.7606, -114.27265 46.76529, -114.24909 46.75681, -114.22201 46.75461, -114.19755 46.74798, -114.17108 46.74698, -114.1432 46.74615, -114.1187 46.75596, -114.0922 46.75682, -114.0852 46.77429, -114.10168 46.78872, -114.09875 46.80663, -114.08104 46.82062, -114.05874 46.83015, -114.03486 46.83819, -114.0151 46.85068, -114.00351 46.86698, -113.9772 46.86757, -113.95066 46.86695, -113.92599 46.87344, -113.90096 46.87901, -113.87825 46.86952, -113.85357 46.87653, -113.83436 46.88899, -113.80863 46.89301, -113.78219 46.89251, -113.75794 46.89954, -113.73204 46.90565, -113.7079 46.91402, -113.68256 46.90817, -113.65543 46.91151, -113.63437 46.90016, -113.61025 46.89148, -113.58465 46.88714, -113.55836 46.8848, -113.53115 46.88225, -113.50483 46.8795, -113.47807 46.88272, -113.4527 46.8775, -113.4508944 46.8679298)",day 55 driving GPS coords,
"LINESTRING (-117.7869325 41.54339, -117.78561 41.56267, -117.78434 41.58103, -117.78293 41.60057, -117.78139 41.6212, -117.78004 41.63927, -117.77868 41.65802, -117.77728 41.67681, -117.77582 41.69644, -117.77278 41.71456, -117.76518 41.73168, -117.75753 41.74891, -117.74979 41.76637, -117.74216 41.78355, -117.73431 41.8012, -117.72508 41.82193, -117.71742 41.83915, -117.70957 41.8569, -117.70869 41.87551, -117.70837 41.89783, -117.70809 41.91684, -117.70782 41.93532, -117.70921 41.95452, -117.7136 41.9726, -117.71798 41.99053, -117.71668 42.00918, -117.71935 42.02802, -117.72456 42.0465, -117.72974 42.06487, -117.73476 42.08264, -117.7399 42.10077, -117.74506 42.11908, -117.75003 42.13683, -117.75519 42.15503, -117.76068 42.1744, -117.76601 42.19323, -117.77111 42.2113, -117.77635 42.22972, -117.78144 42.24763, -117.78645 42.26533, -117.79155 42.28327, -117.79664 42.30118, -117.81321 42.31533, -117.82949 42.32924, -117.83773 42.34677, -117.84476 42.36556, -117.85128 42.38296, -117.85789 42.40062, -117.86545 42.42082, -117.8721 42.43859, -117.87883 42.45654, -117.88373 42.47533, -117.88293 42.4934, -117.8811 42.51134, -117.87913 42.53053, -117.87721 42.54948, -117.87531 42.56801, -117.87342 42.58648, -117.87144 42.6057, -117.8696 42.62377, -117.86767 42.64275, -117.86578 42.66112, -117.8638 42.68083, -117.86171 42.70062, -117.85967 42.72029, -117.8578 42.7383, -117.85573 42.75821, -117.8528 42.77612, -117.82662 42.77732, -117.80173 42.77716, -117.77785 42.78248, -117.75567 42.79131, -117.73701 42.80308, -117.71442 42.81032, -117.69188 42.81815, -117.66804 42.82408, -117.64597 42.83302, -117.62323 42.84063, -117.60272 42.85128, -117.57809 42.85582, -117.55426 42.86052, -117.53102 42.86809, -117.50783 42.87561, -117.48206 42.87787, -117.45739 42.87957, -117.43279 42.87905, -117.40802 42.87847, -117.3834 42.88224, -117.36056 42.89177, -117.33847 42.90034, -117.31164 42.90479, -117.2874 42.90796, -117.26399 42.91373, -117.24491 42.92531, -117.22564 42.93702, -117.20643 42.94866, -117.18779 42.96219, -117.16952 42.97512, -117.15051 42.98752, -117.1237 42.98821, -117.09665 42.98413, -117.07339 42.97828, -117.05968 42.99326, -117.06641 43.01086, -117.06671 43.02888, -117.07044 43.04717, -117.07025 43.066, -117.06564 43.08381, -117.05968 43.10136, -117.0544 43.11916, -117.0459 43.13666, -117.03956 43.15414, -117.03656 43.17206, -117.03911 43.1902, -117.04894 43.20718, -117.05311 43.22514, -117.04048 43.24203, -117.02077 43.25438, -117.00417 43.26829, -116.99025 43.28329, -116.98414 43.30111, -116.97476 43.31806, -116.96056 43.33285, -116.94705 43.34796, -116.92778 43.35942, -116.91566 43.37521, -116.90216 43.39034, -116.88016 43.39898, -116.86243 43.41156, -116.85953 43.42959, -116.8599 43.44768, -116.86592 43.46524, -116.86121 43.48308, -116.85876 43.5012, -116.85258 43.51879, -116.85155 43.5368, -116.82858 43.5453, -116.8037 43.547, -116.79229 43.56332, -116.79219 43.58281, -116.79257 43.60083, -116.76479 43.60312, -116.73936 43.60359, -116.71351 43.60387, -116.68802 43.60425, -116.66292 43.60447, -116.63793 43.60485, -116.61222 43.60489, -116.5874 43.60354, -116.56285 43.59967, -116.53802 43.59812, -116.51298 43.59925, -116.48777 43.59857, -116.46248 43.59568, -116.43765 43.59335, -116.41271 43.59336, -116.38751 43.59337, -116.36259 43.59423, -116.33791 43.59719, -116.31303 43.59718, -116.28816 43.59787, -116.26955 43.61004, -116.24703 43.61817, -116.2211 43.61904, -116.19998 43.60929, -116.22095 43.61918, -116.24439 43.62626, -116.26216 43.6389, -116.27975 43.65204, -116.28189 43.67011, -116.30366 43.67904, -116.31913 43.69357, -116.31881 43.71197, -116.30708 43.72802, -116.29786 43.74479, -116.27944 43.75694, -116.26558 43.77208, -116.26322 43.79006, -116.26596 43.80803, -116.25503 43.82424, -116.24003 43.83916, -116.22399 43.85316, -116.21251 43.86918, -116.2074 43.88683, -116.20138 43.90445, -116.19435 43.9221, -116.19489 43.94031, -116.19404 43.95834, -116.19221 43.97677, -116.18713 43.9944, -116.16997 44.00789, -116.1515 44.02016, -116.13419 44.03316, -116.13285 44.05119, -116.12057 44.06692, -116.11482 44.08443, -116.0997 44.0988, -116.10723 44.11601, -116.11519 44.1334, -116.11478 44.15146, -116.12095 44.16899, -116.1149 44.18647, -116.10936 44.20406, -116.10683 44.22202, -116.10284 44.24003, -116.08608 44.2535, -116.07244 44.26885, -116.08053 44.28632, -116.08803 44.30354, -116.06941 44.31565, -116.05675 44.33124, -116.03254 44.33666, -116.02374 44.35381, -116.01676 44.37114, -116.01058 44.38872, -115.9999 44.40537, -115.99952 44.42508, -115.99937 44.44428, -115.99924 44.46335, -115.99955 44.48146, -116.01614 44.4954, -116.03414 44.50859, -116.04278 44.52612, -116.02908 44.54128, -116.02898 44.5593, -116.03455 44.57689, -116.04092 44.59441, -116.06606 44.59645, -116.0673368 44.5902044)",day 54 driving GPS coords,
"LINESTRING (-118.9720209 37.6487114, -118.95258 37.63939, -118.9295 37.63961, -118.92537 37.65731, -118.937 37.67325, -118.94297 37.69061, -118.95197 37.70751, -118.96174 37.72388, -118.97344 37.73942, -118.9849 37.75498, -119.00214 37.76678, -119.01938 37.77857, -119.03435 37.79219, -119.04656 37.80738, -119.06138 37.82112, -119.07002 37.83784, -119.0817 37.85352, -119.08784 37.87113, -119.09109 37.8891, -119.09463 37.90732, -119.09824 37.92533, -119.10246 37.94302, -119.11885 37.95599, -119.13236 37.97065, -119.14032 37.98755, -119.15247 38.00303, -119.15747 38.02067, -119.15831 38.03877, -119.13932 38.05055, -119.1176 38.05693, -119.09423 38.06452, -119.07276 38.07149, -119.04957 38.07905, -119.02812 38.08602, -119.00623 38.09312, -118.98491 38.10003, -118.96251 38.10729, -118.94112 38.11422, -118.9198 38.12112, -118.89844 38.12802, -118.87638 38.13516, -118.85494 38.14208, -118.82933 38.15034, -118.80583 38.15791, -118.78449 38.16456, -118.76162 38.1671, -118.74255 38.1772, -118.72139 38.18439, -118.70014 38.19119, -118.68126 38.20153, -118.65914 38.20641, -118.64283 38.21912, -118.62593 38.23202, -118.61395 38.24959, -118.60608 38.26688, -118.6006 38.28453, -118.59507 38.30235, -118.5896 38.31989, -118.58382 38.33845, -118.57839 38.35601, -118.57888 38.37466, -118.58202 38.39267, -118.5954 38.40813, -118.60871 38.42281, -118.62691 38.4342, -118.63785 38.4503, -118.64478 38.46803, -118.64977 38.48559, -118.63727 38.5009, -118.62487 38.51625, -118.62726 38.53445, -118.64691 38.54535, -118.6664 38.55611, -118.68597 38.56696, -118.70287 38.57968, -118.70756 38.59735, -118.72009 38.61248, -118.74086 38.62034, -118.75171 38.63639, -118.75939 38.65355, -118.76859 38.67017, -118.77239 38.68811, -118.76539 38.70565, -118.7688 38.72357, -118.76758 38.74196, -118.75942 38.75907, -118.75022 38.77567, -118.75657 38.79363, -118.76472 38.81087, -118.77258 38.82855, -118.77748 38.84631, -118.78684 38.86293, -118.79589 38.88001, -118.80016 38.8978, -118.80464 38.91636, -118.80889 38.93406, -118.81041 38.95202, -118.80902 38.97007, -118.80583 38.9895, -118.80282 39.00774, -118.7998 39.02634, -118.79682 39.04432, -118.78782 39.06093, -118.78305 39.07856, -118.78014 39.09694, -118.77106 39.11359, -118.76031 39.13031, -118.74774 39.14636, -118.73991 39.16479, -118.74043 39.18409, -118.741 39.20607, -118.74312 39.22404, -118.75385 39.24064, -118.76451 39.25699, -118.77559 39.27399, -118.78241 39.29198, -118.7822 39.31122, -118.78204 39.33264, -118.78186 39.35067, -118.78158 39.36939, -118.78144 39.38743, -118.78165 39.40543, -118.78165 39.42399, -118.78163 39.44203, -118.78164 39.46007, -118.77696 39.47844, -118.77224 39.49611, -118.77304 39.51425, -118.76883 39.53253, -118.77242 39.55121, -118.77615 39.57057, -118.77966 39.58881, -118.78325 39.60741, -118.78374 39.62599, -118.78225 39.64447, -118.78079 39.66278, -118.7793 39.68127, -118.77307 39.6995, -118.76922 39.71783, -118.76898 39.73833, -118.76881 39.75663, -118.77032 39.77536, -118.77177 39.79343, -118.7734 39.81338, -118.77492 39.83231, -118.77634 39.8506, -118.77044 39.86888, -118.75495 39.88883, -118.75138 39.91033, -118.74987 39.92872, -118.74081 39.94536, -118.71986 39.95362, -118.70137 39.96477, -118.68905 39.98022, -118.68068 39.99705, -118.67623 40.01481, -118.66919 40.03213, -118.65968 40.04861, -118.64743 40.06415, -118.62977 40.07603, -118.60947 40.08513, -118.5889 40.09404, -118.56788 40.10314, -118.54727 40.11338, -118.52859 40.12443, -118.51035 40.13588, -118.49591 40.15026, -118.48539 40.16642, -118.46959 40.18058, -118.45171 40.1923, -118.43024 40.20029, -118.41499 40.2149, -118.40022 40.23027, -118.38627 40.24478, -118.37301 40.2599, -118.36282 40.27619, -118.35232 40.29271, -118.33988 40.30855, -118.32761 40.32413, -118.31539 40.33959, -118.30865 40.3569, -118.30458 40.3747, -118.30051 40.39244, -118.29644 40.41017, -118.29233 40.42812, -118.28825 40.44584, -118.28517 40.4637, -118.28346 40.48176, -118.28174 40.49998, -118.28004 40.51792, -118.27829 40.53627, -118.2766 40.5543, -118.26897 40.57134, -118.25851 40.58831, -118.24787 40.60446, -118.23131 40.61752, -118.21446 40.63028, -118.19374 40.64087, -118.17211 40.6497, -118.14915 40.65612, -118.12675 40.66238, -118.10333 40.66892, -118.08016 40.67538, -118.05991 40.68481, -118.04989 40.70119, -118.04037 40.71769, -118.03084 40.73421, -118.02128 40.75079, -118.01165 40.76748, -118.00214 40.78397, -117.99213 40.80131, -117.9826 40.81782, -117.97229 40.83415, -117.95784 40.85123, -117.94386 40.86775, -117.92709 40.88073, -117.90651 40.88981, -117.88582 40.89894, -117.86516 40.90806, -117.84312 40.91586, -117.8212 40.92292, -117.79981 40.93093, -117.77995 40.941, -117.75806 40.94811, -117.7473 40.96424, -117.73272 40.97853, -117.71929 40.99342, -117.73063 41.00935, -117.72511 41.02693, -117.71973 41.0445, -117.71374 41.06387, -117.70805 41.08229, -117.70224 41.10106, -117.6968 41.1187, -117.69056 41.1389, -117.68509 41.15657, -117.67967 41.17415, -117.68078 41.19277, -117.68304 41.21206, -117.68524 41.23094, -117.68739 41.2495, -117.6896 41.26848, -117.69173 41.28687, -117.69597 41.30475, -117.70553 41.32157, -117.72052 41.33562, -117.73689 41.34962, -117.75137 41.36432, -117.76603 41.3792, -117.78046 41.39388, -117.78818 41.41158, -117.79045 41.42959, -117.79273 41.44778, -117.79284 41.466, -117.79141 41.48549, -117.79005 41.50362, -117.78869 41.52211, -117.78733 41.54044, -117.7869325 41.54339)",day 53 driving GPS coords,
"LINESTRING (-118.9890573 37.5913864, -119.00013 37.60709, -119.00607 37.62451, -118.99508 37.64041, -118.97458 37.64864, -118.9720209 37.6487114)",day 52 driving GPS coords,
"LINESTRING (-118.9720209 37.6487114, -118.99337 37.64238, -119.00521 37.62684, -119.00126 37.60899, -118.99139 37.59276, -118.9890573 37.5913864)",day 51 driving GPS coords,
"LINESTRING (-117.92952 37.4236491, -117.94944 37.43245, -117.96107 37.41701, -117.97554 37.40274, -117.98618 37.38618, -118.00071 37.3708, -118.01434 37.35637, -118.02859 37.34126, -118.04427 37.32792, -118.06612 37.32281, -118.08865 37.31899, -118.11027 37.31353, -118.13284 37.31113, -118.15502 37.3147, -118.15343 37.2966, -118.1732 37.30544, -118.18195 37.32203, -118.18394 37.34005, -118.18794 37.35798, -118.18282 37.37555, -118.18802 37.35804, -118.18381 37.34033, -118.18215 37.32235, -118.17329 37.30572, -118.16145 37.29011, -118.15161 37.2738, -118.15752 37.25643, -118.17749 37.24801, -118.19782 37.24015, -118.21322 37.22693, -118.23185 37.21672, -118.2435 37.20115, -118.25662 37.18396, -118.27502 37.17338, -118.2974 37.18088, -118.31182 37.19553, -118.32622 37.21002, -118.34034 37.22422, -118.35149 37.24036, -118.36042 37.25755, -118.36911 37.27426, -118.37435 37.29188, -118.38276 37.3091, -118.39163 37.32612, -118.39501 37.34462, -118.39527 37.36284, -118.4113 37.37585, -118.43415 37.37586, -118.45745 37.37581, -118.47899 37.38148, -118.4996 37.38931, -118.52039 37.39725, -118.54171 37.4054, -118.55545 37.42011, -118.56718 37.43553, -118.57371 37.45368, -118.58007 37.47114, -118.5817 37.48926, -118.58295 37.50748, -118.59933 37.52004, -118.62126 37.52496, -118.63832 37.53694, -118.64681 37.55433, -118.66822 37.56053, -118.68981 37.56694, -118.71172 37.5719, -118.73457 37.57387, -118.75722 37.57696, -118.7779 37.58515, -118.79624 37.59589, -118.80871 37.61106, -118.82851 37.61991, -118.8506 37.62594, -118.8724 37.6319, -118.89511 37.63699, -118.91767 37.64107, -118.94099 37.64156, -118.9629 37.64658, -118.9720209 37.6487114)",day 50 driving GPS coords,
"LINESTRING (-118.9500321 37.6537675, -118.93584 37.63954, -118.91306 37.63929, -118.8906 37.63606, -118.86864 37.63051, -118.84639 37.62443, -118.8242 37.61837, -118.80659 37.60698, -118.79318 37.59245, -118.77313 37.58266, -118.75246 37.57519, -118.7297 37.57421, -118.70636 37.57155, -118.68537 37.56455, -118.66345 37.55955, -118.64267 37.55199, -118.63597 37.5348, -118.61873 37.52239, -118.596 37.51815, -118.58342 37.50281, -118.58214 37.48416, -118.58013 37.46614, -118.57274 37.44899, -118.56474 37.43204, -118.5539 37.41622, -118.53759 37.40344, -118.51546 37.39499, -118.49388 37.38705, -118.47333 37.37921, -118.45087 37.37584, -118.42752 37.37583, -118.40484 37.37588, -118.39523 37.35956, -118.39505 37.34082, -118.3901 37.32287, -118.38143 37.30623, -118.37405 37.28877, -118.36749 37.27081, -118.3587 37.25391, -118.34983 37.23684, -118.33739 37.22106, -118.32317 37.20676, -118.30909 37.19257, -118.29512 37.17841, -118.27334 37.17356, -118.25331 37.18511, -118.2435 37.20143, -118.2317 37.21679, -118.21304 37.22701, -118.19766 37.24029, -118.17716 37.24803, -118.15728 37.2567, -118.15152 37.27425, -118.15283 37.29231, -118.1563 37.31011, -118.13369 37.31108, -118.1112 37.31335, -118.08931 37.31888, -118.06711 37.32265, -118.04479 37.3278, -118.02859 37.34126, -118.01476 37.35592, -118.00089 37.37061, -117.98654 37.3858, -117.97591 37.40199, -117.96132 37.41579, -117.95248 37.43239, -117.93641 37.44538, -117.91817 37.45607, -117.91555 37.47429, -117.898 37.48665, -117.87492 37.48537, -117.85343 37.47567, -117.83287 37.46647, -117.81168 37.4598, -117.79023 37.45246, -117.76871 37.45861, -117.74759 37.4671, -117.72609 37.46091, -117.70623 37.45212, -117.68824 37.44073, -117.67094 37.42907, -117.64841 37.42633, -117.62535 37.42495, -117.60229 37.42487, -117.58013 37.42958, -117.55857 37.43521, -117.53773 37.4424, -117.5172 37.45023, -117.49584 37.45649, -117.47524 37.44837, -117.45268 37.44576, -117.43032 37.44211, -117.40747 37.444, -117.38476 37.44436, -117.3617 37.44471, -117.33859 37.44506, -117.31587 37.44405, -117.29395 37.43913, -117.27084 37.44174, -117.25062 37.45162, -117.23176 37.46285, -117.21465 37.47723, -117.19886 37.49047, -117.17902 37.48116, -117.17361 37.46358, -117.16673 37.44616, -117.15987 37.42889, -117.15294 37.41129, -117.14576 37.39309, -117.13231 37.37659, -117.11802 37.36256, -117.10374 37.34851, -117.08945 37.33446, -117.07512 37.32035, -117.06046 37.3059, -117.0455 37.29117, -117.03126 37.27713, -117.01626 37.26233, -117.00207 37.24832, -116.98698 37.23341, -116.97258 37.21918, -116.95828 37.20508, -116.94354 37.19062, -116.92773 37.17777, -116.90883 37.16744, -116.88941 37.15682, -116.86994 37.14618, -116.85039 37.13547, -116.83172 37.12525, -116.81245 37.11469, -116.79798 37.10086, -116.7892 37.08415, -116.78022 37.06705, -116.77174 37.04926, -116.75916 37.03365, -116.74005 37.02102, -116.72644 37.00661, -116.72515 36.98849, -116.7214 36.97048, -116.71479 36.95322, -116.72569 36.93719, -116.74118 36.92352, -116.75684 36.91057, -116.75164 36.89287, -116.75425 36.87456, -116.75736 36.85636, -116.75106 36.83895, -116.74086 36.82258, -116.72563 36.80887, -116.70995 36.79474, -116.69466 36.78096, -116.67804 36.76758, -116.66184 36.75469, -116.64591 36.74182, -116.62967 36.72875, -116.61131 36.71779, -116.59262 36.70676, -116.57435 36.69605, -116.55465 36.68644, -116.53508 36.67711, -116.51302 36.67141, -116.4915 36.66615, -116.46909 36.66067, -116.44741 36.65535, -116.42531 36.64994, -116.40301 36.64447, -116.38078 36.63901, -116.35907 36.63367, -116.33672 36.63166, -116.31363 36.62857, -116.29349 36.6205, -116.27351 36.6118, -116.25368 36.60319, -116.23269 36.59405, -116.21263 36.58531, -116.19289 36.57671, -116.17005 36.5714, -116.1466 36.56809, -116.12323 36.56476, -116.1011 36.56165, -116.08003 36.56883, -116.06461 36.5821, -116.04383 36.58962, -116.02196 36.59366, -116.00007 36.59756, -115.97802 36.60141, -115.95545 36.59769, -115.93443 36.59144, -115.91327 36.58515, -115.89223 36.5789, -115.87063 36.57309, -115.84773 36.5707, -115.82528 36.56837, -115.80277 36.56849, -115.77956 36.5714, -115.75735 36.57414, -115.73334 36.57685, -115.71022 36.57969, -115.68765 36.57892, -115.66479 36.57762, -115.64218 36.57577, -115.62248 36.56645, -115.60361 36.55557, -115.58512 36.5449, -115.56643 36.5341, -115.5444 36.52136, -115.52622 36.51087, -115.50475 36.49846, -115.48574 36.48745, -115.46493 36.4754, -115.44731 36.46416, -115.43597 36.44676, -115.4265 36.43041, -115.41422 36.41399, -115.3975 36.40016, -115.37895 36.38481, -115.36089 36.36985, -115.34525 36.35689, -115.32952 36.34384, -115.31487 36.32992, -115.3013 36.31506, -115.28812 36.30054, -115.27478 36.28595, -115.26157 36.27138, -115.24829 36.25689, -115.24699 36.23886, -115.24701 36.22052, -115.24474 36.20261, -115.24462 36.18404, -115.22566 36.17399, -115.20339 36.17325, -115.18078 36.1751, -115.15843 36.17431, -115.16168 36.1565, -115.17126 36.14003, -115.16074 36.15618, -115.15736 36.17401, -115.17959 36.17542, -115.2018 36.17367, -115.22429 36.17423, -115.24431 36.18253, -115.24438 36.20072, -115.24667 36.21864, -115.24672 36.23671, -115.24686 36.25481, -115.25956 36.26987, -115.27349 36.28507, -115.28702 36.2999, -115.30053 36.31466, -115.31387 36.32928, -115.32817 36.34315, -115.34376 36.35608, -115.35937 36.36904, -115.37546 36.38236, -115.39278 36.39669, -115.4087 36.40986, -115.42298 36.42503, -115.43248 36.44145, -115.44218 36.4582, -115.45741 36.47144, -115.47659 36.48253, -115.49483 36.49311, -115.51308 36.50367, -115.53484 36.51621, -115.55456 36.52757, -115.57273 36.5381, -115.5911 36.54871, -115.60935 36.55924, -115.62894 36.57054, -115.65016 36.57699, -115.67333 36.57831, -115.69645 36.57961, -115.71951 36.57877, -115.74189 36.57603, -115.76781 36.57316, -115.79179 36.57018, -115.81427 36.56772, -115.83689 36.5699, -115.86007 36.57229, -115.88271 36.57638, -115.90413 36.58274, -115.92541 36.58907, -115.94712 36.59552, -115.96839 36.60141, -115.99167 36.59941, -116.01385 36.59516, -116.03596 36.59107, -116.05773 36.58627, -116.07512 36.57306, -116.09269 36.5615, -116.11566 36.56372, -116.13773 36.56684, -116.16146 36.57019, -116.1839 36.57351, -116.20428 36.58168, -116.22528 36.59082, -116.24744 36.60048, -116.26715 36.60905, -116.287 36.61765, -116.30777 36.62531, -116.32904 36.63163, -116.35149 36.63194, -116.37322 36.63716, -116.39485 36.6425, -116.4167 36.64783, -116.43853 36.65318, -116.46 36.65845, -116.48151 36.66371, -116.50358 36.66911, -116.52539 36.67443, -116.54629 36.68236, -116.5681 36.693, -116.58675 36.70329, -116.60549 36.71436, -116.62423 36.72541, -116.64087 36.73773, -116.65703 36.7508, -116.67325 36.76391, -116.68977 36.77655, -116.70861 36.79353, -116.72374 36.80716, -116.73868 36.82062, -116.75014 36.83714, -116.75723 36.85589, -116.75425 36.87456, -116.75164 36.89287, -116.7572 36.91031, -116.74156 36.92332, -116.72569 36.93719, -116.71479 36.95322, -116.7214 36.97048, -116.72515 36.98849, -116.72644 37.00661, -116.74005 37.02102, -116.7588 37.03315, -116.77142 37.0486, -116.77966 37.06598, -116.78854 37.0829, -116.79782 37.10055, -116.81245 37.11469, -116.8315 37.12513, -116.85022 37.13538, -116.86994 37.14618, -116.88874 37.15646, -116.90798 37.16697, -116.92697 37.17737, -116.94354 37.19062, -116.95786 37.20466, -116.97216 37.21876, -116.98633 37.23278, -117.00092 37.24719, -117.0154 37.26149, -117.02998 37.27587, -117.04423 37.28991, -117.05872 37.3042, -117.07339 37.31864, -117.08796 37.33298, -117.10305 37.34784, -117.11733 37.36188, -117.13163 37.37593, -117.145 37.39115, -117.15185 37.40854, -117.15888 37.42638, -117.16591 37.44409, -117.17271 37.46132, -117.17846 37.4791, -117.18327 37.49687, -117.20313 37.4869, -117.21963 37.47304, -117.23688 37.45857, -117.25795 37.44803, -117.2779 37.43916, -117.30055 37.44061, -117.32274 37.44497, -117.3456 37.44495, -117.36889 37.4446, -117.39256 37.44423, -117.41544 37.44388, -117.43791 37.44102, -117.45972 37.44609, -117.4811 37.45227, -117.50375 37.45408, -117.52388 37.44569, -117.54559 37.43985, -117.56775 37.43539, -117.58699 37.42547, -117.61002 37.42477, -117.63316 37.42567, -117.65619 37.42578, -117.67615 37.43447, -117.69604 37.44478, -117.71439 37.45577, -117.73503 37.46326, -117.75772 37.46485, -117.7759 37.45382, -117.79891 37.45579, -117.82026 37.46248, -117.84094 37.47003, -117.86072 37.47895, -117.88121 37.4867, -117.90398 37.48667, -117.91606 37.4708, -117.91957 37.45277, -117.93917 37.44374, -117.93591 37.42592, -117.92952 37.4236491)",day 49 driving GPS coords,
"LINESTRING (-119.0360972 37.6518645, -119.01356 37.64864, -118.99288 37.6562, -118.97234 37.64824, -118.95042 37.65374, -118.9500321 37.6537675)",day 48 driving GPS coords,
"LINESTRING (-118.9720209 37.6487114, -118.99337 37.64238, -119.00521 37.62684, -119.00126 37.60899, -119.00525 37.62673, -118.99337 37.64238, -119.01469 37.64891, -119.0364796 37.6515407)",day 47 driving GPS coords,
"LINESTRING (-119.6009073 37.741001, -119.61519 37.72695, -119.63771 37.72437, -119.65957 37.71941, -119.68247 37.71915, -119.70397 37.72535, -119.72415 37.71675, -119.74583 37.72271, -119.75849 37.73768, -119.77839 37.74652, -119.79923 37.75385, -119.77662 37.75641, -119.76252 37.77062, -119.7454 37.78252, -119.7244 37.78965, -119.71591 37.80655, -119.70427 37.82213, -119.69143 37.83723, -119.67375 37.8486, -119.65136 37.85203, -119.62842 37.85056, -119.6056 37.85019, -119.58279 37.84897, -119.57938 37.83082, -119.57414 37.81312, -119.55304 37.8063, -119.53127 37.81188, -119.50949 37.81722, -119.48741 37.81252, -119.47169 37.82555, -119.45228 37.83807, -119.44007 37.85342, -119.42877 37.86964, -119.40758 37.87644, -119.38508 37.87338, -119.36227 37.87243, -119.34079 37.87882, -119.3177 37.88056, -119.29495 37.8789, -119.27289 37.88349, -119.25972 37.89819, -119.25664 37.91629, -119.24901 37.93324, -119.22897 37.94216, -119.20856 37.95024, -119.18652 37.94522, -119.17237 37.931, -119.1499 37.93437, -119.12752 37.94057, -119.10589 37.94652, -119.09934 37.92848, -119.09577 37.90997, -119.0923 37.89183, -119.08861 37.8729, -119.0844 37.85472, -119.07526 37.8381, -119.06251 37.82238, -119.04801 37.8083, -119.03603 37.79296, -119.02034 37.77972, -119.00327 37.76768, -118.98606 37.75575, -118.97445 37.74009, -118.96316 37.7243, -118.95282 37.70816, -118.94389 37.6916, -118.93834 37.67406, -118.92661 37.65865, -118.91889 37.64172, -118.94199 37.642, -118.9643 37.64666, -118.9720209 37.6487114)",day 46 driving GPS coords,
"LINESTRING (-119.0095306 37.919243, -119.03139 37.92439, -119.04853 37.91249, -119.06645 37.90073, -119.08547 37.88949, -119.09439 37.90608, -119.09806 37.92444, -119.10198 37.94218, -119.12494 37.94014, -119.14735 37.93565, -119.1693 37.9304, -119.18455 37.9438, -119.2059 37.95015, -119.22755 37.94423, -119.24902 37.93807, -119.25493 37.92069, -119.26012 37.90273, -119.26993 37.88639, -119.29003 37.8779, -119.31275 37.88045, -119.33621 37.88044, -119.35766 37.87409, -119.38086 37.87361, -119.40148 37.88133, -119.42239 37.87399, -119.43628 37.8594, -119.44745 37.84336, -119.46601 37.83288, -119.47935 37.81798, -119.50177 37.81374, -119.52488 37.81375, -119.54589 37.80673, -119.56863 37.80823, -119.58018 37.82382, -119.57459 37.84193, -119.59613 37.84794, -119.61886 37.84926, -119.6398 37.85644, -119.66175 37.85158, -119.68206 37.84328, -119.69972 37.83184, -119.71288 37.81713, -119.7185 37.79956, -119.73651 37.78811, -119.75255 37.77521, -119.77312 37.76714, -119.79188 37.7569, -119.77571 37.74407, -119.7584 37.73238, -119.74232 37.71948, -119.71975 37.72182, -119.69698 37.7233, -119.67495 37.71833, -119.6521 37.71765, -119.62957 37.72058, -119.60818 37.7274, -119.59262 37.74072, -119.6009073 37.741001)",day 44 driving GPS coords,
"LINESTRING (-116.9365896 34.2263054, -116.92122 34.23923, -116.89998 34.24352, -116.88362 34.25607, -116.86224 34.26044, -116.84423 34.2713, -116.82249 34.27249, -116.82029 34.29042, -116.79902 34.29456, -116.80798 34.31112, -116.82176 34.32528, -116.83804 34.33726, -116.84755 34.35348, -116.85896 34.36928, -116.87251 34.3835, -116.88735 34.39701, -116.90223 34.41094, -116.91978 34.42271, -116.93707 34.43373, -116.94585 34.45034, -116.94557 34.46961, -116.94542 34.48778, -116.94529 34.50616, -116.94523 34.52427, -116.94525 34.54228, -116.95654 34.56033, -116.96759 34.57621, -116.97657 34.59276, -116.97236 34.61139, -116.95675 34.62626, -116.9443 34.64161, -116.95146 34.65863, -116.96251 34.6742, -116.97168 34.69071, -116.98088 34.70731, -116.99021 34.72425, -117.0001 34.74205, -117.00917 34.75847, -117.01485 34.77649, -117.02052 34.79497, -117.0259 34.81258, -117.02581 34.8307, -117.01508 34.84639, -117.01824 34.86442, -117.02285 34.8823, -117.00286 34.88993, -116.98639 34.90198, -116.96557 34.90784, -116.94394 34.90458, -116.92215 34.90133, -116.90011 34.90099, -116.87825 34.90363, -116.85569 34.90675, -116.83346 34.90978, -116.8115 34.91064, -116.78961 34.91411, -116.76821 34.91852, -116.74683 34.92292, -116.72544 34.92733, -116.70607 34.93595, -116.68689 34.94495, -116.66732 34.9536, -116.64785 34.96212, -116.62838 34.97062, -116.60847 34.97932, -116.58833 34.9881, -116.56868 34.99668, -116.54873 35.00454, -116.52861 35.01177, -116.50809 35.01914, -116.4879 35.02639, -116.46798 35.03434, -116.45075 35.04561, -116.43357 35.05685, -116.41631 35.06815, -116.39862 35.07883, -116.37724 35.08331, -116.35473 35.08596, -116.33272 35.08734, -116.3112 35.09102, -116.29106 35.09838, -116.26911 35.10028, -116.25018 35.10949, -116.23215 35.11984, -116.21443 35.13059, -116.20087 35.14507, -116.18626 35.16091, -116.17286 35.17543, -116.15745 35.1904, -116.13611 35.19607, -116.1174 35.2057, -116.10774 35.22211, -116.09813 35.23844, -116.08733 35.25426, -116.06989 35.2653, -116.05243 35.27632, -116.03613 35.28995, -116.01864 35.30097, -115.99975 35.31287, -115.98223 35.32391, -115.96307 35.33597, -115.94526 35.34717, -115.92711 35.35858, -115.90884 35.36886, -115.88797 35.3753, -115.86707 35.38173, -115.84586 35.38824, -115.82499 35.39424, -115.80361 35.3993, -115.78288 35.40558, -115.76258 35.41273, -115.74232 35.41988, -115.72177 35.42713, -115.70146 35.4343, -115.68085 35.44156, -115.66033 35.4488, -115.63914 35.45626, -115.61865 35.46346, -115.59715 35.47101, -115.57552 35.47465, -115.55331 35.47083, -115.53109 35.46831, -115.50882 35.46932, -115.48698 35.46581, -115.46528 35.46217, -115.44841 35.4738, -115.44088 35.4909, -115.43336 35.5085, -115.42608 35.52553, -115.41881 35.54252, -115.41139 35.55971, -115.40412 35.57675, -115.39679 35.59384, -115.38943 35.61101, -115.38536 35.6289, -115.38221 35.64746, -115.37901 35.66629, -115.3758 35.6843, -115.3697 35.70171, -115.36347 35.71939, -115.35675 35.73851, -115.34719 35.7548, -115.33583 35.77026, -115.32442 35.78581, -115.31291 35.80147, -115.30137 35.8172, -115.28784 35.83162, -115.27262 35.84487, -115.25601 35.85937, -115.24081 35.87257, -115.22488 35.88642, -115.21302 35.90193, -115.20195 35.91766, -115.19091 35.93331, -115.18216 35.95015, -115.18144 35.96838, -115.18072 35.98662, -115.18033 36.00512, -115.18053 36.02337, -115.18066 36.0427, -115.18059 36.06079, -115.18059 36.07905, -115.18054 36.09734, -115.18026 36.11533, -115.17582 36.13305, -115.16623 36.14937, -115.15958 36.16677, -115.17915 36.17542, -115.20147 36.17372, -115.22384 36.17422, -115.24431 36.18141, -115.24437 36.2002, -115.24666 36.21848, -115.24672 36.23671, -115.24686 36.25481, -115.25956 36.26987, -115.27349 36.28507, -115.28702 36.2999, -115.30053 36.31466, -115.31387 36.32928, -115.32817 36.34315, -115.34376 36.35608, -115.35937 36.36904, -115.37546 36.38236, -115.39278 36.39669, -115.4087 36.40986, -115.42298 36.42503, -115.43248 36.44145, -115.44218 36.4582, -115.45741 36.47144, -115.47659 36.48253, -115.49483 36.49311, -115.51308 36.50367, -115.53484 36.51621, -115.55456 36.52757, -115.57273 36.5381, -115.5911 36.54871, -115.60935 36.55924, -115.62894 36.57054, -115.65016 36.57699, -115.67333 36.57831, -115.69645 36.57961, -115.71951 36.57877, -115.74189 36.57603, -115.76781 36.57316, -115.79179 36.57018, -115.81427 36.56772, -115.83689 36.5699, -115.86007 36.57229, -115.88271 36.57638, -115.90413 36.58274, -115.92541 36.58907, -115.94712 36.59552, -115.96839 36.60141, -115.99167 36.59941, -116.01385 36.59516, -116.03596 36.59107, -116.05773 36.58627, -116.07512 36.57306, -116.09269 36.5615, -116.11566 36.56372, -116.13773 36.56684, -116.16146 36.57019, -116.1839 36.57351, -116.20428 36.58168, -116.22528 36.59082, -116.24744 36.60048, -116.26715 36.60905, -116.287 36.61765, -116.30777 36.62531, -116.32904 36.63163, -116.35149 36.63194, -116.37322 36.63716, -116.39485 36.6425, -116.4167 36.64783, -116.43853 36.65318, -116.46 36.65845, -116.48151 36.66371, -116.50358 36.66911, -116.52539 36.67443, -116.54629 36.68236, -116.5681 36.693, -116.58675 36.70329, -116.60549 36.71436, -116.62423 36.72541, -116.64087 36.73773, -116.65703 36.7508, -116.67325 36.76391, -116.68977 36.77655, -116.70861 36.79353, -116.72374 36.80716, -116.73868 36.82062, -116.75014 36.83714, -116.75723 36.85589, -116.75425 36.87456, -116.75164 36.89287, -116.7572 36.91031, -116.74156 36.92332, -116.72569 36.93719, -116.71479 36.95322, -116.7214 36.97048, -116.72515 36.98849, -116.72644 37.00661, -116.74005 37.02102, -116.7588 37.03315, -116.77142 37.0486, -116.77966 37.06598, -116.78854 37.0829, -116.79782 37.10055, -116.81245 37.11469, -116.8315 37.12513, -116.85022 37.13538, -116.86994 37.14618, -116.88874 37.15646, -116.90798 37.16697, -116.92697 37.17737, -116.94354 37.19062, -116.95786 37.20466, -116.97216 37.21876, -116.98633 37.23278, -117.00092 37.24719, -117.0154 37.26149, -117.02998 37.27587, -117.04423 37.28991, -117.05872 37.3042, -117.07339 37.31864, -117.08796 37.33298, -117.10305 37.34784, -117.11733 37.36188, -117.13163 37.37593, -117.145 37.39115, -117.15185 37.40854, -117.15888 37.42638, -117.16591 37.44409, -117.17271 37.46132, -117.17846 37.4791, -117.18327 37.49687, -117.20313 37.4869, -117.21963 37.47304, -117.23688 37.45857, -117.25795 37.44803, -117.2779 37.43916, -117.30055 37.44061, -117.32274 37.44497, -117.3456 37.44495, -117.36889 37.4446, -117.39256 37.44423, -117.41544 37.44388, -117.43791 37.44102, -117.45972 37.44609, -117.4811 37.45227, -117.50375 37.45408, -117.52388 37.44569, -117.54559 37.43985, -117.56775 37.43539, -117.58699 37.42547, -117.61002 37.42477, -117.63316 37.42567, -117.65619 37.42578, -117.67615 37.43447, -117.69604 37.44478, -117.71439 37.45577, -117.73503 37.46326, -117.75772 37.46485, -117.7759 37.45382, -117.79891 37.45579, -117.82026 37.46248, -117.84094 37.47003, -117.86072 37.47895, -117.88121 37.4867, -117.90398 37.48667, -117.92543 37.49265, -117.93406 37.50961, -117.94463 37.52609, -117.95599 37.54172, -117.96879 37.55719, -117.98167 37.57269, -117.99719 37.58813, -118.01293 37.60336, -118.02787 37.61783, -118.04245 37.63206, -118.04988 37.64916, -118.06223 37.66492, -118.08111 37.67666, -118.08994 37.69359, -118.09221 37.71158, -118.09405 37.7296, -118.09543 37.74764, -118.09697 37.76747, -118.09855 37.78811, -118.09993 37.80629, -118.10132 37.82447, -118.1028 37.84367, -118.1042 37.86178, -118.10561 37.8803, -118.10704 37.89871, -118.11599 37.91533, -118.13247 37.9281, -118.14999 37.94003, -118.15867 37.95684, -118.16956 37.97291, -118.18569 37.98664, -118.19732 38.00215, -118.21946 38.00816, -118.24089 38.01558, -118.26357 38.01818, -118.28049 38.0029, -118.30069 37.99411, -118.319 37.98289, -118.33605 37.97069, -118.35478 37.96032, -118.37382 37.94977, -118.38985 37.93648, -118.40602 37.9234, -118.42294 37.91059, -118.43961 37.89796, -118.45608 37.88513, -118.47022 37.87065, -118.47515 37.85308, -118.47887 37.83531, -118.4867 37.81842, -118.50894 37.82369, -118.52302 37.80945, -118.53222 37.79293, -118.55202 37.78403, -118.57145 37.79459, -118.57992 37.81133, -118.58884 37.82894, -118.5973 37.84564, -118.60578 37.86239, -118.61964 37.8771, -118.63813 37.8892, -118.65856 37.89887, -118.67886 37.90847, -118.69832 37.91792, -118.7199 37.91205, -118.73998 37.90341, -118.75891 37.89281, -118.7817 37.89202, -118.80423 37.88845, -118.82702 37.88942, -118.84431 37.90117, -118.86403 37.89148, -118.88514 37.88359, -118.90001 37.86996, -118.92271 37.87288, -118.94283 37.88147, -118.96346 37.88927, -118.98159 37.9002, -118.99855 37.91225, -119.0095306 37.919243)",day 43 driving GPS coords,
"LINESTRING (-116.9490241 34.238524, -116.93272 34.2265, -116.94942 34.23831, -116.97113 34.23975, -116.94942 34.23831, -116.92757 34.24006, -116.9367072 34.2262804)",day 42 driving GPS coords,